{"type": "FeatureCollection", "features": [{"type": "Feature", "properties": {"name": "Mahogany Mountain", "CFM_ID": 107, "region": "ForearcIntraarc_CA", "primary_state/province": "CA", "secondary_state/province": "OR", "avg_dip": 59, "dip_dir": "W", "rake": -90, "slip_sense": "Normal", "fault_level": 1, "NSHM23_sliprates": 0.62, "QFFDAgeCatBin": "latest Quaternary", "QFFDAgeBin": "<15,000", "upper_depth": 1.6, "upper_depth_constraint": "topography", "lower_depth": -8.7, "lower_depth_constraint": "publication", "3D_model_constraints": "Plesch et al. (2025)", "reference": "US NSHM 2023; Plesch et al. (2025)", "nshm23_id": 31.0, "lineage": "updated geometries (and seperated from Cedar Mountain)", "usgs_qffd_#": "2a", "comments": "fault information from NSHM, 2D and 3D geometry from Plesch et al. (2025) (SCEC)", "id": "107"}, "geometry": {"type": "MultiPolygon", "coordinates": [[[[-121.93045, 41.9006, -2620.541748046875], [-121.93393, 41.89503, -3508.421142578125], [-121.93993, 41.90315, -3317.376708984375], [-121.93045, 41.9006, -2620.541748046875]]], [[[-121.93505, 41.87694, -5482.3671875], [-121.93866, 41.87257, -6322.57421875], [-121.94365, 41.88061, -6143.08544921875], [-121.93505, 41.87694, -5482.3671875]]], [[[-121.86099, 41.83316, -108.990966796875], [-121.85658, 41.83801, 740.58154296875], [-121.85431, 41.82874, 678.575439453125], [-121.86099, 41.83316, -108.990966796875]]], [[[-121.8664, 41.85139, 223.22030639648438], [-121.85987, 41.85731, 1415.5242919921875], [-121.85524, 41.84955, 1438.1314697265625], [-121.8664, 41.85139, 223.22030639648438]]], [[[-121.98294, 41.95715, -1151.825439453125], [-121.97468, 41.94994, -1185.613037109375], [-121.98172, 41.94924, -2057.602783203125], [-121.98294, 41.95715, -1151.825439453125]]], [[[-121.88786, 41.82482, -4182.70654296875], [-121.89171, 41.83314, -4030.41357421875], [-121.88318, 41.82846, -3229.39013671875], [-121.88786, 41.82482, -4182.70654296875]]], [[[-122.08966, 42.06052, -514.5139770507812], [-122.09, 42.0684, 390.2115173339844], [-122.08235, 42.06113, 359.8394470214844], [-122.08966, 42.06052, -514.5139770507812]]], [[[-122.02397, 42.00509, 544.8753662109375], [-122.03037, 42.01275, 556.470458984375], [-122.02216, 42.01115, 1351.587158203125], [-122.02397, 42.00509, 544.8753662109375]]], [[[-121.84916, 41.80454, -15.18627643585205], [-121.84715, 41.79549, -527.0401000976562], [-121.85399, 41.80196, -1058.6494140625], [-121.84916, 41.80454, -15.18627643585205]]], [[[-121.89967, 41.83712, -4772.69287109375], [-121.90324, 41.83245, -5627.43115234375], [-121.90751, 41.84112, -5436.37890625], [-121.89967, 41.83712, -4772.69287109375]]], [[[-121.89846, 41.89118, -163.3806610107422], [-121.89558, 41.89776, 569.9407958984375], [-121.88972, 41.88973, 594.66845703125], [-121.89846, 41.89118, -163.3806610107422]]], [[[-121.91049, 41.88068, -2358.66162109375], [-121.91411, 41.87557, -3200.556640625], [-121.91925, 41.88376, -3048.198486328125], [-121.91049, 41.88068, -2358.66162109375]]], [[[-121.84424, 41.80483, 911.5061645507812], [-121.8402, 41.7992, 1019.2727661132812], [-121.8434, 41.7975, 331.12603759765625], [-121.84424, 41.80483, 911.5061645507812]]], [[[-121.90389, 41.84582, -4571.18505859375], [-121.89967, 41.83712, -4772.69287109375], [-121.90751, 41.84112, -5436.37890625], [-121.90389, 41.84582, -4571.18505859375]]], [[[-122.04916, 42.0032, -2620.451171875], [-122.04717, 42.00847, -1764.8931884765625], [-122.04059, 42.00107, -1878.8275146484375], [-122.04916, 42.0032, -2620.451171875]]], [[[-121.91925, 41.88376, -3048.198486328125], [-121.92817, 41.88692, -3713.17333984375], [-121.92419, 41.89267, -2740.962646484375], [-121.91925, 41.88376, -3048.198486328125]]], [[[-121.94773, 41.92464, -1894.9659423828125], [-121.94071, 41.91764, -1961.5743408203125], [-121.95119, 41.91892, -2830.693359375], [-121.94773, 41.92464, -1894.9659423828125]]], [[[-121.89591, 41.8416, -3888.515869140625], [-121.89967, 41.83712, -4772.69287109375], [-121.90389, 41.84582, -4571.18505859375], [-121.89591, 41.8416, -3888.515869140625]]], [[[-121.89171, 41.83314, -4030.41357421875], [-121.89967, 41.83712, -4772.69287109375], [-121.89591, 41.8416, -3888.515869140625], [-121.89171, 41.83314, -4030.41357421875]]], [[[-122.00035, 41.97736, -415.1562194824219], [-121.99182, 41.97111, -350.9649658203125], [-122.00099, 41.97086, -1334.9630126953125], [-122.00035, 41.97736, -415.1562194824219]]], [[[-121.98294, 41.95715, -1151.825439453125], [-121.98937, 41.95634, -1945.4395751953125], [-121.99132, 41.96444, -1122.1932373046875], [-121.98294, 41.95715, -1151.825439453125]]], [[[-121.98294, 41.95715, -1151.825439453125], [-121.98172, 41.94924, -2057.602783203125], [-121.98937, 41.95634, -1945.4395751953125], [-121.98294, 41.95715, -1151.825439453125]]], [[[-121.89487, 41.8155, -5973.62646484375], [-121.88798, 41.81224, -5301.619140625], [-121.88945, 41.80633, -6031.11669921875], [-121.89487, 41.8155, -5973.62646484375]]], [[[-122.02098, 41.9741, -3128.65576171875], [-122.02269, 41.96893, -4010.542724609375], [-122.02977, 41.97611, -3864.88720703125], [-122.02098, 41.9741, -3128.65576171875]]], [[[-121.8579, 41.82328, -137.91903686523438], [-121.85431, 41.82874, 678.575439453125], [-121.85075, 41.82054, 784.7697143554688], [-121.8579, 41.82328, -137.91903686523438]]], [[[-121.88514, 41.84852, -2106.360595703125], [-121.89524, 41.85479, -2801.081787109375], [-121.88974, 41.85907, -1876.711181640625], [-121.88514, 41.84852, -2106.360595703125]]], [[[-121.88802, 41.83747, -3187.326904296875], [-121.88318, 41.82846, -3229.39013671875], [-121.89171, 41.83314, -4030.41357421875], [-121.88802, 41.83747, -3187.326904296875]]], [[[-121.88158, 41.83786, -2367.8203125], [-121.88318, 41.82846, -3229.39013671875], [-121.88802, 41.83747, -3187.326904296875], [-121.88158, 41.83786, -2367.8203125]]], [[[-121.91092, 41.82364, -7381.67919921875], [-121.91511, 41.83185, -7193.32470703125], [-121.90705, 41.82798, -6497.7412109375], [-121.91092, 41.82364, -7381.67919921875]]], [[[-121.88196, 41.77691, -7842.0234375], [-121.88656, 41.77445, -8743.87109375], [-121.88623, 41.77976, -8157.40087890625], [-121.88196, 41.77691, -7842.0234375]]], [[[-122.12428, 42.09132, -225.0057830810547], [-122.11479, 42.08839, 549.2583618164062], [-122.11772, 42.08408, -434.43707275390625], [-122.12428, 42.09132, -225.0057830810547]]], [[[-122.00993, 41.97768, -1365.3570556640625], [-122.01926, 41.97941, -2226.38525390625], [-122.01807, 41.98482, -1266.8377685546875], [-122.00993, 41.97768, -1365.3570556640625]]], [[[-121.86171, 41.81813, -1034.1044921875], [-121.85554, 41.81021, -733.2672729492188], [-121.86043, 41.80872, -1598.1788330078125], [-121.86171, 41.81813, -1034.1044921875]]], [[[-121.85935, 41.8454, 731.7491455078125], [-121.85524, 41.84955, 1438.1314697265625], [-121.85263, 41.84132, 1463.2047119140625], [-121.85935, 41.8454, 731.7491455078125]]], [[[-121.93145, 41.88169, -4611.95556640625], [-121.93505, 41.87694, -5482.3671875], [-121.94012, 41.88538, -5273.06884765625], [-121.93145, 41.88169, -4611.95556640625]]], [[[-121.88609, 41.78574, -7535.7802734375], [-121.89051, 41.78261, -8472.78125], [-121.89456, 41.79078, -8216.94140625], [-121.88609, 41.78574, -7535.7802734375]]], [[[-121.96654, 41.94992, -284.55615234375], [-121.95768, 41.9506, 495.49127197265625], [-121.95738, 41.9439, -271.5992126464844], [-121.96654, 41.94992, -284.55615234375]]], [[[-121.85075, 41.82054, 784.7697143554688], [-121.85431, 41.82874, 678.575439453125], [-121.8467, 41.82539, 1636.6572265625], [-121.85075, 41.82054, 784.7697143554688]]], [[[-121.88468, 41.81626, -4463.02783203125], [-121.87727, 41.80998, -3951.6171875], [-121.88202, 41.80725, -4894.6982421875], [-121.88468, 41.81626, -4463.02783203125]]], [[[-121.91411, 41.87557, -3200.556640625], [-121.90921, 41.86746, -3394.261474609375], [-121.91793, 41.87087, -4065.900146484375], [-121.91411, 41.87557, -3200.556640625]]], [[[-121.91584, 41.89431, -1691.3519287109375], [-121.90721, 41.89281, -906.7528686523438], [-121.90827, 41.88617, -1628.5130615234375], [-121.91584, 41.89431, -1691.3519287109375]]], [[[-121.88016, 41.79931, -5346.748046875], [-121.88202, 41.80725, -4894.6982421875], [-121.87456, 41.8013, -4340.30810546875], [-121.88016, 41.79931, -5346.748046875]]], [[[-121.85344, 41.81432, -27.232881546020508], [-121.85075, 41.82054, 784.7697143554688], [-121.84752, 41.81191, 817.07861328125], [-121.85344, 41.81432, -27.232881546020508]]], [[[-121.95787, 41.90874, -4699.73779296875], [-121.96082, 41.90385, -5572.47314453125], [-121.96715, 41.9113, -5371.890625], [-121.95787, 41.90874, -4699.73779296875]]], [[[-121.90721, 41.89281, -906.7528686523438], [-121.91361, 41.90052, -902.1144409179688], [-121.90468, 41.89925, -150.35902404785156], [-121.90721, 41.89281, -906.7528686523438]]], [[[-122.00485, 41.96533, -2460.636474609375], [-122.00678, 41.95982, -3411.487060546875], [-122.01377, 41.96703, -3262.5185546875], [-122.00485, 41.96533, -2460.636474609375]]], [[[-121.90814, 41.91348, 607.2369995117188], [-121.91739, 41.91398, -122.77046966552734], [-121.91468, 41.92025, 640.4647827148438], [-121.90814, 41.91348, 607.2369995117188]]], [[[-121.95482, 41.9137, -3799.109619140625], [-121.94881, 41.90603, -4013.073974609375], [-121.95787, 41.90874, -4699.73779296875], [-121.95482, 41.9137, -3799.109619140625]]], [[[-121.87818, 41.86565, -111.41158294677734], [-121.87141, 41.8685, 739.7456665039062], [-121.86901, 41.85994, 475.825927734375], [-121.87818, 41.86565, -111.41158294677734]]], [[[-121.88016, 41.79931, -5346.748046875], [-121.87641, 41.79054, -5674.5712890625], [-121.88544, 41.79681, -6329.0791015625], [-121.88016, 41.79931, -5346.748046875]]], [[[-121.89089, 41.84579, -2976.01318359375], [-121.88514, 41.84852, -2106.360595703125], [-121.88158, 41.83786, -2367.8203125], [-121.89089, 41.84579, -2976.01318359375]]], [[[-121.96654, 41.94992, -284.55615234375], [-121.97515, 41.95703, -309.31451416015625], [-121.9668, 41.95635, 507.8256530761719], [-121.96654, 41.94992, -284.55615234375]]], [[[-121.85, 41.83307, 1517.701904296875], [-121.85431, 41.82874, 678.575439453125], [-121.85658, 41.83801, 740.58154296875], [-121.85, 41.83307, 1517.701904296875]]], [[[-122.00888, 41.98976, 499.7085266113281], [-122.00959, 41.99554, 1338.6494140625], [-122.00114, 41.98903, 1342.1981201171875], [-122.00888, 41.98976, 499.7085266113281]]], [[[-121.94012, 41.88538, -5273.06884765625], [-121.94365, 41.88061, -6143.08544921875], [-121.94907, 41.88847, -5948.33642578125], [-121.94012, 41.88538, -5273.06884765625]]], [[[-121.87675, 41.87429, 681.0518798828125], [-121.88481, 41.87381, -132.67872619628906], [-121.88297, 41.88136, 638.99853515625], [-121.87675, 41.87429, 681.0518798828125]]], [[[-121.89171, 41.83314, -4030.41357421875], [-121.89555, 41.82873, -4928.21728515625], [-121.89967, 41.83712, -4772.69287109375], [-121.89171, 41.83314, -4030.41357421875]]], [[[-121.89524, 41.85479, -2801.081787109375], [-121.90431, 41.85905, -3550.27685546875], [-121.9, 41.86357, -2666.939208984375], [-121.89524, 41.85479, -2801.081787109375]]], [[[-121.85399, 41.80196, -1058.6494140625], [-121.851, 41.79344, -1465.01171875], [-121.85821, 41.79978, -1982.461669921875], [-121.85399, 41.80196, -1058.6494140625]]], [[[-122.06191, 42.01763, -2370.945556640625], [-122.06438, 42.01261, -3250.493896484375], [-122.07083, 42.02008, -3081.759033203125], [-122.06191, 42.01763, -2370.945556640625]]], [[[-122.09952, 42.07501, 210.04354858398438], [-122.09812, 42.081, 1218.1964111328125], [-122.09092, 42.07469, 1119.44921875], [-122.09952, 42.07501, 210.04354858398438]]], [[[-121.89357, 41.87605, -895.7000122070312], [-121.90017, 41.88434, -891.32568359375], [-121.8915, 41.88269, -112.97017669677734], [-121.89357, 41.87605, -895.7000122070312]]], [[[-122.00993, 41.97768, -1365.3570556640625], [-122.00873, 41.98385, -413.9581298828125], [-122.00035, 41.97736, -415.1562194824219], [-122.00993, 41.97768, -1365.3570556640625]]], [[[-122.0266, 41.98675, -2096.494140625], [-122.02824, 41.98141, -2990.73046875], [-122.03539, 41.98852, -2860.6572265625], [-122.0266, 41.98675, -2096.494140625]]], [[[-121.88544, 41.79681, -6329.0791015625], [-121.88114, 41.78806, -6598.0546875], [-121.89025, 41.79421, -7265.93701171875], [-121.88544, 41.79681, -6329.0791015625]]], [[[-121.89846, 41.89118, -163.3806610107422], [-121.90017, 41.88434, -891.32568359375], [-121.90721, 41.89281, -906.7528686523438], [-121.89846, 41.89118, -163.3806610107422]]], [[[-121.89558, 41.89776, 569.9407958984375], [-121.893, 41.90419, 1327.335205078125], [-121.88706, 41.89625, 1341.5831298828125], [-121.89558, 41.89776, 569.9407958984375]]], [[[-121.92818, 41.90737, -1715.403076171875], [-121.92233, 41.90066, -1787.200439453125], [-121.93045, 41.9006, -2620.541748046875], [-121.92818, 41.90737, -1715.403076171875]]], [[[-122.03854, 42.01339, -201.95787048339844], [-122.03037, 42.01275, 556.470458984375], [-122.03222, 42.00668, -248.40472412109375], [-122.03854, 42.01339, -201.95787048339844]]], [[[-121.89089, 41.84579, -2976.01318359375], [-121.88158, 41.83786, -2367.8203125], [-121.88802, 41.83747, -3187.326904296875], [-121.89089, 41.84579, -2976.01318359375]]], [[[-121.94649, 41.93112, -1023.6682739257812], [-121.94736, 41.93749, -234.08416748046875], [-121.93833, 41.93138, -192.7508544921875], [-121.94649, 41.93112, -1023.6682739257812]]], [[[-122.06862, 42.04198, -241.99632263183594], [-122.07547, 42.04889, -210.44496154785156], [-122.06767, 42.04825, 546.7340087890625], [-122.06862, 42.04198, -241.99632263183594]]], [[[-122.05283, 42.03357, 544.322265625], [-122.05208, 42.03982, 1355.132568359375], [-122.04447, 42.0327, 1352.0177001953125], [-122.05283, 42.03357, 544.322265625]]], [[[-121.87818, 41.86565, -111.41158294677734], [-121.87675, 41.87429, 681.0518798828125], [-121.87141, 41.8685, 739.7456665039062], [-121.87818, 41.86565, -111.41158294677734]]], [[[-121.946, 41.89327, -5067.53662109375], [-121.94907, 41.88847, -5948.33642578125], [-121.95491, 41.89617, -5758.1025390625], [-121.946, 41.89327, -5067.53662109375]]], [[[-121.90166, 41.87771, -1650.3946533203125], [-121.90017, 41.88434, -891.32568359375], [-121.89357, 41.87605, -895.7000122070312], [-121.90166, 41.87771, -1650.3946533203125]]], [[[-122.01377, 41.96703, -3262.5185546875], [-122.0155, 41.96181, -4156.1337890625], [-122.02269, 41.96893, -4010.542724609375], [-122.01377, 41.96703, -3262.5185546875]]], [[[-122.12428, 42.09132, -225.0057830810547], [-122.12186, 42.09495, 616.2937622070312], [-122.11479, 42.08839, 549.2583618164062], [-122.12428, 42.09132, -225.0057830810547]]], [[[-121.91643, 41.85775, -5111.298828125], [-121.92013, 41.85302, -5981.59912109375], [-121.92503, 41.86116, -5799.2431640625], [-121.91643, 41.85775, -5111.298828125]]], [[[-121.91049, 41.88068, -2358.66162109375], [-121.90827, 41.88617, -1628.5130615234375], [-121.90166, 41.87771, -1650.3946533203125], [-121.91049, 41.88068, -2358.66162109375]]], [[[-122.12186, 42.09495, 616.2937622070312], [-122.1306, 42.09842, -11.96407413482666], [-122.12694, 42.10098, 835.6859130859375], [-122.12186, 42.09495, 616.2937622070312]]], [[[-122.04509, 42.0136, -917.6514282226562], [-122.03963, 42.00715, -1048.262939453125], [-122.04717, 42.00847, -1764.8931884765625], [-122.04509, 42.0136, -917.6514282226562]]], [[[-121.91793, 41.87087, -4065.900146484375], [-121.92151, 41.86603, -4925.41259765625], [-121.92654, 41.87396, -4765.64501953125], [-121.91793, 41.87087, -4065.900146484375]]], [[[-121.98937, 41.95634, -1945.4395751953125], [-121.99061, 41.95059, -2841.098876953125], [-121.99797, 41.95789, -2671.49267578125], [-121.98937, 41.95634, -1945.4395751953125]]], [[[-121.90721, 41.89281, -906.7528686523438], [-121.90468, 41.89925, -150.35902404785156], [-121.89846, 41.89118, -163.3806610107422], [-121.90721, 41.89281, -906.7528686523438]]], [[[-121.90285, 41.81969, -6690.25244140625], [-121.90676, 41.81547, -7568.552734375], [-121.91092, 41.82364, -7381.67919921875], [-121.90285, 41.81969, -6690.25244140625]]], [[[-121.93145, 41.88169, -4611.95556640625], [-121.94012, 41.88538, -5273.06884765625], [-121.9371, 41.89017, -4396.0859375], [-121.93145, 41.88169, -4611.95556640625]]], [[[-121.93903, 41.9377, 572.5068359375], [-121.94736, 41.93749, -234.08416748046875], [-121.94872, 41.94433, 502.921630859375], [-121.93903, 41.9377, 572.5068359375]]], [[[-121.89649, 41.86888, -1820.2464599609375], [-121.88974, 41.85907, -1876.711181640625], [-121.9, 41.86357, -2666.939208984375], [-121.89649, 41.86888, -1820.2464599609375]]], [[[-121.88974, 41.85907, -1876.711181640625], [-121.88862, 41.86797, -1015.3306274414062], [-121.883, 41.86106, -963.7904052734375], [-121.88974, 41.85907, -1876.711181640625]]], [[[-122.08698, 42.0475, -1636.452880859375], [-122.08344, 42.05311, -628.7381591796875], [-122.07805, 42.04469, -968.0504150390625], [-122.08698, 42.0475, -1636.452880859375]]], [[[-121.91793, 41.87087, -4065.900146484375], [-121.92654, 41.87396, -4765.64501953125], [-121.92282, 41.87872, -3892.473876953125], [-121.91793, 41.87087, -4065.900146484375]]], [[[-121.86996, 41.80373, -3428.2978515625], [-121.86523, 41.80608, -2517.03271484375], [-121.86241, 41.79755, -2914.38525390625], [-121.86996, 41.80373, -3428.2978515625]]], [[[-121.86742, 41.81493, -2095.44677734375], [-121.86523, 41.80608, -2517.03271484375], [-121.87237, 41.81238, -3039.774658203125], [-121.86742, 41.81493, -2095.44677734375]]], [[[-121.89025, 41.79421, -7265.93701171875], [-121.89456, 41.79078, -8216.94140625], [-121.89867, 41.79895, -7968.9013671875], [-121.89025, 41.79421, -7265.93701171875]]], [[[-121.94293, 41.89816, -4191.11474609375], [-121.93393, 41.89503, -3508.421142578125], [-121.9371, 41.89017, -4396.0859375], [-121.94293, 41.89816, -4191.11474609375]]], [[[-121.94881, 41.90603, -4013.073974609375], [-121.94293, 41.89816, -4191.11474609375], [-121.95191, 41.901, -4878.95361328125], [-121.94881, 41.90603, -4013.073974609375]]], [[[-121.85821, 41.79978, -1982.461669921875], [-121.85491, 41.79135, -2400.42822265625], [-121.86241, 41.79755, -2914.38525390625], [-121.85821, 41.79978, -1982.461669921875]]], [[[-121.88297, 41.88136, 638.99853515625], [-121.8813, 41.88822, 1369.804443359375], [-121.87447, 41.88082, 1460.5238037109375], [-121.88297, 41.88136, 638.99853515625]]], [[[-121.88016, 41.79931, -5346.748046875], [-121.87456, 41.8013, -4340.30810546875], [-121.87159, 41.79279, -4739.2490234375], [-121.88016, 41.79931, -5346.748046875]]], [[[-121.98335, 41.97043, 482.76654052734375], [-121.98338, 41.97657, 1318.7431640625], [-121.97542, 41.96966, 1308.371337890625], [-121.98335, 41.97043, 482.76654052734375]]], [[[-122.07443, 42.03252, -2015.2998046875], [-122.08345, 42.0351, -2721.0146484375], [-122.0808, 42.04005, -1834.725830078125], [-122.07443, 42.03252, -2015.2998046875]]], [[[-122.07443, 42.03252, -2015.2998046875], [-122.0715, 42.03731, -1114.6685791015625], [-122.06474, 42.02993, -1234.508056640625], [-122.07443, 42.03252, -2015.2998046875]]], [[[-121.97563, 41.96367, 482.86798095703125], [-121.98335, 41.97043, 482.76654052734375], [-121.97542, 41.96966, 1308.371337890625], [-121.97563, 41.96367, 482.86798095703125]]], [[[-121.92817, 41.88692, -3713.17333984375], [-121.93145, 41.88169, -4611.95556640625], [-121.9371, 41.89017, -4396.0859375], [-121.92817, 41.88692, -3713.17333984375]]], [[[-122.01926, 41.97941, -2226.38525390625], [-122.02098, 41.9741, -3128.65576171875], [-122.02824, 41.98141, -2990.73046875], [-122.01926, 41.97941, -2226.38525390625]]], [[[-121.91468, 41.92025, 640.4647827148438], [-121.92386, 41.92031, -94.03132629394531], [-121.92174, 41.92721, 610.5018310546875], [-121.91468, 41.92025, 640.4647827148438]]], [[[-121.87467, 41.85658, -364.3299560546875], [-121.86901, 41.85994, 475.825927734375], [-121.8664, 41.85139, 223.22030639648438], [-121.87467, 41.85658, -364.3299560546875]]], [[[-121.93237, 41.91943, -925.7160034179688], [-121.93883, 41.92495, -1036.692626953125], [-121.93044, 41.92592, -149.9013214111328], [-121.93237, 41.91943, -925.7160034179688]]], [[[-121.94071, 41.91764, -1961.5743408203125], [-121.93237, 41.91943, -925.7160034179688], [-121.93352, 41.91342, -1656.5325927734375], [-121.94071, 41.91764, -1961.5743408203125]]], [[[-121.95768, 41.9506, 495.49127197265625], [-121.96654, 41.94992, -284.55615234375], [-121.9668, 41.95635, 507.8256530761719], [-121.95768, 41.9506, 495.49127197265625]]], [[[-121.95768, 41.9506, 495.49127197265625], [-121.95819, 41.95691, 1292.1641845703125], [-121.94922, 41.95075, 1291.3411865234375], [-121.95768, 41.9506, 495.49127197265625]]], [[[-121.91468, 41.92025, 640.4647827148438], [-121.92174, 41.92721, 610.5018310546875], [-121.91244, 41.92727, 1340.0673828125], [-121.91468, 41.92025, 640.4647827148438]]], [[[-121.95768, 41.9506, 495.49127197265625], [-121.9668, 41.95635, 507.8256530761719], [-121.95819, 41.95691, 1292.1641845703125], [-121.95768, 41.9506, 495.49127197265625]]], [[[-121.91468, 41.92025, 640.4647827148438], [-121.91244, 41.92727, 1340.0673828125], [-121.90522, 41.91994, 1351.08251953125], [-121.91468, 41.92025, 640.4647827148438]]], [[[-121.94872, 41.94433, 502.921630859375], [-121.94922, 41.95075, 1291.3411865234375], [-121.94027, 41.94462, 1290.6448974609375], [-121.94872, 41.94433, 502.921630859375]]], [[[-122.08966, 42.06052, -514.5139770507812], [-122.08344, 42.05311, -628.7381591796875], [-122.09269, 42.05504, -1443.90380859375], [-122.08966, 42.06052, -514.5139770507812]]], [[[-121.94872, 41.94433, 502.921630859375], [-121.95738, 41.9439, -271.5992126464844], [-121.95768, 41.9506, 495.49127197265625], [-121.94872, 41.94433, 502.921630859375]]], [[[-121.94773, 41.92464, -1894.9659423828125], [-121.95119, 41.91892, -2830.693359375], [-121.95852, 41.92628, -2706.372314453125], [-121.94773, 41.92464, -1894.9659423828125]]], [[[-122.05116, 42.02003, -859.8937377929688], [-122.05908, 42.02278, -1445.5576171875], [-122.05421, 42.02725, -359.1786193847656], [-122.05116, 42.02003, -859.8937377929688]]], [[[-122.09269, 42.05504, -1443.90380859375], [-122.10222, 42.0576, -2122.163818359375], [-122.09901, 42.0624, -1243.9219970703125], [-122.09269, 42.05504, -1443.90380859375]]], [[[-121.95605, 41.93725, -1021.2684326171875], [-121.95738, 41.9439, -271.5992126464844], [-121.94736, 41.93749, -234.08416748046875], [-121.95605, 41.93725, -1021.2684326171875]]], [[[-121.87179, 41.84752, -632.8759765625], [-121.8664, 41.85139, 223.22030639648438], [-121.86357, 41.84285, -18.235931396484375], [-121.87179, 41.84752, -632.8759765625]]], [[[-121.89487, 41.8155, -5973.62646484375], [-121.88945, 41.80633, -6031.11669921875], [-121.89856, 41.81116, -6848.583984375], [-121.89487, 41.8155, -5973.62646484375]]], [[[-122.07547, 42.04889, -210.44496154785156], [-122.08344, 42.05311, -628.7381591796875], [-122.07507, 42.05499, 466.7010192871094], [-122.07547, 42.04889, -210.44496154785156]]], [[[-121.99674, 41.96309, -1846.0867919921875], [-121.99797, 41.95789, -2671.49267578125], [-122.00485, 41.96533, -2460.636474609375], [-121.99674, 41.96309, -1846.0867919921875]]], [[[-121.86099, 41.83316, -108.990966796875], [-121.86357, 41.84285, -18.235931396484375], [-121.85658, 41.83801, 740.58154296875], [-121.86099, 41.83316, -108.990966796875]]], [[[-121.96622, 41.94335, -1098.8775634765625], [-121.95605, 41.93725, -1021.2684326171875], [-121.96396, 41.93737, -1777.97314453125], [-121.96622, 41.94335, -1098.8775634765625]]], [[[-121.92386, 41.92031, -94.03132629394531], [-121.91468, 41.92025, 640.4647827148438], [-121.91739, 41.91398, -122.77046966552734], [-121.92386, 41.92031, -94.03132629394531]]], [[[-121.89435, 41.80271, -7019.83740234375], [-121.90269, 41.80724, -7760.025390625], [-121.89856, 41.81116, -6848.583984375], [-121.89435, 41.80271, -7019.83740234375]]], [[[-121.87467, 41.85658, -364.3299560546875], [-121.87818, 41.86565, -111.41158294677734], [-121.86901, 41.85994, 475.825927734375], [-121.87467, 41.85658, -364.3299560546875]]], [[[-121.93883, 41.92495, -1036.692626953125], [-121.94773, 41.92464, -1894.9659423828125], [-121.94649, 41.93112, -1023.6682739257812], [-121.93883, 41.92495, -1036.692626953125]]], [[[-121.94293, 41.89816, -4191.11474609375], [-121.946, 41.89327, -5067.53662109375], [-121.95191, 41.901, -4878.95361328125], [-121.94293, 41.89816, -4191.11474609375]]], [[[-121.95527, 41.93133, -1852.128173828125], [-121.96396, 41.93737, -1777.97314453125], [-121.95605, 41.93725, -1021.2684326171875], [-121.95527, 41.93133, -1852.128173828125]]], [[[-121.90534, 41.87225, -2531.302490234375], [-121.91411, 41.87557, -3200.556640625], [-121.91049, 41.88068, -2358.66162109375], [-121.90534, 41.87225, -2531.302490234375]]], [[[-121.90921, 41.86746, -3394.261474609375], [-121.90431, 41.85905, -3550.27685546875], [-121.91282, 41.86258, -4252.609375], [-121.90921, 41.86746, -3394.261474609375]]], [[[-121.94872, 41.94433, 502.921630859375], [-121.95768, 41.9506, 495.49127197265625], [-121.94922, 41.95075, 1291.3411865234375], [-121.94872, 41.94433, 502.921630859375]]], [[[-121.86996, 41.80373, -3428.2978515625], [-121.86694, 41.79514, -3821.739990234375], [-121.87456, 41.8013, -4340.30810546875], [-121.86996, 41.80373, -3428.2978515625]]], [[[-121.88609, 41.78574, -7535.7802734375], [-121.88623, 41.77976, -8157.40087890625], [-121.89051, 41.78261, -8472.78125], [-121.88609, 41.78574, -7535.7802734375]]], [[[-122.03291, 42.00022, -1090.3642578125], [-122.02569, 41.99261, -1124.5567626953125], [-122.03368, 41.99381, -1964.5062255859375], [-122.03291, 42.00022, -1090.3642578125]]], [[[-121.87985, 41.81885, -3567.9296875], [-121.87727, 41.80998, -3951.6171875], [-121.88468, 41.81626, -4463.02783203125], [-121.87985, 41.81885, -3567.9296875]]], [[[-122.00993, 41.97768, -1365.3570556640625], [-122.00035, 41.97736, -415.1562194824219], [-122.00099, 41.97086, -1334.9630126953125], [-122.00993, 41.97768, -1365.3570556640625]]], [[[-121.98483, 41.9384, -3905.954345703125], [-121.97784, 41.93117, -4078.8193359375], [-121.98698, 41.93328, -4784.33935546875], [-121.98483, 41.9384, -3905.954345703125]]], [[[-121.91739, 41.91398, -122.77046966552734], [-121.90814, 41.91348, 607.2369995117188], [-121.91087, 41.90704, -148.5359344482422], [-121.91739, 41.91398, -122.77046966552734]]], [[[-122.12186, 42.09495, 616.2937622070312], [-122.12694, 42.10098, 835.6859130859375], [-122.122, 42.10102, 1452.9310302734375], [-122.12186, 42.09495, 616.2937622070312]]], [[[-121.88468, 41.81626, -4463.02783203125], [-121.88798, 41.81224, -5301.619140625], [-121.89136, 41.82018, -5069.5830078125], [-121.88468, 41.81626, -4463.02783203125]]], [[[-121.92654, 41.87396, -4765.64501953125], [-121.93007, 41.86917, -5634.9658203125], [-121.93505, 41.87694, -5482.3671875], [-121.92654, 41.87396, -4765.64501953125]]], [[[-121.92151, 41.86603, -4925.41259765625], [-121.91282, 41.86258, -4252.609375], [-121.91643, 41.85775, -5111.298828125], [-121.92151, 41.86603, -4925.41259765625]]], [[[-121.93352, 41.91342, -1656.5325927734375], [-121.93237, 41.91943, -925.7160034179688], [-121.92605, 41.91384, -868.7251586914062], [-121.93352, 41.91342, -1656.5325927734375]]], [[[-122.10497, 42.07003, -938.5266723632812], [-122.11469, 42.07248, -1663.27978515625], [-122.11065, 42.07714, -643.0381469726562], [-122.10497, 42.07003, -938.5266723632812]]], [[[-121.90431, 41.85905, -3550.27685546875], [-121.90001, 41.85044, -3696.004638671875], [-121.90808, 41.8542, -4415.69580078125], [-121.90431, 41.85905, -3550.27685546875]]], [[[-121.94881, 41.90603, -4013.073974609375], [-121.93993, 41.90315, -3317.376708984375], [-121.94293, 41.89816, -4191.11474609375], [-121.94881, 41.90603, -4013.073974609375]]], [[[-121.84916, 41.80454, -15.18627643585205], [-121.84752, 41.81191, 817.07861328125], [-121.84424, 41.80483, 911.5061645507812], [-121.84916, 41.80454, -15.18627643585205]]], [[[-121.91643, 41.85775, -5111.298828125], [-121.91183, 41.84944, -5282.0908203125], [-121.92013, 41.85302, -5981.59912109375], [-121.91643, 41.85775, -5111.298828125]]], [[[-121.90182, 41.9057, 590.34912109375], [-121.89902, 41.91211, 1337.9757080078125], [-121.893, 41.90419, 1327.335205078125], [-121.90182, 41.9057, 590.34912109375]]], [[[-121.92151, 41.86603, -4925.41259765625], [-121.92503, 41.86116, -5799.2431640625], [-121.93007, 41.86917, -5634.9658203125], [-121.92151, 41.86603, -4925.41259765625]]], [[[-122.04233, 41.99567, -2733.615234375], [-122.04059, 42.00107, -1878.8275146484375], [-122.03368, 41.99381, -1964.5062255859375], [-122.04233, 41.99567, -2733.615234375]]], [[[-121.99197, 41.98303, 1343.34765625], [-121.99996, 41.98342, 472.6931457519531], [-122.00114, 41.98903, 1342.1981201171875], [-121.99197, 41.98303, 1343.34765625]]], [[[-121.86742, 41.81493, -2095.44677734375], [-121.86171, 41.81813, -1034.1044921875], [-121.86043, 41.80872, -1598.1788330078125], [-121.86742, 41.81493, -2095.44677734375]]], [[[-122.0175, 41.99091, -312.078125], [-122.00888, 41.98976, 499.7085266113281], [-122.00873, 41.98385, -413.9581298828125], [-122.0175, 41.99091, -312.078125]]], [[[-122.0715, 42.03731, -1114.6685791015625], [-122.06145, 42.03469, -302.2582092285156], [-122.06474, 42.02993, -1234.508056640625], [-122.0715, 42.03731, -1114.6685791015625]]], [[[-121.99132, 41.96444, -1122.1932373046875], [-121.98937, 41.95634, -1945.4395751953125], [-121.99674, 41.96309, -1846.0867919921875], [-121.99132, 41.96444, -1122.1932373046875]]], [[[-121.93145, 41.88169, -4611.95556640625], [-121.92282, 41.87872, -3892.473876953125], [-121.92654, 41.87396, -4765.64501953125], [-121.93145, 41.88169, -4611.95556640625]]], [[[-121.88945, 41.80633, -6031.11669921875], [-121.88544, 41.79681, -6329.0791015625], [-121.89435, 41.80271, -7019.83740234375], [-121.88945, 41.80633, -6031.11669921875]]], [[[-121.84037, 41.80209, 1318.0361328125], [-121.84009, 41.80474, 1599.1346435546875], [-121.83759, 41.80059, 1537.84814453125], [-121.84037, 41.80209, 1318.0361328125]]], [[[-121.95191, 41.901, -4878.95361328125], [-121.95491, 41.89617, -5758.1025390625], [-121.96082, 41.90385, -5572.47314453125], [-121.95191, 41.901, -4878.95361328125]]], [[[-121.95527, 41.93133, -1852.128173828125], [-121.94773, 41.92464, -1894.9659423828125], [-121.95852, 41.92628, -2706.372314453125], [-121.95527, 41.93133, -1852.128173828125]]], [[[-121.94541, 41.91144, -3051.61083984375], [-121.95482, 41.9137, -3799.109619140625], [-121.95119, 41.91892, -2830.693359375], [-121.94541, 41.91144, -3051.61083984375]]], [[[-122.00678, 41.95982, -3411.487060546875], [-122.00825, 41.95472, -4300.5703125], [-122.0155, 41.96181, -4156.1337890625], [-122.00678, 41.95982, -3411.487060546875]]], [[[-122.04509, 42.0136, -917.6514282226562], [-122.03854, 42.01339, -201.95787048339844], [-122.03963, 42.00715, -1048.262939453125], [-122.04509, 42.0136, -917.6514282226562]]], [[[-122.03854, 42.01339, -201.95787048339844], [-122.04497, 42.02048, -184.57212829589844], [-122.03673, 42.01977, 534.5514526367188], [-122.03854, 42.01339, -201.95787048339844]]], [[[-121.98296, 41.94341, -2988.20068359375], [-121.97573, 41.93624, -3189.4970703125], [-121.98483, 41.9384, -3905.954345703125], [-121.98296, 41.94341, -2988.20068359375]]], [[[-121.91925, 41.88376, -3048.198486328125], [-121.92282, 41.87872, -3892.473876953125], [-121.92817, 41.88692, -3713.17333984375], [-121.91925, 41.88376, -3048.198486328125]]], [[[-122.10497, 42.07003, -938.5266723632812], [-122.11065, 42.07714, -643.0381469726562], [-122.09952, 42.07501, 210.04354858398438], [-122.10497, 42.07003, -938.5266723632812]]], [[[-121.95527, 41.93133, -1852.128173828125], [-121.95852, 41.92628, -2706.372314453125], [-121.96619, 41.93374, -2552.888916015625], [-121.95527, 41.93133, -1852.128173828125]]], [[[-122.08698, 42.0475, -1636.452880859375], [-122.08977, 42.0426, -2537.135986328125], [-122.09602, 42.05011, -2340.04736328125], [-122.08698, 42.0475, -1636.452880859375]]], [[[-121.88514, 41.84852, -2106.360595703125], [-121.88974, 41.85907, -1876.711181640625], [-121.88019, 41.8526, -1241.6083984375], [-121.88514, 41.84852, -2106.360595703125]]], [[[-122.0115, 41.9722, -2290.238037109375], [-122.00485, 41.96533, -2460.636474609375], [-122.01377, 41.96703, -3262.5185546875], [-122.0115, 41.9722, -2290.238037109375]]], [[[-121.90389, 41.84582, -4571.18505859375], [-121.91183, 41.84944, -5282.0908203125], [-121.90808, 41.8542, -4415.69580078125], [-121.90389, 41.84582, -4571.18505859375]]], [[[-121.86523, 41.80608, -2517.03271484375], [-121.85821, 41.79978, -1982.461669921875], [-121.86241, 41.79755, -2914.38525390625], [-121.86523, 41.80608, -2517.03271484375]]], [[[-122.03291, 42.00022, -1090.3642578125], [-122.03222, 42.00668, -248.40472412109375], [-122.02524, 41.999, -276.4881591796875], [-122.03291, 42.00022, -1090.3642578125]]], [[[-121.87159, 41.79279, -4739.2490234375], [-121.87456, 41.8013, -4340.30810546875], [-121.86694, 41.79514, -3821.739990234375], [-121.87159, 41.79279, -4739.2490234375]]], [[[-121.93662, 41.90847, -2462.98876953125], [-121.93352, 41.91342, -1656.5325927734375], [-121.92818, 41.90737, -1715.403076171875], [-121.93662, 41.90847, -2462.98876953125]]], [[[-122.10497, 42.07003, -938.5266723632812], [-122.10844, 42.06506, -1898.515869140625], [-122.11469, 42.07248, -1663.27978515625], [-122.10497, 42.07003, -938.5266723632812]]], [[[-121.87985, 41.81885, -3567.9296875], [-121.87474, 41.82087, -2674.5537109375], [-121.87237, 41.81238, -3039.774658203125], [-121.87985, 41.81885, -3567.9296875]]], [[[-121.96622, 41.94335, -1098.8775634765625], [-121.96654, 41.94992, -284.55615234375], [-121.95738, 41.9439, -271.5992126464844], [-121.96622, 41.94335, -1098.8775634765625]]], [[[-122.07805, 42.04469, -968.0504150390625], [-122.0715, 42.03731, -1114.6685791015625], [-122.0808, 42.04005, -1834.725830078125], [-122.07805, 42.04469, -968.0504150390625]]], [[[-121.87159, 41.79279, -4739.2490234375], [-121.86829, 41.78421, -5128.8916015625], [-121.87641, 41.79054, -5674.5712890625], [-121.87159, 41.79279, -4739.2490234375]]], [[[-121.95852, 41.92628, -2706.372314453125], [-121.96857, 41.92871, -3411.091796875], [-121.96619, 41.93374, -2552.888916015625], [-121.95852, 41.92628, -2706.372314453125]]], [[[-122.05908, 42.02278, -1445.5576171875], [-122.05116, 42.02003, -859.8937377929688], [-122.0532, 42.01549, -1631.8880615234375], [-122.05908, 42.02278, -1445.5576171875]]], [[[-121.91183, 41.84944, -5282.0908203125], [-121.90751, 41.84112, -5436.37890625], [-121.91559, 41.84477, -6153.04443359375], [-121.91183, 41.84944, -5282.0908203125]]], [[[-121.90182, 41.9057, 590.34912109375], [-121.91087, 41.90704, -148.5359344482422], [-121.90814, 41.91348, 607.2369995117188], [-121.90182, 41.9057, 590.34912109375]]], [[[-121.90431, 41.85905, -3550.27685546875], [-121.90808, 41.8542, -4415.69580078125], [-121.91282, 41.86258, -4252.609375], [-121.90431, 41.85905, -3550.27685546875]]], [[[-122.06145, 42.03469, -302.2582092285156], [-122.0715, 42.03731, -1114.6685791015625], [-122.06862, 42.04198, -241.99632263183594], [-122.06145, 42.03469, -302.2582092285156]]], [[[-121.90751, 41.84112, -5436.37890625], [-121.91131, 41.83649, -6311.07177734375], [-121.91559, 41.84477, -6153.04443359375], [-121.90751, 41.84112, -5436.37890625]]], [[[-121.89856, 41.81116, -6848.583984375], [-121.90676, 41.81547, -7568.552734375], [-121.90285, 41.81969, -6690.25244140625], [-121.89856, 41.81116, -6848.583984375]]], [[[-121.99206, 41.94549, -3724.95751953125], [-122.00101, 41.94763, -4445.0068359375], [-121.99953, 41.95273, -3556.1162109375], [-121.99206, 41.94549, -3724.95751953125]]], [[[-121.99797, 41.95789, -2671.49267578125], [-121.99953, 41.95273, -3556.1162109375], [-122.00678, 41.95982, -3411.487060546875], [-121.99797, 41.95789, -2671.49267578125]]], [[[-122.00035, 41.97736, -415.1562194824219], [-121.9915, 41.97726, 497.1530456542969], [-121.99182, 41.97111, -350.9649658203125], [-122.00035, 41.97736, -415.1562194824219]]], [[[-122.02397, 42.00509, 544.8753662109375], [-122.02216, 42.01115, 1351.587158203125], [-122.01598, 42.0033, 1350.539306640625], [-122.02397, 42.00509, 544.8753662109375]]], [[[-121.91925, 41.88376, -3048.198486328125], [-121.91411, 41.87557, -3200.556640625], [-121.92282, 41.87872, -3892.473876953125], [-121.91925, 41.88376, -3048.198486328125]]], [[[-121.89856, 41.81116, -6848.583984375], [-121.90269, 41.80724, -7760.025390625], [-121.90676, 41.81547, -7568.552734375], [-121.89856, 41.81116, -6848.583984375]]], [[[-121.97468, 41.94994, -1185.613037109375], [-121.96622, 41.94335, -1098.8775634765625], [-121.97374, 41.94179, -2159.9287109375], [-121.97468, 41.94994, -1185.613037109375]]], [[[-121.93352, 41.91342, -1656.5325927734375], [-121.92605, 41.91384, -868.7251586914062], [-121.92818, 41.90737, -1715.403076171875], [-121.93352, 41.91342, -1656.5325927734375]]], [[[-121.90017, 41.88434, -891.32568359375], [-121.89846, 41.89118, -163.3806610107422], [-121.8915, 41.88269, -112.97017669677734], [-121.90017, 41.88434, -891.32568359375]]], [[[-121.89919, 41.82426, -5804.736328125], [-121.89487, 41.8155, -5973.62646484375], [-121.90285, 41.81969, -6690.25244140625], [-121.89919, 41.82426, -5804.736328125]]], [[[-122.05116, 42.02003, -859.8937377929688], [-122.05421, 42.02725, -359.1786193847656], [-122.04497, 42.02048, -184.57212829589844], [-122.05116, 42.02003, -859.8937377929688]]], [[[-121.90921, 41.86746, -3394.261474609375], [-121.91282, 41.86258, -4252.609375], [-121.91793, 41.87087, -4065.900146484375], [-121.90921, 41.86746, -3394.261474609375]]], [[[-121.85658, 41.83801, 740.58154296875], [-121.85263, 41.84132, 1463.2047119140625], [-121.85, 41.83307, 1517.701904296875], [-121.85658, 41.83801, 740.58154296875]]], [[[-121.86523, 41.80608, -2517.03271484375], [-121.86043, 41.80872, -1598.1788330078125], [-121.85821, 41.79978, -1982.461669921875], [-121.86523, 41.80608, -2517.03271484375]]], [[[-121.88798, 41.81224, -5301.619140625], [-121.89487, 41.8155, -5973.62646484375], [-121.89136, 41.82018, -5069.5830078125], [-121.88798, 41.81224, -5301.619140625]]], [[[-121.9, 41.86357, -2666.939208984375], [-121.90431, 41.85905, -3550.27685546875], [-121.90921, 41.86746, -3394.261474609375], [-121.9, 41.86357, -2666.939208984375]]], [[[-121.97563, 41.96367, 482.86798095703125], [-121.97542, 41.96966, 1308.371337890625], [-121.9675, 41.96274, 1295.146240234375], [-121.97563, 41.96367, 482.86798095703125]]], [[[-121.96432, 41.91602, -4482.83544921875], [-121.97357, 41.9187, -5164.39208984375], [-121.9708, 41.92351, -4281.41943359375], [-121.96432, 41.91602, -4482.83544921875]]], [[[-122.04717, 42.00847, -1764.8931884765625], [-122.04916, 42.0032, -2620.451171875], [-122.05565, 42.01047, -2511.042724609375], [-122.04717, 42.00847, -1764.8931884765625]]], [[[-121.96432, 41.91602, -4482.83544921875], [-121.96715, 41.9113, -5371.890625], [-121.97357, 41.9187, -5164.39208984375], [-121.96432, 41.91602, -4482.83544921875]]], [[[-121.86996, 41.80373, -3428.2978515625], [-121.86241, 41.79755, -2914.38525390625], [-121.86694, 41.79514, -3821.739990234375], [-121.86996, 41.80373, -3428.2978515625]]], [[[-122.03963, 42.00715, -1048.262939453125], [-122.03291, 42.00022, -1090.3642578125], [-122.04059, 42.00107, -1878.8275146484375], [-122.03963, 42.00715, -1048.262939453125]]], [[[-121.84037, 41.80209, 1318.0361328125], [-121.84424, 41.80483, 911.5061645507812], [-121.84009, 41.80474, 1599.1346435546875], [-121.84037, 41.80209, 1318.0361328125]]], [[[-121.96619, 41.93374, -2552.888916015625], [-121.96857, 41.92871, -3411.091796875], [-121.97573, 41.93624, -3189.4970703125], [-121.96619, 41.93374, -2552.888916015625]]], [[[-121.84916, 41.80454, -15.18627643585205], [-121.8434, 41.7975, 331.12603759765625], [-121.84715, 41.79549, -527.0401000976562], [-121.84916, 41.80454, -15.18627643585205]]], [[[-121.8593, 41.78901, -3313.625], [-121.86241, 41.79755, -2914.38525390625], [-121.85491, 41.79135, -2400.42822265625], [-121.8593, 41.78901, -3313.625]]], [[[-121.84916, 41.80454, -15.18627643585205], [-121.85554, 41.81021, -733.2672729492188], [-121.85344, 41.81432, -27.232881546020508], [-121.84916, 41.80454, -15.18627643585205]]], [[[-121.99996, 41.98342, 472.6931457519531], [-121.99197, 41.98303, 1343.34765625], [-121.9915, 41.97726, 497.1530456542969], [-121.99996, 41.98342, 472.6931457519531]]], [[[-122.01807, 41.98482, -1266.8377685546875], [-122.0266, 41.98675, -2096.494140625], [-122.02569, 41.99261, -1124.5567626953125], [-122.01807, 41.98482, -1266.8377685546875]]], [[[-122.11772, 42.08408, -434.43707275390625], [-122.12096, 42.07983, -1406.800048828125], [-122.12716, 42.08721, -1149.716064453125], [-122.11772, 42.08408, -434.43707275390625]]], [[[-121.87646, 41.84266, -1463.7034912109375], [-121.87179, 41.84752, -632.8759765625], [-121.86819, 41.83772, -849.8173217773438], [-121.87646, 41.84266, -1463.7034912109375]]], [[[-121.97563, 41.96367, 482.86798095703125], [-121.97515, 41.95703, -309.31451416015625], [-121.98371, 41.96419, -330.0788879394531], [-121.97563, 41.96367, 482.86798095703125]]], [[[-121.85935, 41.8454, 731.7491455078125], [-121.8664, 41.85139, 223.22030639648438], [-121.85524, 41.84955, 1438.1314697265625], [-121.85935, 41.8454, 731.7491455078125]]], [[[-122.04496, 42.0265, 551.1365356445312], [-122.05283, 42.03357, 544.322265625], [-122.04447, 42.0327, 1352.0177001953125], [-122.04496, 42.0265, 551.1365356445312]]], [[[-121.89435, 41.80271, -7019.83740234375], [-121.89025, 41.79421, -7265.93701171875], [-121.89867, 41.79895, -7968.9013671875], [-121.89435, 41.80271, -7019.83740234375]]], [[[-121.84916, 41.80454, -15.18627643585205], [-121.84424, 41.80483, 911.5061645507812], [-121.8434, 41.7975, 331.12603759765625], [-121.84916, 41.80454, -15.18627643585205]]], [[[-121.98335, 41.97043, 482.76654052734375], [-121.99182, 41.97111, -350.9649658203125], [-121.9915, 41.97726, 497.1530456542969], [-121.98335, 41.97043, 482.76654052734375]]], [[[-122.09269, 42.05504, -1443.90380859375], [-122.09602, 42.05011, -2340.04736328125], [-122.10222, 42.0576, -2122.163818359375], [-122.09269, 42.05504, -1443.90380859375]]], [[[-121.84752, 41.81191, 817.07861328125], [-121.84446, 41.81743, 1641.3126220703125], [-121.84214, 41.81035, 1612.122314453125], [-121.84752, 41.81191, 817.07861328125]]], [[[-121.93883, 41.92495, -1036.692626953125], [-121.94649, 41.93112, -1023.6682739257812], [-121.93833, 41.93138, -192.7508544921875], [-121.93883, 41.92495, -1036.692626953125]]], [[[-121.95527, 41.93133, -1852.128173828125], [-121.95605, 41.93725, -1021.2684326171875], [-121.94649, 41.93112, -1023.6682739257812], [-121.95527, 41.93133, -1852.128173828125]]], [[[-122.02569, 41.99261, -1124.5567626953125], [-122.03291, 42.00022, -1090.3642578125], [-122.02524, 41.999, -276.4881591796875], [-122.02569, 41.99261, -1124.5567626953125]]], [[[-121.88114, 41.78806, -6598.0546875], [-121.87742, 41.77933, -6936.52978515625], [-121.88609, 41.78574, -7535.7802734375], [-121.88114, 41.78806, -6598.0546875]]], [[[-121.88016, 41.79931, -5346.748046875], [-121.87159, 41.79279, -4739.2490234375], [-121.87641, 41.79054, -5674.5712890625], [-121.88016, 41.79931, -5346.748046875]]], [[[-122.09952, 42.07501, 210.04354858398438], [-122.10741, 42.08206, 376.1147766113281], [-122.09812, 42.081, 1218.1964111328125], [-122.09952, 42.07501, 210.04354858398438]]], [[[-121.87179, 41.84752, -632.8759765625], [-121.87467, 41.85658, -364.3299560546875], [-121.8664, 41.85139, 223.22030639648438], [-121.87179, 41.84752, -632.8759765625]]], [[[-122.04509, 42.0136, -917.6514282226562], [-122.04717, 42.00847, -1764.8931884765625], [-122.0532, 42.01549, -1631.8880615234375], [-122.04509, 42.0136, -917.6514282226562]]], [[[-121.99132, 41.96444, -1122.1932373046875], [-121.99674, 41.96309, -1846.0867919921875], [-122.00099, 41.97086, -1334.9630126953125], [-121.99132, 41.96444, -1122.1932373046875]]], [[[-121.96396, 41.93737, -1777.97314453125], [-121.96619, 41.93374, -2552.888916015625], [-121.97374, 41.94179, -2159.9287109375], [-121.96396, 41.93737, -1777.97314453125]]], [[[-121.93044, 41.92592, -149.9013214111328], [-121.92921, 41.93289, 565.8905639648438], [-121.92174, 41.92721, 610.5018310546875], [-121.93044, 41.92592, -149.9013214111328]]], [[[-121.9708, 41.92351, -4281.41943359375], [-121.97357, 41.9187, -5164.39208984375], [-121.98003, 41.92608, -4960.47265625], [-121.9708, 41.92351, -4281.41943359375]]], [[[-121.88158, 41.83786, -2367.8203125], [-121.87646, 41.84266, -1463.7034912109375], [-121.87289, 41.83298, -1667.1748046875], [-121.88158, 41.83786, -2367.8203125]]], [[[-121.9371, 41.89017, -4396.0859375], [-121.94012, 41.88538, -5273.06884765625], [-121.946, 41.89327, -5067.53662109375], [-121.9371, 41.89017, -4396.0859375]]], [[[-121.85399, 41.80196, -1058.6494140625], [-121.84715, 41.79549, -527.0401000976562], [-121.851, 41.79344, -1465.01171875], [-121.85399, 41.80196, -1058.6494140625]]], [[[-121.92654, 41.87396, -4765.64501953125], [-121.92151, 41.86603, -4925.41259765625], [-121.93007, 41.86917, -5634.9658203125], [-121.92654, 41.87396, -4765.64501953125]]], [[[-121.8915, 41.88269, -112.97017669677734], [-121.88297, 41.88136, 638.99853515625], [-121.88481, 41.87381, -132.67872619628906], [-121.8915, 41.88269, -112.97017669677734]]], [[[-122.03539, 41.98852, -2860.6572265625], [-122.04399, 41.99051, -3616.35302734375], [-122.04233, 41.99567, -2733.615234375], [-122.03539, 41.98852, -2860.6572265625]]], [[[-121.90001, 41.85044, -3696.004638671875], [-121.89591, 41.8416, -3888.515869140625], [-121.90389, 41.84582, -4571.18505859375], [-121.90001, 41.85044, -3696.004638671875]]], [[[-121.92419, 41.89267, -2740.962646484375], [-121.93045, 41.9006, -2620.541748046875], [-121.92233, 41.90066, -1787.200439453125], [-121.92419, 41.89267, -2740.962646484375]]], [[[-121.93007, 41.86917, -5634.9658203125], [-121.93866, 41.87257, -6322.57421875], [-121.93505, 41.87694, -5482.3671875], [-121.93007, 41.86917, -5634.9658203125]]], [[[-122.05421, 42.02725, -359.1786193847656], [-122.05283, 42.03357, 544.322265625], [-122.04496, 42.0265, 551.1365356445312], [-122.05421, 42.02725, -359.1786193847656]]], [[[-121.87641, 41.79054, -5674.5712890625], [-121.8728, 41.7818, -6035.537109375], [-121.88114, 41.78806, -6598.0546875], [-121.87641, 41.79054, -5674.5712890625]]], [[[-121.90182, 41.9057, 590.34912109375], [-121.90814, 41.91348, 607.2369995117188], [-121.89902, 41.91211, 1337.9757080078125], [-121.90182, 41.9057, 590.34912109375]]], [[[-121.88623, 41.77976, -8157.40087890625], [-121.88656, 41.77445, -8743.87109375], [-121.89051, 41.78261, -8472.78125], [-121.88623, 41.77976, -8157.40087890625]]], [[[-121.91559, 41.84477, -6153.04443359375], [-121.92394, 41.84834, -6851.18115234375], [-121.92013, 41.85302, -5981.59912109375], [-121.91559, 41.84477, -6153.04443359375]]], [[[-121.92151, 41.86603, -4925.41259765625], [-121.91643, 41.85775, -5111.298828125], [-121.92503, 41.86116, -5799.2431640625], [-121.92151, 41.86603, -4925.41259765625]]], [[[-121.97563, 41.96367, 482.86798095703125], [-121.9675, 41.96274, 1295.146240234375], [-121.9668, 41.95635, 507.8256530761719], [-121.97563, 41.96367, 482.86798095703125]]], [[[-121.96147, 41.92105, -3592.152099609375], [-121.95482, 41.9137, -3799.109619140625], [-121.96432, 41.91602, -4482.83544921875], [-121.96147, 41.92105, -3592.152099609375]]], [[[-121.88202, 41.80725, -4894.6982421875], [-121.88945, 41.80633, -6031.11669921875], [-121.88798, 41.81224, -5301.619140625], [-121.88202, 41.80725, -4894.6982421875]]], [[[-121.9, 41.86357, -2666.939208984375], [-121.90534, 41.87225, -2531.302490234375], [-121.89649, 41.86888, -1820.2464599609375], [-121.9, 41.86357, -2666.939208984375]]], [[[-122.05908, 42.02278, -1445.5576171875], [-122.0532, 42.01549, -1631.8880615234375], [-122.06191, 42.01763, -2370.945556640625], [-122.05908, 42.02278, -1445.5576171875]]], [[[-121.86791, 41.8732, 1479.3936767578125], [-121.87675, 41.87429, 681.0518798828125], [-121.87447, 41.88082, 1460.5238037109375], [-121.86791, 41.8732, 1479.3936767578125]]], [[[-121.87742, 41.77933, -6936.52978515625], [-121.88196, 41.77691, -7842.0234375], [-121.88609, 41.78574, -7535.7802734375], [-121.87742, 41.77933, -6936.52978515625]]], [[[-121.88974, 41.85907, -1876.711181640625], [-121.883, 41.86106, -963.7904052734375], [-121.88019, 41.8526, -1241.6083984375], [-121.88974, 41.85907, -1876.711181640625]]], [[[-121.98296, 41.94341, -2988.20068359375], [-121.98483, 41.9384, -3905.954345703125], [-121.99206, 41.94549, -3724.95751953125], [-121.98296, 41.94341, -2988.20068359375]]], [[[-121.90814, 41.91348, 607.2369995117188], [-121.90522, 41.91994, 1351.08251953125], [-121.89902, 41.91211, 1337.9757080078125], [-121.90814, 41.91348, 607.2369995117188]]], [[[-121.94012, 41.88538, -5273.06884765625], [-121.94907, 41.88847, -5948.33642578125], [-121.946, 41.89327, -5067.53662109375], [-121.94012, 41.88538, -5273.06884765625]]], [[[-122.09901, 42.0624, -1243.9219970703125], [-122.10844, 42.06506, -1898.515869140625], [-122.10497, 42.07003, -938.5266723632812], [-122.09901, 42.0624, -1243.9219970703125]]], [[[-122.05421, 42.02725, -359.1786193847656], [-122.06474, 42.02993, -1234.508056640625], [-122.06145, 42.03469, -302.2582092285156], [-122.05421, 42.02725, -359.1786193847656]]], [[[-121.92605, 41.91384, -868.7251586914062], [-121.92386, 41.92031, -94.03132629394531], [-121.91739, 41.91398, -122.77046966552734], [-121.92605, 41.91384, -868.7251586914062]]], [[[-122.10741, 42.08206, 376.1147766113281], [-122.10574, 42.08755, 1352.1536865234375], [-122.09812, 42.081, 1218.1964111328125], [-122.10741, 42.08206, 376.1147766113281]]], [[[-121.89435, 41.80271, -7019.83740234375], [-121.89867, 41.79895, -7968.9013671875], [-121.90269, 41.80724, -7760.025390625], [-121.89435, 41.80271, -7019.83740234375]]], [[[-122.12428, 42.09132, -225.0057830810547], [-122.12716, 42.08721, -1149.716064453125], [-122.13337, 42.09457, -884.7745361328125], [-122.12428, 42.09132, -225.0057830810547]]], [[[-121.97515, 41.95703, -309.31451416015625], [-121.98294, 41.95715, -1151.825439453125], [-121.98371, 41.96419, -330.0788879394531], [-121.97515, 41.95703, -309.31451416015625]]], [[[-121.93145, 41.88169, -4611.95556640625], [-121.92817, 41.88692, -3713.17333984375], [-121.92282, 41.87872, -3892.473876953125], [-121.93145, 41.88169, -4611.95556640625]]], [[[-121.93393, 41.89503, -3508.421142578125], [-121.92817, 41.88692, -3713.17333984375], [-121.9371, 41.89017, -4396.0859375], [-121.93393, 41.89503, -3508.421142578125]]], [[[-121.94071, 41.91764, -1961.5743408203125], [-121.93883, 41.92495, -1036.692626953125], [-121.93237, 41.91943, -925.7160034179688], [-121.94071, 41.91764, -1961.5743408203125]]], [[[-121.95738, 41.9439, -271.5992126464844], [-121.94872, 41.94433, 502.921630859375], [-121.94736, 41.93749, -234.08416748046875], [-121.95738, 41.9439, -271.5992126464844]]], [[[-121.92013, 41.85302, -5981.59912109375], [-121.92394, 41.84834, -6851.18115234375], [-121.92868, 41.85646, -6669.9609375], [-121.92013, 41.85302, -5981.59912109375]]], [[[-121.89649, 41.86888, -1820.2464599609375], [-121.88862, 41.86797, -1015.3306274414062], [-121.88974, 41.85907, -1876.711181640625], [-121.89649, 41.86888, -1820.2464599609375]]], [[[-121.89089, 41.84579, -2976.01318359375], [-121.89591, 41.8416, -3888.515869140625], [-121.90001, 41.85044, -3696.004638671875], [-121.89089, 41.84579, -2976.01318359375]]], [[[-122.02524, 41.999, -276.4881591796875], [-122.01733, 41.99732, 520.89697265625], [-122.0175, 41.99091, -312.078125], [-122.02524, 41.999, -276.4881591796875]]], [[[-122.07805, 42.04469, -968.0504150390625], [-122.0808, 42.04005, -1834.725830078125], [-122.08698, 42.0475, -1636.452880859375], [-122.07805, 42.04469, -968.0504150390625]]], [[[-121.9708, 41.92351, -4281.41943359375], [-121.98003, 41.92608, -4960.47265625], [-121.97784, 41.93117, -4078.8193359375], [-121.9708, 41.92351, -4281.41943359375]]], [[[-121.91183, 41.84944, -5282.0908203125], [-121.91559, 41.84477, -6153.04443359375], [-121.92013, 41.85302, -5981.59912109375], [-121.91183, 41.84944, -5282.0908203125]]], [[[-121.84009, 41.80474, 1599.1346435546875], [-121.84424, 41.80483, 911.5061645507812], [-121.84214, 41.81035, 1612.122314453125], [-121.84009, 41.80474, 1599.1346435546875]]], [[[-121.86357, 41.84285, -18.235931396484375], [-121.85935, 41.8454, 731.7491455078125], [-121.85658, 41.83801, 740.58154296875], [-121.86357, 41.84285, -18.235931396484375]]], [[[-121.92013, 41.85302, -5981.59912109375], [-121.92868, 41.85646, -6669.9609375], [-121.92503, 41.86116, -5799.2431640625], [-121.92013, 41.85302, -5981.59912109375]]], [[[-122.11065, 42.07714, -643.0381469726562], [-122.12096, 42.07983, -1406.800048828125], [-122.11772, 42.08408, -434.43707275390625], [-122.11065, 42.07714, -643.0381469726562]]], [[[-121.88945, 41.80633, -6031.11669921875], [-121.89435, 41.80271, -7019.83740234375], [-121.89856, 41.81116, -6848.583984375], [-121.88945, 41.80633, -6031.11669921875]]], [[[-121.85935, 41.8454, 731.7491455078125], [-121.85263, 41.84132, 1463.2047119140625], [-121.85658, 41.83801, 740.58154296875], [-121.85935, 41.8454, 731.7491455078125]]], [[[-121.94736, 41.93749, -234.08416748046875], [-121.93903, 41.9377, 572.5068359375], [-121.93833, 41.93138, -192.7508544921875], [-121.94736, 41.93749, -234.08416748046875]]], [[[-121.88609, 41.78574, -7535.7802734375], [-121.88196, 41.77691, -7842.0234375], [-121.88623, 41.77976, -8157.40087890625], [-121.88609, 41.78574, -7535.7802734375]]], [[[-121.90324, 41.83245, -5627.43115234375], [-121.90705, 41.82798, -6497.7412109375], [-121.91131, 41.83649, -6311.07177734375], [-121.90324, 41.83245, -5627.43115234375]]], [[[-121.89524, 41.85479, -2801.081787109375], [-121.9, 41.86357, -2666.939208984375], [-121.88974, 41.85907, -1876.711181640625], [-121.89524, 41.85479, -2801.081787109375]]], [[[-122.06862, 42.04198, -241.99632263183594], [-122.06767, 42.04825, 546.7340087890625], [-122.06029, 42.04085, 548.1407470703125], [-122.06862, 42.04198, -241.99632263183594]]], [[[-121.97573, 41.93624, -3189.4970703125], [-121.96857, 41.92871, -3411.091796875], [-121.97784, 41.93117, -4078.8193359375], [-121.97573, 41.93624, -3189.4970703125]]], [[[-121.88514, 41.84852, -2106.360595703125], [-121.88019, 41.8526, -1241.6083984375], [-121.87646, 41.84266, -1463.7034912109375], [-121.88514, 41.84852, -2106.360595703125]]], [[[-122.0715, 42.03731, -1114.6685791015625], [-122.07443, 42.03252, -2015.2998046875], [-122.0808, 42.04005, -1834.725830078125], [-122.0715, 42.03731, -1114.6685791015625]]], [[[-122.02569, 41.99261, -1124.5567626953125], [-122.02524, 41.999, -276.4881591796875], [-122.0175, 41.99091, -312.078125], [-122.02569, 41.99261, -1124.5567626953125]]], [[[-121.91131, 41.83649, -6311.07177734375], [-121.91943, 41.84012, -7023.27978515625], [-121.91559, 41.84477, -6153.04443359375], [-121.91131, 41.83649, -6311.07177734375]]], [[[-121.87474, 41.82087, -2674.5537109375], [-121.86742, 41.81493, -2095.44677734375], [-121.87237, 41.81238, -3039.774658203125], [-121.87474, 41.82087, -2674.5537109375]]], [[[-121.96147, 41.92105, -3592.152099609375], [-121.95119, 41.91892, -2830.693359375], [-121.95482, 41.9137, -3799.109619140625], [-121.96147, 41.92105, -3592.152099609375]]], [[[-121.91361, 41.90052, -902.1144409179688], [-121.91975, 41.90745, -919.198486328125], [-121.91087, 41.90704, -148.5359344482422], [-121.91361, 41.90052, -902.1144409179688]]], [[[-121.95819, 41.95691, 1292.1641845703125], [-121.9668, 41.95635, 507.8256530761719], [-121.9675, 41.96274, 1295.146240234375], [-121.95819, 41.95691, 1292.1641845703125]]], [[[-121.85821, 41.79978, -1982.461669921875], [-121.851, 41.79344, -1465.01171875], [-121.85491, 41.79135, -2400.42822265625], [-121.85821, 41.79978, -1982.461669921875]]], [[[-122.11065, 42.07714, -643.0381469726562], [-122.11469, 42.07248, -1663.27978515625], [-122.12096, 42.07983, -1406.800048828125], [-122.11065, 42.07714, -643.0381469726562]]], [[[-121.88786, 41.82482, -4182.70654296875], [-121.89136, 41.82018, -5069.5830078125], [-121.89555, 41.82873, -4928.21728515625], [-121.88786, 41.82482, -4182.70654296875]]], [[[-122.03222, 42.00668, -248.40472412109375], [-122.03037, 42.01275, 556.470458984375], [-122.02397, 42.00509, 544.8753662109375], [-122.03222, 42.00668, -248.40472412109375]]], [[[-121.91131, 41.83649, -6311.07177734375], [-121.90705, 41.82798, -6497.7412109375], [-121.91511, 41.83185, -7193.32470703125], [-121.91131, 41.83649, -6311.07177734375]]], [[[-121.93883, 41.92495, -1036.692626953125], [-121.93833, 41.93138, -192.7508544921875], [-121.93044, 41.92592, -149.9013214111328], [-121.93883, 41.92495, -1036.692626953125]]], [[[-121.90324, 41.83245, -5627.43115234375], [-121.89919, 41.82426, -5804.736328125], [-121.90705, 41.82798, -6497.7412109375], [-121.90324, 41.83245, -5627.43115234375]]], [[[-122.08966, 42.06052, -514.5139770507812], [-122.09269, 42.05504, -1443.90380859375], [-122.09901, 42.0624, -1243.9219970703125], [-122.08966, 42.06052, -514.5139770507812]]], [[[-121.91282, 41.86258, -4252.609375], [-121.92151, 41.86603, -4925.41259765625], [-121.91793, 41.87087, -4065.900146484375], [-121.91282, 41.86258, -4252.609375]]], [[[-121.88114, 41.78806, -6598.0546875], [-121.88544, 41.79681, -6329.0791015625], [-121.87641, 41.79054, -5674.5712890625], [-121.88114, 41.78806, -6598.0546875]]], [[[-121.87818, 41.86565, -111.41158294677734], [-121.883, 41.86106, -963.7904052734375], [-121.88862, 41.86797, -1015.3306274414062], [-121.87818, 41.86565, -111.41158294677734]]], [[[-121.94773, 41.92464, -1894.9659423828125], [-121.93883, 41.92495, -1036.692626953125], [-121.94071, 41.91764, -1961.5743408203125], [-121.94773, 41.92464, -1894.9659423828125]]], [[[-121.93007, 41.86917, -5634.9658203125], [-121.93365, 41.86451, -6491.5283203125], [-121.93866, 41.87257, -6322.57421875], [-121.93007, 41.86917, -5634.9658203125]]], [[[-121.95527, 41.93133, -1852.128173828125], [-121.94649, 41.93112, -1023.6682739257812], [-121.94773, 41.92464, -1894.9659423828125], [-121.95527, 41.93133, -1852.128173828125]]], [[[-121.92174, 41.92721, 610.5018310546875], [-121.92042, 41.93414, 1326.6444091796875], [-121.91244, 41.92727, 1340.0673828125], [-121.92174, 41.92721, 610.5018310546875]]], [[[-122.06145, 42.03469, -302.2582092285156], [-122.06029, 42.04085, 548.1407470703125], [-122.05283, 42.03357, 544.322265625], [-122.06145, 42.03469, -302.2582092285156]]], [[[-121.89136, 41.82018, -5069.5830078125], [-121.88786, 41.82482, -4182.70654296875], [-121.88468, 41.81626, -4463.02783203125], [-121.89136, 41.82018, -5069.5830078125]]], [[[-121.87289, 41.83298, -1667.1748046875], [-121.86533, 41.82817, -918.6394653320312], [-121.86941, 41.82349, -1708.758544921875], [-121.87289, 41.83298, -1667.1748046875]]], [[[-122.1306, 42.09842, -11.96407413482666], [-122.13961, 42.10192, -621.9793701171875], [-122.13483, 42.10489, 393.8307800292969], [-122.1306, 42.09842, -11.96407413482666]]], [[[-121.87688, 41.82841, -2398.724609375], [-121.88158, 41.83786, -2367.8203125], [-121.87289, 41.83298, -1667.1748046875], [-121.87688, 41.82841, -2398.724609375]]], [[[-121.87289, 41.83298, -1667.1748046875], [-121.87646, 41.84266, -1463.7034912109375], [-121.86819, 41.83772, -849.8173217773438], [-121.87289, 41.83298, -1667.1748046875]]], [[[-121.97573, 41.93624, -3189.4970703125], [-121.97784, 41.93117, -4078.8193359375], [-121.98483, 41.9384, -3905.954345703125], [-121.97573, 41.93624, -3189.4970703125]]], [[[-121.91087, 41.90704, -148.5359344482422], [-121.90182, 41.9057, 590.34912109375], [-121.90468, 41.89925, -150.35902404785156], [-121.91087, 41.90704, -148.5359344482422]]], [[[-121.95605, 41.93725, -1021.2684326171875], [-121.96622, 41.94335, -1098.8775634765625], [-121.95738, 41.9439, -271.5992126464844], [-121.95605, 41.93725, -1021.2684326171875]]], [[[-121.89357, 41.87605, -895.7000122070312], [-121.88862, 41.86797, -1015.3306274414062], [-121.89649, 41.86888, -1820.2464599609375], [-121.89357, 41.87605, -895.7000122070312]]], [[[-121.99182, 41.97111, -350.9649658203125], [-121.98335, 41.97043, 482.76654052734375], [-121.98371, 41.96419, -330.0788879394531], [-121.99182, 41.97111, -350.9649658203125]]], [[[-121.883, 41.86106, -963.7904052734375], [-121.87467, 41.85658, -364.3299560546875], [-121.88019, 41.8526, -1241.6083984375], [-121.883, 41.86106, -963.7904052734375]]], [[[-121.99061, 41.95059, -2841.098876953125], [-121.99206, 41.94549, -3724.95751953125], [-121.99953, 41.95273, -3556.1162109375], [-121.99061, 41.95059, -2841.098876953125]]], [[[-121.8402, 41.7992, 1019.2727661132812], [-121.84037, 41.80209, 1318.0361328125], [-121.83759, 41.80059, 1537.84814453125], [-121.8402, 41.7992, 1019.2727661132812]]], [[[-121.88318, 41.82846, -3229.39013671875], [-121.87688, 41.82841, -2398.724609375], [-121.87474, 41.82087, -2674.5537109375], [-121.88318, 41.82846, -3229.39013671875]]], [[[-121.90324, 41.83245, -5627.43115234375], [-121.91131, 41.83649, -6311.07177734375], [-121.90751, 41.84112, -5436.37890625], [-121.90324, 41.83245, -5627.43115234375]]], [[[-121.86694, 41.79514, -3821.739990234375], [-121.8593, 41.78901, -3313.625], [-121.86378, 41.78661, -4221.923828125], [-121.86694, 41.79514, -3821.739990234375]]], [[[-121.95787, 41.90874, -4699.73779296875], [-121.96715, 41.9113, -5371.890625], [-121.96432, 41.91602, -4482.83544921875], [-121.95787, 41.90874, -4699.73779296875]]], [[[-122.01733, 41.99732, 520.89697265625], [-122.02397, 42.00509, 544.8753662109375], [-122.01598, 42.0033, 1350.539306640625], [-122.01733, 41.99732, 520.89697265625]]], [[[-122.03673, 42.01977, 534.5514526367188], [-122.04496, 42.0265, 551.1365356445312], [-122.03633, 42.02591, 1348.477294921875], [-122.03673, 42.01977, 534.5514526367188]]], [[[-122.07547, 42.04889, -210.44496154785156], [-122.07507, 42.05499, 466.7010192871094], [-122.06767, 42.04825, 546.7340087890625], [-122.07547, 42.04889, -210.44496154785156]]], [[[-122.03854, 42.01339, -201.95787048339844], [-122.03673, 42.01977, 534.5514526367188], [-122.03037, 42.01275, 556.470458984375], [-122.03854, 42.01339, -201.95787048339844]]], [[[-121.86941, 41.82349, -1708.758544921875], [-121.86171, 41.81813, -1034.1044921875], [-121.86742, 41.81493, -2095.44677734375], [-121.86941, 41.82349, -1708.758544921875]]], [[[-121.88318, 41.82846, -3229.39013671875], [-121.87985, 41.81885, -3567.9296875], [-121.88786, 41.82482, -4182.70654296875], [-121.88318, 41.82846, -3229.39013671875]]], [[[-121.92174, 41.92721, 610.5018310546875], [-121.92921, 41.93289, 565.8905639648438], [-121.92042, 41.93414, 1326.6444091796875], [-121.92174, 41.92721, 610.5018310546875]]], [[[-121.91596, 41.88832, -2271.033447265625], [-121.91925, 41.88376, -3048.198486328125], [-121.92419, 41.89267, -2740.962646484375], [-121.91596, 41.88832, -2271.033447265625]]], [[[-121.97374, 41.94179, -2159.9287109375], [-121.97573, 41.93624, -3189.4970703125], [-121.98296, 41.94341, -2988.20068359375], [-121.97374, 41.94179, -2159.9287109375]]], [[[-122.0532, 42.01549, -1631.8880615234375], [-122.05565, 42.01047, -2511.042724609375], [-122.06191, 42.01763, -2370.945556640625], [-122.0532, 42.01549, -1631.8880615234375]]], [[[-121.86742, 41.81493, -2095.44677734375], [-121.86043, 41.80872, -1598.1788330078125], [-121.86523, 41.80608, -2517.03271484375], [-121.86742, 41.81493, -2095.44677734375]]], [[[-121.88297, 41.88136, 638.99853515625], [-121.87447, 41.88082, 1460.5238037109375], [-121.87675, 41.87429, 681.0518798828125], [-121.88297, 41.88136, 638.99853515625]]], [[[-122.04496, 42.0265, 551.1365356445312], [-122.04447, 42.0327, 1352.0177001953125], [-122.03633, 42.02591, 1348.477294921875], [-122.04496, 42.0265, 551.1365356445312]]], [[[-122.10574, 42.08755, 1352.1536865234375], [-122.11479, 42.08839, 549.2583618164062], [-122.11414, 42.09406, 1425.005615234375], [-122.10574, 42.08755, 1352.1536865234375]]], [[[-121.89089, 41.84579, -2976.01318359375], [-121.88802, 41.83747, -3187.326904296875], [-121.89591, 41.8416, -3888.515869140625], [-121.89089, 41.84579, -2976.01318359375]]], [[[-121.97515, 41.95703, -309.31451416015625], [-121.97563, 41.96367, 482.86798095703125], [-121.9668, 41.95635, 507.8256530761719], [-121.97515, 41.95703, -309.31451416015625]]], [[[-121.86941, 41.82349, -1708.758544921875], [-121.87688, 41.82841, -2398.724609375], [-121.87289, 41.83298, -1667.1748046875], [-121.86941, 41.82349, -1708.758544921875]]], [[[-122.06029, 42.04085, 548.1407470703125], [-122.06767, 42.04825, 546.7340087890625], [-122.0595, 42.04705, 1353.87841796875], [-122.06029, 42.04085, 548.1407470703125]]], [[[-121.94293, 41.89816, -4191.11474609375], [-121.9371, 41.89017, -4396.0859375], [-121.946, 41.89327, -5067.53662109375], [-121.94293, 41.89816, -4191.11474609375]]], [[[-122.05283, 42.03357, 544.322265625], [-122.06029, 42.04085, 548.1407470703125], [-122.05208, 42.03982, 1355.132568359375], [-122.05283, 42.03357, 544.322265625]]], [[[-121.91596, 41.88832, -2271.033447265625], [-121.91049, 41.88068, -2358.66162109375], [-121.91925, 41.88376, -3048.198486328125], [-121.91596, 41.88832, -2271.033447265625]]], [[[-121.88468, 41.81626, -4463.02783203125], [-121.88202, 41.80725, -4894.6982421875], [-121.88798, 41.81224, -5301.619140625], [-121.88468, 41.81626, -4463.02783203125]]], [[[-122.04509, 42.0136, -917.6514282226562], [-122.0532, 42.01549, -1631.8880615234375], [-122.05116, 42.02003, -859.8937377929688], [-122.04509, 42.0136, -917.6514282226562]]], [[[-121.96857, 41.92871, -3411.091796875], [-121.9708, 41.92351, -4281.41943359375], [-121.97784, 41.93117, -4078.8193359375], [-121.96857, 41.92871, -3411.091796875]]], [[[-122.1306, 42.09842, -11.96407413482666], [-122.13337, 42.09457, -884.7745361328125], [-122.13961, 42.10192, -621.9793701171875], [-122.1306, 42.09842, -11.96407413482666]]], [[[-122.06029, 42.04085, 548.1407470703125], [-122.0595, 42.04705, 1353.87841796875], [-122.05208, 42.03982, 1355.132568359375], [-122.06029, 42.04085, 548.1407470703125]]], [[[-122.0115, 41.9722, -2290.238037109375], [-122.01377, 41.96703, -3262.5185546875], [-122.02098, 41.9741, -3128.65576171875], [-122.0115, 41.9722, -2290.238037109375]]], [[[-122.04916, 42.0032, -2620.451171875], [-122.05763, 42.00524, -3383.48974609375], [-122.05565, 42.01047, -2511.042724609375], [-122.04916, 42.0032, -2620.451171875]]], [[[-121.99996, 41.98342, 472.6931457519531], [-122.00888, 41.98976, 499.7085266113281], [-122.00114, 41.98903, 1342.1981201171875], [-121.99996, 41.98342, 472.6931457519531]]], [[[-122.0808, 42.04005, -1834.725830078125], [-122.08345, 42.0351, -2721.0146484375], [-122.08977, 42.0426, -2537.135986328125], [-122.0808, 42.04005, -1834.725830078125]]], [[[-122.00993, 41.97768, -1365.3570556640625], [-122.0115, 41.9722, -2290.238037109375], [-122.01926, 41.97941, -2226.38525390625], [-122.00993, 41.97768, -1365.3570556640625]]], [[[-121.86819, 41.83772, -849.8173217773438], [-121.87179, 41.84752, -632.8759765625], [-121.86357, 41.84285, -18.235931396484375], [-121.86819, 41.83772, -849.8173217773438]]], [[[-122.02216, 42.01115, 1351.587158203125], [-122.03037, 42.01275, 556.470458984375], [-122.02865, 42.01886, 1351.6651611328125], [-122.02216, 42.01115, 1351.587158203125]]], [[[-121.88318, 41.82846, -3229.39013671875], [-121.87474, 41.82087, -2674.5537109375], [-121.87985, 41.81885, -3567.9296875], [-121.88318, 41.82846, -3229.39013671875]]], [[[-122.06813, 42.02504, -2193.662841796875], [-122.07713, 42.02759, -2900.69287109375], [-122.07443, 42.03252, -2015.2998046875], [-122.06813, 42.02504, -2193.662841796875]]], [[[-122.03673, 42.01977, 534.5514526367188], [-122.02865, 42.01886, 1351.6651611328125], [-122.03037, 42.01275, 556.470458984375], [-122.03673, 42.01977, 534.5514526367188]]], [[[-121.87727, 41.80998, -3951.6171875], [-121.87456, 41.8013, -4340.30810546875], [-121.88202, 41.80725, -4894.6982421875], [-121.87727, 41.80998, -3951.6171875]]], [[[-122.00485, 41.96533, -2460.636474609375], [-121.99797, 41.95789, -2671.49267578125], [-122.00678, 41.95982, -3411.487060546875], [-122.00485, 41.96533, -2460.636474609375]]], [[[-121.89846, 41.89118, -163.3806610107422], [-121.88972, 41.88973, 594.66845703125], [-121.8915, 41.88269, -112.97017669677734], [-121.89846, 41.89118, -163.3806610107422]]], [[[-121.88862, 41.86797, -1015.3306274414062], [-121.89357, 41.87605, -895.7000122070312], [-121.88481, 41.87381, -132.67872619628906], [-121.88862, 41.86797, -1015.3306274414062]]], [[[-121.86043, 41.80872, -1598.1788330078125], [-121.85399, 41.80196, -1058.6494140625], [-121.85821, 41.79978, -1982.461669921875], [-121.86043, 41.80872, -1598.1788330078125]]], [[[-121.91411, 41.87557, -3200.556640625], [-121.91793, 41.87087, -4065.900146484375], [-121.92282, 41.87872, -3892.473876953125], [-121.91411, 41.87557, -3200.556640625]]], [[[-122.06767, 42.04825, 546.7340087890625], [-122.06672, 42.0544, 1356.092041015625], [-122.0595, 42.04705, 1353.87841796875], [-122.06767, 42.04825, 546.7340087890625]]], [[[-121.89357, 41.87605, -895.7000122070312], [-121.8915, 41.88269, -112.97017669677734], [-121.88481, 41.87381, -132.67872619628906], [-121.89357, 41.87605, -895.7000122070312]]], [[[-121.98371, 41.96419, -330.0788879394531], [-121.98335, 41.97043, 482.76654052734375], [-121.97563, 41.96367, 482.86798095703125], [-121.98371, 41.96419, -330.0788879394531]]], [[[-121.92419, 41.89267, -2740.962646484375], [-121.92817, 41.88692, -3713.17333984375], [-121.93393, 41.89503, -3508.421142578125], [-121.92419, 41.89267, -2740.962646484375]]], [[[-121.99674, 41.96309, -1846.0867919921875], [-122.00485, 41.96533, -2460.636474609375], [-122.00099, 41.97086, -1334.9630126953125], [-121.99674, 41.96309, -1846.0867919921875]]], [[[-121.91361, 41.90052, -902.1144409179688], [-121.92233, 41.90066, -1787.200439453125], [-121.91975, 41.90745, -919.198486328125], [-121.91361, 41.90052, -902.1144409179688]]], [[[-121.89524, 41.85479, -2801.081787109375], [-121.89089, 41.84579, -2976.01318359375], [-121.90001, 41.85044, -3696.004638671875], [-121.89524, 41.85479, -2801.081787109375]]], [[[-122.03222, 42.00668, -248.40472412109375], [-122.02397, 42.00509, 544.8753662109375], [-122.02524, 41.999, -276.4881591796875], [-122.03222, 42.00668, -248.40472412109375]]], [[[-122.06862, 42.04198, -241.99632263183594], [-122.0715, 42.03731, -1114.6685791015625], [-122.07805, 42.04469, -968.0504150390625], [-122.06862, 42.04198, -241.99632263183594]]], [[[-121.9, 41.86357, -2666.939208984375], [-121.90921, 41.86746, -3394.261474609375], [-121.90534, 41.87225, -2531.302490234375], [-121.9, 41.86357, -2666.939208984375]]], [[[-121.99132, 41.96444, -1122.1932373046875], [-121.99182, 41.97111, -350.9649658203125], [-121.98371, 41.96419, -330.0788879394531], [-121.99132, 41.96444, -1122.1932373046875]]], [[[-121.88786, 41.82482, -4182.70654296875], [-121.89555, 41.82873, -4928.21728515625], [-121.89171, 41.83314, -4030.41357421875], [-121.88786, 41.82482, -4182.70654296875]]], [[[-122.06862, 42.04198, -241.99632263183594], [-122.06029, 42.04085, 548.1407470703125], [-122.06145, 42.03469, -302.2582092285156], [-122.06862, 42.04198, -241.99632263183594]]], [[[-122.08344, 42.05311, -628.7381591796875], [-122.08966, 42.06052, -514.5139770507812], [-122.08235, 42.06113, 359.8394470214844], [-122.08344, 42.05311, -628.7381591796875]]], [[[-122.03963, 42.00715, -1048.262939453125], [-122.03854, 42.01339, -201.95787048339844], [-122.03222, 42.00668, -248.40472412109375], [-122.03963, 42.00715, -1048.262939453125]]], [[[-121.88544, 41.79681, -6329.0791015625], [-121.89025, 41.79421, -7265.93701171875], [-121.89435, 41.80271, -7019.83740234375], [-121.88544, 41.79681, -6329.0791015625]]], [[[-121.96622, 41.94335, -1098.8775634765625], [-121.97468, 41.94994, -1185.613037109375], [-121.96654, 41.94992, -284.55615234375], [-121.96622, 41.94335, -1098.8775634765625]]], [[[-121.89967, 41.83712, -4772.69287109375], [-121.89555, 41.82873, -4928.21728515625], [-121.90324, 41.83245, -5627.43115234375], [-121.89967, 41.83712, -4772.69287109375]]], [[[-121.87688, 41.82841, -2398.724609375], [-121.86941, 41.82349, -1708.758544921875], [-121.87474, 41.82087, -2674.5537109375], [-121.87688, 41.82841, -2398.724609375]]], [[[-121.99132, 41.96444, -1122.1932373046875], [-122.00099, 41.97086, -1334.9630126953125], [-121.99182, 41.97111, -350.9649658203125], [-121.99132, 41.96444, -1122.1932373046875]]], [[[-122.08235, 42.06113, 359.8394470214844], [-122.08263, 42.06814, 1229.8494873046875], [-122.07451, 42.0614, 1326.65380859375], [-122.08235, 42.06113, 359.8394470214844]]], [[[-121.946, 41.89327, -5067.53662109375], [-121.95491, 41.89617, -5758.1025390625], [-121.95191, 41.901, -4878.95361328125], [-121.946, 41.89327, -5067.53662109375]]], [[[-122.06767, 42.04825, 546.7340087890625], [-122.07507, 42.05499, 466.7010192871094], [-122.06672, 42.0544, 1356.092041015625], [-122.06767, 42.04825, 546.7340087890625]]], [[[-121.89558, 41.89776, 569.9407958984375], [-121.90468, 41.89925, -150.35902404785156], [-121.90182, 41.9057, 590.34912109375], [-121.89558, 41.89776, 569.9407958984375]]], [[[-121.91049, 41.88068, -2358.66162109375], [-121.91596, 41.88832, -2271.033447265625], [-121.90827, 41.88617, -1628.5130615234375], [-121.91049, 41.88068, -2358.66162109375]]], [[[-122.07507, 42.05499, 466.7010192871094], [-122.07451, 42.0614, 1326.65380859375], [-122.06672, 42.0544, 1356.092041015625], [-122.07507, 42.05499, 466.7010192871094]]], [[[-121.92503, 41.86116, -5799.2431640625], [-121.93365, 41.86451, -6491.5283203125], [-121.93007, 41.86917, -5634.9658203125], [-121.92503, 41.86116, -5799.2431640625]]], [[[-121.96147, 41.92105, -3592.152099609375], [-121.96432, 41.91602, -4482.83544921875], [-121.9708, 41.92351, -4281.41943359375], [-121.96147, 41.92105, -3592.152099609375]]], [[[-122.07547, 42.04889, -210.44496154785156], [-122.06862, 42.04198, -241.99632263183594], [-122.07805, 42.04469, -968.0504150390625], [-122.07547, 42.04889, -210.44496154785156]]], [[[-121.85554, 41.81021, -733.2672729492188], [-121.84916, 41.80454, -15.18627643585205], [-121.85399, 41.80196, -1058.6494140625], [-121.85554, 41.81021, -733.2672729492188]]], [[[-121.87646, 41.84266, -1463.7034912109375], [-121.88019, 41.8526, -1241.6083984375], [-121.87179, 41.84752, -632.8759765625], [-121.87646, 41.84266, -1463.7034912109375]]], [[[-121.8915, 41.88269, -112.97017669677734], [-121.88972, 41.88973, 594.66845703125], [-121.88297, 41.88136, 638.99853515625], [-121.8915, 41.88269, -112.97017669677734]]], [[[-122.07507, 42.05499, 466.7010192871094], [-122.08235, 42.06113, 359.8394470214844], [-122.07451, 42.0614, 1326.65380859375], [-122.07507, 42.05499, 466.7010192871094]]], [[[-121.89136, 41.82018, -5069.5830078125], [-121.89487, 41.8155, -5973.62646484375], [-121.89919, 41.82426, -5804.736328125], [-121.89136, 41.82018, -5069.5830078125]]], [[[-122.08344, 42.05311, -628.7381591796875], [-122.08235, 42.06113, 359.8394470214844], [-122.07507, 42.05499, 466.7010192871094], [-122.08344, 42.05311, -628.7381591796875]]], [[[-122.03673, 42.01977, 534.5514526367188], [-122.04497, 42.02048, -184.57212829589844], [-122.04496, 42.0265, 551.1365356445312], [-122.03673, 42.01977, 534.5514526367188]]], [[[-122.12694, 42.10098, 835.6859130859375], [-122.1306, 42.09842, -11.96407413482666], [-122.13483, 42.10489, 393.8307800292969], [-122.12694, 42.10098, 835.6859130859375]]], [[[-121.91975, 41.90745, -919.198486328125], [-121.91739, 41.91398, -122.77046966552734], [-121.91087, 41.90704, -148.5359344482422], [-121.91975, 41.90745, -919.198486328125]]], [[[-122.11065, 42.07714, -643.0381469726562], [-122.10741, 42.08206, 376.1147766113281], [-122.09952, 42.07501, 210.04354858398438], [-122.11065, 42.07714, -643.0381469726562]]], [[[-121.93833, 41.93138, -192.7508544921875], [-121.92921, 41.93289, 565.8905639648438], [-121.93044, 41.92592, -149.9013214111328], [-121.93833, 41.93138, -192.7508544921875]]], [[[-121.88202, 41.80725, -4894.6982421875], [-121.88016, 41.79931, -5346.748046875], [-121.88945, 41.80633, -6031.11669921875], [-121.88202, 41.80725, -4894.6982421875]]], [[[-121.95191, 41.901, -4878.95361328125], [-121.96082, 41.90385, -5572.47314453125], [-121.95787, 41.90874, -4699.73779296875], [-121.95191, 41.901, -4878.95361328125]]], [[[-121.88158, 41.83786, -2367.8203125], [-121.87688, 41.82841, -2398.724609375], [-121.88318, 41.82846, -3229.39013671875], [-121.88158, 41.83786, -2367.8203125]]], [[[-121.93903, 41.9377, 572.5068359375], [-121.94872, 41.94433, 502.921630859375], [-121.94027, 41.94462, 1290.6448974609375], [-121.93903, 41.9377, 572.5068359375]]], [[[-121.87179, 41.84752, -632.8759765625], [-121.88019, 41.8526, -1241.6083984375], [-121.87467, 41.85658, -364.3299560546875], [-121.87179, 41.84752, -632.8759765625]]], [[[-122.09, 42.0684, 390.2115173339844], [-122.09092, 42.07469, 1119.44921875], [-122.08263, 42.06814, 1229.8494873046875], [-122.09, 42.0684, 390.2115173339844]]], [[[-122.09, 42.0684, 390.2115173339844], [-122.09952, 42.07501, 210.04354858398438], [-122.09092, 42.07469, 1119.44921875], [-122.09, 42.0684, 390.2115173339844]]], [[[-121.86941, 41.82349, -1708.758544921875], [-121.86533, 41.82817, -918.6394653320312], [-121.86171, 41.81813, -1034.1044921875], [-121.86941, 41.82349, -1708.758544921875]]], [[[-122.09609, 42.06729, -368.7698974609375], [-122.09952, 42.07501, 210.04354858398438], [-122.09, 42.0684, 390.2115173339844], [-122.09609, 42.06729, -368.7698974609375]]], [[[-122.00888, 41.98976, 499.7085266113281], [-122.01733, 41.99732, 520.89697265625], [-122.00959, 41.99554, 1338.6494140625], [-122.00888, 41.98976, 499.7085266113281]]], [[[-122.12694, 42.10098, 835.6859130859375], [-122.13001, 42.10789, 1407.8453369140625], [-122.122, 42.10102, 1452.9310302734375], [-122.12694, 42.10098, 835.6859130859375]]], [[[-122.0532, 42.01549, -1631.8880615234375], [-122.04717, 42.00847, -1764.8931884765625], [-122.05565, 42.01047, -2511.042724609375], [-122.0532, 42.01549, -1631.8880615234375]]], [[[-122.09609, 42.06729, -368.7698974609375], [-122.10497, 42.07003, -938.5266723632812], [-122.09952, 42.07501, 210.04354858398438], [-122.09609, 42.06729, -368.7698974609375]]], [[[-122.09609, 42.06729, -368.7698974609375], [-122.09901, 42.0624, -1243.9219970703125], [-122.10497, 42.07003, -938.5266723632812], [-122.09609, 42.06729, -368.7698974609375]]], [[[-122.01377, 41.96703, -3262.5185546875], [-122.02269, 41.96893, -4010.542724609375], [-122.02098, 41.9741, -3128.65576171875], [-122.01377, 41.96703, -3262.5185546875]]], [[[-121.89524, 41.85479, -2801.081787109375], [-121.90001, 41.85044, -3696.004638671875], [-121.90431, 41.85905, -3550.27685546875], [-121.89524, 41.85479, -2801.081787109375]]], [[[-122.11065, 42.07714, -643.0381469726562], [-122.11772, 42.08408, -434.43707275390625], [-122.10741, 42.08206, 376.1147766113281], [-122.11065, 42.07714, -643.0381469726562]]], [[[-121.93662, 41.90847, -2462.98876953125], [-121.93045, 41.9006, -2620.541748046875], [-121.93993, 41.90315, -3317.376708984375], [-121.93662, 41.90847, -2462.98876953125]]], [[[-122.0175, 41.99091, -312.078125], [-122.01733, 41.99732, 520.89697265625], [-122.00888, 41.98976, 499.7085266113281], [-122.0175, 41.99091, -312.078125]]], [[[-122.03539, 41.98852, -2860.6572265625], [-122.02824, 41.98141, -2990.73046875], [-122.03689, 41.98331, -3741.476806640625], [-122.03539, 41.98852, -2860.6572265625]]], [[[-121.98338, 41.97657, 1318.7431640625], [-121.9915, 41.97726, 497.1530456542969], [-121.99197, 41.98303, 1343.34765625], [-121.98338, 41.97657, 1318.7431640625]]], [[[-121.91975, 41.90745, -919.198486328125], [-121.92605, 41.91384, -868.7251586914062], [-121.91739, 41.91398, -122.77046966552734], [-121.91975, 41.90745, -919.198486328125]]], [[[-121.99797, 41.95789, -2671.49267578125], [-121.99061, 41.95059, -2841.098876953125], [-121.99953, 41.95273, -3556.1162109375], [-121.99797, 41.95789, -2671.49267578125]]], [[[-122.10741, 42.08206, 376.1147766113281], [-122.11772, 42.08408, -434.43707275390625], [-122.11479, 42.08839, 549.2583618164062], [-122.10741, 42.08206, 376.1147766113281]]], [[[-122.10741, 42.08206, 376.1147766113281], [-122.11479, 42.08839, 549.2583618164062], [-122.10574, 42.08755, 1352.1536865234375], [-122.10741, 42.08206, 376.1147766113281]]], [[[-122.05908, 42.02278, -1445.5576171875], [-122.06813, 42.02504, -2193.662841796875], [-122.06474, 42.02993, -1234.508056640625], [-122.05908, 42.02278, -1445.5576171875]]], [[[-122.08966, 42.06052, -514.5139770507812], [-122.09609, 42.06729, -368.7698974609375], [-122.09, 42.0684, 390.2115173339844], [-122.08966, 42.06052, -514.5139770507812]]], [[[-122.12694, 42.10098, 835.6859130859375], [-122.13483, 42.10489, 393.8307800292969], [-122.13001, 42.10789, 1407.8453369140625], [-122.12694, 42.10098, 835.6859130859375]]], [[[-121.93993, 41.90315, -3317.376708984375], [-121.94881, 41.90603, -4013.073974609375], [-121.94541, 41.91144, -3051.61083984375], [-121.93993, 41.90315, -3317.376708984375]]], [[[-122.11479, 42.08839, 549.2583618164062], [-122.12186, 42.09495, 616.2937622070312], [-122.11414, 42.09406, 1425.005615234375], [-122.11479, 42.08839, 549.2583618164062]]], [[[-121.99061, 41.95059, -2841.098876953125], [-121.98296, 41.94341, -2988.20068359375], [-121.99206, 41.94549, -3724.95751953125], [-121.99061, 41.95059, -2841.098876953125]]], [[[-122.12186, 42.09495, 616.2937622070312], [-122.122, 42.10102, 1452.9310302734375], [-122.11414, 42.09406, 1425.005615234375], [-122.12186, 42.09495, 616.2937622070312]]], [[[-122.00678, 41.95982, -3411.487060546875], [-122.0155, 41.96181, -4156.1337890625], [-122.01377, 41.96703, -3262.5185546875], [-122.00678, 41.95982, -3411.487060546875]]], [[[-121.86901, 41.85994, 475.825927734375], [-121.86399, 41.86523, 1431.3243408203125], [-121.85987, 41.85731, 1415.5242919921875], [-121.86901, 41.85994, 475.825927734375]]], [[[-121.90324, 41.83245, -5627.43115234375], [-121.89555, 41.82873, -4928.21728515625], [-121.89919, 41.82426, -5804.736328125], [-121.90324, 41.83245, -5627.43115234375]]], [[[-122.03963, 42.00715, -1048.262939453125], [-122.04059, 42.00107, -1878.8275146484375], [-122.04717, 42.00847, -1764.8931884765625], [-122.03963, 42.00715, -1048.262939453125]]], [[[-121.90534, 41.87225, -2531.302490234375], [-121.90921, 41.86746, -3394.261474609375], [-121.91411, 41.87557, -3200.556640625], [-121.90534, 41.87225, -2531.302490234375]]], [[[-121.91361, 41.90052, -902.1144409179688], [-121.91087, 41.90704, -148.5359344482422], [-121.90468, 41.89925, -150.35902404785156], [-121.91361, 41.90052, -902.1144409179688]]], [[[-121.88158, 41.83786, -2367.8203125], [-121.88514, 41.84852, -2106.360595703125], [-121.87646, 41.84266, -1463.7034912109375], [-121.88158, 41.83786, -2367.8203125]]], [[[-122.06145, 42.03469, -302.2582092285156], [-122.05283, 42.03357, 544.322265625], [-122.05421, 42.02725, -359.1786193847656], [-122.06145, 42.03469, -302.2582092285156]]], [[[-121.98937, 41.95634, -1945.4395751953125], [-121.99797, 41.95789, -2671.49267578125], [-121.99674, 41.96309, -1846.0867919921875], [-121.98937, 41.95634, -1945.4395751953125]]], [[[-122.01926, 41.97941, -2226.38525390625], [-122.0115, 41.9722, -2290.238037109375], [-122.02098, 41.9741, -3128.65576171875], [-122.01926, 41.97941, -2226.38525390625]]], [[[-121.89919, 41.82426, -5804.736328125], [-121.90285, 41.81969, -6690.25244140625], [-121.90705, 41.82798, -6497.7412109375], [-121.89919, 41.82426, -5804.736328125]]], [[[-122.08344, 42.05311, -628.7381591796875], [-122.08698, 42.0475, -1636.452880859375], [-122.09269, 42.05504, -1443.90380859375], [-122.08344, 42.05311, -628.7381591796875]]], [[[-122.00888, 41.98976, 499.7085266113281], [-121.99996, 41.98342, 472.6931457519531], [-122.00873, 41.98385, -413.9581298828125], [-122.00888, 41.98976, 499.7085266113281]]], [[[-121.93662, 41.90847, -2462.98876953125], [-121.93993, 41.90315, -3317.376708984375], [-121.94541, 41.91144, -3051.61083984375], [-121.93662, 41.90847, -2462.98876953125]]], [[[-122.03539, 41.98852, -2860.6572265625], [-122.04233, 41.99567, -2733.615234375], [-122.03368, 41.99381, -1964.5062255859375], [-122.03539, 41.98852, -2860.6572265625]]], [[[-121.88114, 41.78806, -6598.0546875], [-121.88609, 41.78574, -7535.7802734375], [-121.89025, 41.79421, -7265.93701171875], [-121.88114, 41.78806, -6598.0546875]]], [[[-122.0266, 41.98675, -2096.494140625], [-122.03368, 41.99381, -1964.5062255859375], [-122.02569, 41.99261, -1124.5567626953125], [-122.0266, 41.98675, -2096.494140625]]], [[[-122.00993, 41.97768, -1365.3570556640625], [-122.01807, 41.98482, -1266.8377685546875], [-122.00873, 41.98385, -413.9581298828125], [-122.00993, 41.97768, -1365.3570556640625]]], [[[-121.93393, 41.89503, -3508.421142578125], [-121.94293, 41.89816, -4191.11474609375], [-121.93993, 41.90315, -3317.376708984375], [-121.93393, 41.89503, -3508.421142578125]]], [[[-121.84752, 41.81191, 817.07861328125], [-121.85075, 41.82054, 784.7697143554688], [-121.84446, 41.81743, 1641.3126220703125], [-121.84752, 41.81191, 817.07861328125]]], [[[-122.02524, 41.999, -276.4881591796875], [-122.02397, 42.00509, 544.8753662109375], [-122.01733, 41.99732, 520.89697265625], [-122.02524, 41.999, -276.4881591796875]]], [[[-122.04233, 41.99567, -2733.615234375], [-122.05081, 41.99786, -3489.415771484375], [-122.04916, 42.0032, -2620.451171875], [-122.04233, 41.99567, -2733.615234375]]], [[[-121.97784, 41.93117, -4078.8193359375], [-121.98003, 41.92608, -4960.47265625], [-121.98698, 41.93328, -4784.33935546875], [-121.97784, 41.93117, -4078.8193359375]]], [[[-121.96857, 41.92871, -3411.091796875], [-121.95852, 41.92628, -2706.372314453125], [-121.96147, 41.92105, -3592.152099609375], [-121.96857, 41.92871, -3411.091796875]]], [[[-121.87474, 41.82087, -2674.5537109375], [-121.86941, 41.82349, -1708.758544921875], [-121.86742, 41.81493, -2095.44677734375], [-121.87474, 41.82087, -2674.5537109375]]], [[[-122.12186, 42.09495, 616.2937622070312], [-122.12428, 42.09132, -225.0057830810547], [-122.1306, 42.09842, -11.96407413482666], [-122.12186, 42.09495, 616.2937622070312]]], [[[-122.00993, 41.97768, -1365.3570556640625], [-122.00099, 41.97086, -1334.9630126953125], [-122.0115, 41.9722, -2290.238037109375], [-122.00993, 41.97768, -1365.3570556640625]]], [[[-122.04916, 42.0032, -2620.451171875], [-122.05081, 41.99786, -3489.415771484375], [-122.05763, 42.00524, -3383.48974609375], [-122.04916, 42.0032, -2620.451171875]]], [[[-122.0266, 41.98675, -2096.494140625], [-122.01926, 41.97941, -2226.38525390625], [-122.02824, 41.98141, -2990.73046875], [-122.0266, 41.98675, -2096.494140625]]], [[[-122.12428, 42.09132, -225.0057830810547], [-122.13337, 42.09457, -884.7745361328125], [-122.1306, 42.09842, -11.96407413482666], [-122.12428, 42.09132, -225.0057830810547]]], [[[-121.90534, 41.87225, -2531.302490234375], [-121.91049, 41.88068, -2358.66162109375], [-121.90166, 41.87771, -1650.3946533203125], [-121.90534, 41.87225, -2531.302490234375]]], [[[-121.88609, 41.78574, -7535.7802734375], [-121.89456, 41.79078, -8216.94140625], [-121.89025, 41.79421, -7265.93701171875], [-121.88609, 41.78574, -7535.7802734375]]], [[[-121.91596, 41.88832, -2271.033447265625], [-121.91584, 41.89431, -1691.3519287109375], [-121.90827, 41.88617, -1628.5130615234375], [-121.91596, 41.88832, -2271.033447265625]]], [[[-122.01807, 41.98482, -1266.8377685546875], [-122.01926, 41.97941, -2226.38525390625], [-122.0266, 41.98675, -2096.494140625], [-122.01807, 41.98482, -1266.8377685546875]]], [[[-121.94012, 41.88538, -5273.06884765625], [-121.93505, 41.87694, -5482.3671875], [-121.94365, 41.88061, -6143.08544921875], [-121.94012, 41.88538, -5273.06884765625]]], [[[-121.90814, 41.91348, 607.2369995117188], [-121.91468, 41.92025, 640.4647827148438], [-121.90522, 41.91994, 1351.08251953125], [-121.90814, 41.91348, 607.2369995117188]]], [[[-121.87985, 41.81885, -3567.9296875], [-121.87237, 41.81238, -3039.774658203125], [-121.87727, 41.80998, -3951.6171875], [-121.87985, 41.81885, -3567.9296875]]], [[[-122.09609, 42.06729, -368.7698974609375], [-122.08966, 42.06052, -514.5139770507812], [-122.09901, 42.0624, -1243.9219970703125], [-122.09609, 42.06729, -368.7698974609375]]], [[[-121.89487, 41.8155, -5973.62646484375], [-121.89856, 41.81116, -6848.583984375], [-121.90285, 41.81969, -6690.25244140625], [-121.89487, 41.8155, -5973.62646484375]]], [[[-122.03539, 41.98852, -2860.6572265625], [-122.03689, 41.98331, -3741.476806640625], [-122.04399, 41.99051, -3616.35302734375], [-122.03539, 41.98852, -2860.6572265625]]], [[[-121.88972, 41.88973, 594.66845703125], [-121.88706, 41.89625, 1341.5831298828125], [-121.8813, 41.88822, 1369.804443359375], [-121.88972, 41.88973, 594.66845703125]]], [[[-122.05421, 42.02725, -359.1786193847656], [-122.04496, 42.0265, 551.1365356445312], [-122.04497, 42.02048, -184.57212829589844], [-122.05421, 42.02725, -359.1786193847656]]], [[[-122.04059, 42.00107, -1878.8275146484375], [-122.04233, 41.99567, -2733.615234375], [-122.04916, 42.0032, -2620.451171875], [-122.04059, 42.00107, -1878.8275146484375]]], [[[-122.06813, 42.02504, -2193.662841796875], [-122.07083, 42.02008, -3081.759033203125], [-122.07713, 42.02759, -2900.69287109375], [-122.06813, 42.02504, -2193.662841796875]]], [[[-121.89649, 41.86888, -1820.2464599609375], [-121.90534, 41.87225, -2531.302490234375], [-121.90166, 41.87771, -1650.3946533203125], [-121.89649, 41.86888, -1820.2464599609375]]], [[[-121.86533, 41.82817, -918.6394653320312], [-121.86099, 41.83316, -108.990966796875], [-121.8579, 41.82328, -137.91903686523438], [-121.86533, 41.82817, -918.6394653320312]]], [[[-122.08344, 42.05311, -628.7381591796875], [-122.07547, 42.04889, -210.44496154785156], [-122.07805, 42.04469, -968.0504150390625], [-122.08344, 42.05311, -628.7381591796875]]], [[[-121.87289, 41.83298, -1667.1748046875], [-121.86819, 41.83772, -849.8173217773438], [-121.86533, 41.82817, -918.6394653320312], [-121.87289, 41.83298, -1667.1748046875]]], [[[-121.97374, 41.94179, -2159.9287109375], [-121.98296, 41.94341, -2988.20068359375], [-121.98172, 41.94924, -2057.602783203125], [-121.97374, 41.94179, -2159.9287109375]]], [[[-122.02098, 41.9741, -3128.65576171875], [-122.02977, 41.97611, -3864.88720703125], [-122.02824, 41.98141, -2990.73046875], [-122.02098, 41.9741, -3128.65576171875]]], [[[-122.04233, 41.99567, -2733.615234375], [-122.04399, 41.99051, -3616.35302734375], [-122.05081, 41.99786, -3489.415771484375], [-122.04233, 41.99567, -2733.615234375]]], [[[-121.98483, 41.9384, -3905.954345703125], [-121.99397, 41.94047, -4613.703125], [-121.99206, 41.94549, -3724.95751953125], [-121.98483, 41.9384, -3905.954345703125]]], [[[-121.99953, 41.95273, -3556.1162109375], [-122.00101, 41.94763, -4445.0068359375], [-122.00825, 41.95472, -4300.5703125], [-121.99953, 41.95273, -3556.1162109375]]], [[[-121.90001, 41.85044, -3696.004638671875], [-121.90389, 41.84582, -4571.18505859375], [-121.90808, 41.8542, -4415.69580078125], [-121.90001, 41.85044, -3696.004638671875]]], [[[-121.87237, 41.81238, -3039.774658203125], [-121.86523, 41.80608, -2517.03271484375], [-121.86996, 41.80373, -3428.2978515625], [-121.87237, 41.81238, -3039.774658203125]]], [[[-121.91975, 41.90745, -919.198486328125], [-121.92818, 41.90737, -1715.403076171875], [-121.92605, 41.91384, -868.7251586914062], [-121.91975, 41.90745, -919.198486328125]]], [[[-121.92233, 41.90066, -1787.200439453125], [-121.91361, 41.90052, -902.1144409179688], [-121.91584, 41.89431, -1691.3519287109375], [-121.92233, 41.90066, -1787.200439453125]]], [[[-121.87727, 41.80998, -3951.6171875], [-121.87237, 41.81238, -3039.774658203125], [-121.86996, 41.80373, -3428.2978515625], [-121.87727, 41.80998, -3951.6171875]]], [[[-121.95119, 41.91892, -2830.693359375], [-121.96147, 41.92105, -3592.152099609375], [-121.95852, 41.92628, -2706.372314453125], [-121.95119, 41.91892, -2830.693359375]]], [[[-121.87141, 41.8685, 739.7456665039062], [-121.86399, 41.86523, 1431.3243408203125], [-121.86901, 41.85994, 475.825927734375], [-121.87141, 41.8685, 739.7456665039062]]], [[[-121.92503, 41.86116, -5799.2431640625], [-121.92868, 41.85646, -6669.9609375], [-121.93365, 41.86451, -6491.5283203125], [-121.92503, 41.86116, -5799.2431640625]]], [[[-121.85344, 41.81432, -27.232881546020508], [-121.86171, 41.81813, -1034.1044921875], [-121.8579, 41.82328, -137.91903686523438], [-121.85344, 41.81432, -27.232881546020508]]], [[[-122.05565, 42.01047, -2511.042724609375], [-122.06438, 42.01261, -3250.493896484375], [-122.06191, 42.01763, -2370.945556640625], [-122.05565, 42.01047, -2511.042724609375]]], [[[-121.85431, 41.82874, 678.575439453125], [-121.85, 41.83307, 1517.701904296875], [-121.8467, 41.82539, 1636.6572265625], [-121.85431, 41.82874, 678.575439453125]]], [[[-122.05421, 42.02725, -359.1786193847656], [-122.05908, 42.02278, -1445.5576171875], [-122.06474, 42.02993, -1234.508056640625], [-122.05421, 42.02725, -359.1786193847656]]], [[[-121.87818, 41.86565, -111.41158294677734], [-121.88862, 41.86797, -1015.3306274414062], [-121.88481, 41.87381, -132.67872619628906], [-121.87818, 41.86565, -111.41158294677734]]], [[[-121.8579, 41.82328, -137.91903686523438], [-121.86099, 41.83316, -108.990966796875], [-121.85431, 41.82874, 678.575439453125], [-121.8579, 41.82328, -137.91903686523438]]], [[[-122.00099, 41.97086, -1334.9630126953125], [-122.00485, 41.96533, -2460.636474609375], [-122.0115, 41.9722, -2290.238037109375], [-122.00099, 41.97086, -1334.9630126953125]]], [[[-122.00035, 41.97736, -415.1562194824219], [-121.99996, 41.98342, 472.6931457519531], [-121.9915, 41.97726, 497.1530456542969], [-122.00035, 41.97736, -415.1562194824219]]], [[[-122.03291, 42.00022, -1090.3642578125], [-122.03963, 42.00715, -1048.262939453125], [-122.03222, 42.00668, -248.40472412109375], [-122.03291, 42.00022, -1090.3642578125]]], [[[-121.98294, 41.95715, -1151.825439453125], [-121.97515, 41.95703, -309.31451416015625], [-121.97468, 41.94994, -1185.613037109375], [-121.98294, 41.95715, -1151.825439453125]]], [[[-121.94649, 41.93112, -1023.6682739257812], [-121.95605, 41.93725, -1021.2684326171875], [-121.94736, 41.93749, -234.08416748046875], [-121.94649, 41.93112, -1023.6682739257812]]], [[[-121.86901, 41.85994, 475.825927734375], [-121.85987, 41.85731, 1415.5242919921875], [-121.8664, 41.85139, 223.22030639648438], [-121.86901, 41.85994, 475.825927734375]]], [[[-121.98172, 41.94924, -2057.602783203125], [-121.99061, 41.95059, -2841.098876953125], [-121.98937, 41.95634, -1945.4395751953125], [-121.98172, 41.94924, -2057.602783203125]]], [[[-122.04509, 42.0136, -917.6514282226562], [-122.04497, 42.02048, -184.57212829589844], [-122.03854, 42.01339, -201.95787048339844], [-122.04509, 42.0136, -917.6514282226562]]], [[[-122.01733, 41.99732, 520.89697265625], [-122.01598, 42.0033, 1350.539306640625], [-122.00959, 41.99554, 1338.6494140625], [-122.01733, 41.99732, 520.89697265625]]], [[[-121.99996, 41.98342, 472.6931457519531], [-122.00035, 41.97736, -415.1562194824219], [-122.00873, 41.98385, -413.9581298828125], [-121.99996, 41.98342, 472.6931457519531]]], [[[-122.01807, 41.98482, -1266.8377685546875], [-122.0175, 41.99091, -312.078125], [-122.00873, 41.98385, -413.9581298828125], [-122.01807, 41.98482, -1266.8377685546875]]], [[[-122.01807, 41.98482, -1266.8377685546875], [-122.02569, 41.99261, -1124.5567626953125], [-122.0175, 41.99091, -312.078125], [-122.01807, 41.98482, -1266.8377685546875]]], [[[-122.06813, 42.02504, -2193.662841796875], [-122.07443, 42.03252, -2015.2998046875], [-122.06474, 42.02993, -1234.508056640625], [-122.06813, 42.02504, -2193.662841796875]]], [[[-121.99206, 41.94549, -3724.95751953125], [-121.99397, 41.94047, -4613.703125], [-122.00101, 41.94763, -4445.0068359375], [-121.99206, 41.94549, -3724.95751953125]]], [[[-121.89089, 41.84579, -2976.01318359375], [-121.89524, 41.85479, -2801.081787109375], [-121.88514, 41.84852, -2106.360595703125], [-121.89089, 41.84579, -2976.01318359375]]], [[[-121.98172, 41.94924, -2057.602783203125], [-121.98296, 41.94341, -2988.20068359375], [-121.99061, 41.95059, -2841.098876953125], [-121.98172, 41.94924, -2057.602783203125]]], [[[-121.91584, 41.89431, -1691.3519287109375], [-121.91361, 41.90052, -902.1144409179688], [-121.90721, 41.89281, -906.7528686523438], [-121.91584, 41.89431, -1691.3519287109375]]], [[[-122.11772, 42.08408, -434.43707275390625], [-122.12716, 42.08721, -1149.716064453125], [-122.12428, 42.09132, -225.0057830810547], [-122.11772, 42.08408, -434.43707275390625]]], [[[-121.90468, 41.89925, -150.35902404785156], [-121.89558, 41.89776, 569.9407958984375], [-121.89846, 41.89118, -163.3806610107422], [-121.90468, 41.89925, -150.35902404785156]]], [[[-122.0808, 42.04005, -1834.725830078125], [-122.08977, 42.0426, -2537.135986328125], [-122.08698, 42.0475, -1636.452880859375], [-122.0808, 42.04005, -1834.725830078125]]], [[[-121.91596, 41.88832, -2271.033447265625], [-121.92419, 41.89267, -2740.962646484375], [-121.91584, 41.89431, -1691.3519287109375], [-121.91596, 41.88832, -2271.033447265625]]], [[[-121.88481, 41.87381, -132.67872619628906], [-121.87675, 41.87429, 681.0518798828125], [-121.87818, 41.86565, -111.41158294677734], [-121.88481, 41.87381, -132.67872619628906]]], [[[-121.98483, 41.9384, -3905.954345703125], [-121.98698, 41.93328, -4784.33935546875], [-121.99397, 41.94047, -4613.703125], [-121.98483, 41.9384, -3905.954345703125]]], [[[-122.08698, 42.0475, -1636.452880859375], [-122.09602, 42.05011, -2340.04736328125], [-122.09269, 42.05504, -1443.90380859375], [-122.08698, 42.0475, -1636.452880859375]]], [[[-122.04059, 42.00107, -1878.8275146484375], [-122.03291, 42.00022, -1090.3642578125], [-122.03368, 41.99381, -1964.5062255859375], [-122.04059, 42.00107, -1878.8275146484375]]], [[[-121.96396, 41.93737, -1777.97314453125], [-121.97374, 41.94179, -2159.9287109375], [-121.96622, 41.94335, -1098.8775634765625], [-121.96396, 41.93737, -1777.97314453125]]], [[[-121.89357, 41.87605, -895.7000122070312], [-121.89649, 41.86888, -1820.2464599609375], [-121.90166, 41.87771, -1650.3946533203125], [-121.89357, 41.87605, -895.7000122070312]]], [[[-121.90017, 41.88434, -891.32568359375], [-121.90827, 41.88617, -1628.5130615234375], [-121.90721, 41.89281, -906.7528686523438], [-121.90017, 41.88434, -891.32568359375]]], [[[-122.06813, 42.02504, -2193.662841796875], [-122.06191, 42.01763, -2370.945556640625], [-122.07083, 42.02008, -3081.759033203125], [-122.06813, 42.02504, -2193.662841796875]]], [[[-121.87675, 41.87429, 681.0518798828125], [-121.86791, 41.8732, 1479.3936767578125], [-121.87141, 41.8685, 739.7456665039062], [-121.87675, 41.87429, 681.0518798828125]]], [[[-121.92921, 41.93289, 565.8905639648438], [-121.93903, 41.9377, 572.5068359375], [-121.92999, 41.93972, 1298.7919921875], [-121.92921, 41.93289, 565.8905639648438]]], [[[-121.93662, 41.90847, -2462.98876953125], [-121.92818, 41.90737, -1715.403076171875], [-121.93045, 41.9006, -2620.541748046875], [-121.93662, 41.90847, -2462.98876953125]]], [[[-121.98294, 41.95715, -1151.825439453125], [-121.99132, 41.96444, -1122.1932373046875], [-121.98371, 41.96419, -330.0788879394531], [-121.98294, 41.95715, -1151.825439453125]]], [[[-122.08235, 42.06113, 359.8394470214844], [-122.09, 42.0684, 390.2115173339844], [-122.08263, 42.06814, 1229.8494873046875], [-122.08235, 42.06113, 359.8394470214844]]], [[[-122.07443, 42.03252, -2015.2998046875], [-122.07713, 42.02759, -2900.69287109375], [-122.08345, 42.0351, -2721.0146484375], [-122.07443, 42.03252, -2015.2998046875]]], [[[-121.93145, 41.88169, -4611.95556640625], [-121.92654, 41.87396, -4765.64501953125], [-121.93505, 41.87694, -5482.3671875], [-121.93145, 41.88169, -4611.95556640625]]], [[[-121.94881, 41.90603, -4013.073974609375], [-121.95191, 41.901, -4878.95361328125], [-121.95787, 41.90874, -4699.73779296875], [-121.94881, 41.90603, -4013.073974609375]]], [[[-121.99953, 41.95273, -3556.1162109375], [-122.00825, 41.95472, -4300.5703125], [-122.00678, 41.95982, -3411.487060546875], [-121.99953, 41.95273, -3556.1162109375]]], [[[-121.84752, 41.81191, 817.07861328125], [-121.84214, 41.81035, 1612.122314453125], [-121.84424, 41.80483, 911.5061645507812], [-121.84752, 41.81191, 817.07861328125]]], [[[-121.91559, 41.84477, -6153.04443359375], [-121.91943, 41.84012, -7023.27978515625], [-121.92394, 41.84834, -6851.18115234375], [-121.91559, 41.84477, -6153.04443359375]]], [[[-121.90808, 41.8542, -4415.69580078125], [-121.91643, 41.85775, -5111.298828125], [-121.91282, 41.86258, -4252.609375], [-121.90808, 41.8542, -4415.69580078125]]], [[[-121.8579, 41.82328, -137.91903686523438], [-121.85075, 41.82054, 784.7697143554688], [-121.85344, 41.81432, -27.232881546020508], [-121.8579, 41.82328, -137.91903686523438]]], [[[-122.09901, 42.0624, -1243.9219970703125], [-122.10222, 42.0576, -2122.163818359375], [-122.10844, 42.06506, -1898.515869140625], [-122.09901, 42.0624, -1243.9219970703125]]], [[[-122.04509, 42.0136, -917.6514282226562], [-122.05116, 42.02003, -859.8937377929688], [-122.04497, 42.02048, -184.57212829589844], [-122.04509, 42.0136, -917.6514282226562]]], [[[-121.98172, 41.94924, -2057.602783203125], [-121.97468, 41.94994, -1185.613037109375], [-121.97374, 41.94179, -2159.9287109375], [-121.98172, 41.94924, -2057.602783203125]]], [[[-122.02977, 41.97611, -3864.88720703125], [-122.03689, 41.98331, -3741.476806640625], [-122.02824, 41.98141, -2990.73046875], [-122.02977, 41.97611, -3864.88720703125]]], [[[-121.8402, 41.7992, 1019.2727661132812], [-121.84424, 41.80483, 911.5061645507812], [-121.84037, 41.80209, 1318.0361328125], [-121.8402, 41.7992, 1019.2727661132812]]], [[[-121.94071, 41.91764, -1961.5743408203125], [-121.94541, 41.91144, -3051.61083984375], [-121.95119, 41.91892, -2830.693359375], [-121.94071, 41.91764, -1961.5743408203125]]], [[[-121.90808, 41.8542, -4415.69580078125], [-121.91183, 41.84944, -5282.0908203125], [-121.91643, 41.85775, -5111.298828125], [-121.90808, 41.8542, -4415.69580078125]]], [[[-121.91131, 41.83649, -6311.07177734375], [-121.91511, 41.83185, -7193.32470703125], [-121.91943, 41.84012, -7023.27978515625], [-121.91131, 41.83649, -6311.07177734375]]], [[[-121.90285, 41.81969, -6690.25244140625], [-121.91092, 41.82364, -7381.67919921875], [-121.90705, 41.82798, -6497.7412109375], [-121.90285, 41.81969, -6690.25244140625]]], [[[-121.90827, 41.88617, -1628.5130615234375], [-121.90017, 41.88434, -891.32568359375], [-121.90166, 41.87771, -1650.3946533203125], [-121.90827, 41.88617, -1628.5130615234375]]], [[[-121.85344, 41.81432, -27.232881546020508], [-121.85554, 41.81021, -733.2672729492188], [-121.86171, 41.81813, -1034.1044921875], [-121.85344, 41.81432, -27.232881546020508]]], [[[-121.93662, 41.90847, -2462.98876953125], [-121.94071, 41.91764, -1961.5743408203125], [-121.93352, 41.91342, -1656.5325927734375], [-121.93662, 41.90847, -2462.98876953125]]], [[[-121.96396, 41.93737, -1777.97314453125], [-121.95527, 41.93133, -1852.128173828125], [-121.96619, 41.93374, -2552.888916015625], [-121.96396, 41.93737, -1777.97314453125]]], [[[-121.97515, 41.95703, -309.31451416015625], [-121.96654, 41.94992, -284.55615234375], [-121.97468, 41.94994, -1185.613037109375], [-121.97515, 41.95703, -309.31451416015625]]], [[[-122.0266, 41.98675, -2096.494140625], [-122.03539, 41.98852, -2860.6572265625], [-122.03368, 41.99381, -1964.5062255859375], [-122.0266, 41.98675, -2096.494140625]]], [[[-121.86533, 41.82817, -918.6394653320312], [-121.86819, 41.83772, -849.8173217773438], [-121.86099, 41.83316, -108.990966796875], [-121.86533, 41.82817, -918.6394653320312]]], [[[-121.92921, 41.93289, 565.8905639648438], [-121.93833, 41.93138, -192.7508544921875], [-121.93903, 41.9377, 572.5068359375], [-121.92921, 41.93289, 565.8905639648438]]], [[[-121.88114, 41.78806, -6598.0546875], [-121.8728, 41.7818, -6035.537109375], [-121.87742, 41.77933, -6936.52978515625], [-121.88114, 41.78806, -6598.0546875]]], [[[-121.86694, 41.79514, -3821.739990234375], [-121.86378, 41.78661, -4221.923828125], [-121.87159, 41.79279, -4739.2490234375], [-121.86694, 41.79514, -3821.739990234375]]], [[[-121.89136, 41.82018, -5069.5830078125], [-121.89919, 41.82426, -5804.736328125], [-121.89555, 41.82873, -4928.21728515625], [-121.89136, 41.82018, -5069.5830078125]]], [[[-121.86043, 41.80872, -1598.1788330078125], [-121.85554, 41.81021, -733.2672729492188], [-121.85399, 41.80196, -1058.6494140625], [-121.86043, 41.80872, -1598.1788330078125]]], [[[-121.87467, 41.85658, -364.3299560546875], [-121.883, 41.86106, -963.7904052734375], [-121.87818, 41.86565, -111.41158294677734], [-121.87467, 41.85658, -364.3299560546875]]], [[[-122.03673, 42.01977, 534.5514526367188], [-122.03633, 42.02591, 1348.477294921875], [-122.02865, 42.01886, 1351.6651611328125], [-122.03673, 42.01977, 534.5514526367188]]], [[[-121.96619, 41.93374, -2552.888916015625], [-121.97573, 41.93624, -3189.4970703125], [-121.97374, 41.94179, -2159.9287109375], [-121.96619, 41.93374, -2552.888916015625]]], [[[-121.87727, 41.80998, -3951.6171875], [-121.86996, 41.80373, -3428.2978515625], [-121.87456, 41.8013, -4340.30810546875], [-121.87727, 41.80998, -3951.6171875]]], [[[-121.86533, 41.82817, -918.6394653320312], [-121.8579, 41.82328, -137.91903686523438], [-121.86171, 41.81813, -1034.1044921875], [-121.86533, 41.82817, -918.6394653320312]]], [[[-122.05908, 42.02278, -1445.5576171875], [-122.06191, 42.01763, -2370.945556640625], [-122.06813, 42.02504, -2193.662841796875], [-122.05908, 42.02278, -1445.5576171875]]], [[[-121.86819, 41.83772, -849.8173217773438], [-121.86357, 41.84285, -18.235931396484375], [-121.86099, 41.83316, -108.990966796875], [-121.86819, 41.83772, -849.8173217773438]]], [[[-121.91183, 41.84944, -5282.0908203125], [-121.90389, 41.84582, -4571.18505859375], [-121.90751, 41.84112, -5436.37890625], [-121.91183, 41.84944, -5282.0908203125]]], [[[-121.87641, 41.79054, -5674.5712890625], [-121.86829, 41.78421, -5128.8916015625], [-121.8728, 41.7818, -6035.537109375], [-121.87641, 41.79054, -5674.5712890625]]], [[[-121.96857, 41.92871, -3411.091796875], [-121.96147, 41.92105, -3592.152099609375], [-121.9708, 41.92351, -4281.41943359375], [-121.96857, 41.92871, -3411.091796875]]], [[[-121.98335, 41.97043, 482.76654052734375], [-121.9915, 41.97726, 497.1530456542969], [-121.98338, 41.97657, 1318.7431640625], [-121.98335, 41.97043, 482.76654052734375]]], [[[-121.86694, 41.79514, -3821.739990234375], [-121.86241, 41.79755, -2914.38525390625], [-121.8593, 41.78901, -3313.625], [-121.86694, 41.79514, -3821.739990234375]]], [[[-121.88544, 41.79681, -6329.0791015625], [-121.88945, 41.80633, -6031.11669921875], [-121.88016, 41.79931, -5346.748046875], [-121.88544, 41.79681, -6329.0791015625]]], [[[-121.87985, 41.81885, -3567.9296875], [-121.88468, 41.81626, -4463.02783203125], [-121.88786, 41.82482, -4182.70654296875], [-121.87985, 41.81885, -3567.9296875]]], [[[-121.85075, 41.82054, 784.7697143554688], [-121.8467, 41.82539, 1636.6572265625], [-121.84446, 41.81743, 1641.3126220703125], [-121.85075, 41.82054, 784.7697143554688]]], [[[-121.8664, 41.85139, 223.22030639648438], [-121.85935, 41.8454, 731.7491455078125], [-121.86357, 41.84285, -18.235931396484375], [-121.8664, 41.85139, 223.22030639648438]]], [[[-122.05565, 42.01047, -2511.042724609375], [-122.05763, 42.00524, -3383.48974609375], [-122.06438, 42.01261, -3250.493896484375], [-122.05565, 42.01047, -2511.042724609375]]], [[[-121.87141, 41.8685, 739.7456665039062], [-121.86791, 41.8732, 1479.3936767578125], [-121.86399, 41.86523, 1431.3243408203125], [-121.87141, 41.8685, 739.7456665039062]]], [[[-121.88297, 41.88136, 638.99853515625], [-121.88972, 41.88973, 594.66845703125], [-121.8813, 41.88822, 1369.804443359375], [-121.88297, 41.88136, 638.99853515625]]], [[[-121.88802, 41.83747, -3187.326904296875], [-121.89171, 41.83314, -4030.41357421875], [-121.89591, 41.8416, -3888.515869140625], [-121.88802, 41.83747, -3187.326904296875]]], [[[-121.89558, 41.89776, 569.9407958984375], [-121.90182, 41.9057, 590.34912109375], [-121.893, 41.90419, 1327.335205078125], [-121.89558, 41.89776, 569.9407958984375]]], [[[-121.88972, 41.88973, 594.66845703125], [-121.89558, 41.89776, 569.9407958984375], [-121.88706, 41.89625, 1341.5831298828125], [-121.88972, 41.88973, 594.66845703125]]], [[[-121.95482, 41.9137, -3799.109619140625], [-121.95787, 41.90874, -4699.73779296875], [-121.96432, 41.91602, -4482.83544921875], [-121.95482, 41.9137, -3799.109619140625]]], [[[-121.92233, 41.90066, -1787.200439453125], [-121.91584, 41.89431, -1691.3519287109375], [-121.92419, 41.89267, -2740.962646484375], [-121.92233, 41.90066, -1787.200439453125]]], [[[-121.87159, 41.79279, -4739.2490234375], [-121.86378, 41.78661, -4221.923828125], [-121.86829, 41.78421, -5128.8916015625], [-121.87159, 41.79279, -4739.2490234375]]], [[[-121.93045, 41.9006, -2620.541748046875], [-121.92419, 41.89267, -2740.962646484375], [-121.93393, 41.89503, -3508.421142578125], [-121.93045, 41.9006, -2620.541748046875]]], [[[-121.94071, 41.91764, -1961.5743408203125], [-121.93662, 41.90847, -2462.98876953125], [-121.94541, 41.91144, -3051.61083984375], [-121.94071, 41.91764, -1961.5743408203125]]], [[[-121.92818, 41.90737, -1715.403076171875], [-121.91975, 41.90745, -919.198486328125], [-121.92233, 41.90066, -1787.200439453125], [-121.92818, 41.90737, -1715.403076171875]]], [[[-121.95482, 41.9137, -3799.109619140625], [-121.94541, 41.91144, -3051.61083984375], [-121.94881, 41.90603, -4013.073974609375], [-121.95482, 41.9137, -3799.109619140625]]], [[[-121.85344, 41.81432, -27.232881546020508], [-121.84752, 41.81191, 817.07861328125], [-121.84916, 41.80454, -15.18627643585205], [-121.85344, 41.81432, -27.232881546020508]]], [[[-121.92605, 41.91384, -868.7251586914062], [-121.93237, 41.91943, -925.7160034179688], [-121.92386, 41.92031, -94.03132629394531], [-121.92605, 41.91384, -868.7251586914062]]], [[[-121.93237, 41.91943, -925.7160034179688], [-121.93044, 41.92592, -149.9013214111328], [-121.92386, 41.92031, -94.03132629394531], [-121.93237, 41.91943, -925.7160034179688]]], [[[-121.93044, 41.92592, -149.9013214111328], [-121.92174, 41.92721, 610.5018310546875], [-121.92386, 41.92031, -94.03132629394531], [-121.93044, 41.92592, -149.9013214111328]]], [[[-121.92921, 41.93289, 565.8905639648438], [-121.92999, 41.93972, 1298.7919921875], [-121.92042, 41.93414, 1326.6444091796875], [-121.92921, 41.93289, 565.8905639648438]]], [[[-121.93903, 41.9377, 572.5068359375], [-121.94027, 41.94462, 1290.6448974609375], [-121.92999, 41.93972, 1298.7919921875], [-121.93903, 41.9377, 572.5068359375]]]]}}]}