{"type": "FeatureCollection", "features": [{"type": "Feature", "properties": {"name": "North Nitinat", "CFM_ID": 120, "region": "Offshore_WAOR", "primary_state/province": "WA", "secondary_state/province": null, "avg_dip": 90, "dip_dir": "vertical", "rake": 0, "slip_sense": "Sinistral", "fault_level": 1, "NSHM23_sliprates": null, "QFFDAgeCatBin": "latest Quaternary", "QFFDAgeBin": "<15,000", "upper_depth": -1.6, "upper_depth_constraint": "bathymetry", "lower_depth": -7.2, "lower_depth_constraint": "megathrust", "3D_model_constraints": "trace extended at constant dip", "reference": "Goldfinger et al. (2023)", "nshm23_id": null, "lineage": null, "usgs_qffd_#": "594", "comments": null, "id": "120"}, "geometry": {"type": "MultiPolygon", "coordinates": [[[[-126.28208, 47.27424, -3443.508056640625], [-126.28741, 47.27506, -2503.9140625], [-126.29502, 47.27617, -3439.65234375], [-126.28208, 47.27424, -3443.508056640625]]], [[[-125.34242, 47.06784, -3570.443359375], [-125.33629, 47.06706, -4422.82080078125], [-125.32923, 47.06639, -3564.39794921875], [-125.34242, 47.06784, -3570.443359375]]], [[[-125.96112, 47.22589, -2800.0693359375], [-125.96751, 47.2272, -1927.309814453125], [-125.97372, 47.22772, -2803.978271484375], [-125.96112, 47.22589, -2800.0693359375]]], [[[-126.308, 47.27762, -3432.874267578125], [-126.31853, 47.27843, -4371.271484375], [-126.30544, 47.2774, -4375.03271484375], [-126.308, 47.27762, -3432.874267578125]]], [[[-125.50815, 47.11035, -2595.082763671875], [-125.50216, 47.10837, -1735.78271484375], [-125.51415, 47.11204, -1728.521484375], [-125.50815, 47.11035, -2595.082763671875]]], [[[-125.96112, 47.22589, -2800.0693359375], [-125.95501, 47.22448, -1954.7904052734375], [-125.96751, 47.2272, -1927.309814453125], [-125.96112, 47.22589, -2800.0693359375]]], [[[-125.7592, 47.16578, -4799.50830078125], [-125.77092, 47.17012, -4751.84033203125], [-125.76509, 47.16785, -5700.9599609375], [-125.7592, 47.16578, -4799.50830078125]]], [[[-125.68464, 47.14677, -4976.4990234375], [-125.69695, 47.15053, -4923.88623046875], [-125.69119, 47.14873, -5818.9580078125], [-125.68464, 47.14677, -4976.4990234375]]], [[[-125.58912, 47.12615, -4456.97802734375], [-125.58416, 47.12561, -5427.32763671875], [-125.57636, 47.12452, -4495.25537109375], [-125.58912, 47.12615, -4456.97802734375]]], [[[-126.308, 47.27762, -3432.874267578125], [-126.31335, 47.27803, -2490.39208984375], [-126.321, 47.27874, -3430.51416015625], [-126.308, 47.27762, -3432.874267578125]]], [[[-125.82418, 47.1879, -5795.0537109375], [-125.83055, 47.18987, -4943.83544921875], [-125.83615, 47.19172, -5828.37451171875], [-125.82418, 47.1879, -5795.0537109375]]], [[[-125.88218, 47.2048, -3412.170166015625], [-125.88566, 47.20567, -4238.95556640625], [-125.87347, 47.20262, -4218.09375], [-125.88218, 47.2048, -3412.170166015625]]], [[[-125.62927, 47.13222, -4354.0693359375], [-125.63537, 47.13365, -5211.9326171875], [-125.62284, 47.13095, -5275.76123046875], [-125.62927, 47.13222, -4354.0693359375]]], [[[-125.5204, 47.1136, -2587.588623046875], [-125.50815, 47.11035, -2595.082763671875], [-125.51415, 47.11204, -1728.521484375], [-125.5204, 47.1136, -2587.588623046875]]], [[[-126.23193, 47.26345, -3440.186767578125], [-126.24451, 47.26598, -3434.795166015625], [-126.24186, 47.26535, -4387.8515625], [-126.23193, 47.26345, -3440.186767578125]]], [[[-125.29725, 47.06178, -2679.18017578125], [-125.29119, 47.06029, -1811.244384765625], [-125.30374, 47.06288, -1821.8052978515625], [-125.29725, 47.06178, -2679.18017578125]]], [[[-125.88836, 47.20633, -2550.78515625], [-125.89459, 47.20783, -1689.427001953125], [-125.9005, 47.2092, -2566.631103515625], [-125.88836, 47.20633, -2550.78515625]]], [[[-125.95903, 47.22545, -5206.20751953125], [-125.96466, 47.22672, -4355.8544921875], [-125.97153, 47.2275, -5184.43798828125], [-125.95903, 47.22545, -5206.20751953125]]], [[[-126.23193, 47.26345, -3440.186767578125], [-126.22445, 47.26222, -2487.873291015625], [-126.23726, 47.26429, -2487.054931640625], [-126.23193, 47.26345, -3440.186767578125]]], [[[-125.7575, 47.16518, -2768.3125], [-125.76313, 47.16715, -1757.7042236328125], [-125.76879, 47.16923, -2718.52783203125], [-125.7575, 47.16518, -2768.3125]]], [[[-125.91897, 47.21394, -3418.44580078125], [-125.9225, 47.21499, -4323.298828125], [-125.91023, 47.21156, -4246.9140625], [-125.91897, 47.21394, -3418.44580078125]]], [[[-125.98668, 47.2293, -2830.847412109375], [-125.98054, 47.22838, -1955.179443359375], [-125.99342, 47.23019, -1980.9334716796875], [-125.98668, 47.2293, -2830.847412109375]]], [[[-125.87347, 47.20262, -4218.09375], [-125.86677, 47.20085, -5042.98876953125], [-125.86143, 47.19911, -4197.791015625], [-125.87347, 47.20262, -4218.09375]]], [[[-125.96755, 47.22696, -3619.646728515625], [-125.96466, 47.22672, -4355.8544921875], [-125.95372, 47.22407, -3575.522705078125], [-125.96755, 47.22696, -3619.646728515625]]], [[[-125.76443, 47.16761, -3810.962890625], [-125.7575, 47.16518, -2768.3125], [-125.76879, 47.16923, -2718.52783203125], [-125.76443, 47.16761, -3810.962890625]]], [[[-125.39845, 47.08068, -6047.251953125], [-125.40497, 47.08224, -6901.2919921875], [-125.39251, 47.07927, -6928.66064453125], [-125.39845, 47.08068, -6047.251953125]]], [[[-126.05192, 47.23633, -2941.586181640625], [-126.05811, 47.23717, -1959.7431640625], [-126.06299, 47.23758, -3042.56005859375], [-126.05192, 47.23633, -2941.586181640625]]], [[[-126.42039, 47.2968, -3440.818359375], [-126.42792, 47.29799, -2503.7294921875], [-126.43322, 47.2988, -3451.668212890625], [-126.42039, 47.2968, -3440.818359375]]], [[[-125.93394, 47.21823, -4240.74267578125], [-125.93836, 47.21946, -5117.474609375], [-125.92828, 47.21667, -5133.2333984375], [-125.93394, 47.21823, -4240.74267578125]]], [[[-125.86992, 47.20172, -3411.189208984375], [-125.87347, 47.20262, -4218.09375], [-125.86143, 47.19911, -4197.791015625], [-125.86992, 47.20172, -3411.189208984375]]], [[[-125.91023, 47.21156, -4246.9140625], [-125.91551, 47.21295, -5108.27099609375], [-125.90382, 47.20996, -5134.931640625], [-125.91023, 47.21156, -4246.9140625]]], [[[-125.28541, 47.05894, -4456.98486328125], [-125.2747, 47.05685, -4473.41162109375], [-125.27646, 47.05745, -3560.788330078125], [-125.28541, 47.05894, -4456.98486328125]]], [[[-126.03217, 47.23336, -3911.198486328125], [-126.03717, 47.2341, -4938.16552734375], [-126.0241, 47.23257, -4961.70654296875], [-126.03217, 47.23336, -3911.198486328125]]], [[[-126.06253, 47.23754, -5006.69287109375], [-126.07559, 47.23901, -4968.65087890625], [-126.06954, 47.23808, -5854.46435546875], [-126.06253, 47.23754, -5006.69287109375]]], [[[-126.01092, 47.23153, -4979.9013671875], [-126.01745, 47.23204, -5984.2724609375], [-126.00431, 47.23102, -6007.689453125], [-126.01092, 47.23153, -4979.9013671875]]], [[[-125.36178, 47.07192, -4382.67626953125], [-125.36878, 47.07356, -5197.3876953125], [-125.35781, 47.07098, -5195.40087890625], [-125.36178, 47.07192, -4382.67626953125]]], [[[-126.08846, 47.24099, -4931.00244140625], [-126.09535, 47.24205, -5778.9912109375], [-126.08244, 47.24007, -5818.0810546875], [-126.08846, 47.24099, -4931.00244140625]]], [[[-125.8279, 47.18906, -2617.10400390625], [-125.82183, 47.18718, -1757.9771728515625], [-125.83378, 47.19092, -1750.166259765625], [-125.8279, 47.18906, -2617.10400390625]]], [[[-126.02552, 47.2327, -2956.707763671875], [-126.01954, 47.23221, -2057.135498046875], [-126.03255, 47.23339, -2110.31494140625], [-126.02552, 47.2327, -2956.707763671875]]], [[[-125.62722, 47.1318, -3479.5634765625], [-125.61454, 47.12954, -3482.2978515625], [-125.62184, 47.13069, -2571.6640625], [-125.62722, 47.1318, -3479.5634765625]]], [[[-126.05192, 47.23633, -2941.586181640625], [-126.06299, 47.23758, -3042.56005859375], [-126.05637, 47.23697, -4058.676513671875], [-126.05192, 47.23633, -2941.586181640625]]], [[[-125.91551, 47.21295, -5108.27099609375], [-125.92828, 47.21667, -5133.2333984375], [-125.91969, 47.21413, -6025.05126953125], [-125.91551, 47.21295, -5108.27099609375]]], [[[-125.84563, 47.19461, -3420.91552734375], [-125.83977, 47.19289, -2609.78955078125], [-125.85194, 47.19627, -2602.800537109375], [-125.84563, 47.19461, -3420.91552734375]]], [[[-125.82171, 47.18713, -3379.253662109375], [-125.81118, 47.18372, -3677.251220703125], [-125.81595, 47.1853, -2624.16748046875], [-125.82171, 47.18713, -3379.253662109375]]], [[[-125.88566, 47.20567, -4238.95556640625], [-125.89146, 47.20709, -5102.18798828125], [-125.87905, 47.20401, -5075.22998046875], [-125.88566, 47.20567, -4238.95556640625]]], [[[-126.04521, 47.23534, -3902.56298828125], [-126.03217, 47.23336, -3911.198486328125], [-126.03939, 47.23445, -2954.572265625], [-126.04521, 47.23534, -3902.56298828125]]], [[[-125.96112, 47.22589, -2800.0693359375], [-125.94775, 47.2222, -2720.202392578125], [-125.95501, 47.22448, -1954.7904052734375], [-125.96112, 47.22589, -2800.0693359375]]], [[[-126.18634, 47.25531, -2523.38427734375], [-126.18108, 47.25441, -3486.647216796875], [-126.17355, 47.25324, -2503.2822265625], [-126.18634, 47.25531, -2523.38427734375]]], [[[-126.36986, 47.28735, -4375.1181640625], [-126.38339, 47.28996, -4313.59130859375], [-126.37695, 47.28875, -5306.42822265625], [-126.36986, 47.28735, -4375.1181640625]]], [[[-126.17906, 47.2541, -4651.8447265625], [-126.18585, 47.2552, -5532.94970703125], [-126.17296, 47.25315, -5564.37890625], [-126.17906, 47.2541, -4651.8447265625]]], [[[-125.62284, 47.13095, -5275.76123046875], [-125.63537, 47.13365, -5211.9326171875], [-125.62985, 47.13235, -6111.14013671875], [-125.62284, 47.13095, -5275.76123046875]]], [[[-125.39859, 47.0807, -4372.91162109375], [-125.38647, 47.07784, -4387.173828125], [-125.39244, 47.07925, -3513.169677734375], [-125.39859, 47.0807, -4372.91162109375]]], [[[-126.14727, 47.24907, -4129.28515625], [-126.14123, 47.24812, -3327.285400390625], [-126.15415, 47.25019, -3346.004150390625], [-126.14727, 47.24907, -4129.28515625]]], [[[-126.36986, 47.28735, -4375.1181640625], [-126.37695, 47.28875, -5306.42822265625], [-126.36427, 47.2863, -5304.970703125], [-126.36986, 47.28735, -4375.1181640625]]], [[[-125.64103, 47.13501, -4363.70703125], [-125.63537, 47.13365, -5211.9326171875], [-125.62927, 47.13222, -4354.0693359375], [-125.64103, 47.13501, -4363.70703125]]], [[[-126.16009, 47.25114, -4120.45654296875], [-126.14727, 47.24907, -4129.28515625], [-126.15415, 47.25019, -3346.004150390625], [-126.16009, 47.25114, -4120.45654296875]]], [[[-125.83708, 47.19201, -4155.07666015625], [-125.82457, 47.18802, -4090.4716796875], [-125.83358, 47.19087, -3410.63818359375], [-125.83708, 47.19201, -4155.07666015625]]], [[[-125.7527, 47.16357, -3817.267578125], [-125.74698, 47.1619, -4790.1865234375], [-125.74012, 47.16018, -3783.766357421875], [-125.7527, 47.16357, -3817.267578125]]], [[[-125.558, 47.12169, -2563.4658203125], [-125.56424, 47.12265, -1693.506103515625], [-125.57078, 47.12366, -2570.05859375], [-125.558, 47.12169, -2563.4658203125]]], [[[-126.21912, 47.26134, -3456.148193359375], [-126.22445, 47.26222, -2487.873291015625], [-126.23193, 47.26345, -3440.186767578125], [-126.21912, 47.26134, -3456.148193359375]]], [[[-125.8279, 47.18906, -2617.10400390625], [-125.83378, 47.19092, -1750.166259765625], [-125.83977, 47.19289, -2609.78955078125], [-125.8279, 47.18906, -2617.10400390625]]], [[[-125.83708, 47.19201, -4155.07666015625], [-125.84244, 47.19379, -4976.23876953125], [-125.83055, 47.18987, -4943.83544921875], [-125.83708, 47.19201, -4155.07666015625]]], [[[-125.42205, 47.08727, -4371.97265625], [-125.41039, 47.08368, -4373.2333984375], [-125.41649, 47.08551, -3513.885498046875], [-125.42205, 47.08727, -4371.97265625]]], [[[-126.0241, 47.23257, -4961.70654296875], [-126.03717, 47.2341, -4938.16552734375], [-126.03059, 47.23309, -5953.017578125], [-126.0241, 47.23257, -4961.70654296875]]], [[[-125.64052, 47.13489, -3505.107421875], [-125.62927, 47.13222, -4354.0693359375], [-125.62722, 47.1318, -3479.5634765625], [-125.64052, 47.13489, -3505.107421875]]], [[[-126.39528, 47.29188, -3437.597900390625], [-126.38339, 47.28996, -4313.59130859375], [-126.38338, 47.28998, -3361.5615234375], [-126.39528, 47.29188, -3437.597900390625]]], [[[-125.83977, 47.19289, -2609.78955078125], [-125.83378, 47.19092, -1750.166259765625], [-125.84571, 47.19469, -1743.3614501953125], [-125.83977, 47.19289, -2609.78955078125]]], [[[-125.49022, 47.1052, -3476.11865234375], [-125.47813, 47.10228, -3496.43310546875], [-125.48392, 47.10372, -2617.782470703125], [-125.49022, 47.1052, -3476.11865234375]]], [[[-125.93122, 47.21756, -1610.7056884765625], [-125.92534, 47.21585, -2519.61865234375], [-125.91927, 47.214, -1704.343017578125], [-125.93122, 47.21756, -1610.7056884765625]]], [[[-126.14039, 47.24799, -4845.76806640625], [-126.15339, 47.25007, -4829.7880859375], [-126.1472, 47.24903, -5628.9501953125], [-126.14039, 47.24799, -4845.76806640625]]], [[[-126.45505, 47.30332, -3969.805908203125], [-126.466, 47.305, -3486.000732421875], [-126.466, 47.305, -4472.86572265625], [-126.45505, 47.30332, -3969.805908203125]]], [[[-125.89426, 47.20773, -3425.88330078125], [-125.88218, 47.2048, -3412.170166015625], [-125.88836, 47.20633, -2550.78515625], [-125.89426, 47.20773, -3425.88330078125]]], [[[-125.63424, 47.13337, -2601.494873046875], [-125.64081, 47.13495, -1756.7685546875], [-125.64706, 47.13651, -2616.29150390625], [-125.63424, 47.13337, -2601.494873046875]]], [[[-125.67131, 47.14308, -2596.60009765625], [-125.66546, 47.14114, -1730.6885986328125], [-125.67741, 47.14487, -1736.53125], [-125.67131, 47.14308, -2596.60009765625]]], [[[-125.91897, 47.21394, -3418.44580078125], [-125.90678, 47.21071, -3419.05419921875], [-125.91333, 47.21236, -2573.965576171875], [-125.91897, 47.21394, -3418.44580078125]]], [[[-126.17218, 47.25303, -3949.569580078125], [-126.16009, 47.25114, -4120.45654296875], [-126.16671, 47.25219, -3295.181884765625], [-126.17218, 47.25303, -3949.569580078125]]], [[[-125.77521, 47.17175, -3661.880615234375], [-125.76879, 47.16923, -2718.52783203125], [-125.78026, 47.1738, -2670.3583984375], [-125.77521, 47.17175, -3661.880615234375]]], [[[-125.94775, 47.2222, -2720.202392578125], [-125.93587, 47.21875, -2550.952880859375], [-125.94329, 47.22076, -1787.5166015625], [-125.94775, 47.2222, -2720.202392578125]]], [[[-125.29615, 47.06134, -5338.2392578125], [-125.28541, 47.05894, -4456.98486328125], [-125.29783, 47.06184, -4440.04052734375], [-125.29615, 47.06134, -5338.2392578125]]], [[[-126.10816, 47.24402, -4098.15673828125], [-126.1024, 47.24314, -3218.865478515625], [-126.11496, 47.24507, -3262.670166015625], [-126.10816, 47.24402, -4098.15673828125]]], [[[-126.11496, 47.24507, -3262.670166015625], [-126.1092, 47.24418, -2371.62255859375], [-126.12204, 47.24606, -2428.02880859375], [-126.11496, 47.24507, -3262.670166015625]]], [[[-126.12827, 47.24657, -3303.851806640625], [-126.13508, 47.24719, -2452.0205078125], [-126.14123, 47.24812, -3327.285400390625], [-126.12827, 47.24657, -3303.851806640625]]], [[[-125.65374, 47.13809, -3464.5908203125], [-125.66544, 47.14122, -3387.772705078125], [-125.66576, 47.14127, -4194.45458984375], [-125.65374, 47.13809, -3464.5908203125]]], [[[-125.67131, 47.14308, -2596.60009765625], [-125.6596, 47.13947, -2603.0], [-125.66546, 47.14114, -1730.6885986328125], [-125.67131, 47.14308, -2596.60009765625]]], [[[-125.95903, 47.22545, -5206.20751953125], [-125.9651, 47.227, -6059.16455078125], [-125.95272, 47.22391, -6063.10595703125], [-125.95903, 47.22545, -5206.20751953125]]], [[[-126.15339, 47.25007, -4829.7880859375], [-126.16006, 47.25116, -5595.9345703125], [-126.1472, 47.24903, -5628.9501953125], [-126.15339, 47.25007, -4829.7880859375]]], [[[-126.42792, 47.29799, -2503.7294921875], [-126.44077, 47.29998, -2504.691650390625], [-126.43322, 47.2988, -3451.668212890625], [-126.42792, 47.29799, -2503.7294921875]]], [[[-125.27584, 47.05744, -6238.84814453125], [-125.2767, 47.05757, -7144.42236328125], [-125.26326, 47.05257, -7154.91064453125], [-125.27584, 47.05744, -6238.84814453125]]], [[[-125.86992, 47.20172, -3411.189208984375], [-125.86143, 47.19911, -4197.791015625], [-125.85787, 47.198, -3423.773681640625], [-125.86992, 47.20172, -3411.189208984375]]], [[[-126.27958, 47.27382, -4380.92236328125], [-126.29244, 47.27583, -4378.8115234375], [-126.28738, 47.27417, -5306.05712890625], [-126.27958, 47.27382, -4380.92236328125]]], [[[-126.12107, 47.2459, -4105.54736328125], [-126.11496, 47.24507, -3262.670166015625], [-126.12827, 47.24657, -3303.851806640625], [-126.12107, 47.2459, -4105.54736328125]]], [[[-125.73414, 47.15886, -4734.63623046875], [-125.74698, 47.1619, -4790.1865234375], [-125.74107, 47.1604, -5705.22802734375], [-125.73414, 47.15886, -4734.63623046875]]], [[[-126.26689, 47.27136, -4378.5947265625], [-126.27462, 47.27193, -5305.8466796875], [-126.26187, 47.26969, -5305.63623046875], [-126.26689, 47.27136, -4378.5947265625]]], [[[-125.70194, 47.15192, -3832.289306640625], [-125.70932, 47.15378, -4778.06298828125], [-125.69695, 47.15053, -4923.88623046875], [-125.70194, 47.15192, -3832.289306640625]]], [[[-126.12107, 47.2459, -4105.54736328125], [-126.10816, 47.24402, -4098.15673828125], [-126.11496, 47.24507, -3262.670166015625], [-126.12107, 47.2459, -4105.54736328125]]], [[[-125.66544, 47.14122, -3387.772705078125], [-125.67682, 47.14463, -3428.01708984375], [-125.66576, 47.14127, -4194.45458984375], [-125.66544, 47.14122, -3387.772705078125]]], [[[-125.88566, 47.20567, -4238.95556640625], [-125.87905, 47.20401, -5075.22998046875], [-125.87347, 47.20262, -4218.09375], [-125.88566, 47.20567, -4238.95556640625]]], [[[-125.49639, 47.10674, -4263.06884765625], [-125.50825, 47.11033, -4242.1396484375], [-125.50215, 47.10845, -4964.72900390625], [-125.49639, 47.10674, -4263.06884765625]]], [[[-126.34644, 47.28323, -3431.40869140625], [-126.35168, 47.2841, -2490.489501953125], [-126.35921, 47.28532, -3432.2138671875], [-126.34644, 47.28323, -3431.40869140625]]], [[[-125.2747, 47.05685, -4473.41162109375], [-125.2755, 47.05709, -5295.0439453125], [-125.26538, 47.05359, -4996.19580078125], [-125.2747, 47.05685, -4473.41162109375]]], [[[-125.76443, 47.16761, -3810.962890625], [-125.7527, 47.16357, -3817.267578125], [-125.7575, 47.16518, -2768.3125], [-125.76443, 47.16761, -3810.962890625]]], [[[-125.48411, 47.10373, -5814.4013671875], [-125.49645, 47.10682, -5770.89501953125], [-125.4908, 47.10534, -6660.00830078125], [-125.48411, 47.10373, -5814.4013671875]]], [[[-125.84244, 47.19379, -4976.23876953125], [-125.84826, 47.19531, -5860.81689453125], [-125.83615, 47.19172, -5828.37451171875], [-125.84244, 47.19379, -4976.23876953125]]], [[[-126.44565, 47.30118, -3457.01318359375], [-126.45315, 47.30302, -2502.19091796875], [-126.45505, 47.30332, -3969.805908203125], [-126.44565, 47.30118, -3457.01318359375]]], [[[-125.58912, 47.12615, -4456.97802734375], [-125.57833, 47.12479, -3508.51806640625], [-125.59089, 47.12645, -3493.757568359375], [-125.58912, 47.12615, -4456.97802734375]]], [[[-126.3971, 47.2922, -4380.21630859375], [-126.40768, 47.29434, -3437.653076171875], [-126.4099, 47.29482, -4376.97216796875], [-126.3971, 47.2922, -4380.21630859375]]], [[[-126.16662, 47.25217, -4774.79150390625], [-126.17296, 47.25315, -5564.37890625], [-126.16006, 47.25116, -5595.9345703125], [-126.16662, 47.25217, -4774.79150390625]]], [[[-126.38338, 47.28998, -3361.5615234375], [-126.37171, 47.28773, -3434.795654296875], [-126.37699, 47.28897, -2497.65625], [-126.38338, 47.28998, -3361.5615234375]]], [[[-125.91333, 47.21236, -2573.965576171875], [-125.90701, 47.21076, -1718.534423828125], [-125.91927, 47.214, -1704.343017578125], [-125.91333, 47.21236, -2573.965576171875]]], [[[-125.57138, 47.12375, -5493.32421875], [-125.57834, 47.12482, -6336.72607421875], [-125.56547, 47.12284, -6384.3544921875], [-125.57138, 47.12375, -5493.32421875]]], [[[-126.22905, 47.26294, -4409.85400390625], [-126.21612, 47.26086, -4446.9765625], [-126.21912, 47.26134, -3456.148193359375], [-126.22905, 47.26294, -4409.85400390625]]], [[[-125.95903, 47.22545, -5206.20751953125], [-125.97153, 47.2275, -5184.43798828125], [-125.9651, 47.227, -6059.16455078125], [-125.95903, 47.22545, -5206.20751953125]]], [[[-125.70194, 47.15192, -3832.289306640625], [-125.69695, 47.15053, -4923.88623046875], [-125.69052, 47.1485, -4197.7421875], [-125.70194, 47.15192, -3832.289306640625]]], [[[-125.64052, 47.13489, -3505.107421875], [-125.64103, 47.13501, -4363.70703125], [-125.62927, 47.13222, -4354.0693359375], [-125.64052, 47.13489, -3505.107421875]]], [[[-125.86397, 47.19995, -2593.8369140625], [-125.86988, 47.20172, -1725.5404052734375], [-125.87647, 47.20337, -2568.1435546875], [-125.86397, 47.19995, -2593.8369140625]]], [[[-125.36142, 47.07185, -2689.320068359375], [-125.34892, 47.06887, -2704.34814453125], [-125.35504, 47.07026, -1836.5672607421875], [-125.36142, 47.07185, -2689.320068359375]]], [[[-126.44565, 47.30118, -3457.01318359375], [-126.44077, 47.29998, -2504.691650390625], [-126.45315, 47.30302, -2502.19091796875], [-126.44565, 47.30118, -3457.01318359375]]], [[[-125.42248, 47.08747, -2652.8505859375], [-125.42869, 47.08917, -1795.690673828125], [-125.43437, 47.09059, -2680.532470703125], [-125.42248, 47.08747, -2652.8505859375]]], [[[-125.99082, 47.2299, -4327.6708984375], [-126.00485, 47.23107, -3921.1435546875], [-125.99813, 47.23053, -5070.1171875], [-125.99082, 47.2299, -4327.6708984375]]], [[[-125.76443, 47.16761, -3810.962890625], [-125.7592, 47.16578, -4799.50830078125], [-125.7527, 47.16357, -3817.267578125], [-125.76443, 47.16761, -3810.962890625]]], [[[-125.78208, 47.17448, -4706.62841796875], [-125.79384, 47.17857, -4714.68798828125], [-125.7881, 47.1767, -5720.35546875], [-125.78208, 47.17448, -4706.62841796875]]], [[[-125.93836, 47.21946, -5117.474609375], [-125.94242, 47.22047, -6050.00439453125], [-125.93391, 47.21823, -6042.05322265625], [-125.93836, 47.21946, -5117.474609375]]], [[[-125.85194, 47.19627, -2602.800537109375], [-125.84571, 47.19469, -1743.3614501953125], [-125.85794, 47.19797, -1736.218994140625], [-125.85194, 47.19627, -2602.800537109375]]], [[[-125.71573, 47.15532, -5741.70556640625], [-125.72159, 47.1566, -4700.49462890625], [-125.72838, 47.1579, -5722.0693359375], [-125.71573, 47.15532, -5741.70556640625]]], [[[-125.64052, 47.13489, -3505.107421875], [-125.65285, 47.13788, -4263.134765625], [-125.64103, 47.13501, -4363.70703125], [-125.64052, 47.13489, -3505.107421875]]], [[[-125.37999, 47.07626, -5218.171875], [-125.3741, 47.07484, -6085.4541015625], [-125.36878, 47.07356, -5197.3876953125], [-125.37999, 47.07626, -5218.171875]]], [[[-126.04955, 47.23595, -4991.2919921875], [-126.05641, 47.23703, -5893.1630859375], [-126.04349, 47.23508, -5924.37548828125], [-126.04955, 47.23595, -4991.2919921875]]], [[[-125.4723, 47.10065, -4324.44091796875], [-125.4777, 47.10212, -5046.25439453125], [-125.4656, 47.09859, -5066.10888671875], [-125.4723, 47.10065, -4324.44091796875]]], [[[-126.08187, 47.23998, -3991.36328125], [-126.07559, 47.23901, -4968.65087890625], [-126.06876, 47.23812, -4057.961181640625], [-126.08187, 47.23998, -3991.36328125]]], [[[-126.04955, 47.23595, -4991.2919921875], [-126.06253, 47.23754, -5006.69287109375], [-126.05641, 47.23703, -5893.1630859375], [-126.04955, 47.23595, -4991.2919921875]]], [[[-125.90678, 47.21071, -3419.05419921875], [-125.9005, 47.2092, -2566.631103515625], [-125.91333, 47.21236, -2573.965576171875], [-125.90678, 47.21071, -3419.05419921875]]], [[[-126.35691, 47.28491, -4370.74658203125], [-126.36986, 47.28735, -4375.1181640625], [-126.36427, 47.2863, -5304.970703125], [-126.35691, 47.28491, -4370.74658203125]]], [[[-125.90678, 47.21071, -3419.05419921875], [-125.89793, 47.2086, -4251.533203125], [-125.89426, 47.20773, -3425.88330078125], [-125.90678, 47.21071, -3419.05419921875]]], [[[-125.96755, 47.22696, -3619.646728515625], [-125.95372, 47.22407, -3575.522705078125], [-125.96112, 47.22589, -2800.0693359375], [-125.96755, 47.22696, -3619.646728515625]]], [[[-126.21912, 47.26134, -3456.148193359375], [-126.21167, 47.26012, -2515.75537109375], [-126.22445, 47.26222, -2487.873291015625], [-126.21912, 47.26134, -3456.148193359375]]], [[[-125.91551, 47.21295, -5108.27099609375], [-125.91969, 47.21413, -6025.05126953125], [-125.90965, 47.21141, -6006.33251953125], [-125.91551, 47.21295, -5108.27099609375]]], [[[-126.43322, 47.2988, -3451.668212890625], [-126.44077, 47.29998, -2504.691650390625], [-126.44565, 47.30118, -3457.01318359375], [-126.43322, 47.2988, -3451.668212890625]]], [[[-125.92828, 47.21667, -5133.2333984375], [-125.93836, 47.21946, -5117.474609375], [-125.93391, 47.21823, -6042.05322265625], [-125.92828, 47.21667, -5133.2333984375]]], [[[-125.92989, 47.21719, -3433.592529296875], [-125.9225, 47.21499, -4323.298828125], [-125.91897, 47.21394, -3418.44580078125], [-125.92989, 47.21719, -3433.592529296875]]], [[[-126.08846, 47.24099, -4931.00244140625], [-126.10138, 47.24298, -4892.72412109375], [-126.09535, 47.24205, -5778.9912109375], [-126.08846, 47.24099, -4931.00244140625]]], [[[-126.3971, 47.2922, -4380.21630859375], [-126.39528, 47.29188, -3437.597900390625], [-126.40768, 47.29434, -3437.653076171875], [-126.3971, 47.2922, -4380.21630859375]]], [[[-125.7204, 47.15638, -2605.85986328125], [-125.72647, 47.15759, -1678.067626953125], [-125.73321, 47.15876, -2664.340087890625], [-125.7204, 47.15638, -2605.85986328125]]], [[[-125.68352, 47.1464, -2602.2001953125], [-125.67741, 47.14487, -1736.53125], [-125.68961, 47.14819, -1741.9385986328125], [-125.68352, 47.1464, -2602.2001953125]]], [[[-125.48392, 47.10372, -2617.782470703125], [-125.48991, 47.10515, -1745.3546142578125], [-125.49623, 47.10663, -2603.390869140625], [-125.48392, 47.10372, -2617.782470703125]]], [[[-126.38338, 47.28998, -3361.5615234375], [-126.38339, 47.28996, -4313.59130859375], [-126.37171, 47.28773, -3434.795654296875], [-126.38338, 47.28998, -3361.5615234375]]], [[[-125.76443, 47.16761, -3810.962890625], [-125.77092, 47.17012, -4751.84033203125], [-125.7592, 47.16578, -4799.50830078125], [-125.76443, 47.16761, -3810.962890625]]], [[[-126.00485, 47.23107, -3921.1435546875], [-125.99964, 47.23066, -2857.484619140625], [-126.01243, 47.23165, -2931.69580078125], [-126.00485, 47.23107, -3921.1435546875]]], [[[-125.81118, 47.18372, -3677.251220703125], [-125.82457, 47.18802, -4090.4716796875], [-125.81781, 47.18591, -4824.01513671875], [-125.81118, 47.18372, -3677.251220703125]]], [[[-126.03217, 47.23336, -3911.198486328125], [-126.0241, 47.23257, -4961.70654296875], [-126.01844, 47.23211, -3920.90673828125], [-126.03217, 47.23336, -3911.198486328125]]], [[[-125.89793, 47.2086, -4251.533203125], [-125.90382, 47.20996, -5134.931640625], [-125.89146, 47.20709, -5102.18798828125], [-125.89793, 47.2086, -4251.533203125]]], [[[-125.65374, 47.13809, -3464.5908203125], [-125.64706, 47.13651, -2616.29150390625], [-125.6596, 47.13947, -2603.0], [-125.65374, 47.13809, -3464.5908203125]]], [[[-125.34911, 47.069, -4423.4970703125], [-125.36178, 47.07192, -4382.67626953125], [-125.35781, 47.07098, -5195.40087890625], [-125.34911, 47.069, -4423.4970703125]]], [[[-125.33985, 47.06755, -6102.55126953125], [-125.34396, 47.06807, -7021.84912109375], [-125.33478, 47.06683, -7040.30322265625], [-125.33985, 47.06755, -6102.55126953125]]], [[[-126.15415, 47.25019, -3346.004150390625], [-126.14792, 47.24916, -2474.692138671875], [-126.16071, 47.25126, -2489.066650390625], [-126.15415, 47.25019, -3346.004150390625]]], [[[-125.26554, 47.05363, -5998.57080078125], [-125.255, 47.05, -6346.86962890625], [-125.255, 47.05, -5457.9765625], [-125.26554, 47.05363, -5998.57080078125]]], [[[-125.68938, 47.14819, -3449.7548828125], [-125.67682, 47.14463, -3428.01708984375], [-125.68352, 47.1464, -2602.2001953125], [-125.68938, 47.14819, -3449.7548828125]]], [[[-125.94801, 47.22231, -5168.7412109375], [-125.95903, 47.22545, -5206.20751953125], [-125.95272, 47.22391, -6063.10595703125], [-125.94801, 47.22231, -5168.7412109375]]], [[[-125.29615, 47.06134, -5338.2392578125], [-125.28485, 47.05904, -5435.0419921875], [-125.28541, 47.05894, -4456.98486328125], [-125.29615, 47.06134, -5338.2392578125]]], [[[-126.40768, 47.29434, -3437.653076171875], [-126.42039, 47.2968, -3440.818359375], [-126.4099, 47.29482, -4376.97216796875], [-126.40768, 47.29434, -3437.653076171875]]], [[[-126.11496, 47.24507, -3262.670166015625], [-126.12204, 47.24606, -2428.02880859375], [-126.12827, 47.24657, -3303.851806640625], [-126.11496, 47.24507, -3262.670166015625]]], [[[-125.86397, 47.19995, -2593.8369140625], [-125.85794, 47.19797, -1736.218994140625], [-125.86988, 47.20172, -1725.5404052734375], [-125.86397, 47.19995, -2593.8369140625]]], [[[-126.08957, 47.24116, -3184.270263671875], [-126.08354, 47.24024, -2304.365966796875], [-126.09637, 47.24221, -2338.871826171875], [-126.08957, 47.24116, -3184.270263671875]]], [[[-125.94801, 47.22231, -5168.7412109375], [-125.95272, 47.22391, -6063.10595703125], [-125.94242, 47.22047, -6050.00439453125], [-125.94801, 47.22231, -5168.7412109375]]], [[[-126.33141, 47.28027, -4369.67431640625], [-126.33879, 47.28176, -5301.00390625], [-126.32604, 47.2795, -5302.44873046875], [-126.33141, 47.28027, -4369.67431640625]]], [[[-125.57833, 47.12479, -3508.51806640625], [-125.57078, 47.12366, -2570.05859375], [-125.58351, 47.12559, -2545.960205078125], [-125.57833, 47.12479, -3508.51806640625]]], [[[-125.33291, 47.06667, -5237.13818359375], [-125.32838, 47.06629, -6170.61767578125], [-125.3206, 47.06548, -5301.5185546875], [-125.33291, 47.06667, -5237.13818359375]]], [[[-126.04521, 47.23534, -3902.56298828125], [-126.05637, 47.23697, -4058.676513671875], [-126.04955, 47.23595, -4991.2919921875], [-126.04521, 47.23534, -3902.56298828125]]], [[[-125.26536, 47.05355, -4062.797119140625], [-125.255, 47.05, -3611.19873046875], [-125.26512, 47.05346, -3070.1728515625], [-125.26536, 47.05355, -4062.797119140625]]], [[[-126.38339, 47.28996, -4313.59130859375], [-126.36986, 47.28735, -4375.1181640625], [-126.37171, 47.28773, -3434.795654296875], [-126.38339, 47.28996, -4313.59130859375]]], [[[-125.3741, 47.07484, -6085.4541015625], [-125.37999, 47.07626, -5218.171875], [-125.38601, 47.07771, -6073.63330078125], [-125.3741, 47.07484, -6085.4541015625]]], [[[-125.57636, 47.12452, -4495.25537109375], [-125.57138, 47.12375, -5493.32421875], [-125.56489, 47.12275, -4658.2333984375], [-125.57636, 47.12452, -4495.25537109375]]], [[[-126.34644, 47.28323, -3431.40869140625], [-126.3389, 47.28194, -2493.715087890625], [-126.35168, 47.2841, -2490.489501953125], [-126.34644, 47.28323, -3431.40869140625]]], [[[-125.7575, 47.16518, -2768.3125], [-125.75138, 47.16313, -1769.5521240234375], [-125.76313, 47.16715, -1757.7042236328125], [-125.7575, 47.16518, -2768.3125]]], [[[-126.04521, 47.23534, -3902.56298828125], [-126.03939, 47.23445, -2954.572265625], [-126.05192, 47.23633, -2941.586181640625], [-126.04521, 47.23534, -3902.56298828125]]], [[[-126.03217, 47.23336, -3911.198486328125], [-126.01844, 47.23211, -3920.90673828125], [-126.02552, 47.2327, -2956.707763671875], [-126.03217, 47.23336, -3911.198486328125]]], [[[-125.38601, 47.07771, -6073.63330078125], [-125.39197, 47.07914, -5196.7509765625], [-125.39845, 47.08068, -6047.251953125], [-125.38601, 47.07771, -6073.63330078125]]], [[[-126.29502, 47.27617, -3439.65234375], [-126.28741, 47.27506, -2503.9140625], [-126.30027, 47.27698, -2496.40185546875], [-126.29502, 47.27617, -3439.65234375]]], [[[-125.78208, 47.17448, -4706.62841796875], [-125.7881, 47.1767, -5720.35546875], [-125.77656, 47.17232, -5708.6416015625], [-125.78208, 47.17448, -4706.62841796875]]], [[[-125.5585, 47.12177, -5541.2998046875], [-125.56547, 47.12284, -6384.3544921875], [-125.5526, 47.12086, -6432.6875], [-125.5585, 47.12177, -5541.2998046875]]], [[[-126.08187, 47.23998, -3991.36328125], [-126.07579, 47.23904, -3118.8876953125], [-126.08957, 47.24116, -3184.270263671875], [-126.08187, 47.23998, -3991.36328125]]], [[[-126.12107, 47.2459, -4105.54736328125], [-126.13427, 47.24718, -4121.7841796875], [-126.12729, 47.24648, -4868.33984375], [-126.12107, 47.2459, -4105.54736328125]]], [[[-125.70157, 47.15189, -1734.76416015625], [-125.71394, 47.1549, -1699.7027587890625], [-125.7078, 47.15345, -2697.177490234375], [-125.70157, 47.15189, -1734.76416015625]]], [[[-126.0956, 47.24209, -4062.391357421875], [-126.08187, 47.23998, -3991.36328125], [-126.08957, 47.24116, -3184.270263671875], [-126.0956, 47.24209, -4062.391357421875]]], [[[-125.81595, 47.1853, -2624.16748046875], [-125.80997, 47.18332, -1764.2796630859375], [-125.82183, 47.18718, -1757.9771728515625], [-125.81595, 47.1853, -2624.16748046875]]], [[[-125.73321, 47.15876, -2664.340087890625], [-125.73913, 47.15997, -1696.83447265625], [-125.74538, 47.16147, -2753.741943359375], [-125.73321, 47.15876, -2664.340087890625]]], [[[-126.03217, 47.23336, -3911.198486328125], [-126.02552, 47.2327, -2956.707763671875], [-126.03939, 47.23445, -2954.572265625], [-126.03217, 47.23336, -3911.198486328125]]], [[[-125.67233, 47.14334, -5032.59228515625], [-125.68464, 47.14677, -4976.4990234375], [-125.67903, 47.14525, -5868.08544921875], [-125.67233, 47.14334, -5032.59228515625]]], [[[-125.87905, 47.20401, -5075.22998046875], [-125.88495, 47.20549, -5958.63037109375], [-125.87254, 47.20238, -5928.064453125], [-125.87905, 47.20401, -5075.22998046875]]], [[[-126.39528, 47.29188, -3437.597900390625], [-126.3971, 47.2922, -4380.21630859375], [-126.38339, 47.28996, -4313.59130859375], [-126.39528, 47.29188, -3437.597900390625]]], [[[-125.31005, 47.06385, -2689.197265625], [-125.30374, 47.06288, -1821.8052978515625], [-125.31654, 47.06484, -1830.541748046875], [-125.31005, 47.06385, -2689.197265625]]], [[[-126.36986, 47.28735, -4375.1181640625], [-126.35691, 47.28491, -4370.74658203125], [-126.35921, 47.28532, -3432.2138671875], [-126.36986, 47.28735, -4375.1181640625]]], [[[-125.57078, 47.12366, -2570.05859375], [-125.57705, 47.12461, -1685.1483154296875], [-125.58351, 47.12559, -2545.960205078125], [-125.57078, 47.12366, -2570.05859375]]], [[[-125.61655, 47.12985, -4394.400390625], [-125.62284, 47.13095, -5275.76123046875], [-125.61006, 47.12886, -5316.912109375], [-125.61655, 47.12985, -4394.400390625]]], [[[-125.65472, 47.13832, -5983.548828125], [-125.66029, 47.13971, -5088.7626953125], [-125.66695, 47.14165, -5925.6162109375], [-125.65472, 47.13832, -5983.548828125]]], [[[-126.08957, 47.24116, -3184.270263671875], [-126.1024, 47.24314, -3218.865478515625], [-126.0956, 47.24209, -4062.391357421875], [-126.08957, 47.24116, -3184.270263671875]]], [[[-125.56489, 47.12275, -4658.2333984375], [-125.56555, 47.12285, -3531.9541015625], [-125.57636, 47.12452, -4495.25537109375], [-125.56489, 47.12275, -4658.2333984375]]], [[[-125.70932, 47.15378, -4778.06298828125], [-125.71573, 47.15532, -5741.70556640625], [-125.70328, 47.15231, -5780.63037109375], [-125.70932, 47.15378, -4778.06298828125]]], [[[-125.696, 47.15028, -2684.305419921875], [-125.70157, 47.15189, -1734.76416015625], [-125.7078, 47.15345, -2697.177490234375], [-125.696, 47.15028, -2684.305419921875]]], [[[-125.79856, 47.17999, -3654.38525390625], [-125.792, 47.17797, -2668.900634765625], [-125.80412, 47.18154, -2674.094970703125], [-125.79856, 47.17999, -3654.38525390625]]], [[[-126.02552, 47.2327, -2956.707763671875], [-126.03255, 47.23339, -2110.31494140625], [-126.03939, 47.23445, -2954.572265625], [-126.02552, 47.2327, -2956.707763671875]]], [[[-125.57636, 47.12452, -4495.25537109375], [-125.58416, 47.12561, -5427.32763671875], [-125.57138, 47.12375, -5493.32421875], [-125.57636, 47.12452, -4495.25537109375]]], [[[-125.89146, 47.20709, -5102.18798828125], [-125.90382, 47.20996, -5134.931640625], [-125.89743, 47.20848, -5984.70361328125], [-125.89146, 47.20709, -5102.18798828125]]], [[[-125.85787, 47.198, -3423.773681640625], [-125.85194, 47.19627, -2602.800537109375], [-125.86397, 47.19995, -2593.8369140625], [-125.85787, 47.198, -3423.773681640625]]], [[[-125.65285, 47.13788, -4263.134765625], [-125.64783, 47.13668, -5147.970703125], [-125.64103, 47.13501, -4363.70703125], [-125.65285, 47.13788, -4263.134765625]]], [[[-125.96755, 47.22696, -3619.646728515625], [-125.97756, 47.22797, -4376.62109375], [-125.96466, 47.22672, -4355.8544921875], [-125.96755, 47.22696, -3619.646728515625]]], [[[-126.35921, 47.28532, -3432.2138671875], [-126.37171, 47.28773, -3434.795654296875], [-126.36986, 47.28735, -4375.1181640625], [-126.35921, 47.28532, -3432.2138671875]]], [[[-126.24451, 47.26598, -3434.795166015625], [-126.24972, 47.26718, -2489.6904296875], [-126.25693, 47.26896, -3435.586181640625], [-126.24451, 47.26598, -3434.795166015625]]], [[[-125.26554, 47.05363, -5998.57080078125], [-125.26538, 47.05359, -4996.19580078125], [-125.2755, 47.05709, -5295.0439453125], [-125.26554, 47.05363, -5998.57080078125]]], [[[-125.36346, 47.07229, -6081.54931640625], [-125.36851, 47.0735, -6976.9189453125], [-125.35847, 47.07112, -6995.73583984375], [-125.36346, 47.07229, -6081.54931640625]]], [[[-125.93394, 47.21823, -4240.74267578125], [-125.92828, 47.21667, -5133.2333984375], [-125.9225, 47.21499, -4323.298828125], [-125.93394, 47.21823, -4240.74267578125]]], [[[-125.26536, 47.05355, -4062.797119140625], [-125.26538, 47.05359, -4996.19580078125], [-125.255, 47.05, -4534.587890625], [-125.26536, 47.05355, -4062.797119140625]]], [[[-126.14727, 47.24907, -4129.28515625], [-126.15339, 47.25007, -4829.7880859375], [-126.14039, 47.24799, -4845.76806640625], [-126.14727, 47.24907, -4129.28515625]]], [[[-125.76879, 47.16923, -2718.52783203125], [-125.76313, 47.16715, -1757.7042236328125], [-125.77462, 47.17149, -1773.243896484375], [-125.76879, 47.16923, -2718.52783203125]]], [[[-125.66576, 47.14127, -4194.45458984375], [-125.6784, 47.14511, -4186.50341796875], [-125.67233, 47.14334, -5032.59228515625], [-125.66576, 47.14127, -4194.45458984375]]], [[[-126.06876, 47.23812, -4057.961181640625], [-126.06253, 47.23754, -5006.69287109375], [-126.05637, 47.23697, -4058.676513671875], [-126.06876, 47.23812, -4057.961181640625]]], [[[-126.42039, 47.2968, -3440.818359375], [-126.41508, 47.296, -2503.83642578125], [-126.42792, 47.29799, -2503.7294921875], [-126.42039, 47.2968, -3440.818359375]]], [[[-125.66544, 47.14122, -3387.772705078125], [-125.65374, 47.13809, -3464.5908203125], [-125.6596, 47.13947, -2603.0], [-125.66544, 47.14122, -3387.772705078125]]], [[[-126.10138, 47.24298, -4892.72412109375], [-126.10825, 47.24404, -5741.638671875], [-126.09535, 47.24205, -5778.9912109375], [-126.10138, 47.24298, -4892.72412109375]]], [[[-125.92989, 47.21719, -3433.592529296875], [-125.93587, 47.21875, -2550.952880859375], [-125.94092, 47.22015, -3432.514404296875], [-125.92989, 47.21719, -3433.592529296875]]], [[[-125.62184, 47.13069, -2571.6640625], [-125.62841, 47.13202, -1721.2884521484375], [-125.63424, 47.13337, -2601.494873046875], [-125.62184, 47.13069, -2571.6640625]]], [[[-126.42039, 47.2968, -3440.818359375], [-126.40768, 47.29434, -3437.653076171875], [-126.41508, 47.296, -2503.83642578125], [-126.42039, 47.2968, -3440.818359375]]], [[[-126.23193, 47.26345, -3440.186767578125], [-126.23726, 47.26429, -2487.054931640625], [-126.24451, 47.26598, -3434.795166015625], [-126.23193, 47.26345, -3440.186767578125]]], [[[-125.92989, 47.21719, -3433.592529296875], [-125.92534, 47.21585, -2519.61865234375], [-125.93587, 47.21875, -2550.952880859375], [-125.92989, 47.21719, -3433.592529296875]]], [[[-126.35921, 47.28532, -3432.2138671875], [-126.36451, 47.28612, -2491.472412109375], [-126.37171, 47.28773, -3434.795654296875], [-126.35921, 47.28532, -3432.2138671875]]], [[[-126.18108, 47.25441, -3486.647216796875], [-126.18634, 47.25531, -2523.38427734375], [-126.19357, 47.25698, -3509.39599609375], [-126.18108, 47.25441, -3486.647216796875]]], [[[-126.33141, 47.28027, -4369.67431640625], [-126.31853, 47.27843, -4371.271484375], [-126.321, 47.27874, -3430.51416015625], [-126.33141, 47.28027, -4369.67431640625]]], [[[-125.61454, 47.12954, -3482.2978515625], [-125.60926, 47.12873, -2557.3359375], [-125.62184, 47.13069, -2571.6640625], [-125.61454, 47.12954, -3482.2978515625]]], [[[-125.80412, 47.18154, -2674.094970703125], [-125.80997, 47.18332, -1764.2796630859375], [-125.81595, 47.1853, -2624.16748046875], [-125.80412, 47.18154, -2674.094970703125]]], [[[-125.98668, 47.2293, -2830.847412109375], [-125.97372, 47.22772, -2803.978271484375], [-125.98054, 47.22838, -1955.179443359375], [-125.98668, 47.2293, -2830.847412109375]]], [[[-126.0956, 47.24209, -4062.391357421875], [-126.10138, 47.24298, -4892.72412109375], [-126.08846, 47.24099, -4931.00244140625], [-126.0956, 47.24209, -4062.391357421875]]], [[[-126.35921, 47.28532, -3432.2138671875], [-126.35168, 47.2841, -2490.489501953125], [-126.36451, 47.28612, -2491.472412109375], [-126.35921, 47.28532, -3432.2138671875]]], [[[-125.63537, 47.13365, -5211.9326171875], [-125.64783, 47.13668, -5147.970703125], [-125.64229, 47.13532, -6045.3134765625], [-125.63537, 47.13365, -5211.9326171875]]], [[[-125.67233, 47.14334, -5032.59228515625], [-125.6784, 47.14511, -4186.50341796875], [-125.68464, 47.14677, -4976.4990234375], [-125.67233, 47.14334, -5032.59228515625]]], [[[-125.53278, 47.11669, -2577.297607421875], [-125.53885, 47.11811, -1708.0518798828125], [-125.54517, 47.11955, -2567.167236328125], [-125.53278, 47.11669, -2577.297607421875]]], [[[-125.85194, 47.19627, -2602.800537109375], [-125.85794, 47.19797, -1736.218994140625], [-125.86397, 47.19995, -2593.8369140625], [-125.85194, 47.19627, -2602.800537109375]]], [[[-125.62284, 47.13095, -5275.76123046875], [-125.62985, 47.13235, -6111.14013671875], [-125.61716, 47.12995, -6173.787109375], [-125.62284, 47.13095, -5275.76123046875]]], [[[-125.99082, 47.2299, -4327.6708984375], [-125.98455, 47.22901, -5173.73779296875], [-125.97756, 47.22797, -4376.62109375], [-125.99082, 47.2299, -4327.6708984375]]], [[[-125.27584, 47.05744, -6238.84814453125], [-125.29018, 47.06001, -6251.65185546875], [-125.28504, 47.05885, -7131.24560546875], [-125.27584, 47.05744, -6238.84814453125]]], [[[-125.7527, 47.16357, -3817.267578125], [-125.74538, 47.16147, -2753.741943359375], [-125.7575, 47.16518, -2768.3125], [-125.7527, 47.16357, -3817.267578125]]], [[[-126.01243, 47.23165, -2931.69580078125], [-126.01954, 47.23221, -2057.135498046875], [-126.02552, 47.2327, -2956.707763671875], [-126.01243, 47.23165, -2931.69580078125]]], [[[-125.55126, 47.12058, -4772.3291015625], [-125.5585, 47.12177, -5541.2998046875], [-125.54574, 47.11956, -5588.43212890625], [-125.55126, 47.12058, -4772.3291015625]]], [[[-126.01243, 47.23165, -2931.69580078125], [-126.00649, 47.23119, -2008.608642578125], [-126.01954, 47.23221, -2057.135498046875], [-126.01243, 47.23165, -2931.69580078125]]], [[[-126.07579, 47.23904, -3118.8876953125], [-126.08354, 47.24024, -2304.365966796875], [-126.08957, 47.24116, -3184.270263671875], [-126.07579, 47.23904, -3118.8876953125]]], [[[-125.40446, 47.08212, -3500.81201171875], [-125.41065, 47.08369, -2644.50927734375], [-125.41649, 47.08551, -3513.885498046875], [-125.40446, 47.08212, -3500.81201171875]]], [[[-125.93587, 47.21875, -2550.952880859375], [-125.92534, 47.21585, -2519.61865234375], [-125.93122, 47.21756, -1610.7056884765625], [-125.93587, 47.21875, -2550.952880859375]]], [[[-126.20326, 47.25877, -4490.5927734375], [-126.21612, 47.26086, -4446.9765625], [-126.21129, 47.25975, -5424.3984375], [-126.20326, 47.25877, -4490.5927734375]]], [[[-126.16671, 47.25219, -3295.181884765625], [-126.16071, 47.25126, -2489.066650390625], [-126.17355, 47.25324, -2503.2822265625], [-126.16671, 47.25219, -3295.181884765625]]], [[[-126.17218, 47.25303, -3949.569580078125], [-126.16671, 47.25219, -3295.181884765625], [-126.18108, 47.25441, -3486.647216796875], [-126.17218, 47.25303, -3949.569580078125]]], [[[-125.95372, 47.22407, -3575.522705078125], [-125.94415, 47.22109, -4254.505859375], [-125.94092, 47.22015, -3432.514404296875], [-125.95372, 47.22407, -3575.522705078125]]], [[[-125.54574, 47.11956, -5588.43212890625], [-125.5585, 47.12177, -5541.2998046875], [-125.5526, 47.12086, -6432.6875], [-125.54574, 47.11956, -5588.43212890625]]], [[[-126.14123, 47.24812, -3327.285400390625], [-126.13508, 47.24719, -2452.0205078125], [-126.14792, 47.24916, -2474.692138671875], [-126.14123, 47.24812, -3327.285400390625]]], [[[-125.62722, 47.1318, -3479.5634765625], [-125.61655, 47.12985, -4394.400390625], [-125.61454, 47.12954, -3482.2978515625], [-125.62722, 47.1318, -3479.5634765625]]], [[[-125.77521, 47.17175, -3661.880615234375], [-125.78026, 47.1738, -2670.3583984375], [-125.78652, 47.17614, -3651.330078125], [-125.77521, 47.17175, -3661.880615234375]]], [[[-125.5585, 47.12177, -5541.2998046875], [-125.57138, 47.12375, -5493.32421875], [-125.56547, 47.12284, -6384.3544921875], [-125.5585, 47.12177, -5541.2998046875]]], [[[-125.36346, 47.07229, -6081.54931640625], [-125.3741, 47.07484, -6085.4541015625], [-125.36851, 47.0735, -6976.9189453125], [-125.36346, 47.07229, -6081.54931640625]]], [[[-125.26512, 47.05346, -3070.1728515625], [-125.255, 47.05, -3611.19873046875], [-125.255, 47.05, -2687.809814453125], [-125.26512, 47.05346, -3070.1728515625]]], [[[-125.95398, 47.22418, -4383.07177734375], [-125.94801, 47.22231, -5168.7412109375], [-125.94415, 47.22109, -4254.505859375], [-125.95398, 47.22418, -4383.07177734375]]], [[[-125.98051, 47.2284, -3626.542236328125], [-125.97372, 47.22772, -2803.978271484375], [-125.98668, 47.2293, -2830.847412109375], [-125.98051, 47.2284, -3626.542236328125]]], [[[-125.69052, 47.1485, -4197.7421875], [-125.68464, 47.14677, -4976.4990234375], [-125.6784, 47.14511, -4186.50341796875], [-125.69052, 47.1485, -4197.7421875]]], [[[-125.97756, 47.22797, -4376.62109375], [-125.97153, 47.2275, -5184.43798828125], [-125.96466, 47.22672, -4355.8544921875], [-125.97756, 47.22797, -4376.62109375]]], [[[-125.9225, 47.21499, -4323.298828125], [-125.92828, 47.21667, -5133.2333984375], [-125.91551, 47.21295, -5108.27099609375], [-125.9225, 47.21499, -4323.298828125]]], [[[-125.60291, 47.12783, -4362.96533203125], [-125.61454, 47.12954, -3482.2978515625], [-125.61655, 47.12985, -4394.400390625], [-125.60291, 47.12783, -4362.96533203125]]], [[[-125.67682, 47.14463, -3428.01708984375], [-125.66544, 47.14122, -3387.772705078125], [-125.67131, 47.14308, -2596.60009765625], [-125.67682, 47.14463, -3428.01708984375]]], [[[-126.38338, 47.28998, -3361.5615234375], [-126.38982, 47.29098, -2500.244140625], [-126.39528, 47.29188, -3437.597900390625], [-126.38338, 47.28998, -3361.5615234375]]], [[[-125.89793, 47.2086, -4251.533203125], [-125.89146, 47.20709, -5102.18798828125], [-125.88566, 47.20567, -4238.95556640625], [-125.89793, 47.2086, -4251.533203125]]], [[[-126.38338, 47.28998, -3361.5615234375], [-126.37699, 47.28897, -2497.65625], [-126.38982, 47.29098, -2500.244140625], [-126.38338, 47.28998, -3361.5615234375]]], [[[-125.55212, 47.12078, -3361.087158203125], [-125.53858, 47.11805, -3370.181640625], [-125.54517, 47.11955, -2567.167236328125], [-125.55212, 47.12078, -3361.087158203125]]], [[[-125.65374, 47.13809, -3464.5908203125], [-125.65285, 47.13788, -4263.134765625], [-125.64052, 47.13489, -3505.107421875], [-125.65374, 47.13809, -3464.5908203125]]], [[[-126.26937, 47.27185, -3440.34619140625], [-126.26209, 47.27025, -2495.52490234375], [-126.27458, 47.27306, -2506.1259765625], [-126.26937, 47.27185, -3440.34619140625]]], [[[-125.97153, 47.2275, -5184.43798828125], [-125.97756, 47.22797, -4376.62109375], [-125.98455, 47.22901, -5173.73779296875], [-125.97153, 47.2275, -5184.43798828125]]], [[[-126.42039, 47.2968, -3440.818359375], [-126.42274, 47.29719, -4386.7138671875], [-126.4099, 47.29482, -4376.97216796875], [-126.42039, 47.2968, -3440.818359375]]], [[[-125.96466, 47.22672, -4355.8544921875], [-125.95903, 47.22545, -5206.20751953125], [-125.95398, 47.22418, -4383.07177734375], [-125.96466, 47.22672, -4355.8544921875]]], [[[-126.15415, 47.25019, -3346.004150390625], [-126.16071, 47.25126, -2489.066650390625], [-126.16671, 47.25219, -3295.181884765625], [-126.15415, 47.25019, -3346.004150390625]]], [[[-125.89146, 47.20709, -5102.18798828125], [-125.89743, 47.20848, -5984.70361328125], [-125.88495, 47.20549, -5958.63037109375], [-125.89146, 47.20709, -5102.18798828125]]], [[[-125.36178, 47.07192, -4382.67626953125], [-125.37416, 47.07483, -4396.63720703125], [-125.36878, 47.07356, -5197.3876953125], [-125.36178, 47.07192, -4382.67626953125]]], [[[-126.00485, 47.23107, -3921.1435546875], [-125.99082, 47.2299, -4327.6708984375], [-125.99313, 47.23013, -3601.06787109375], [-126.00485, 47.23107, -3921.1435546875]]], [[[-126.20633, 47.25929, -3490.2939453125], [-126.19884, 47.2581, -2528.988037109375], [-126.21167, 47.26012, -2515.75537109375], [-126.20633, 47.25929, -3490.2939453125]]], [[[-125.63424, 47.13337, -2601.494873046875], [-125.62841, 47.13202, -1721.2884521484375], [-125.64081, 47.13495, -1756.7685546875], [-125.63424, 47.13337, -2601.494873046875]]], [[[-126.12827, 47.24657, -3303.851806640625], [-126.12204, 47.24606, -2428.02880859375], [-126.13508, 47.24719, -2452.0205078125], [-126.12827, 47.24657, -3303.851806640625]]], [[[-126.19357, 47.25698, -3509.39599609375], [-126.19884, 47.2581, -2528.988037109375], [-126.20633, 47.25929, -3490.2939453125], [-126.19357, 47.25698, -3509.39599609375]]], [[[-125.4403, 47.09199, -3562.333984375], [-125.42807, 47.089, -3531.57568359375], [-125.43437, 47.09059, -2680.532470703125], [-125.4403, 47.09199, -3562.333984375]]], [[[-125.64706, 47.13651, -2616.29150390625], [-125.65317, 47.13798, -1749.767333984375], [-125.6596, 47.13947, -2603.0], [-125.64706, 47.13651, -2616.29150390625]]], [[[-125.64783, 47.13668, -5147.970703125], [-125.66029, 47.13971, -5088.7626953125], [-125.65472, 47.13832, -5983.548828125], [-125.64783, 47.13668, -5147.970703125]]], [[[-125.86677, 47.20085, -5042.98876953125], [-125.87905, 47.20401, -5075.22998046875], [-125.87254, 47.20238, -5928.064453125], [-125.86677, 47.20085, -5042.98876953125]]], [[[-125.77521, 47.17175, -3661.880615234375], [-125.78208, 47.17448, -4706.62841796875], [-125.77092, 47.17012, -4751.84033203125], [-125.77521, 47.17175, -3661.880615234375]]], [[[-126.38339, 47.28996, -4313.59130859375], [-126.3971, 47.2922, -4380.21630859375], [-126.3897, 47.29099, -5309.3359375], [-126.38339, 47.28996, -4313.59130859375]]], [[[-125.95372, 47.22407, -3575.522705078125], [-125.96466, 47.22672, -4355.8544921875], [-125.95398, 47.22418, -4383.07177734375], [-125.95372, 47.22407, -3575.522705078125]]], [[[-125.77092, 47.17012, -4751.84033203125], [-125.78208, 47.17448, -4706.62841796875], [-125.77656, 47.17232, -5708.6416015625], [-125.77092, 47.17012, -4751.84033203125]]], [[[-125.60291, 47.12783, -4362.96533203125], [-125.60272, 47.12773, -3420.1806640625], [-125.61454, 47.12954, -3482.2978515625], [-125.60291, 47.12783, -4362.96533203125]]], [[[-125.89426, 47.20773, -3425.88330078125], [-125.88836, 47.20633, -2550.78515625], [-125.9005, 47.2092, -2566.631103515625], [-125.89426, 47.20773, -3425.88330078125]]], [[[-126.3971, 47.2922, -4380.21630859375], [-126.4099, 47.29482, -4376.97216796875], [-126.40244, 47.29329, -5319.42431640625], [-126.3971, 47.2922, -4380.21630859375]]], [[[-125.57834, 47.12482, -6336.72607421875], [-125.58416, 47.12561, -5427.32763671875], [-125.59131, 47.12644, -6284.76416015625], [-125.57834, 47.12482, -6336.72607421875]]], [[[-126.22905, 47.26294, -4409.85400390625], [-126.23664, 47.26453, -5334.8046875], [-126.22401, 47.26202, -5370.123046875], [-126.22905, 47.26294, -4409.85400390625]]], [[[-126.14123, 47.24812, -3327.285400390625], [-126.14792, 47.24916, -2474.692138671875], [-126.15415, 47.25019, -3346.004150390625], [-126.14123, 47.24812, -3327.285400390625]]], [[[-125.98051, 47.2284, -3626.542236328125], [-125.97756, 47.22797, -4376.62109375], [-125.96755, 47.22696, -3619.646728515625], [-125.98051, 47.2284, -3626.542236328125]]], [[[-126.08187, 47.23998, -3991.36328125], [-126.08846, 47.24099, -4931.00244140625], [-126.07559, 47.23901, -4968.65087890625], [-126.08187, 47.23998, -3991.36328125]]], [[[-125.94092, 47.22015, -3432.514404296875], [-125.93394, 47.21823, -4240.74267578125], [-125.92989, 47.21719, -3433.592529296875], [-125.94092, 47.22015, -3432.514404296875]]], [[[-125.78652, 47.17614, -3651.330078125], [-125.79856, 47.17999, -3654.38525390625], [-125.79384, 47.17857, -4714.68798828125], [-125.78652, 47.17614, -3651.330078125]]], [[[-126.20633, 47.25929, -3490.2939453125], [-126.21167, 47.26012, -2515.75537109375], [-126.21912, 47.26134, -3456.148193359375], [-126.20633, 47.25929, -3490.2939453125]]], [[[-126.33378, 47.28075, -3431.184814453125], [-126.3389, 47.28194, -2493.715087890625], [-126.34644, 47.28323, -3431.40869140625], [-126.33378, 47.28075, -3431.184814453125]]], [[[-125.94415, 47.22109, -4254.505859375], [-125.93836, 47.21946, -5117.474609375], [-125.93394, 47.21823, -4240.74267578125], [-125.94415, 47.22109, -4254.505859375]]], [[[-125.56489, 47.12275, -4658.2333984375], [-125.55126, 47.12058, -4772.3291015625], [-125.55739, 47.1216, -4152.43017578125], [-125.56489, 47.12275, -4658.2333984375]]], [[[-126.21912, 47.26134, -3456.148193359375], [-126.23193, 47.26345, -3440.186767578125], [-126.22905, 47.26294, -4409.85400390625], [-126.21912, 47.26134, -3456.148193359375]]], [[[-125.94775, 47.2222, -2720.202392578125], [-125.94092, 47.22015, -3432.514404296875], [-125.93587, 47.21875, -2550.952880859375], [-125.94775, 47.2222, -2720.202392578125]]], [[[-126.10816, 47.24402, -4098.15673828125], [-126.10138, 47.24298, -4892.72412109375], [-126.0956, 47.24209, -4062.391357421875], [-126.10816, 47.24402, -4098.15673828125]]], [[[-125.61655, 47.12985, -4394.400390625], [-125.61006, 47.12886, -5316.912109375], [-125.60291, 47.12783, -4362.96533203125], [-125.61655, 47.12985, -4394.400390625]]], [[[-126.04521, 47.23534, -3902.56298828125], [-126.05192, 47.23633, -2941.586181640625], [-126.05637, 47.23697, -4058.676513671875], [-126.04521, 47.23534, -3902.56298828125]]], [[[-125.77092, 47.17012, -4751.84033203125], [-125.77656, 47.17232, -5708.6416015625], [-125.76509, 47.16785, -5700.9599609375], [-125.77092, 47.17012, -4751.84033203125]]], [[[-126.25693, 47.26896, -3435.586181640625], [-126.24972, 47.26718, -2489.6904296875], [-126.26209, 47.27025, -2495.52490234375], [-126.25693, 47.26896, -3435.586181640625]]], [[[-126.33378, 47.28075, -3431.184814453125], [-126.3264, 47.27913, -2489.9990234375], [-126.3389, 47.28194, -2493.715087890625], [-126.33378, 47.28075, -3431.184814453125]]], [[[-125.81595, 47.1853, -2624.16748046875], [-125.82183, 47.18718, -1757.9771728515625], [-125.8279, 47.18906, -2617.10400390625], [-125.81595, 47.1853, -2624.16748046875]]], [[[-125.77521, 47.17175, -3661.880615234375], [-125.76443, 47.16761, -3810.962890625], [-125.76879, 47.16923, -2718.52783203125], [-125.77521, 47.17175, -3661.880615234375]]], [[[-125.81781, 47.18591, -4824.01513671875], [-125.82418, 47.1879, -5795.0537109375], [-125.81221, 47.18407, -5765.06396484375], [-125.81781, 47.18591, -4824.01513671875]]], [[[-125.39845, 47.08068, -6047.251953125], [-125.41081, 47.08386, -6021.31884765625], [-125.40497, 47.08224, -6901.2919921875], [-125.39845, 47.08068, -6047.251953125]]], [[[-126.03059, 47.23309, -5953.017578125], [-126.03717, 47.2341, -4938.16552734375], [-126.04349, 47.23508, -5924.37548828125], [-126.03059, 47.23309, -5953.017578125]]], [[[-126.01844, 47.23211, -3920.90673828125], [-126.0241, 47.23257, -4961.70654296875], [-126.01092, 47.23153, -4979.9013671875], [-126.01844, 47.23211, -3920.90673828125]]], [[[-126.19357, 47.25698, -3509.39599609375], [-126.18634, 47.25531, -2523.38427734375], [-126.19884, 47.2581, -2528.988037109375], [-126.19357, 47.25698, -3509.39599609375]]], [[[-125.2747, 47.05685, -4473.41162109375], [-125.26536, 47.05355, -4062.797119140625], [-125.27646, 47.05745, -3560.788330078125], [-125.2747, 47.05685, -4473.41162109375]]], [[[-125.98455, 47.22901, -5173.73779296875], [-125.99116, 47.23001, -6033.85107421875], [-125.97825, 47.22804, -6046.2900390625], [-125.98455, 47.22901, -5173.73779296875]]], [[[-125.33291, 47.06667, -5237.13818359375], [-125.33985, 47.06755, -6102.55126953125], [-125.32838, 47.06629, -6170.61767578125], [-125.33291, 47.06667, -5237.13818359375]]], [[[-126.321, 47.27874, -3430.51416015625], [-126.3264, 47.27913, -2489.9990234375], [-126.33378, 47.28075, -3431.184814453125], [-126.321, 47.27874, -3430.51416015625]]], [[[-125.38647, 47.07784, -4387.173828125], [-125.37416, 47.07483, -4396.63720703125], [-125.38019, 47.0763, -3529.578125], [-125.38647, 47.07784, -4387.173828125]]], [[[-125.3359, 47.06694, -2705.99072265625], [-125.34241, 47.06785, -1846.707275390625], [-125.34892, 47.06887, -2704.34814453125], [-125.3359, 47.06694, -2705.99072265625]]], [[[-125.38019, 47.0763, -3529.578125], [-125.36773, 47.07332, -3547.078857421875], [-125.37373, 47.07471, -2674.265380859375], [-125.38019, 47.0763, -3529.578125]]], [[[-125.88218, 47.2048, -3412.170166015625], [-125.86992, 47.20172, -3411.189208984375], [-125.87647, 47.20337, -2568.1435546875], [-125.88218, 47.2048, -3412.170166015625]]], [[[-125.4403, 47.09199, -3562.333984375], [-125.43437, 47.09059, -2680.532470703125], [-125.44702, 47.09355, -2714.91259765625], [-125.4403, 47.09199, -3562.333984375]]], [[[-125.99082, 47.2299, -4327.6708984375], [-125.98051, 47.2284, -3626.542236328125], [-125.99313, 47.23013, -3601.06787109375], [-125.99082, 47.2299, -4327.6708984375]]], [[[-125.66576, 47.14127, -4194.45458984375], [-125.67682, 47.14463, -3428.01708984375], [-125.6784, 47.14511, -4186.50341796875], [-125.66576, 47.14127, -4194.45458984375]]], [[[-125.39197, 47.07914, -5196.7509765625], [-125.38601, 47.07771, -6073.63330078125], [-125.37999, 47.07626, -5218.171875], [-125.39197, 47.07914, -5196.7509765625]]], [[[-125.66544, 47.14122, -3387.772705078125], [-125.6596, 47.13947, -2603.0], [-125.67131, 47.14308, -2596.60009765625], [-125.66544, 47.14122, -3387.772705078125]]], [[[-125.78026, 47.1738, -2670.3583984375], [-125.792, 47.17797, -2668.900634765625], [-125.78652, 47.17614, -3651.330078125], [-125.78026, 47.1738, -2670.3583984375]]], [[[-125.77521, 47.17175, -3661.880615234375], [-125.77092, 47.17012, -4751.84033203125], [-125.76443, 47.16761, -3810.962890625], [-125.77521, 47.17175, -3661.880615234375]]], [[[-125.59633, 47.12689, -2549.252197265625], [-125.58351, 47.12559, -2545.960205078125], [-125.58994, 47.12634, -1680.836669921875], [-125.59633, 47.12689, -2549.252197265625]]], [[[-125.39244, 47.07925, -3513.169677734375], [-125.38019, 47.0763, -3529.578125], [-125.38626, 47.07781, -2654.725830078125], [-125.39244, 47.07925, -3513.169677734375]]], [[[-125.28485, 47.05904, -5435.0419921875], [-125.2755, 47.05709, -5295.0439453125], [-125.28541, 47.05894, -4456.98486328125], [-125.28485, 47.05904, -5435.0419921875]]], [[[-125.28541, 47.05894, -4456.98486328125], [-125.27646, 47.05745, -3560.788330078125], [-125.29057, 47.06015, -3541.95068359375], [-125.28541, 47.05894, -4456.98486328125]]], [[[-125.77521, 47.17175, -3661.880615234375], [-125.78652, 47.17614, -3651.330078125], [-125.78208, 47.17448, -4706.62841796875], [-125.77521, 47.17175, -3661.880615234375]]], [[[-125.59089, 47.12645, -3493.757568359375], [-125.60291, 47.12783, -4362.96533203125], [-125.58912, 47.12615, -4456.97802734375], [-125.59089, 47.12645, -3493.757568359375]]], [[[-126.06876, 47.23812, -4057.961181640625], [-126.06299, 47.23758, -3042.56005859375], [-126.07579, 47.23904, -3118.8876953125], [-126.06876, 47.23812, -4057.961181640625]]], [[[-125.90678, 47.21071, -3419.05419921875], [-125.89426, 47.20773, -3425.88330078125], [-125.9005, 47.2092, -2566.631103515625], [-125.90678, 47.21071, -3419.05419921875]]], [[[-125.85787, 47.198, -3423.773681640625], [-125.84563, 47.19461, -3420.91552734375], [-125.85194, 47.19627, -2602.800537109375], [-125.85787, 47.198, -3423.773681640625]]], [[[-125.28541, 47.05894, -4456.98486328125], [-125.2755, 47.05709, -5295.0439453125], [-125.2747, 47.05685, -4473.41162109375], [-125.28541, 47.05894, -4456.98486328125]]], [[[-125.44751, 47.09369, -5928.46240234375], [-125.45339, 47.09511, -5084.31396484375], [-125.45982, 47.09686, -5892.556640625], [-125.44751, 47.09369, -5928.46240234375]]], [[[-125.255, 47.05, -5457.9765625], [-125.255, 47.05, -4534.587890625], [-125.26538, 47.05359, -4996.19580078125], [-125.255, 47.05, -5457.9765625]]], [[[-125.61006, 47.12886, -5316.912109375], [-125.61716, 47.12995, -6173.787109375], [-125.60429, 47.12797, -6227.90234375], [-125.61006, 47.12886, -5316.912109375]]], [[[-125.94415, 47.22109, -4254.505859375], [-125.94801, 47.22231, -5168.7412109375], [-125.93836, 47.21946, -5117.474609375], [-125.94415, 47.22109, -4254.505859375]]], [[[-125.70194, 47.15192, -3832.289306640625], [-125.68938, 47.14819, -3449.7548828125], [-125.696, 47.15028, -2684.305419921875], [-125.70194, 47.15192, -3832.289306640625]]], [[[-126.321, 47.27874, -3430.51416015625], [-126.31335, 47.27803, -2490.39208984375], [-126.3264, 47.27913, -2489.9990234375], [-126.321, 47.27874, -3430.51416015625]]], [[[-125.84244, 47.19379, -4976.23876953125], [-125.85479, 47.19701, -5008.77734375], [-125.84826, 47.19531, -5860.81689453125], [-125.84244, 47.19379, -4976.23876953125]]], [[[-125.91333, 47.21236, -2573.965576171875], [-125.9005, 47.2092, -2566.631103515625], [-125.90701, 47.21076, -1718.534423828125], [-125.91333, 47.21236, -2573.965576171875]]], [[[-125.66546, 47.14114, -1730.6885986328125], [-125.6596, 47.13947, -2603.0], [-125.65317, 47.13798, -1749.767333984375], [-125.66546, 47.14114, -1730.6885986328125]]], [[[-125.95372, 47.22407, -3575.522705078125], [-125.94092, 47.22015, -3432.514404296875], [-125.94775, 47.2222, -2720.202392578125], [-125.95372, 47.22407, -3575.522705078125]]], [[[-126.06876, 47.23812, -4057.961181640625], [-126.07559, 47.23901, -4968.65087890625], [-126.06253, 47.23754, -5006.69287109375], [-126.06876, 47.23812, -4057.961181640625]]], [[[-126.20326, 47.25877, -4490.5927734375], [-126.19073, 47.25632, -4520.88623046875], [-126.19357, 47.25698, -3509.39599609375], [-126.20326, 47.25877, -4490.5927734375]]], [[[-126.08187, 47.23998, -3991.36328125], [-126.0956, 47.24209, -4062.391357421875], [-126.08846, 47.24099, -4931.00244140625], [-126.08187, 47.23998, -3991.36328125]]], [[[-125.36773, 47.07332, -3547.078857421875], [-125.36178, 47.07192, -4382.67626953125], [-125.35534, 47.07035, -3566.4326171875], [-125.36773, 47.07332, -3547.078857421875]]], [[[-125.98668, 47.2293, -2830.847412109375], [-125.99342, 47.23019, -1980.9334716796875], [-125.99964, 47.23066, -2857.484619140625], [-125.98668, 47.2293, -2830.847412109375]]], [[[-125.91333, 47.21236, -2573.965576171875], [-125.91927, 47.214, -1704.343017578125], [-125.92534, 47.21585, -2519.61865234375], [-125.91333, 47.21236, -2573.965576171875]]], [[[-126.1024, 47.24314, -3218.865478515625], [-126.09637, 47.24221, -2338.871826171875], [-126.1092, 47.24418, -2371.62255859375], [-126.1024, 47.24314, -3218.865478515625]]], [[[-126.308, 47.27762, -3432.874267578125], [-126.30027, 47.27698, -2496.40185546875], [-126.31335, 47.27803, -2490.39208984375], [-126.308, 47.27762, -3432.874267578125]]], [[[-125.97372, 47.22772, -2803.978271484375], [-125.96751, 47.2272, -1927.309814453125], [-125.98054, 47.22838, -1955.179443359375], [-125.97372, 47.22772, -2803.978271484375]]], [[[-125.80412, 47.18154, -2674.094970703125], [-125.79788, 47.1798, -1769.0655517578125], [-125.80997, 47.18332, -1764.2796630859375], [-125.80412, 47.18154, -2674.094970703125]]], [[[-126.29502, 47.27617, -3439.65234375], [-126.30027, 47.27698, -2496.40185546875], [-126.308, 47.27762, -3432.874267578125], [-126.29502, 47.27617, -3439.65234375]]], [[[-125.78026, 47.1738, -2670.3583984375], [-125.78599, 47.17599, -1775.4749755859375], [-125.792, 47.17797, -2668.900634765625], [-125.78026, 47.1738, -2670.3583984375]]], [[[-125.80603, 47.18206, -4729.18310546875], [-125.81781, 47.18591, -4824.01513671875], [-125.81221, 47.18407, -5765.06396484375], [-125.80603, 47.18206, -4729.18310546875]]], [[[-125.26554, 47.05363, -5998.57080078125], [-125.2755, 47.05709, -5295.0439453125], [-125.27584, 47.05744, -6238.84814453125], [-125.26554, 47.05363, -5998.57080078125]]], [[[-125.37416, 47.07483, -4396.63720703125], [-125.36178, 47.07192, -4382.67626953125], [-125.36773, 47.07332, -3547.078857421875], [-125.37416, 47.07483, -4396.63720703125]]], [[[-125.81781, 47.18591, -4824.01513671875], [-125.83055, 47.18987, -4943.83544921875], [-125.82418, 47.1879, -5795.0537109375], [-125.81781, 47.18591, -4824.01513671875]]], [[[-125.86992, 47.20172, -3411.189208984375], [-125.86397, 47.19995, -2593.8369140625], [-125.87647, 47.20337, -2568.1435546875], [-125.86992, 47.20172, -3411.189208984375]]], [[[-125.87347, 47.20262, -4218.09375], [-125.87905, 47.20401, -5075.22998046875], [-125.86677, 47.20085, -5042.98876953125], [-125.87347, 47.20262, -4218.09375]]], [[[-125.98051, 47.2284, -3626.542236328125], [-125.99082, 47.2299, -4327.6708984375], [-125.97756, 47.22797, -4376.62109375], [-125.98051, 47.2284, -3626.542236328125]]], [[[-125.36878, 47.07356, -5197.3876953125], [-125.3741, 47.07484, -6085.4541015625], [-125.36346, 47.07229, -6081.54931640625], [-125.36878, 47.07356, -5197.3876953125]]], [[[-126.28208, 47.27424, -3443.508056640625], [-126.27458, 47.27306, -2506.1259765625], [-126.28741, 47.27506, -2503.9140625], [-126.28208, 47.27424, -3443.508056640625]]], [[[-126.20633, 47.25929, -3490.2939453125], [-126.21912, 47.26134, -3456.148193359375], [-126.21612, 47.26086, -4446.9765625], [-126.20633, 47.25929, -3490.2939453125]]], [[[-126.26937, 47.27185, -3440.34619140625], [-126.27458, 47.27306, -2506.1259765625], [-126.28208, 47.27424, -3443.508056640625], [-126.26937, 47.27185, -3440.34619140625]]], [[[-125.91897, 47.21394, -3418.44580078125], [-125.91333, 47.21236, -2573.965576171875], [-125.92534, 47.21585, -2519.61865234375], [-125.91897, 47.21394, -3418.44580078125]]], [[[-125.85787, 47.198, -3423.773681640625], [-125.86143, 47.19911, -4197.791015625], [-125.84929, 47.1956, -4180.6513671875], [-125.85787, 47.198, -3423.773681640625]]], [[[-126.25693, 47.26896, -3435.586181640625], [-126.26209, 47.27025, -2495.52490234375], [-126.26937, 47.27185, -3440.34619140625], [-126.25693, 47.26896, -3435.586181640625]]], [[[-125.27584, 47.05744, -6238.84814453125], [-125.28504, 47.05885, -7131.24560546875], [-125.2767, 47.05757, -7144.42236328125], [-125.27584, 47.05744, -6238.84814453125]]], [[[-125.86992, 47.20172, -3411.189208984375], [-125.85787, 47.198, -3423.773681640625], [-125.86397, 47.19995, -2593.8369140625], [-125.86992, 47.20172, -3411.189208984375]]], [[[-125.34571, 47.06835, -5266.9794921875], [-125.35267, 47.06976, -6099.55078125], [-125.33985, 47.06755, -6102.55126953125], [-125.34571, 47.06835, -5266.9794921875]]], [[[-126.24451, 47.26598, -3434.795166015625], [-126.23726, 47.26429, -2487.054931640625], [-126.24972, 47.26718, -2489.6904296875], [-126.24451, 47.26598, -3434.795166015625]]], [[[-125.46011, 47.0969, -4336.015625], [-125.4723, 47.10065, -4324.44091796875], [-125.4656, 47.09859, -5066.10888671875], [-125.46011, 47.0969, -4336.015625]]], [[[-125.88218, 47.2048, -3412.170166015625], [-125.87347, 47.20262, -4218.09375], [-125.86992, 47.20172, -3411.189208984375], [-125.88218, 47.2048, -3412.170166015625]]], [[[-125.48429, 47.1038, -4295.07861328125], [-125.4723, 47.10065, -4324.44091796875], [-125.47813, 47.10228, -3496.43310546875], [-125.48429, 47.1038, -4295.07861328125]]], [[[-126.16671, 47.25219, -3295.181884765625], [-126.17355, 47.25324, -2503.2822265625], [-126.18108, 47.25441, -3486.647216796875], [-126.16671, 47.25219, -3295.181884765625]]], [[[-125.3206, 47.06548, -5301.5185546875], [-125.31613, 47.06479, -6215.81103515625], [-125.30833, 47.06359, -5326.326171875], [-125.3206, 47.06548, -5301.5185546875]]], [[[-125.89426, 47.20773, -3425.88330078125], [-125.89793, 47.2086, -4251.533203125], [-125.88566, 47.20567, -4238.95556640625], [-125.89426, 47.20773, -3425.88330078125]]], [[[-125.64706, 47.13651, -2616.29150390625], [-125.64081, 47.13495, -1756.7685546875], [-125.65317, 47.13798, -1749.767333984375], [-125.64706, 47.13651, -2616.29150390625]]], [[[-125.38626, 47.07781, -2654.725830078125], [-125.3798, 47.0762, -1806.1934814453125], [-125.39216, 47.07919, -1777.879638671875], [-125.38626, 47.07781, -2654.725830078125]]], [[[-126.1024, 47.24314, -3218.865478515625], [-126.1092, 47.24418, -2371.62255859375], [-126.11496, 47.24507, -3262.670166015625], [-126.1024, 47.24314, -3218.865478515625]]], [[[-126.08957, 47.24116, -3184.270263671875], [-126.09637, 47.24221, -2338.871826171875], [-126.1024, 47.24314, -3218.865478515625], [-126.08957, 47.24116, -3184.270263671875]]], [[[-125.88836, 47.20633, -2550.78515625], [-125.87647, 47.20337, -2568.1435546875], [-125.88222, 47.2048, -1686.093505859375], [-125.88836, 47.20633, -2550.78515625]]], [[[-125.35781, 47.07098, -5195.40087890625], [-125.36346, 47.07229, -6081.54931640625], [-125.35267, 47.06976, -6099.55078125], [-125.35781, 47.07098, -5195.40087890625]]], [[[-125.2846, 47.05883, -2681.1884765625], [-125.27856, 47.05787, -1791.473388671875], [-125.29119, 47.06029, -1811.244384765625], [-125.2846, 47.05883, -2681.1884765625]]], [[[-126.07579, 47.23904, -3118.8876953125], [-126.0708, 47.23828, -2187.001708984375], [-126.08354, 47.24024, -2304.365966796875], [-126.07579, 47.23904, -3118.8876953125]]], [[[-125.4719, 47.10047, -5854.90234375], [-125.48411, 47.10373, -5814.4013671875], [-125.47836, 47.10234, -6703.5673828125], [-125.4719, 47.10047, -5854.90234375]]], [[[-125.34911, 47.069, -4423.4970703125], [-125.35781, 47.07098, -5195.40087890625], [-125.34571, 47.06835, -5266.9794921875], [-125.34911, 47.069, -4423.4970703125]]], [[[-125.79856, 47.17999, -3654.38525390625], [-125.78652, 47.17614, -3651.330078125], [-125.792, 47.17797, -2668.900634765625], [-125.79856, 47.17999, -3654.38525390625]]], [[[-125.792, 47.17797, -2668.900634765625], [-125.78599, 47.17599, -1775.4749755859375], [-125.79788, 47.1798, -1769.0655517578125], [-125.792, 47.17797, -2668.900634765625]]], [[[-125.54499, 47.11943, -3984.896240234375], [-125.55126, 47.12058, -4772.3291015625], [-125.5394, 47.11824, -4816.1025390625], [-125.54499, 47.11943, -3984.896240234375]]], [[[-126.07579, 47.23904, -3118.8876953125], [-126.06299, 47.23758, -3042.56005859375], [-126.0708, 47.23828, -2187.001708984375], [-126.07579, 47.23904, -3118.8876953125]]], [[[-126.26937, 47.27185, -3440.34619140625], [-126.28208, 47.27424, -3443.508056640625], [-126.27958, 47.27382, -4380.92236328125], [-126.26937, 47.27185, -3440.34619140625]]], [[[-125.36773, 47.07332, -3547.078857421875], [-125.36142, 47.07185, -2689.320068359375], [-125.37373, 47.07471, -2674.265380859375], [-125.36773, 47.07332, -3547.078857421875]]], [[[-126.06876, 47.23812, -4057.961181640625], [-126.05637, 47.23697, -4058.676513671875], [-126.06299, 47.23758, -3042.56005859375], [-126.06876, 47.23812, -4057.961181640625]]], [[[-125.59089, 47.12645, -3493.757568359375], [-125.59633, 47.12689, -2549.252197265625], [-125.60272, 47.12773, -3420.1806640625], [-125.59089, 47.12645, -3493.757568359375]]], [[[-125.9005, 47.2092, -2566.631103515625], [-125.89459, 47.20783, -1689.427001953125], [-125.90701, 47.21076, -1718.534423828125], [-125.9005, 47.2092, -2566.631103515625]]], [[[-125.87905, 47.20401, -5075.22998046875], [-125.89146, 47.20709, -5102.18798828125], [-125.88495, 47.20549, -5958.63037109375], [-125.87905, 47.20401, -5075.22998046875]]], [[[-125.62184, 47.13069, -2571.6640625], [-125.61571, 47.12974, -1696.690673828125], [-125.62841, 47.13202, -1721.2884521484375], [-125.62184, 47.13069, -2571.6640625]]], [[[-126.0956, 47.24209, -4062.391357421875], [-126.1024, 47.24314, -3218.865478515625], [-126.10816, 47.24402, -4098.15673828125], [-126.0956, 47.24209, -4062.391357421875]]], [[[-126.10816, 47.24402, -4098.15673828125], [-126.11427, 47.24496, -4877.3857421875], [-126.10138, 47.24298, -4892.72412109375], [-126.10816, 47.24402, -4098.15673828125]]], [[[-125.27646, 47.05745, -3560.788330078125], [-125.26512, 47.05346, -3070.1728515625], [-125.27276, 47.05644, -2608.212890625], [-125.27646, 47.05745, -3560.788330078125]]], [[[-126.10816, 47.24402, -4098.15673828125], [-126.12107, 47.2459, -4105.54736328125], [-126.11427, 47.24496, -4877.3857421875], [-126.10816, 47.24402, -4098.15673828125]]], [[[-126.13427, 47.24718, -4121.7841796875], [-126.12107, 47.2459, -4105.54736328125], [-126.12827, 47.24657, -3303.851806640625], [-126.13427, 47.24718, -4121.7841796875]]], [[[-125.29725, 47.06178, -2679.18017578125], [-125.30374, 47.06288, -1821.8052978515625], [-125.31005, 47.06385, -2689.197265625], [-125.29725, 47.06178, -2679.18017578125]]], [[[-125.91023, 47.21156, -4246.9140625], [-125.90382, 47.20996, -5134.931640625], [-125.89793, 47.2086, -4251.533203125], [-125.91023, 47.21156, -4246.9140625]]], [[[-126.12107, 47.2459, -4105.54736328125], [-126.12729, 47.24648, -4868.33984375], [-126.11427, 47.24496, -4877.3857421875], [-126.12107, 47.2459, -4105.54736328125]]], [[[-125.47813, 47.10228, -3496.43310546875], [-125.46655, 47.09885, -3533.107177734375], [-125.47183, 47.10058, -2644.6220703125], [-125.47813, 47.10228, -3496.43310546875]]], [[[-125.27584, 47.05744, -6238.84814453125], [-125.2755, 47.05709, -5295.0439453125], [-125.28485, 47.05904, -5435.0419921875], [-125.27584, 47.05744, -6238.84814453125]]], [[[-125.78026, 47.1738, -2670.3583984375], [-125.77462, 47.17149, -1773.243896484375], [-125.78599, 47.17599, -1775.4749755859375], [-125.78026, 47.1738, -2670.3583984375]]], [[[-126.11427, 47.24496, -4877.3857421875], [-126.12729, 47.24648, -4868.33984375], [-126.12116, 47.24601, -5704.43017578125], [-126.11427, 47.24496, -4877.3857421875]]], [[[-125.35534, 47.07035, -3566.4326171875], [-125.34242, 47.06784, -3570.443359375], [-125.34892, 47.06887, -2704.34814453125], [-125.35534, 47.07035, -3566.4326171875]]], [[[-126.11427, 47.24496, -4877.3857421875], [-126.12116, 47.24601, -5704.43017578125], [-126.10825, 47.24404, -5741.638671875], [-126.11427, 47.24496, -4877.3857421875]]], [[[-125.9225, 47.21499, -4323.298828125], [-125.91551, 47.21295, -5108.27099609375], [-125.91023, 47.21156, -4246.9140625], [-125.9225, 47.21499, -4323.298828125]]], [[[-126.10138, 47.24298, -4892.72412109375], [-126.11427, 47.24496, -4877.3857421875], [-126.10825, 47.24404, -5741.638671875], [-126.10138, 47.24298, -4892.72412109375]]], [[[-125.95372, 47.22407, -3575.522705078125], [-125.95398, 47.22418, -4383.07177734375], [-125.94415, 47.22109, -4254.505859375], [-125.95372, 47.22407, -3575.522705078125]]], [[[-125.36178, 47.07192, -4382.67626953125], [-125.34911, 47.069, -4423.4970703125], [-125.35534, 47.07035, -3566.4326171875], [-125.36178, 47.07192, -4382.67626953125]]], [[[-126.16009, 47.25114, -4120.45654296875], [-126.16662, 47.25217, -4774.79150390625], [-126.15339, 47.25007, -4829.7880859375], [-126.16009, 47.25114, -4120.45654296875]]], [[[-125.34911, 47.069, -4423.4970703125], [-125.33629, 47.06706, -4422.82080078125], [-125.34242, 47.06784, -3570.443359375], [-125.34911, 47.069, -4423.4970703125]]], [[[-125.2747, 47.05685, -4473.41162109375], [-125.26538, 47.05359, -4996.19580078125], [-125.26536, 47.05355, -4062.797119140625], [-125.2747, 47.05685, -4473.41162109375]]], [[[-125.86143, 47.19911, -4197.791015625], [-125.86677, 47.20085, -5042.98876953125], [-125.85479, 47.19701, -5008.77734375], [-125.86143, 47.19911, -4197.791015625]]], [[[-126.07559, 47.23901, -4968.65087890625], [-126.08846, 47.24099, -4931.00244140625], [-126.08244, 47.24007, -5818.0810546875], [-126.07559, 47.23901, -4968.65087890625]]], [[[-125.91897, 47.21394, -3418.44580078125], [-125.91023, 47.21156, -4246.9140625], [-125.90678, 47.21071, -3419.05419921875], [-125.91897, 47.21394, -3418.44580078125]]], [[[-126.07559, 47.23901, -4968.65087890625], [-126.08244, 47.24007, -5818.0810546875], [-126.06954, 47.23808, -5854.46435546875], [-126.07559, 47.23901, -4968.65087890625]]], [[[-125.98051, 47.2284, -3626.542236328125], [-125.96755, 47.22696, -3619.646728515625], [-125.97372, 47.22772, -2803.978271484375], [-125.98051, 47.2284, -3626.542236328125]]], [[[-126.24186, 47.26535, -4387.8515625], [-126.22905, 47.26294, -4409.85400390625], [-126.23193, 47.26345, -3440.186767578125], [-126.24186, 47.26535, -4387.8515625]]], [[[-125.79384, 47.17857, -4714.68798828125], [-125.80603, 47.18206, -4729.18310546875], [-125.80015, 47.1804, -5741.787109375], [-125.79384, 47.17857, -4714.68798828125]]], [[[-125.78652, 47.17614, -3651.330078125], [-125.79384, 47.17857, -4714.68798828125], [-125.78208, 47.17448, -4706.62841796875], [-125.78652, 47.17614, -3651.330078125]]], [[[-125.99813, 47.23053, -5070.1171875], [-126.00431, 47.23102, -6007.689453125], [-125.99116, 47.23001, -6033.85107421875], [-125.99813, 47.23053, -5070.1171875]]], [[[-126.06253, 47.23754, -5006.69287109375], [-126.06954, 47.23808, -5854.46435546875], [-126.05641, 47.23703, -5893.1630859375], [-126.06253, 47.23754, -5006.69287109375]]], [[[-126.25439, 47.26835, -4377.6044921875], [-126.26689, 47.27136, -4378.5947265625], [-126.26187, 47.26969, -5305.63623046875], [-126.25439, 47.26835, -4377.6044921875]]], [[[-126.05637, 47.23697, -4058.676513671875], [-126.06253, 47.23754, -5006.69287109375], [-126.04955, 47.23595, -4991.2919921875], [-126.05637, 47.23697, -4058.676513671875]]], [[[-125.93394, 47.21823, -4240.74267578125], [-125.94092, 47.22015, -3432.514404296875], [-125.94415, 47.22109, -4254.505859375], [-125.93394, 47.21823, -4240.74267578125]]], [[[-126.04521, 47.23534, -3902.56298828125], [-126.03717, 47.2341, -4938.16552734375], [-126.03217, 47.23336, -3911.198486328125], [-126.04521, 47.23534, -3902.56298828125]]], [[[-125.95398, 47.22418, -4383.07177734375], [-125.95903, 47.22545, -5206.20751953125], [-125.94801, 47.22231, -5168.7412109375], [-125.95398, 47.22418, -4383.07177734375]]], [[[-126.04521, 47.23534, -3902.56298828125], [-126.04955, 47.23595, -4991.2919921875], [-126.03717, 47.2341, -4938.16552734375], [-126.04521, 47.23534, -3902.56298828125]]], [[[-126.04955, 47.23595, -4991.2919921875], [-126.04349, 47.23508, -5924.37548828125], [-126.03717, 47.2341, -4938.16552734375], [-126.04955, 47.23595, -4991.2919921875]]], [[[-125.99964, 47.23066, -2857.484619140625], [-126.00649, 47.23119, -2008.608642578125], [-126.01243, 47.23165, -2931.69580078125], [-125.99964, 47.23066, -2857.484619140625]]], [[[-125.99964, 47.23066, -2857.484619140625], [-125.99342, 47.23019, -1980.9334716796875], [-126.00649, 47.23119, -2008.608642578125], [-125.99964, 47.23066, -2857.484619140625]]], [[[-125.98455, 47.22901, -5173.73779296875], [-125.99082, 47.2299, -4327.6708984375], [-125.99813, 47.23053, -5070.1171875], [-125.98455, 47.22901, -5173.73779296875]]], [[[-125.35534, 47.07035, -3566.4326171875], [-125.34892, 47.06887, -2704.34814453125], [-125.36142, 47.07185, -2689.320068359375], [-125.35534, 47.07035, -3566.4326171875]]], [[[-125.96755, 47.22696, -3619.646728515625], [-125.96112, 47.22589, -2800.0693359375], [-125.97372, 47.22772, -2803.978271484375], [-125.96755, 47.22696, -3619.646728515625]]], [[[-126.05192, 47.23633, -2941.586181640625], [-126.04535, 47.23536, -2039.509765625], [-126.05811, 47.23717, -1959.7431640625], [-126.05192, 47.23633, -2941.586181640625]]], [[[-125.32838, 47.06629, -6170.61767578125], [-125.33985, 47.06755, -6102.55126953125], [-125.33478, 47.06683, -7040.30322265625], [-125.32838, 47.06629, -6170.61767578125]]], [[[-125.95372, 47.22407, -3575.522705078125], [-125.94775, 47.2222, -2720.202392578125], [-125.96112, 47.22589, -2800.0693359375], [-125.95372, 47.22407, -3575.522705078125]]], [[[-125.71451, 47.15502, -3639.88525390625], [-125.72721, 47.15766, -3623.327392578125], [-125.72159, 47.1566, -4700.49462890625], [-125.71451, 47.15502, -3639.88525390625]]], [[[-126.13427, 47.24718, -4121.7841796875], [-126.14039, 47.24799, -4845.76806640625], [-126.12729, 47.24648, -4868.33984375], [-126.13427, 47.24718, -4121.7841796875]]], [[[-125.91897, 47.21394, -3418.44580078125], [-125.92534, 47.21585, -2519.61865234375], [-125.92989, 47.21719, -3433.592529296875], [-125.91897, 47.21394, -3418.44580078125]]], [[[-125.41065, 47.08369, -2644.50927734375], [-125.39836, 47.08063, -2641.453857421875], [-125.40455, 47.08215, -1778.933837890625], [-125.41065, 47.08369, -2644.50927734375]]], [[[-125.93394, 47.21823, -4240.74267578125], [-125.9225, 47.21499, -4323.298828125], [-125.92989, 47.21719, -3433.592529296875], [-125.93394, 47.21823, -4240.74267578125]]], [[[-125.44751, 47.09369, -5928.46240234375], [-125.45982, 47.09686, -5892.556640625], [-125.45411, 47.09528, -6778.33251953125], [-125.44751, 47.09369, -5928.46240234375]]], [[[-125.90678, 47.21071, -3419.05419921875], [-125.91023, 47.21156, -4246.9140625], [-125.89793, 47.2086, -4251.533203125], [-125.90678, 47.21071, -3419.05419921875]]], [[[-125.93587, 47.21875, -2550.952880859375], [-125.93122, 47.21756, -1610.7056884765625], [-125.94329, 47.22076, -1787.5166015625], [-125.93587, 47.21875, -2550.952880859375]]], [[[-125.54517, 47.11955, -2567.167236328125], [-125.53885, 47.11811, -1708.0518798828125], [-125.55143, 47.12068, -1700.443603515625], [-125.54517, 47.11955, -2567.167236328125]]], [[[-125.52664, 47.11516, -3439.37109375], [-125.53278, 47.11669, -2577.297607421875], [-125.53858, 47.11805, -3370.181640625], [-125.52664, 47.11516, -3439.37109375]]], [[[-125.94775, 47.2222, -2720.202392578125], [-125.94329, 47.22076, -1787.5166015625], [-125.95501, 47.22448, -1954.7904052734375], [-125.94775, 47.2222, -2720.202392578125]]], [[[-125.5204, 47.1136, -2587.588623046875], [-125.51415, 47.11204, -1728.521484375], [-125.52648, 47.11512, -1720.5860595703125], [-125.5204, 47.1136, -2587.588623046875]]], [[[-126.18108, 47.25441, -3486.647216796875], [-126.19357, 47.25698, -3509.39599609375], [-126.19073, 47.25632, -4520.88623046875], [-126.18108, 47.25441, -3486.647216796875]]], [[[-125.88836, 47.20633, -2550.78515625], [-125.88222, 47.2048, -1686.093505859375], [-125.89459, 47.20783, -1689.427001953125], [-125.88836, 47.20633, -2550.78515625]]], [[[-125.29783, 47.06184, -4440.04052734375], [-125.30833, 47.06359, -5326.326171875], [-125.29615, 47.06134, -5338.2392578125], [-125.29783, 47.06184, -4440.04052734375]]], [[[-125.56555, 47.12285, -3531.9541015625], [-125.558, 47.12169, -2563.4658203125], [-125.57078, 47.12366, -2570.05859375], [-125.56555, 47.12285, -3531.9541015625]]], [[[-125.88218, 47.2048, -3412.170166015625], [-125.87647, 47.20337, -2568.1435546875], [-125.88836, 47.20633, -2550.78515625], [-125.88218, 47.2048, -3412.170166015625]]], [[[-125.51431, 47.11207, -3454.346923828125], [-125.50815, 47.11035, -2595.082763671875], [-125.5204, 47.1136, -2587.588623046875], [-125.51431, 47.11207, -3454.346923828125]]], [[[-125.59089, 47.12645, -3493.757568359375], [-125.60272, 47.12773, -3420.1806640625], [-125.60291, 47.12783, -4362.96533203125], [-125.59089, 47.12645, -3493.757568359375]]], [[[-126.12729, 47.24648, -4868.33984375], [-126.14039, 47.24799, -4845.76806640625], [-126.13429, 47.24705, -5665.3076171875], [-126.12729, 47.24648, -4868.33984375]]], [[[-126.14727, 47.24907, -4129.28515625], [-126.16009, 47.25114, -4120.45654296875], [-126.15339, 47.25007, -4829.7880859375], [-126.14727, 47.24907, -4129.28515625]]], [[[-125.44716, 47.0936, -4353.49462890625], [-125.46011, 47.0969, -4336.015625], [-125.45339, 47.09511, -5084.31396484375], [-125.44716, 47.0936, -4353.49462890625]]], [[[-125.88218, 47.2048, -3412.170166015625], [-125.89426, 47.20773, -3425.88330078125], [-125.88566, 47.20567, -4238.95556640625], [-125.88218, 47.2048, -3412.170166015625]]], [[[-125.80603, 47.18206, -4729.18310546875], [-125.81221, 47.18407, -5765.06396484375], [-125.80015, 47.1804, -5741.787109375], [-125.80603, 47.18206, -4729.18310546875]]], [[[-125.29018, 47.06001, -6251.65185546875], [-125.29712, 47.06178, -7112.34228515625], [-125.28504, 47.05885, -7131.24560546875], [-125.29018, 47.06001, -6251.65185546875]]], [[[-126.08187, 47.23998, -3991.36328125], [-126.06876, 47.23812, -4057.961181640625], [-126.07579, 47.23904, -3118.8876953125], [-126.08187, 47.23998, -3991.36328125]]], [[[-125.32317, 47.06576, -4420.59814453125], [-125.33291, 47.06667, -5237.13818359375], [-125.3206, 47.06548, -5301.5185546875], [-125.32317, 47.06576, -4420.59814453125]]], [[[-126.17218, 47.25303, -3949.569580078125], [-126.17906, 47.2541, -4651.8447265625], [-126.16662, 47.25217, -4774.79150390625], [-126.17218, 47.25303, -3949.569580078125]]], [[[-126.466, 47.305, -4472.86572265625], [-126.466, 47.305, -5459.73046875], [-126.45327, 47.30272, -5416.69775390625], [-126.466, 47.305, -4472.86572265625]]], [[[-125.52046, 47.11362, -4221.7001953125], [-125.53288, 47.1167, -4194.830078125], [-125.52669, 47.11517, -4894.384765625], [-125.52046, 47.11362, -4221.7001953125]]], [[[-125.67682, 47.14463, -3428.01708984375], [-125.67131, 47.14308, -2596.60009765625], [-125.68352, 47.1464, -2602.2001953125], [-125.67682, 47.14463, -3428.01708984375]]], [[[-125.69695, 47.15053, -4923.88623046875], [-125.70328, 47.15231, -5780.63037109375], [-125.69119, 47.14873, -5818.9580078125], [-125.69695, 47.15053, -4923.88623046875]]], [[[-125.83977, 47.19289, -2609.78955078125], [-125.84571, 47.19469, -1743.3614501953125], [-125.85194, 47.19627, -2602.800537109375], [-125.83977, 47.19289, -2609.78955078125]]], [[[-126.29244, 47.27583, -4378.8115234375], [-126.30544, 47.2774, -4375.03271484375], [-126.30014, 47.27641, -5306.26708984375], [-126.29244, 47.27583, -4378.8115234375]]], [[[-126.4355, 47.29921, -4410.3193359375], [-126.4473, 47.30153, -4529.97509765625], [-126.44053, 47.30043, -5373.66455078125], [-126.4355, 47.29921, -4410.3193359375]]], [[[-125.792, 47.17797, -2668.900634765625], [-125.79788, 47.1798, -1769.0655517578125], [-125.80412, 47.18154, -2674.094970703125], [-125.792, 47.17797, -2668.900634765625]]], [[[-126.25439, 47.26835, -4377.6044921875], [-126.24186, 47.26535, -4387.8515625], [-126.24451, 47.26598, -3434.795166015625], [-126.25439, 47.26835, -4377.6044921875]]], [[[-125.82457, 47.18802, -4090.4716796875], [-125.81118, 47.18372, -3677.251220703125], [-125.82171, 47.18713, -3379.253662109375], [-125.82457, 47.18802, -4090.4716796875]]], [[[-125.50215, 47.10845, -4964.72900390625], [-125.49645, 47.10682, -5770.89501953125], [-125.48998, 47.10514, -5005.306640625], [-125.50215, 47.10845, -4964.72900390625]]], [[[-125.78026, 47.1738, -2670.3583984375], [-125.76879, 47.16923, -2718.52783203125], [-125.77462, 47.17149, -1773.243896484375], [-125.78026, 47.1738, -2670.3583984375]]], [[[-125.98455, 47.22901, -5173.73779296875], [-125.99813, 47.23053, -5070.1171875], [-125.99116, 47.23001, -6033.85107421875], [-125.98455, 47.22901, -5173.73779296875]]], [[[-125.7575, 47.16518, -2768.3125], [-125.74538, 47.16147, -2753.741943359375], [-125.75138, 47.16313, -1769.5521240234375], [-125.7575, 47.16518, -2768.3125]]], [[[-125.7527, 47.16357, -3817.267578125], [-125.74012, 47.16018, -3783.766357421875], [-125.74538, 47.16147, -2753.741943359375], [-125.7527, 47.16357, -3817.267578125]]], [[[-125.48392, 47.10372, -2617.782470703125], [-125.47755, 47.10214, -1764.444091796875], [-125.48991, 47.10515, -1745.3546142578125], [-125.48392, 47.10372, -2617.782470703125]]], [[[-126.31853, 47.27843, -4371.271484375], [-126.33141, 47.28027, -4369.67431640625], [-126.32604, 47.2795, -5302.44873046875], [-126.31853, 47.27843, -4371.271484375]]], [[[-125.45385, 47.09521, -3553.81982421875], [-125.46655, 47.09885, -3533.107177734375], [-125.46011, 47.0969, -4336.015625], [-125.45385, 47.09521, -3553.81982421875]]], [[[-125.7527, 47.16357, -3817.267578125], [-125.7592, 47.16578, -4799.50830078125], [-125.74698, 47.1619, -4790.1865234375], [-125.7527, 47.16357, -3817.267578125]]], [[[-125.74698, 47.1619, -4790.1865234375], [-125.7592, 47.16578, -4799.50830078125], [-125.7533, 47.16377, -5695.0693359375], [-125.74698, 47.1619, -4790.1865234375]]], [[[-125.81118, 47.18372, -3677.251220703125], [-125.81781, 47.18591, -4824.01513671875], [-125.80603, 47.18206, -4729.18310546875], [-125.81118, 47.18372, -3677.251220703125]]], [[[-125.33985, 47.06755, -6102.55126953125], [-125.35267, 47.06976, -6099.55078125], [-125.34396, 47.06807, -7021.84912109375], [-125.33985, 47.06755, -6102.55126953125]]], [[[-125.42807, 47.089, -3531.57568359375], [-125.42205, 47.08727, -4371.97265625], [-125.41649, 47.08551, -3513.885498046875], [-125.42807, 47.089, -3531.57568359375]]], [[[-125.74698, 47.1619, -4790.1865234375], [-125.7533, 47.16377, -5695.0693359375], [-125.74107, 47.1604, -5705.22802734375], [-125.74698, 47.1619, -4790.1865234375]]], [[[-125.48429, 47.1038, -4295.07861328125], [-125.49639, 47.10674, -4263.06884765625], [-125.48998, 47.10514, -5005.306640625], [-125.48429, 47.1038, -4295.07861328125]]], [[[-126.28208, 47.27424, -3443.508056640625], [-126.29502, 47.27617, -3439.65234375], [-126.29244, 47.27583, -4378.8115234375], [-126.28208, 47.27424, -3443.508056640625]]], [[[-125.40443, 47.08212, -5167.9326171875], [-125.39845, 47.08068, -6047.251953125], [-125.39197, 47.07914, -5196.7509765625], [-125.40443, 47.08212, -5167.9326171875]]], [[[-125.73414, 47.15886, -4734.63623046875], [-125.74012, 47.16018, -3783.766357421875], [-125.74698, 47.1619, -4790.1865234375], [-125.73414, 47.15886, -4734.63623046875]]], [[[-125.72721, 47.15766, -3623.327392578125], [-125.74012, 47.16018, -3783.766357421875], [-125.73414, 47.15886, -4734.63623046875], [-125.72721, 47.15766, -3623.327392578125]]], [[[-125.42807, 47.089, -3531.57568359375], [-125.42248, 47.08747, -2652.8505859375], [-125.43437, 47.09059, -2680.532470703125], [-125.42807, 47.089, -3531.57568359375]]], [[[-126.19073, 47.25632, -4520.88623046875], [-126.20326, 47.25877, -4490.5927734375], [-126.19857, 47.25747, -5478.67431640625], [-126.19073, 47.25632, -4520.88623046875]]], [[[-125.72721, 47.15766, -3623.327392578125], [-125.73321, 47.15876, -2664.340087890625], [-125.74012, 47.16018, -3783.766357421875], [-125.72721, 47.15766, -3623.327392578125]]], [[[-125.72721, 47.15766, -3623.327392578125], [-125.7204, 47.15638, -2605.85986328125], [-125.73321, 47.15876, -2664.340087890625], [-125.72721, 47.15766, -3623.327392578125]]], [[[-125.47183, 47.10058, -2644.6220703125], [-125.46556, 47.09851, -1800.1123046875], [-125.47755, 47.10214, -1764.444091796875], [-125.47183, 47.10058, -2644.6220703125]]], [[[-125.71451, 47.15502, -3639.88525390625], [-125.7204, 47.15638, -2605.85986328125], [-125.72721, 47.15766, -3623.327392578125], [-125.71451, 47.15502, -3639.88525390625]]], [[[-126.466, 47.305, -2499.135986328125], [-126.466, 47.305, -3486.000732421875], [-126.45315, 47.30302, -2502.19091796875], [-126.466, 47.305, -2499.135986328125]]], [[[-125.71451, 47.15502, -3639.88525390625], [-125.7078, 47.15345, -2697.177490234375], [-125.7204, 47.15638, -2605.85986328125], [-125.71451, 47.15502, -3639.88525390625]]], [[[-126.19073, 47.25632, -4520.88623046875], [-126.17906, 47.2541, -4651.8447265625], [-126.18108, 47.25441, -3486.647216796875], [-126.19073, 47.25632, -4520.88623046875]]], [[[-125.71451, 47.15502, -3639.88525390625], [-125.70194, 47.15192, -3832.289306640625], [-125.7078, 47.15345, -2697.177490234375], [-125.71451, 47.15502, -3639.88525390625]]], [[[-126.03939, 47.23445, -2954.572265625], [-126.03255, 47.23339, -2110.31494140625], [-126.04535, 47.23536, -2039.509765625], [-126.03939, 47.23445, -2954.572265625]]], [[[-125.45385, 47.09521, -3553.81982421875], [-125.44702, 47.09355, -2714.91259765625], [-125.46026, 47.09684, -2692.84375], [-125.45385, 47.09521, -3553.81982421875]]], [[[-125.86677, 47.20085, -5042.98876953125], [-125.87254, 47.20238, -5928.064453125], [-125.86042, 47.19881, -5893.919921875], [-125.86677, 47.20085, -5042.98876953125]]], [[[-126.27958, 47.27382, -4380.92236328125], [-126.26689, 47.27136, -4378.5947265625], [-126.26937, 47.27185, -3440.34619140625], [-126.27958, 47.27382, -4380.92236328125]]], [[[-125.60926, 47.12873, -2557.3359375], [-125.60291, 47.12776, -1691.9063720703125], [-125.61571, 47.12974, -1696.690673828125], [-125.60926, 47.12873, -2557.3359375]]], [[[-125.71451, 47.15502, -3639.88525390625], [-125.70932, 47.15378, -4778.06298828125], [-125.70194, 47.15192, -3832.289306640625], [-125.71451, 47.15502, -3639.88525390625]]], [[[-126.43322, 47.2988, -3451.668212890625], [-126.4355, 47.29921, -4410.3193359375], [-126.42274, 47.29719, -4386.7138671875], [-126.43322, 47.2988, -3451.668212890625]]], [[[-125.42807, 47.089, -3531.57568359375], [-125.41649, 47.08551, -3513.885498046875], [-125.42248, 47.08747, -2652.8505859375], [-125.42807, 47.089, -3531.57568359375]]], [[[-125.3206, 47.06548, -5301.5185546875], [-125.32838, 47.06629, -6170.61767578125], [-125.31613, 47.06479, -6215.81103515625], [-125.3206, 47.06548, -5301.5185546875]]], [[[-125.71451, 47.15502, -3639.88525390625], [-125.72159, 47.1566, -4700.49462890625], [-125.70932, 47.15378, -4778.06298828125], [-125.71451, 47.15502, -3639.88525390625]]], [[[-126.00485, 47.23107, -3921.1435546875], [-125.99313, 47.23013, -3601.06787109375], [-125.99964, 47.23066, -2857.484619140625], [-126.00485, 47.23107, -3921.1435546875]]], [[[-125.37373, 47.07471, -2674.265380859375], [-125.36741, 47.07325, -1816.3333740234375], [-125.3798, 47.0762, -1806.1934814453125], [-125.37373, 47.07471, -2674.265380859375]]], [[[-125.72721, 47.15766, -3623.327392578125], [-125.73414, 47.15886, -4734.63623046875], [-125.72159, 47.1566, -4700.49462890625], [-125.72721, 47.15766, -3623.327392578125]]], [[[-126.00485, 47.23107, -3921.1435546875], [-126.01092, 47.23153, -4979.9013671875], [-125.99813, 47.23053, -5070.1171875], [-126.00485, 47.23107, -3921.1435546875]]], [[[-125.73414, 47.15886, -4734.63623046875], [-125.72838, 47.1579, -5722.0693359375], [-125.72159, 47.1566, -4700.49462890625], [-125.73414, 47.15886, -4734.63623046875]]], [[[-125.31046, 47.06392, -4434.61962890625], [-125.3206, 47.06548, -5301.5185546875], [-125.30833, 47.06359, -5326.326171875], [-125.31046, 47.06392, -4434.61962890625]]], [[[-125.99313, 47.23013, -3601.06787109375], [-125.98668, 47.2293, -2830.847412109375], [-125.99964, 47.23066, -2857.484619140625], [-125.99313, 47.23013, -3601.06787109375]]], [[[-126.16662, 47.25217, -4774.79150390625], [-126.17906, 47.2541, -4651.8447265625], [-126.17296, 47.25315, -5564.37890625], [-126.16662, 47.25217, -4774.79150390625]]], [[[-125.73414, 47.15886, -4734.63623046875], [-125.74107, 47.1604, -5705.22802734375], [-125.72838, 47.1579, -5722.0693359375], [-125.73414, 47.15886, -4734.63623046875]]], [[[-125.67233, 47.14334, -5032.59228515625], [-125.67903, 47.14525, -5868.08544921875], [-125.66695, 47.14165, -5925.6162109375], [-125.67233, 47.14334, -5032.59228515625]]], [[[-125.29615, 47.06134, -5338.2392578125], [-125.30324, 47.06281, -6237.345703125], [-125.29018, 47.06001, -6251.65185546875], [-125.29615, 47.06134, -5338.2392578125]]], [[[-125.70932, 47.15378, -4778.06298828125], [-125.72159, 47.1566, -4700.49462890625], [-125.71573, 47.15532, -5741.70556640625], [-125.70932, 47.15378, -4778.06298828125]]], [[[-125.3741, 47.07484, -6085.4541015625], [-125.38007, 47.07626, -6954.40625], [-125.36851, 47.0735, -6976.9189453125], [-125.3741, 47.07484, -6085.4541015625]]], [[[-125.69695, 47.15053, -4923.88623046875], [-125.70932, 47.15378, -4778.06298828125], [-125.70328, 47.15231, -5780.63037109375], [-125.69695, 47.15053, -4923.88623046875]]], [[[-125.68938, 47.14819, -3449.7548828125], [-125.70194, 47.15192, -3832.289306640625], [-125.69052, 47.1485, -4197.7421875], [-125.68938, 47.14819, -3449.7548828125]]], [[[-125.38647, 47.07784, -4387.173828125], [-125.39197, 47.07914, -5196.7509765625], [-125.37999, 47.07626, -5218.171875], [-125.38647, 47.07784, -4387.173828125]]], [[[-125.30348, 47.06284, -3545.681640625], [-125.29057, 47.06015, -3541.95068359375], [-125.29725, 47.06178, -2679.18017578125], [-125.30348, 47.06284, -3545.681640625]]], [[[-125.41081, 47.08386, -6021.31884765625], [-125.41713, 47.08571, -6876.18310546875], [-125.40497, 47.08224, -6901.2919921875], [-125.41081, 47.08386, -6021.31884765625]]], [[[-125.70194, 47.15192, -3832.289306640625], [-125.696, 47.15028, -2684.305419921875], [-125.7078, 47.15345, -2697.177490234375], [-125.70194, 47.15192, -3832.289306640625]]], [[[-125.30324, 47.06281, -6237.345703125], [-125.30996, 47.06384, -7089.76123046875], [-125.29712, 47.06178, -7112.34228515625], [-125.30324, 47.06281, -6237.345703125]]], [[[-125.49645, 47.10682, -5770.89501953125], [-125.50302, 47.10868, -6613.78271484375], [-125.4908, 47.10534, -6660.00830078125], [-125.49645, 47.10682, -5770.89501953125]]], [[[-125.696, 47.15028, -2684.305419921875], [-125.68961, 47.14819, -1741.9385986328125], [-125.70157, 47.15189, -1734.76416015625], [-125.696, 47.15028, -2684.305419921875]]], [[[-126.24186, 47.26535, -4387.8515625], [-126.25439, 47.26835, -4377.6044921875], [-126.2492, 47.26724, -5314.41845703125], [-126.24186, 47.26535, -4387.8515625]]], [[[-125.696, 47.15028, -2684.305419921875], [-125.68352, 47.1464, -2602.2001953125], [-125.68961, 47.14819, -1741.9385986328125], [-125.696, 47.15028, -2684.305419921875]]], [[[-126.4473, 47.30153, -4529.97509765625], [-126.45505, 47.30332, -3969.805908203125], [-126.45327, 47.30272, -5416.69775390625], [-126.4473, 47.30153, -4529.97509765625]]], [[[-125.68938, 47.14819, -3449.7548828125], [-125.68352, 47.1464, -2602.2001953125], [-125.696, 47.15028, -2684.305419921875], [-125.68938, 47.14819, -3449.7548828125]]], [[[-125.69052, 47.1485, -4197.7421875], [-125.69695, 47.15053, -4923.88623046875], [-125.68464, 47.14677, -4976.4990234375], [-125.69052, 47.1485, -4197.7421875]]], [[[-126.12729, 47.24648, -4868.33984375], [-126.13429, 47.24705, -5665.3076171875], [-126.12116, 47.24601, -5704.43017578125], [-126.12729, 47.24648, -4868.33984375]]], [[[-125.74012, 47.16018, -3783.766357421875], [-125.73321, 47.15876, -2664.340087890625], [-125.74538, 47.16147, -2753.741943359375], [-125.74012, 47.16018, -3783.766357421875]]], [[[-125.64783, 47.13668, -5147.970703125], [-125.65472, 47.13832, -5983.548828125], [-125.64229, 47.13532, -6045.3134765625], [-125.64783, 47.13668, -5147.970703125]]], [[[-125.66576, 47.14127, -4194.45458984375], [-125.66029, 47.13971, -5088.7626953125], [-125.65285, 47.13788, -4263.134765625], [-125.66576, 47.14127, -4194.45458984375]]], [[[-125.68938, 47.14819, -3449.7548828125], [-125.6784, 47.14511, -4186.50341796875], [-125.67682, 47.14463, -3428.01708984375], [-125.68938, 47.14819, -3449.7548828125]]], [[[-125.68938, 47.14819, -3449.7548828125], [-125.69052, 47.1485, -4197.7421875], [-125.6784, 47.14511, -4186.50341796875], [-125.68938, 47.14819, -3449.7548828125]]], [[[-125.34892, 47.06887, -2704.34814453125], [-125.34241, 47.06785, -1846.707275390625], [-125.35504, 47.07026, -1836.5672607421875], [-125.34892, 47.06887, -2704.34814453125]]], [[[-125.53858, 47.11805, -3370.181640625], [-125.53278, 47.11669, -2577.297607421875], [-125.54517, 47.11955, -2567.167236328125], [-125.53858, 47.11805, -3370.181640625]]], [[[-125.81118, 47.18372, -3677.251220703125], [-125.80412, 47.18154, -2674.094970703125], [-125.81595, 47.1853, -2624.16748046875], [-125.81118, 47.18372, -3677.251220703125]]], [[[-125.68464, 47.14677, -4976.4990234375], [-125.69119, 47.14873, -5818.9580078125], [-125.67903, 47.14525, -5868.08544921875], [-125.68464, 47.14677, -4976.4990234375]]], [[[-125.83708, 47.19201, -4155.07666015625], [-125.84563, 47.19461, -3420.91552734375], [-125.84929, 47.1956, -4180.6513671875], [-125.83708, 47.19201, -4155.07666015625]]], [[[-126.06299, 47.23758, -3042.56005859375], [-126.05811, 47.23717, -1959.7431640625], [-126.0708, 47.23828, -2187.001708984375], [-126.06299, 47.23758, -3042.56005859375]]], [[[-126.29244, 47.27583, -4378.8115234375], [-126.27958, 47.27382, -4380.92236328125], [-126.28208, 47.27424, -3443.508056640625], [-126.29244, 47.27583, -4378.8115234375]]], [[[-126.27958, 47.27382, -4380.92236328125], [-126.28738, 47.27417, -5306.05712890625], [-126.27462, 47.27193, -5305.8466796875], [-126.27958, 47.27382, -4380.92236328125]]], [[[-125.31613, 47.06479, -6215.81103515625], [-125.32283, 47.06582, -7066.421875], [-125.30996, 47.06384, -7089.76123046875], [-125.31613, 47.06479, -6215.81103515625]]], [[[-125.3163, 47.06482, -3552.97119140625], [-125.31005, 47.06385, -2689.197265625], [-125.32285, 47.0658, -2697.900146484375], [-125.3163, 47.06482, -3552.97119140625]]], [[[-125.67131, 47.14308, -2596.60009765625], [-125.67741, 47.14487, -1736.53125], [-125.68352, 47.1464, -2602.2001953125], [-125.67131, 47.14308, -2596.60009765625]]], [[[-125.7204, 47.15638, -2605.85986328125], [-125.71394, 47.1549, -1699.7027587890625], [-125.72647, 47.15759, -1678.067626953125], [-125.7204, 47.15638, -2605.85986328125]]], [[[-126.42274, 47.29719, -4386.7138671875], [-126.4278, 47.29814, -5330.6318359375], [-126.4151, 47.29578, -5317.57958984375], [-126.42274, 47.29719, -4386.7138671875]]], [[[-125.82457, 47.18802, -4090.4716796875], [-125.83708, 47.19201, -4155.07666015625], [-125.83055, 47.18987, -4943.83544921875], [-125.82457, 47.18802, -4090.4716796875]]], [[[-125.65374, 47.13809, -3464.5908203125], [-125.66576, 47.14127, -4194.45458984375], [-125.65285, 47.13788, -4263.134765625], [-125.65374, 47.13809, -3464.5908203125]]], [[[-125.65374, 47.13809, -3464.5908203125], [-125.64052, 47.13489, -3505.107421875], [-125.64706, 47.13651, -2616.29150390625], [-125.65374, 47.13809, -3464.5908203125]]], [[[-125.29057, 47.06015, -3541.95068359375], [-125.2846, 47.05883, -2681.1884765625], [-125.29725, 47.06178, -2679.18017578125], [-125.29057, 47.06015, -3541.95068359375]]], [[[-125.60926, 47.12873, -2557.3359375], [-125.61571, 47.12974, -1696.690673828125], [-125.62184, 47.13069, -2571.6640625], [-125.60926, 47.12873, -2557.3359375]]], [[[-125.60926, 47.12873, -2557.3359375], [-125.59633, 47.12689, -2549.252197265625], [-125.60291, 47.12776, -1691.9063720703125], [-125.60926, 47.12873, -2557.3359375]]], [[[-125.4723, 47.10065, -4324.44091796875], [-125.48429, 47.1038, -4295.07861328125], [-125.4777, 47.10212, -5046.25439453125], [-125.4723, 47.10065, -4324.44091796875]]], [[[-125.60272, 47.12773, -3420.1806640625], [-125.59633, 47.12689, -2549.252197265625], [-125.60926, 47.12873, -2557.3359375], [-125.60272, 47.12773, -3420.1806640625]]], [[[-125.59089, 47.12645, -3493.757568359375], [-125.58351, 47.12559, -2545.960205078125], [-125.59633, 47.12689, -2549.252197265625], [-125.59089, 47.12645, -3493.757568359375]]], [[[-125.43413, 47.09052, -4371.60693359375], [-125.44716, 47.0936, -4353.49462890625], [-125.44091, 47.09212, -5114.92724609375], [-125.43413, 47.09052, -4371.60693359375]]], [[[-125.57833, 47.12479, -3508.51806640625], [-125.58351, 47.12559, -2545.960205078125], [-125.59089, 47.12645, -3493.757568359375], [-125.57833, 47.12479, -3508.51806640625]]], [[[-125.28485, 47.05904, -5435.0419921875], [-125.29615, 47.06134, -5338.2392578125], [-125.29018, 47.06001, -6251.65185546875], [-125.28485, 47.05904, -5435.0419921875]]], [[[-125.57833, 47.12479, -3508.51806640625], [-125.56555, 47.12285, -3531.9541015625], [-125.57078, 47.12366, -2570.05859375], [-125.57833, 47.12479, -3508.51806640625]]], [[[-125.56555, 47.12285, -3531.9541015625], [-125.57833, 47.12479, -3508.51806640625], [-125.57636, 47.12452, -4495.25537109375], [-125.56555, 47.12285, -3531.9541015625]]], [[[-125.55739, 47.1216, -4152.43017578125], [-125.56555, 47.12285, -3531.9541015625], [-125.56489, 47.12275, -4658.2333984375], [-125.55739, 47.1216, -4152.43017578125]]], [[[-125.55739, 47.1216, -4152.43017578125], [-125.55212, 47.12078, -3361.087158203125], [-125.56555, 47.12285, -3531.9541015625], [-125.55739, 47.1216, -4152.43017578125]]], [[[-125.29783, 47.06184, -4440.04052734375], [-125.31046, 47.06392, -4434.61962890625], [-125.30833, 47.06359, -5326.326171875], [-125.29783, 47.06184, -4440.04052734375]]], [[[-126.01844, 47.23211, -3920.90673828125], [-126.01243, 47.23165, -2931.69580078125], [-126.02552, 47.2327, -2956.707763671875], [-126.01844, 47.23211, -3920.90673828125]]], [[[-125.54499, 47.11943, -3984.896240234375], [-125.55212, 47.12078, -3361.087158203125], [-125.55739, 47.1216, -4152.43017578125], [-125.54499, 47.11943, -3984.896240234375]]], [[[-125.54499, 47.11943, -3984.896240234375], [-125.53858, 47.11805, -3370.181640625], [-125.55212, 47.12078, -3361.087158203125], [-125.54499, 47.11943, -3984.896240234375]]], [[[-125.54499, 47.11943, -3984.896240234375], [-125.53288, 47.1167, -4194.830078125], [-125.53858, 47.11805, -3370.181640625], [-125.54499, 47.11943, -3984.896240234375]]], [[[-125.4719, 47.10047, -5854.90234375], [-125.4777, 47.10212, -5046.25439453125], [-125.48411, 47.10373, -5814.4013671875], [-125.4719, 47.10047, -5854.90234375]]], [[[-125.53288, 47.1167, -4194.830078125], [-125.54499, 47.11943, -3984.896240234375], [-125.5394, 47.11824, -4816.1025390625], [-125.53288, 47.1167, -4194.830078125]]], [[[-126.4355, 47.29921, -4410.3193359375], [-126.44053, 47.30043, -5373.66455078125], [-126.4278, 47.29814, -5330.6318359375], [-126.4355, 47.29921, -4410.3193359375]]], [[[-125.42285, 47.08745, -5992.78955078125], [-125.43508, 47.09072, -5962.50048828125], [-125.42922, 47.0893, -6846.7255859375], [-125.42285, 47.08745, -5992.78955078125]]], [[[-125.32317, 47.06576, -4420.59814453125], [-125.31046, 47.06392, -4434.61962890625], [-125.3163, 47.06482, -3552.97119140625], [-125.32317, 47.06576, -4420.59814453125]]], [[[-125.5394, 47.11824, -4816.1025390625], [-125.52669, 47.11517, -4894.384765625], [-125.53288, 47.1167, -4194.830078125], [-125.5394, 47.11824, -4816.1025390625]]], [[[-126.42274, 47.29719, -4386.7138671875], [-126.4151, 47.29578, -5317.57958984375], [-126.4099, 47.29482, -4376.97216796875], [-126.42274, 47.29719, -4386.7138671875]]], [[[-125.4656, 47.09859, -5066.10888671875], [-125.45982, 47.09686, -5892.556640625], [-125.45339, 47.09511, -5084.31396484375], [-125.4656, 47.09859, -5066.10888671875]]], [[[-125.5394, 47.11824, -4816.1025390625], [-125.53323, 47.11676, -5634.91552734375], [-125.52669, 47.11517, -4894.384765625], [-125.5394, 47.11824, -4816.1025390625]]], [[[-126.44565, 47.30118, -3457.01318359375], [-126.4473, 47.30153, -4529.97509765625], [-126.4355, 47.29921, -4410.3193359375], [-126.44565, 47.30118, -3457.01318359375]]], [[[-125.53323, 47.11676, -5634.91552734375], [-125.5394, 47.11824, -4816.1025390625], [-125.54574, 47.11956, -5588.43212890625], [-125.53323, 47.11676, -5634.91552734375]]], [[[-125.31046, 47.06392, -4434.61962890625], [-125.29783, 47.06184, -4440.04052734375], [-125.30348, 47.06284, -3545.681640625], [-125.31046, 47.06392, -4434.61962890625]]], [[[-125.53323, 47.11676, -5634.91552734375], [-125.54574, 47.11956, -5588.43212890625], [-125.53994, 47.11837, -6479.4208984375], [-125.53323, 47.11676, -5634.91552734375]]], [[[-125.46655, 47.09885, -3533.107177734375], [-125.45385, 47.09521, -3553.81982421875], [-125.46026, 47.09684, -2692.84375], [-125.46655, 47.09885, -3533.107177734375]]], [[[-126.21612, 47.26086, -4446.9765625], [-126.22905, 47.26294, -4409.85400390625], [-126.22401, 47.26202, -5370.123046875], [-126.21612, 47.26086, -4446.9765625]]], [[[-125.53323, 47.11676, -5634.91552734375], [-125.53994, 47.11837, -6479.4208984375], [-125.52749, 47.11537, -6524.24560546875], [-125.53323, 47.11676, -5634.91552734375]]], [[[-125.52081, 47.1137, -5679.5869140625], [-125.53323, 47.11676, -5634.91552734375], [-125.52749, 47.11537, -6524.24560546875], [-125.52081, 47.1137, -5679.5869140625]]], [[[-126.29502, 47.27617, -3439.65234375], [-126.308, 47.27762, -3432.874267578125], [-126.30544, 47.2774, -4375.03271484375], [-126.29502, 47.27617, -3439.65234375]]], [[[-125.52081, 47.1137, -5679.5869140625], [-125.52669, 47.11517, -4894.384765625], [-125.53323, 47.11676, -5634.91552734375], [-125.52081, 47.1137, -5679.5869140625]]], [[[-125.3163, 47.06482, -3552.97119140625], [-125.31046, 47.06392, -4434.61962890625], [-125.30348, 47.06284, -3545.681640625], [-125.3163, 47.06482, -3552.97119140625]]], [[[-125.44716, 47.0936, -4353.49462890625], [-125.43413, 47.09052, -4371.60693359375], [-125.4403, 47.09199, -3562.333984375], [-125.44716, 47.0936, -4353.49462890625]]], [[[-126.26689, 47.27136, -4378.5947265625], [-126.27958, 47.27382, -4380.92236328125], [-126.27462, 47.27193, -5305.8466796875], [-126.26689, 47.27136, -4378.5947265625]]], [[[-125.52669, 47.11517, -4894.384765625], [-125.52081, 47.1137, -5679.5869140625], [-125.51425, 47.11199, -4933.17626953125], [-125.52669, 47.11517, -4894.384765625]]], [[[-125.52046, 47.11362, -4221.7001953125], [-125.52669, 47.11517, -4894.384765625], [-125.51425, 47.11199, -4933.17626953125], [-125.52046, 47.11362, -4221.7001953125]]], [[[-125.53288, 47.1167, -4194.830078125], [-125.52046, 47.11362, -4221.7001953125], [-125.52664, 47.11516, -3439.37109375], [-125.53288, 47.1167, -4194.830078125]]], [[[-125.45339, 47.09511, -5084.31396484375], [-125.44751, 47.09369, -5928.46240234375], [-125.44091, 47.09212, -5114.92724609375], [-125.45339, 47.09511, -5084.31396484375]]], [[[-125.53288, 47.1167, -4194.830078125], [-125.52664, 47.11516, -3439.37109375], [-125.53858, 47.11805, -3370.181640625], [-125.53288, 47.1167, -4194.830078125]]], [[[-125.31046, 47.06392, -4434.61962890625], [-125.32317, 47.06576, -4420.59814453125], [-125.3206, 47.06548, -5301.5185546875], [-125.31046, 47.06392, -4434.61962890625]]], [[[-125.46655, 47.09885, -3533.107177734375], [-125.47813, 47.10228, -3496.43310546875], [-125.4723, 47.10065, -4324.44091796875], [-125.46655, 47.09885, -3533.107177734375]]], [[[-126.13427, 47.24718, -4121.7841796875], [-126.12827, 47.24657, -3303.851806640625], [-126.14123, 47.24812, -3327.285400390625], [-126.13427, 47.24718, -4121.7841796875]]], [[[-125.33629, 47.06706, -4422.82080078125], [-125.32317, 47.06576, -4420.59814453125], [-125.32923, 47.06639, -3564.39794921875], [-125.33629, 47.06706, -4422.82080078125]]], [[[-125.52664, 47.11516, -3439.37109375], [-125.5204, 47.1136, -2587.588623046875], [-125.53278, 47.11669, -2577.297607421875], [-125.52664, 47.11516, -3439.37109375]]], [[[-125.51431, 47.11207, -3454.346923828125], [-125.5204, 47.1136, -2587.588623046875], [-125.52664, 47.11516, -3439.37109375], [-125.51431, 47.11207, -3454.346923828125]]], [[[-126.30544, 47.2774, -4375.03271484375], [-126.31307, 47.27801, -5305.21875], [-126.30014, 47.27641, -5306.26708984375], [-126.30544, 47.2774, -4375.03271484375]]], [[[-125.61454, 47.12954, -3482.2978515625], [-125.60272, 47.12773, -3420.1806640625], [-125.60926, 47.12873, -2557.3359375], [-125.61454, 47.12954, -3482.2978515625]]], [[[-125.4777, 47.10212, -5046.25439453125], [-125.4719, 47.10047, -5854.90234375], [-125.4656, 47.09859, -5066.10888671875], [-125.4777, 47.10212, -5046.25439453125]]], [[[-125.48411, 47.10373, -5814.4013671875], [-125.4908, 47.10534, -6660.00830078125], [-125.47836, 47.10234, -6703.5673828125], [-125.48411, 47.10373, -5814.4013671875]]], [[[-125.50232, 47.10845, -3460.237548828125], [-125.50815, 47.11035, -2595.082763671875], [-125.51431, 47.11207, -3454.346923828125], [-125.50232, 47.10845, -3460.237548828125]]], [[[-125.48998, 47.10514, -5005.306640625], [-125.48411, 47.10373, -5814.4013671875], [-125.4777, 47.10212, -5046.25439453125], [-125.48998, 47.10514, -5005.306640625]]], [[[-125.50232, 47.10845, -3460.237548828125], [-125.49623, 47.10663, -2603.390869140625], [-125.50815, 47.11035, -2595.082763671875], [-125.50232, 47.10845, -3460.237548828125]]], [[[-125.50232, 47.10845, -3460.237548828125], [-125.49022, 47.1052, -3476.11865234375], [-125.49623, 47.10663, -2603.390869140625], [-125.50232, 47.10845, -3460.237548828125]]], [[[-125.50232, 47.10845, -3460.237548828125], [-125.49639, 47.10674, -4263.06884765625], [-125.49022, 47.1052, -3476.11865234375], [-125.50232, 47.10845, -3460.237548828125]]], [[[-125.50825, 47.11033, -4242.1396484375], [-125.49639, 47.10674, -4263.06884765625], [-125.50232, 47.10845, -3460.237548828125], [-125.50825, 47.11033, -4242.1396484375]]], [[[-125.49639, 47.10674, -4263.06884765625], [-125.50215, 47.10845, -4964.72900390625], [-125.48998, 47.10514, -5005.306640625], [-125.49639, 47.10674, -4263.06884765625]]], [[[-125.44716, 47.0936, -4353.49462890625], [-125.45339, 47.09511, -5084.31396484375], [-125.44091, 47.09212, -5114.92724609375], [-125.44716, 47.0936, -4353.49462890625]]], [[[-125.49639, 47.10674, -4263.06884765625], [-125.48429, 47.1038, -4295.07861328125], [-125.49022, 47.1052, -3476.11865234375], [-125.49639, 47.10674, -4263.06884765625]]], [[[-125.47813, 47.10228, -3496.43310546875], [-125.49022, 47.1052, -3476.11865234375], [-125.48429, 47.1038, -4295.07861328125], [-125.47813, 47.10228, -3496.43310546875]]], [[[-125.49022, 47.1052, -3476.11865234375], [-125.48392, 47.10372, -2617.782470703125], [-125.49623, 47.10663, -2603.390869140625], [-125.49022, 47.1052, -3476.11865234375]]], [[[-125.47183, 47.10058, -2644.6220703125], [-125.47755, 47.10214, -1764.444091796875], [-125.48392, 47.10372, -2617.782470703125], [-125.47183, 47.10058, -2644.6220703125]]], [[[-125.46026, 47.09684, -2692.84375], [-125.46556, 47.09851, -1800.1123046875], [-125.47183, 47.10058, -2644.6220703125], [-125.46026, 47.09684, -2692.84375]]], [[[-125.46026, 47.09684, -2692.84375], [-125.45344, 47.09512, -1863.3763427734375], [-125.46556, 47.09851, -1800.1123046875], [-125.46026, 47.09684, -2692.84375]]], [[[-125.46026, 47.09684, -2692.84375], [-125.44702, 47.09355, -2714.91259765625], [-125.45344, 47.09512, -1863.3763427734375], [-125.46026, 47.09684, -2692.84375]]], [[[-126.44565, 47.30118, -3457.01318359375], [-126.4355, 47.29921, -4410.3193359375], [-126.43322, 47.2988, -3451.668212890625], [-126.44565, 47.30118, -3457.01318359375]]], [[[-125.4403, 47.09199, -3562.333984375], [-125.44702, 47.09355, -2714.91259765625], [-125.45385, 47.09521, -3553.81982421875], [-125.4403, 47.09199, -3562.333984375]]], [[[-125.43413, 47.09052, -4371.60693359375], [-125.42807, 47.089, -3531.57568359375], [-125.4403, 47.09199, -3562.333984375], [-125.43413, 47.09052, -4371.60693359375]]], [[[-125.43413, 47.09052, -4371.60693359375], [-125.42205, 47.08727, -4371.97265625], [-125.42807, 47.089, -3531.57568359375], [-125.43413, 47.09052, -4371.60693359375]]], [[[-125.42205, 47.08727, -4371.97265625], [-125.43413, 47.09052, -4371.60693359375], [-125.42854, 47.08908, -5148.830078125], [-125.42205, 47.08727, -4371.97265625]]], [[[-125.42205, 47.08727, -4371.97265625], [-125.42854, 47.08908, -5148.830078125], [-125.41653, 47.08556, -5163.248046875], [-125.42205, 47.08727, -4371.97265625]]], [[[-125.42205, 47.08727, -4371.97265625], [-125.41653, 47.08556, -5163.248046875], [-125.41039, 47.08368, -4373.2333984375], [-125.42205, 47.08727, -4371.97265625]]], [[[-125.90382, 47.20996, -5134.931640625], [-125.91551, 47.21295, -5108.27099609375], [-125.90965, 47.21141, -6006.33251953125], [-125.90382, 47.20996, -5134.931640625]]], [[[-125.44702, 47.09355, -2714.91259765625], [-125.43437, 47.09059, -2680.532470703125], [-125.44105, 47.09217, -1841.069580078125], [-125.44702, 47.09355, -2714.91259765625]]], [[[-125.56489, 47.12275, -4658.2333984375], [-125.5585, 47.12177, -5541.2998046875], [-125.55126, 47.12058, -4772.3291015625], [-125.56489, 47.12275, -4658.2333984375]]], [[[-125.42248, 47.08747, -2652.8505859375], [-125.41669, 47.08555, -1784.339111328125], [-125.42869, 47.08917, -1795.690673828125], [-125.42248, 47.08747, -2652.8505859375]]], [[[-125.41065, 47.08369, -2644.50927734375], [-125.41669, 47.08555, -1784.339111328125], [-125.42248, 47.08747, -2652.8505859375], [-125.41065, 47.08369, -2644.50927734375]]], [[[-125.41065, 47.08369, -2644.50927734375], [-125.40455, 47.08215, -1778.933837890625], [-125.41669, 47.08555, -1784.339111328125], [-125.41065, 47.08369, -2644.50927734375]]], [[[-125.93836, 47.21946, -5117.474609375], [-125.94801, 47.22231, -5168.7412109375], [-125.94242, 47.22047, -6050.00439453125], [-125.93836, 47.21946, -5117.474609375]]], [[[-125.40446, 47.08212, -3500.81201171875], [-125.39836, 47.08063, -2641.453857421875], [-125.41065, 47.08369, -2644.50927734375], [-125.40446, 47.08212, -3500.81201171875]]], [[[-125.40446, 47.08212, -3500.81201171875], [-125.39244, 47.07925, -3513.169677734375], [-125.39836, 47.08063, -2641.453857421875], [-125.40446, 47.08212, -3500.81201171875]]], [[[-125.40446, 47.08212, -3500.81201171875], [-125.39859, 47.0807, -4372.91162109375], [-125.39244, 47.07925, -3513.169677734375], [-125.40446, 47.08212, -3500.81201171875]]], [[[-125.84563, 47.19461, -3420.91552734375], [-125.83358, 47.19087, -3410.63818359375], [-125.83977, 47.19289, -2609.78955078125], [-125.84563, 47.19461, -3420.91552734375]]], [[[-125.40446, 47.08212, -3500.81201171875], [-125.41039, 47.08368, -4373.2333984375], [-125.39859, 47.0807, -4372.91162109375], [-125.40446, 47.08212, -3500.81201171875]]], [[[-125.41039, 47.08368, -4373.2333984375], [-125.40446, 47.08212, -3500.81201171875], [-125.41649, 47.08551, -3513.885498046875], [-125.41039, 47.08368, -4373.2333984375]]], [[[-125.41649, 47.08551, -3513.885498046875], [-125.41065, 47.08369, -2644.50927734375], [-125.42248, 47.08747, -2652.8505859375], [-125.41649, 47.08551, -3513.885498046875]]], [[[-125.41039, 47.08368, -4373.2333984375], [-125.40443, 47.08212, -5167.9326171875], [-125.39859, 47.0807, -4372.91162109375], [-125.41039, 47.08368, -4373.2333984375]]], [[[-125.41039, 47.08368, -4373.2333984375], [-125.41653, 47.08556, -5163.248046875], [-125.40443, 47.08212, -5167.9326171875], [-125.41039, 47.08368, -4373.2333984375]]], [[[-125.41653, 47.08556, -5163.248046875], [-125.41081, 47.08386, -6021.31884765625], [-125.40443, 47.08212, -5167.9326171875], [-125.41653, 47.08556, -5163.248046875]]], [[[-125.41081, 47.08386, -6021.31884765625], [-125.41653, 47.08556, -5163.248046875], [-125.42285, 47.08745, -5992.78955078125], [-125.41081, 47.08386, -6021.31884765625]]], [[[-125.41081, 47.08386, -6021.31884765625], [-125.42285, 47.08745, -5992.78955078125], [-125.41713, 47.08571, -6876.18310546875], [-125.41081, 47.08386, -6021.31884765625]]], [[[-125.39845, 47.08068, -6047.251953125], [-125.40443, 47.08212, -5167.9326171875], [-125.41081, 47.08386, -6021.31884765625], [-125.39845, 47.08068, -6047.251953125]]], [[[-125.39859, 47.0807, -4372.91162109375], [-125.40443, 47.08212, -5167.9326171875], [-125.39197, 47.07914, -5196.7509765625], [-125.39859, 47.0807, -4372.91162109375]]], [[[-125.38647, 47.07784, -4387.173828125], [-125.39859, 47.0807, -4372.91162109375], [-125.39197, 47.07914, -5196.7509765625], [-125.38647, 47.07784, -4387.173828125]]], [[[-125.38019, 47.0763, -3529.578125], [-125.39244, 47.07925, -3513.169677734375], [-125.38647, 47.07784, -4387.173828125], [-125.38019, 47.0763, -3529.578125]]], [[[-125.39244, 47.07925, -3513.169677734375], [-125.38626, 47.07781, -2654.725830078125], [-125.39836, 47.08063, -2641.453857421875], [-125.39244, 47.07925, -3513.169677734375]]], [[[-125.38626, 47.07781, -2654.725830078125], [-125.39216, 47.07919, -1777.879638671875], [-125.39836, 47.08063, -2641.453857421875], [-125.38626, 47.07781, -2654.725830078125]]], [[[-125.38626, 47.07781, -2654.725830078125], [-125.37373, 47.07471, -2674.265380859375], [-125.3798, 47.0762, -1806.1934814453125], [-125.38626, 47.07781, -2654.725830078125]]], [[[-125.38019, 47.0763, -3529.578125], [-125.37373, 47.07471, -2674.265380859375], [-125.38626, 47.07781, -2654.725830078125], [-125.38019, 47.0763, -3529.578125]]], [[[-125.38019, 47.0763, -3529.578125], [-125.37416, 47.07483, -4396.63720703125], [-125.36773, 47.07332, -3547.078857421875], [-125.38019, 47.0763, -3529.578125]]], [[[-125.37416, 47.07483, -4396.63720703125], [-125.38647, 47.07784, -4387.173828125], [-125.37999, 47.07626, -5218.171875], [-125.37416, 47.07483, -4396.63720703125]]], [[[-125.37416, 47.07483, -4396.63720703125], [-125.37999, 47.07626, -5218.171875], [-125.36878, 47.07356, -5197.3876953125], [-125.37416, 47.07483, -4396.63720703125]]], [[[-125.36773, 47.07332, -3547.078857421875], [-125.35534, 47.07035, -3566.4326171875], [-125.36142, 47.07185, -2689.320068359375], [-125.36773, 47.07332, -3547.078857421875]]], [[[-125.36142, 47.07185, -2689.320068359375], [-125.36741, 47.07325, -1816.3333740234375], [-125.37373, 47.07471, -2674.265380859375], [-125.36142, 47.07185, -2689.320068359375]]], [[[-125.36142, 47.07185, -2689.320068359375], [-125.35504, 47.07026, -1836.5672607421875], [-125.36741, 47.07325, -1816.3333740234375], [-125.36142, 47.07185, -2689.320068359375]]], [[[-125.83358, 47.19087, -3410.63818359375], [-125.8279, 47.18906, -2617.10400390625], [-125.83977, 47.19289, -2609.78955078125], [-125.83358, 47.19087, -3410.63818359375]]], [[[-125.64052, 47.13489, -3505.107421875], [-125.63424, 47.13337, -2601.494873046875], [-125.64706, 47.13651, -2616.29150390625], [-125.64052, 47.13489, -3505.107421875]]], [[[-125.35534, 47.07035, -3566.4326171875], [-125.34911, 47.069, -4423.4970703125], [-125.34242, 47.06784, -3570.443359375], [-125.35534, 47.07035, -3566.4326171875]]], [[[-125.33629, 47.06706, -4422.82080078125], [-125.34911, 47.069, -4423.4970703125], [-125.34571, 47.06835, -5266.9794921875], [-125.33629, 47.06706, -4422.82080078125]]], [[[-125.34242, 47.06784, -3570.443359375], [-125.32923, 47.06639, -3564.39794921875], [-125.3359, 47.06694, -2705.99072265625], [-125.34242, 47.06784, -3570.443359375]]], [[[-125.34242, 47.06784, -3570.443359375], [-125.3359, 47.06694, -2705.99072265625], [-125.34892, 47.06887, -2704.34814453125], [-125.34242, 47.06784, -3570.443359375]]], [[[-125.3359, 47.06694, -2705.99072265625], [-125.32946, 47.06643, -1839.6590576171875], [-125.34241, 47.06785, -1846.707275390625], [-125.3359, 47.06694, -2705.99072265625]]], [[[-125.32285, 47.0658, -2697.900146484375], [-125.32946, 47.06643, -1839.6590576171875], [-125.3359, 47.06694, -2705.99072265625], [-125.32285, 47.0658, -2697.900146484375]]], [[[-125.32285, 47.0658, -2697.900146484375], [-125.31654, 47.06484, -1830.541748046875], [-125.32946, 47.06643, -1839.6590576171875], [-125.32285, 47.0658, -2697.900146484375]]], [[[-125.31005, 47.06385, -2689.197265625], [-125.31654, 47.06484, -1830.541748046875], [-125.32285, 47.0658, -2697.900146484375], [-125.31005, 47.06385, -2689.197265625]]], [[[-125.64103, 47.13501, -4363.70703125], [-125.64783, 47.13668, -5147.970703125], [-125.63537, 47.13365, -5211.9326171875], [-125.64103, 47.13501, -4363.70703125]]], [[[-125.63537, 47.13365, -5211.9326171875], [-125.64229, 47.13532, -6045.3134765625], [-125.62985, 47.13235, -6111.14013671875], [-125.63537, 47.13365, -5211.9326171875]]], [[[-125.2846, 47.05883, -2681.1884765625], [-125.29119, 47.06029, -1811.244384765625], [-125.29725, 47.06178, -2679.18017578125], [-125.2846, 47.05883, -2681.1884765625]]], [[[-125.79384, 47.17857, -4714.68798828125], [-125.80015, 47.1804, -5741.787109375], [-125.7881, 47.1767, -5720.35546875], [-125.79384, 47.17857, -4714.68798828125]]], [[[-125.27276, 47.05644, -2608.212890625], [-125.27856, 47.05787, -1791.473388671875], [-125.2846, 47.05883, -2681.1884765625], [-125.27276, 47.05644, -2608.212890625]]], [[[-125.27276, 47.05644, -2608.212890625], [-125.26666, 47.05411, -1775.8555908203125], [-125.27856, 47.05787, -1791.473388671875], [-125.27276, 47.05644, -2608.212890625]]], [[[-125.255, 47.05, -7163.31005859375], [-125.255, 47.05, -6346.86962890625], [-125.26326, 47.05257, -7154.91064453125], [-125.255, 47.05, -7163.31005859375]]], [[[-125.26512, 47.05346, -3070.1728515625], [-125.26666, 47.05411, -1775.8555908203125], [-125.27276, 47.05644, -2608.212890625], [-125.26512, 47.05346, -3070.1728515625]]], [[[-125.90382, 47.20996, -5134.931640625], [-125.90965, 47.21141, -6006.33251953125], [-125.89743, 47.20848, -5984.70361328125], [-125.90382, 47.20996, -5134.931640625]]], [[[-125.67233, 47.14334, -5032.59228515625], [-125.66695, 47.14165, -5925.6162109375], [-125.66029, 47.13971, -5088.7626953125], [-125.67233, 47.14334, -5032.59228515625]]], [[[-125.26536, 47.05355, -4062.797119140625], [-125.255, 47.05, -4534.587890625], [-125.255, 47.05, -3611.19873046875], [-125.26536, 47.05355, -4062.797119140625]]], [[[-125.84244, 47.19379, -4976.23876953125], [-125.83708, 47.19201, -4155.07666015625], [-125.84929, 47.1956, -4180.6513671875], [-125.84244, 47.19379, -4976.23876953125]]], [[[-125.59715, 47.12707, -5368.3232421875], [-125.59131, 47.12644, -6284.76416015625], [-125.58416, 47.12561, -5427.32763671875], [-125.59715, 47.12707, -5368.3232421875]]], [[[-126.17906, 47.2541, -4651.8447265625], [-126.19073, 47.25632, -4520.88623046875], [-126.18585, 47.2552, -5532.94970703125], [-126.17906, 47.2541, -4651.8447265625]]], [[[-125.54499, 47.11943, -3984.896240234375], [-125.55739, 47.1216, -4152.43017578125], [-125.55126, 47.12058, -4772.3291015625], [-125.54499, 47.11943, -3984.896240234375]]], [[[-126.22905, 47.26294, -4409.85400390625], [-126.24186, 47.26535, -4387.8515625], [-126.23664, 47.26453, -5334.8046875], [-126.22905, 47.26294, -4409.85400390625]]], [[[-125.26554, 47.05363, -5998.57080078125], [-125.255, 47.05, -5457.9765625], [-125.26538, 47.05359, -4996.19580078125], [-125.26554, 47.05363, -5998.57080078125]]], [[[-126.19073, 47.25632, -4520.88623046875], [-126.19857, 47.25747, -5478.67431640625], [-126.18585, 47.2552, -5532.94970703125], [-126.19073, 47.25632, -4520.88623046875]]], [[[-125.57138, 47.12375, -5493.32421875], [-125.58416, 47.12561, -5427.32763671875], [-125.57834, 47.12482, -6336.72607421875], [-125.57138, 47.12375, -5493.32421875]]], [[[-126.25439, 47.26835, -4377.6044921875], [-126.26187, 47.26969, -5305.63623046875], [-126.2492, 47.26724, -5314.41845703125], [-126.25439, 47.26835, -4377.6044921875]]], [[[-125.27584, 47.05744, -6238.84814453125], [-125.28485, 47.05904, -5435.0419921875], [-125.29018, 47.06001, -6251.65185546875], [-125.27584, 47.05744, -6238.84814453125]]], [[[-126.01844, 47.23211, -3920.90673828125], [-126.00485, 47.23107, -3921.1435546875], [-126.01243, 47.23165, -2931.69580078125], [-126.01844, 47.23211, -3920.90673828125]]], [[[-126.16009, 47.25114, -4120.45654296875], [-126.17218, 47.25303, -3949.569580078125], [-126.16662, 47.25217, -4774.79150390625], [-126.16009, 47.25114, -4120.45654296875]]], [[[-125.79856, 47.17999, -3654.38525390625], [-125.80603, 47.18206, -4729.18310546875], [-125.79384, 47.17857, -4714.68798828125], [-125.79856, 47.17999, -3654.38525390625]]], [[[-126.25693, 47.26896, -3435.586181640625], [-126.26937, 47.27185, -3440.34619140625], [-126.26689, 47.27136, -4378.5947265625], [-126.25693, 47.26896, -3435.586181640625]]], [[[-126.14039, 47.24799, -4845.76806640625], [-126.1472, 47.24903, -5628.9501953125], [-126.13429, 47.24705, -5665.3076171875], [-126.14039, 47.24799, -4845.76806640625]]], [[[-126.21612, 47.26086, -4446.9765625], [-126.22401, 47.26202, -5370.123046875], [-126.21129, 47.25975, -5424.3984375], [-126.21612, 47.26086, -4446.9765625]]], [[[-125.35267, 47.06976, -6099.55078125], [-125.35847, 47.07112, -6995.73583984375], [-125.34396, 47.06807, -7021.84912109375], [-125.35267, 47.06976, -6099.55078125]]], [[[-125.34571, 47.06835, -5266.9794921875], [-125.33985, 47.06755, -6102.55126953125], [-125.33291, 47.06667, -5237.13818359375], [-125.34571, 47.06835, -5266.9794921875]]], [[[-125.35781, 47.07098, -5195.40087890625], [-125.35267, 47.06976, -6099.55078125], [-125.34571, 47.06835, -5266.9794921875], [-125.35781, 47.07098, -5195.40087890625]]], [[[-125.36878, 47.07356, -5197.3876953125], [-125.36346, 47.07229, -6081.54931640625], [-125.35781, 47.07098, -5195.40087890625], [-125.36878, 47.07356, -5197.3876953125]]], [[[-126.21612, 47.26086, -4446.9765625], [-126.20326, 47.25877, -4490.5927734375], [-126.20633, 47.25929, -3490.2939453125], [-126.21612, 47.26086, -4446.9765625]]], [[[-125.64052, 47.13489, -3505.107421875], [-125.62722, 47.1318, -3479.5634765625], [-125.63424, 47.13337, -2601.494873046875], [-125.64052, 47.13489, -3505.107421875]]], [[[-125.3741, 47.07484, -6085.4541015625], [-125.38601, 47.07771, -6073.63330078125], [-125.38007, 47.07626, -6954.40625], [-125.3741, 47.07484, -6085.4541015625]]], [[[-126.03939, 47.23445, -2954.572265625], [-126.04535, 47.23536, -2039.509765625], [-126.05192, 47.23633, -2941.586181640625], [-126.03939, 47.23445, -2954.572265625]]], [[[-125.35267, 47.06976, -6099.55078125], [-125.36346, 47.07229, -6081.54931640625], [-125.35847, 47.07112, -6995.73583984375], [-125.35267, 47.06976, -6099.55078125]]], [[[-126.17218, 47.25303, -3949.569580078125], [-126.18108, 47.25441, -3486.647216796875], [-126.17906, 47.2541, -4651.8447265625], [-126.17218, 47.25303, -3949.569580078125]]], [[[-126.13427, 47.24718, -4121.7841796875], [-126.14727, 47.24907, -4129.28515625], [-126.14039, 47.24799, -4845.76806640625], [-126.13427, 47.24718, -4121.7841796875]]], [[[-126.14727, 47.24907, -4129.28515625], [-126.13427, 47.24718, -4121.7841796875], [-126.14123, 47.24812, -3327.285400390625], [-126.14727, 47.24907, -4129.28515625]]], [[[-126.20326, 47.25877, -4490.5927734375], [-126.21129, 47.25975, -5424.3984375], [-126.19857, 47.25747, -5478.67431640625], [-126.20326, 47.25877, -4490.5927734375]]], [[[-125.32838, 47.06629, -6170.61767578125], [-125.33478, 47.06683, -7040.30322265625], [-125.32283, 47.06582, -7066.421875], [-125.32838, 47.06629, -6170.61767578125]]], [[[-125.31613, 47.06479, -6215.81103515625], [-125.32838, 47.06629, -6170.61767578125], [-125.32283, 47.06582, -7066.421875], [-125.31613, 47.06479, -6215.81103515625]]], [[[-126.36451, 47.28612, -2491.472412109375], [-126.37699, 47.28897, -2497.65625], [-126.37171, 47.28773, -3434.795654296875], [-126.36451, 47.28612, -2491.472412109375]]], [[[-126.30544, 47.2774, -4375.03271484375], [-126.29244, 47.27583, -4378.8115234375], [-126.29502, 47.27617, -3439.65234375], [-126.30544, 47.2774, -4375.03271484375]]], [[[-125.30324, 47.06281, -6237.345703125], [-125.31613, 47.06479, -6215.81103515625], [-125.30996, 47.06384, -7089.76123046875], [-125.30324, 47.06281, -6237.345703125]]], [[[-125.30324, 47.06281, -6237.345703125], [-125.30833, 47.06359, -5326.326171875], [-125.31613, 47.06479, -6215.81103515625], [-125.30324, 47.06281, -6237.345703125]]], [[[-125.30833, 47.06359, -5326.326171875], [-125.30324, 47.06281, -6237.345703125], [-125.29615, 47.06134, -5338.2392578125], [-125.30833, 47.06359, -5326.326171875]]], [[[-126.24186, 47.26535, -4387.8515625], [-126.2492, 47.26724, -5314.41845703125], [-126.23664, 47.26453, -5334.8046875], [-126.24186, 47.26535, -4387.8515625]]], [[[-125.29018, 47.06001, -6251.65185546875], [-125.30324, 47.06281, -6237.345703125], [-125.29712, 47.06178, -7112.34228515625], [-125.29018, 47.06001, -6251.65185546875]]], [[[-125.38601, 47.07771, -6073.63330078125], [-125.39251, 47.07927, -6928.66064453125], [-125.38007, 47.07626, -6954.40625], [-125.38601, 47.07771, -6073.63330078125]]], [[[-125.38601, 47.07771, -6073.63330078125], [-125.39845, 47.08068, -6047.251953125], [-125.39251, 47.07927, -6928.66064453125], [-125.38601, 47.07771, -6073.63330078125]]], [[[-126.31853, 47.27843, -4371.271484375], [-126.32604, 47.2795, -5302.44873046875], [-126.31307, 47.27801, -5305.21875], [-126.31853, 47.27843, -4371.271484375]]], [[[-126.33378, 47.28075, -3431.184814453125], [-126.34644, 47.28323, -3431.40869140625], [-126.34406, 47.28282, -4369.35009765625], [-126.33378, 47.28075, -3431.184814453125]]], [[[-126.34644, 47.28323, -3431.40869140625], [-126.35921, 47.28532, -3432.2138671875], [-126.35691, 47.28491, -4370.74658203125], [-126.34644, 47.28323, -3431.40869140625]]], [[[-126.34406, 47.28282, -4369.35009765625], [-126.35691, 47.28491, -4370.74658203125], [-126.35152, 47.28404, -5302.98974609375], [-126.34406, 47.28282, -4369.35009765625]]], [[[-126.33378, 47.28075, -3431.184814453125], [-126.34406, 47.28282, -4369.35009765625], [-126.33141, 47.28027, -4369.67431640625], [-126.33378, 47.28075, -3431.184814453125]]], [[[-126.35691, 47.28491, -4370.74658203125], [-126.34406, 47.28282, -4369.35009765625], [-126.34644, 47.28323, -3431.40869140625], [-126.35691, 47.28491, -4370.74658203125]]], [[[-125.33629, 47.06706, -4422.82080078125], [-125.34571, 47.06835, -5266.9794921875], [-125.33291, 47.06667, -5237.13818359375], [-125.33629, 47.06706, -4422.82080078125]]], [[[-126.3971, 47.2922, -4380.21630859375], [-126.40244, 47.29329, -5319.42431640625], [-126.3897, 47.29099, -5309.3359375], [-126.3971, 47.2922, -4380.21630859375]]], [[[-125.32317, 47.06576, -4420.59814453125], [-125.33629, 47.06706, -4422.82080078125], [-125.33291, 47.06667, -5237.13818359375], [-125.32317, 47.06576, -4420.59814453125]]], [[[-125.32923, 47.06639, -3564.39794921875], [-125.32317, 47.06576, -4420.59814453125], [-125.3163, 47.06482, -3552.97119140625], [-125.32923, 47.06639, -3564.39794921875]]], [[[-126.15339, 47.25007, -4829.7880859375], [-126.16662, 47.25217, -4774.79150390625], [-126.16006, 47.25116, -5595.9345703125], [-126.15339, 47.25007, -4829.7880859375]]], [[[-125.32923, 47.06639, -3564.39794921875], [-125.3163, 47.06482, -3552.97119140625], [-125.32285, 47.0658, -2697.900146484375], [-125.32923, 47.06639, -3564.39794921875]]], [[[-125.32923, 47.06639, -3564.39794921875], [-125.32285, 47.0658, -2697.900146484375], [-125.3359, 47.06694, -2705.99072265625], [-125.32923, 47.06639, -3564.39794921875]]], [[[-125.3163, 47.06482, -3552.97119140625], [-125.30348, 47.06284, -3545.681640625], [-125.31005, 47.06385, -2689.197265625], [-125.3163, 47.06482, -3552.97119140625]]], [[[-125.30348, 47.06284, -3545.681640625], [-125.29725, 47.06178, -2679.18017578125], [-125.31005, 47.06385, -2689.197265625], [-125.30348, 47.06284, -3545.681640625]]], [[[-126.29244, 47.27583, -4378.8115234375], [-126.30014, 47.27641, -5306.26708984375], [-126.28738, 47.27417, -5306.05712890625], [-126.29244, 47.27583, -4378.8115234375]]], [[[-125.30348, 47.06284, -3545.681640625], [-125.29783, 47.06184, -4440.04052734375], [-125.29057, 47.06015, -3541.95068359375], [-125.30348, 47.06284, -3545.681640625]]], [[[-125.29057, 47.06015, -3541.95068359375], [-125.29783, 47.06184, -4440.04052734375], [-125.28541, 47.05894, -4456.98486328125], [-125.29057, 47.06015, -3541.95068359375]]], [[[-126.45315, 47.30302, -2502.19091796875], [-126.466, 47.305, -3486.000732421875], [-126.45505, 47.30332, -3969.805908203125], [-126.45315, 47.30302, -2502.19091796875]]], [[[-126.26689, 47.27136, -4378.5947265625], [-126.25439, 47.26835, -4377.6044921875], [-126.25693, 47.26896, -3435.586181640625], [-126.26689, 47.27136, -4378.5947265625]]], [[[-125.84244, 47.19379, -4976.23876953125], [-125.84929, 47.1956, -4180.6513671875], [-125.85479, 47.19701, -5008.77734375], [-125.84244, 47.19379, -4976.23876953125]]], [[[-125.27646, 47.05745, -3560.788330078125], [-125.26536, 47.05355, -4062.797119140625], [-125.26512, 47.05346, -3070.1728515625], [-125.27646, 47.05745, -3560.788330078125]]], [[[-125.27646, 47.05745, -3560.788330078125], [-125.27276, 47.05644, -2608.212890625], [-125.2846, 47.05883, -2681.1884765625], [-125.27646, 47.05745, -3560.788330078125]]], [[[-125.79856, 47.17999, -3654.38525390625], [-125.81118, 47.18372, -3677.251220703125], [-125.80603, 47.18206, -4729.18310546875], [-125.79856, 47.17999, -3654.38525390625]]], [[[-125.29057, 47.06015, -3541.95068359375], [-125.27646, 47.05745, -3560.788330078125], [-125.2846, 47.05883, -2681.1884765625], [-125.29057, 47.06015, -3541.95068359375]]], [[[-126.34406, 47.28282, -4369.35009765625], [-126.35152, 47.28404, -5302.98974609375], [-126.33879, 47.28176, -5301.00390625], [-126.34406, 47.28282, -4369.35009765625]]], [[[-126.35691, 47.28491, -4370.74658203125], [-126.36427, 47.2863, -5304.970703125], [-126.35152, 47.28404, -5302.98974609375], [-126.35691, 47.28491, -4370.74658203125]]], [[[-126.38339, 47.28996, -4313.59130859375], [-126.3897, 47.29099, -5309.3359375], [-126.37695, 47.28875, -5306.42822265625], [-126.38339, 47.28996, -4313.59130859375]]], [[[-125.39836, 47.08063, -2641.453857421875], [-125.39216, 47.07919, -1777.879638671875], [-125.40455, 47.08215, -1778.933837890625], [-125.39836, 47.08063, -2641.453857421875]]], [[[-125.42285, 47.08745, -5992.78955078125], [-125.42922, 47.0893, -6846.7255859375], [-125.41713, 47.08571, -6876.18310546875], [-125.42285, 47.08745, -5992.78955078125]]], [[[-126.4473, 47.30153, -4529.97509765625], [-126.45327, 47.30272, -5416.69775390625], [-126.44053, 47.30043, -5373.66455078125], [-126.4473, 47.30153, -4529.97509765625]]], [[[-125.42854, 47.08908, -5148.830078125], [-125.43508, 47.09072, -5962.50048828125], [-125.42285, 47.08745, -5992.78955078125], [-125.42854, 47.08908, -5148.830078125]]], [[[-125.44091, 47.09212, -5114.92724609375], [-125.43508, 47.09072, -5962.50048828125], [-125.42854, 47.08908, -5148.830078125], [-125.44091, 47.09212, -5114.92724609375]]], [[[-125.44091, 47.09212, -5114.92724609375], [-125.44751, 47.09369, -5928.46240234375], [-125.43508, 47.09072, -5962.50048828125], [-125.44091, 47.09212, -5114.92724609375]]], [[[-125.44751, 47.09369, -5928.46240234375], [-125.45411, 47.09528, -6778.33251953125], [-125.44166, 47.09231, -6813.79150390625], [-125.44751, 47.09369, -5928.46240234375]]], [[[-125.43508, 47.09072, -5962.50048828125], [-125.44751, 47.09369, -5928.46240234375], [-125.44166, 47.09231, -6813.79150390625], [-125.43508, 47.09072, -5962.50048828125]]], [[[-125.43508, 47.09072, -5962.50048828125], [-125.44166, 47.09231, -6813.79150390625], [-125.42922, 47.0893, -6846.7255859375], [-125.43508, 47.09072, -5962.50048828125]]], [[[-126.16009, 47.25114, -4120.45654296875], [-126.15415, 47.25019, -3346.004150390625], [-126.16671, 47.25219, -3295.181884765625], [-126.16009, 47.25114, -4120.45654296875]]], [[[-125.45982, 47.09686, -5892.556640625], [-125.46627, 47.09876, -6740.79150390625], [-125.45411, 47.09528, -6778.33251953125], [-125.45982, 47.09686, -5892.556640625]]], [[[-125.45982, 47.09686, -5892.556640625], [-125.4719, 47.10047, -5854.90234375], [-125.46627, 47.09876, -6740.79150390625], [-125.45982, 47.09686, -5892.556640625]]], [[[-125.45982, 47.09686, -5892.556640625], [-125.4656, 47.09859, -5066.10888671875], [-125.4719, 47.10047, -5854.90234375], [-125.45982, 47.09686, -5892.556640625]]], [[[-125.4656, 47.09859, -5066.10888671875], [-125.45339, 47.09511, -5084.31396484375], [-125.46011, 47.0969, -4336.015625], [-125.4656, 47.09859, -5066.10888671875]]], [[[-126.4473, 47.30153, -4529.97509765625], [-126.44565, 47.30118, -3457.01318359375], [-126.45505, 47.30332, -3969.805908203125], [-126.4473, 47.30153, -4529.97509765625]]], [[[-125.4723, 47.10065, -4324.44091796875], [-125.46011, 47.0969, -4336.015625], [-125.46655, 47.09885, -3533.107177734375], [-125.4723, 47.10065, -4324.44091796875]]], [[[-125.47813, 47.10228, -3496.43310546875], [-125.47183, 47.10058, -2644.6220703125], [-125.48392, 47.10372, -2617.782470703125], [-125.47813, 47.10228, -3496.43310546875]]], [[[-125.46655, 47.09885, -3533.107177734375], [-125.46026, 47.09684, -2692.84375], [-125.47183, 47.10058, -2644.6220703125], [-125.46655, 47.09885, -3533.107177734375]]], [[[-125.46011, 47.0969, -4336.015625], [-125.44716, 47.0936, -4353.49462890625], [-125.45385, 47.09521, -3553.81982421875], [-125.46011, 47.0969, -4336.015625]]], [[[-126.42274, 47.29719, -4386.7138671875], [-126.4355, 47.29921, -4410.3193359375], [-126.4278, 47.29814, -5330.6318359375], [-126.42274, 47.29719, -4386.7138671875]]], [[[-125.44716, 47.0936, -4353.49462890625], [-125.4403, 47.09199, -3562.333984375], [-125.45385, 47.09521, -3553.81982421875], [-125.44716, 47.0936, -4353.49462890625]]], [[[-125.43413, 47.09052, -4371.60693359375], [-125.44091, 47.09212, -5114.92724609375], [-125.42854, 47.08908, -5148.830078125], [-125.43413, 47.09052, -4371.60693359375]]], [[[-125.4719, 47.10047, -5854.90234375], [-125.47836, 47.10234, -6703.5673828125], [-125.46627, 47.09876, -6740.79150390625], [-125.4719, 47.10047, -5854.90234375]]], [[[-125.26554, 47.05363, -5998.57080078125], [-125.27584, 47.05744, -6238.84814453125], [-125.26326, 47.05257, -7154.91064453125], [-125.26554, 47.05363, -5998.57080078125]]], [[[-125.85479, 47.19701, -5008.77734375], [-125.86042, 47.19881, -5893.919921875], [-125.84826, 47.19531, -5860.81689453125], [-125.85479, 47.19701, -5008.77734375]]], [[[-125.48411, 47.10373, -5814.4013671875], [-125.48998, 47.10514, -5005.306640625], [-125.49645, 47.10682, -5770.89501953125], [-125.48411, 47.10373, -5814.4013671875]]], [[[-125.48429, 47.1038, -4295.07861328125], [-125.48998, 47.10514, -5005.306640625], [-125.4777, 47.10212, -5046.25439453125], [-125.48429, 47.1038, -4295.07861328125]]], [[[-125.49645, 47.10682, -5770.89501953125], [-125.50215, 47.10845, -4964.72900390625], [-125.50857, 47.11039, -5724.24072265625], [-125.49645, 47.10682, -5770.89501953125]]], [[[-125.49645, 47.10682, -5770.89501953125], [-125.50857, 47.11039, -5724.24072265625], [-125.50302, 47.10868, -6613.78271484375], [-125.49645, 47.10682, -5770.89501953125]]], [[[-125.50857, 47.11039, -5724.24072265625], [-125.5151, 47.11227, -6569.40234375], [-125.50302, 47.10868, -6613.78271484375], [-125.50857, 47.11039, -5724.24072265625]]], [[[-125.50857, 47.11039, -5724.24072265625], [-125.52081, 47.1137, -5679.5869140625], [-125.5151, 47.11227, -6569.40234375], [-125.50857, 47.11039, -5724.24072265625]]], [[[-125.50857, 47.11039, -5724.24072265625], [-125.51425, 47.11199, -4933.17626953125], [-125.52081, 47.1137, -5679.5869140625], [-125.50857, 47.11039, -5724.24072265625]]], [[[-125.84244, 47.19379, -4976.23876953125], [-125.83615, 47.19172, -5828.37451171875], [-125.83055, 47.18987, -4943.83544921875], [-125.84244, 47.19379, -4976.23876953125]]], [[[-125.51425, 47.11199, -4933.17626953125], [-125.50857, 47.11039, -5724.24072265625], [-125.50215, 47.10845, -4964.72900390625], [-125.51425, 47.11199, -4933.17626953125]]], [[[-125.50825, 47.11033, -4242.1396484375], [-125.51425, 47.11199, -4933.17626953125], [-125.50215, 47.10845, -4964.72900390625], [-125.50825, 47.11033, -4242.1396484375]]], [[[-125.50825, 47.11033, -4242.1396484375], [-125.52046, 47.11362, -4221.7001953125], [-125.51425, 47.11199, -4933.17626953125], [-125.50825, 47.11033, -4242.1396484375]]], [[[-125.52046, 47.11362, -4221.7001953125], [-125.50825, 47.11033, -4242.1396484375], [-125.51431, 47.11207, -3454.346923828125], [-125.52046, 47.11362, -4221.7001953125]]], [[[-125.52046, 47.11362, -4221.7001953125], [-125.51431, 47.11207, -3454.346923828125], [-125.52664, 47.11516, -3439.37109375], [-125.52046, 47.11362, -4221.7001953125]]], [[[-125.50825, 47.11033, -4242.1396484375], [-125.50232, 47.10845, -3460.237548828125], [-125.51431, 47.11207, -3454.346923828125], [-125.50825, 47.11033, -4242.1396484375]]], [[[-125.52081, 47.1137, -5679.5869140625], [-125.52749, 47.11537, -6524.24560546875], [-125.5151, 47.11227, -6569.40234375], [-125.52081, 47.1137, -5679.5869140625]]], [[[-125.42854, 47.08908, -5148.830078125], [-125.42285, 47.08745, -5992.78955078125], [-125.41653, 47.08556, -5163.248046875], [-125.42854, 47.08908, -5148.830078125]]], [[[-125.43437, 47.09059, -2680.532470703125], [-125.42869, 47.08917, -1795.690673828125], [-125.44105, 47.09217, -1841.069580078125], [-125.43437, 47.09059, -2680.532470703125]]], [[[-125.44702, 47.09355, -2714.91259765625], [-125.44105, 47.09217, -1841.069580078125], [-125.45344, 47.09512, -1863.3763427734375], [-125.44702, 47.09355, -2714.91259765625]]], [[[-125.255, 47.05, -2687.809814453125], [-125.26666, 47.05411, -1775.8555908203125], [-125.26512, 47.05346, -3070.1728515625], [-125.255, 47.05, -2687.809814453125]]], [[[-125.49623, 47.10663, -2603.390869140625], [-125.48991, 47.10515, -1745.3546142578125], [-125.50216, 47.10837, -1735.78271484375], [-125.49623, 47.10663, -2603.390869140625]]], [[[-125.50815, 47.11035, -2595.082763671875], [-125.49623, 47.10663, -2603.390869140625], [-125.50216, 47.10837, -1735.78271484375], [-125.50815, 47.11035, -2595.082763671875]]], [[[-125.53278, 47.11669, -2577.297607421875], [-125.5204, 47.1136, -2587.588623046875], [-125.52648, 47.11512, -1720.5860595703125], [-125.53278, 47.11669, -2577.297607421875]]], [[[-125.53278, 47.11669, -2577.297607421875], [-125.52648, 47.11512, -1720.5860595703125], [-125.53885, 47.11811, -1708.0518798828125], [-125.53278, 47.11669, -2577.297607421875]]], [[[-125.55212, 47.12078, -3361.087158203125], [-125.54517, 47.11955, -2567.167236328125], [-125.558, 47.12169, -2563.4658203125], [-125.55212, 47.12078, -3361.087158203125]]], [[[-125.56555, 47.12285, -3531.9541015625], [-125.55212, 47.12078, -3361.087158203125], [-125.558, 47.12169, -2563.4658203125], [-125.56555, 47.12285, -3531.9541015625]]], [[[-125.558, 47.12169, -2563.4658203125], [-125.55143, 47.12068, -1700.443603515625], [-125.56424, 47.12265, -1693.506103515625], [-125.558, 47.12169, -2563.4658203125]]], [[[-125.54517, 47.11955, -2567.167236328125], [-125.55143, 47.12068, -1700.443603515625], [-125.558, 47.12169, -2563.4658203125], [-125.54517, 47.11955, -2567.167236328125]]], [[[-125.57078, 47.12366, -2570.05859375], [-125.56424, 47.12265, -1693.506103515625], [-125.57705, 47.12461, -1685.1483154296875], [-125.57078, 47.12366, -2570.05859375]]], [[[-125.58994, 47.12634, -1680.836669921875], [-125.58351, 47.12559, -2545.960205078125], [-125.57705, 47.12461, -1685.1483154296875], [-125.58994, 47.12634, -1680.836669921875]]], [[[-125.59633, 47.12689, -2549.252197265625], [-125.58994, 47.12634, -1680.836669921875], [-125.60291, 47.12776, -1691.9063720703125], [-125.59633, 47.12689, -2549.252197265625]]], [[[-125.54574, 47.11956, -5588.43212890625], [-125.5526, 47.12086, -6432.6875], [-125.53994, 47.11837, -6479.4208984375], [-125.54574, 47.11956, -5588.43212890625]]], [[[-125.56489, 47.12275, -4658.2333984375], [-125.57138, 47.12375, -5493.32421875], [-125.5585, 47.12177, -5541.2998046875], [-125.56489, 47.12275, -4658.2333984375]]], [[[-125.58912, 47.12615, -4456.97802734375], [-125.59715, 47.12707, -5368.3232421875], [-125.58416, 47.12561, -5427.32763671875], [-125.58912, 47.12615, -4456.97802734375]]], [[[-125.58912, 47.12615, -4456.97802734375], [-125.60291, 47.12783, -4362.96533203125], [-125.59715, 47.12707, -5368.3232421875], [-125.58912, 47.12615, -4456.97802734375]]], [[[-125.62927, 47.13222, -4354.0693359375], [-125.62284, 47.13095, -5275.76123046875], [-125.61655, 47.12985, -4394.400390625], [-125.62927, 47.13222, -4354.0693359375]]], [[[-125.65285, 47.13788, -4263.134765625], [-125.66029, 47.13971, -5088.7626953125], [-125.64783, 47.13668, -5147.970703125], [-125.65285, 47.13788, -4263.134765625]]], [[[-125.66576, 47.14127, -4194.45458984375], [-125.67233, 47.14334, -5032.59228515625], [-125.66029, 47.13971, -5088.7626953125], [-125.66576, 47.14127, -4194.45458984375]]], [[[-125.61006, 47.12886, -5316.912109375], [-125.62284, 47.13095, -5275.76123046875], [-125.61716, 47.12995, -6173.787109375], [-125.61006, 47.12886, -5316.912109375]]], [[[-125.59715, 47.12707, -5368.3232421875], [-125.61006, 47.12886, -5316.912109375], [-125.60429, 47.12797, -6227.90234375], [-125.59715, 47.12707, -5368.3232421875]]], [[[-125.61006, 47.12886, -5316.912109375], [-125.59715, 47.12707, -5368.3232421875], [-125.60291, 47.12783, -4362.96533203125], [-125.61006, 47.12886, -5316.912109375]]], [[[-125.59131, 47.12644, -6284.76416015625], [-125.59715, 47.12707, -5368.3232421875], [-125.60429, 47.12797, -6227.90234375], [-125.59131, 47.12644, -6284.76416015625]]], [[[-125.62722, 47.1318, -3479.5634765625], [-125.62184, 47.13069, -2571.6640625], [-125.63424, 47.13337, -2601.494873046875], [-125.62722, 47.1318, -3479.5634765625]]], [[[-125.62722, 47.1318, -3479.5634765625], [-125.62927, 47.13222, -4354.0693359375], [-125.61655, 47.12985, -4394.400390625], [-125.62722, 47.1318, -3479.5634765625]]], [[[-125.57833, 47.12479, -3508.51806640625], [-125.58912, 47.12615, -4456.97802734375], [-125.57636, 47.12452, -4495.25537109375], [-125.57833, 47.12479, -3508.51806640625]]], [[[-125.55126, 47.12058, -4772.3291015625], [-125.54574, 47.11956, -5588.43212890625], [-125.5394, 47.11824, -4816.1025390625], [-125.55126, 47.12058, -4772.3291015625]]], [[[-125.7204, 47.15638, -2605.85986328125], [-125.7078, 47.15345, -2697.177490234375], [-125.71394, 47.1549, -1699.7027587890625], [-125.7204, 47.15638, -2605.85986328125]]], [[[-125.73321, 47.15876, -2664.340087890625], [-125.72647, 47.15759, -1678.067626953125], [-125.73913, 47.15997, -1696.83447265625], [-125.73321, 47.15876, -2664.340087890625]]], [[[-125.74538, 47.16147, -2753.741943359375], [-125.73913, 47.15997, -1696.83447265625], [-125.75138, 47.16313, -1769.5521240234375], [-125.74538, 47.16147, -2753.741943359375]]], [[[-125.7592, 47.16578, -4799.50830078125], [-125.76509, 47.16785, -5700.9599609375], [-125.7533, 47.16377, -5695.0693359375], [-125.7592, 47.16578, -4799.50830078125]]], [[[-125.81118, 47.18372, -3677.251220703125], [-125.79856, 47.17999, -3654.38525390625], [-125.80412, 47.18154, -2674.094970703125], [-125.81118, 47.18372, -3677.251220703125]]], [[[-125.82457, 47.18802, -4090.4716796875], [-125.83055, 47.18987, -4943.83544921875], [-125.81781, 47.18591, -4824.01513671875], [-125.82457, 47.18802, -4090.4716796875]]], [[[-125.84563, 47.19461, -3420.91552734375], [-125.83708, 47.19201, -4155.07666015625], [-125.83358, 47.19087, -3410.63818359375], [-125.84563, 47.19461, -3420.91552734375]]], [[[-125.86143, 47.19911, -4197.791015625], [-125.85479, 47.19701, -5008.77734375], [-125.84929, 47.1956, -4180.6513671875], [-125.86143, 47.19911, -4197.791015625]]], [[[-125.85479, 47.19701, -5008.77734375], [-125.86677, 47.20085, -5042.98876953125], [-125.86042, 47.19881, -5893.919921875], [-125.85479, 47.19701, -5008.77734375]]], [[[-125.85787, 47.198, -3423.773681640625], [-125.84929, 47.1956, -4180.6513671875], [-125.84563, 47.19461, -3420.91552734375], [-125.85787, 47.198, -3423.773681640625]]], [[[-125.83358, 47.19087, -3410.63818359375], [-125.82171, 47.18713, -3379.253662109375], [-125.8279, 47.18906, -2617.10400390625], [-125.83358, 47.19087, -3410.63818359375]]], [[[-125.82457, 47.18802, -4090.4716796875], [-125.82171, 47.18713, -3379.253662109375], [-125.83358, 47.19087, -3410.63818359375], [-125.82457, 47.18802, -4090.4716796875]]], [[[-125.82171, 47.18713, -3379.253662109375], [-125.81595, 47.1853, -2624.16748046875], [-125.8279, 47.18906, -2617.10400390625], [-125.82171, 47.18713, -3379.253662109375]]], [[[-125.87647, 47.20337, -2568.1435546875], [-125.86988, 47.20172, -1725.5404052734375], [-125.88222, 47.2048, -1686.093505859375], [-125.87647, 47.20337, -2568.1435546875]]], [[[-125.97153, 47.2275, -5184.43798828125], [-125.97825, 47.22804, -6046.2900390625], [-125.9651, 47.227, -6059.16455078125], [-125.97153, 47.2275, -5184.43798828125]]], [[[-125.97153, 47.2275, -5184.43798828125], [-125.98455, 47.22901, -5173.73779296875], [-125.97825, 47.22804, -6046.2900390625], [-125.97153, 47.2275, -5184.43798828125]]], [[[-125.99813, 47.23053, -5070.1171875], [-126.01092, 47.23153, -4979.9013671875], [-126.00431, 47.23102, -6007.689453125], [-125.99813, 47.23053, -5070.1171875]]], [[[-126.01844, 47.23211, -3920.90673828125], [-126.01092, 47.23153, -4979.9013671875], [-126.00485, 47.23107, -3921.1435546875], [-126.01844, 47.23211, -3920.90673828125]]], [[[-126.01092, 47.23153, -4979.9013671875], [-126.0241, 47.23257, -4961.70654296875], [-126.01745, 47.23204, -5984.2724609375], [-126.01092, 47.23153, -4979.9013671875]]], [[[-126.0241, 47.23257, -4961.70654296875], [-126.03059, 47.23309, -5953.017578125], [-126.01745, 47.23204, -5984.2724609375], [-126.0241, 47.23257, -4961.70654296875]]], [[[-125.99313, 47.23013, -3601.06787109375], [-125.98051, 47.2284, -3626.542236328125], [-125.98668, 47.2293, -2830.847412109375], [-125.99313, 47.23013, -3601.06787109375]]], [[[-126.30544, 47.2774, -4375.03271484375], [-126.31853, 47.27843, -4371.271484375], [-126.31307, 47.27801, -5305.21875], [-126.30544, 47.2774, -4375.03271484375]]], [[[-126.308, 47.27762, -3432.874267578125], [-126.321, 47.27874, -3430.51416015625], [-126.31853, 47.27843, -4371.271484375], [-126.308, 47.27762, -3432.874267578125]]], [[[-126.33141, 47.28027, -4369.67431640625], [-126.34406, 47.28282, -4369.35009765625], [-126.33879, 47.28176, -5301.00390625], [-126.33141, 47.28027, -4369.67431640625]]], [[[-126.321, 47.27874, -3430.51416015625], [-126.33378, 47.28075, -3431.184814453125], [-126.33141, 47.28027, -4369.67431640625], [-126.321, 47.27874, -3430.51416015625]]], [[[-126.24451, 47.26598, -3434.795166015625], [-126.25693, 47.26896, -3435.586181640625], [-126.25439, 47.26835, -4377.6044921875], [-126.24451, 47.26598, -3434.795166015625]]], [[[-126.19357, 47.25698, -3509.39599609375], [-126.20633, 47.25929, -3490.2939453125], [-126.20326, 47.25877, -4490.5927734375], [-126.19357, 47.25698, -3509.39599609375]]], [[[-126.4099, 47.29482, -4376.97216796875], [-126.4151, 47.29578, -5317.57958984375], [-126.40244, 47.29329, -5319.42431640625], [-126.4099, 47.29482, -4376.97216796875]]], [[[-126.43322, 47.2988, -3451.668212890625], [-126.42274, 47.29719, -4386.7138671875], [-126.42039, 47.2968, -3440.818359375], [-126.43322, 47.2988, -3451.668212890625]]], [[[-126.39528, 47.29188, -3437.597900390625], [-126.38982, 47.29098, -2500.244140625], [-126.4026, 47.29314, -2502.532470703125], [-126.39528, 47.29188, -3437.597900390625]]], [[[-126.40768, 47.29434, -3437.653076171875], [-126.39528, 47.29188, -3437.597900390625], [-126.4026, 47.29314, -2502.532470703125], [-126.40768, 47.29434, -3437.653076171875]]], [[[-126.40768, 47.29434, -3437.653076171875], [-126.4026, 47.29314, -2502.532470703125], [-126.41508, 47.296, -2503.83642578125], [-126.40768, 47.29434, -3437.653076171875]]], [[[-125.255, 47.05, -1764.4210205078125], [-125.26666, 47.05411, -1775.8555908203125], [-125.255, 47.05, -2687.809814453125], [-125.255, 47.05, -1764.4210205078125]]], [[[-125.255, 47.05, -6346.86962890625], [-125.26554, 47.05363, -5998.57080078125], [-125.26326, 47.05257, -7154.91064453125], [-125.255, 47.05, -6346.86962890625]]], [[[-125.92828, 47.21667, -5133.2333984375], [-125.93391, 47.21823, -6042.05322265625], [-125.91969, 47.21413, -6025.05126953125], [-125.92828, 47.21667, -5133.2333984375]]], [[[-126.45505, 47.30332, -3969.805908203125], [-126.466, 47.305, -4472.86572265625], [-126.45327, 47.30272, -5416.69775390625], [-126.45505, 47.30332, -3969.805908203125]]]]}}]}