{"type": "FeatureCollection", "features": [{"type": "Feature", "properties": {"name": "Big Valley (unnamed, proxy)", "CFM_ID": 15, "region": "Backarc_CA", "primary_state/province": "CA", "secondary_state/province": null, "avg_dip": 90.0, "dip_dir": "vertical", "rake": 180, "slip_sense": "Dextral", "fault_level": 3, "NSHM23_sliprates": 0.45, "QFFDAgeCatBin": "undifferentiated Quaternary", "QFFDAgeBin": "<1.6 million", "upper_depth": 1.8, "upper_depth_constraint": "topography", "lower_depth": -19.4, "lower_depth_constraint": "SDL", "3D_model_constraints": "trace extended at constant dip", "reference": "US NSHM 2023", "nshm23_id": 348.0, "lineage": "unmodified", "usgs_qffd_#": "178", "comments": null, "id": "15"}, "geometry": {"type": "MultiPolygon", "coordinates": [[[[-121.02959, 40.98234, -16738.232421875], [-121.03017, 40.98675, -17612.189453125], [-121.03117, 40.99128, -16761.94140625], [-121.02959, 40.98234, -16738.232421875]]], [[[-121.01971, 40.92269, -5961.9951171875], [-121.02072, 40.93045, -5469.681640625], [-121.01971, 40.92269, -4977.36767578125], [-121.01971, 40.92269, -5961.9951171875]]], [[[-121.07932, 41.20597, -12024.3017578125], [-121.07783, 41.20149, -11175.806640625], [-121.07667, 41.19752, -12058.2890625], [-121.07932, 41.20597, -12024.3017578125]]], [[[-121.0339, 41.00806, -9784.08203125], [-121.03501, 41.0131, -10675.044921875], [-121.03544, 41.017, -9770.2724609375], [-121.0339, 41.00806, -9784.08203125]]], [[[-121.02343, 40.9459, -8423.564453125], [-121.02215, 40.93816, -8915.8779296875], [-121.02343, 40.9459, -9408.19140625], [-121.02343, 40.9459, -8423.564453125]]], [[[-121.02617, 40.96134, -10392.8193359375], [-121.02459, 40.95364, -10885.1328125], [-121.02617, 40.96134, -11377.4462890625], [-121.02617, 40.96134, -10392.8193359375]]], [[[-121.10121, 41.27397, 402.0837097167969], [-121.10312, 41.27823, -471.1106872558594], [-121.10525, 41.2825, 397.58453369140625], [-121.10121, 41.27397, 402.0837097167969]]], [[[-121.1441, 41.36773, -17622.111328125], [-121.146, 41.372, -18086.1015625], [-121.146, 41.372, -17107.5390625], [-121.1441, 41.36773, -17622.111328125]]], [[[-121.07869, 41.20407, -4829.93994140625], [-121.07724, 41.1997, -3961.584716796875], [-121.07618, 41.19532, -4837.2216796875], [-121.07869, 41.20407, -4829.93994140625]]], [[[-121.09768, 41.26549, 400.4405212402344], [-121.09933, 41.26974, 1273.27197265625], [-121.09603, 41.26107, 1263.442626953125], [-121.09768, 41.26549, 400.4405212402344]]], [[[-121.04397, 41.06673, -14096.10546875], [-121.04292, 41.05763, -14106.1533203125], [-121.04347, 41.06222, -14971.19140625], [-121.04397, 41.06673, -14096.10546875]]], [[[-121.05788, 41.12864, -2220.50732421875], [-121.05643, 41.12428, -1346.5045166015625], [-121.05487, 41.11941, -2181.749755859375], [-121.05788, 41.12864, -2220.50732421875]]], [[[-121.03688, 41.02595, -9824.765625], [-121.03787, 41.03041, -10683.06640625], [-121.0384, 41.03464, -9805.208984375], [-121.03688, 41.02595, -9824.765625]]], [[[-121.13229, 41.34257, -4386.232421875], [-121.13574, 41.34992, -4875.513671875], [-121.13574, 41.34992, -3896.951416015625], [-121.13229, 41.34257, -4386.232421875]]], [[[-121.05087, 41.10142, -12323.8466796875], [-121.04989, 41.09699, -11460.5478515625], [-121.049, 41.09302, -12351.4990234375], [-121.05087, 41.10142, -12323.8466796875]]], [[[-121.06916, 41.16922, -8413.302734375], [-121.07008, 41.17323, -7440.0126953125], [-121.06808, 41.16434, -7458.42333984375], [-121.06916, 41.16922, -8413.302734375]]], [[[-121.01971, 40.92269, -6946.623046875], [-121.018, 40.915, -6454.30908203125], [-121.018, 40.915, -7438.9365234375], [-121.01971, 40.92269, -6946.623046875]]], [[[-121.03692, 41.02616, -13280.4267578125], [-121.03597, 41.02176, -14152.0791015625], [-121.03794, 41.03073, -14140.7158203125], [-121.03692, 41.02616, -13280.4267578125]]], [[[-121.02617, 40.96134, -7438.9365234375], [-121.02617, 40.96134, -6454.30908203125], [-121.02459, 40.95364, -6946.623046875], [-121.02617, 40.96134, -7438.9365234375]]], [[[-121.1422, 41.36346, -18136.685546875], [-121.146, 41.372, -18086.1015625], [-121.1441, 41.36773, -17622.111328125], [-121.1422, 41.36346, -18136.685546875]]], [[[-121.06903, 41.16862, -18222.0078125], [-121.06661, 41.15984, -18244.548828125], [-121.06808, 41.16437, -19101.95703125], [-121.06903, 41.16862, -18222.0078125]]], [[[-121.08552, 41.22834, -12769.7177734375], [-121.08658, 41.23309, -13626.720703125], [-121.08784, 41.23725, -12738.61328125], [-121.08552, 41.22834, -12769.7177734375]]], [[[-121.05087, 41.1014, -9028.388671875], [-121.04887, 41.09246, -9025.189453125], [-121.04986, 41.09686, -9778.859375], [-121.05087, 41.1014, -9028.388671875]]], [[[-121.05596, 41.12287, -11409.0947265625], [-121.0537, 41.11416, -11436.0126953125], [-121.0547, 41.11863, -12289.583984375], [-121.05596, 41.12287, -11409.0947265625]]], [[[-121.05093, 41.10168, -7367.7724609375], [-121.04998, 41.09742, -6498.6181640625], [-121.04895, 41.09282, -7359.28564453125], [-121.05093, 41.10168, -7367.7724609375]]], [[[-121.08646, 41.23259, -11888.55078125], [-121.08552, 41.22834, -12769.7177734375], [-121.08784, 41.23725, -12738.61328125], [-121.08646, 41.23259, -11888.55078125]]], [[[-121.04043, 41.04643, -7217.109375], [-121.03942, 41.04191, -6353.6005859375], [-121.0387, 41.03727, -7205.27587890625], [-121.04043, 41.04643, -7217.109375]]], [[[-121.08633, 41.232, -10162.1943359375], [-121.08394, 41.22283, -10199.689453125], [-121.08537, 41.22767, -11044.5771484375], [-121.08633, 41.232, -10162.1943359375]]], [[[-121.0715, 41.17749, 371.35302734375], [-121.07407, 41.1863, 371.5446472167969], [-121.07295, 41.18186, 1239.4520263671875], [-121.0715, 41.17749, 371.35302734375]]], [[[-121.14257, 41.36428, -16745.201171875], [-121.1422, 41.36346, -18136.685546875], [-121.1441, 41.36773, -17622.111328125], [-121.14257, 41.36428, -16745.201171875]]], [[[-121.04998, 41.09742, -6498.6181640625], [-121.05095, 41.10175, -5631.48876953125], [-121.04901, 41.09306, -5633.701171875], [-121.04998, 41.09742, -6498.6181640625]]], [[[-121.13914, 41.35729, -2429.1083984375], [-121.14271, 41.36461, -1939.8272705078125], [-121.13914, 41.35729, -1450.5462646484375], [-121.13914, 41.35729, -2429.1083984375]]], [[[-121.04191, 41.0531, -13244.6533203125], [-121.04292, 41.05763, -14106.1533203125], [-121.04346, 41.0621, -13235.146484375], [-121.04191, 41.0531, -13244.6533203125]]], [[[-121.01971, 40.92269, -4977.36767578125], [-121.02072, 40.93045, -4485.05419921875], [-121.01971, 40.92269, -3992.740234375], [-121.01971, 40.92269, -4977.36767578125]]], [[[-121.0537, 41.11416, -11436.0126953125], [-121.05279, 41.11008, -12313.9384765625], [-121.0547, 41.11863, -12289.583984375], [-121.0537, 41.11416, -11436.0126953125]]], [[[-121.04591, 41.07559, -2155.833984375], [-121.04491, 41.07108, -1282.5631103515625], [-121.04392, 41.06624, -2131.18701171875], [-121.04591, 41.07559, -2155.833984375]]], [[[-121.02985, 40.98464, -10868.3427734375], [-121.03165, 40.99342, -10545.40625], [-121.02986, 40.98474, -9914.0361328125], [-121.02985, 40.98464, -10868.3427734375]]], [[[-121.02343, 40.9459, -2515.799072265625], [-121.02215, 40.93816, -3008.11279296875], [-121.02346, 40.94613, -3480.79833984375], [-121.02343, 40.9459, -2515.799072265625]]], [[[-121.03124, 40.9916, -11535.017578125], [-121.02965, 40.98286, -11701.9853515625], [-121.03024, 40.98709, -12428.4609375], [-121.03124, 40.9916, -11535.017578125]]], [[[-121.04002, 41.04457, -18455.490234375], [-121.04102, 41.04908, -19319.232421875], [-121.04199, 41.05347, -18447.958984375], [-121.04002, 41.04457, -18455.490234375]]], [[[-121.03999, 41.04445, -16715.552734375], [-121.03901, 41.04003, -17589.62890625], [-121.04099, 41.04896, -17583.810546875], [-121.03999, 41.04445, -16715.552734375]]], [[[-121.02996, 40.98568, -7889.72216796875], [-121.02983, 40.98446, -6955.5615234375], [-121.02895, 40.97679, -7438.9365234375], [-121.02996, 40.98568, -7889.72216796875]]], [[[-121.13983, 41.35867, -17309.755859375], [-121.1422, 41.36346, -18136.685546875], [-121.14257, 41.36428, -16745.201171875], [-121.13983, 41.35867, -17309.755859375]]], [[[-121.06309, 41.14639, -17415.0], [-121.05992, 41.13766, -17435.837890625], [-121.06159, 41.14223, -18289.19140625], [-121.06309, 41.14639, -17415.0]]], [[[-121.03597, 41.02176, -14152.0791015625], [-121.03498, 41.01292, -14160.4013671875], [-121.03547, 41.01726, -15025.302734375], [-121.03597, 41.02176, -14152.0791015625]]], [[[-121.13208, 41.34216, 400.81817626953125], [-121.13431, 41.3467, -401.79534912109375], [-121.13627, 41.35111, 397.0635070800781], [-121.13208, 41.34216, 400.81817626953125]]], [[[-121.04646, 41.08018, -16693.53125], [-121.04697, 41.08478, -17555.4296875], [-121.04806, 41.08924, -16692.82421875], [-121.04646, 41.08018, -16693.53125]]], [[[-121.03851, 41.03559, -18465.416015625], [-121.03802, 41.03119, -19339.01171875], [-121.03904, 41.04018, -19326.96484375], [-121.03851, 41.03559, -18465.416015625]]], [[[-121.0898, 41.24246, -15325.794921875], [-121.08806, 41.23783, -14471.1328125], [-121.08671, 41.2337, -15361.2353515625], [-121.0898, 41.24246, -15325.794921875]]], [[[-121.13983, 41.35867, -17309.755859375], [-121.13801, 41.35502, -18186.8046875], [-121.1422, 41.36346, -18136.685546875], [-121.13983, 41.35867, -17309.755859375]]], [[[-121.0837, 41.2221, -8332.869140625], [-121.08511, 41.22649, -7425.466796875], [-121.08217, 41.21752, -7433.6513671875], [-121.0837, 41.2221, -8332.869140625]]], [[[-121.13914, 41.35729, -1450.5462646484375], [-121.14271, 41.36461, -961.2651977539062], [-121.13891, 41.35682, -452.7720642089844], [-121.13914, 41.35729, -1450.5462646484375]]], [[[-121.04697, 41.08478, -17555.4296875], [-121.04595, 41.07578, -17568.310546875], [-121.04648, 41.0803, -18429.751953125], [-121.04697, 41.08478, -17555.4296875]]], [[[-121.05897, 41.13336, -18314.013671875], [-121.05653, 41.12458, -18341.283203125], [-121.05803, 41.12914, -19196.2109375], [-121.05897, 41.13336, -18314.013671875]]], [[[-121.02054, 40.92882, 616.8776245117188], [-121.01998, 40.92389, 1470.672607421875], [-121.01972, 40.92276, 69.5400161743164], [-121.02054, 40.92882, 616.8776245117188]]], [[[-121.07568, 41.19304, -11203.8974609375], [-121.07667, 41.19752, -12058.2890625], [-121.07783, 41.20149, -11175.806640625], [-121.07568, 41.19304, -11203.8974609375]]], [[[-121.05207, 41.10683, -18398.494140625], [-121.05114, 41.10261, -19280.701171875], [-121.05311, 41.11151, -19250.78125], [-121.05207, 41.10683, -18398.494140625]]], [[[-121.08646, 41.23259, -11888.55078125], [-121.08537, 41.22767, -11044.5771484375], [-121.08414, 41.22343, -11931.189453125], [-121.08646, 41.23259, -11888.55078125]]], [[[-121.02072, 40.93045, -4485.05419921875], [-121.01971, 40.92269, -4977.36767578125], [-121.02072, 40.93045, -5469.681640625], [-121.02072, 40.93045, -4485.05419921875]]], [[[-121.03942, 41.04191, -6353.6005859375], [-121.04148, 41.05115, -6366.689453125], [-121.04047, 41.04662, -5502.99609375], [-121.03942, 41.04191, -6353.6005859375]]], [[[-121.07149, 41.17748, -18199.369140625], [-121.07009, 41.17326, -19076.77734375], [-121.073, 41.182, -19056.888671875], [-121.07149, 41.17748, -18199.369140625]]], [[[-121.02718, 40.96883, -17583.201171875], [-121.02653, 40.96423, -18448.412109375], [-121.02816, 40.9732, -18460.962890625], [-121.02718, 40.96883, -17583.201171875]]], [[[-121.13596, 41.35042, -1034.590087890625], [-121.13891, 41.35682, -452.7720642089844], [-121.13431, 41.3467, -401.79534912109375], [-121.13596, 41.35042, -1034.590087890625]]], [[[-121.13593, 41.35034, -17347.869140625], [-121.13801, 41.35502, -18186.8046875], [-121.13983, 41.35867, -17309.755859375], [-121.13593, 41.35034, -17347.869140625]]], [[[-121.04643, 41.07985, -4732.7509765625], [-121.04793, 41.08872, -4767.3623046875], [-121.04696, 41.08468, -3880.33837890625], [-121.04643, 41.07985, -4732.7509765625]]], [[[-121.09934, 41.26977, -464.7620849609375], [-121.09768, 41.26549, 400.4405212402344], [-121.09607, 41.26119, -474.5030212402344], [-121.09934, 41.26977, -464.7620849609375]]], [[[-121.04146, 41.05109, -8073.21875], [-121.04252, 41.05583, -7222.4423828125], [-121.04043, 41.04643, -7217.109375], [-121.04146, 41.05109, -8073.21875]]], [[[-121.08658, 41.23309, -13626.720703125], [-121.08806, 41.23783, -14471.1328125], [-121.08957, 41.24186, -13594.3857421875], [-121.08658, 41.23309, -13626.720703125]]], [[[-121.02652, 40.96412, -2660.60009765625], [-121.02605, 40.96039, -1795.6502685546875], [-121.02479, 40.95455, -2795.872314453125], [-121.02652, 40.96412, -2660.60009765625]]], [[[-121.04692, 41.08432, -10628.4697265625], [-121.04645, 41.08006, -11499.3583984375], [-121.04792, 41.08869, -11489.54296875], [-121.04692, 41.08432, -10628.4697265625]]], [[[-121.03263, 41.00067, -8907.404296875], [-121.03441, 41.01033, -8894.220703125], [-121.03337, 41.00565, -7975.7138671875], [-121.03263, 41.00067, -8907.404296875]]], [[[-121.01971, 40.92269, -7931.25048828125], [-121.018, 40.915, -7438.9365234375], [-121.018, 40.915, -8423.564453125], [-121.01971, 40.92269, -7931.25048828125]]], [[[-121.03547, 41.01723, -11559.5234375], [-121.03596, 41.02166, -12423.59375], [-121.03689, 41.02602, -11550.36328125], [-121.03547, 41.01723, -11559.5234375]]], [[[-121.08646, 41.23259, -11888.55078125], [-121.08414, 41.22343, -11931.189453125], [-121.08552, 41.22834, -12769.7177734375], [-121.08646, 41.23259, -11888.55078125]]], [[[-121.02459, 40.95364, -8915.8779296875], [-121.02459, 40.95364, -7931.25048828125], [-121.02343, 40.9459, -8423.564453125], [-121.02459, 40.95364, -8915.8779296875]]], [[[-121.13593, 41.35034, -17347.869140625], [-121.13421, 41.34648, -18241.60546875], [-121.13801, 41.35502, -18186.8046875], [-121.13593, 41.35034, -17347.869140625]]], [[[-121.08957, 41.24186, -13594.3857421875], [-121.08806, 41.23783, -14471.1328125], [-121.09078, 41.24651, -14435.6162109375], [-121.08957, 41.24186, -13594.3857421875]]], [[[-121.02708, 40.96837, -3589.64990234375], [-121.02793, 40.97217, -2650.542724609375], [-121.02652, 40.96412, -2660.60009765625], [-121.02708, 40.96837, -3589.64990234375]]], [[[-121.06263, 41.14502, -10480.8759765625], [-121.05959, 41.13614, -10501.939453125], [-121.06105, 41.14081, -11355.30078125], [-121.06263, 41.14502, -10480.8759765625]]], [[[-121.06156, 41.14216, -3103.989990234375], [-121.05995, 41.13778, -2236.11962890625], [-121.05891, 41.13309, -3094.2392578125], [-121.06156, 41.14216, -3103.989990234375]]], [[[-121.09935, 41.26979, -2193.54931640625], [-121.09771, 41.26556, -1328.4100341796875], [-121.09612, 41.26133, -2205.8935546875], [-121.09935, 41.26979, -2193.54931640625]]], [[[-121.02911, 40.97799, -15867.5205078125], [-121.02723, 40.96902, -15850.8193359375], [-121.02821, 40.97344, -16722.703125], [-121.02911, 40.97799, -15867.5205078125]]], [[[-121.08523, 41.22705, -9283.5517578125], [-121.08235, 41.21805, -9312.8203125], [-121.08394, 41.22283, -10199.689453125], [-121.08523, 41.22705, -9283.5517578125]]], [[[-121.02708, 40.96837, -3589.64990234375], [-121.02751, 40.97029, -4625.78759765625], [-121.02879, 40.97607, -3581.548583984375], [-121.02708, 40.96837, -3589.64990234375]]], [[[-121.13194, 41.34187, -17401.16015625], [-121.13421, 41.34648, -18241.60546875], [-121.13593, 41.35034, -17347.869140625], [-121.13194, 41.34187, -17401.16015625]]], [[[-121.04199, 41.05347, -18447.958984375], [-121.04299, 41.05797, -19311.90625], [-121.04349, 41.06241, -18440.4296875], [-121.04199, 41.05347, -18447.958984375]]], [[[-121.03794, 41.03073, -14140.7158203125], [-121.03597, 41.02176, -14152.0791015625], [-121.03698, 41.02642, -15010.732421875], [-121.03794, 41.03073, -14140.7158203125]]], [[[-121.08863, 41.23935, 386.6531982421875], [-121.09014, 41.24363, 1259.7713623046875], [-121.08698, 41.23493, 1249.369140625], [-121.08863, 41.23935, 386.6531982421875]]], [[[-121.04395, 41.06653, -10629.71875], [-121.04286, 41.05738, -10639.025390625], [-121.04345, 41.06207, -11500.5478515625], [-121.04395, 41.06653, -10629.71875]]], [[[-121.04349, 41.06241, -18440.4296875], [-121.044, 41.06696, -19304.171875], [-121.04498, 41.07139, -18435.0546875], [-121.04349, 41.06241, -18440.4296875]]], [[[-121.01971, 40.92269, -6946.623046875], [-121.018, 40.915, -7438.9365234375], [-121.01971, 40.92269, -7931.25048828125], [-121.01971, 40.92269, -6946.623046875]]], [[[-121.04792, 41.08869, -11489.54296875], [-121.049, 41.09302, -12351.4990234375], [-121.04989, 41.09699, -11460.5478515625], [-121.04792, 41.08869, -11489.54296875]]], [[[-121.0339, 41.00806, -9784.08203125], [-121.033, 41.00396, -10671.2041015625], [-121.03501, 41.0131, -10675.044921875], [-121.0339, 41.00806, -9784.08203125]]], [[[-121.12234, 41.32077, -457.0155029296875], [-121.12072, 41.31658, 411.9723815917969], [-121.11911, 41.3123, -453.3745422363281], [-121.12234, 41.32077, -457.0155029296875]]], [[[-121.0387, 41.03727, -7205.27587890625], [-121.03823, 41.03305, -6325.59423828125], [-121.03743, 41.02842, -7176.59326171875], [-121.0387, 41.03727, -7205.27587890625]]], [[[-121.05991, 41.1376, -3965.1015625], [-121.06156, 41.14216, -3103.989990234375], [-121.05891, 41.13309, -3094.2392578125], [-121.05991, 41.1376, -3965.1015625]]], [[[-121.09092, 41.24716, -16164.3193359375], [-121.0883, 41.23847, -16205.099609375], [-121.09001, 41.24305, -17056.98828125], [-121.09092, 41.24716, -16164.3193359375]]], [[[-121.13194, 41.34187, -17401.16015625], [-121.13002, 41.33804, -18293.642578125], [-121.13421, 41.34648, -18241.60546875], [-121.13194, 41.34187, -17401.16015625]]], [[[-121.03121, 40.99146, -15024.10546875], [-121.03022, 40.98701, -15882.0185546875], [-121.03207, 40.99566, -15898.0087890625], [-121.03121, 40.99146, -15024.10546875]]], [[[-121.13891, 41.35682, -452.7720642089844], [-121.14279, 41.36478, 40.36176300048828], [-121.14005, 41.3591, 489.6125793457031], [-121.13891, 41.35682, -452.7720642089844]]], [[[-121.04904, 41.09318, -14084.2861328125], [-121.04696, 41.08468, -14094.1826171875], [-121.04802, 41.08907, -14959.236328125], [-121.04904, 41.09318, -14084.2861328125]]], [[[-121.02343, 40.9459, -2515.799072265625], [-121.02215, 40.93816, -2023.4852294921875], [-121.02215, 40.93816, -3008.11279296875], [-121.02343, 40.9459, -2515.799072265625]]], [[[-121.08254, 41.21862, -11085.49609375], [-121.08146, 41.21459, -11985.47265625], [-121.08414, 41.22343, -11931.189453125], [-121.08254, 41.21862, -11085.49609375]]], [[[-121.07618, 41.19532, -6564.8984375], [-121.07869, 41.20407, -6563.45263671875], [-121.07726, 41.19978, -5695.79248046875], [-121.07618, 41.19532, -6564.8984375]]], [[[-121.07875, 41.20424, -8353.9033203125], [-121.08028, 41.20925, -9331.748046875], [-121.08114, 41.21311, -8348.5498046875], [-121.07875, 41.20424, -8353.9033203125]]], [[[-121.02655, 40.96443, -15022.6181640625], [-121.02468, 40.95404, -14932.6083984375], [-121.02577, 40.95898, -15804.3662109375], [-121.02655, 40.96443, -15022.6181640625]]], [[[-121.03206, 40.99556, -17628.369140625], [-121.03113, 40.9911, -18489.994140625], [-121.03255, 40.99993, -18498.7265625], [-121.03206, 40.99556, -17628.369140625]]], [[[-121.02605, 40.96039, -1795.6502685546875], [-121.02652, 40.96412, -2660.60009765625], [-121.02702, 40.9681, -1766.7264404296875], [-121.02605, 40.96039, -1795.6502685546875]]], [[[-121.12794, 41.33336, -17454.697265625], [-121.13002, 41.33804, -18293.642578125], [-121.13194, 41.34187, -17401.16015625], [-121.12794, 41.33336, -17454.697265625]]], [[[-121.01971, 40.92269, -3008.11279296875], [-121.018, 40.915, -2515.799072265625], [-121.018, 40.915, -3500.426513671875], [-121.01971, 40.92269, -3008.11279296875]]], [[[-121.0491, 41.09347, -15823.359375], [-121.04806, 41.08924, -16692.82421875], [-121.05007, 41.09782, -16685.900390625], [-121.0491, 41.09347, -15823.359375]]], [[[-121.07657, 41.19706, -10314.84765625], [-121.07914, 41.20542, -10292.2626953125], [-121.07761, 41.20084, -9349.0341796875], [-121.07657, 41.19706, -10314.84765625]]], [[[-121.02653, 40.96423, -18448.412109375], [-121.02714, 40.96864, -19320.94140625], [-121.02816, 40.9732, -18460.962890625], [-121.02653, 40.96423, -18448.412109375]]], [[[-121.02215, 40.93816, -3008.11279296875], [-121.02215, 40.93816, -2023.4852294921875], [-121.02072, 40.93045, -2515.799072265625], [-121.02215, 40.93816, -3008.11279296875]]], [[[-121.02291, 40.9416, -17546.8359375], [-121.0208, 40.93121, -17388.06640625], [-121.02192, 40.93716, -18371.853515625], [-121.02291, 40.9416, -17546.8359375]]], [[[-121.0529, 41.11054, -5646.4853515625], [-121.05194, 41.10623, -4777.1533203125], [-121.05095, 41.10175, -5631.48876953125], [-121.0529, 41.11054, -5646.4853515625]]], [[[-121.11911, 41.3123, -453.3745422363281], [-121.11726, 41.3081, 413.32769775390625], [-121.11541, 41.30393, -454.86474609375], [-121.11911, 41.3123, -453.3745422363281]]], [[[-121.12794, 41.33336, -17454.697265625], [-121.12622, 41.3295, -18348.423828125], [-121.13002, 41.33804, -18293.642578125], [-121.12794, 41.33336, -17454.697265625]]], [[[-121.10315, 41.2783, -5664.12255859375], [-121.10524, 41.28247, -4800.17626953125], [-121.10124, 41.27403, -4802.94091796875], [-121.10315, 41.2783, -5664.12255859375]]], [[[-121.10121, 41.27397, 402.0837097167969], [-121.10525, 41.2825, 397.58453369140625], [-121.10315, 41.2783, 1266.7979736328125], [-121.10121, 41.27397, 402.0837097167969]]], [[[-121.04646, 41.08014, -13227.9296875], [-121.04696, 41.08468, -14094.1826171875], [-121.04796, 41.08886, -13223.2548828125], [-121.04646, 41.08014, -13227.9296875]]], [[[-121.05872, 41.13224, -8171.70654296875], [-121.05976, 41.13693, -7395.84912109375], [-121.05764, 41.12791, -7385.1923828125], [-121.05872, 41.13224, -8171.70654296875]]], [[[-121.08356, 41.22169, 378.376220703125], [-121.086, 41.23049, 381.1429138183594], [-121.08501, 41.22603, 1248.8558349609375], [-121.08356, 41.22169, 378.376220703125]]], [[[-121.08131, 41.21388, -10247.8154296875], [-121.08043, 41.20996, -11139.548828125], [-121.08254, 41.21862, -11085.49609375], [-121.08131, 41.21388, -10247.8154296875]]], [[[-121.01972, 40.92275, -16803.416015625], [-121.01971, 40.92269, -15808.2705078125], [-121.018, 40.915, -16300.583984375], [-121.01972, 40.92275, -16803.416015625]]], [[[-121.02479, 40.95455, -2795.872314453125], [-121.02343, 40.9459, -2515.799072265625], [-121.02346, 40.94613, -3480.79833984375], [-121.02479, 40.95455, -2795.872314453125]]], [[[-121.03027, 40.98722, -14154.8115234375], [-121.02908, 40.97775, -14071.1962890625], [-121.02962, 40.98262, -15003.12890625], [-121.03027, 40.98722, -14154.8115234375]]], [[[-121.08114, 41.21311, -8348.5498046875], [-121.08235, 41.21805, -9312.8203125], [-121.0837, 41.2221, -8332.869140625], [-121.08114, 41.21311, -8348.5498046875]]], [[[-121.01971, 40.92269, -8915.8779296875], [-121.018, 40.915, -8423.564453125], [-121.018, 40.915, -9408.19140625], [-121.01971, 40.92269, -8915.8779296875]]], [[[-121.12414, 41.32482, -17509.482421875], [-121.12622, 41.3295, -18348.423828125], [-121.12794, 41.33336, -17454.697265625], [-121.12414, 41.32482, -17509.482421875]]], [[[-121.04807, 41.08927, -18424.908203125], [-121.04698, 41.08485, -19293.5234375], [-121.04916, 41.09372, -19291.5546875], [-121.04807, 41.08927, -18424.908203125]]], [[[-121.07875, 41.20424, -8353.9033203125], [-121.07725, 41.19974, -7425.17529296875], [-121.07622, 41.19549, -8364.4462890625], [-121.07875, 41.20424, -8353.9033203125]]], [[[-121.01971, 40.92269, -4977.36767578125], [-121.01971, 40.92269, -3992.740234375], [-121.018, 40.915, -4485.05419921875], [-121.01971, 40.92269, -4977.36767578125]]], [[[-121.04914, 41.09362, -17560.84765625], [-121.04807, 41.08927, -18424.908203125], [-121.05013, 41.09808, -18418.609375], [-121.04914, 41.09362, -17560.84765625]]], [[[-121.02215, 40.93816, -11869.7607421875], [-121.02215, 40.93816, -10885.1328125], [-121.02072, 40.93045, -11377.4462890625], [-121.02215, 40.93816, -11869.7607421875]]], [[[-121.01971, 40.92269, -8915.8779296875], [-121.02072, 40.93045, -8423.564453125], [-121.01971, 40.92269, -7931.25048828125], [-121.01971, 40.92269, -8915.8779296875]]], [[[-121.08043, 41.20996, -11139.548828125], [-121.07932, 41.20597, -12024.3017578125], [-121.08146, 41.21459, -11985.47265625], [-121.08043, 41.20996, -11139.548828125]]], [[[-121.146, 41.372, -1450.5462646484375], [-121.14271, 41.36461, -1939.8272705078125], [-121.146, 41.372, -2429.1083984375], [-121.146, 41.372, -1450.5462646484375]]], [[[-121.02955, 40.98197, -13249.5087890625], [-121.03027, 40.98722, -14154.8115234375], [-121.03124, 40.99159, -13293.12890625], [-121.02955, 40.98197, -13249.5087890625]]], [[[-121.02348, 40.94634, -18426.158203125], [-121.02295, 40.94178, -19289.193359375], [-121.02397, 40.95077, -19298.318359375], [-121.02348, 40.94634, -18426.158203125]]], [[[-121.08114, 41.21311, -8348.5498046875], [-121.0837, 41.2221, -8332.869140625], [-121.08217, 41.21752, -7433.6513671875], [-121.08114, 41.21311, -8348.5498046875]]], [[[-121.12414, 41.32482, -17509.482421875], [-121.12243, 41.32096, -18403.2109375], [-121.12622, 41.3295, -18348.423828125], [-121.12414, 41.32482, -17509.482421875]]], [[[-121.10524, 41.28247, -4800.17626953125], [-121.10737, 41.28684, -5665.49462890625], [-121.10932, 41.29123, -4798.763671875], [-121.10524, 41.28247, -4800.17626953125]]], [[[-121.0837, 41.2221, -8332.869140625], [-121.08235, 41.21805, -9312.8203125], [-121.08523, 41.22705, -9283.5517578125], [-121.0837, 41.2221, -8332.869140625]]], [[[-121.13431, 41.3467, -401.79534912109375], [-121.13208, 41.34216, 400.81817626953125], [-121.13006, 41.33812, -465.78753662109375], [-121.13431, 41.3467, -401.79534912109375]]], [[[-121.04696, 41.08468, -14094.1826171875], [-121.04591, 41.07559, -14093.7275390625], [-121.04646, 41.08018, -14955.9130859375], [-121.04696, 41.08468, -14094.1826171875]]], [[[-121.03704, 41.02668, -18475.314453125], [-121.03607, 41.0223, -19346.833984375], [-121.03802, 41.03119, -19339.01171875], [-121.03704, 41.02668, -18475.314453125]]], [[[-121.02215, 40.93816, -3992.740234375], [-121.02072, 40.93045, -3500.426513671875], [-121.02072, 40.93045, -4485.05419921875], [-121.02215, 40.93816, -3992.740234375]]], [[[-121.12414, 41.32482, -17509.482421875], [-121.12058, 41.3162, -17566.044921875], [-121.12243, 41.32096, -18403.2109375], [-121.12414, 41.32482, -17509.482421875]]], [[[-121.02496, 40.95532, -18437.12890625], [-121.02593, 40.95967, -19311.06640625], [-121.02653, 40.96423, -18448.412109375], [-121.02496, 40.95532, -18437.12890625]]], [[[-121.13914, 41.35729, -8300.48046875], [-121.14271, 41.36461, -8789.76171875], [-121.14271, 41.36461, -7811.19970703125], [-121.13914, 41.35729, -8300.48046875]]], [[[-121.04802, 41.08907, -14959.236328125], [-121.0491, 41.09347, -15823.359375], [-121.05002, 41.0976, -14941.078125], [-121.04802, 41.08907, -14959.236328125]]], [[[-121.03407, 41.0088, -18495.150390625], [-121.03255, 40.99993, -18498.7265625], [-121.03309, 41.00441, -19366.693359375], [-121.03407, 41.0088, -18495.150390625]]], [[[-121.01971, 40.92269, -6946.623046875], [-121.01971, 40.92269, -5961.9951171875], [-121.018, 40.915, -6454.30908203125], [-121.01971, 40.92269, -6946.623046875]]], [[[-121.04692, 41.08432, -10628.4697265625], [-121.0464, 41.0796, -9790.3408203125], [-121.0459, 41.07555, -10631.66015625], [-121.04692, 41.08432, -10628.4697265625]]], [[[-121.05765, 41.12797, -5656.1357421875], [-121.05877, 41.13247, -6525.4951171875], [-121.0598, 41.13709, -5662.84033203125], [-121.05765, 41.12797, -5656.1357421875]]], [[[-121.1012, 41.27395, -1326.6405029296875], [-121.10312, 41.27823, -471.1106872558594], [-121.09934, 41.26977, -464.7620849609375], [-121.1012, 41.27395, -1326.6405029296875]]], [[[-121.02343, 40.9459, -11377.4462890625], [-121.02215, 40.93816, -11869.7607421875], [-121.02343, 40.9459, -12362.07421875], [-121.02343, 40.9459, -11377.4462890625]]], [[[-121.08111, 41.21297, -4829.3095703125], [-121.08216, 41.21749, -3963.77587890625], [-121.0801, 41.20846, -3962.79345703125], [-121.08111, 41.21297, -4829.3095703125]]], [[[-121.12058, 41.3162, -17566.044921875], [-121.12414, 41.32482, -17509.482421875], [-121.12205, 41.32012, -16669.08203125], [-121.12058, 41.3162, -17566.044921875]]], [[[-121.04245, 41.05553, -8948.6318359375], [-121.04375, 41.06471, -8972.8046875], [-121.04324, 41.06019, -8104.46875], [-121.04245, 41.05553, -8948.6318359375]]], [[[-121.02816, 40.9732, -18460.962890625], [-121.02906, 40.97754, -19336.05078125], [-121.02957, 40.98214, -18475.0234375], [-121.02816, 40.9732, -18460.962890625]]], [[[-121.07875, 41.20424, -8353.9033203125], [-121.07622, 41.19549, -8364.4462890625], [-121.07761, 41.20084, -9349.0341796875], [-121.07875, 41.20424, -8353.9033203125]]], [[[-121.08146, 41.21459, -11985.47265625], [-121.08278, 41.21933, -12822.4345703125], [-121.08414, 41.22343, -11931.189453125], [-121.08146, 41.21459, -11985.47265625]]], [[[-121.06512, 41.15535, -7459.11767578125], [-121.06406, 41.15079, -6574.5849609375], [-121.063, 41.14599, -7418.2109375], [-121.06512, 41.15535, -7459.11767578125]]], [[[-121.02825, 40.97363, -14985.1220703125], [-121.02911, 40.97799, -15867.5205078125], [-121.02962, 40.98262, -15003.12890625], [-121.02825, 40.97363, -14985.1220703125]]], [[[-121.02724, 40.9691, -10885.1328125], [-121.02895, 40.97679, -10392.8193359375], [-121.02724, 40.9691, -9900.505859375], [-121.02724, 40.9691, -10885.1328125]]], [[[-121.02608, 40.96068, -3480.029296875], [-121.02652, 40.96412, -2660.60009765625], [-121.02479, 40.95455, -2795.872314453125], [-121.02608, 40.96068, -3480.029296875]]], [[[-121.11876, 41.31147, -16730.28125], [-121.12058, 41.3162, -17566.044921875], [-121.12205, 41.32012, -16669.08203125], [-121.11876, 41.31147, -16730.28125]]], [[[-121.09228, 41.25263, -7407.73486328125], [-121.09116, 41.24823, -6534.57763671875], [-121.09021, 41.24397, -7402.3310546875], [-121.09228, 41.25263, -7407.73486328125]]], [[[-121.018, 40.915, -18269.83984375], [-121.018, 40.915, -19254.466796875], [-121.01899, 40.91945, -18768.578125], [-121.018, 40.915, -18269.83984375]]], [[[-121.04497, 41.07134, -16699.732421875], [-121.04595, 41.07578, -17568.310546875], [-121.04646, 41.08018, -16693.53125], [-121.04497, 41.07134, -16699.732421875]]], [[[-121.07118, 41.17653, -12994.455078125], [-121.07269, 41.18106, -13857.0361328125], [-121.07378, 41.18514, -12980.8134765625], [-121.07118, 41.17653, -12994.455078125]]], [[[-121.10307, 41.27815, -3933.49462890625], [-121.10522, 41.28245, -3070.36669921875], [-121.10117, 41.27388, -3064.599609375], [-121.10307, 41.27815, -3933.49462890625]]], [[[-121.13563, 41.34966, -2899.86962890625], [-121.13914, 41.35729, -2429.1083984375], [-121.1357, 41.34983, -1942.312255859375], [-121.13563, 41.34966, -2899.86962890625]]], [[[-121.0288, 40.9761, -5322.49609375], [-121.0298, 40.98421, -5350.04345703125], [-121.02933, 40.98001, -4431.09423828125], [-121.0288, 40.9761, -5322.49609375]]], [[[-121.03552, 41.01771, -18485.25390625], [-121.03503, 41.01331, -19358.8203125], [-121.03607, 41.0223, -19346.833984375], [-121.03552, 41.01771, -18485.25390625]]], [[[-121.02655, 40.96443, -15022.6181640625], [-121.02723, 40.96902, -15850.8193359375], [-121.02825, 40.97363, -14985.1220703125], [-121.02655, 40.96443, -15022.6181640625]]], [[[-121.02346, 40.94613, -3480.79833984375], [-121.02215, 40.93816, -3992.740234375], [-121.02343, 40.9459, -4485.05419921875], [-121.02346, 40.94613, -3480.79833984375]]], [[[-121.11876, 41.31147, -16730.28125], [-121.11705, 41.30762, -17622.353515625], [-121.12058, 41.3162, -17566.044921875], [-121.11876, 41.31147, -16730.28125]]], [[[-121.09936, 41.2698, -3940.37939453125], [-121.10117, 41.27388, -3064.599609375], [-121.09775, 41.26566, -3065.677978515625], [-121.09936, 41.2698, -3940.37939453125]]], [[[-121.04292, 41.05763, -14106.1533203125], [-121.04094, 41.04874, -14117.6455078125], [-121.04195, 41.05325, -14982.044921875], [-121.04292, 41.05763, -14106.1533203125]]], [[[-121.02605, 40.96039, -1795.6502685546875], [-121.02438, 40.95271, -1805.400634765625], [-121.02479, 40.95455, -2795.872314453125], [-121.02605, 40.96039, -1795.6502685546875]]], [[[-121.03498, 41.0129, -15903.048828125], [-121.03309, 41.00442, -15903.41015625], [-121.03404, 41.00868, -16772.71875], [-121.03498, 41.0129, -15903.048828125]]], [[[-121.09935, 41.26979, -2193.54931640625], [-121.1012, 41.27395, -1326.6405029296875], [-121.09771, 41.26556, -1328.4100341796875], [-121.09935, 41.26979, -2193.54931640625]]], [[[-121.11876, 41.31147, -16730.28125], [-121.11502, 41.30305, -16780.904296875], [-121.11705, 41.30762, -17622.353515625], [-121.11876, 41.31147, -16730.28125]]], [[[-121.02348, 40.94634, -18426.158203125], [-121.02397, 40.95077, -19298.318359375], [-121.02496, 40.95532, -18437.12890625], [-121.02348, 40.94634, -18426.158203125]]], [[[-121.02751, 40.97029, -4625.78759765625], [-121.02708, 40.96837, -3589.64990234375], [-121.0262, 40.9616, -4438.6416015625], [-121.02751, 40.97029, -4625.78759765625]]], [[[-121.04297, 41.05786, -17576.892578125], [-121.04197, 41.05336, -16712.7421875], [-121.04099, 41.04896, -17583.810546875], [-121.04297, 41.05786, -17576.892578125]]], [[[-121.02957, 40.98214, -18475.0234375], [-121.02906, 40.97754, -19336.05078125], [-121.03012, 40.98652, -19349.1171875], [-121.02957, 40.98214, -18475.0234375]]], [[[-121.08114, 41.21311, -8348.5498046875], [-121.08028, 41.20925, -9331.748046875], [-121.08235, 41.21805, -9312.8203125], [-121.08114, 41.21311, -8348.5498046875]]], [[[-121.02459, 40.95366, -3959.473876953125], [-121.02479, 40.95455, -2795.872314453125], [-121.02346, 40.94613, -3480.79833984375], [-121.02459, 40.95366, -3959.473876953125]]], [[[-121.11672, 41.30688, -15890.7080078125], [-121.11502, 41.30305, -16780.904296875], [-121.11876, 41.31147, -16730.28125], [-121.11672, 41.30688, -15890.7080078125]]], [[[-121.03113, 40.9911, -18489.994140625], [-121.03205, 40.99542, -19365.896484375], [-121.03255, 40.99993, -18498.7265625], [-121.03113, 40.9911, -18489.994140625]]], [[[-121.07875, 41.20424, -8353.9033203125], [-121.08011, 41.20851, -7430.67724609375], [-121.07725, 41.19974, -7425.17529296875], [-121.07875, 41.20424, -8353.9033203125]]], [[[-121.13627, 41.35111, 397.0635070800781], [-121.14005, 41.3591, 489.6125793457031], [-121.13805, 41.3551, 1291.588134765625], [-121.13627, 41.35111, 397.0635070800781]]], [[[-121.04297, 41.05786, -17576.892578125], [-121.04199, 41.05347, -18447.958984375], [-121.04349, 41.06241, -18440.4296875], [-121.04297, 41.05786, -17576.892578125]]], [[[-121.02343, 40.9459, -6454.30908203125], [-121.02215, 40.93816, -5961.9951171875], [-121.02215, 40.93816, -6946.623046875], [-121.02343, 40.9459, -6454.30908203125]]], [[[-121.06277, 41.1454, -12210.5869140625], [-121.06119, 41.14118, -13081.2060546875], [-121.06387, 41.14992, -13067.3837890625], [-121.06277, 41.1454, -12210.5869140625]]], [[[-121.02486, 40.95489, -16635.970703125], [-121.02596, 40.95984, -17577.345703125], [-121.02655, 40.96438, -16710.869140625], [-121.02486, 40.95489, -16635.970703125]]], [[[-121.02335, 40.94511, -1601.693115234375], [-121.02343, 40.9459, -2515.799072265625], [-121.02438, 40.95271, -1805.400634765625], [-121.02335, 40.94511, -1601.693115234375]]], [[[-121.02459, 40.95364, -10885.1328125], [-121.02343, 40.9459, -10392.8193359375], [-121.02343, 40.9459, -11377.4462890625], [-121.02459, 40.95364, -10885.1328125]]], [[[-121.03308, 41.00435, -17635.853515625], [-121.03255, 40.99993, -18498.7265625], [-121.03407, 41.0088, -18495.150390625], [-121.03308, 41.00435, -17635.853515625]]], [[[-121.02708, 40.96837, -3589.64990234375], [-121.02608, 40.96068, -3480.029296875], [-121.0262, 40.9616, -4438.6416015625], [-121.02708, 40.96837, -3589.64990234375]]], [[[-121.11279, 41.29858, -15937.736328125], [-121.11502, 41.30305, -16780.904296875], [-121.11672, 41.30688, -15890.7080078125], [-121.11279, 41.29858, -15937.736328125]]], [[[-121.09226, 41.25258, -3937.5390625], [-121.0942, 41.25694, -3073.147216796875], [-121.09114, 41.24812, -3069.88916015625], [-121.09226, 41.25258, -3937.5390625]]], [[[-121.13914, 41.35729, -4386.232421875], [-121.13574, 41.34992, -4875.513671875], [-121.13914, 41.35729, -5364.79443359375], [-121.13914, 41.35729, -4386.232421875]]], [[[-121.04697, 41.08473, -15827.1513671875], [-121.04646, 41.08018, -16693.53125], [-121.04806, 41.08924, -16692.82421875], [-121.04697, 41.08473, -15827.1513671875]]], [[[-121.07875, 41.20424, -8353.9033203125], [-121.07761, 41.20084, -9349.0341796875], [-121.08028, 41.20925, -9331.748046875], [-121.07875, 41.20424, -8353.9033203125]]], [[[-121.02218, 40.93831, -1032.1134033203125], [-121.02367, 40.94802, -892.4716186523438], [-121.02303, 40.94231, -147.82862854003906], [-121.02218, 40.93831, -1032.1134033203125]]], [[[-121.06277, 41.1454, -12210.5869140625], [-121.05966, 41.13649, -12231.697265625], [-121.06119, 41.14118, -13081.2060546875], [-121.06277, 41.1454, -12210.5869140625]]], [[[-121.0902, 41.2439, -5665.6689453125], [-121.09116, 41.24822, -4796.03662109375], [-121.08871, 41.23955, -4803.29736328125], [-121.0902, 41.2439, -5665.6689453125]]], [[[-121.11129, 41.29559, -5662.3486328125], [-121.11341, 41.29982, -4793.90234375], [-121.10932, 41.29123, -4798.763671875], [-121.11129, 41.29559, -5662.3486328125]]], [[[-121.02459, 40.95364, -10885.1328125], [-121.02459, 40.95364, -9900.505859375], [-121.02343, 40.9459, -10392.8193359375], [-121.02459, 40.95364, -10885.1328125]]], [[[-121.10736, 41.2868, -2204.990966796875], [-121.10523, 41.28246, -1342.3243408203125], [-121.10306, 41.27812, -2203.693115234375], [-121.10736, 41.2868, -2204.990966796875]]], [[[-121.03073, 40.98928, -2690.20166015625], [-121.03238, 40.99843, -2731.265625], [-121.0318, 40.99411, -1845.804931640625], [-121.03073, 40.98928, -2690.20166015625]]], [[[-121.02607, 40.96053, -14332.8603515625], [-121.02468, 40.95404, -14932.6083984375], [-121.02655, 40.96443, -15022.6181640625], [-121.02607, 40.96053, -14332.8603515625]]], [[[-121.11279, 41.29858, -15937.736328125], [-121.11089, 41.29475, -16824.892578125], [-121.11502, 41.30305, -16780.904296875], [-121.11279, 41.29858, -15937.736328125]]], [[[-121.13229, 41.34257, -5364.79443359375], [-121.12877, 41.33524, -5854.07568359375], [-121.13229, 41.34257, -6343.3564453125], [-121.13229, 41.34257, -5364.79443359375]]], [[[-121.03995, 41.04428, -14985.287109375], [-121.04097, 41.04888, -15845.583984375], [-121.04195, 41.05325, -14982.044921875], [-121.03995, 41.04428, -14985.287109375]]], [[[-121.02468, 40.95404, -14932.6083984375], [-121.02459, 40.95364, -13847.5126953125], [-121.02346, 40.94613, -14420.0537109375], [-121.02468, 40.95404, -14932.6083984375]]], [[[-121.01971, 40.92269, -3008.11279296875], [-121.01971, 40.92269, -2023.4852294921875], [-121.018, 40.915, -2515.799072265625], [-121.01971, 40.92269, -3008.11279296875]]], [[[-121.10889, 41.29024, -15977.2333984375], [-121.11089, 41.29475, -16824.892578125], [-121.11279, 41.29858, -15937.736328125], [-121.10889, 41.29024, -15977.2333984375]]], [[[-121.02617, 40.96134, -8423.564453125], [-121.02459, 40.95364, -8915.8779296875], [-121.02617, 40.96134, -9408.19140625], [-121.02617, 40.96134, -8423.564453125]]], [[[-121.02346, 40.94613, -3480.79833984375], [-121.02215, 40.93816, -3008.11279296875], [-121.02215, 40.93816, -3992.740234375], [-121.02346, 40.94613, -3480.79833984375]]], [[[-121.03547, 41.01726, -15025.302734375], [-121.036, 41.02199, -15879.1240234375], [-121.03698, 41.02642, -15010.732421875], [-121.03547, 41.01726, -15025.302734375]]], [[[-121.01972, 40.92275, -16803.416015625], [-121.018, 40.915, -16300.583984375], [-121.018, 40.915, -17285.2109375], [-121.01972, 40.92275, -16803.416015625]]], [[[-121.08361, 41.22182, -3087.8583984375], [-121.08604, 41.23069, -3083.683349609375], [-121.08503, 41.22614, -2220.663818359375], [-121.08361, 41.22182, -3087.8583984375]]], [[[-121.03797, 41.03089, -15877.087890625], [-121.03701, 41.02656, -16740.158203125], [-121.03849, 41.03541, -16730.185546875], [-121.03797, 41.03089, -15877.087890625]]], [[[-121.10889, 41.29024, -15977.2333984375], [-121.1071, 41.28623, -16858.482421875], [-121.11089, 41.29475, -16824.892578125], [-121.10889, 41.29024, -15977.2333984375]]], [[[-121.02072, 40.93045, -16300.583984375], [-121.01972, 40.92275, -16803.416015625], [-121.0208, 40.93121, -17388.06640625], [-121.02072, 40.93045, -16300.583984375]]], [[[-121.12877, 41.33524, -4875.513671875], [-121.13229, 41.34257, -5364.79443359375], [-121.13229, 41.34257, -4386.232421875], [-121.12877, 41.33524, -4875.513671875]]], [[[-121.03701, 41.02656, -16740.158203125], [-121.03603, 41.02214, -17609.5703125], [-121.038, 41.03104, -17605.9453125], [-121.03701, 41.02656, -16740.158203125]]], [[[-121.02225, 40.93864, -15832.2470703125], [-121.02072, 40.93045, -15315.95703125], [-121.02072, 40.93045, -16300.583984375], [-121.02225, 40.93864, -15832.2470703125]]], [[[-121.09936, 41.2698, -3940.37939453125], [-121.09775, 41.26566, -3065.677978515625], [-121.09612, 41.26133, -3935.414306640625], [-121.09936, 41.2698, -3940.37939453125]]], [[[-121.04375, 41.06471, -8972.8046875], [-121.04341, 41.06167, -9782.2685546875], [-121.04483, 41.07073, -9788.990234375], [-121.04375, 41.06471, -8972.8046875]]], [[[-121.10487, 41.28173, -16008.1650390625], [-121.1071, 41.28623, -16858.482421875], [-121.10889, 41.29024, -15977.2333984375], [-121.10487, 41.28173, -16008.1650390625]]], [[[-121.02215, 40.93816, -13839.015625], [-121.02343, 40.9459, -13346.7021484375], [-121.02215, 40.93816, -12854.3876953125], [-121.02215, 40.93816, -13839.015625]]], [[[-121.13194, 41.34187, -17401.16015625], [-121.13388, 41.34576, -16507.958984375], [-121.12967, 41.33725, -16559.47265625], [-121.13194, 41.34187, -17401.16015625]]], [[[-121.1029, 41.27777, -16895.111328125], [-121.10087, 41.2732, -16046.8037109375], [-121.0991, 41.26922, -16934.296875], [-121.1029, 41.27777, -16895.111328125]]], [[[-121.12822, 41.334, 399.6562805175781], [-121.13005, 41.3381, 1279.390380859375], [-121.12624, 41.32954, 1255.3363037109375], [-121.12822, 41.334, 399.6562805175781]]], [[[-121.03404, 41.00866, -15027.5458984375], [-121.03309, 41.00442, -15903.41015625], [-121.03498, 41.0129, -15903.048828125], [-121.03404, 41.00866, -15027.5458984375]]], [[[-121.06409, 41.15091, -4842.09619140625], [-121.06659, 41.15978, -4840.4013671875], [-121.06514, 41.15541, -3971.093505859375], [-121.06409, 41.15091, -4842.09619140625]]], [[[-121.08506, 41.22626, -3957.71435546875], [-121.08361, 41.22182, -3087.8583984375], [-121.08216, 41.21749, -3963.77587890625], [-121.08506, 41.22626, -3957.71435546875]]], [[[-121.03991, 41.04411, -13256.8876953125], [-121.04094, 41.04874, -14117.6455078125], [-121.04191, 41.0531, -13244.6533203125], [-121.03991, 41.04411, -13256.8876953125]]], [[[-121.06379, 41.14956, -11339.060546875], [-121.06482, 41.15417, -12182.1904296875], [-121.06613, 41.1584, -11298.6865234375], [-121.06379, 41.14956, -11339.060546875]]], [[[-121.10524, 41.28247, -4800.17626953125], [-121.10737, 41.28683, -3934.808349609375], [-121.10307, 41.27815, -3933.49462890625], [-121.10524, 41.28247, -4800.17626953125]]], [[[-121.12862, 41.33489, -2926.294189453125], [-121.13224, 41.34248, -3386.352783203125], [-121.13151, 41.34102, -2297.396484375], [-121.12862, 41.33489, -2926.294189453125]]], [[[-121.03121, 40.99146, -15024.10546875], [-121.03207, 40.99566, -15898.0087890625], [-121.03257, 41.00009, -15034.697265625], [-121.03121, 40.99146, -15024.10546875]]], [[[-121.14271, 41.36461, -5854.07568359375], [-121.146, 41.372, -5364.79443359375], [-121.14271, 41.36461, -4875.513671875], [-121.14271, 41.36461, -5854.07568359375]]], [[[-121.0288, 40.9761, -5322.49609375], [-121.02933, 40.98001, -4431.09423828125], [-121.02751, 40.97029, -4625.78759765625], [-121.0288, 40.9761, -5322.49609375]]], [[[-121.08361, 41.22182, -3087.8583984375], [-121.08503, 41.22614, -2220.663818359375], [-121.08214, 41.21742, -2226.6259765625], [-121.08361, 41.22182, -3087.8583984375]]], [[[-121.11089, 41.29475, -16824.892578125], [-121.10912, 41.29078, -17707.744140625], [-121.11312, 41.29924, -17669.53515625], [-121.11089, 41.29475, -16824.892578125]]], [[[-121.10487, 41.28173, -16008.1650390625], [-121.1029, 41.27777, -16895.111328125], [-121.1071, 41.28623, -16858.482421875], [-121.10487, 41.28173, -16008.1650390625]]], [[[-121.01971, 40.92269, -10885.1328125], [-121.02072, 40.93045, -10392.8193359375], [-121.01971, 40.92269, -9900.505859375], [-121.01971, 40.92269, -10885.1328125]]], [[[-121.1357, 41.34983, -1942.312255859375], [-121.13914, 41.35729, -1450.5462646484375], [-121.13596, 41.35042, -1034.590087890625], [-121.1357, 41.34983, -1942.312255859375]]], [[[-121.10912, 41.29078, -17707.744140625], [-121.11116, 41.29531, -18556.681640625], [-121.11312, 41.29924, -17669.53515625], [-121.10912, 41.29078, -17707.744140625]]], [[[-121.04286, 41.05738, -10639.025390625], [-121.04186, 41.05287, -11509.48828125], [-121.04345, 41.06207, -11500.5478515625], [-121.04286, 41.05738, -10639.025390625]]], [[[-121.05087, 41.1014, -9028.388671875], [-121.05283, 41.11022, -9035.7373046875], [-121.05189, 41.10599, -8236.35546875], [-121.05087, 41.1014, -9028.388671875]]], [[[-121.1222, 41.32045, -5854.07568359375], [-121.12544, 41.32774, -5352.99658203125], [-121.12177, 41.31938, -4829.17529296875], [-121.1222, 41.32045, -5854.07568359375]]], [[[-121.07378, 41.18514, -12980.8134765625], [-121.07489, 41.18956, -13836.236328125], [-121.07576, 41.19343, -12938.984375], [-121.07378, 41.18514, -12980.8134765625]]], [[[-121.03206, 40.99556, -17628.369140625], [-121.03117, 40.99128, -16761.94140625], [-121.03017, 40.98675, -17612.189453125], [-121.03206, 40.99556, -17628.369140625]]], [[[-121.09018, 41.24381, -3939.429443359375], [-121.08868, 41.23948, -3076.9638671875], [-121.08707, 41.23519, -3947.894775390625], [-121.09018, 41.24381, -3939.429443359375]]], [[[-121.03309, 41.00442, -15903.41015625], [-121.03257, 41.00009, -15034.697265625], [-121.03207, 40.99566, -15898.0087890625], [-121.03309, 41.00442, -15903.41015625]]], [[[-121.13229, 41.34257, -4386.232421875], [-121.13229, 41.34257, -5364.79443359375], [-121.13574, 41.34992, -4875.513671875], [-121.13229, 41.34257, -4386.232421875]]], [[[-121.03287, 41.00286, -3604.15625], [-121.03384, 41.00776, -2765.810546875], [-121.03238, 40.99843, -2731.265625], [-121.03287, 41.00286, -3604.15625]]], [[[-121.10737, 41.28684, -5665.49462890625], [-121.10524, 41.28247, -4800.17626953125], [-121.10315, 41.2783, -5664.12255859375], [-121.10737, 41.28684, -5665.49462890625]]], [[[-121.11339, 41.29979, -3062.128662109375], [-121.11729, 41.30815, -3054.212158203125], [-121.11543, 41.30397, -2189.67724609375], [-121.11339, 41.29979, -3062.128662109375]]], [[[-121.11502, 41.30305, -16780.904296875], [-121.11089, 41.29475, -16824.892578125], [-121.11312, 41.29924, -17669.53515625], [-121.11502, 41.30305, -16780.904296875]]], [[[-121.02072, 40.93045, -2515.799072265625], [-121.01971, 40.92269, -3008.11279296875], [-121.02072, 40.93045, -3500.426513671875], [-121.02072, 40.93045, -2515.799072265625]]], [[[-121.10487, 41.28173, -16008.1650390625], [-121.10087, 41.2732, -16046.8037109375], [-121.1029, 41.27777, -16895.111328125], [-121.10487, 41.28173, -16008.1650390625]]], [[[-121.01971, 40.92269, -15808.2705078125], [-121.018, 40.915, -15315.95703125], [-121.018, 40.915, -16300.583984375], [-121.01971, 40.92269, -15808.2705078125]]], [[[-121.02751, 40.97029, -4625.78759765625], [-121.0262, 40.9616, -4438.6416015625], [-121.02623, 40.96182, -5413.890625], [-121.02751, 40.97029, -4625.78759765625]]], [[[-121.04292, 41.05763, -14106.1533203125], [-121.04191, 41.0531, -13244.6533203125], [-121.04094, 41.04874, -14117.6455078125], [-121.04292, 41.05763, -14106.1533203125]]], [[[-121.02724, 40.96907, -14105.400390625], [-121.02607, 40.96053, -14332.8603515625], [-121.02655, 40.96443, -15022.6181640625], [-121.02724, 40.96907, -14105.400390625]]], [[[-121.02215, 40.93816, -8915.8779296875], [-121.02215, 40.93816, -7931.25048828125], [-121.02072, 40.93045, -8423.564453125], [-121.02215, 40.93816, -8915.8779296875]]], [[[-121.05596, 41.12287, -11409.0947265625], [-121.05751, 41.12754, -12259.9208984375], [-121.05862, 41.13178, -11380.12109375], [-121.05596, 41.12287, -11409.0947265625]]], [[[-121.05386, 41.11488, -6514.421875], [-121.05484, 41.11928, -7379.72119140625], [-121.0562, 41.12359, -6512.9716796875], [-121.05386, 41.11488, -6514.421875]]], [[[-121.12832, 41.33423, -1380.1309814453125], [-121.13224, 41.34248, -1324.3912353515625], [-121.13006, 41.33812, -465.78753662109375], [-121.12832, 41.33423, -1380.1309814453125]]], [[[-121.06873, 41.1673, -11282.4365234375], [-121.06977, 41.17195, -12138.447265625], [-121.07107, 41.17621, -11263.177734375], [-121.06873, 41.1673, -11282.4365234375]]], [[[-121.02459, 40.95364, -10885.1328125], [-121.02617, 40.96134, -10392.8193359375], [-121.02459, 40.95364, -9900.505859375], [-121.02459, 40.95364, -10885.1328125]]], [[[-121.03272, 41.00151, -7066.79443359375], [-121.03226, 40.99737, -6182.8916015625], [-121.0315, 40.99277, -7067.240234375], [-121.03272, 41.00151, -7066.79443359375]]], [[[-121.03022, 40.98701, -15882.0185546875], [-121.02959, 40.98234, -16738.232421875], [-121.03117, 40.99128, -16761.94140625], [-121.03022, 40.98701, -15882.0185546875]]], [[[-121.11332, 41.29964, 401.6590270996094], [-121.11726, 41.3081, 413.32769775390625], [-121.11534, 41.30376, 1277.24169921875], [-121.11332, 41.29964, 401.6590270996094]]], [[[-121.10265, 41.27721, -15157.30078125], [-121.10087, 41.2732, -16046.8037109375], [-121.10487, 41.28173, -16008.1650390625], [-121.10265, 41.27721, -15157.30078125]]], [[[-121.09608, 41.26121, -5665.41259765625], [-121.09421, 41.25697, -4802.50048828125], [-121.09228, 41.25262, -5671.4658203125], [-121.09608, 41.26121, -5665.41259765625]]], [[[-121.12649, 41.33011, -2201.886962890625], [-121.12427, 41.3251, -1328.2962646484375], [-121.12245, 41.32102, -2207.317138671875], [-121.12649, 41.33011, -2201.886962890625]]], [[[-121.03226, 40.99737, -6182.8916015625], [-121.03349, 41.0062, -6219.86376953125], [-121.03279, 41.00212, -5331.41064453125], [-121.03226, 40.99737, -6182.8916015625]]], [[[-121.01971, 40.92269, -3992.740234375], [-121.01971, 40.92269, -3008.11279296875], [-121.018, 40.915, -3500.426513671875], [-121.01971, 40.92269, -3992.740234375]]], [[[-121.04696, 41.08468, -14094.1826171875], [-121.04646, 41.08018, -14955.9130859375], [-121.04802, 41.08907, -14959.236328125], [-121.04696, 41.08468, -14094.1826171875]]], [[[-121.02468, 40.95404, -14932.6083984375], [-121.02607, 40.96053, -14332.8603515625], [-121.02459, 40.95364, -13847.5126953125], [-121.02468, 40.95404, -14932.6083984375]]], [[[-121.02605, 40.96039, -1795.6502685546875], [-121.02702, 40.9681, -1766.7264404296875], [-121.0265, 40.964, -885.214111328125], [-121.02605, 40.96039, -1795.6502685546875]]], [[[-121.10265, 41.27721, -15157.30078125], [-121.09885, 41.26861, -15201.888671875], [-121.10087, 41.2732, -16046.8037109375], [-121.10265, 41.27721, -15157.30078125]]], [[[-121.06808, 41.16434, -7458.42333984375], [-121.06674, 41.16022, -8417.8984375], [-121.06916, 41.16922, -8413.302734375], [-121.06808, 41.16434, -7458.42333984375]]], [[[-121.02072, 40.93046, -1522.8251953125], [-121.01971, 40.92269, -2023.4852294921875], [-121.02072, 40.93045, -2515.799072265625], [-121.02072, 40.93046, -1522.8251953125]]], [[[-121.04294, 41.05771, -15840.1337890625], [-121.04197, 41.05336, -16712.7421875], [-121.04348, 41.06229, -16700.861328125], [-121.04294, 41.05771, -15840.1337890625]]], [[[-121.09116, 41.24822, -4796.03662109375], [-121.09226, 41.25258, -3937.5390625], [-121.09018, 41.24381, -3939.429443359375], [-121.09116, 41.24822, -4796.03662109375]]], [[[-121.10838, 41.2891, -12510.908203125], [-121.11004, 41.29285, -11622.3662109375], [-121.10635, 41.2847, -11658.181640625], [-121.10838, 41.2891, -12510.908203125]]], [[[-121.07257, 41.18071, -12121.6923828125], [-121.07118, 41.17653, -12994.455078125], [-121.07378, 41.18514, -12980.8134765625], [-121.07257, 41.18071, -12121.6923828125]]], [[[-121.10523, 41.28246, -1342.3243408203125], [-121.10926, 41.29109, -1335.6444091796875], [-121.10732, 41.28671, -471.62042236328125], [-121.10523, 41.28246, -1342.3243408203125]]], [[[-121.10059, 41.27258, -14307.95703125], [-121.09885, 41.26861, -15201.888671875], [-121.10265, 41.27721, -15157.30078125], [-121.10059, 41.27258, -14307.95703125]]], [[[-121.11338, 41.29975, -1327.2042236328125], [-121.11543, 41.30397, -2189.67724609375], [-121.11728, 41.30812, -1320.14404296875], [-121.11338, 41.29975, -1327.2042236328125]]], [[[-121.04286, 41.05738, -10639.025390625], [-121.0418, 41.05259, -9784.94921875], [-121.04083, 41.04824, -10652.111328125], [-121.04286, 41.05738, -10639.025390625]]], [[[-121.01971, 40.92269, -3992.740234375], [-121.018, 40.915, -3500.426513671875], [-121.018, 40.915, -4485.05419921875], [-121.01971, 40.92269, -3992.740234375]]], [[[-121.04044, 41.04646, -8930.5322265625], [-121.04245, 41.05553, -8948.6318359375], [-121.04146, 41.05109, -8073.21875], [-121.04044, 41.04646, -8930.5322265625]]], [[[-121.01971, 40.92269, -11869.7607421875], [-121.018, 40.915, -11377.4462890625], [-121.018, 40.915, -12362.07421875], [-121.01971, 40.92269, -11869.7607421875]]], [[[-121.02084, 40.93153, -407.0658264160156], [-121.01972, 40.92276, 69.5400161743164], [-121.01975, 40.92287, -1007.8765869140625], [-121.02084, 40.93153, -407.0658264160156]]], [[[-121.09714, 41.26405, -14362.767578125], [-121.09885, 41.26861, -15201.888671875], [-121.10059, 41.27258, -14307.95703125], [-121.09714, 41.26405, -14362.767578125]]], [[[-121.02365, 40.94788, -15631.8828125], [-121.02225, 40.93864, -15832.2470703125], [-121.02346, 40.94613, -16653.06640625], [-121.02365, 40.94788, -15631.8828125]]], [[[-121.13596, 41.35042, -1034.590087890625], [-121.13224, 41.34248, -1324.3912353515625], [-121.1357, 41.34983, -1942.312255859375], [-121.13596, 41.35042, -1034.590087890625]]], [[[-121.04297, 41.05786, -17576.892578125], [-121.04099, 41.04896, -17583.810546875], [-121.04199, 41.05347, -18447.958984375], [-121.04297, 41.05786, -17576.892578125]]], [[[-121.04398, 41.06683, -15834.271484375], [-121.04347, 41.06222, -14971.19140625], [-121.04294, 41.05771, -15840.1337890625], [-121.04398, 41.06683, -15834.271484375]]], [[[-121.08112, 41.21306, -6565.85546875], [-121.08363, 41.22188, -6563.80322265625], [-121.08216, 41.21748, -5695.47314453125], [-121.08112, 41.21306, -6565.85546875]]], [[[-121.12794, 41.33336, -17454.697265625], [-121.12967, 41.33725, -16559.47265625], [-121.12586, 41.32869, -16615.74609375], [-121.12794, 41.33336, -17454.697265625]]], [[[-121.05751, 41.12754, -12259.9208984375], [-121.0561, 41.12329, -13138.0048828125], [-121.05871, 41.1322, -13113.3779296875], [-121.05751, 41.12754, -12259.9208984375]]], [[[-121.13914, 41.35729, -2429.1083984375], [-121.13563, 41.34966, -2899.86962890625], [-121.13914, 41.35729, -3407.67041015625], [-121.13914, 41.35729, -2429.1083984375]]], [[[-121.06977, 41.17195, -12138.447265625], [-121.06766, 41.16298, -12158.1474609375], [-121.0688, 41.16761, -13014.162109375], [-121.06977, 41.17195, -12138.447265625]]], [[[-121.06661, 41.15983, 370.79388427734375], [-121.06805, 41.16422, -497.9226989746094], [-121.06904, 41.16867, 370.9024353027344], [-121.06661, 41.15983, 370.79388427734375]]], [[[-121.10522, 41.28245, -3070.36669921875], [-121.10736, 41.2868, -2204.990966796875], [-121.10306, 41.27812, -2203.693115234375], [-121.10522, 41.28245, -3070.36669921875]]], [[[-121.10912, 41.29078, -17707.744140625], [-121.11089, 41.29475, -16824.892578125], [-121.1071, 41.28623, -16858.482421875], [-121.10912, 41.29078, -17707.744140625]]], [[[-121.02054, 40.92882, 616.8776245117188], [-121.02084, 40.93153, -407.0658264160156], [-121.022, 40.9375, 626.172119140625], [-121.02054, 40.92882, 616.8776245117188]]], [[[-121.0365, 41.02427, -6296.3046875], [-121.03579, 41.02011, -5414.6396484375], [-121.03525, 41.01527, -6262.56494140625], [-121.0365, 41.02427, -6296.3046875]]], [[[-121.02215, 40.93816, -3008.11279296875], [-121.02072, 40.93045, -2515.799072265625], [-121.02072, 40.93045, -3500.426513671875], [-121.02215, 40.93816, -3008.11279296875]]], [[[-121.09885, 41.26861, -15201.888671875], [-121.09714, 41.26405, -14362.767578125], [-121.09558, 41.26005, -15237.7216796875], [-121.09885, 41.26861, -15201.888671875]]], [[[-121.02215, 40.93816, -2023.4852294921875], [-121.02072, 40.93046, -1522.8251953125], [-121.02072, 40.93045, -2515.799072265625], [-121.02215, 40.93816, -2023.4852294921875]]], [[[-121.03847, 41.03521, -15002.6923828125], [-121.03898, 41.03984, -15856.93359375], [-121.03995, 41.04428, -14985.287109375], [-121.03847, 41.03521, -15002.6923828125]]], [[[-121.01971, 40.92269, -15808.2705078125], [-121.02072, 40.93045, -15315.95703125], [-121.01971, 40.92269, -14823.642578125], [-121.01971, 40.92269, -15808.2705078125]]], [[[-121.02054, 40.92882, 616.8776245117188], [-121.022, 40.9375, 626.172119140625], [-121.02099, 40.93287, 1522.19677734375], [-121.02054, 40.92882, 616.8776245117188]]], [[[-121.09885, 41.26861, -15201.888671875], [-121.09558, 41.26005, -15237.7216796875], [-121.09735, 41.2646, -16089.8720703125], [-121.09885, 41.26861, -15201.888671875]]], [[[-121.07293, 41.1818, -3967.205322265625], [-121.07148, 41.17745, -4830.75830078125], [-121.07407, 41.18626, -4834.70458984375], [-121.07293, 41.1818, -3967.205322265625]]], [[[-121.13574, 41.34992, -3896.951416015625], [-121.13914, 41.35729, -3407.67041015625], [-121.13563, 41.34966, -2899.86962890625], [-121.13574, 41.34992, -3896.951416015625]]], [[[-121.04195, 41.05325, -14982.044921875], [-121.04294, 41.05771, -15840.1337890625], [-121.04347, 41.06222, -14971.19140625], [-121.04195, 41.05325, -14982.044921875]]], [[[-121.02192, 40.93716, -18371.853515625], [-121.02099, 40.93288, -19276.39453125], [-121.02295, 40.94178, -19289.193359375], [-121.02192, 40.93716, -18371.853515625]]], [[[-121.11125, 41.29551, -2197.420166015625], [-121.11338, 41.29975, -1327.2042236328125], [-121.10926, 41.29109, -1335.6444091796875], [-121.11125, 41.29551, -2197.420166015625]]], [[[-121.04591, 41.07559, -14093.7275390625], [-121.04397, 41.06673, -14096.10546875], [-121.04494, 41.07123, -14968.6142578125], [-121.04591, 41.07559, -14093.7275390625]]], [[[-121.02072, 40.93045, -3500.426513671875], [-121.01971, 40.92269, -3992.740234375], [-121.02072, 40.93045, -4485.05419921875], [-121.02072, 40.93045, -3500.426513671875]]], [[[-121.09885, 41.26861, -15201.888671875], [-121.09735, 41.2646, -16089.8720703125], [-121.10087, 41.2732, -16046.8037109375], [-121.09885, 41.26861, -15201.888671875]]], [[[-121.07293, 41.1818, -3967.205322265625], [-121.07407, 41.18628, -3105.397705078125], [-121.0715, 41.17749, -3097.267578125], [-121.07293, 41.1818, -3967.205322265625]]], [[[-121.12074, 41.31665, -3057.392333984375], [-121.12245, 41.32102, -2207.317138671875], [-121.11911, 41.31228, -2186.7041015625], [-121.12074, 41.31665, -3057.392333984375]]], [[[-121.04395, 41.06653, -10629.71875], [-121.04345, 41.06207, -11500.5478515625], [-121.04489, 41.07103, -11496.00390625], [-121.04395, 41.06653, -10629.71875]]], [[[-121.13914, 41.35729, -8300.48046875], [-121.14271, 41.36461, -7811.19970703125], [-121.13914, 41.35729, -7321.91845703125], [-121.13914, 41.35729, -8300.48046875]]], [[[-121.03547, 41.01726, -15025.302734375], [-121.03498, 41.0129, -15903.048828125], [-121.036, 41.02199, -15879.1240234375], [-121.03547, 41.01726, -15025.302734375]]], [[[-121.06409, 41.15091, -4842.09619140625], [-121.0631, 41.14647, -3967.0703125], [-121.06151, 41.14202, -4832.10986328125], [-121.06409, 41.15091, -4842.09619140625]]], [[[-121.14245, 41.36401, -15706.44921875], [-121.14257, 41.36428, -16745.201171875], [-121.146, 41.372, -16128.9775390625], [-121.14245, 41.36401, -15706.44921875]]], [[[-121.04914, 41.09362, -17560.84765625], [-121.04806, 41.08924, -16692.82421875], [-121.04697, 41.08478, -17555.4296875], [-121.04914, 41.09362, -17560.84765625]]], [[[-121.13914, 41.35729, -9279.04296875], [-121.14271, 41.36461, -9768.32421875], [-121.14271, 41.36461, -8789.76171875], [-121.13914, 41.35729, -9279.04296875]]], [[[-121.09735, 41.2646, -16089.8720703125], [-121.0991, 41.26922, -16934.296875], [-121.10087, 41.2732, -16046.8037109375], [-121.09735, 41.2646, -16089.8720703125]]], [[[-121.04793, 41.08872, -4767.3623046875], [-121.04902, 41.09309, -3901.01708984375], [-121.04696, 41.08468, -3880.33837890625], [-121.04793, 41.08872, -4767.3623046875]]], [[[-121.02605, 40.96039, -1795.6502685546875], [-121.0265, 40.964, -885.214111328125], [-121.02521, 40.95644, -904.24169921875], [-121.02605, 40.96039, -1795.6502685546875]]], [[[-121.04294, 41.05771, -15840.1337890625], [-121.04097, 41.04888, -15845.583984375], [-121.04197, 41.05336, -16712.7421875], [-121.04294, 41.05771, -15840.1337890625]]], [[[-121.02343, 40.9459, -10392.8193359375], [-121.02215, 40.93816, -10885.1328125], [-121.02343, 40.9459, -11377.4462890625], [-121.02343, 40.9459, -10392.8193359375]]], [[[-121.11925, 41.31266, -3960.323974609375], [-121.12074, 41.31665, -3057.392333984375], [-121.11729, 41.30815, -3054.212158203125], [-121.11925, 41.31266, -3960.323974609375]]], [[[-121.11502, 41.30305, -16780.904296875], [-121.11312, 41.29924, -17669.53515625], [-121.11705, 41.30762, -17622.353515625], [-121.11502, 41.30305, -16780.904296875]]], [[[-121.12854, 41.33471, -3853.792724609375], [-121.13224, 41.34248, -3386.352783203125], [-121.12862, 41.33489, -2926.294189453125], [-121.12854, 41.33471, -3853.792724609375]]], [[[-121.0991, 41.26922, -16934.296875], [-121.09735, 41.2646, -16089.8720703125], [-121.09581, 41.26058, -16973.970703125], [-121.0991, 41.26922, -16934.296875]]], [[[-121.07618, 41.19532, -4837.2216796875], [-121.07517, 41.19078, -3970.16064453125], [-121.07407, 41.18626, -4834.70458984375], [-121.07618, 41.19532, -4837.2216796875]]], [[[-121.14271, 41.36461, -7811.19970703125], [-121.146, 41.372, -7321.91845703125], [-121.14271, 41.36461, -6832.6376953125], [-121.14271, 41.36461, -7811.19970703125]]], [[[-121.04494, 41.07123, -14968.6142578125], [-121.04593, 41.07569, -15830.623046875], [-121.04646, 41.08018, -14955.9130859375], [-121.04494, 41.07123, -14968.6142578125]]], [[[-121.08363, 41.22188, -6563.80322265625], [-121.08508, 41.22636, -5700.1005859375], [-121.08216, 41.21748, -5695.47314453125], [-121.08363, 41.22188, -6563.80322265625]]], [[[-121.13219, 41.34238, -13206.443359375], [-121.13574, 41.34992, -13682.572265625], [-121.13574, 41.34992, -12704.009765625], [-121.13219, 41.34238, -13206.443359375]]], [[[-121.11312, 41.29924, -17669.53515625], [-121.11534, 41.30376, -18516.13671875], [-121.11705, 41.30762, -17622.353515625], [-121.11312, 41.29924, -17669.53515625]]], [[[-121.13914, 41.35729, -5364.79443359375], [-121.13914, 41.35729, -6343.3564453125], [-121.14271, 41.36461, -5854.07568359375], [-121.13914, 41.35729, -5364.79443359375]]], [[[-121.06977, 41.17195, -12138.447265625], [-121.0688, 41.16761, -13014.162109375], [-121.07118, 41.17653, -12994.455078125], [-121.06977, 41.17195, -12138.447265625]]], [[[-121.02459, 40.95364, -13847.5126953125], [-121.02459, 40.95364, -12854.3876953125], [-121.02343, 40.9459, -13346.7021484375], [-121.02459, 40.95364, -13847.5126953125]]], [[[-121.12877, 41.33522, -12733.7294921875], [-121.13219, 41.34238, -13206.443359375], [-121.13229, 41.34257, -12214.7294921875], [-121.12877, 41.33522, -12733.7294921875]]], [[[-121.1071, 41.28623, -16858.482421875], [-121.10514, 41.28227, -17744.3515625], [-121.10912, 41.29078, -17707.744140625], [-121.1071, 41.28623, -16858.482421875]]], [[[-121.09016, 41.24371, -2207.244384765625], [-121.08866, 41.23944, -1342.026611328125], [-121.08706, 41.23516, -2214.681884765625], [-121.09016, 41.24371, -2207.244384765625]]], [[[-121.0991, 41.26922, -16934.296875], [-121.09581, 41.26058, -16973.970703125], [-121.09756, 41.26517, -17820.291015625], [-121.0991, 41.26922, -16934.296875]]], [[[-121.02072, 40.93045, -15315.95703125], [-121.01971, 40.92269, -15808.2705078125], [-121.02072, 40.93045, -16300.583984375], [-121.02072, 40.93045, -15315.95703125]]], [[[-121.11618, 41.30565, -6750.7978515625], [-121.11258, 41.29815, -7309.70654296875], [-121.11613, 41.30553, -7801.044921875], [-121.11618, 41.30565, -6750.7978515625]]], [[[-121.04375, 41.06471, -8972.8046875], [-121.04245, 41.05553, -8948.6318359375], [-121.04341, 41.06167, -9782.2685546875], [-121.04375, 41.06471, -8972.8046875]]], [[[-121.11545, 41.304, -3924.167724609375], [-121.11729, 41.30815, -3054.212158203125], [-121.11339, 41.29979, -3062.128662109375], [-121.11545, 41.304, -3924.167724609375]]], [[[-121.0991, 41.26922, -16934.296875], [-121.09756, 41.26517, -17820.291015625], [-121.10112, 41.27377, -17782.0390625], [-121.0991, 41.26922, -16934.296875]]], [[[-121.13229, 41.34257, -8300.48046875], [-121.13574, 41.34992, -7811.19970703125], [-121.13229, 41.34257, -7321.91845703125], [-121.13229, 41.34257, -8300.48046875]]], [[[-121.1029, 41.27777, -16895.111328125], [-121.0991, 41.26922, -16934.296875], [-121.10112, 41.27377, -17782.0390625], [-121.1029, 41.27777, -16895.111328125]]], [[[-121.13574, 41.34992, -11725.4482421875], [-121.13914, 41.35729, -12214.7294921875], [-121.13914, 41.35729, -11236.1669921875], [-121.13574, 41.34992, -11725.4482421875]]], [[[-121.04591, 41.07559, -14093.7275390625], [-121.04492, 41.07114, -13231.34375], [-121.04397, 41.06673, -14096.10546875], [-121.04591, 41.07559, -14093.7275390625]]], [[[-121.12069, 41.31651, -1321.2144775390625], [-121.12245, 41.32102, -2207.317138671875], [-121.12427, 41.3251, -1328.2962646484375], [-121.12069, 41.31651, -1321.2144775390625]]], [[[-121.1029, 41.27777, -16895.111328125], [-121.10112, 41.27377, -17782.0390625], [-121.10514, 41.28227, -17744.3515625], [-121.1029, 41.27777, -16895.111328125]]], [[[-121.12235, 41.32078, -3920.603759765625], [-121.12074, 41.31665, -3057.392333984375], [-121.11925, 41.31266, -3960.323974609375], [-121.12235, 41.32078, -3920.603759765625]]], [[[-121.06482, 41.15417, -12182.1904296875], [-121.06277, 41.1454, -12210.5869140625], [-121.06387, 41.14992, -13067.3837890625], [-121.06482, 41.15417, -12182.1904296875]]], [[[-121.09226, 41.25258, -3937.5390625], [-121.09114, 41.24812, -3069.88916015625], [-121.09018, 41.24381, -3939.429443359375], [-121.09226, 41.25258, -3937.5390625]]], [[[-121.02724, 40.9691, -10885.1328125], [-121.02724, 40.9691, -9900.505859375], [-121.02617, 40.96134, -10392.8193359375], [-121.02724, 40.9691, -10885.1328125]]], [[[-121.10404, 41.28009, -10812.103515625], [-121.10635, 41.2847, -11658.181640625], [-121.1081, 41.28849, -10765.5869140625], [-121.10404, 41.28009, -10812.103515625]]], [[[-121.1029, 41.27777, -16895.111328125], [-121.10514, 41.28227, -17744.3515625], [-121.1071, 41.28623, -16858.482421875], [-121.1029, 41.27777, -16895.111328125]]], [[[-121.04492, 41.07114, -13231.34375], [-121.04591, 41.07559, -14093.7275390625], [-121.04646, 41.08014, -13227.9296875], [-121.04492, 41.07114, -13231.34375]]], [[[-121.12832, 41.33423, -1380.1309814453125], [-121.13006, 41.33812, -465.78753662109375], [-121.12626, 41.32958, -467.61773681640625], [-121.12832, 41.33423, -1380.1309814453125]]], [[[-121.03986, 41.04388, -11526.5390625], [-121.04089, 41.04851, -12384.80859375], [-121.04186, 41.05287, -11509.48828125], [-121.03986, 41.04388, -11526.5390625]]], [[[-121.12586, 41.32869, -16615.74609375], [-121.12205, 41.32012, -16669.08203125], [-121.12414, 41.32482, -17509.482421875], [-121.12586, 41.32869, -16615.74609375]]], [[[-121.04289, 41.05751, -12365.91796875], [-121.04089, 41.04851, -12384.80859375], [-121.04191, 41.0531, -13244.6533203125], [-121.04289, 41.05751, -12365.91796875]]], [[[-121.12649, 41.33011, -2201.886962890625], [-121.12832, 41.33423, -1380.1309814453125], [-121.12427, 41.3251, -1328.2962646484375], [-121.12649, 41.33011, -2201.886962890625]]], [[[-121.11312, 41.29924, -17669.53515625], [-121.11116, 41.29531, -18556.681640625], [-121.11534, 41.30376, -18516.13671875], [-121.11312, 41.29924, -17669.53515625]]], [[[-121.11339, 41.29979, -3062.128662109375], [-121.11543, 41.30397, -2189.67724609375], [-121.11125, 41.29551, -2197.420166015625], [-121.11339, 41.29979, -3062.128662109375]]], [[[-121.07362, 41.18447, -11221.6298828125], [-121.07257, 41.18071, -12121.6923828125], [-121.07473, 41.18893, -12081.0771484375], [-121.07362, 41.18447, -11221.6298828125]]], [[[-121.11128, 41.29556, -3930.682373046875], [-121.10932, 41.29121, -3067.20703125], [-121.10737, 41.28683, -3934.808349609375], [-121.11128, 41.29556, -3930.682373046875]]], [[[-121.03233, 40.99798, -4446.6640625], [-121.03287, 41.00286, -3604.15625], [-121.03167, 40.99353, -3576.065673828125], [-121.03233, 40.99798, -4446.6640625]]], [[[-121.10926, 41.29109, -1335.6444091796875], [-121.1112, 41.2954, -467.6308288574219], [-121.10732, 41.28671, -471.62042236328125], [-121.10926, 41.29109, -1335.6444091796875]]], [[[-121.04097, 41.04888, -15845.583984375], [-121.03898, 41.03984, -15856.93359375], [-121.03999, 41.04445, -16715.552734375], [-121.04097, 41.04888, -15845.583984375]]], [[[-121.11125, 41.29551, -2197.420166015625], [-121.10926, 41.29109, -1335.6444091796875], [-121.10736, 41.2868, -2204.990966796875], [-121.11125, 41.29551, -2197.420166015625]]], [[[-121.10912, 41.29078, -17707.744140625], [-121.10734, 41.28677, -18592.931640625], [-121.11116, 41.29531, -18556.681640625], [-121.10912, 41.29078, -17707.744140625]]], [[[-121.11729, 41.30815, -3054.212158203125], [-121.12074, 41.31665, -3057.392333984375], [-121.11911, 41.31228, -2186.7041015625], [-121.11729, 41.30815, -3054.212158203125]]], [[[-121.03995, 41.04428, -14985.287109375], [-121.03898, 41.03984, -15856.93359375], [-121.04097, 41.04888, -15845.583984375], [-121.03995, 41.04428, -14985.287109375]]], [[[-121.13006, 41.33812, -465.78753662109375], [-121.12822, 41.334, 399.6562805175781], [-121.12626, 41.32958, -467.61773681640625], [-121.13006, 41.33812, -465.78753662109375]]], [[[-121.10514, 41.28227, -17744.3515625], [-121.10734, 41.28677, -18592.931640625], [-121.10912, 41.29078, -17707.744140625], [-121.10514, 41.28227, -17744.3515625]]], [[[-121.13891, 41.35682, -452.7720642089844], [-121.13596, 41.35042, -1034.590087890625], [-121.13914, 41.35729, -1450.5462646484375], [-121.13891, 41.35682, -452.7720642089844]]], [[[-121.03701, 41.02656, -16740.158203125], [-121.038, 41.03104, -17605.9453125], [-121.03849, 41.03541, -16730.185546875], [-121.03701, 41.02656, -16740.158203125]]], [[[-121.04697, 41.08473, -15827.1513671875], [-121.04593, 41.07569, -15830.623046875], [-121.04646, 41.08018, -16693.53125], [-121.04697, 41.08473, -15827.1513671875]]], [[[-121.14271, 41.36461, -2918.389404296875], [-121.146, 41.372, -2429.1083984375], [-121.14271, 41.36461, -1939.8272705078125], [-121.14271, 41.36461, -2918.389404296875]]], [[[-121.10514, 41.28227, -17744.3515625], [-121.10316, 41.27832, -18629.861328125], [-121.10734, 41.28677, -18592.931640625], [-121.10514, 41.28227, -17744.3515625]]], [[[-121.07473, 41.18893, -12081.0771484375], [-121.07257, 41.18071, -12121.6923828125], [-121.07378, 41.18514, -12980.8134765625], [-121.07473, 41.18893, -12081.0771484375]]], [[[-121.0365, 41.02427, -6296.3046875], [-121.03572, 41.01952, -7149.56103515625], [-121.03743, 41.02842, -7176.59326171875], [-121.0365, 41.02427, -6296.3046875]]], [[[-121.14271, 41.36461, -11725.4482421875], [-121.14271, 41.36461, -12704.009765625], [-121.146, 41.372, -12214.7294921875], [-121.14271, 41.36461, -11725.4482421875]]], [[[-121.10514, 41.28227, -17744.3515625], [-121.10112, 41.27377, -17782.0390625], [-121.10316, 41.27832, -18629.861328125], [-121.10514, 41.28227, -17744.3515625]]], [[[-121.14271, 41.36461, -10746.8857421875], [-121.146, 41.372, -11236.1669921875], [-121.146, 41.372, -10257.6044921875], [-121.14271, 41.36461, -10746.8857421875]]], [[[-121.07257, 41.18071, -12121.6923828125], [-121.06977, 41.17195, -12138.447265625], [-121.07118, 41.17653, -12994.455078125], [-121.07257, 41.18071, -12121.6923828125]]], [[[-121.14257, 41.36428, -16745.201171875], [-121.146, 41.372, -17107.5390625], [-121.146, 41.372, -16128.9775390625], [-121.14257, 41.36428, -16745.201171875]]], [[[-121.03579, 41.02011, -5414.6396484375], [-121.03753, 41.02891, -5446.83642578125], [-121.03662, 41.02477, -4569.380859375], [-121.03579, 41.02011, -5414.6396484375]]], [[[-121.08604, 41.23069, -3083.683349609375], [-121.08706, 41.23516, -2214.681884765625], [-121.08503, 41.22614, -2220.663818359375], [-121.08604, 41.23069, -3083.683349609375]]], [[[-121.10112, 41.27377, -17782.0390625], [-121.09935, 41.26978, -18668.208984375], [-121.10316, 41.27832, -18629.861328125], [-121.10112, 41.27377, -17782.0390625]]], [[[-121.09612, 41.26133, -3935.414306640625], [-121.0942, 41.25694, -3073.147216796875], [-121.09226, 41.25258, -3937.5390625], [-121.09612, 41.26133, -3935.414306640625]]], [[[-121.04099, 41.04896, -17583.810546875], [-121.03901, 41.04003, -17589.62890625], [-121.04002, 41.04457, -18455.490234375], [-121.04099, 41.04896, -17583.810546875]]], [[[-121.05862, 41.13178, -11380.12109375], [-121.05966, 41.13649, -12231.697265625], [-121.06105, 41.14081, -11355.30078125], [-121.05862, 41.13178, -11380.12109375]]], [[[-121.02933, 40.98001, -4431.09423828125], [-121.02879, 40.97607, -3581.548583984375], [-121.02751, 40.97029, -4625.78759765625], [-121.02933, 40.98001, -4431.09423828125]]], [[[-121.14279, 41.36478, 40.36176300048828], [-121.146, 41.372, -471.984130859375], [-121.146, 41.372, 506.57794189453125], [-121.14279, 41.36478, 40.36176300048828]]], [[[-121.09756, 41.26517, -17820.291015625], [-121.09935, 41.26978, -18668.208984375], [-121.10112, 41.27377, -17782.0390625], [-121.09756, 41.26517, -17820.291015625]]], [[[-121.02215, 40.93816, -6946.623046875], [-121.02215, 40.93816, -5961.9951171875], [-121.02072, 40.93045, -6454.30908203125], [-121.02215, 40.93816, -6946.623046875]]], [[[-121.04146, 41.05109, -8073.21875], [-121.03939, 41.04178, -8077.16064453125], [-121.04044, 41.04646, -8930.5322265625], [-121.04146, 41.05109, -8073.21875]]], [[[-121.14271, 41.36461, -961.2651977539062], [-121.146, 41.372, -1450.5462646484375], [-121.146, 41.372, -471.984130859375], [-121.14271, 41.36461, -961.2651977539062]]], [[[-121.09756, 41.26517, -17820.291015625], [-121.09604, 41.26112, -18706.380859375], [-121.09935, 41.26978, -18668.208984375], [-121.09756, 41.26517, -17820.291015625]]], [[[-121.03404, 41.00868, -16772.71875], [-121.03308, 41.00435, -17635.853515625], [-121.03502, 41.01315, -17625.697265625], [-121.03404, 41.00868, -16772.71875]]], [[[-121.11925, 41.31266, -3960.323974609375], [-121.11729, 41.30815, -3054.212158203125], [-121.11545, 41.304, -3924.167724609375], [-121.11925, 41.31266, -3960.323974609375]]], [[[-121.09404, 41.25659, -17856.6484375], [-121.09604, 41.26112, -18706.380859375], [-121.09756, 41.26517, -17820.291015625], [-121.09404, 41.25659, -17856.6484375]]], [[[-121.02215, 40.93816, -5961.9951171875], [-121.02072, 40.93045, -5469.681640625], [-121.02072, 40.93045, -6454.30908203125], [-121.02215, 40.93816, -5961.9951171875]]], [[[-121.03901, 41.04003, -17589.62890625], [-121.03851, 41.03559, -18465.416015625], [-121.04002, 41.04457, -18455.490234375], [-121.03901, 41.04003, -17589.62890625]]], [[[-121.0688, 41.16761, -13014.162109375], [-121.06984, 41.17226, -13875.580078125], [-121.07118, 41.17653, -12994.455078125], [-121.0688, 41.16761, -13014.162109375]]], [[[-121.025, 40.9555, 860.0511474609375], [-121.02396, 40.95068, 1703.1229248046875], [-121.02356, 40.94708, 784.9974365234375], [-121.025, 40.9555, 860.0511474609375]]], [[[-121.09404, 41.25659, -17856.6484375], [-121.09225, 41.25257, -18741.138671875], [-121.09604, 41.26112, -18706.380859375], [-121.09404, 41.25659, -17856.6484375]]], [[[-121.04396, 41.06662, -12367.2255859375], [-121.04289, 41.05751, -12365.91796875], [-121.04346, 41.0621, -13235.146484375], [-121.04396, 41.06662, -12367.2255859375]]], [[[-121.146, 41.372, -2429.1083984375], [-121.14271, 41.36461, -2918.389404296875], [-121.146, 41.372, -3407.67041015625], [-121.146, 41.372, -2429.1083984375]]], [[[-121.05751, 41.12754, -12259.9208984375], [-121.0547, 41.11863, -12289.583984375], [-121.0561, 41.12329, -13138.0048828125], [-121.05751, 41.12754, -12259.9208984375]]], [[[-121.13816, 41.35532, -16359.6806640625], [-121.14257, 41.36428, -16745.201171875], [-121.14245, 41.36401, -15706.44921875], [-121.13816, 41.35532, -16359.6806640625]]], [[[-121.02728, 40.96926, -5880.43408203125], [-121.02623, 40.96182, -5413.890625], [-121.02617, 40.96134, -6454.30908203125], [-121.02728, 40.96926, -5880.43408203125]]], [[[-121.018, 40.915, 1422.7110595703125], [-121.01899, 40.91944, 954.3780517578125], [-121.01998, 40.92389, 1470.672607421875], [-121.018, 40.915, 1422.7110595703125]]], [[[-121.09106, 41.24779, -17897.46484375], [-121.09225, 41.25257, -18741.138671875], [-121.09404, 41.25659, -17856.6484375], [-121.09106, 41.24779, -17897.46484375]]], [[[-121.02215, 40.93816, -6946.623046875], [-121.02072, 40.93045, -7438.9365234375], [-121.02215, 40.93816, -7931.25048828125], [-121.02215, 40.93816, -6946.623046875]]], [[[-121.03309, 41.00442, -15903.41015625], [-121.03256, 41.00002, -16766.111328125], [-121.03404, 41.00868, -16772.71875], [-121.03309, 41.00442, -15903.41015625]]], [[[-121.14271, 41.36461, -14661.134765625], [-121.14245, 41.36401, -15706.44921875], [-121.146, 41.372, -15150.4150390625], [-121.14271, 41.36461, -14661.134765625]]], [[[-121.09106, 41.24779, -17897.46484375], [-121.09016, 41.2437, -18787.21484375], [-121.09225, 41.25257, -18741.138671875], [-121.09106, 41.24779, -17897.46484375]]], [[[-121.14271, 41.36461, -9768.32421875], [-121.14271, 41.36461, -10746.8857421875], [-121.146, 41.372, -10257.6044921875], [-121.14271, 41.36461, -9768.32421875]]], [[[-121.03309, 41.00442, -15903.41015625], [-121.03207, 40.99566, -15898.0087890625], [-121.03256, 41.00002, -16766.111328125], [-121.03309, 41.00442, -15903.41015625]]], [[[-121.09106, 41.24779, -17897.46484375], [-121.08852, 41.23905, -17939.828125], [-121.09016, 41.2437, -18787.21484375], [-121.09106, 41.24779, -17897.46484375]]], [[[-121.04289, 41.05751, -12365.91796875], [-121.04186, 41.05287, -11509.48828125], [-121.04089, 41.04851, -12384.80859375], [-121.04289, 41.05751, -12365.91796875]]], [[[-121.12649, 41.33011, -2201.886962890625], [-121.13151, 41.34102, -2297.396484375], [-121.12832, 41.33423, -1380.1309814453125], [-121.12649, 41.33011, -2201.886962890625]]], [[[-121.05966, 41.13649, -12231.697265625], [-121.05871, 41.1322, -13113.3779296875], [-121.06119, 41.14118, -13081.2060546875], [-121.05966, 41.13649, -12231.697265625]]], [[[-121.11729, 41.30815, -3054.212158203125], [-121.11911, 41.31228, -2186.7041015625], [-121.11543, 41.30397, -2189.67724609375], [-121.11729, 41.30815, -3054.212158203125]]], [[[-121.02617, 40.96134, -11377.4462890625], [-121.02459, 40.95364, -11869.7607421875], [-121.02622, 40.96177, -12404.0537109375], [-121.02617, 40.96134, -11377.4462890625]]], [[[-121.14271, 41.36461, -9768.32421875], [-121.146, 41.372, -9279.04296875], [-121.14271, 41.36461, -8789.76171875], [-121.14271, 41.36461, -9768.32421875]]], [[[-121.09001, 41.24305, -17056.98828125], [-121.08852, 41.23905, -17939.828125], [-121.09106, 41.24779, -17897.46484375], [-121.09001, 41.24305, -17056.98828125]]], [[[-121.04186, 41.05287, -11509.48828125], [-121.04289, 41.05751, -12365.91796875], [-121.04345, 41.06207, -11500.5478515625], [-121.04186, 41.05287, -11509.48828125]]], [[[-121.12177, 41.31938, -4829.17529296875], [-121.12235, 41.32078, -3920.603759765625], [-121.11925, 41.31266, -3960.323974609375], [-121.12177, 41.31938, -4829.17529296875]]], [[[-121.05966, 41.13649, -12231.697265625], [-121.05751, 41.12754, -12259.9208984375], [-121.05871, 41.1322, -13113.3779296875], [-121.05966, 41.13649, -12231.697265625]]], [[[-121.14271, 41.36461, -10746.8857421875], [-121.14271, 41.36461, -11725.4482421875], [-121.146, 41.372, -11236.1669921875], [-121.14271, 41.36461, -10746.8857421875]]], [[[-121.03823, 41.03305, -6325.59423828125], [-121.03942, 41.04191, -6353.6005859375], [-121.03874, 41.03763, -5472.92138671875], [-121.03823, 41.03305, -6325.59423828125]]], [[[-121.09001, 41.24305, -17056.98828125], [-121.08686, 41.23435, -17088.876953125], [-121.08852, 41.23905, -17939.828125], [-121.09001, 41.24305, -17056.98828125]]], [[[-121.04914, 41.09362, -17560.84765625], [-121.04697, 41.08478, -17555.4296875], [-121.04807, 41.08927, -18424.908203125], [-121.04914, 41.09362, -17560.84765625]]], [[[-121.12877, 41.33524, -9768.32421875], [-121.13229, 41.34257, -9279.04296875], [-121.12877, 41.33524, -8789.76171875], [-121.12877, 41.33524, -9768.32421875]]], [[[-121.09001, 41.24305, -17056.98828125], [-121.0883, 41.23847, -16205.099609375], [-121.08686, 41.23435, -17088.876953125], [-121.09001, 41.24305, -17056.98828125]]], [[[-121.12177, 41.31938, -4829.17529296875], [-121.12545, 41.32776, -4342.5546875], [-121.12235, 41.32078, -3920.603759765625], [-121.12177, 41.31938, -4829.17529296875]]], [[[-121.03017, 40.98675, -17612.189453125], [-121.02908, 40.97776, -17601.9765625], [-121.02957, 40.98214, -18475.0234375], [-121.03017, 40.98675, -17612.189453125]]], [[[-121.12427, 41.3251, -1328.2962646484375], [-121.12626, 41.32958, -467.61773681640625], [-121.12234, 41.32077, -457.0155029296875], [-121.12427, 41.3251, -1328.2962646484375]]], [[[-121.03254, 40.99985, -11506.796875], [-121.03209, 40.99578, -12413.775390625], [-121.0331, 41.00445, -12415.3486328125], [-121.03254, 40.99985, -11506.796875]]], [[[-121.0898, 41.24246, -15325.794921875], [-121.0883, 41.23847, -16205.099609375], [-121.09092, 41.24716, -16164.3193359375], [-121.0898, 41.24246, -15325.794921875]]], [[[-121.02718, 40.96883, -17583.201171875], [-121.02596, 40.95984, -17577.345703125], [-121.02653, 40.96423, -18448.412109375], [-121.02718, 40.96883, -17583.201171875]]], [[[-121.0898, 41.24246, -15325.794921875], [-121.08671, 41.2337, -15361.2353515625], [-121.0883, 41.23847, -16205.099609375], [-121.0898, 41.24246, -15325.794921875]]], [[[-121.02965, 40.98286, -11701.9853515625], [-121.02884, 40.97628, -11364.0234375], [-121.02901, 40.97712, -12412.90234375], [-121.02965, 40.98286, -11701.9853515625]]], [[[-121.09078, 41.24651, -14435.6162109375], [-121.08806, 41.23783, -14471.1328125], [-121.0898, 41.24246, -15325.794921875], [-121.09078, 41.24651, -14435.6162109375]]], [[[-121.03698, 41.02642, -15010.732421875], [-121.036, 41.02199, -15879.1240234375], [-121.03797, 41.03089, -15877.087890625], [-121.03698, 41.02642, -15010.732421875]]], [[[-121.02727, 40.9692, -11933.517578125], [-121.02884, 40.97628, -11364.0234375], [-121.02724, 40.9691, -10885.1328125], [-121.02727, 40.9692, -11933.517578125]]], [[[-121.08658, 41.23309, -13626.720703125], [-121.08565, 41.22891, -14512.8876953125], [-121.08806, 41.23783, -14471.1328125], [-121.08658, 41.23309, -13626.720703125]]], [[[-121.03017, 40.98675, -17612.189453125], [-121.02957, 40.98214, -18475.0234375], [-121.03113, 40.9911, -18489.994140625], [-121.03017, 40.98675, -17612.189453125]]], [[[-121.08658, 41.23309, -13626.720703125], [-121.08438, 41.22415, -13661.064453125], [-121.08565, 41.22891, -14512.8876953125], [-121.08658, 41.23309, -13626.720703125]]], [[[-121.08658, 41.23309, -13626.720703125], [-121.08552, 41.22834, -12769.7177734375], [-121.08438, 41.22415, -13661.064453125], [-121.08658, 41.23309, -13626.720703125]]], [[[-121.03022, 40.98701, -15882.0185546875], [-121.02962, 40.98262, -15003.12890625], [-121.02911, 40.97799, -15867.5205078125], [-121.03022, 40.98701, -15882.0185546875]]], [[[-121.03544, 41.017, -9770.2724609375], [-121.03595, 41.02157, -10688.955078125], [-121.03688, 41.02595, -9824.765625], [-121.03544, 41.017, -9770.2724609375]]], [[[-121.08537, 41.22767, -11044.5771484375], [-121.08646, 41.23259, -11888.55078125], [-121.08767, 41.23679, -11010.943359375], [-121.08537, 41.22767, -11044.5771484375]]], [[[-121.02908, 40.97776, -17601.9765625], [-121.02821, 40.97344, -16722.703125], [-121.02718, 40.96883, -17583.201171875], [-121.02908, 40.97776, -17601.9765625]]], [[[-121.08633, 41.232, -10162.1943359375], [-121.08537, 41.22767, -11044.5771484375], [-121.08767, 41.23679, -11010.943359375], [-121.08633, 41.232, -10162.1943359375]]], [[[-121.03544, 41.017, -9770.2724609375], [-121.03441, 41.01033, -8894.220703125], [-121.0339, 41.00806, -9784.08203125], [-121.03544, 41.017, -9770.2724609375]]], [[[-121.08523, 41.22705, -9283.5517578125], [-121.08394, 41.22283, -10199.689453125], [-121.08633, 41.232, -10162.1943359375], [-121.08523, 41.22705, -9283.5517578125]]], [[[-121.03898, 41.03984, -15856.93359375], [-121.03797, 41.03089, -15877.087890625], [-121.03849, 41.03541, -16730.185546875], [-121.03898, 41.03984, -15856.93359375]]], [[[-121.03896, 41.03963, -14128.091796875], [-121.03794, 41.03073, -14140.7158203125], [-121.03847, 41.03521, -15002.6923828125], [-121.03896, 41.03963, -14128.091796875]]], [[[-121.02763, 40.97084, -13097.4697265625], [-121.0262, 40.96162, -13376.9404296875], [-121.02724, 40.96907, -14105.400390625], [-121.02763, 40.97084, -13097.4697265625]]], [[[-121.03603, 41.02214, -17609.5703125], [-121.03552, 41.01771, -18485.25390625], [-121.03704, 41.02668, -18475.314453125], [-121.03603, 41.02214, -17609.5703125]]], [[[-121.04245, 41.05553, -8948.6318359375], [-121.0418, 41.05259, -9784.94921875], [-121.04341, 41.06167, -9782.2685546875], [-121.04245, 41.05553, -8948.6318359375]]], [[[-121.03939, 41.04178, -8077.16064453125], [-121.04146, 41.05109, -8073.21875], [-121.04043, 41.04643, -7217.109375], [-121.03939, 41.04178, -8077.16064453125]]], [[[-121.07875, 41.20424, -8353.9033203125], [-121.08114, 41.21311, -8348.5498046875], [-121.08011, 41.20851, -7430.67724609375], [-121.07875, 41.20424, -8353.9033203125]]], [[[-121.08114, 41.21311, -8348.5498046875], [-121.08217, 41.21752, -7433.6513671875], [-121.08011, 41.20851, -7430.67724609375], [-121.08114, 41.21311, -8348.5498046875]]], [[[-121.0837, 41.2221, -8332.869140625], [-121.08614, 41.23114, -8305.8427734375], [-121.08511, 41.22649, -7425.466796875], [-121.0837, 41.2221, -8332.869140625]]], [[[-121.02908, 40.97775, -14071.1962890625], [-121.02724, 40.96907, -14105.400390625], [-121.02825, 40.97363, -14985.1220703125], [-121.02908, 40.97775, -14071.1962890625]]], [[[-121.0837, 41.2221, -8332.869140625], [-121.08523, 41.22705, -9283.5517578125], [-121.08614, 41.23114, -8305.8427734375], [-121.0837, 41.2221, -8332.869140625]]], [[[-121.02723, 40.96902, -15850.8193359375], [-121.02655, 40.96443, -15022.6181640625], [-121.02577, 40.95898, -15804.3662109375], [-121.02723, 40.96902, -15850.8193359375]]], [[[-121.08614, 41.23114, -8305.8427734375], [-121.08523, 41.22705, -9283.5517578125], [-121.08741, 41.23609, -9247.033203125], [-121.08614, 41.23114, -8305.8427734375]]], [[[-121.04286, 41.05738, -10639.025390625], [-121.04083, 41.04824, -10652.111328125], [-121.04186, 41.05287, -11509.48828125], [-121.04286, 41.05738, -10639.025390625]]], [[[-121.14271, 41.36461, -13682.572265625], [-121.14271, 41.36461, -14661.134765625], [-121.146, 41.372, -14171.853515625], [-121.14271, 41.36461, -13682.572265625]]], [[[-121.08614, 41.23114, -8305.8427734375], [-121.08741, 41.23609, -9247.033203125], [-121.0888, 41.2398, -8291.47265625], [-121.08614, 41.23114, -8305.8427734375]]], [[[-121.04099, 41.04896, -17583.810546875], [-121.04002, 41.04457, -18455.490234375], [-121.04199, 41.05347, -18447.958984375], [-121.04099, 41.04896, -17583.810546875]]], [[[-121.08614, 41.23114, -8305.8427734375], [-121.0888, 41.2398, -8291.47265625], [-121.08721, 41.23556, -7405.359375], [-121.08614, 41.23114, -8305.8427734375]]], [[[-121.02723, 40.96902, -15850.8193359375], [-121.02655, 40.96438, -16710.869140625], [-121.02821, 40.97344, -16722.703125], [-121.02723, 40.96902, -15850.8193359375]]], [[[-121.08614, 41.23114, -8305.8427734375], [-121.08721, 41.23556, -7405.359375], [-121.08511, 41.22649, -7425.466796875], [-121.08614, 41.23114, -8305.8427734375]]], [[[-121.04289, 41.05751, -12365.91796875], [-121.04191, 41.0531, -13244.6533203125], [-121.04346, 41.0621, -13235.146484375], [-121.04289, 41.05751, -12365.91796875]]], [[[-121.08721, 41.23556, -7405.359375], [-121.08612, 41.23104, -6555.1396484375], [-121.08511, 41.22649, -7425.466796875], [-121.08721, 41.23556, -7405.359375]]], [[[-121.04097, 41.04888, -15845.583984375], [-121.03999, 41.04445, -16715.552734375], [-121.04197, 41.05336, -16712.7421875], [-121.04097, 41.04888, -15845.583984375]]], [[[-121.14257, 41.36428, -16745.201171875], [-121.1441, 41.36773, -17622.111328125], [-121.146, 41.372, -17107.5390625], [-121.14257, 41.36428, -16745.201171875]]], [[[-121.08612, 41.23104, -6555.1396484375], [-121.08721, 41.23556, -7405.359375], [-121.08877, 41.23973, -6538.04443359375], [-121.08612, 41.23104, -6555.1396484375]]], [[[-121.03999, 41.04445, -16715.552734375], [-121.04099, 41.04896, -17583.810546875], [-121.04197, 41.05336, -16712.7421875], [-121.03999, 41.04445, -16715.552734375]]], [[[-121.08612, 41.23104, -6555.1396484375], [-121.08877, 41.23973, -6538.04443359375], [-121.08714, 41.23539, -5678.5185546875], [-121.08612, 41.23104, -6555.1396484375]]], [[[-121.03256, 41.00002, -16766.111328125], [-121.03308, 41.00435, -17635.853515625], [-121.03404, 41.00868, -16772.71875], [-121.03256, 41.00002, -16766.111328125]]], [[[-121.08612, 41.23104, -6555.1396484375], [-121.08714, 41.23539, -5678.5185546875], [-121.08508, 41.22636, -5700.1005859375], [-121.08612, 41.23104, -6555.1396484375]]], [[[-121.02763, 40.97084, -13097.4697265625], [-121.02622, 40.96177, -12404.0537109375], [-121.0262, 40.96162, -13376.9404296875], [-121.02763, 40.97084, -13097.4697265625]]], [[[-121.08363, 41.22188, -6563.80322265625], [-121.08612, 41.23104, -6555.1396484375], [-121.08508, 41.22636, -5700.1005859375], [-121.08363, 41.22188, -6563.80322265625]]], [[[-121.02901, 40.97712, -12412.90234375], [-121.02727, 40.9692, -11933.517578125], [-121.02763, 40.97084, -13097.4697265625], [-121.02901, 40.97712, -12412.90234375]]], [[[-121.08363, 41.22188, -6563.80322265625], [-121.08511, 41.22649, -7425.466796875], [-121.08612, 41.23104, -6555.1396484375], [-121.08363, 41.22188, -6563.80322265625]]], [[[-121.03502, 41.01315, -17625.697265625], [-121.03407, 41.0088, -18495.150390625], [-121.03552, 41.01771, -18485.25390625], [-121.03502, 41.01315, -17625.697265625]]], [[[-121.08511, 41.22649, -7425.466796875], [-121.08363, 41.22188, -6563.80322265625], [-121.08217, 41.21752, -7433.6513671875], [-121.08511, 41.22649, -7425.466796875]]], [[[-121.02727, 40.9692, -11933.517578125], [-121.02622, 40.96177, -12404.0537109375], [-121.02763, 40.97084, -13097.4697265625], [-121.02727, 40.9692, -11933.517578125]]], [[[-121.08112, 41.21306, -6565.85546875], [-121.08217, 41.21752, -7433.6513671875], [-121.08363, 41.22188, -6563.80322265625], [-121.08112, 41.21306, -6565.85546875]]], [[[-121.03797, 41.03089, -15877.087890625], [-121.036, 41.02199, -15879.1240234375], [-121.03701, 41.02656, -16740.158203125], [-121.03797, 41.03089, -15877.087890625]]], [[[-121.13891, 41.35682, -452.7720642089844], [-121.13627, 41.35111, 397.0635070800781], [-121.13431, 41.3467, -401.79534912109375], [-121.13891, 41.35682, -452.7720642089844]]], [[[-121.08217, 41.21752, -7433.6513671875], [-121.08112, 41.21306, -6565.85546875], [-121.08011, 41.20851, -7430.67724609375], [-121.08217, 41.21752, -7433.6513671875]]], [[[-121.04292, 41.05763, -14106.1533203125], [-121.04195, 41.05325, -14982.044921875], [-121.04347, 41.06222, -14971.19140625], [-121.04292, 41.05763, -14106.1533203125]]], [[[-121.07869, 41.20407, -6563.45263671875], [-121.08011, 41.20851, -7430.67724609375], [-121.08112, 41.21306, -6565.85546875], [-121.07869, 41.20407, -6563.45263671875]]], [[[-121.03847, 41.03521, -15002.6923828125], [-121.03797, 41.03089, -15877.087890625], [-121.03898, 41.03984, -15856.93359375], [-121.03847, 41.03521, -15002.6923828125]]], [[[-121.08011, 41.20851, -7430.67724609375], [-121.07869, 41.20407, -6563.45263671875], [-121.07725, 41.19974, -7425.17529296875], [-121.08011, 41.20851, -7430.67724609375]]], [[[-121.03022, 40.98701, -15882.0185546875], [-121.02911, 40.97799, -15867.5205078125], [-121.02959, 40.98234, -16738.232421875], [-121.03022, 40.98701, -15882.0185546875]]], [[[-121.07618, 41.19532, -6564.8984375], [-121.07725, 41.19974, -7425.17529296875], [-121.07869, 41.20407, -6563.45263671875], [-121.07618, 41.19532, -6564.8984375]]], [[[-121.033, 41.00396, -10671.2041015625], [-121.03254, 40.99985, -11506.796875], [-121.03406, 41.00875, -11544.0966796875], [-121.033, 41.00396, -10671.2041015625]]], [[[-121.07618, 41.19532, -6564.8984375], [-121.07518, 41.19081, -7432.197265625], [-121.07725, 41.19974, -7425.17529296875], [-121.07618, 41.19532, -6564.8984375]]], [[[-121.03892, 41.03928, -10667.337890625], [-121.03787, 41.03041, -10683.06640625], [-121.03844, 41.03492, -11544.703125], [-121.03892, 41.03928, -10667.337890625]]], [[[-121.07518, 41.19081, -7432.197265625], [-121.07618, 41.19532, -6564.8984375], [-121.07407, 41.18627, -6567.45068359375], [-121.07518, 41.19081, -7432.197265625]]], [[[-121.02724, 40.96907, -14105.400390625], [-121.02655, 40.96443, -15022.6181640625], [-121.02825, 40.97363, -14985.1220703125], [-121.02724, 40.96907, -14105.400390625]]], [[[-121.07297, 41.1819, -7438.28564453125], [-121.07518, 41.19081, -7432.197265625], [-121.07407, 41.18627, -6567.45068359375], [-121.07297, 41.1819, -7438.28564453125]]], [[[-121.0331, 41.00445, -12415.3486328125], [-121.03209, 40.99578, -12413.775390625], [-121.03257, 41.0001, -13286.8935546875], [-121.0331, 41.00445, -12415.3486328125]]], [[[-121.07518, 41.19081, -7432.197265625], [-121.07297, 41.1819, -7438.28564453125], [-121.07416, 41.18664, -8387.88671875], [-121.07518, 41.19081, -7432.197265625]]], [[[-121.03207, 40.99566, -15898.0087890625], [-121.03022, 40.98701, -15882.0185546875], [-121.03117, 40.99128, -16761.94140625], [-121.03207, 40.99566, -15898.0087890625]]], [[[-121.07622, 41.19549, -8364.4462890625], [-121.07518, 41.19081, -7432.197265625], [-121.07416, 41.18664, -8387.88671875], [-121.07622, 41.19549, -8364.4462890625]]], [[[-121.02884, 40.97628, -11364.0234375], [-121.02727, 40.9692, -11933.517578125], [-121.02901, 40.97712, -12412.90234375], [-121.02884, 40.97628, -11364.0234375]]], [[[-121.07622, 41.19549, -8364.4462890625], [-121.07725, 41.19974, -7425.17529296875], [-121.07518, 41.19081, -7432.197265625], [-121.07622, 41.19549, -8364.4462890625]]], [[[-121.03892, 41.03928, -10667.337890625], [-121.0384, 41.03464, -9805.208984375], [-121.03787, 41.03041, -10683.06640625], [-121.03892, 41.03928, -10667.337890625]]], [[[-121.07551, 41.19231, -9371.619140625], [-121.07622, 41.19549, -8364.4462890625], [-121.07416, 41.18664, -8387.88671875], [-121.07551, 41.19231, -9371.619140625]]], [[[-121.02718, 40.96883, -17583.201171875], [-121.02655, 40.96438, -16710.869140625], [-121.02596, 40.95984, -17577.345703125], [-121.02718, 40.96883, -17583.201171875]]], [[[-121.07551, 41.19231, -9371.619140625], [-121.07761, 41.20084, -9349.0341796875], [-121.07622, 41.19549, -8364.4462890625], [-121.07551, 41.19231, -9371.619140625]]], [[[-121.04083, 41.04824, -10652.111328125], [-121.03986, 41.04388, -11526.5390625], [-121.04186, 41.05287, -11509.48828125], [-121.04083, 41.04824, -10652.111328125]]], [[[-121.07551, 41.19231, -9371.619140625], [-121.07657, 41.19706, -10314.84765625], [-121.07761, 41.20084, -9349.0341796875], [-121.07551, 41.19231, -9371.619140625]]], [[[-121.03307, 41.00434, -14165.1201171875], [-121.03257, 41.00009, -15034.697265625], [-121.03404, 41.00866, -15027.5458984375], [-121.03307, 41.00434, -14165.1201171875]]], [[[-121.07551, 41.19231, -9371.619140625], [-121.07465, 41.18861, -10346.8837890625], [-121.07657, 41.19706, -10314.84765625], [-121.07551, 41.19231, -9371.619140625]]], [[[-121.03787, 41.03041, -10683.06640625], [-121.03689, 41.02602, -11550.36328125], [-121.03844, 41.03492, -11544.703125], [-121.03787, 41.03041, -10683.06640625]]], [[[-121.07342, 41.1837, -9391.8671875], [-121.07465, 41.18861, -10346.8837890625], [-121.07551, 41.19231, -9371.619140625], [-121.07342, 41.1837, -9391.8671875]]], [[[-121.0379, 41.03056, -12411.7177734375], [-121.03596, 41.02166, -12423.59375], [-121.03692, 41.02616, -13280.4267578125], [-121.0379, 41.03056, -12411.7177734375]]], [[[-121.07342, 41.1837, -9391.8671875], [-121.07232, 41.17997, -10355.2783203125], [-121.07465, 41.18861, -10346.8837890625], [-121.07342, 41.1837, -9391.8671875]]], [[[-121.03844, 41.03492, -11544.703125], [-121.03894, 41.03948, -12400.125], [-121.03986, 41.04388, -11526.5390625], [-121.03844, 41.03492, -11544.703125]]], [[[-121.07071, 41.17512, -9404.1640625], [-121.07232, 41.17997, -10355.2783203125], [-121.07342, 41.1837, -9391.8671875], [-121.07071, 41.17512, -9404.1640625]]], [[[-121.02727, 40.9692, -11933.517578125], [-121.02724, 40.9691, -10885.1328125], [-121.02617, 40.96134, -11377.4462890625], [-121.02727, 40.9692, -11933.517578125]]], [[[-121.07071, 41.17512, -9404.1640625], [-121.06966, 41.17149, -10375.78515625], [-121.07232, 41.17997, -10355.2783203125], [-121.07071, 41.17512, -9404.1640625]]], [[[-121.02985, 40.98464, -10868.3427734375], [-121.02965, 40.98286, -11701.9853515625], [-121.03124, 40.9916, -11535.017578125], [-121.02985, 40.98464, -10868.3427734375]]], [[[-121.06852, 41.16634, -9422.525390625], [-121.06966, 41.17149, -10375.78515625], [-121.07071, 41.17512, -9404.1640625], [-121.06852, 41.16634, -9422.525390625]]], [[[-121.03794, 41.03073, -14140.7158203125], [-121.03698, 41.02642, -15010.732421875], [-121.03847, 41.03521, -15002.6923828125], [-121.03794, 41.03073, -14140.7158203125]]], [[[-121.06852, 41.16634, -9422.525390625], [-121.06754, 41.16261, -10396.3173828125], [-121.06966, 41.17149, -10375.78515625], [-121.06852, 41.16634, -9422.525390625]]], [[[-121.03402, 41.00859, -13296.74609375], [-121.03307, 41.00434, -14165.1201171875], [-121.03498, 41.01292, -14160.4013671875], [-121.03402, 41.00859, -13296.74609375]]], [[[-121.06585, 41.15755, -9432.283203125], [-121.06754, 41.16261, -10396.3173828125], [-121.06852, 41.16634, -9422.525390625], [-121.06585, 41.15755, -9432.283203125]]], [[[-121.03497, 41.01286, -12427.4892578125], [-121.03402, 41.00859, -13296.74609375], [-121.03547, 41.01727, -13290.24609375], [-121.03497, 41.01286, -12427.4892578125]]], [[[-121.06585, 41.15755, -9432.283203125], [-121.06472, 41.15375, -10446.2529296875], [-121.06754, 41.16261, -10396.3173828125], [-121.06585, 41.15755, -9432.283203125]]], [[[-121.02895, 40.97679, -10392.8193359375], [-121.02724, 40.9691, -10885.1328125], [-121.02884, 40.97628, -11364.0234375], [-121.02895, 40.97679, -10392.8193359375]]], [[[-121.06377, 41.14946, -9594.7333984375], [-121.06472, 41.15375, -10446.2529296875], [-121.06585, 41.15755, -9432.283203125], [-121.06377, 41.14946, -9594.7333984375]]], [[[-121.04094, 41.04874, -14117.6455078125], [-121.03896, 41.03963, -14128.091796875], [-121.03995, 41.04428, -14985.287109375], [-121.04094, 41.04874, -14117.6455078125]]], [[[-121.06377, 41.14946, -9594.7333984375], [-121.06263, 41.14502, -10480.8759765625], [-121.06472, 41.15375, -10446.2529296875], [-121.06377, 41.14946, -9594.7333984375]]], [[[-121.03124, 40.99159, -13293.12890625], [-121.03209, 40.99584, -14163.427734375], [-121.03257, 41.0001, -13286.8935546875], [-121.03124, 40.99159, -13293.12890625]]], [[[-121.06084, 41.14023, -9670.896484375], [-121.06263, 41.14502, -10480.8759765625], [-121.06377, 41.14946, -9594.7333984375], [-121.06084, 41.14023, -9670.896484375]]], [[[-121.0384, 41.03464, -9805.208984375], [-121.03892, 41.03928, -10667.337890625], [-121.0398, 41.04359, -9786.375], [-121.0384, 41.03464, -9805.208984375]]], [[[-121.06084, 41.14023, -9670.896484375], [-121.05959, 41.13614, -10501.939453125], [-121.06263, 41.14502, -10480.8759765625], [-121.06084, 41.14023, -9670.896484375]]], [[[-121.03547, 41.01727, -13290.24609375], [-121.03597, 41.02176, -14152.0791015625], [-121.03692, 41.02616, -13280.4267578125], [-121.03547, 41.01727, -13290.24609375]]], [[[-121.05853, 41.1314, -9649.712890625], [-121.05959, 41.13614, -10501.939453125], [-121.06084, 41.14023, -9670.896484375], [-121.05853, 41.1314, -9649.712890625]]], [[[-121.03402, 41.00859, -13296.74609375], [-121.03498, 41.01292, -14160.4013671875], [-121.03547, 41.01727, -13290.24609375], [-121.03402, 41.00859, -13296.74609375]]], [[[-121.05853, 41.1314, -9649.712890625], [-121.05736, 41.12709, -10528.935546875], [-121.05959, 41.13614, -10501.939453125], [-121.05853, 41.1314, -9649.712890625]]], [[[-121.03441, 41.01033, -8894.220703125], [-121.03263, 41.00067, -8907.404296875], [-121.0339, 41.00806, -9784.08203125], [-121.03441, 41.01033, -8894.220703125]]], [[[-121.05596, 41.12288, -9732.82421875], [-121.05736, 41.12709, -10528.935546875], [-121.05853, 41.1314, -9649.712890625], [-121.05596, 41.12288, -9732.82421875]]], [[[-121.03689, 41.02602, -11550.36328125], [-121.03596, 41.02166, -12423.59375], [-121.0379, 41.03056, -12411.7177734375], [-121.03689, 41.02602, -11550.36328125]]], [[[-121.05596, 41.12288, -9732.82421875], [-121.05463, 41.11833, -10556.8505859375], [-121.05736, 41.12709, -10528.935546875], [-121.05596, 41.12288, -9732.82421875]]], [[[-121.03894, 41.03948, -12400.125], [-121.0379, 41.03056, -12411.7177734375], [-121.03845, 41.03508, -13275.1298828125], [-121.03894, 41.03948, -12400.125]]], [[[-121.05596, 41.12288, -9732.82421875], [-121.05369, 41.11409, -9766.9951171875], [-121.05463, 41.11833, -10556.8505859375], [-121.05596, 41.12288, -9732.82421875]]], [[[-121.03165, 40.99342, -10545.40625], [-121.02985, 40.98464, -10868.3427734375], [-121.03124, 40.9916, -11535.017578125], [-121.03165, 40.99342, -10545.40625]]], [[[-121.05596, 41.12288, -9732.82421875], [-121.05475, 41.11888, -9026.875], [-121.05369, 41.11409, -9766.9951171875], [-121.05596, 41.12288, -9732.82421875]]], [[[-121.033, 41.00396, -10671.2041015625], [-121.03165, 40.99342, -10545.40625], [-121.03254, 40.99985, -11506.796875], [-121.033, 41.00396, -10671.2041015625]]], [[[-121.05738, 41.12714, -8886.48828125], [-121.05475, 41.11888, -9026.875], [-121.05596, 41.12288, -9732.82421875], [-121.05738, 41.12714, -8886.48828125]]], [[[-121.02908, 40.97776, -17601.9765625], [-121.02816, 40.9732, -18460.962890625], [-121.02957, 40.98214, -18475.0234375], [-121.02908, 40.97776, -17601.9765625]]], [[[-121.05475, 41.11888, -9026.875], [-121.05738, 41.12714, -8886.48828125], [-121.0561, 41.12329, -8194.7578125], [-121.05475, 41.11888, -9026.875]]], [[[-121.03986, 41.04388, -11526.5390625], [-121.03894, 41.03948, -12400.125], [-121.04089, 41.04851, -12384.80859375], [-121.03986, 41.04388, -11526.5390625]]], [[[-121.12862, 41.33489, -2926.294189453125], [-121.13151, 41.34102, -2297.396484375], [-121.12649, 41.33011, -2201.886962890625], [-121.12862, 41.33489, -2926.294189453125]]], [[[-121.05475, 41.11888, -9026.875], [-121.0561, 41.12329, -8194.7578125], [-121.05384, 41.11478, -8243.6572265625], [-121.05475, 41.11888, -9026.875]]], [[[-121.03544, 41.017, -9770.2724609375], [-121.03501, 41.0131, -10675.044921875], [-121.03595, 41.02157, -10688.955078125], [-121.03544, 41.017, -9770.2724609375]]], [[[-121.05283, 41.11022, -9035.7373046875], [-121.05475, 41.11888, -9026.875], [-121.05384, 41.11478, -8243.6572265625], [-121.05283, 41.11022, -9035.7373046875]]], [[[-121.03901, 41.04003, -17589.62890625], [-121.038, 41.03104, -17605.9453125], [-121.03851, 41.03559, -18465.416015625], [-121.03901, 41.04003, -17589.62890625]]], [[[-121.05475, 41.11888, -9026.875], [-121.05283, 41.11022, -9035.7373046875], [-121.05369, 41.11409, -9766.9951171875], [-121.05475, 41.11888, -9026.875]]], [[[-121.0331, 41.00445, -12415.3486328125], [-121.03257, 41.0001, -13286.8935546875], [-121.03402, 41.00859, -13296.74609375], [-121.0331, 41.00445, -12415.3486328125]]], [[[-121.05369, 41.11409, -9766.9951171875], [-121.05283, 41.11022, -9035.7373046875], [-121.05176, 41.10542, -9765.7001953125], [-121.05369, 41.11409, -9766.9951171875]]], [[[-121.03124, 40.99159, -13293.12890625], [-121.03027, 40.98722, -14154.8115234375], [-121.03209, 40.99584, -14163.427734375], [-121.03124, 40.99159, -13293.12890625]]], [[[-121.05273, 41.10978, -10569.1025390625], [-121.05369, 41.11409, -9766.9951171875], [-121.05176, 41.10542, -9765.7001953125], [-121.05273, 41.10978, -10569.1025390625]]], [[[-121.03894, 41.03948, -12400.125], [-121.03845, 41.03508, -13275.1298828125], [-121.03991, 41.04411, -13256.8876953125], [-121.03894, 41.03948, -12400.125]]], [[[-121.05369, 41.11409, -9766.9951171875], [-121.05273, 41.10978, -10569.1025390625], [-121.05463, 41.11833, -10556.8505859375], [-121.05369, 41.11409, -9766.9951171875]]], [[[-121.03689, 41.02602, -11550.36328125], [-121.0379, 41.03056, -12411.7177734375], [-121.03844, 41.03492, -11544.703125], [-121.03689, 41.02602, -11550.36328125]]], [[[-121.05273, 41.10978, -10569.1025390625], [-121.0537, 41.11416, -11436.0126953125], [-121.05463, 41.11833, -10556.8505859375], [-121.05273, 41.10978, -10569.1025390625]]], [[[-121.03254, 40.99985, -11506.796875], [-121.0331, 41.00445, -12415.3486328125], [-121.03406, 41.00875, -11544.0966796875], [-121.03254, 40.99985, -11506.796875]]], [[[-121.05273, 41.10978, -10569.1025390625], [-121.05182, 41.10567, -11452.912109375], [-121.0537, 41.11416, -11436.0126953125], [-121.05273, 41.10978, -10569.1025390625]]], [[[-121.038, 41.03104, -17605.9453125], [-121.03603, 41.02214, -17609.5703125], [-121.03704, 41.02668, -18475.314453125], [-121.038, 41.03104, -17605.9453125]]], [[[-121.14271, 41.36461, -12704.009765625], [-121.14271, 41.36461, -13682.572265625], [-121.146, 41.372, -13193.291015625], [-121.14271, 41.36461, -12704.009765625]]], [[[-121.05084, 41.10127, -10590.73046875], [-121.05182, 41.10567, -11452.912109375], [-121.05273, 41.10978, -10569.1025390625], [-121.05084, 41.10127, -10590.73046875]]], [[[-121.02655, 40.96438, -16710.869140625], [-121.02718, 40.96883, -17583.201171875], [-121.02821, 40.97344, -16722.703125], [-121.02655, 40.96438, -16710.869140625]]], [[[-121.05084, 41.10127, -10590.73046875], [-121.04989, 41.09699, -11460.5478515625], [-121.05182, 41.10567, -11452.912109375], [-121.05084, 41.10127, -10590.73046875]]], [[[-121.03406, 41.00875, -11544.0966796875], [-121.0331, 41.00445, -12415.3486328125], [-121.03497, 41.01286, -12427.4892578125], [-121.03406, 41.00875, -11544.0966796875]]], [[[-121.05084, 41.10127, -10590.73046875], [-121.0489, 41.09259, -10595.912109375], [-121.04989, 41.09699, -11460.5478515625], [-121.05084, 41.10127, -10590.73046875]]], [[[-121.03209, 40.99578, -12413.775390625], [-121.03024, 40.98709, -12428.4609375], [-121.03124, 40.99159, -13293.12890625], [-121.03209, 40.99578, -12413.775390625]]], [[[-121.04986, 41.09686, -9778.859375], [-121.0489, 41.09259, -10595.912109375], [-121.05084, 41.10127, -10590.73046875], [-121.04986, 41.09686, -9778.859375]]], [[[-121.03547, 41.01727, -13290.24609375], [-121.03498, 41.01292, -14160.4013671875], [-121.03597, 41.02176, -14152.0791015625], [-121.03547, 41.01727, -13290.24609375]]], [[[-121.04779, 41.08818, -9765.01953125], [-121.0489, 41.09259, -10595.912109375], [-121.04986, 41.09686, -9778.859375], [-121.04779, 41.08818, -9765.01953125]]], [[[-121.03749, 41.02871, -8920.9609375], [-121.03688, 41.02595, -9824.765625], [-121.0384, 41.03464, -9805.208984375], [-121.03749, 41.02871, -8920.9609375]]], [[[-121.04779, 41.08818, -9765.01953125], [-121.04692, 41.08432, -10628.4697265625], [-121.0489, 41.09259, -10595.912109375], [-121.04779, 41.08818, -9765.01953125]]], [[[-121.03209, 40.99584, -14163.427734375], [-121.03121, 40.99146, -15024.10546875], [-121.03257, 41.00009, -15034.697265625], [-121.03209, 40.99584, -14163.427734375]]], [[[-121.0464, 41.0796, -9790.3408203125], [-121.04692, 41.08432, -10628.4697265625], [-121.04779, 41.08818, -9765.01953125], [-121.0464, 41.0796, -9790.3408203125]]], [[[-121.02596, 40.95984, -17577.345703125], [-121.02399, 40.95094, -17561.34375], [-121.02496, 40.95532, -18437.12890625], [-121.02596, 40.95984, -17577.345703125]]], [[[-121.04692, 41.08432, -10628.4697265625], [-121.0459, 41.07555, -10631.66015625], [-121.04645, 41.08006, -11499.3583984375], [-121.04692, 41.08432, -10628.4697265625]]], [[[-121.03209, 40.99578, -12413.775390625], [-121.03124, 40.9916, -11535.017578125], [-121.03024, 40.98709, -12428.4609375], [-121.03209, 40.99578, -12413.775390625]]], [[[-121.0489, 41.09259, -10595.912109375], [-121.04692, 41.08432, -10628.4697265625], [-121.04792, 41.08869, -11489.54296875], [-121.0489, 41.09259, -10595.912109375]]], [[[-121.03597, 41.02176, -14152.0791015625], [-121.03547, 41.01726, -15025.302734375], [-121.03698, 41.02642, -15010.732421875], [-121.03597, 41.02176, -14152.0791015625]]], [[[-121.0489, 41.09259, -10595.912109375], [-121.04792, 41.08869, -11489.54296875], [-121.04989, 41.09699, -11460.5478515625], [-121.0489, 41.09259, -10595.912109375]]], [[[-121.03787, 41.03041, -10683.06640625], [-121.03595, 41.02157, -10688.955078125], [-121.03689, 41.02602, -11550.36328125], [-121.03787, 41.03041, -10683.06640625]]], [[[-121.049, 41.09302, -12351.4990234375], [-121.04792, 41.08869, -11489.54296875], [-121.04694, 41.08449, -12359.5771484375], [-121.049, 41.09302, -12351.4990234375]]], [[[-121.03595, 41.02157, -10688.955078125], [-121.03547, 41.01723, -11559.5234375], [-121.03689, 41.02602, -11550.36328125], [-121.03595, 41.02157, -10688.955078125]]], [[[-121.049, 41.09302, -12351.4990234375], [-121.04694, 41.08449, -12359.5771484375], [-121.04796, 41.08886, -13223.2548828125], [-121.049, 41.09302, -12351.4990234375]]], [[[-121.02596, 40.95984, -17577.345703125], [-121.02496, 40.95532, -18437.12890625], [-121.02653, 40.96423, -18448.412109375], [-121.02596, 40.95984, -17577.345703125]]], [[[-121.049, 41.09302, -12351.4990234375], [-121.04796, 41.08886, -13223.2548828125], [-121.04997, 41.09738, -13211.6689453125], [-121.049, 41.09302, -12351.4990234375]]], [[[-121.0379, 41.03056, -12411.7177734375], [-121.03692, 41.02616, -13280.4267578125], [-121.03845, 41.03508, -13275.1298828125], [-121.0379, 41.03056, -12411.7177734375]]], [[[-121.05087, 41.10142, -12323.8466796875], [-121.049, 41.09302, -12351.4990234375], [-121.04997, 41.09738, -13211.6689453125], [-121.05087, 41.10142, -12323.8466796875]]], [[[-121.02215, 40.93816, -12854.3876953125], [-121.02215, 40.93816, -11869.7607421875], [-121.02072, 40.93045, -12362.07421875], [-121.02215, 40.93816, -12854.3876953125]]], [[[-121.04989, 41.09699, -11460.5478515625], [-121.05087, 41.10142, -12323.8466796875], [-121.05182, 41.10567, -11452.912109375], [-121.04989, 41.09699, -11460.5478515625]]], [[[-121.03942, 41.04191, -6353.6005859375], [-121.04043, 41.04643, -7217.109375], [-121.04148, 41.05115, -6366.689453125], [-121.03942, 41.04191, -6353.6005859375]]], [[[-121.05279, 41.11008, -12313.9384765625], [-121.05182, 41.10567, -11452.912109375], [-121.05087, 41.10142, -12323.8466796875], [-121.05279, 41.11008, -12313.9384765625]]], [[[-121.03603, 41.02214, -17609.5703125], [-121.03502, 41.01315, -17625.697265625], [-121.03552, 41.01771, -18485.25390625], [-121.03603, 41.02214, -17609.5703125]]], [[[-121.0537, 41.11416, -11436.0126953125], [-121.05182, 41.10567, -11452.912109375], [-121.05279, 41.11008, -12313.9384765625], [-121.0537, 41.11416, -11436.0126953125]]], [[[-121.02204, 40.93768, -16719.044921875], [-121.02072, 40.93045, -16300.583984375], [-121.0208, 40.93121, -17388.06640625], [-121.02204, 40.93768, -16719.044921875]]], [[[-121.05463, 41.11833, -10556.8505859375], [-121.0537, 41.11416, -11436.0126953125], [-121.05596, 41.12287, -11409.0947265625], [-121.05463, 41.11833, -10556.8505859375]]], [[[-121.02486, 40.95489, -16635.970703125], [-121.02399, 40.95094, -17561.34375], [-121.02596, 40.95984, -17577.345703125], [-121.02486, 40.95489, -16635.970703125]]], [[[-121.05736, 41.12709, -10528.935546875], [-121.05463, 41.11833, -10556.8505859375], [-121.05596, 41.12287, -11409.0947265625], [-121.05736, 41.12709, -10528.935546875]]], [[[-121.02724, 40.96907, -14105.400390625], [-121.02908, 40.97775, -14071.1962890625], [-121.02763, 40.97084, -13097.4697265625], [-121.02724, 40.96907, -14105.400390625]]], [[[-121.05736, 41.12709, -10528.935546875], [-121.05596, 41.12287, -11409.0947265625], [-121.05862, 41.13178, -11380.12109375], [-121.05736, 41.12709, -10528.935546875]]], [[[-121.03595, 41.02157, -10688.955078125], [-121.03501, 41.0131, -10675.044921875], [-121.03547, 41.01723, -11559.5234375], [-121.03595, 41.02157, -10688.955078125]]], [[[-121.05959, 41.13614, -10501.939453125], [-121.05736, 41.12709, -10528.935546875], [-121.05862, 41.13178, -11380.12109375], [-121.05959, 41.13614, -10501.939453125]]], [[[-121.02225, 40.93864, -15832.2470703125], [-121.02072, 40.93045, -16300.583984375], [-121.02204, 40.93768, -16719.044921875], [-121.02225, 40.93864, -15832.2470703125]]], [[[-121.05959, 41.13614, -10501.939453125], [-121.05862, 41.13178, -11380.12109375], [-121.06105, 41.14081, -11355.30078125], [-121.05959, 41.13614, -10501.939453125]]], [[[-121.03498, 41.01292, -14160.4013671875], [-121.03404, 41.00866, -15027.5458984375], [-121.03547, 41.01726, -15025.302734375], [-121.03498, 41.01292, -14160.4013671875]]], [[[-121.06263, 41.14502, -10480.8759765625], [-121.06105, 41.14081, -11355.30078125], [-121.06379, 41.14956, -11339.060546875], [-121.06263, 41.14502, -10480.8759765625]]], [[[-121.03209, 40.99578, -12413.775390625], [-121.03124, 40.99159, -13293.12890625], [-121.03257, 41.0001, -13286.8935546875], [-121.03209, 40.99578, -12413.775390625]]], [[[-121.06472, 41.15375, -10446.2529296875], [-121.06263, 41.14502, -10480.8759765625], [-121.06379, 41.14956, -11339.060546875], [-121.06472, 41.15375, -10446.2529296875]]], [[[-121.03596, 41.02166, -12423.59375], [-121.03547, 41.01727, -13290.24609375], [-121.03692, 41.02616, -13280.4267578125], [-121.03596, 41.02166, -12423.59375]]], [[[-121.06472, 41.15375, -10446.2529296875], [-121.06379, 41.14956, -11339.060546875], [-121.06613, 41.1584, -11298.6865234375], [-121.06472, 41.15375, -10446.2529296875]]], [[[-121.03207, 40.99566, -15898.0087890625], [-121.03117, 40.99128, -16761.94140625], [-121.03256, 41.00002, -16766.111328125], [-121.03207, 40.99566, -15898.0087890625]]], [[[-121.06754, 41.16261, -10396.3173828125], [-121.06472, 41.15375, -10446.2529296875], [-121.06613, 41.1584, -11298.6865234375], [-121.06754, 41.16261, -10396.3173828125]]], [[[-121.02459, 40.95364, -11869.7607421875], [-121.02343, 40.9459, -11377.4462890625], [-121.02343, 40.9459, -12362.07421875], [-121.02459, 40.95364, -11869.7607421875]]], [[[-121.06754, 41.16261, -10396.3173828125], [-121.06613, 41.1584, -11298.6865234375], [-121.06873, 41.1673, -11282.4365234375], [-121.06754, 41.16261, -10396.3173828125]]], [[[-121.02985, 40.98464, -10868.3427734375], [-121.02884, 40.97628, -11364.0234375], [-121.02965, 40.98286, -11701.9853515625], [-121.02985, 40.98464, -10868.3427734375]]], [[[-121.06966, 41.17149, -10375.78515625], [-121.06754, 41.16261, -10396.3173828125], [-121.06873, 41.1673, -11282.4365234375], [-121.06966, 41.17149, -10375.78515625]]], [[[-121.0197, 40.92265, -17884.767578125], [-121.02051, 40.9286, -18402.39453125], [-121.0208, 40.93121, -17388.06640625], [-121.0197, 40.92265, -17884.767578125]]], [[[-121.06966, 41.17149, -10375.78515625], [-121.06873, 41.1673, -11282.4365234375], [-121.07107, 41.17621, -11263.177734375], [-121.06966, 41.17149, -10375.78515625]]], [[[-121.03596, 41.02166, -12423.59375], [-121.03497, 41.01286, -12427.4892578125], [-121.03547, 41.01727, -13290.24609375], [-121.03596, 41.02166, -12423.59375]]], [[[-121.07107, 41.17621, -11263.177734375], [-121.07232, 41.17997, -10355.2783203125], [-121.06966, 41.17149, -10375.78515625], [-121.07107, 41.17621, -11263.177734375]]], [[[-121.02291, 40.9416, -17546.8359375], [-121.02192, 40.93716, -18371.853515625], [-121.02348, 40.94634, -18426.158203125], [-121.02291, 40.9416, -17546.8359375]]], [[[-121.07232, 41.17997, -10355.2783203125], [-121.07107, 41.17621, -11263.177734375], [-121.07362, 41.18447, -11221.6298828125], [-121.07232, 41.17997, -10355.2783203125]]], [[[-121.03497, 41.01286, -12427.4892578125], [-121.0331, 41.00445, -12415.3486328125], [-121.03402, 41.00859, -13296.74609375], [-121.03497, 41.01286, -12427.4892578125]]], [[[-121.07465, 41.18861, -10346.8837890625], [-121.07232, 41.17997, -10355.2783203125], [-121.07362, 41.18447, -11221.6298828125], [-121.07465, 41.18861, -10346.8837890625]]], [[[-121.03307, 41.00434, -14165.1201171875], [-121.03209, 40.99584, -14163.427734375], [-121.03257, 41.00009, -15034.697265625], [-121.03307, 41.00434, -14165.1201171875]]], [[[-121.07465, 41.18861, -10346.8837890625], [-121.07362, 41.18447, -11221.6298828125], [-121.07568, 41.19304, -11203.8974609375], [-121.07465, 41.18861, -10346.8837890625]]], [[[-121.03257, 41.0001, -13286.8935546875], [-121.03307, 41.00434, -14165.1201171875], [-121.03402, 41.00859, -13296.74609375], [-121.03257, 41.0001, -13286.8935546875]]], [[[-121.07657, 41.19706, -10314.84765625], [-121.07465, 41.18861, -10346.8837890625], [-121.07568, 41.19304, -11203.8974609375], [-121.07657, 41.19706, -10314.84765625]]], [[[-121.02908, 40.97775, -14071.1962890625], [-121.02825, 40.97363, -14985.1220703125], [-121.02962, 40.98262, -15003.12890625], [-121.02908, 40.97775, -14071.1962890625]]], [[[-121.07657, 41.19706, -10314.84765625], [-121.07568, 41.19304, -11203.8974609375], [-121.07783, 41.20149, -11175.806640625], [-121.07657, 41.19706, -10314.84765625]]], [[[-121.02225, 40.93864, -15832.2470703125], [-121.02204, 40.93768, -16719.044921875], [-121.02346, 40.94613, -16653.06640625], [-121.02225, 40.93864, -15832.2470703125]]], [[[-121.07914, 41.20542, -10292.2626953125], [-121.07657, 41.19706, -10314.84765625], [-121.07783, 41.20149, -11175.806640625], [-121.07914, 41.20542, -10292.2626953125]]], [[[-121.03845, 41.03508, -13275.1298828125], [-121.03794, 41.03073, -14140.7158203125], [-121.03896, 41.03963, -14128.091796875], [-121.03845, 41.03508, -13275.1298828125]]], [[[-121.08028, 41.20925, -9331.748046875], [-121.07761, 41.20084, -9349.0341796875], [-121.07914, 41.20542, -10292.2626953125], [-121.08028, 41.20925, -9331.748046875]]], [[[-121.02723, 40.96902, -15850.8193359375], [-121.02577, 40.95898, -15804.3662109375], [-121.02655, 40.96438, -16710.869140625], [-121.02723, 40.96902, -15850.8193359375]]], [[[-121.08028, 41.20925, -9331.748046875], [-121.07914, 41.20542, -10292.2626953125], [-121.08131, 41.21388, -10247.8154296875], [-121.08028, 41.20925, -9331.748046875]]], [[[-121.036, 41.02199, -15879.1240234375], [-121.03498, 41.0129, -15903.048828125], [-121.0355, 41.01752, -16750.05859375], [-121.036, 41.02199, -15879.1240234375]]], [[[-121.08235, 41.21805, -9312.8203125], [-121.08028, 41.20925, -9331.748046875], [-121.08131, 41.21388, -10247.8154296875], [-121.08235, 41.21805, -9312.8203125]]], [[[-121.04089, 41.04851, -12384.80859375], [-121.03894, 41.03948, -12400.125], [-121.03991, 41.04411, -13256.8876953125], [-121.04089, 41.04851, -12384.80859375]]], [[[-121.08235, 41.21805, -9312.8203125], [-121.08131, 41.21388, -10247.8154296875], [-121.08394, 41.22283, -10199.689453125], [-121.08235, 41.21805, -9312.8203125]]], [[[-121.02985, 40.98464, -10868.3427734375], [-121.02895, 40.97679, -10392.8193359375], [-121.02884, 40.97628, -11364.0234375], [-121.02985, 40.98464, -10868.3427734375]]], [[[-121.08131, 41.21388, -10247.8154296875], [-121.08254, 41.21862, -11085.49609375], [-121.08394, 41.22283, -10199.689453125], [-121.08131, 41.21388, -10247.8154296875]]], [[[-121.02911, 40.97799, -15867.5205078125], [-121.02821, 40.97344, -16722.703125], [-121.02959, 40.98234, -16738.232421875], [-121.02911, 40.97799, -15867.5205078125]]], [[[-121.07914, 41.20542, -10292.2626953125], [-121.08043, 41.20996, -11139.548828125], [-121.08131, 41.21388, -10247.8154296875], [-121.07914, 41.20542, -10292.2626953125]]], [[[-121.02965, 40.98286, -11701.9853515625], [-121.02901, 40.97712, -12412.90234375], [-121.03024, 40.98709, -12428.4609375], [-121.02965, 40.98286, -11701.9853515625]]], [[[-121.07914, 41.20542, -10292.2626953125], [-121.07783, 41.20149, -11175.806640625], [-121.08043, 41.20996, -11139.548828125], [-121.07914, 41.20542, -10292.2626953125]]], [[[-121.04646, 41.08018, -14955.9130859375], [-121.04697, 41.08473, -15827.1513671875], [-121.04802, 41.08907, -14959.236328125], [-121.04646, 41.08018, -14955.9130859375]]], [[[-121.07932, 41.20597, -12024.3017578125], [-121.08043, 41.20996, -11139.548828125], [-121.07783, 41.20149, -11175.806640625], [-121.07932, 41.20597, -12024.3017578125]]], [[[-121.02204, 40.93768, -16719.044921875], [-121.0208, 40.93121, -17388.06640625], [-121.02291, 40.9416, -17546.8359375], [-121.02204, 40.93768, -16719.044921875]]], [[[-121.08254, 41.21862, -11085.49609375], [-121.08043, 41.20996, -11139.548828125], [-121.08146, 41.21459, -11985.47265625], [-121.08254, 41.21862, -11085.49609375]]], [[[-121.03892, 41.03928, -10667.337890625], [-121.03844, 41.03492, -11544.703125], [-121.03986, 41.04388, -11526.5390625], [-121.03892, 41.03928, -10667.337890625]]], [[[-121.08537, 41.22767, -11044.5771484375], [-121.08254, 41.21862, -11085.49609375], [-121.08414, 41.22343, -11931.189453125], [-121.08537, 41.22767, -11044.5771484375]]], [[[-121.03942, 41.04191, -6353.6005859375], [-121.04047, 41.04662, -5502.99609375], [-121.03874, 41.03763, -5472.92138671875], [-121.03942, 41.04191, -6353.6005859375]]], [[[-121.08394, 41.22283, -10199.689453125], [-121.08254, 41.21862, -11085.49609375], [-121.08537, 41.22767, -11044.5771484375], [-121.08394, 41.22283, -10199.689453125]]], [[[-121.03501, 41.0131, -10675.044921875], [-121.03406, 41.00875, -11544.0966796875], [-121.03547, 41.01723, -11559.5234375], [-121.03501, 41.0131, -10675.044921875]]], [[[-121.08146, 41.21459, -11985.47265625], [-121.08057, 41.21054, -12870.4853515625], [-121.08278, 41.21933, -12822.4345703125], [-121.08146, 41.21459, -11985.47265625]]], [[[-121.02399, 40.95094, -17561.34375], [-121.02346, 40.94613, -16653.06640625], [-121.02291, 40.9416, -17546.8359375], [-121.02399, 40.95094, -17561.34375]]], [[[-121.07932, 41.20597, -12024.3017578125], [-121.08057, 41.21054, -12870.4853515625], [-121.08146, 41.21459, -11985.47265625], [-121.07932, 41.20597, -12024.3017578125]]], [[[-121.02955, 40.98197, -13249.5087890625], [-121.02763, 40.97084, -13097.4697265625], [-121.02908, 40.97775, -14071.1962890625], [-121.02955, 40.98197, -13249.5087890625]]], [[[-121.07932, 41.20597, -12024.3017578125], [-121.07801, 41.20204, -12908.81640625], [-121.08057, 41.21054, -12870.4853515625], [-121.07932, 41.20597, -12024.3017578125]]], [[[-121.03844, 41.03492, -11544.703125], [-121.0379, 41.03056, -12411.7177734375], [-121.03894, 41.03948, -12400.125], [-121.03844, 41.03492, -11544.703125]]], [[[-121.07667, 41.19752, -12058.2890625], [-121.07801, 41.20204, -12908.81640625], [-121.07932, 41.20597, -12024.3017578125], [-121.07667, 41.19752, -12058.2890625]]], [[[-121.0398, 41.04359, -9786.375], [-121.04083, 41.04824, -10652.111328125], [-121.0418, 41.05259, -9784.94921875], [-121.0398, 41.04359, -9786.375]]], [[[-121.11728, 41.30812, -1320.14404296875], [-121.11911, 41.31228, -2186.7041015625], [-121.12069, 41.31651, -1321.2144775390625], [-121.11728, 41.30812, -1320.14404296875]]], [[[-121.07667, 41.19752, -12058.2890625], [-121.07576, 41.19343, -12938.984375], [-121.07801, 41.20204, -12908.81640625], [-121.07667, 41.19752, -12058.2890625]]], [[[-121.03547, 41.01723, -11559.5234375], [-121.03497, 41.01286, -12427.4892578125], [-121.03596, 41.02166, -12423.59375], [-121.03547, 41.01723, -11559.5234375]]], [[[-121.07667, 41.19752, -12058.2890625], [-121.07473, 41.18893, -12081.0771484375], [-121.07576, 41.19343, -12938.984375], [-121.07667, 41.19752, -12058.2890625]]], [[[-121.03939, 41.04178, -8077.16064453125], [-121.04043, 41.04643, -7217.109375], [-121.0387, 41.03727, -7205.27587890625], [-121.03939, 41.04178, -8077.16064453125]]], [[[-121.07667, 41.19752, -12058.2890625], [-121.07568, 41.19304, -11203.8974609375], [-121.07473, 41.18893, -12081.0771484375], [-121.07667, 41.19752, -12058.2890625]]], [[[-121.02399, 40.95094, -17561.34375], [-121.02348, 40.94634, -18426.158203125], [-121.02496, 40.95532, -18437.12890625], [-121.02399, 40.95094, -17561.34375]]], [[[-121.07362, 41.18447, -11221.6298828125], [-121.07473, 41.18893, -12081.0771484375], [-121.07568, 41.19304, -11203.8974609375], [-121.07362, 41.18447, -11221.6298828125]]], [[[-121.04094, 41.04874, -14117.6455078125], [-121.03991, 41.04411, -13256.8876953125], [-121.03896, 41.03963, -14128.091796875], [-121.04094, 41.04874, -14117.6455078125]]], [[[-121.07107, 41.17621, -11263.177734375], [-121.07257, 41.18071, -12121.6923828125], [-121.07362, 41.18447, -11221.6298828125], [-121.07107, 41.17621, -11263.177734375]]], [[[-121.12821, 41.33397, -13855.5166015625], [-121.12562, 41.32815, -14839.0380859375], [-121.12932, 41.33648, -14821.06640625], [-121.12821, 41.33397, -13855.5166015625]]], [[[-121.0365, 41.02427, -6296.3046875], [-121.03823, 41.03305, -6325.59423828125], [-121.03753, 41.02891, -5446.83642578125], [-121.0365, 41.02427, -6296.3046875]]], [[[-121.07107, 41.17621, -11263.177734375], [-121.06977, 41.17195, -12138.447265625], [-121.07257, 41.18071, -12121.6923828125], [-121.07107, 41.17621, -11263.177734375]]], [[[-121.11338, 41.29975, -1327.2042236328125], [-121.11728, 41.30812, -1320.14404296875], [-121.11541, 41.30393, -454.86474609375], [-121.11338, 41.29975, -1327.2042236328125]]], [[[-121.02459, 40.95364, -11869.7607421875], [-121.02459, 40.95364, -10885.1328125], [-121.02343, 40.9459, -11377.4462890625], [-121.02459, 40.95364, -11869.7607421875]]], [[[-121.06873, 41.1673, -11282.4365234375], [-121.06766, 41.16298, -12158.1474609375], [-121.06977, 41.17195, -12138.447265625], [-121.06873, 41.1673, -11282.4365234375]]], [[[-121.02955, 40.98197, -13249.5087890625], [-121.02908, 40.97775, -14071.1962890625], [-121.03027, 40.98722, -14154.8115234375], [-121.02955, 40.98197, -13249.5087890625]]], [[[-121.06613, 41.1584, -11298.6865234375], [-121.06766, 41.16298, -12158.1474609375], [-121.06873, 41.1673, -11282.4365234375], [-121.06613, 41.1584, -11298.6865234375]]], [[[-121.03061, 40.98873, -4421.0537109375], [-121.02984, 40.98453, -3535.38818359375], [-121.02933, 40.98001, -4431.09423828125], [-121.03061, 40.98873, -4421.0537109375]]], [[[-121.06613, 41.1584, -11298.6865234375], [-121.06482, 41.15417, -12182.1904296875], [-121.06766, 41.16298, -12158.1474609375], [-121.06613, 41.1584, -11298.6865234375]]], [[[-121.03024, 40.98709, -12428.4609375], [-121.02955, 40.98197, -13249.5087890625], [-121.03124, 40.99159, -13293.12890625], [-121.03024, 40.98709, -12428.4609375]]], [[[-121.06379, 41.14956, -11339.060546875], [-121.06277, 41.1454, -12210.5869140625], [-121.06482, 41.15417, -12182.1904296875], [-121.06379, 41.14956, -11339.060546875]]], [[[-121.03257, 41.0001, -13286.8935546875], [-121.03209, 40.99584, -14163.427734375], [-121.03307, 41.00434, -14165.1201171875], [-121.03257, 41.0001, -13286.8935546875]]], [[[-121.06105, 41.14081, -11355.30078125], [-121.06277, 41.1454, -12210.5869140625], [-121.06379, 41.14956, -11339.060546875], [-121.06105, 41.14081, -11355.30078125]]], [[[-121.02825, 40.97363, -14985.1220703125], [-121.02723, 40.96902, -15850.8193359375], [-121.02911, 40.97799, -15867.5205078125], [-121.02825, 40.97363, -14985.1220703125]]], [[[-121.06105, 41.14081, -11355.30078125], [-121.05966, 41.13649, -12231.697265625], [-121.06277, 41.1454, -12210.5869140625], [-121.06105, 41.14081, -11355.30078125]]], [[[-121.02343, 40.9459, -12362.07421875], [-121.02215, 40.93816, -12854.3876953125], [-121.02343, 40.9459, -13346.7021484375], [-121.02343, 40.9459, -12362.07421875]]], [[[-121.05862, 41.13178, -11380.12109375], [-121.05751, 41.12754, -12259.9208984375], [-121.05966, 41.13649, -12231.697265625], [-121.05862, 41.13178, -11380.12109375]]], [[[-121.02215, 40.93816, -12854.3876953125], [-121.02343, 40.9459, -12362.07421875], [-121.02215, 40.93816, -11869.7607421875], [-121.02215, 40.93816, -12854.3876953125]]], [[[-121.05596, 41.12287, -11409.0947265625], [-121.0547, 41.11863, -12289.583984375], [-121.05751, 41.12754, -12259.9208984375], [-121.05596, 41.12287, -11409.0947265625]]], [[[-121.06482, 41.15417, -12182.1904296875], [-121.06387, 41.14992, -13067.3837890625], [-121.06626, 41.15879, -13039.89453125], [-121.06482, 41.15417, -12182.1904296875]]], [[[-121.03287, 41.00286, -3604.15625], [-121.03238, 40.99843, -2731.265625], [-121.03167, 40.99353, -3576.065673828125], [-121.03287, 41.00286, -3604.15625]]], [[[-121.06766, 41.16298, -12158.1474609375], [-121.06482, 41.15417, -12182.1904296875], [-121.06626, 41.15879, -13039.89453125], [-121.06766, 41.16298, -12158.1474609375]]], [[[-121.11338, 41.29975, -1327.2042236328125], [-121.11541, 41.30393, -454.86474609375], [-121.1112, 41.2954, -467.6308288574219], [-121.11338, 41.29975, -1327.2042236328125]]], [[[-121.02215, 40.93816, -12854.3876953125], [-121.02072, 40.93045, -12362.07421875], [-121.02072, 40.93045, -13346.7021484375], [-121.02215, 40.93816, -12854.3876953125]]], [[[-121.06766, 41.16298, -12158.1474609375], [-121.06626, 41.15879, -13039.89453125], [-121.0688, 41.16761, -13014.162109375], [-121.06766, 41.16298, -12158.1474609375]]], [[[-121.12832, 41.33423, -1380.1309814453125], [-121.13151, 41.34102, -2297.396484375], [-121.13224, 41.34248, -1324.3912353515625], [-121.12832, 41.33423, -1380.1309814453125]]], [[[-121.03024, 40.98709, -12428.4609375], [-121.02901, 40.97712, -12412.90234375], [-121.02955, 40.98197, -13249.5087890625], [-121.03024, 40.98709, -12428.4609375]]], [[[-121.07473, 41.18893, -12081.0771484375], [-121.07378, 41.18514, -12980.8134765625], [-121.07576, 41.19343, -12938.984375], [-121.07473, 41.18893, -12081.0771484375]]], [[[-121.03896, 41.03963, -14128.091796875], [-121.03847, 41.03521, -15002.6923828125], [-121.03995, 41.04428, -14985.287109375], [-121.03896, 41.03963, -14128.091796875]]], [[[-121.07378, 41.18514, -12980.8134765625], [-121.07269, 41.18106, -13857.0361328125], [-121.07489, 41.18956, -13836.236328125], [-121.07378, 41.18514, -12980.8134765625]]], [[[-121.03456, 41.011, -5379.47314453125], [-121.03364, 41.00689, -4489.86083984375], [-121.03279, 41.00212, -5331.41064453125], [-121.03456, 41.011, -5379.47314453125]]], [[[-121.07118, 41.17653, -12994.455078125], [-121.06984, 41.17226, -13875.580078125], [-121.07269, 41.18106, -13857.0361328125], [-121.07118, 41.17653, -12994.455078125]]], [[[-121.03061, 40.98873, -4421.0537109375], [-121.03233, 40.99798, -4446.6640625], [-121.03167, 40.99353, -3576.065673828125], [-121.03061, 40.98873, -4421.0537109375]]], [[[-121.0688, 41.16761, -13014.162109375], [-121.06777, 41.16332, -13898.1767578125], [-121.06984, 41.17226, -13875.580078125], [-121.0688, 41.16761, -13014.162109375]]], [[[-121.03279, 41.00212, -5331.41064453125], [-121.03364, 41.00689, -4489.86083984375], [-121.03233, 40.99798, -4446.6640625], [-121.03279, 41.00212, -5331.41064453125]]], [[[-121.06626, 41.15879, -13039.89453125], [-121.06777, 41.16332, -13898.1767578125], [-121.0688, 41.16761, -13014.162109375], [-121.06626, 41.15879, -13039.89453125]]], [[[-121.02724, 40.9691, -10885.1328125], [-121.02617, 40.96134, -10392.8193359375], [-121.02617, 40.96134, -11377.4462890625], [-121.02724, 40.9691, -10885.1328125]]], [[[-121.06626, 41.15879, -13039.89453125], [-121.0649, 41.15456, -13918.5048828125], [-121.06777, 41.16332, -13898.1767578125], [-121.06626, 41.15879, -13039.89453125]]], [[[-121.03827, 41.03344, -4592.74072265625], [-121.03662, 41.02477, -4569.380859375], [-121.03753, 41.02891, -5446.83642578125], [-121.03827, 41.03344, -4592.74072265625]]], [[[-121.14279, 41.36478, 40.36176300048828], [-121.146, 41.372, 506.57794189453125], [-121.14412, 41.36777, 919.2586059570312], [-121.14279, 41.36478, 40.36176300048828]]], [[[-121.06387, 41.14992, -13067.3837890625], [-121.0649, 41.15456, -13918.5048828125], [-121.06626, 41.15879, -13039.89453125], [-121.06387, 41.14992, -13067.3837890625]]], [[[-121.03456, 41.011, -5379.47314453125], [-121.03532, 41.01588, -4539.091796875], [-121.03364, 41.00689, -4489.86083984375], [-121.03456, 41.011, -5379.47314453125]]], [[[-121.06387, 41.14992, -13067.3837890625], [-121.06289, 41.1457, -13945.4150390625], [-121.0649, 41.15456, -13918.5048828125], [-121.06387, 41.14992, -13067.3837890625]]], [[[-121.03471, 41.01169, -3654.945068359375], [-121.03538, 41.01642, -2814.171875], [-121.03384, 41.00776, -2765.810546875], [-121.03471, 41.01169, -3654.945068359375]]], [[[-121.06119, 41.14118, -13081.2060546875], [-121.06289, 41.1457, -13945.4150390625], [-121.06387, 41.14992, -13067.3837890625], [-121.06119, 41.14118, -13081.2060546875]]], [[[-121.13914, 41.35729, -10257.6044921875], [-121.14271, 41.36461, -10746.8857421875], [-121.14271, 41.36461, -9768.32421875], [-121.13914, 41.35729, -10257.6044921875]]], [[[-121.03233, 40.99798, -4446.6640625], [-121.03364, 41.00689, -4489.86083984375], [-121.03287, 41.00286, -3604.15625], [-121.03233, 40.99798, -4446.6640625]]], [[[-121.06119, 41.14118, -13081.2060546875], [-121.05976, 41.13693, -13964.9130859375], [-121.06289, 41.1457, -13945.4150390625], [-121.06119, 41.14118, -13081.2060546875]]], [[[-121.02459, 40.95364, -11869.7607421875], [-121.02617, 40.96134, -11377.4462890625], [-121.02459, 40.95364, -10885.1328125], [-121.02459, 40.95364, -11869.7607421875]]], [[[-121.05871, 41.1322, -13113.3779296875], [-121.05976, 41.13693, -13964.9130859375], [-121.06119, 41.14118, -13081.2060546875], [-121.05871, 41.1322, -13113.3779296875]]], [[[-121.13151, 41.34102, -2297.396484375], [-121.1357, 41.34983, -1942.312255859375], [-121.13224, 41.34248, -1324.3912353515625], [-121.13151, 41.34102, -2297.396484375]]], [[[-121.03364, 41.00689, -4489.86083984375], [-121.03532, 41.01588, -4539.091796875], [-121.03471, 41.01169, -3654.945068359375], [-121.03364, 41.00689, -4489.86083984375]]], [[[-121.05871, 41.1322, -13113.3779296875], [-121.05764, 41.12791, -13993.22265625], [-121.05976, 41.13693, -13964.9130859375], [-121.05871, 41.1322, -13113.3779296875]]], [[[-121.02901, 40.97712, -12412.90234375], [-121.02763, 40.97084, -13097.4697265625], [-121.02955, 40.98197, -13249.5087890625], [-121.02901, 40.97712, -12412.90234375]]], [[[-121.0561, 41.12329, -13138.0048828125], [-121.05764, 41.12791, -13993.22265625], [-121.05871, 41.1322, -13113.3779296875], [-121.0561, 41.12329, -13138.0048828125]]], [[[-121.03349, 41.0062, -6219.86376953125], [-121.03525, 41.01527, -6262.56494140625], [-121.03456, 41.011, -5379.47314453125], [-121.03349, 41.0062, -6219.86376953125]]], [[[-121.0561, 41.12329, -13138.0048828125], [-121.0548, 41.11912, -14024.0634765625], [-121.05764, 41.12791, -13993.22265625], [-121.0561, 41.12329, -13138.0048828125]]], [[[-121.0365, 41.02427, -6296.3046875], [-121.03753, 41.02891, -5446.83642578125], [-121.03579, 41.02011, -5414.6396484375], [-121.0365, 41.02427, -6296.3046875]]], [[[-121.0561, 41.12329, -13138.0048828125], [-121.05377, 41.11447, -13173.810546875], [-121.0548, 41.11912, -14024.0634765625], [-121.0561, 41.12329, -13138.0048828125]]], [[[-121.02346, 40.94613, -16653.06640625], [-121.02399, 40.95094, -17561.34375], [-121.02486, 40.95489, -16635.970703125], [-121.02346, 40.94613, -16653.06640625]]], [[[-121.0547, 41.11863, -12289.583984375], [-121.05377, 41.11447, -13173.810546875], [-121.0561, 41.12329, -13138.0048828125], [-121.0547, 41.11863, -12289.583984375]]], [[[-121.12069, 41.31651, -1321.2144775390625], [-121.12234, 41.32077, -457.0155029296875], [-121.11911, 41.3123, -453.3745422363281], [-121.12069, 41.31651, -1321.2144775390625]]], [[[-121.03579, 41.02011, -5414.6396484375], [-121.03532, 41.01588, -4539.091796875], [-121.03456, 41.011, -5379.47314453125], [-121.03579, 41.02011, -5414.6396484375]]], [[[-121.05279, 41.11008, -12313.9384765625], [-121.05377, 41.11447, -13173.810546875], [-121.0547, 41.11863, -12289.583984375], [-121.05279, 41.11008, -12313.9384765625]]], [[[-121.03572, 41.01952, -7149.56103515625], [-121.0365, 41.02427, -6296.3046875], [-121.03525, 41.01527, -6262.56494140625], [-121.03572, 41.01952, -7149.56103515625]]], [[[-121.05279, 41.11008, -12313.9384765625], [-121.05186, 41.10588, -13185.9794921875], [-121.05377, 41.11447, -13173.810546875], [-121.05279, 41.11008, -12313.9384765625]]], [[[-121.03209, 40.99584, -14163.427734375], [-121.03027, 40.98722, -14154.8115234375], [-121.03121, 40.99146, -15024.10546875], [-121.03209, 40.99584, -14163.427734375]]], [[[-121.05279, 41.11008, -12313.9384765625], [-121.05087, 41.10142, -12323.8466796875], [-121.05186, 41.10588, -13185.9794921875], [-121.05279, 41.11008, -12313.9384765625]]], [[[-121.03688, 41.02595, -9824.765625], [-121.03595, 41.02157, -10688.955078125], [-121.03787, 41.03041, -10683.06640625], [-121.03688, 41.02595, -9824.765625]]], [[[-121.05087, 41.10142, -12323.8466796875], [-121.04997, 41.09738, -13211.6689453125], [-121.05186, 41.10588, -13185.9794921875], [-121.05087, 41.10142, -12323.8466796875]]], [[[-121.03027, 40.98722, -14154.8115234375], [-121.02962, 40.98262, -15003.12890625], [-121.03121, 40.99146, -15024.10546875], [-121.03027, 40.98722, -14154.8115234375]]], [[[-121.04997, 41.09738, -13211.6689453125], [-121.05095, 41.10179, -14070.939453125], [-121.05186, 41.10588, -13185.9794921875], [-121.04997, 41.09738, -13211.6689453125]]], [[[-121.03238, 40.99843, -2731.265625], [-121.03293, 41.00336, -1885.987060546875], [-121.0318, 40.99411, -1845.804931640625], [-121.03238, 40.99843, -2731.265625]]], [[[-121.05095, 41.10179, -14070.939453125], [-121.04997, 41.09738, -13211.6689453125], [-121.04904, 41.09318, -14084.2861328125], [-121.05095, 41.10179, -14070.939453125]]], [[[-121.03167, 40.99353, -3576.065673828125], [-121.03238, 40.99843, -2731.265625], [-121.03073, 40.98928, -2690.20166015625], [-121.03167, 40.99353, -3576.065673828125]]], [[[-121.05095, 41.10179, -14070.939453125], [-121.04904, 41.09318, -14084.2861328125], [-121.05002, 41.0976, -14941.078125], [-121.05095, 41.10179, -14070.939453125]]], [[[-121.02879, 40.97607, -3581.548583984375], [-121.02937, 40.98035, -2650.459716796875], [-121.02793, 40.97217, -2650.542724609375], [-121.02879, 40.97607, -3581.548583984375]]], [[[-121.05095, 41.10179, -14070.939453125], [-121.05002, 41.0976, -14941.078125], [-121.05192, 41.10612, -14932.787109375], [-121.05095, 41.10179, -14070.939453125]]], [[[-121.03279, 41.00212, -5331.41064453125], [-121.03233, 40.99798, -4446.6640625], [-121.03159, 40.99315, -5299.62109375], [-121.03279, 41.00212, -5331.41064453125]]], [[[-121.05283, 41.11025, -14053.072265625], [-121.05095, 41.10179, -14070.939453125], [-121.05192, 41.10612, -14932.787109375], [-121.05283, 41.11025, -14053.072265625]]], [[[-121.03471, 41.01169, -3654.945068359375], [-121.03384, 41.00776, -2765.810546875], [-121.03287, 41.00286, -3604.15625], [-121.03471, 41.01169, -3654.945068359375]]], [[[-121.11728, 41.30812, -1320.14404296875], [-121.11911, 41.3123, -453.3745422363281], [-121.11541, 41.30393, -454.86474609375], [-121.11728, 41.30812, -1320.14404296875]]], [[[-121.05283, 41.11025, -14053.072265625], [-121.05186, 41.10588, -13185.9794921875], [-121.05095, 41.10179, -14070.939453125], [-121.05283, 41.11025, -14053.072265625]]], [[[-121.03384, 41.00776, -2765.810546875], [-121.03491, 41.01258, -1914.22412109375], [-121.03293, 41.00336, -1885.987060546875], [-121.03384, 41.00776, -2765.810546875]]], [[[-121.05377, 41.11447, -13173.810546875], [-121.05186, 41.10588, -13185.9794921875], [-121.05283, 41.11025, -14053.072265625], [-121.05377, 41.11447, -13173.810546875]]], [[[-121.03159, 40.99315, -5299.62109375], [-121.03233, 40.99798, -4446.6640625], [-121.03061, 40.98873, -4421.0537109375], [-121.03159, 40.99315, -5299.62109375]]], [[[-121.05377, 41.11447, -13173.810546875], [-121.05283, 41.11025, -14053.072265625], [-121.0548, 41.11912, -14024.0634765625], [-121.05377, 41.11447, -13173.810546875]]], [[[-121.0298, 40.98421, -5350.04345703125], [-121.03061, 40.98873, -4421.0537109375], [-121.02933, 40.98001, -4431.09423828125], [-121.0298, 40.98421, -5350.04345703125]]], [[[-121.05283, 41.11025, -14053.072265625], [-121.05385, 41.11483, -14904.6982421875], [-121.0548, 41.11912, -14024.0634765625], [-121.05283, 41.11025, -14053.072265625]]], [[[-121.05283, 41.11025, -14053.072265625], [-121.05192, 41.10612, -14932.787109375], [-121.05385, 41.11483, -14904.6982421875], [-121.05283, 41.11025, -14053.072265625]]], [[[-121.03585, 41.02065, -3691.278076171875], [-121.03671, 41.02521, -2836.79248046875], [-121.03538, 41.01642, -2814.171875], [-121.03585, 41.02065, -3691.278076171875]]], [[[-121.05291, 41.1106, -15788.2158203125], [-121.05385, 41.11483, -14904.6982421875], [-121.05192, 41.10612, -14932.787109375], [-121.05291, 41.1106, -15788.2158203125]]], [[[-121.03823, 41.03305, -6325.59423828125], [-121.0387, 41.03727, -7205.27587890625], [-121.03942, 41.04191, -6353.6005859375], [-121.03823, 41.03305, -6325.59423828125]]], [[[-121.05385, 41.11483, -14904.6982421875], [-121.05291, 41.1106, -15788.2158203125], [-121.05491, 41.1196, -15752.1337890625], [-121.05385, 41.11483, -14904.6982421875]]], [[[-121.02399, 40.95094, -17561.34375], [-121.02291, 40.9416, -17546.8359375], [-121.02348, 40.94634, -18426.158203125], [-121.02399, 40.95094, -17561.34375]]], [[[-121.05627, 41.1238, -14874.7294921875], [-121.05385, 41.11483, -14904.6982421875], [-121.05491, 41.1196, -15752.1337890625], [-121.05627, 41.1238, -14874.7294921875]]], [[[-121.02577, 40.95898, -15804.3662109375], [-121.02486, 40.95489, -16635.970703125], [-121.02655, 40.96438, -16710.869140625], [-121.02577, 40.95898, -15804.3662109375]]], [[[-121.0548, 41.11912, -14024.0634765625], [-121.05385, 41.11483, -14904.6982421875], [-121.05627, 41.1238, -14874.7294921875], [-121.0548, 41.11912, -14024.0634765625]]], [[[-121.03968, 41.04305, -1168.7275390625], [-121.0418, 41.05262, -1232.8790283203125], [-121.04084, 41.04826, -354.6832275390625], [-121.03968, 41.04305, -1168.7275390625]]], [[[-121.05764, 41.12791, -13993.22265625], [-121.0548, 41.11912, -14024.0634765625], [-121.05627, 41.1238, -14874.7294921875], [-121.05764, 41.12791, -13993.22265625]]], [[[-121.03671, 41.02521, -2836.79248046875], [-121.03589, 41.02104, -1959.9283447265625], [-121.03538, 41.01642, -2814.171875], [-121.03671, 41.02521, -2836.79248046875]]], [[[-121.05764, 41.12791, -13993.22265625], [-121.05627, 41.1238, -14874.7294921875], [-121.0588, 41.13259, -14841.775390625], [-121.05764, 41.12791, -13993.22265625]]], [[[-121.0298, 40.98421, -5350.04345703125], [-121.03159, 40.99315, -5299.62109375], [-121.03061, 40.98873, -4421.0537109375], [-121.0298, 40.98421, -5350.04345703125]]], [[[-121.05976, 41.13693, -13964.9130859375], [-121.05764, 41.12791, -13993.22265625], [-121.0588, 41.13259, -14841.775390625], [-121.05976, 41.13693, -13964.9130859375]]], [[[-121.04057, 41.04706, -3774.8193359375], [-121.03959, 41.04265, -2896.806396484375], [-121.03877, 41.03797, -3737.8720703125], [-121.04057, 41.04706, -3774.8193359375]]], [[[-121.05976, 41.13693, -13964.9130859375], [-121.0588, 41.13259, -14841.775390625], [-121.06132, 41.14152, -14819.693359375], [-121.05976, 41.13693, -13964.9130859375]]], [[[-121.02984, 40.98453, -3535.38818359375], [-121.03061, 40.98873, -4421.0537109375], [-121.03167, 40.99353, -3576.065673828125], [-121.02984, 40.98453, -3535.38818359375]]], [[[-121.06289, 41.1457, -13945.4150390625], [-121.05976, 41.13693, -13964.9130859375], [-121.06132, 41.14152, -14819.693359375], [-121.06289, 41.1457, -13945.4150390625]]], [[[-121.03585, 41.02065, -3691.278076171875], [-121.03538, 41.01642, -2814.171875], [-121.03471, 41.01169, -3654.945068359375], [-121.03585, 41.02065, -3691.278076171875]]], [[[-121.06289, 41.1457, -13945.4150390625], [-121.06132, 41.14152, -14819.693359375], [-121.06395, 41.15027, -14800.2236328125], [-121.06289, 41.1457, -13945.4150390625]]], [[[-121.03226, 40.99737, -6182.8916015625], [-121.03279, 41.00212, -5331.41064453125], [-121.03159, 40.99315, -5299.62109375], [-121.03226, 40.99737, -6182.8916015625]]], [[[-121.0649, 41.15456, -13918.5048828125], [-121.06289, 41.1457, -13945.4150390625], [-121.06395, 41.15027, -14800.2236328125], [-121.0649, 41.15456, -13918.5048828125]]], [[[-121.14245, 41.36401, -15706.44921875], [-121.146, 41.372, -16128.9775390625], [-121.146, 41.372, -15150.4150390625], [-121.14245, 41.36401, -15706.44921875]]], [[[-121.04638, 41.07938, -6461.935546875], [-121.04785, 41.08838, -6487.99658203125], [-121.04689, 41.08404, -5610.68408203125], [-121.04638, 41.07938, -6461.935546875]]], [[[-121.0649, 41.15456, -13918.5048828125], [-121.06395, 41.15027, -14800.2236328125], [-121.06638, 41.15913, -14777.06640625], [-121.0649, 41.15456, -13918.5048828125]]], [[[-121.03662, 41.02477, -4569.380859375], [-121.03761, 41.02927, -3715.996337890625], [-121.03585, 41.02065, -3691.278076171875], [-121.03662, 41.02477, -4569.380859375]]], [[[-121.06777, 41.16332, -13898.1767578125], [-121.0649, 41.15456, -13918.5048828125], [-121.06638, 41.15913, -14777.06640625], [-121.06777, 41.16332, -13898.1767578125]]], [[[-121.0318, 40.99411, -1845.804931640625], [-121.03245, 40.99901, -1001.7252197265625], [-121.03086, 40.98989, -959.3211669921875], [-121.0318, 40.99411, -1845.804931640625]]], [[[-121.06777, 41.16332, -13898.1767578125], [-121.06638, 41.15913, -14777.06640625], [-121.06887, 41.16794, -14753.630859375], [-121.06777, 41.16332, -13898.1767578125]]], [[[-121.03579, 41.02011, -5414.6396484375], [-121.03662, 41.02477, -4569.380859375], [-121.03532, 41.01588, -4539.091796875], [-121.03579, 41.02011, -5414.6396484375]]], [[[-121.06984, 41.17226, -13875.580078125], [-121.06777, 41.16332, -13898.1767578125], [-121.06887, 41.16794, -14753.630859375], [-121.06984, 41.17226, -13875.580078125]]], [[[-121.04148, 41.05115, -6366.689453125], [-121.04254, 41.05593, -5519.55810546875], [-121.04047, 41.04662, -5502.99609375], [-121.04148, 41.05115, -6366.689453125]]], [[[-121.06984, 41.17226, -13875.580078125], [-121.06887, 41.16794, -14753.630859375], [-121.0713, 41.17689, -14729.07421875], [-121.06984, 41.17226, -13875.580078125]]], [[[-121.02879, 40.97607, -3581.548583984375], [-121.02933, 40.98001, -4431.09423828125], [-121.02984, 40.98453, -3535.38818359375], [-121.02879, 40.97607, -3581.548583984375]]], [[[-121.07269, 41.18106, -13857.0361328125], [-121.06984, 41.17226, -13875.580078125], [-121.0713, 41.17689, -14729.07421875], [-121.07269, 41.18106, -13857.0361328125]]], [[[-121.03192, 40.99463, -118.48773956298828], [-121.0325, 40.9995, 724.3955688476562], [-121.031, 40.99049, 768.9915161132812], [-121.03192, 40.99463, -118.48773956298828]]], [[[-121.07269, 41.18106, -13857.0361328125], [-121.0713, 41.17689, -14729.07421875], [-121.07387, 41.18547, -14716.9150390625], [-121.07269, 41.18106, -13857.0361328125]]], [[[-121.03364, 41.00689, -4489.86083984375], [-121.03471, 41.01169, -3654.945068359375], [-121.03287, 41.00286, -3604.15625], [-121.03364, 41.00689, -4489.86083984375]]], [[[-121.07489, 41.18956, -13836.236328125], [-121.07269, 41.18106, -13857.0361328125], [-121.07387, 41.18547, -14716.9150390625], [-121.07489, 41.18956, -13836.236328125]]], [[[-121.04482, 41.0707, -4709.0810546875], [-121.04587, 41.07543, -3853.690673828125], [-121.04389, 41.06603, -3857.309326171875], [-121.04482, 41.0707, -4709.0810546875]]], [[[-121.07489, 41.18956, -13836.236328125], [-121.07387, 41.18547, -14716.9150390625], [-121.07592, 41.19414, -14686.7880859375], [-121.07489, 41.18956, -13836.236328125]]], [[[-121.04383, 41.0655, -5528.39013671875], [-121.0433, 41.06071, -4671.65283203125], [-121.04254, 41.05593, -5519.55810546875], [-121.04383, 41.0655, -5528.39013671875]]], [[[-121.07679, 41.19804, -13790.935546875], [-121.07489, 41.18956, -13836.236328125], [-121.07592, 41.19414, -14686.7880859375], [-121.07679, 41.19804, -13790.935546875]]], [[[-121.03491, 41.01258, -1914.22412109375], [-121.03547, 41.01725, -1057.324951171875], [-121.03394, 41.00823, -1039.34619140625], [-121.03491, 41.01258, -1914.22412109375]]], [[[-121.07679, 41.19804, -13790.935546875], [-121.07576, 41.19343, -12938.984375], [-121.07489, 41.18956, -13836.236328125], [-121.07679, 41.19804, -13790.935546875]]], [[[-121.07576, 41.19343, -12938.984375], [-121.07679, 41.19804, -13790.935546875], [-121.07801, 41.20204, -12908.81640625], [-121.07576, 41.19343, -12938.984375]]], [[[-121.03823, 41.03305, -6325.59423828125], [-121.0365, 41.02427, -6296.3046875], [-121.03743, 41.02842, -7176.59326171875], [-121.03823, 41.03305, -6325.59423828125]]], [[[-121.07951, 41.20654, -13757.7373046875], [-121.07801, 41.20204, -12908.81640625], [-121.07679, 41.19804, -13790.935546875], [-121.07951, 41.20654, -13757.7373046875]]], [[[-121.04089, 41.04851, -12384.80859375], [-121.03991, 41.04411, -13256.8876953125], [-121.04191, 41.0531, -13244.6533203125], [-121.04089, 41.04851, -12384.80859375]]], [[[-121.07951, 41.20654, -13757.7373046875], [-121.08057, 41.21054, -12870.4853515625], [-121.07801, 41.20204, -12908.81640625], [-121.07951, 41.20654, -13757.7373046875]]], [[[-121.03827, 41.03344, -4592.74072265625], [-121.03877, 41.03797, -3737.8720703125], [-121.03761, 41.02927, -3715.996337890625], [-121.03827, 41.03344, -4592.74072265625]]], [[[-121.08057, 41.21054, -12870.4853515625], [-121.07951, 41.20654, -13757.7373046875], [-121.08161, 41.21526, -13713.544921875], [-121.08057, 41.21054, -12870.4853515625]]], [[[-121.03406, 41.00875, -11544.0966796875], [-121.03497, 41.01286, -12427.4892578125], [-121.03547, 41.01723, -11559.5234375], [-121.03406, 41.00875, -11544.0966796875]]], [[[-121.08278, 41.21933, -12822.4345703125], [-121.08057, 41.21054, -12870.4853515625], [-121.08161, 41.21526, -13713.544921875], [-121.08278, 41.21933, -12822.4345703125]]], [[[-121.0395, 41.04225, -4621.8046875], [-121.04057, 41.04706, -3774.8193359375], [-121.03877, 41.03797, -3737.8720703125], [-121.0395, 41.04225, -4621.8046875]]], [[[-121.08278, 41.21933, -12822.4345703125], [-121.08161, 41.21526, -13713.544921875], [-121.08438, 41.22415, -13661.064453125], [-121.08278, 41.21933, -12822.4345703125]]], [[[-121.03491, 41.01258, -1914.22412109375], [-121.03589, 41.02104, -1959.9283447265625], [-121.03547, 41.01725, -1057.324951171875], [-121.03491, 41.01258, -1914.22412109375]]], [[[-121.08552, 41.22834, -12769.7177734375], [-121.08278, 41.21933, -12822.4345703125], [-121.08438, 41.22415, -13661.064453125], [-121.08552, 41.22834, -12769.7177734375]]], [[[-121.04254, 41.05593, -5519.55810546875], [-121.04154, 41.05145, -4652.91796875], [-121.04047, 41.04662, -5502.99609375], [-121.04254, 41.05593, -5519.55810546875]]], [[[-121.08414, 41.22343, -11931.189453125], [-121.08278, 41.21933, -12822.4345703125], [-121.08552, 41.22834, -12769.7177734375], [-121.08414, 41.22343, -11931.189453125]]], [[[-121.03898, 41.03984, -15856.93359375], [-121.03849, 41.03541, -16730.185546875], [-121.03999, 41.04445, -16715.552734375], [-121.03898, 41.03984, -15856.93359375]]], [[[-121.08161, 41.21526, -13713.544921875], [-121.08302, 41.22007, -14553.9130859375], [-121.08438, 41.22415, -13661.064453125], [-121.08161, 41.21526, -13713.544921875]]], [[[-121.03827, 41.03344, -4592.74072265625], [-121.03874, 41.03763, -5472.92138671875], [-121.0395, 41.04225, -4621.8046875], [-121.03827, 41.03344, -4592.74072265625]]], [[[-121.08161, 41.21526, -13713.544921875], [-121.0807, 41.21116, -14603.1669921875], [-121.08302, 41.22007, -14553.9130859375], [-121.08161, 41.21526, -13713.544921875]]], [[[-121.03662, 41.02477, -4569.380859375], [-121.03585, 41.02065, -3691.278076171875], [-121.03532, 41.01588, -4539.091796875], [-121.03662, 41.02477, -4569.380859375]]], [[[-121.07951, 41.20654, -13757.7373046875], [-121.0807, 41.21116, -14603.1669921875], [-121.08161, 41.21526, -13713.544921875], [-121.07951, 41.20654, -13757.7373046875]]], [[[-121.02728, 40.96926, -5880.43408203125], [-121.02751, 40.97029, -4625.78759765625], [-121.02623, 40.96182, -5413.890625], [-121.02728, 40.96926, -5880.43408203125]]], [[[-121.07951, 41.20654, -13757.7373046875], [-121.07819, 41.20258, -14642.923828125], [-121.0807, 41.21116, -14603.1669921875], [-121.07951, 41.20654, -13757.7373046875]]], [[[-121.04465, 41.06991, -6404.564453125], [-121.0456, 41.07422, -7283.93115234375], [-121.04638, 41.07938, -6461.935546875], [-121.04465, 41.06991, -6404.564453125]]], [[[-121.07951, 41.20654, -13757.7373046875], [-121.07679, 41.19804, -13790.935546875], [-121.07819, 41.20258, -14642.923828125], [-121.07951, 41.20654, -13757.7373046875]]], [[[-121.03585, 41.02065, -3691.278076171875], [-121.03761, 41.02927, -3715.996337890625], [-121.03671, 41.02521, -2836.79248046875], [-121.03585, 41.02065, -3691.278076171875]]], [[[-121.07679, 41.19804, -13790.935546875], [-121.07592, 41.19414, -14686.7880859375], [-121.07819, 41.20258, -14642.923828125], [-121.07679, 41.19804, -13790.935546875]]], [[[-121.03959, 41.04265, -2896.806396484375], [-121.04064, 41.04739, -2047.97265625], [-121.03882, 41.03839, -2014.5355224609375], [-121.03959, 41.04265, -2896.806396484375]]], [[[-121.07592, 41.19414, -14686.7880859375], [-121.07694, 41.19872, -15537.208984375], [-121.07819, 41.20258, -14642.923828125], [-121.07592, 41.19414, -14686.7880859375]]], [[[-121.0299, 40.98508, -1804.0126953125], [-121.0318, 40.99411, -1845.804931640625], [-121.03086, 40.98989, -959.3211669921875], [-121.0299, 40.98508, -1804.0126953125]]], [[[-121.07694, 41.19872, -15537.208984375], [-121.07592, 41.19414, -14686.7880859375], [-121.07501, 41.19003, -15567.5830078125], [-121.07694, 41.19872, -15537.208984375]]], [[[-121.04638, 41.07938, -6461.935546875], [-121.04689, 41.08404, -5610.68408203125], [-121.0458, 41.07511, -5586.64794921875], [-121.04638, 41.07938, -6461.935546875]]], [[[-121.07694, 41.19872, -15537.208984375], [-121.07501, 41.19003, -15567.5830078125], [-121.07603, 41.19465, -16418.806640625], [-121.07694, 41.19872, -15537.208984375]]], [[[-121.03532, 41.01588, -4539.091796875], [-121.03585, 41.02065, -3691.278076171875], [-121.03471, 41.01169, -3654.945068359375], [-121.03532, 41.01588, -4539.091796875]]], [[[-121.07694, 41.19872, -15537.208984375], [-121.07603, 41.19465, -16418.806640625], [-121.07841, 41.20322, -16386.72265625], [-121.07694, 41.19872, -15537.208984375]]], [[[-121.02998, 40.98579, -76.20930480957031], [-121.03192, 40.99463, -118.48773956298828], [-121.031, 40.99049, 768.9915161132812], [-121.02998, 40.98579, -76.20930480957031]]], [[[-121.07694, 41.19872, -15537.208984375], [-121.07841, 41.20322, -16386.72265625], [-121.0797, 41.20709, -15496.8251953125], [-121.07694, 41.19872, -15537.208984375]]], [[[-121.04064, 41.04739, -2047.97265625], [-121.03968, 41.04305, -1168.7275390625], [-121.03882, 41.03839, -2014.5355224609375], [-121.04064, 41.04739, -2047.97265625]]], [[[-121.0797, 41.20709, -15496.8251953125], [-121.07819, 41.20258, -14642.923828125], [-121.07694, 41.19872, -15537.208984375], [-121.0797, 41.20709, -15496.8251953125]]], [[[-121.04689, 41.08404, -5610.68408203125], [-121.04643, 41.07985, -4732.7509765625], [-121.0458, 41.07511, -5586.64794921875], [-121.04689, 41.08404, -5610.68408203125]]], [[[-121.0797, 41.20709, -15496.8251953125], [-121.0807, 41.21116, -14603.1669921875], [-121.07819, 41.20258, -14642.923828125], [-121.0797, 41.20709, -15496.8251953125]]], [[[-121.03086, 40.98989, -959.3211669921875], [-121.03192, 40.99463, -118.48773956298828], [-121.02998, 40.98579, -76.20930480957031], [-121.03086, 40.98989, -959.3211669921875]]], [[[-121.0807, 41.21116, -14603.1669921875], [-121.0797, 41.20709, -15496.8251953125], [-121.08178, 41.21599, -15448.2734375], [-121.0807, 41.21116, -14603.1669921875]]], [[[-121.03394, 41.00823, -1039.34619140625], [-121.03497, 41.01288, -176.43434143066406], [-121.03299, 41.00392, -153.9246826171875], [-121.03394, 41.00823, -1039.34619140625]]], [[[-121.08302, 41.22007, -14553.9130859375], [-121.0807, 41.21116, -14603.1669921875], [-121.08178, 41.21599, -15448.2734375], [-121.08302, 41.22007, -14553.9130859375]]], [[[-121.03073, 40.98928, -2690.20166015625], [-121.0299, 40.98508, -1804.0126953125], [-121.02937, 40.98035, -2650.459716796875], [-121.03073, 40.98928, -2690.20166015625]]], [[[-121.08302, 41.22007, -14553.9130859375], [-121.08178, 41.21599, -15448.2734375], [-121.0846, 41.2248, -15403.7724609375], [-121.08302, 41.22007, -14553.9130859375]]], [[[-121.03874, 41.03763, -5472.92138671875], [-121.03827, 41.03344, -4592.74072265625], [-121.03753, 41.02891, -5446.83642578125], [-121.03874, 41.03763, -5472.92138671875]]], [[[-121.08565, 41.22891, -14512.8876953125], [-121.08302, 41.22007, -14553.9130859375], [-121.0846, 41.2248, -15403.7724609375], [-121.08565, 41.22891, -14512.8876953125]]], [[[-121.03299, 41.00392, -153.9246826171875], [-121.03245, 40.99901, -1001.7252197265625], [-121.03394, 41.00823, -1039.34619140625], [-121.03299, 41.00392, -153.9246826171875]]], [[[-121.08438, 41.22415, -13661.064453125], [-121.08302, 41.22007, -14553.9130859375], [-121.08565, 41.22891, -14512.8876953125], [-121.08438, 41.22415, -13661.064453125]]], [[[-121.04465, 41.06991, -6404.564453125], [-121.0458, 41.07511, -5586.64794921875], [-121.04383, 41.0655, -5528.39013671875], [-121.04465, 41.06991, -6404.564453125]]], [[[-121.08565, 41.22891, -14512.8876953125], [-121.0846, 41.2248, -15403.7724609375], [-121.08671, 41.2337, -15361.2353515625], [-121.08565, 41.22891, -14512.8876953125]]], [[[-121.03959, 41.04265, -2896.806396484375], [-121.04057, 41.04706, -3774.8193359375], [-121.04163, 41.05184, -2921.264404296875], [-121.03959, 41.04265, -2896.806396484375]]], [[[-121.08565, 41.22891, -14512.8876953125], [-121.08671, 41.2337, -15361.2353515625], [-121.08806, 41.23783, -14471.1328125], [-121.08565, 41.22891, -14512.8876953125]]], [[[-121.02998, 40.98579, -76.20930480957031], [-121.031, 40.99049, 768.9915161132812], [-121.02952, 40.98168, 809.2058715820312], [-121.02998, 40.98579, -76.20930480957031]]], [[[-121.08671, 41.2337, -15361.2353515625], [-121.0846, 41.2248, -15403.7724609375], [-121.08577, 41.22949, -16247.90234375], [-121.08671, 41.2337, -15361.2353515625]]], [[[-121.03245, 40.99901, -1001.7252197265625], [-121.03299, 41.00392, -153.9246826171875], [-121.03192, 40.99463, -118.48773956298828], [-121.03245, 40.99901, -1001.7252197265625]]], [[[-121.08671, 41.2337, -15361.2353515625], [-121.08577, 41.22949, -16247.90234375], [-121.0883, 41.23847, -16205.099609375], [-121.08671, 41.2337, -15361.2353515625]]], [[[-121.0288, 40.9761, -5322.49609375], [-121.02751, 40.97029, -4625.78759765625], [-121.02728, 40.96926, -5880.43408203125], [-121.0288, 40.9761, -5322.49609375]]], [[[-121.08577, 41.22949, -16247.90234375], [-121.08686, 41.23435, -17088.876953125], [-121.0883, 41.23847, -16205.099609375], [-121.08577, 41.22949, -16247.90234375]]], [[[-121.02959, 40.98234, -16738.232421875], [-121.02908, 40.97776, -17601.9765625], [-121.03017, 40.98675, -17612.189453125], [-121.02959, 40.98234, -16738.232421875]]], [[[-121.08577, 41.22949, -16247.90234375], [-121.08482, 41.22546, -17142.580078125], [-121.08686, 41.23435, -17088.876953125], [-121.08577, 41.22949, -16247.90234375]]], [[[-121.0395, 41.04225, -4621.8046875], [-121.04047, 41.04662, -5502.99609375], [-121.04154, 41.05145, -4652.91796875], [-121.0395, 41.04225, -4621.8046875]]], [[[-121.08577, 41.22949, -16247.90234375], [-121.08327, 41.22082, -16290.1083984375], [-121.08482, 41.22546, -17142.580078125], [-121.08577, 41.22949, -16247.90234375]]], [[[-121.04154, 41.05145, -4652.91796875], [-121.04254, 41.05593, -5519.55810546875], [-121.0433, 41.06071, -4671.65283203125], [-121.04154, 41.05145, -4652.91796875]]], [[[-121.0846, 41.2248, -15403.7724609375], [-121.08327, 41.22082, -16290.1083984375], [-121.08577, 41.22949, -16247.90234375], [-121.0846, 41.2248, -15403.7724609375]]], [[[-121.03823, 41.03305, -6325.59423828125], [-121.03874, 41.03763, -5472.92138671875], [-121.03753, 41.02891, -5446.83642578125], [-121.03823, 41.03305, -6325.59423828125]]], [[[-121.08178, 41.21599, -15448.2734375], [-121.08327, 41.22082, -16290.1083984375], [-121.0846, 41.2248, -15403.7724609375], [-121.08178, 41.21599, -15448.2734375]]], [[[-121.04252, 41.05583, -7222.4423828125], [-121.04148, 41.05115, -6366.689453125], [-121.04043, 41.04643, -7217.109375], [-121.04252, 41.05583, -7222.4423828125]]], [[[-121.08178, 41.21599, -15448.2734375], [-121.08084, 41.21179, -16336.6982421875], [-121.08327, 41.22082, -16290.1083984375], [-121.08178, 41.21599, -15448.2734375]]], [[[-121.03538, 41.01642, -2814.171875], [-121.03589, 41.02104, -1959.9283447265625], [-121.03491, 41.01258, -1914.22412109375], [-121.03538, 41.01642, -2814.171875]]], [[[-121.0797, 41.20709, -15496.8251953125], [-121.08084, 41.21179, -16336.6982421875], [-121.08178, 41.21599, -15448.2734375], [-121.0797, 41.20709, -15496.8251953125]]], [[[-121.02984, 40.98453, -3535.38818359375], [-121.03167, 40.99353, -3576.065673828125], [-121.03073, 40.98928, -2690.20166015625], [-121.02984, 40.98453, -3535.38818359375]]], [[[-121.0797, 41.20709, -15496.8251953125], [-121.07841, 41.20322, -16386.72265625], [-121.08084, 41.21179, -16336.6982421875], [-121.0797, 41.20709, -15496.8251953125]]], [[[-121.0426, 41.0562, -3799.46240234375], [-121.04163, 41.05184, -2921.264404296875], [-121.04057, 41.04706, -3774.8193359375], [-121.0426, 41.0562, -3799.46240234375]]], [[[-121.07993, 41.20779, -17233.7109375], [-121.08084, 41.21179, -16336.6982421875], [-121.07841, 41.20322, -16386.72265625], [-121.07993, 41.20779, -17233.7109375]]], [[[-121.03349, 41.0062, -6219.86376953125], [-121.03456, 41.011, -5379.47314453125], [-121.03279, 41.00212, -5331.41064453125], [-121.03349, 41.0062, -6219.86376953125]]], [[[-121.08084, 41.21179, -16336.6982421875], [-121.07993, 41.20779, -17233.7109375], [-121.08193, 41.21669, -17176.41796875], [-121.08084, 41.21179, -16336.6982421875]]], [[[-121.03491, 41.01258, -1914.22412109375], [-121.03394, 41.00823, -1039.34619140625], [-121.03293, 41.00336, -1885.987060546875], [-121.03491, 41.01258, -1914.22412109375]]], [[[-121.08327, 41.22082, -16290.1083984375], [-121.08084, 41.21179, -16336.6982421875], [-121.08193, 41.21669, -17176.41796875], [-121.08327, 41.22082, -16290.1083984375]]], [[[-121.0456, 41.07422, -7283.93115234375], [-121.04465, 41.06991, -6404.564453125], [-121.04378, 41.06507, -7255.32177734375], [-121.0456, 41.07422, -7283.93115234375]]], [[[-121.08327, 41.22082, -16290.1083984375], [-121.08193, 41.21669, -17176.41796875], [-121.08482, 41.22546, -17142.580078125], [-121.08327, 41.22082, -16290.1083984375]]], [[[-121.03525, 41.01527, -6262.56494140625], [-121.03579, 41.02011, -5414.6396484375], [-121.03456, 41.011, -5379.47314453125], [-121.03525, 41.01527, -6262.56494140625]]], [[[-121.08193, 41.21669, -17176.41796875], [-121.08348, 41.22144, -18026.85546875], [-121.08482, 41.22546, -17142.580078125], [-121.08193, 41.21669, -17176.41796875]]], [[[-121.03238, 40.99843, -2731.265625], [-121.03384, 41.00776, -2765.810546875], [-121.03293, 41.00336, -1885.987060546875], [-121.03238, 40.99843, -2731.265625]]], [[[-121.08193, 41.21669, -17176.41796875], [-121.08101, 41.21256, -18072.61328125], [-121.08348, 41.22144, -18026.85546875], [-121.08193, 41.21669, -17176.41796875]]], [[[-121.03662, 41.02477, -4569.380859375], [-121.03827, 41.03344, -4592.74072265625], [-121.03761, 41.02927, -3715.996337890625], [-121.03662, 41.02477, -4569.380859375]]], [[[-121.07993, 41.20779, -17233.7109375], [-121.08101, 41.21256, -18072.61328125], [-121.08193, 41.21669, -17176.41796875], [-121.07993, 41.20779, -17233.7109375]]], [[[-121.03293, 41.00336, -1885.987060546875], [-121.03394, 41.00823, -1039.34619140625], [-121.03245, 40.99901, -1001.7252197265625], [-121.03293, 41.00336, -1885.987060546875]]], [[[-121.07993, 41.20779, -17233.7109375], [-121.0786, 41.20379, -18119.189453125], [-121.08101, 41.21256, -18072.61328125], [-121.07993, 41.20779, -17233.7109375]]], [[[-121.04148, 41.05115, -6366.689453125], [-121.04252, 41.05583, -7222.4423828125], [-121.04329, 41.06064, -6374.74560546875], [-121.04148, 41.05115, -6366.689453125]]], [[[-121.07993, 41.20779, -17233.7109375], [-121.07708, 41.19923, -17270.5625], [-121.0786, 41.20379, -18119.189453125], [-121.07993, 41.20779, -17233.7109375]]], [[[-121.05294, 41.11073, -3906.5986328125], [-121.05388, 41.11494, -3036.9345703125], [-121.05198, 41.1064, -3044.26220703125], [-121.05294, 41.11073, -3906.5986328125]]], [[[-121.07993, 41.20779, -17233.7109375], [-121.07841, 41.20322, -16386.72265625], [-121.07708, 41.19923, -17270.5625], [-121.07993, 41.20779, -17233.7109375]]], [[[-121.0458, 41.07511, -5586.64794921875], [-121.04482, 41.0707, -4709.0810546875], [-121.04383, 41.0655, -5528.39013671875], [-121.0458, 41.07511, -5586.64794921875]]], [[[-121.07603, 41.19465, -16418.806640625], [-121.07708, 41.19923, -17270.5625], [-121.07841, 41.20322, -16386.72265625], [-121.07603, 41.19465, -16418.806640625]]], [[[-121.03293, 41.00336, -1885.987060546875], [-121.03245, 40.99901, -1001.7252197265625], [-121.0318, 40.99411, -1845.804931640625], [-121.03293, 41.00336, -1885.987060546875]]], [[[-121.07708, 41.19923, -17270.5625], [-121.07603, 41.19465, -16418.806640625], [-121.07511, 41.19049, -17298.408203125], [-121.07708, 41.19923, -17270.5625]]], [[[-121.05194, 41.10623, -4777.1533203125], [-121.05388, 41.11495, -4783.8056640625], [-121.05294, 41.11073, -3906.5986328125], [-121.05194, 41.10623, -4777.1533203125]]], [[[-121.07708, 41.19923, -17270.5625], [-121.07511, 41.19049, -17298.408203125], [-121.07614, 41.19513, -18152.96875], [-121.07708, 41.19923, -17270.5625]]], [[[-121.05619, 41.12357, -4784.78564453125], [-121.0577, 41.12811, -3926.2587890625], [-121.05483, 41.11925, -3911.4462890625], [-121.05619, 41.12357, -4784.78564453125]]], [[[-121.07708, 41.19923, -17270.5625], [-121.07614, 41.19513, -18152.96875], [-121.0786, 41.20379, -18119.189453125], [-121.07708, 41.19923, -17270.5625]]], [[[-121.04491, 41.07108, -1282.5631103515625], [-121.04587, 41.07542, -420.16778564453125], [-121.04398, 41.06686, -412.95611572265625], [-121.04491, 41.07108, -1282.5631103515625]]], [[[-121.07614, 41.19513, -18152.96875], [-121.07725, 41.19975, -19007.89453125], [-121.0786, 41.20379, -18119.189453125], [-121.07614, 41.19513, -18152.96875]]], [[[-121.05388, 41.11495, -4783.8056640625], [-121.05483, 41.11925, -3911.4462890625], [-121.05294, 41.11073, -3906.5986328125], [-121.05388, 41.11495, -4783.8056640625]]], [[[-121.07614, 41.19513, -18152.96875], [-121.07519, 41.19087, -19032.7734375], [-121.07725, 41.19975, -19007.89453125], [-121.07614, 41.19513, -18152.96875]]], [[[-121.04483, 41.07074, -2997.985595703125], [-121.04587, 41.07543, -3853.690673828125], [-121.04649, 41.08037, -3012.060791015625], [-121.04483, 41.07074, -2997.985595703125]]], [[[-121.07406, 41.18625, -18177.447265625], [-121.07519, 41.19087, -19032.7734375], [-121.07614, 41.19513, -18152.96875], [-121.07406, 41.18625, -18177.447265625]]], [[[-121.04329, 41.06064, -6374.74560546875], [-121.04378, 41.06507, -7255.32177734375], [-121.04465, 41.06991, -6404.564453125], [-121.04329, 41.06064, -6374.74560546875]]], [[[-121.07406, 41.18625, -18177.447265625], [-121.073, 41.182, -19056.888671875], [-121.07519, 41.19087, -19032.7734375], [-121.07406, 41.18625, -18177.447265625]]], [[[-121.05643, 41.12428, -1346.5045166015625], [-121.05796, 41.12888, -488.8838195800781], [-121.05498, 41.11993, -472.3013000488281], [-121.05643, 41.12428, -1346.5045166015625]]], [[[-121.07406, 41.18625, -18177.447265625], [-121.07149, 41.17748, -18199.369140625], [-121.073, 41.182, -19056.888671875], [-121.07406, 41.18625, -18177.447265625]]], [[[-121.04696, 41.08468, -3880.33837890625], [-121.04649, 41.08037, -3012.060791015625], [-121.04587, 41.07543, -3853.690673828125], [-121.04696, 41.08468, -3880.33837890625]]], [[[-121.07289, 41.18167, -17324.154296875], [-121.07149, 41.17748, -18199.369140625], [-121.07406, 41.18625, -18177.447265625], [-121.07289, 41.18167, -17324.154296875]]], [[[-121.04638, 41.07938, -6461.935546875], [-121.04686, 41.08371, -7348.0927734375], [-121.04785, 41.08838, -6487.99658203125], [-121.04638, 41.07938, -6461.935546875]]], [[[-121.07289, 41.18167, -17324.154296875], [-121.06998, 41.17291, -17339.30859375], [-121.07149, 41.17748, -18199.369140625], [-121.07289, 41.18167, -17324.154296875]]], [[[-121.05788, 41.12864, -2220.50732421875], [-121.05625, 41.12376, -3054.297119140625], [-121.05891, 41.13309, -3094.2392578125], [-121.05788, 41.12864, -2220.50732421875]]], [[[-121.07139, 41.17718, -16463.376953125], [-121.06998, 41.17291, -17339.30859375], [-121.07289, 41.18167, -17324.154296875], [-121.07139, 41.17718, -16463.376953125]]], [[[-121.0433, 41.06071, -4671.65283203125], [-121.04482, 41.0707, -4709.0810546875], [-121.04389, 41.06603, -3857.309326171875], [-121.0433, 41.06071, -4671.65283203125]]], [[[-121.06894, 41.16823, -16487.07421875], [-121.06998, 41.17291, -17339.30859375], [-121.07139, 41.17718, -16463.376953125], [-121.06894, 41.16823, -16487.07421875]]], [[[-121.04901, 41.09306, -5633.701171875], [-121.04998, 41.09742, -4767.98974609375], [-121.04793, 41.08872, -4767.3623046875], [-121.04901, 41.09306, -5633.701171875]]], [[[-121.06894, 41.16823, -16487.07421875], [-121.068, 41.16402, -17369.67578125], [-121.06998, 41.17291, -17339.30859375], [-121.06894, 41.16823, -16487.07421875]]], [[[-121.04587, 41.07543, -3853.690673828125], [-121.04483, 41.07074, -2997.985595703125], [-121.04389, 41.06603, -3857.309326171875], [-121.04587, 41.07543, -3853.690673828125]]], [[[-121.06651, 41.15953, -16509.859375], [-121.068, 41.16402, -17369.67578125], [-121.06894, 41.16823, -16487.07421875], [-121.06651, 41.15953, -16509.859375]]], [[[-121.04643, 41.07985, -4732.7509765625], [-121.04689, 41.08404, -5610.68408203125], [-121.04793, 41.08872, -4767.3623046875], [-121.04643, 41.07985, -4732.7509765625]]], [[[-121.06651, 41.15953, -16509.859375], [-121.06509, 41.15527, -17384.8125], [-121.068, 41.16402, -17369.67578125], [-121.06651, 41.15953, -16509.859375]]], [[[-121.0299, 40.98508, -1804.0126953125], [-121.03086, 40.98989, -959.3211669921875], [-121.02943, 40.98087, -918.0960083007812], [-121.0299, 40.98508, -1804.0126953125]]], [[[-121.06402, 41.1506, -16533.244140625], [-121.06509, 41.15527, -17384.8125], [-121.06651, 41.15953, -16509.859375], [-121.06402, 41.1506, -16533.244140625]]], [[[-121.04491, 41.07108, -1282.5631103515625], [-121.04645, 41.08009, -1280.1209716796875], [-121.04587, 41.07542, -420.16778564453125], [-121.04491, 41.07108, -1282.5631103515625]]], [[[-121.06402, 41.1506, -16533.244140625], [-121.06309, 41.14639, -17415.0], [-121.06509, 41.15527, -17384.8125], [-121.06402, 41.1506, -16533.244140625]]], [[[-121.05879, 41.13257, -4795.5302734375], [-121.05991, 41.1376, -3965.1015625], [-121.0577, 41.12811, -3926.2587890625], [-121.05879, 41.13257, -4795.5302734375]]], [[[-121.06145, 41.14187, -16554.27734375], [-121.06309, 41.14639, -17415.0], [-121.06402, 41.1506, -16533.244140625], [-121.06145, 41.14187, -16554.27734375]]], [[[-121.04698, 41.08486, -2136.538330078125], [-121.04645, 41.08009, -1280.1209716796875], [-121.04591, 41.07559, -2155.833984375], [-121.04698, 41.08486, -2136.538330078125]]], [[[-121.06145, 41.14187, -16554.27734375], [-121.05992, 41.13766, -17435.837890625], [-121.06309, 41.14639, -17415.0], [-121.06145, 41.14187, -16554.27734375]]], [[[-121.04329, 41.06064, -6374.74560546875], [-121.04465, 41.06991, -6404.564453125], [-121.04383, 41.0655, -5528.39013671875], [-121.04329, 41.06064, -6374.74560546875]]], [[[-121.05888, 41.13297, -16578.5078125], [-121.05992, 41.13766, -17435.837890625], [-121.06145, 41.14187, -16554.27734375], [-121.05888, 41.13297, -16578.5078125]]], [[[-121.05198, 41.1064, -3044.26220703125], [-121.05291, 41.1106, -2173.498779296875], [-121.05101, 41.10205, -2183.06005859375], [-121.05198, 41.1064, -3044.26220703125]]], [[[-121.05888, 41.13297, -16578.5078125], [-121.05791, 41.12873, -17464.10546875], [-121.05992, 41.13766, -17435.837890625], [-121.05888, 41.13297, -16578.5078125]]], [[[-121.05484, 41.11928, -5650.32080078125], [-121.05386, 41.11488, -6514.421875], [-121.0562, 41.12359, -6512.9716796875], [-121.05484, 41.11928, -5650.32080078125]]], [[[-121.0564, 41.1242, -16606.7578125], [-121.05791, 41.12873, -17464.10546875], [-121.05888, 41.13297, -16578.5078125], [-121.0564, 41.1242, -16606.7578125]]], [[[-121.05483, 41.11925, -3911.4462890625], [-121.05388, 41.11494, -3036.9345703125], [-121.05294, 41.11073, -3906.5986328125], [-121.05483, 41.11925, -3911.4462890625]]], [[[-121.0564, 41.1242, -16606.7578125], [-121.055, 41.11998, -17484.06640625], [-121.05791, 41.12873, -17464.10546875], [-121.0564, 41.1242, -16606.7578125]]], [[[-121.03299, 41.00392, -153.9246826171875], [-121.0325, 40.9995, 724.3955688476562], [-121.03192, 40.99463, -118.48773956298828], [-121.03299, 41.00392, -153.9246826171875]]], [[[-121.0564, 41.1242, -16606.7578125], [-121.05395, 41.11527, -16629.138671875], [-121.055, 41.11998, -17484.06640625], [-121.0564, 41.1242, -16606.7578125]]], [[[-121.05896, 41.13331, -1362.6746826171875], [-121.05996, 41.13781, -493.32122802734375], [-121.05796, 41.12888, -488.8838195800781], [-121.05896, 41.13331, -1362.6746826171875]]], [[[-121.05491, 41.1196, -15752.1337890625], [-121.05395, 41.11527, -16629.138671875], [-121.0564, 41.1242, -16606.7578125], [-121.05491, 41.1196, -15752.1337890625]]], [[[-121.04649, 41.08037, -3012.060791015625], [-121.04698, 41.08486, -2136.538330078125], [-121.04591, 41.07559, -2155.833984375], [-121.04649, 41.08037, -3012.060791015625]]], [[[-121.05291, 41.1106, -15788.2158203125], [-121.05395, 41.11527, -16629.138671875], [-121.05491, 41.1196, -15752.1337890625], [-121.05291, 41.1106, -15788.2158203125]]], [[[-121.04482, 41.0707, -4709.0810546875], [-121.0458, 41.07511, -5586.64794921875], [-121.04643, 41.07985, -4732.7509765625], [-121.04482, 41.0707, -4709.0810546875]]], [[[-121.05291, 41.1106, -15788.2158203125], [-121.05199, 41.10647, -16663.724609375], [-121.05395, 41.11527, -16629.138671875], [-121.05291, 41.1106, -15788.2158203125]]], [[[-121.05095, 41.10178, -3902.91455078125], [-121.04998, 41.09739, -3029.69482421875], [-121.04902, 41.09309, -3901.01708984375], [-121.05095, 41.10178, -3902.91455078125]]], [[[-121.05291, 41.1106, -15788.2158203125], [-121.05099, 41.10197, -15809.01171875], [-121.05199, 41.10647, -16663.724609375], [-121.05291, 41.1106, -15788.2158203125]]], [[[-121.05788, 41.12864, -2220.50732421875], [-121.05995, 41.13778, -2236.11962890625], [-121.05896, 41.13331, -1362.6746826171875], [-121.05788, 41.12864, -2220.50732421875]]], [[[-121.05192, 41.10612, -14932.787109375], [-121.05099, 41.10197, -15809.01171875], [-121.05291, 41.1106, -15788.2158203125], [-121.05192, 41.10612, -14932.787109375]]], [[[-121.03827, 41.03344, -4592.74072265625], [-121.0395, 41.04225, -4621.8046875], [-121.03877, 41.03797, -3737.8720703125], [-121.03827, 41.03344, -4592.74072265625]]], [[[-121.05002, 41.0976, -14941.078125], [-121.05099, 41.10197, -15809.01171875], [-121.05192, 41.10612, -14932.787109375], [-121.05002, 41.0976, -14941.078125]]], [[[-121.04047, 41.04662, -5502.99609375], [-121.0395, 41.04225, -4621.8046875], [-121.03874, 41.03763, -5472.92138671875], [-121.04047, 41.04662, -5502.99609375]]], [[[-121.05099, 41.10197, -15809.01171875], [-121.05002, 41.0976, -14941.078125], [-121.0491, 41.09347, -15823.359375], [-121.05099, 41.10197, -15809.01171875]]], [[[-121.0395, 41.04225, -4621.8046875], [-121.04154, 41.05145, -4652.91796875], [-121.04057, 41.04706, -3774.8193359375], [-121.0395, 41.04225, -4621.8046875]]], [[[-121.05099, 41.10197, -15809.01171875], [-121.0491, 41.09347, -15823.359375], [-121.05007, 41.09782, -16685.900390625], [-121.05099, 41.10197, -15809.01171875]]], [[[-121.04902, 41.09309, -3901.01708984375], [-121.04998, 41.09739, -3029.69482421875], [-121.048, 41.08902, -3016.583740234375], [-121.04902, 41.09309, -3901.01708984375]]], [[[-121.05099, 41.10197, -15809.01171875], [-121.05007, 41.09782, -16685.900390625], [-121.05199, 41.10647, -16663.724609375], [-121.05099, 41.10197, -15809.01171875]]], [[[-121.05765, 41.12797, -5656.1357421875], [-121.0562, 41.12359, -6512.9716796875], [-121.05877, 41.13247, -6525.4951171875], [-121.05765, 41.12797, -5656.1357421875]]], [[[-121.05007, 41.09782, -16685.900390625], [-121.05107, 41.1023, -17542.70703125], [-121.05199, 41.10647, -16663.724609375], [-121.05007, 41.09782, -16685.900390625]]], [[[-121.04998, 41.09739, -3029.69482421875], [-121.05095, 41.10178, -3902.91455078125], [-121.05198, 41.1064, -3044.26220703125], [-121.04998, 41.09739, -3029.69482421875]]], [[[-121.05107, 41.1023, -17542.70703125], [-121.05007, 41.09782, -16685.900390625], [-121.04914, 41.09362, -17560.84765625], [-121.05107, 41.1023, -17542.70703125]]], [[[-121.05991, 41.1376, -3965.1015625], [-121.05891, 41.13309, -3094.2392578125], [-121.0577, 41.12811, -3926.2587890625], [-121.05991, 41.1376, -3965.1015625]]], [[[-121.05107, 41.1023, -17542.70703125], [-121.04914, 41.09362, -17560.84765625], [-121.05013, 41.09808, -18418.609375], [-121.05107, 41.1023, -17542.70703125]]], [[[-121.05764, 41.12791, -7385.1923828125], [-121.05976, 41.13693, -7395.84912109375], [-121.05877, 41.13247, -6525.4951171875], [-121.05764, 41.12791, -7385.1923828125]]], [[[-121.05107, 41.1023, -17542.70703125], [-121.05013, 41.09808, -18418.609375], [-121.05207, 41.10683, -18398.494140625], [-121.05107, 41.1023, -17542.70703125]]], [[[-121.04998, 41.09739, -3029.69482421875], [-121.05198, 41.1064, -3044.26220703125], [-121.05101, 41.10205, -2183.06005859375], [-121.04998, 41.09739, -3029.69482421875]]], [[[-121.05301, 41.11105, -17516.166015625], [-121.05107, 41.1023, -17542.70703125], [-121.05207, 41.10683, -18398.494140625], [-121.05301, 41.11105, -17516.166015625]]], [[[-121.02983, 40.98446, -6955.5615234375], [-121.02996, 40.98568, -7889.72216796875], [-121.0315, 40.99277, -7067.240234375], [-121.02983, 40.98446, -6955.5615234375]]], [[[-121.04483, 41.07074, -2997.985595703125], [-121.04649, 41.08037, -3012.060791015625], [-121.04591, 41.07559, -2155.833984375], [-121.04483, 41.07074, -2997.985595703125]]], [[[-121.01971, 40.92269, -4977.36767578125], [-121.018, 40.915, -4485.05419921875], [-121.018, 40.915, -5469.681640625], [-121.01971, 40.92269, -4977.36767578125]]], [[[-121.05199, 41.10647, -16663.724609375], [-121.05107, 41.1023, -17542.70703125], [-121.05301, 41.11105, -17516.166015625], [-121.05199, 41.10647, -16663.724609375]]], [[[-121.05198, 41.1064, -3044.26220703125], [-121.05388, 41.11494, -3036.9345703125], [-121.05291, 41.1106, -2173.498779296875], [-121.05198, 41.1064, -3044.26220703125]]], [[[-121.05301, 41.11105, -17516.166015625], [-121.05395, 41.11527, -16629.138671875], [-121.05199, 41.10647, -16663.724609375], [-121.05301, 41.11105, -17516.166015625]]], [[[-121.03086, 40.98989, -959.3211669921875], [-121.02998, 40.98579, -76.20930480957031], [-121.02943, 40.98087, -918.0960083007812], [-121.03086, 40.98989, -959.3211669921875]]], [[[-121.05395, 41.11527, -16629.138671875], [-121.05301, 41.11105, -17516.166015625], [-121.055, 41.11998, -17484.06640625], [-121.05395, 41.11527, -16629.138671875]]], [[[-121.06409, 41.1509, -3105.826904296875], [-121.06514, 41.15541, -2239.26025390625], [-121.06311, 41.14649, -2232.633544921875], [-121.06409, 41.1509, -3105.826904296875]]], [[[-121.0433, 41.06071, -4671.65283203125], [-121.04389, 41.06603, -3857.309326171875], [-121.0426, 41.0562, -3799.46240234375], [-121.0433, 41.06071, -4671.65283203125]]], [[[-121.05301, 41.11105, -17516.166015625], [-121.05405, 41.11573, -18368.68359375], [-121.055, 41.11998, -17484.06640625], [-121.05301, 41.11105, -17516.166015625]]], [[[-121.02459, 40.95364, -8915.8779296875], [-121.02343, 40.9459, -8423.564453125], [-121.02343, 40.9459, -9408.19140625], [-121.02459, 40.95364, -8915.8779296875]]], [[[-121.07618, 41.19532, -6564.8984375], [-121.07726, 41.19978, -5695.79248046875], [-121.07517, 41.19076, -5701.98583984375], [-121.07618, 41.19532, -6564.8984375]]], [[[-121.06661, 41.15983, 370.79388427734375], [-121.06805, 41.16421, 1238.550537109375], [-121.06515, 41.15546, 1238.976318359375], [-121.06661, 41.15983, 370.79388427734375]]], [[[-121.05301, 41.11105, -17516.166015625], [-121.05207, 41.10683, -18398.494140625], [-121.05405, 41.11573, -18368.68359375], [-121.05301, 41.11105, -17516.166015625]]], [[[-121.08009, 41.2084, -2233.52099609375], [-121.07867, 41.20402, -1362.7388916015625], [-121.07722, 41.19967, -2230.712158203125], [-121.08009, 41.2084, -2233.52099609375]]], [[[-121.0577, 41.12811, -3926.2587890625], [-121.05625, 41.12376, -3054.297119140625], [-121.05483, 41.11925, -3911.4462890625], [-121.0577, 41.12811, -3926.2587890625]]], [[[-121.05405, 41.11573, -18368.68359375], [-121.05207, 41.10683, -18398.494140625], [-121.05311, 41.11151, -19250.78125], [-121.05405, 41.11573, -18368.68359375]]], [[[-121.02617, 40.96134, -7438.9365234375], [-121.02459, 40.95364, -7931.25048828125], [-121.02617, 40.96134, -8423.564453125], [-121.02617, 40.96134, -7438.9365234375]]], [[[-121.07008, 41.17323, -7440.0126953125], [-121.06916, 41.16922, -8413.302734375], [-121.07166, 41.17798, -8399.474609375], [-121.07008, 41.17323, -7440.0126953125]]], [[[-121.1012, 41.27395, -1326.6405029296875], [-121.10523, 41.28246, -1342.3243408203125], [-121.10312, 41.27823, -471.1106872558594], [-121.1012, 41.27395, -1326.6405029296875]]], [[[-121.05405, 41.11573, -18368.68359375], [-121.05311, 41.11151, -19250.78125], [-121.05513, 41.12039, -19221.091796875], [-121.05405, 41.11573, -18368.68359375]]], [[[-121.08701, 41.23502, -482.114501953125], [-121.086, 41.23049, 381.1429138183594], [-121.08502, 41.22607, -484.8081359863281], [-121.08701, 41.23502, -482.114501953125]]], [[[-121.05738, 41.12714, -8886.48828125], [-121.05596, 41.12288, -9732.82421875], [-121.05853, 41.1314, -9649.712890625], [-121.05738, 41.12714, -8886.48828125]]], [[[-121.05653, 41.12458, -18341.283203125], [-121.05405, 41.11573, -18368.68359375], [-121.05513, 41.12039, -19221.091796875], [-121.05653, 41.12458, -18341.283203125]]], [[[-121.08356, 41.22169, 378.376220703125], [-121.08501, 41.22603, 1248.8558349609375], [-121.08209, 41.21728, 1243.81396484375], [-121.08356, 41.22169, 378.376220703125]]], [[[-121.0562, 41.12359, -6512.9716796875], [-121.05764, 41.12791, -7385.1923828125], [-121.05877, 41.13247, -6525.4951171875], [-121.0562, 41.12359, -6512.9716796875]]], [[[-121.055, 41.11998, -17484.06640625], [-121.05405, 41.11573, -18368.68359375], [-121.05653, 41.12458, -18341.283203125], [-121.055, 41.11998, -17484.06640625]]], [[[-121.12626, 41.32958, -467.61773681640625], [-121.12428, 41.32513, 397.15399169921875], [-121.12234, 41.32077, -457.0155029296875], [-121.12626, 41.32958, -467.61773681640625]]], [[[-121.04993, 41.09718, -8227.677734375], [-121.05189, 41.10599, -8236.35546875], [-121.05093, 41.10168, -7367.7724609375], [-121.04993, 41.09718, -8227.677734375]]], [[[-121.05791, 41.12873, -17464.10546875], [-121.055, 41.11998, -17484.06640625], [-121.05653, 41.12458, -18341.283203125], [-121.05791, 41.12873, -17464.10546875]]], [[[-121.04998, 41.09742, -6498.6181640625], [-121.05189, 41.10603, -6504.91259765625], [-121.05095, 41.10175, -5631.48876953125], [-121.04998, 41.09742, -6498.6181640625]]], [[[-121.11911, 41.3123, -453.3745422363281], [-121.12072, 41.31658, 411.9723815917969], [-121.11726, 41.3081, 413.32769775390625], [-121.11911, 41.3123, -453.3745422363281]]], [[[-121.05791, 41.12873, -17464.10546875], [-121.05653, 41.12458, -18341.283203125], [-121.05897, 41.13336, -18314.013671875], [-121.05791, 41.12873, -17464.10546875]]], [[[-121.04329, 41.06064, -6374.74560546875], [-121.04383, 41.0655, -5528.39013671875], [-121.04254, 41.05593, -5519.55810546875], [-121.04329, 41.06064, -6374.74560546875]]], [[[-121.05992, 41.13766, -17435.837890625], [-121.05791, 41.12873, -17464.10546875], [-121.05897, 41.13336, -18314.013671875], [-121.05992, 41.13766, -17435.837890625]]], [[[-121.05992, 41.13766, -17435.837890625], [-121.05897, 41.13336, -18314.013671875], [-121.06159, 41.14223, -18289.19140625], [-121.05992, 41.13766, -17435.837890625]]], [[[-121.13891, 41.35682, -452.7720642089844], [-121.14271, 41.36461, -961.2651977539062], [-121.14279, 41.36478, 40.36176300048828], [-121.13891, 41.35682, -452.7720642089844]]], [[[-121.04649, 41.08037, -3012.060791015625], [-121.048, 41.08902, -3016.583740234375], [-121.04698, 41.08486, -2136.538330078125], [-121.04649, 41.08037, -3012.060791015625]]], [[[-121.04593, 41.07569, -15830.623046875], [-121.04494, 41.07123, -14968.6142578125], [-121.04398, 41.06683, -15834.271484375], [-121.04593, 41.07569, -15830.623046875]]], [[[-121.14271, 41.36461, -961.2651977539062], [-121.14271, 41.36461, -1939.8272705078125], [-121.146, 41.372, -1450.5462646484375], [-121.14271, 41.36461, -961.2651977539062]]], [[[-121.06309, 41.14639, -17415.0], [-121.06159, 41.14223, -18289.19140625], [-121.06411, 41.15099, -18267.171875], [-121.06309, 41.14639, -17415.0]]], [[[-121.02623, 40.96182, -5413.890625], [-121.02459, 40.95364, -5961.9951171875], [-121.02617, 40.96134, -6454.30908203125], [-121.02623, 40.96182, -5413.890625]]], [[[-121.05484, 41.11928, -7379.72119140625], [-121.05386, 41.11488, -6514.421875], [-121.05286, 41.11038, -7372.9111328125], [-121.05484, 41.11928, -7379.72119140625]]], [[[-121.09771, 41.26556, -1328.4100341796875], [-121.09934, 41.26977, -464.7620849609375], [-121.09607, 41.26119, -474.5030212402344], [-121.09771, 41.26556, -1328.4100341796875]]], [[[-121.06509, 41.15527, -17384.8125], [-121.06309, 41.14639, -17415.0], [-121.06411, 41.15099, -18267.171875], [-121.06509, 41.15527, -17384.8125]]], [[[-121.07869, 41.20407, -6563.45263671875], [-121.08011, 41.20849, -5704.251953125], [-121.07726, 41.19978, -5695.79248046875], [-121.07869, 41.20407, -6563.45263671875]]], [[[-121.09015, 41.2437, -469.90521240234375], [-121.08863, 41.23935, 386.6531982421875], [-121.08701, 41.23502, -482.114501953125], [-121.09015, 41.2437, -469.90521240234375]]], [[[-121.06509, 41.15527, -17384.8125], [-121.06411, 41.15099, -18267.171875], [-121.06661, 41.15984, -18244.548828125], [-121.06509, 41.15527, -17384.8125]]], [[[-121.02617, 40.96134, -7438.9365234375], [-121.02459, 40.95364, -6946.623046875], [-121.02459, 40.95364, -7931.25048828125], [-121.02617, 40.96134, -7438.9365234375]]], [[[-121.03497, 41.01288, -176.43434143066406], [-121.03394, 41.00823, -1039.34619140625], [-121.03547, 41.01725, -1057.324951171875], [-121.03497, 41.01288, -176.43434143066406]]], [[[-121.02072, 40.93045, -7438.9365234375], [-121.01971, 40.92269, -7931.25048828125], [-121.02072, 40.93045, -8423.564453125], [-121.02072, 40.93045, -7438.9365234375]]], [[[-121.068, 41.16402, -17369.67578125], [-121.06509, 41.15527, -17384.8125], [-121.06661, 41.15984, -18244.548828125], [-121.068, 41.16402, -17369.67578125]]], [[[-121.04785, 41.08838, -6487.99658203125], [-121.04998, 41.09742, -6498.6181640625], [-121.04901, 41.09306, -5633.701171875], [-121.04785, 41.08838, -6487.99658203125]]], [[[-121.02215, 40.93816, -4977.36767578125], [-121.02343, 40.9459, -4485.05419921875], [-121.02215, 40.93816, -3992.740234375], [-121.02215, 40.93816, -4977.36767578125]]], [[[-121.068, 41.16402, -17369.67578125], [-121.06661, 41.15984, -18244.548828125], [-121.06903, 41.16862, -18222.0078125], [-121.068, 41.16402, -17369.67578125]]], [[[-121.04148, 41.05115, -6366.689453125], [-121.04329, 41.06064, -6374.74560546875], [-121.04254, 41.05593, -5519.55810546875], [-121.04148, 41.05115, -6366.689453125]]], [[[-121.12072, 41.31658, 411.9723815917969], [-121.12428, 41.32513, 397.15399169921875], [-121.12244, 41.32099, 1274.4815673828125], [-121.12072, 41.31658, 411.9723815917969]]], [[[-121.06903, 41.16862, -18222.0078125], [-121.06998, 41.17291, -17339.30859375], [-121.068, 41.16402, -17369.67578125], [-121.06903, 41.16862, -18222.0078125]]], [[[-121.07869, 41.20407, -6563.45263671875], [-121.08112, 41.21306, -6565.85546875], [-121.08011, 41.20849, -5704.251953125], [-121.07869, 41.20407, -6563.45263671875]]], [[[-121.06998, 41.17291, -17339.30859375], [-121.06903, 41.16862, -18222.0078125], [-121.07149, 41.17748, -18199.369140625], [-121.06998, 41.17291, -17339.30859375]]], [[[-121.05788, 41.12864, -2220.50732421875], [-121.05896, 41.13331, -1362.6746826171875], [-121.05643, 41.12428, -1346.5045166015625], [-121.05788, 41.12864, -2220.50732421875]]], [[[-121.06903, 41.16862, -18222.0078125], [-121.07009, 41.17326, -19076.77734375], [-121.07149, 41.17748, -18199.369140625], [-121.06903, 41.16862, -18222.0078125]]], [[[-121.02215, 40.93816, -8915.8779296875], [-121.02343, 40.9459, -8423.564453125], [-121.02215, 40.93816, -7931.25048828125], [-121.02215, 40.93816, -8915.8779296875]]], [[[-121.04482, 41.0707, -4709.0810546875], [-121.04643, 41.07985, -4732.7509765625], [-121.04587, 41.07543, -3853.690673828125], [-121.04482, 41.0707, -4709.0810546875]]], [[[-121.06903, 41.16862, -18222.0078125], [-121.06808, 41.16437, -19101.95703125], [-121.07009, 41.17326, -19076.77734375], [-121.06903, 41.16862, -18222.0078125]]], [[[-121.05189, 41.10603, -6504.91259765625], [-121.0529, 41.11054, -5646.4853515625], [-121.05095, 41.10175, -5631.48876953125], [-121.05189, 41.10603, -6504.91259765625]]], [[[-121.06661, 41.15984, -18244.548828125], [-121.06521, 41.15561, -19122.060546875], [-121.06808, 41.16437, -19101.95703125], [-121.06661, 41.15984, -18244.548828125]]], [[[-121.0598, 41.13709, -5662.84033203125], [-121.05879, 41.13257, -4795.5302734375], [-121.05765, 41.12797, -5656.1357421875], [-121.0598, 41.13709, -5662.84033203125]]], [[[-121.02459, 40.95364, -6946.623046875], [-121.02343, 40.9459, -6454.30908203125], [-121.02343, 40.9459, -7438.9365234375], [-121.02459, 40.95364, -6946.623046875]]], [[[-121.06411, 41.15099, -18267.171875], [-121.06521, 41.15561, -19122.060546875], [-121.06661, 41.15984, -18244.548828125], [-121.06411, 41.15099, -18267.171875]]], [[[-121.06411, 41.15101, -8409.6513671875], [-121.06674, 41.16022, -8417.8984375], [-121.06512, 41.15535, -7459.11767578125], [-121.06411, 41.15101, -8409.6513671875]]], [[[-121.07615, 41.19519, 372.3211975097656], [-121.07516, 41.19073, 1239.576416015625], [-121.07407, 41.1863, 371.5446472167969], [-121.07615, 41.19519, 372.3211975097656]]], [[[-121.06411, 41.15099, -18267.171875], [-121.06316, 41.14673, -19147.01171875], [-121.06521, 41.15561, -19122.060546875], [-121.06411, 41.15099, -18267.171875]]], [[[-121.05625, 41.12376, -3054.297119140625], [-121.05788, 41.12864, -2220.50732421875], [-121.05487, 41.11941, -2181.749755859375], [-121.05625, 41.12376, -3054.297119140625]]], [[[-121.06159, 41.14223, -18289.19140625], [-121.06316, 41.14673, -19147.01171875], [-121.06411, 41.15099, -18267.171875], [-121.06159, 41.14223, -18289.19140625]]], [[[-121.04785, 41.08838, -6487.99658203125], [-121.04901, 41.09306, -5633.701171875], [-121.04689, 41.08404, -5610.68408203125], [-121.04785, 41.08838, -6487.99658203125]]], [[[-121.11468, 41.30235, -15049.193359375], [-121.11062, 41.29414, -15092.1591796875], [-121.11279, 41.29858, -15937.736328125], [-121.11468, 41.30235, -15049.193359375]]], [[[-121.06159, 41.14223, -18289.19140625], [-121.06001, 41.13803, -19166.3125], [-121.06316, 41.14673, -19147.01171875], [-121.06159, 41.14223, -18289.19140625]]], [[[-121.02459, 40.95364, -6946.623046875], [-121.02343, 40.9459, -7438.9365234375], [-121.02459, 40.95364, -7931.25048828125], [-121.02459, 40.95364, -6946.623046875]]], [[[-121.05484, 41.11928, -5650.32080078125], [-121.05388, 41.11495, -4783.8056640625], [-121.0529, 41.11054, -5646.4853515625], [-121.05484, 41.11928, -5650.32080078125]]], [[[-121.02215, 40.93816, -4977.36767578125], [-121.02215, 40.93816, -3992.740234375], [-121.02072, 40.93045, -4485.05419921875], [-121.02215, 40.93816, -4977.36767578125]]], [[[-121.05897, 41.13336, -18314.013671875], [-121.06001, 41.13803, -19166.3125], [-121.06159, 41.14223, -18289.19140625], [-121.05897, 41.13336, -18314.013671875]]], [[[-121.05483, 41.11925, -3911.4462890625], [-121.05388, 41.11495, -4783.8056640625], [-121.05619, 41.12357, -4784.78564453125], [-121.05483, 41.11925, -3911.4462890625]]], [[[-121.02459, 40.95364, -5961.9951171875], [-121.02343, 40.9459, -5469.681640625], [-121.02343, 40.9459, -6454.30908203125], [-121.02459, 40.95364, -5961.9951171875]]], [[[-121.05897, 41.13336, -18314.013671875], [-121.05803, 41.12914, -19196.2109375], [-121.06001, 41.13803, -19166.3125], [-121.05897, 41.13336, -18314.013671875]]], [[[-121.02459, 40.95364, -4977.36767578125], [-121.02459, 40.95366, -3959.473876953125], [-121.02343, 40.9459, -4485.05419921875], [-121.02459, 40.95364, -4977.36767578125]]], [[[-121.05189, 41.10599, -8236.35546875], [-121.05286, 41.11038, -7372.9111328125], [-121.05093, 41.10168, -7367.7724609375], [-121.05189, 41.10599, -8236.35546875]]], [[[-121.09224, 41.25254, -482.00897216796875], [-121.09113, 41.24807, 390.7993469238281], [-121.09015, 41.2437, -469.90521240234375], [-121.09224, 41.25254, -482.00897216796875]]], [[[-121.0577, 41.12811, -3926.2587890625], [-121.05619, 41.12357, -4784.78564453125], [-121.05879, 41.13257, -4795.5302734375], [-121.0577, 41.12811, -3926.2587890625]]], [[[-121.02215, 40.93816, -4977.36767578125], [-121.02072, 40.93045, -4485.05419921875], [-121.02072, 40.93045, -5469.681640625], [-121.02215, 40.93816, -4977.36767578125]]], [[[-121.05653, 41.12458, -18341.283203125], [-121.05513, 41.12039, -19221.091796875], [-121.05803, 41.12914, -19196.2109375], [-121.05653, 41.12458, -18341.283203125]]], [[[-121.07295, 41.18186, -2232.4833984375], [-121.07407, 41.18628, -3105.397705078125], [-121.07517, 41.19076, -2235.943359375], [-121.07295, 41.18186, -2232.4833984375]]], [[[-121.07008, 41.17323, -7440.0126953125], [-121.06907, 41.16881, -6570.4111328125], [-121.06808, 41.16434, -7458.42333984375], [-121.07008, 41.17323, -7440.0126953125]]], [[[-121.07517, 41.19075, -497.0133361816406], [-121.07616, 41.19522, -1364.524169921875], [-121.07721, 41.19964, -494.7369689941406], [-121.07517, 41.19075, -497.0133361816406]]], [[[-121.05013, 41.09808, -18418.609375], [-121.05114, 41.10261, -19280.701171875], [-121.05207, 41.10683, -18398.494140625], [-121.05013, 41.09808, -18418.609375]]], [[[-121.05386, 41.11488, -6514.421875], [-121.05484, 41.11928, -5650.32080078125], [-121.0529, 41.11054, -5646.4853515625], [-121.05386, 41.11488, -6514.421875]]], [[[-121.02459, 40.95364, -6946.623046875], [-121.02459, 40.95364, -5961.9951171875], [-121.02343, 40.9459, -6454.30908203125], [-121.02459, 40.95364, -6946.623046875]]], [[[-121.05013, 41.09808, -18418.609375], [-121.04916, 41.09372, -19291.5546875], [-121.05114, 41.10261, -19280.701171875], [-121.05013, 41.09808, -18418.609375]]], [[[-121.086, 41.23049, 381.1429138183594], [-121.08863, 41.23935, 386.6531982421875], [-121.08698, 41.23493, 1249.369140625], [-121.086, 41.23049, 381.1429138183594]]], [[[-121.05189, 41.10603, -6504.91259765625], [-121.05286, 41.11038, -7372.9111328125], [-121.05386, 41.11488, -6514.421875], [-121.05189, 41.10603, -6504.91259765625]]], [[[-121.04807, 41.08927, -18424.908203125], [-121.04916, 41.09372, -19291.5546875], [-121.05013, 41.09808, -18418.609375], [-121.04807, 41.08927, -18424.908203125]]], [[[-121.09768, 41.26549, 400.4405212402344], [-121.09934, 41.26977, -464.7620849609375], [-121.10121, 41.27397, 402.0837097167969], [-121.09768, 41.26549, 400.4405212402344]]], [[[-121.05194, 41.10623, -4777.1533203125], [-121.05294, 41.11073, -3906.5986328125], [-121.05095, 41.10178, -3902.91455078125], [-121.05194, 41.10623, -4777.1533203125]]], [[[-121.04648, 41.0803, -18429.751953125], [-121.04698, 41.08485, -19293.5234375], [-121.04807, 41.08927, -18424.908203125], [-121.04648, 41.0803, -18429.751953125]]], [[[-121.04648, 41.0803, -18429.751953125], [-121.04597, 41.07586, -19301.19921875], [-121.04698, 41.08485, -19293.5234375], [-121.04648, 41.0803, -18429.751953125]]], [[[-121.04498, 41.07139, -18435.0546875], [-121.04597, 41.07586, -19301.19921875], [-121.04648, 41.0803, -18429.751953125], [-121.04498, 41.07139, -18435.0546875]]], [[[-121.04498, 41.07139, -18435.0546875], [-121.044, 41.06696, -19304.171875], [-121.04597, 41.07586, -19301.19921875], [-121.04498, 41.07139, -18435.0546875]]], [[[-121.01971, 40.92269, -8915.8779296875], [-121.01971, 40.92269, -7931.25048828125], [-121.018, 40.915, -8423.564453125], [-121.01971, 40.92269, -8915.8779296875]]], [[[-121.05189, 41.10603, -6504.91259765625], [-121.05386, 41.11488, -6514.421875], [-121.0529, 41.11054, -5646.4853515625], [-121.05189, 41.10603, -6504.91259765625]]], [[[-121.08601, 41.23057, -1355.438720703125], [-121.08866, 41.23944, -1342.026611328125], [-121.08701, 41.23502, -482.114501953125], [-121.08601, 41.23057, -1355.438720703125]]], [[[-121.05286, 41.11038, -7372.9111328125], [-121.05189, 41.10603, -6504.91259765625], [-121.05093, 41.10168, -7367.7724609375], [-121.05286, 41.11038, -7372.9111328125]]], [[[-121.12428, 41.32513, 397.15399169921875], [-121.12626, 41.32958, -467.61773681640625], [-121.12822, 41.334, 399.6562805175781], [-121.12428, 41.32513, 397.15399169921875]]], [[[-121.04349, 41.06241, -18440.4296875], [-121.04299, 41.05797, -19311.90625], [-121.044, 41.06696, -19304.171875], [-121.04349, 41.06241, -18440.4296875]]], [[[-121.0562, 41.12359, -6512.9716796875], [-121.05765, 41.12797, -5656.1357421875], [-121.05484, 41.11928, -5650.32080078125], [-121.0562, 41.12359, -6512.9716796875]]], [[[-121.04199, 41.05347, -18447.958984375], [-121.04102, 41.04908, -19319.232421875], [-121.04299, 41.05797, -19311.90625], [-121.04199, 41.05347, -18447.958984375]]], [[[-121.0529, 41.11054, -5646.4853515625], [-121.05388, 41.11495, -4783.8056640625], [-121.05194, 41.10623, -4777.1533203125], [-121.0529, 41.11054, -5646.4853515625]]], [[[-121.02608, 40.96068, -3480.029296875], [-121.02479, 40.95455, -2795.872314453125], [-121.02459, 40.95366, -3959.473876953125], [-121.02608, 40.96068, -3480.029296875]]], [[[-121.04002, 41.04457, -18455.490234375], [-121.03904, 41.04018, -19326.96484375], [-121.04102, 41.04908, -19319.232421875], [-121.04002, 41.04457, -18455.490234375]]], [[[-121.03851, 41.03559, -18465.416015625], [-121.03904, 41.04018, -19326.96484375], [-121.04002, 41.04457, -18455.490234375], [-121.03851, 41.03559, -18465.416015625]]], [[[-121.0262, 40.9616, -4438.6416015625], [-121.02459, 40.95364, -4977.36767578125], [-121.02623, 40.96182, -5413.890625], [-121.0262, 40.9616, -4438.6416015625]]], [[[-121.0478, 41.08819, -8219.6630859375], [-121.04628, 41.07849, -8167.1904296875], [-121.04679, 41.08314, -8995.888671875], [-121.0478, 41.08819, -8219.6630859375]]], [[[-121.07517, 41.19075, -497.0133361816406], [-121.07721, 41.19964, -494.7369689941406], [-121.07615, 41.19519, 372.3211975097656], [-121.07517, 41.19075, -497.0133361816406]]], [[[-121.03704, 41.02668, -18475.314453125], [-121.03802, 41.03119, -19339.01171875], [-121.03851, 41.03559, -18465.416015625], [-121.03704, 41.02668, -18475.314453125]]], [[[-121.08866, 41.23944, -1342.026611328125], [-121.09112, 41.24804, -1340.413818359375], [-121.09015, 41.2437, -469.90521240234375], [-121.08866, 41.23944, -1342.026611328125]]], [[[-121.04998, 41.09742, -4767.98974609375], [-121.05194, 41.10623, -4777.1533203125], [-121.05095, 41.10178, -3902.91455078125], [-121.04998, 41.09742, -4767.98974609375]]], [[[-121.03552, 41.01771, -18485.25390625], [-121.03607, 41.0223, -19346.833984375], [-121.03704, 41.02668, -18475.314453125], [-121.03552, 41.01771, -18485.25390625]]], [[[-121.08216, 41.21748, -5695.47314453125], [-121.08111, 41.21297, -4829.3095703125], [-121.08011, 41.20849, -5704.251953125], [-121.08216, 41.21748, -5695.47314453125]]], [[[-121.05087, 41.1014, -9028.388671875], [-121.04986, 41.09686, -9778.859375], [-121.05176, 41.10542, -9765.7001953125], [-121.05087, 41.1014, -9028.388671875]]], [[[-121.03407, 41.0088, -18495.150390625], [-121.03503, 41.01331, -19358.8203125], [-121.03552, 41.01771, -18485.25390625], [-121.03407, 41.0088, -18495.150390625]]], [[[-121.02072, 40.93045, -6454.30908203125], [-121.01971, 40.92269, -5961.9951171875], [-121.01971, 40.92269, -6946.623046875], [-121.02072, 40.93045, -6454.30908203125]]], [[[-121.10524, 41.28247, -4800.17626953125], [-121.10932, 41.29123, -4798.763671875], [-121.10737, 41.28683, -3934.808349609375], [-121.10524, 41.28247, -4800.17626953125]]], [[[-121.02459, 40.95364, -4977.36767578125], [-121.0262, 40.9616, -4438.6416015625], [-121.02459, 40.95366, -3959.473876953125], [-121.02459, 40.95364, -4977.36767578125]]], [[[-121.03407, 41.0088, -18495.150390625], [-121.03309, 41.00441, -19366.693359375], [-121.03503, 41.01331, -19358.8203125], [-121.03407, 41.0088, -18495.150390625]]], [[[-121.0262, 40.9616, -4438.6416015625], [-121.02608, 40.96068, -3480.029296875], [-121.02459, 40.95366, -3959.473876953125], [-121.0262, 40.9616, -4438.6416015625]]], [[[-121.04998, 41.09742, -6498.6181640625], [-121.05093, 41.10168, -7367.7724609375], [-121.05189, 41.10603, -6504.91259765625], [-121.04998, 41.09742, -6498.6181640625]]], [[[-121.06411, 41.15101, -8409.6513671875], [-121.063, 41.14599, -7418.2109375], [-121.06134, 41.14157, -8215.94140625], [-121.06411, 41.15101, -8409.6513671875]]], [[[-121.10312, 41.27823, -471.1106872558594], [-121.10121, 41.27397, 402.0837097167969], [-121.09934, 41.26977, -464.7620849609375], [-121.10312, 41.27823, -471.1106872558594]]], [[[-121.03308, 41.00435, -17635.853515625], [-121.03206, 40.99556, -17628.369140625], [-121.03255, 40.99993, -18498.7265625], [-121.03308, 41.00435, -17635.853515625]]], [[[-121.02459, 40.95364, -7931.25048828125], [-121.02343, 40.9459, -7438.9365234375], [-121.02343, 40.9459, -8423.564453125], [-121.02459, 40.95364, -7931.25048828125]]], [[[-121.03256, 41.00002, -16766.111328125], [-121.03206, 40.99556, -17628.369140625], [-121.03308, 41.00435, -17635.853515625], [-121.03256, 41.00002, -16766.111328125]]], [[[-121.09936, 41.26981, -5669.451171875], [-121.10124, 41.27403, -4802.94091796875], [-121.0977, 41.26553, -4803.9111328125], [-121.09936, 41.26981, -5669.451171875]]], [[[-121.03117, 40.99128, -16761.94140625], [-121.03206, 40.99556, -17628.369140625], [-121.03256, 41.00002, -16766.111328125], [-121.03117, 40.99128, -16761.94140625]]], [[[-121.02708, 40.96837, -3589.64990234375], [-121.02652, 40.96412, -2660.60009765625], [-121.02608, 40.96068, -3480.029296875], [-121.02708, 40.96837, -3589.64990234375]]], [[[-121.08506, 41.22626, -3957.71435546875], [-121.08604, 41.23069, -3083.683349609375], [-121.08361, 41.22182, -3087.8583984375], [-121.08506, 41.22626, -3957.71435546875]]], [[[-121.03206, 40.99556, -17628.369140625], [-121.03017, 40.98675, -17612.189453125], [-121.03113, 40.9911, -18489.994140625], [-121.03206, 40.99556, -17628.369140625]]], [[[-121.04986, 41.09686, -9778.859375], [-121.05084, 41.10127, -10590.73046875], [-121.05176, 41.10542, -9765.7001953125], [-121.04986, 41.09686, -9778.859375]]], [[[-121.09612, 41.26133, -3935.414306640625], [-121.09775, 41.26566, -3065.677978515625], [-121.0942, 41.25694, -3073.147216796875], [-121.09612, 41.26133, -3935.414306640625]]], [[[-121.02343, 40.9459, -2515.799072265625], [-121.02335, 40.94511, -1601.693115234375], [-121.02215, 40.93816, -2023.4852294921875], [-121.02343, 40.9459, -2515.799072265625]]], [[[-121.03113, 40.9911, -18489.994140625], [-121.03012, 40.98652, -19349.1171875], [-121.03205, 40.99542, -19365.896484375], [-121.03113, 40.9911, -18489.994140625]]], [[[-121.02459, 40.95366, -3959.473876953125], [-121.02346, 40.94613, -3480.79833984375], [-121.02343, 40.9459, -4485.05419921875], [-121.02459, 40.95366, -3959.473876953125]]], [[[-121.02957, 40.98214, -18475.0234375], [-121.03012, 40.98652, -19349.1171875], [-121.03113, 40.9911, -18489.994140625], [-121.02957, 40.98214, -18475.0234375]]], [[[-121.08508, 41.22636, -5700.1005859375], [-121.08364, 41.22192, -4829.58642578125], [-121.08216, 41.21748, -5695.47314453125], [-121.08508, 41.22636, -5700.1005859375]]], [[[-121.11541, 41.30393, -454.86474609375], [-121.11726, 41.3081, 413.32769775390625], [-121.11332, 41.29964, 401.6590270996094], [-121.11541, 41.30393, -454.86474609375]]], [[[-121.09936, 41.26981, -5669.451171875], [-121.0977, 41.26553, -4803.9111328125], [-121.09608, 41.26121, -5665.41259765625], [-121.09936, 41.26981, -5669.451171875]]], [[[-121.07867, 41.20401, -3097.458740234375], [-121.0801, 41.20846, -3962.79345703125], [-121.0811, 41.21296, -3096.078857421875], [-121.07867, 41.20401, -3097.458740234375]]], [[[-121.10121, 41.27397, 402.0837097167969], [-121.10315, 41.2783, 1266.7979736328125], [-121.09933, 41.26974, 1273.27197265625], [-121.10121, 41.27397, 402.0837097167969]]], [[[-121.02816, 40.9732, -18460.962890625], [-121.02714, 40.96864, -19320.94140625], [-121.02906, 40.97754, -19336.05078125], [-121.02816, 40.9732, -18460.962890625]]], [[[-121.10124, 41.27403, -4802.94091796875], [-121.10524, 41.28247, -4800.17626953125], [-121.10307, 41.27815, -3933.49462890625], [-121.10124, 41.27403, -4802.94091796875]]], [[[-121.11728, 41.30812, -1320.14404296875], [-121.12069, 41.31651, -1321.2144775390625], [-121.11911, 41.3123, -453.3745422363281], [-121.11728, 41.30812, -1320.14404296875]]], [[[-121.02653, 40.96423, -18448.412109375], [-121.02593, 40.95967, -19311.06640625], [-121.02714, 40.96864, -19320.94140625], [-121.02653, 40.96423, -18448.412109375]]], [[[-121.02496, 40.95532, -18437.12890625], [-121.02397, 40.95077, -19298.318359375], [-121.02593, 40.95967, -19311.06640625], [-121.02496, 40.95532, -18437.12890625]]], [[[-121.09116, 41.24822, -4796.03662109375], [-121.09421, 41.25697, -4802.50048828125], [-121.09226, 41.25258, -3937.5390625], [-121.09116, 41.24822, -4796.03662109375]]], [[[-121.02438, 40.95271, -1805.400634765625], [-121.02367, 40.94802, -892.4716186523438], [-121.02335, 40.94511, -1601.693115234375], [-121.02438, 40.95271, -1805.400634765625]]], [[[-121.08607, 41.2308, -4824.47021484375], [-121.08707, 41.23519, -3947.894775390625], [-121.08506, 41.22626, -3957.71435546875], [-121.08607, 41.2308, -4824.47021484375]]], [[[-121.02215, 40.93816, -3992.740234375], [-121.02215, 40.93816, -3008.11279296875], [-121.02072, 40.93045, -3500.426513671875], [-121.02215, 40.93816, -3992.740234375]]], [[[-121.02192, 40.93716, -18371.853515625], [-121.02295, 40.94178, -19289.193359375], [-121.02348, 40.94634, -18426.158203125], [-121.02192, 40.93716, -18371.853515625]]], [[[-121.13914, 41.35729, -4386.232421875], [-121.13914, 41.35729, -5364.79443359375], [-121.14271, 41.36461, -4875.513671875], [-121.13914, 41.35729, -4386.232421875]]], [[[-121.02051, 40.9286, -18402.39453125], [-121.02099, 40.93288, -19276.39453125], [-121.02192, 40.93716, -18371.853515625], [-121.02051, 40.9286, -18402.39453125]]], [[[-121.02367, 40.94802, -892.4716186523438], [-121.02521, 40.95644, -904.24169921875], [-121.02421, 40.95193, -52.202430725097656], [-121.02367, 40.94802, -892.4716186523438]]], [[[-121.09421, 41.25697, -4802.50048828125], [-121.09612, 41.26133, -3935.414306640625], [-121.09226, 41.25258, -3937.5390625], [-121.09421, 41.25697, -4802.50048828125]]], [[[-121.02054, 40.92882, 616.8776245117188], [-121.02099, 40.93287, 1522.19677734375], [-121.01998, 40.92389, 1470.672607421875], [-121.02054, 40.92882, 616.8776245117188]]], [[[-121.02051, 40.9286, -18402.39453125], [-121.01998, 40.9239, -19267.318359375], [-121.02099, 40.93288, -19276.39453125], [-121.02051, 40.9286, -18402.39453125]]], [[[-121.13006, 41.33812, -465.78753662109375], [-121.13208, 41.34216, 400.81817626953125], [-121.12822, 41.334, 399.6562805175781], [-121.13006, 41.33812, -465.78753662109375]]], [[[-121.10124, 41.27403, -4802.94091796875], [-121.10307, 41.27815, -3933.49462890625], [-121.09936, 41.2698, -3940.37939453125], [-121.10124, 41.27403, -4802.94091796875]]], [[[-121.0197, 40.92265, -17884.767578125], [-121.01998, 40.9239, -19267.318359375], [-121.02051, 40.9286, -18402.39453125], [-121.0197, 40.92265, -17884.767578125]]], [[[-121.13208, 41.34216, 400.81817626953125], [-121.13627, 41.35111, 397.0635070800781], [-121.13424, 41.34655, 1257.5902099609375], [-121.13208, 41.34216, 400.81817626953125]]], [[[-121.0197, 40.92265, -17884.767578125], [-121.01899, 40.91945, -18768.578125], [-121.01998, 40.9239, -19267.318359375], [-121.0197, 40.92265, -17884.767578125]]], [[[-121.13627, 41.35111, 397.0635070800781], [-121.13805, 41.3551, 1291.588134765625], [-121.13424, 41.34655, 1257.5902099609375], [-121.13627, 41.35111, 397.0635070800781]]], [[[-121.04593, 41.07569, -15830.623046875], [-121.04398, 41.06683, -15834.271484375], [-121.04497, 41.07134, -16699.732421875], [-121.04593, 41.07569, -15830.623046875]]], [[[-121.12427, 41.3251, -1328.2962646484375], [-121.12832, 41.33423, -1380.1309814453125], [-121.12626, 41.32958, -467.61773681640625], [-121.12427, 41.3251, -1328.2962646484375]]], [[[-121.0197, 40.92265, -17884.767578125], [-121.018, 40.915, -18269.83984375], [-121.01899, 40.91945, -18768.578125], [-121.0197, 40.92265, -17884.767578125]]], [[[-121.018, 40.915, -18269.83984375], [-121.0197, 40.92265, -17884.767578125], [-121.018, 40.915, -17285.2109375], [-121.018, 40.915, -18269.83984375]]], [[[-121.12932, 41.33648, -14821.06640625], [-121.13154, 41.34108, -15675.0751953125], [-121.13316, 41.34432, -14885.587890625], [-121.12932, 41.33648, -14821.06640625]]], [[[-121.08714, 41.23539, -5678.5185546875], [-121.08871, 41.23955, -4803.29736328125], [-121.08607, 41.2308, -4824.47021484375], [-121.08714, 41.23539, -5678.5185546875]]], [[[-121.0197, 40.92265, -17884.767578125], [-121.01972, 40.92275, -16803.416015625], [-121.018, 40.915, -17285.2109375], [-121.0197, 40.92265, -17884.767578125]]], [[[-121.0208, 40.93121, -17388.06640625], [-121.01972, 40.92275, -16803.416015625], [-121.0197, 40.92265, -17884.767578125], [-121.0208, 40.93121, -17388.06640625]]], [[[-121.02335, 40.94511, -1601.693115234375], [-121.02218, 40.93831, -1032.1134033203125], [-121.02215, 40.93816, -2023.4852294921875], [-121.02335, 40.94511, -1601.693115234375]]], [[[-121.01972, 40.92275, -16803.416015625], [-121.02072, 40.93045, -16300.583984375], [-121.01971, 40.92269, -15808.2705078125], [-121.01972, 40.92275, -16803.416015625]]], [[[-121.12822, 41.334, 399.6562805175781], [-121.13208, 41.34216, 400.81817626953125], [-121.13005, 41.3381, 1279.390380859375], [-121.12822, 41.334, 399.6562805175781]]], [[[-121.05087, 41.1014, -9028.388671875], [-121.05189, 41.10599, -8236.35546875], [-121.04993, 41.09718, -8227.677734375], [-121.05087, 41.1014, -9028.388671875]]], [[[-121.13914, 41.35729, -2429.1083984375], [-121.14271, 41.36461, -2918.389404296875], [-121.14271, 41.36461, -1939.8272705078125], [-121.13914, 41.35729, -2429.1083984375]]], [[[-121.08871, 41.23955, -4803.29736328125], [-121.09116, 41.24822, -4796.03662109375], [-121.09018, 41.24381, -3939.429443359375], [-121.08871, 41.23955, -4803.29736328125]]], [[[-121.02072, 40.93045, -2515.799072265625], [-121.01971, 40.92269, -2023.4852294921875], [-121.01971, 40.92269, -3008.11279296875], [-121.02072, 40.93045, -2515.799072265625]]], [[[-121.01971, 40.92269, -15808.2705078125], [-121.01971, 40.92269, -14823.642578125], [-121.018, 40.915, -15315.95703125], [-121.01971, 40.92269, -15808.2705078125]]], [[[-121.0641, 41.15096, -1365.6903076171875], [-121.06312, 41.14653, -494.5940246582031], [-121.06156, 41.14216, -1363.6016845703125], [-121.0641, 41.15096, -1365.6903076171875]]], [[[-121.02072, 40.93046, -1522.8251953125], [-121.01975, 40.92287, -1007.8765869140625], [-121.01971, 40.92269, -2023.4852294921875], [-121.02072, 40.93046, -1522.8251953125]]], [[[-121.05651, 41.12454, 383.9631042480469], [-121.05897, 41.13338, 378.05755615234375], [-121.05799, 41.12897, 1248.3175048828125], [-121.05651, 41.12454, 383.9631042480469]]], [[[-121.0325, 40.9995, 724.3955688476562], [-121.03203, 40.99531, 1611.4835205078125], [-121.031, 40.99049, 768.9915161132812], [-121.0325, 40.9995, 724.3955688476562]]], [[[-121.02225, 40.93864, -15832.2470703125], [-121.02227, 40.93873, -14880.0576171875], [-121.02072, 40.93045, -15315.95703125], [-121.02225, 40.93864, -15832.2470703125]]], [[[-121.10923, 41.29101, 395.0940856933594], [-121.11332, 41.29964, 401.6590270996094], [-121.11115, 41.2953, 1261.8060302734375], [-121.10923, 41.29101, 395.0940856933594]]], [[[-121.02225, 40.93864, -15832.2470703125], [-121.02365, 40.94788, -15631.8828125], [-121.02227, 40.93873, -14880.0576171875], [-121.02225, 40.93864, -15832.2470703125]]], [[[-121.08607, 41.2308, -4824.47021484375], [-121.08871, 41.23955, -4803.29736328125], [-121.08707, 41.23519, -3947.894775390625], [-121.08607, 41.2308, -4824.47021484375]]], [[[-121.10525, 41.2825, 397.58453369140625], [-121.10732, 41.28671, -471.62042236328125], [-121.10923, 41.29101, 395.0940856933594], [-121.10525, 41.2825, 397.58453369140625]]], [[[-121.02365, 40.94788, -15631.8828125], [-121.02346, 40.94613, -16653.06640625], [-121.02486, 40.95489, -16635.970703125], [-121.02365, 40.94788, -15631.8828125]]], [[[-121.06409, 41.1509, -3105.826904296875], [-121.06514, 41.15541, -3971.093505859375], [-121.06661, 41.15983, -3104.31103515625], [-121.06409, 41.1509, -3105.826904296875]]], [[[-121.09415, 41.25683, 392.6457214355469], [-121.09768, 41.26549, 400.4405212402344], [-121.09603, 41.26107, 1263.442626953125], [-121.09415, 41.25683, 392.6457214355469]]], [[[-121.02577, 40.95898, -15804.3662109375], [-121.02365, 40.94788, -15631.8828125], [-121.02486, 40.95489, -16635.970703125], [-121.02577, 40.95898, -15804.3662109375]]], [[[-121.06515, 41.15544, -497.9312744140625], [-121.06411, 41.151, 372.1929626464844], [-121.06312, 41.14653, -494.5940246582031], [-121.06515, 41.15544, -497.9312744140625]]], [[[-121.02084, 40.93153, -407.0658264160156], [-121.01975, 40.92287, -1007.8765869140625], [-121.02072, 40.93046, -1522.8251953125], [-121.02084, 40.93153, -407.0658264160156]]], [[[-121.02468, 40.95404, -14932.6083984375], [-121.02365, 40.94788, -15631.8828125], [-121.02577, 40.95898, -15804.3662109375], [-121.02468, 40.95404, -14932.6083984375]]], [[[-121.02218, 40.93831, -1032.1134033203125], [-121.02335, 40.94511, -1601.693115234375], [-121.02367, 40.94802, -892.4716186523438], [-121.02218, 40.93831, -1032.1134033203125]]], [[[-121.02468, 40.95404, -14932.6083984375], [-121.02346, 40.94613, -14420.0537109375], [-121.02365, 40.94788, -15631.8828125], [-121.02468, 40.95404, -14932.6083984375]]], [[[-121.06661, 41.15982, -1368.155517578125], [-121.06805, 41.16422, -497.9226989746094], [-121.06515, 41.15544, -497.9312744140625], [-121.06661, 41.15982, -1368.155517578125]]], [[[-121.06904, 41.16868, -1365.7210693359375], [-121.0715, 41.17749, -1364.06787109375], [-121.07004, 41.17312, -496.5538635253906], [-121.06904, 41.16868, -1365.7210693359375]]], [[[-121.13574, 41.34992, -9768.32421875], [-121.13914, 41.35729, -10257.6044921875], [-121.13914, 41.35729, -9279.04296875], [-121.13574, 41.34992, -9768.32421875]]], [[[-121.02607, 40.96053, -14332.8603515625], [-121.02724, 40.96907, -14105.400390625], [-121.0262, 40.96162, -13376.9404296875], [-121.02607, 40.96053, -14332.8603515625]]], [[[-121.07006, 41.17319, -3962.2822265625], [-121.06908, 41.16884, -4841.21044921875], [-121.07148, 41.17745, -4830.75830078125], [-121.07006, 41.17319, -3962.2822265625]]], [[[-121.0262, 40.96162, -13376.9404296875], [-121.02459, 40.95364, -13847.5126953125], [-121.02607, 40.96053, -14332.8603515625], [-121.0262, 40.96162, -13376.9404296875]]], [[[-121.13891, 41.35682, -452.7720642089844], [-121.14005, 41.3591, 489.6125793457031], [-121.13627, 41.35111, 397.0635070800781], [-121.13891, 41.35682, -452.7720642089844]]], [[[-121.06514, 41.15541, -2239.26025390625], [-121.0641, 41.15096, -1365.6903076171875], [-121.06311, 41.14649, -2232.633544921875], [-121.06514, 41.15541, -2239.26025390625]]], [[[-121.13224, 41.34248, -3386.352783203125], [-121.12854, 41.33471, -3853.792724609375], [-121.13229, 41.34257, -4386.232421875], [-121.13224, 41.34248, -3386.352783203125]]], [[[-121.0262, 40.96162, -13376.9404296875], [-121.02459, 40.95364, -12854.3876953125], [-121.02459, 40.95364, -13847.5126953125], [-121.0262, 40.96162, -13376.9404296875]]], [[[-121.05799, 41.12897, 1248.3175048828125], [-121.05897, 41.13338, 378.05755615234375], [-121.05997, 41.13787, 1243.7186279296875], [-121.05799, 41.12897, 1248.3175048828125]]], [[[-121.02303, 40.94231, -147.82862854003906], [-121.022, 40.9375, 626.172119140625], [-121.02084, 40.93153, -407.0658264160156], [-121.02303, 40.94231, -147.82862854003906]]], [[[-121.02622, 40.96177, -12404.0537109375], [-121.02459, 40.95364, -12854.3876953125], [-121.0262, 40.96162, -13376.9404296875], [-121.02622, 40.96177, -12404.0537109375]]], [[[-121.0811, 41.21296, -3096.078857421875], [-121.08216, 41.21749, -3963.77587890625], [-121.08361, 41.22182, -3087.8583984375], [-121.0811, 41.21296, -3096.078857421875]]], [[[-121.04591, 41.07559, -14093.7275390625], [-121.04494, 41.07123, -14968.6142578125], [-121.04646, 41.08018, -14955.9130859375], [-121.04591, 41.07559, -14093.7275390625]]], [[[-121.02459, 40.95364, -12854.3876953125], [-121.02622, 40.96177, -12404.0537109375], [-121.02459, 40.95364, -11869.7607421875], [-121.02459, 40.95364, -12854.3876953125]]], [[[-121.08523, 41.22705, -9283.5517578125], [-121.08633, 41.232, -10162.1943359375], [-121.08741, 41.23609, -9247.033203125], [-121.08523, 41.22705, -9283.5517578125]]], [[[-121.07148, 41.17745, -4830.75830078125], [-121.07293, 41.1818, -3967.205322265625], [-121.07006, 41.17319, -3962.2822265625], [-121.07148, 41.17745, -4830.75830078125]]], [[[-121.12967, 41.33725, -16559.47265625], [-121.12794, 41.33336, -17454.697265625], [-121.13194, 41.34187, -17401.16015625], [-121.12967, 41.33725, -16559.47265625]]], [[[-121.02459, 40.95364, -12854.3876953125], [-121.02459, 40.95364, -11869.7607421875], [-121.02343, 40.9459, -12362.07421875], [-121.02459, 40.95364, -12854.3876953125]]], [[[-121.06514, 41.15541, -3971.093505859375], [-121.06409, 41.1509, -3105.826904296875], [-121.0631, 41.14647, -3967.0703125], [-121.06514, 41.15541, -3971.093505859375]]], [[[-121.02459, 40.95364, -12854.3876953125], [-121.02343, 40.9459, -12362.07421875], [-121.02343, 40.9459, -13346.7021484375], [-121.02459, 40.95364, -12854.3876953125]]], [[[-121.06805, 41.16422, -497.9226989746094], [-121.06661, 41.15983, 370.79388427734375], [-121.06515, 41.15544, -497.9312744140625], [-121.06805, 41.16422, -497.9226989746094]]], [[[-121.13914, 41.35729, -4386.232421875], [-121.14271, 41.36461, -4875.513671875], [-121.14271, 41.36461, -3896.951416015625], [-121.13914, 41.35729, -4386.232421875]]], [[[-121.09228, 41.25262, -5671.4658203125], [-121.09421, 41.25697, -4802.50048828125], [-121.09116, 41.24822, -4796.03662109375], [-121.09228, 41.25262, -5671.4658203125]]], [[[-121.12428, 41.32513, 397.15399169921875], [-121.12624, 41.32954, 1255.3363037109375], [-121.12244, 41.32099, 1274.4815673828125], [-121.12428, 41.32513, 397.15399169921875]]], [[[-121.02459, 40.95364, -13847.5126953125], [-121.02343, 40.9459, -13346.7021484375], [-121.02346, 40.94613, -14420.0537109375], [-121.02459, 40.95364, -13847.5126953125]]], [[[-121.02421, 40.95193, -52.202430725097656], [-121.02356, 40.94708, 784.9974365234375], [-121.02303, 40.94231, -147.82862854003906], [-121.02421, 40.95193, -52.202430725097656]]], [[[-121.0641, 41.15096, -1365.6903076171875], [-121.06515, 41.15544, -497.9312744140625], [-121.06312, 41.14653, -494.5940246582031], [-121.0641, 41.15096, -1365.6903076171875]]], [[[-121.02367, 40.94802, -892.4716186523438], [-121.02421, 40.95193, -52.202430725097656], [-121.02303, 40.94231, -147.82862854003906], [-121.02367, 40.94802, -892.4716186523438]]], [[[-121.02343, 40.9459, -13346.7021484375], [-121.02215, 40.93816, -13839.015625], [-121.02346, 40.94613, -14420.0537109375], [-121.02343, 40.9459, -13346.7021484375]]], [[[-121.026, 40.96003, 8.50747013092041], [-121.02652, 40.96415, 888.2802734375], [-121.025, 40.9555, 860.0511474609375], [-121.026, 40.96003, 8.50747013092041]]], [[[-121.0977, 41.26553, -4803.9111328125], [-121.10124, 41.27403, -4802.94091796875], [-121.09936, 41.2698, -3940.37939453125], [-121.0977, 41.26553, -4803.9111328125]]], [[[-121.12245, 41.32102, -2207.317138671875], [-121.12069, 41.31651, -1321.2144775390625], [-121.11911, 41.31228, -2186.7041015625], [-121.12245, 41.32102, -2207.317138671875]]], [[[-121.07517, 41.19076, -5701.98583984375], [-121.07618, 41.19532, -4837.2216796875], [-121.07407, 41.18626, -4834.70458984375], [-121.07517, 41.19076, -5701.98583984375]]], [[[-121.13914, 41.35729, -9279.04296875], [-121.14271, 41.36461, -8789.76171875], [-121.13914, 41.35729, -8300.48046875], [-121.13914, 41.35729, -9279.04296875]]], [[[-121.02215, 40.93816, -13839.015625], [-121.02215, 40.93816, -12854.3876953125], [-121.02072, 40.93045, -13346.7021484375], [-121.02215, 40.93816, -13839.015625]]], [[[-121.10525, 41.2825, 397.58453369140625], [-121.10923, 41.29101, 395.0940856933594], [-121.10733, 41.28675, 1264.304931640625], [-121.10525, 41.2825, 397.58453369140625]]], [[[-121.06411, 41.151, 372.1929626464844], [-121.06515, 41.15546, 1238.976318359375], [-121.06313, 41.14657, 1241.3438720703125], [-121.06411, 41.151, 372.1929626464844]]], [[[-121.13574, 41.34992, -4875.513671875], [-121.13914, 41.35729, -4386.232421875], [-121.13574, 41.34992, -3896.951416015625], [-121.13574, 41.34992, -4875.513671875]]], [[[-121.09018, 41.24381, -3939.429443359375], [-121.09114, 41.24812, -3069.88916015625], [-121.08868, 41.23948, -3076.9638671875], [-121.09018, 41.24381, -3939.429443359375]]], [[[-121.13574, 41.34992, -9768.32421875], [-121.13574, 41.34992, -10746.8857421875], [-121.13914, 41.35729, -10257.6044921875], [-121.13574, 41.34992, -9768.32421875]]], [[[-121.02215, 40.93816, -13839.015625], [-121.02072, 40.93045, -13346.7021484375], [-121.02072, 40.93045, -14331.3291015625], [-121.02215, 40.93816, -13839.015625]]], [[[-121.02303, 40.94231, -147.82862854003906], [-121.02356, 40.94708, 784.9974365234375], [-121.022, 40.9375, 626.172119140625], [-121.02303, 40.94231, -147.82862854003906]]], [[[-121.02227, 40.93873, -14880.0576171875], [-121.02215, 40.93816, -13839.015625], [-121.02072, 40.93045, -14331.3291015625], [-121.02227, 40.93873, -14880.0576171875]]], [[[-121.12877, 41.33524, -5854.07568359375], [-121.13229, 41.34257, -5364.79443359375], [-121.12877, 41.33524, -4875.513671875], [-121.12877, 41.33524, -5854.07568359375]]], [[[-121.07617, 41.19526, -3102.878173828125], [-121.07517, 41.19076, -2235.943359375], [-121.07407, 41.18628, -3105.397705078125], [-121.07617, 41.19526, -3102.878173828125]]], [[[-121.12074, 41.31665, -3057.392333984375], [-121.1247, 41.32608, -3161.5966796875], [-121.12245, 41.32102, -2207.317138671875], [-121.12074, 41.31665, -3057.392333984375]]], [[[-121.02227, 40.93873, -14880.0576171875], [-121.02346, 40.94613, -14420.0537109375], [-121.02215, 40.93816, -13839.015625], [-121.02227, 40.93873, -14880.0576171875]]], [[[-121.02346, 40.94613, -14420.0537109375], [-121.02227, 40.93873, -14880.0576171875], [-121.02365, 40.94788, -15631.8828125], [-121.02346, 40.94613, -14420.0537109375]]], [[[-121.11994, 41.3145, -14106.544921875], [-121.11806, 41.30989, -13267.7529296875], [-121.11638, 41.30611, -14158.5732421875], [-121.11994, 41.3145, -14106.544921875]]], [[[-121.0811, 41.21296, -3096.078857421875], [-121.08361, 41.22182, -3087.8583984375], [-121.08214, 41.21742, -2226.6259765625], [-121.0811, 41.21296, -3096.078857421875]]], [[[-121.13224, 41.34248, -3386.352783203125], [-121.13574, 41.34992, -3896.951416015625], [-121.13563, 41.34966, -2899.86962890625], [-121.13224, 41.34248, -3386.352783203125]]], [[[-121.02227, 40.93873, -14880.0576171875], [-121.02072, 40.93045, -14331.3291015625], [-121.02072, 40.93045, -15315.95703125], [-121.02227, 40.93873, -14880.0576171875]]], [[[-121.02072, 40.93045, -14331.3291015625], [-121.01971, 40.92269, -14823.642578125], [-121.02072, 40.93045, -15315.95703125], [-121.02072, 40.93045, -14331.3291015625]]], [[[-121.02883, 40.97623, -1766.1302490234375], [-121.0299, 40.98508, -1804.0126953125], [-121.02943, 40.98087, -918.0960083007812], [-121.02883, 40.97623, -1766.1302490234375]]], [[[-121.08111, 41.21297, -4829.3095703125], [-121.08364, 41.22192, -4829.58642578125], [-121.08216, 41.21749, -3963.77587890625], [-121.08111, 41.21297, -4829.3095703125]]], [[[-121.12545, 41.32776, -4342.5546875], [-121.12544, 41.32774, -5352.99658203125], [-121.12877, 41.33524, -4875.513671875], [-121.12545, 41.32776, -4342.5546875]]], [[[-121.01971, 40.92269, -14823.642578125], [-121.02072, 40.93045, -14331.3291015625], [-121.01971, 40.92269, -13839.015625], [-121.01971, 40.92269, -14823.642578125]]], [[[-121.02892, 40.97666, -29.734928131103516], [-121.02943, 40.98087, -918.0960083007812], [-121.02998, 40.98579, -76.20930480957031], [-121.02892, 40.97666, -29.734928131103516]]], [[[-121.09228, 41.25262, -5671.4658203125], [-121.09116, 41.24822, -4796.03662109375], [-121.0902, 41.2439, -5665.6689453125], [-121.09228, 41.25262, -5671.4658203125]]], [[[-121.031, 40.99049, 768.9915161132812], [-121.03009, 40.98642, 1660.370361328125], [-121.02952, 40.98168, 809.2058715820312], [-121.031, 40.99049, 768.9915161132812]]], [[[-121.01971, 40.92269, -14823.642578125], [-121.01971, 40.92269, -13839.015625], [-121.018, 40.915, -14331.3291015625], [-121.01971, 40.92269, -14823.642578125]]], [[[-121.14271, 41.36461, -7811.19970703125], [-121.14271, 41.36461, -8789.76171875], [-121.146, 41.372, -8300.48046875], [-121.14271, 41.36461, -7811.19970703125]]], [[[-121.07006, 41.17319, -3962.2822265625], [-121.0715, 41.17749, -3097.267578125], [-121.06905, 41.16873, -3102.81201171875], [-121.07006, 41.17319, -3962.2822265625]]], [[[-121.02702, 40.9681, -5.221673965454102], [-121.02799, 40.97247, 861.1806030273438], [-121.02652, 40.96415, 888.2802734375], [-121.02702, 40.9681, -5.221673965454102]]], [[[-121.01971, 40.92269, -14823.642578125], [-121.018, 40.915, -14331.3291015625], [-121.018, 40.915, -15315.95703125], [-121.01971, 40.92269, -14823.642578125]]], [[[-121.03599, 41.02191, -195.37069702148438], [-121.03549, 41.01745, 679.5430908203125], [-121.03497, 41.01288, -176.43434143066406], [-121.03599, 41.02191, -195.37069702148438]]], [[[-121.06806, 41.16426, -3977.6953125], [-121.06659, 41.15978, -4840.4013671875], [-121.06908, 41.16884, -4841.21044921875], [-121.06806, 41.16426, -3977.6953125]]], [[[-121.12378, 41.32401, -15773.5703125], [-121.12205, 41.32012, -16669.08203125], [-121.12586, 41.32869, -16615.74609375], [-121.12378, 41.32401, -15773.5703125]]], [[[-121.01971, 40.92269, -13839.015625], [-121.018, 40.915, -13346.7021484375], [-121.018, 40.915, -14331.3291015625], [-121.01971, 40.92269, -13839.015625]]], [[[-121.02883, 40.97623, -1766.1302490234375], [-121.02937, 40.98035, -2650.459716796875], [-121.0299, 40.98508, -1804.0126953125], [-121.02883, 40.97623, -1766.1302490234375]]], [[[-121.09116, 41.24823, -6534.57763671875], [-121.0942, 41.25696, -6539.4306640625], [-121.09228, 41.25262, -5671.4658203125], [-121.09116, 41.24823, -6534.57763671875]]], [[[-121.14271, 41.36461, -3896.951416015625], [-121.146, 41.372, -3407.67041015625], [-121.14271, 41.36461, -2918.389404296875], [-121.14271, 41.36461, -3896.951416015625]]], [[[-121.01971, 40.92269, -13839.015625], [-121.01971, 40.92269, -12854.3876953125], [-121.018, 40.915, -13346.7021484375], [-121.01971, 40.92269, -13839.015625]]], [[[-121.04187, 41.0529, 490.0545349121094], [-121.04296, 41.0578, 1326.886474609375], [-121.04098, 41.04892, 1386.1181640625], [-121.04187, 41.0529, 490.0545349121094]]], [[[-121.08216, 41.21748, -5695.47314453125], [-121.08364, 41.22192, -4829.58642578125], [-121.08111, 41.21297, -4829.3095703125], [-121.08216, 41.21748, -5695.47314453125]]], [[[-121.03404, 41.00867, 699.2897338867188], [-121.03549, 41.01745, 679.5430908203125], [-121.03502, 41.0132, 1562.5731201171875], [-121.03404, 41.00867, 699.2897338867188]]], [[[-121.01971, 40.92269, -13839.015625], [-121.02072, 40.93045, -13346.7021484375], [-121.01971, 40.92269, -12854.3876953125], [-121.01971, 40.92269, -13839.015625]]], [[[-121.12545, 41.32776, -4342.5546875], [-121.1247, 41.32608, -3161.5966796875], [-121.12235, 41.32078, -3920.603759765625], [-121.12545, 41.32776, -4342.5546875]]], [[[-121.0811, 41.21296, -3096.078857421875], [-121.08214, 41.21742, -2226.6259765625], [-121.08009, 41.2084, -2233.52099609375], [-121.0811, 41.21296, -3096.078857421875]]], [[[-121.02215, 40.93816, -2023.4852294921875], [-121.02218, 40.93831, -1032.1134033203125], [-121.02072, 40.93046, -1522.8251953125], [-121.02215, 40.93816, -2023.4852294921875]]], [[[-121.02072, 40.93045, -13346.7021484375], [-121.01971, 40.92269, -13839.015625], [-121.02072, 40.93045, -14331.3291015625], [-121.02072, 40.93045, -13346.7021484375]]], [[[-121.02892, 40.97666, -29.734928131103516], [-121.02998, 40.98579, -76.20930480957031], [-121.02952, 40.98168, 809.2058715820312], [-121.02892, 40.97666, -29.734928131103516]]], [[[-121.06409, 41.1509, -3105.826904296875], [-121.06661, 41.15983, -3104.31103515625], [-121.06514, 41.15541, -2239.26025390625], [-121.06409, 41.1509, -3105.826904296875]]], [[[-121.03679, 41.02556, -1103.009765625], [-121.03599, 41.02191, -195.37069702148438], [-121.03547, 41.01725, -1057.324951171875], [-121.03679, 41.02556, -1103.009765625]]], [[[-121.02072, 40.93045, -12362.07421875], [-121.01971, 40.92269, -12854.3876953125], [-121.02072, 40.93045, -13346.7021484375], [-121.02072, 40.93045, -12362.07421875]]], [[[-121.031, 40.99049, 768.9915161132812], [-121.03203, 40.99531, 1611.4835205078125], [-121.03009, 40.98642, 1660.370361328125], [-121.031, 40.99049, 768.9915161132812]]], [[[-121.06409, 41.15091, -4842.09619140625], [-121.06514, 41.15541, -3971.093505859375], [-121.0631, 41.14647, -3967.0703125], [-121.06409, 41.15091, -4842.09619140625]]], [[[-121.03831, 41.03379, -2863.831787109375], [-121.03882, 41.03839, -2014.5355224609375], [-121.03771, 41.02972, -1982.050537109375], [-121.03831, 41.03379, -2863.831787109375]]], [[[-121.08707, 41.23519, -3947.894775390625], [-121.08868, 41.23948, -3076.9638671875], [-121.08604, 41.23069, -3083.683349609375], [-121.08707, 41.23519, -3947.894775390625]]], [[[-121.1247, 41.32608, -3161.5966796875], [-121.12862, 41.33489, -2926.294189453125], [-121.12649, 41.33011, -2201.886962890625], [-121.1247, 41.32608, -3161.5966796875]]], [[[-121.01971, 40.92269, -12854.3876953125], [-121.02072, 40.93045, -12362.07421875], [-121.01971, 40.92269, -11869.7607421875], [-121.01971, 40.92269, -12854.3876953125]]], [[[-121.01971, 40.92269, -12854.3876953125], [-121.01971, 40.92269, -11869.7607421875], [-121.018, 40.915, -12362.07421875], [-121.01971, 40.92269, -12854.3876953125]]], [[[-121.03842, 41.03476, 606.6190185546875], [-121.03995, 41.04427, 531.0880126953125], [-121.039, 41.04002, 1411.44287109375], [-121.03842, 41.03476, 606.6190185546875]]], [[[-121.06157, 41.14219, 374.5640563964844], [-121.06411, 41.151, 372.1929626464844], [-121.06313, 41.14657, 1241.3438720703125], [-121.06157, 41.14219, 374.5640563964844]]], [[[-121.01971, 40.92269, -12854.3876953125], [-121.018, 40.915, -12362.07421875], [-121.018, 40.915, -13346.7021484375], [-121.01971, 40.92269, -12854.3876953125]]], [[[-121.07869, 41.20407, -4829.93994140625], [-121.08111, 41.21297, -4829.3095703125], [-121.0801, 41.20846, -3962.79345703125], [-121.07869, 41.20407, -4829.93994140625]]], [[[-121.03771, 41.02972, -1982.050537109375], [-121.03837, 41.03432, -1129.677001953125], [-121.03679, 41.02556, -1103.009765625], [-121.03771, 41.02972, -1982.050537109375]]], [[[-121.06157, 41.14219, 374.5640563964844], [-121.05997, 41.13787, 1243.7186279296875], [-121.05897, 41.13338, 378.05755615234375], [-121.06157, 41.14219, 374.5640563964844]]], [[[-121.01971, 40.92269, -11869.7607421875], [-121.01971, 40.92269, -10885.1328125], [-121.018, 40.915, -11377.4462890625], [-121.01971, 40.92269, -11869.7607421875]]], [[[-121.10315, 41.2783, -5664.12255859375], [-121.10124, 41.27403, -4802.94091796875], [-121.09936, 41.26981, -5669.451171875], [-121.10315, 41.2783, -5664.12255859375]]], [[[-121.03831, 41.03379, -2863.831787109375], [-121.03877, 41.03797, -3737.8720703125], [-121.03959, 41.04265, -2896.806396484375], [-121.03831, 41.03379, -2863.831787109375]]], [[[-121.01971, 40.92269, -11869.7607421875], [-121.02072, 40.93045, -11377.4462890625], [-121.01971, 40.92269, -10885.1328125], [-121.01971, 40.92269, -11869.7607421875]]], [[[-121.03837, 41.03432, -1129.677001953125], [-121.03888, 41.03895, -277.3756103515625], [-121.03781, 41.03013, -250.57086181640625], [-121.03837, 41.03432, -1129.677001953125]]], [[[-121.06659, 41.15978, -4840.4013671875], [-121.06806, 41.16426, -3977.6953125], [-121.06514, 41.15541, -3971.093505859375], [-121.06659, 41.15978, -4840.4013671875]]], [[[-121.04645, 41.08009, -1280.1209716796875], [-121.04695, 41.08459, -408.1432800292969], [-121.04587, 41.07542, -420.16778564453125], [-121.04645, 41.08009, -1280.1209716796875]]], [[[-121.02072, 40.93045, -11377.4462890625], [-121.01971, 40.92269, -11869.7607421875], [-121.02072, 40.93045, -12362.07421875], [-121.02072, 40.93045, -11377.4462890625]]], [[[-121.14271, 41.36461, -4875.513671875], [-121.146, 41.372, -4386.232421875], [-121.14271, 41.36461, -3896.951416015625], [-121.14271, 41.36461, -4875.513671875]]], [[[-121.02215, 40.93816, -11869.7607421875], [-121.02072, 40.93045, -11377.4462890625], [-121.02072, 40.93045, -12362.07421875], [-121.02215, 40.93816, -11869.7607421875]]], [[[-121.08508, 41.22636, -5700.1005859375], [-121.08607, 41.2308, -4824.47021484375], [-121.08364, 41.22192, -4829.58642578125], [-121.08508, 41.22636, -5700.1005859375]]], [[[-121.11963, 41.31367, -12373.4365234375], [-121.11833, 41.3105, -11434.34765625], [-121.11609, 41.30546, -12413.7001953125], [-121.11963, 41.31367, -12373.4365234375]]], [[[-121.08216, 41.21749, -3963.77587890625], [-121.0811, 41.21296, -3096.078857421875], [-121.0801, 41.20846, -3962.79345703125], [-121.08216, 41.21749, -3963.77587890625]]], [[[-121.14271, 41.36461, -12704.009765625], [-121.146, 41.372, -13193.291015625], [-121.146, 41.372, -12214.7294921875], [-121.14271, 41.36461, -12704.009765625]]], [[[-121.02343, 40.9459, -11377.4462890625], [-121.02215, 40.93816, -10885.1328125], [-121.02215, 40.93816, -11869.7607421875], [-121.02343, 40.9459, -11377.4462890625]]], [[[-121.07869, 41.20407, -4829.93994140625], [-121.08011, 41.20849, -5704.251953125], [-121.08111, 41.21297, -4829.3095703125], [-121.07869, 41.20407, -4829.93994140625]]], [[[-121.03671, 41.02521, -2836.79248046875], [-121.03771, 41.02972, -1982.050537109375], [-121.03589, 41.02104, -1959.9283447265625], [-121.03671, 41.02521, -2836.79248046875]]], [[[-121.08108, 41.21285, 374.95672607421875], [-121.08209, 41.21728, 1243.81396484375], [-121.08008, 41.20838, 1242.0357666015625], [-121.08108, 41.21285, 374.95672607421875]]], [[[-121.10211, 41.276, -11696.85546875], [-121.10007, 41.2714, -10853.3837890625], [-121.09841, 41.26744, -11741.0517578125], [-121.10211, 41.276, -11696.85546875]]], [[[-121.02215, 40.93816, -10885.1328125], [-121.02343, 40.9459, -10392.8193359375], [-121.02215, 40.93816, -9900.505859375], [-121.02215, 40.93816, -10885.1328125]]], [[[-121.0641, 41.15096, -1365.6903076171875], [-121.06514, 41.15541, -2239.26025390625], [-121.06661, 41.15982, -1368.155517578125], [-121.0641, 41.15096, -1365.6903076171875]]], [[[-121.13914, 41.35729, -3407.67041015625], [-121.13574, 41.34992, -3896.951416015625], [-121.13914, 41.35729, -4386.232421875], [-121.13914, 41.35729, -3407.67041015625]]], [[[-121.02215, 40.93816, -10885.1328125], [-121.02215, 40.93816, -9900.505859375], [-121.02072, 40.93045, -10392.8193359375], [-121.02215, 40.93816, -10885.1328125]]], [[[-121.03877, 41.03797, -3737.8720703125], [-121.03831, 41.03379, -2863.831787109375], [-121.03761, 41.02927, -3715.996337890625], [-121.03877, 41.03797, -3737.8720703125]]], [[[-121.08503, 41.22614, -2220.663818359375], [-121.08359, 41.22177, -1356.2762451171875], [-121.08214, 41.21742, -2226.6259765625], [-121.08503, 41.22614, -2220.663818359375]]], [[[-121.14271, 41.36461, -14661.134765625], [-121.146, 41.372, -15150.4150390625], [-121.146, 41.372, -14171.853515625], [-121.14271, 41.36461, -14661.134765625]]], [[[-121.02215, 40.93816, -10885.1328125], [-121.02072, 40.93045, -10392.8193359375], [-121.02072, 40.93045, -11377.4462890625], [-121.02215, 40.93816, -10885.1328125]]], [[[-121.07295, 41.18186, 1239.4520263671875], [-121.07407, 41.1863, 371.5446472167969], [-121.07516, 41.19073, 1239.576416015625], [-121.07295, 41.18186, 1239.4520263671875]]], [[[-121.03837, 41.03432, -1129.677001953125], [-121.03882, 41.03839, -2014.5355224609375], [-121.03968, 41.04305, -1168.7275390625], [-121.03837, 41.03432, -1129.677001953125]]], [[[-121.02072, 40.93045, -10392.8193359375], [-121.01971, 40.92269, -10885.1328125], [-121.02072, 40.93045, -11377.4462890625], [-121.02072, 40.93045, -10392.8193359375]]], [[[-121.11588, 41.30497, -10677.970703125], [-121.11411, 41.30121, -11572.537109375], [-121.11833, 41.3105, -11434.34765625], [-121.11588, 41.30497, -10677.970703125]]], [[[-121.06308, 41.14634, -5703.08642578125], [-121.06409, 41.15091, -4842.09619140625], [-121.06151, 41.14202, -4832.10986328125], [-121.06308, 41.14634, -5703.08642578125]]], [[[-121.13914, 41.35729, -14171.853515625], [-121.14271, 41.36461, -14661.134765625], [-121.14271, 41.36461, -13682.572265625], [-121.13914, 41.35729, -14171.853515625]]], [[[-121.07293, 41.1818, -3967.205322265625], [-121.0715, 41.17749, -3097.267578125], [-121.07006, 41.17319, -3962.2822265625], [-121.07293, 41.1818, -3967.205322265625]]], [[[-121.0325, 40.9995, 724.3955688476562], [-121.03307, 41.0043, 1571.861572265625], [-121.03203, 40.99531, 1611.4835205078125], [-121.0325, 40.9995, 724.3955688476562]]], [[[-121.01971, 40.92269, -10885.1328125], [-121.01971, 40.92269, -9900.505859375], [-121.018, 40.915, -10392.8193359375], [-121.01971, 40.92269, -10885.1328125]]], [[[-121.04796, 41.08886, -13223.2548828125], [-121.04904, 41.09318, -14084.2861328125], [-121.04997, 41.09738, -13211.6689453125], [-121.04796, 41.08886, -13223.2548828125]]], [[[-121.07005, 41.17314, -2232.000244140625], [-121.0715, 41.17749, -1364.06787109375], [-121.06904, 41.16868, -1365.7210693359375], [-121.07005, 41.17314, -2232.000244140625]]], [[[-121.13388, 41.34576, -16507.958984375], [-121.13194, 41.34187, -17401.16015625], [-121.13593, 41.35034, -17347.869140625], [-121.13388, 41.34576, -16507.958984375]]], [[[-121.01971, 40.92269, -10885.1328125], [-121.018, 40.915, -10392.8193359375], [-121.018, 40.915, -11377.4462890625], [-121.01971, 40.92269, -10885.1328125]]], [[[-121.13816, 41.35532, -16359.6806640625], [-121.13593, 41.35034, -17347.869140625], [-121.13983, 41.35867, -17309.755859375], [-121.13816, 41.35532, -16359.6806640625]]], [[[-121.07615, 41.19519, 372.3211975097656], [-121.07867, 41.20401, 373.55047607421875], [-121.07721, 41.19962, 1241.0035400390625], [-121.07615, 41.19519, 372.3211975097656]]], [[[-121.03589, 41.02104, -1959.9283447265625], [-121.03771, 41.02972, -1982.050537109375], [-121.03679, 41.02556, -1103.009765625], [-121.03589, 41.02104, -1959.9283447265625]]], [[[-121.01971, 40.92269, -9900.505859375], [-121.018, 40.915, -9408.19140625], [-121.018, 40.915, -10392.8193359375], [-121.01971, 40.92269, -9900.505859375]]], [[[-121.06805, 41.16422, -497.9226989746094], [-121.06661, 41.15982, -1368.155517578125], [-121.06904, 41.16868, -1365.7210693359375], [-121.06805, 41.16422, -497.9226989746094]]], [[[-121.02793, 40.97217, -2650.542724609375], [-121.02702, 40.9681, -1766.7264404296875], [-121.02652, 40.96412, -2660.60009765625], [-121.02793, 40.97217, -2650.542724609375]]], [[[-121.01971, 40.92269, -9900.505859375], [-121.01971, 40.92269, -8915.8779296875], [-121.018, 40.915, -9408.19140625], [-121.01971, 40.92269, -9900.505859375]]], [[[-121.03837, 41.03432, -1129.677001953125], [-121.03968, 41.04305, -1168.7275390625], [-121.03888, 41.03895, -277.3756103515625], [-121.03837, 41.03432, -1129.677001953125]]], [[[-121.07517, 41.19076, -2235.943359375], [-121.07722, 41.19967, -2230.712158203125], [-121.07616, 41.19522, -1364.524169921875], [-121.07517, 41.19076, -2235.943359375]]], [[[-121.12544, 41.32774, -5352.99658203125], [-121.1222, 41.32045, -5854.07568359375], [-121.12549, 41.32784, -6343.3564453125], [-121.12544, 41.32774, -5352.99658203125]]], [[[-121.01971, 40.92269, -9900.505859375], [-121.02072, 40.93045, -9408.19140625], [-121.01971, 40.92269, -8915.8779296875], [-121.01971, 40.92269, -9900.505859375]]], [[[-121.04904, 41.09318, -14084.2861328125], [-121.04796, 41.08886, -13223.2548828125], [-121.04696, 41.08468, -14094.1826171875], [-121.04904, 41.09318, -14084.2861328125]]], [[[-121.07296, 41.18187, -496.4199523925781], [-121.07517, 41.19075, -497.0133361816406], [-121.07407, 41.1863, 371.5446472167969], [-121.07296, 41.18187, -496.4199523925781]]], [[[-121.03589, 41.02104, -1959.9283447265625], [-121.03679, 41.02556, -1103.009765625], [-121.03547, 41.01725, -1057.324951171875], [-121.03589, 41.02104, -1959.9283447265625]]], [[[-121.02072, 40.93045, -9408.19140625], [-121.01971, 40.92269, -9900.505859375], [-121.02072, 40.93045, -10392.8193359375], [-121.02072, 40.93045, -9408.19140625]]], [[[-121.12562, 41.32815, -14839.0380859375], [-121.12172, 41.31925, -14939.0751953125], [-121.12378, 41.32401, -15773.5703125], [-121.12562, 41.32815, -14839.0380859375]]], [[[-121.06908, 41.16884, -4841.21044921875], [-121.07006, 41.17319, -3962.2822265625], [-121.06806, 41.16426, -3977.6953125], [-121.06908, 41.16884, -4841.21044921875]]], [[[-121.12877, 41.33524, -6832.6376953125], [-121.13229, 41.34257, -6343.3564453125], [-121.12877, 41.33524, -5854.07568359375], [-121.12877, 41.33524, -6832.6376953125]]], [[[-121.02215, 40.93816, -9900.505859375], [-121.02072, 40.93045, -9408.19140625], [-121.02072, 40.93045, -10392.8193359375], [-121.02215, 40.93816, -9900.505859375]]], [[[-121.03702, 41.0266, 661.4979858398438], [-121.03842, 41.03476, 606.6190185546875], [-121.03801, 41.03108, 1527.204833984375], [-121.03702, 41.0266, 661.4979858398438]]], [[[-121.07005, 41.17314, -2232.000244140625], [-121.06905, 41.16873, -3102.81201171875], [-121.0715, 41.17749, -3097.267578125], [-121.07005, 41.17314, -2232.000244140625]]], [[[-121.13154, 41.34108, -15675.0751953125], [-121.13388, 41.34576, -16507.958984375], [-121.13561, 41.34963, -15601.603515625], [-121.13154, 41.34108, -15675.0751953125]]], [[[-121.02215, 40.93816, -9900.505859375], [-121.02215, 40.93816, -8915.8779296875], [-121.02072, 40.93045, -9408.19140625], [-121.02215, 40.93816, -9900.505859375]]], [[[-121.03299, 41.00392, -153.9246826171875], [-121.03404, 41.00867, 699.2897338867188], [-121.0325, 40.9995, 724.3955688476562], [-121.03299, 41.00392, -153.9246826171875]]], [[[-121.02215, 40.93816, -9900.505859375], [-121.02343, 40.9459, -9408.19140625], [-121.02215, 40.93816, -8915.8779296875], [-121.02215, 40.93816, -9900.505859375]]], [[[-121.0715, 41.17749, -1364.06787109375], [-121.07296, 41.18187, -496.4199523925781], [-121.07004, 41.17312, -496.5538635253906], [-121.0715, 41.17749, -1364.06787109375]]], [[[-121.02343, 40.9459, -9408.19140625], [-121.02215, 40.93816, -9900.505859375], [-121.02343, 40.9459, -10392.8193359375], [-121.02343, 40.9459, -9408.19140625]]], [[[-121.07517, 41.19076, -2235.943359375], [-121.07616, 41.19522, -1364.524169921875], [-121.07407, 41.1863, -1365.5628662109375], [-121.07517, 41.19076, -2235.943359375]]], [[[-121.13574, 41.34992, -10746.8857421875], [-121.13229, 41.34257, -11236.1669921875], [-121.13574, 41.34992, -11725.4482421875], [-121.13574, 41.34992, -10746.8857421875]]], [[[-121.02459, 40.95364, -9900.505859375], [-121.02343, 40.9459, -9408.19140625], [-121.02343, 40.9459, -10392.8193359375], [-121.02459, 40.95364, -9900.505859375]]], [[[-121.13561, 41.34963, -15601.603515625], [-121.13388, 41.34576, -16507.958984375], [-121.13816, 41.35532, -16359.6806640625], [-121.13561, 41.34963, -15601.603515625]]], [[[-121.08108, 41.21287, -1364.9891357421875], [-121.08214, 41.21742, -2226.6259765625], [-121.08359, 41.22177, -1356.2762451171875], [-121.08108, 41.21287, -1364.9891357421875]]], [[[-121.03599, 41.02191, -195.37069702148438], [-121.03702, 41.0266, 661.4979858398438], [-121.03549, 41.01745, 679.5430908203125], [-121.03599, 41.02191, -195.37069702148438]]], [[[-121.02459, 40.95364, -9900.505859375], [-121.02459, 40.95364, -8915.8779296875], [-121.02343, 40.9459, -9408.19140625], [-121.02459, 40.95364, -9900.505859375]]], [[[-121.0715, 41.17749, -3097.267578125], [-121.07295, 41.18186, -2232.4833984375], [-121.07005, 41.17314, -2232.000244140625], [-121.0715, 41.17749, -3097.267578125]]], [[[-121.02943, 40.98087, -918.0960083007812], [-121.02892, 40.97666, -29.734928131103516], [-121.02793, 40.97218, -883.2239990234375], [-121.02943, 40.98087, -918.0960083007812]]], [[[-121.02459, 40.95364, -9900.505859375], [-121.02617, 40.96134, -9408.19140625], [-121.02459, 40.95364, -8915.8779296875], [-121.02459, 40.95364, -9900.505859375]]], [[[-121.03888, 41.03895, -277.3756103515625], [-121.03995, 41.04427, 531.0880126953125], [-121.03842, 41.03476, 606.6190185546875], [-121.03888, 41.03895, -277.3756103515625]]], [[[-121.07296, 41.18187, -496.4199523925781], [-121.0715, 41.17749, -1364.06787109375], [-121.07407, 41.1863, -1365.5628662109375], [-121.07296, 41.18187, -496.4199523925781]]], [[[-121.04348, 41.0623, 459.00982666015625], [-121.04398, 41.06679, 1327.00146484375], [-121.04296, 41.0578, 1326.886474609375], [-121.04348, 41.0623, 459.00982666015625]]], [[[-121.02617, 40.96134, -9408.19140625], [-121.02459, 40.95364, -9900.505859375], [-121.02617, 40.96134, -10392.8193359375], [-121.02617, 40.96134, -9408.19140625]]], [[[-121.08108, 41.21287, -1364.9891357421875], [-121.08359, 41.22177, -1356.2762451171875], [-121.08211, 41.21733, -493.7446594238281], [-121.08108, 41.21287, -1364.9891357421875]]], [[[-121.11994, 41.3145, -14106.544921875], [-121.12172, 41.31925, -14939.0751953125], [-121.12361, 41.32363, -14035.2080078125], [-121.11994, 41.3145, -14106.544921875]]], [[[-121.02724, 40.9691, -9900.505859375], [-121.02617, 40.96134, -9408.19140625], [-121.02617, 40.96134, -10392.8193359375], [-121.02724, 40.9691, -9900.505859375]]], [[[-121.1222, 41.32045, -9768.32421875], [-121.12549, 41.32784, -9279.04296875], [-121.1222, 41.32045, -8789.76171875], [-121.1222, 41.32045, -9768.32421875]]], [[[-121.07617, 41.19526, -3102.878173828125], [-121.07722, 41.19967, -2230.712158203125], [-121.07517, 41.19076, -2235.943359375], [-121.07617, 41.19526, -3102.878173828125]]], [[[-121.14271, 41.36461, -5854.07568359375], [-121.146, 41.372, -6343.3564453125], [-121.146, 41.372, -5364.79443359375], [-121.14271, 41.36461, -5854.07568359375]]], [[[-121.02724, 40.9691, -9900.505859375], [-121.02724, 40.9691, -8915.8779296875], [-121.02617, 40.96134, -9408.19140625], [-121.02724, 40.9691, -9900.505859375]]], [[[-121.07517, 41.19078, -3970.16064453125], [-121.07618, 41.19532, -4837.2216796875], [-121.07724, 41.1997, -3961.584716796875], [-121.07517, 41.19078, -3970.16064453125]]], [[[-121.03995, 41.04427, 531.0880126953125], [-121.04187, 41.0529, 490.0545349121094], [-121.04098, 41.04892, 1386.1181640625], [-121.03995, 41.04427, 531.0880126953125]]], [[[-121.02724, 40.9691, -9900.505859375], [-121.02895, 40.97679, -9408.19140625], [-121.02724, 40.9691, -8915.8779296875], [-121.02724, 40.9691, -9900.505859375]]], [[[-121.0418, 41.05262, -1232.8790283203125], [-121.04343, 41.06186, -1248.691162109375], [-121.04286, 41.05735, -379.5344543457031], [-121.0418, 41.05262, -1232.8790283203125]]], [[[-121.07517, 41.19075, -497.0133361816406], [-121.07296, 41.18187, -496.4199523925781], [-121.07407, 41.1863, -1365.5628662109375], [-121.07517, 41.19075, -497.0133361816406]]], [[[-121.13914, 41.35729, -12214.7294921875], [-121.14271, 41.36461, -12704.009765625], [-121.14271, 41.36461, -11725.4482421875], [-121.13914, 41.35729, -12214.7294921875]]], [[[-121.02895, 40.97679, -9408.19140625], [-121.02724, 40.9691, -9900.505859375], [-121.02895, 40.97679, -10392.8193359375], [-121.02895, 40.97679, -9408.19140625]]], [[[-121.06661, 41.15983, -3104.31103515625], [-121.06805, 41.16423, -2237.314208984375], [-121.06514, 41.15541, -2239.26025390625], [-121.06661, 41.15983, -3104.31103515625]]], [[[-121.12758, 41.33255, -15719.2734375], [-121.12967, 41.33725, -16559.47265625], [-121.13154, 41.34108, -15675.0751953125], [-121.12758, 41.33255, -15719.2734375]]], [[[-121.02986, 40.98474, -9914.0361328125], [-121.02895, 40.97679, -9408.19140625], [-121.02895, 40.97679, -10392.8193359375], [-121.02986, 40.98474, -9914.0361328125]]], [[[-121.06411, 41.151, 372.1929626464844], [-121.06661, 41.15983, 370.79388427734375], [-121.06515, 41.15546, 1238.976318359375], [-121.06411, 41.151, 372.1929626464844]]], [[[-121.13914, 41.35729, -11236.1669921875], [-121.14271, 41.36461, -11725.4482421875], [-121.14271, 41.36461, -10746.8857421875], [-121.13914, 41.35729, -11236.1669921875]]], [[[-121.02986, 40.98474, -9914.0361328125], [-121.02984, 40.98455, -8915.8779296875], [-121.02895, 40.97679, -9408.19140625], [-121.02986, 40.98474, -9914.0361328125]]], [[[-121.06661, 41.15983, 370.79388427734375], [-121.06904, 41.16867, 370.9024353027344], [-121.06805, 41.16421, 1238.550537109375], [-121.06661, 41.15983, 370.79388427734375]]], [[[-121.02986, 40.98474, -9914.0361328125], [-121.03138, 40.99222, -9429.525390625], [-121.02984, 40.98455, -8915.8779296875], [-121.02986, 40.98474, -9914.0361328125]]], [[[-121.03502, 41.0132, 1562.5731201171875], [-121.03549, 41.01745, 679.5430908203125], [-121.03604, 41.02218, 1531.60986328125], [-121.03502, 41.0132, 1562.5731201171875]]], [[[-121.06411, 41.151, 372.1929626464844], [-121.06515, 41.15544, -497.9312744140625], [-121.06661, 41.15983, 370.79388427734375], [-121.06411, 41.151, 372.1929626464844]]], [[[-121.05283, 41.11022, -9035.7373046875], [-121.05087, 41.1014, -9028.388671875], [-121.05176, 41.10542, -9765.7001953125], [-121.05283, 41.11022, -9035.7373046875]]], [[[-121.02479, 40.95455, -2795.872314453125], [-121.02438, 40.95271, -1805.400634765625], [-121.02343, 40.9459, -2515.799072265625], [-121.02479, 40.95455, -2795.872314453125]]], [[[-121.03138, 40.99222, -9429.525390625], [-121.02986, 40.98474, -9914.0361328125], [-121.03165, 40.99342, -10545.40625], [-121.03138, 40.99222, -9429.525390625]]], [[[-121.07006, 41.17319, -3962.2822265625], [-121.06905, 41.16873, -3102.81201171875], [-121.06806, 41.16426, -3977.6953125], [-121.07006, 41.17319, -3962.2822265625]]], [[[-121.13914, 41.35729, -13193.291015625], [-121.14271, 41.36461, -13682.572265625], [-121.14271, 41.36461, -12704.009765625], [-121.13914, 41.35729, -13193.291015625]]], [[[-121.03165, 40.99342, -10545.40625], [-121.03249, 40.99944, -9843.8291015625], [-121.03138, 40.99222, -9429.525390625], [-121.03165, 40.99342, -10545.40625]]], [[[-121.03995, 41.04427, 531.0880126953125], [-121.04084, 41.04826, -354.6832275390625], [-121.04187, 41.0529, 490.0545349121094], [-121.03995, 41.04427, 531.0880126953125]]], [[[-121.07004, 41.17312, -496.5538635253906], [-121.0715, 41.17749, 371.35302734375], [-121.06904, 41.16867, 370.9024353027344], [-121.07004, 41.17312, -496.5538635253906]]], [[[-121.12361, 41.32363, -14035.2080078125], [-121.12562, 41.32815, -14839.0380859375], [-121.12821, 41.33397, -13855.5166015625], [-121.12361, 41.32363, -14035.2080078125]]], [[[-121.03249, 40.99944, -9843.8291015625], [-121.03165, 40.99342, -10545.40625], [-121.033, 41.00396, -10671.2041015625], [-121.03249, 40.99944, -9843.8291015625]]], [[[-121.06661, 41.15983, -3104.31103515625], [-121.06806, 41.16426, -3977.6953125], [-121.06905, 41.16873, -3102.81201171875], [-121.06661, 41.15983, -3104.31103515625]]], [[[-121.13224, 41.34248, -3386.352783203125], [-121.13563, 41.34966, -2899.86962890625], [-121.13151, 41.34102, -2297.396484375], [-121.13224, 41.34248, -3386.352783203125]]], [[[-121.0339, 41.00806, -9784.08203125], [-121.03249, 40.99944, -9843.8291015625], [-121.033, 41.00396, -10671.2041015625], [-121.0339, 41.00806, -9784.08203125]]], [[[-121.07867, 41.20401, 373.55047607421875], [-121.08008, 41.20838, 1242.0357666015625], [-121.07721, 41.19962, 1241.0035400390625], [-121.07867, 41.20401, 373.55047607421875]]], [[[-121.12378, 41.32401, -15773.5703125], [-121.12025, 41.31533, -15833.572265625], [-121.12205, 41.32012, -16669.08203125], [-121.12378, 41.32401, -15773.5703125]]], [[[-121.03263, 41.00067, -8907.404296875], [-121.03249, 40.99944, -9843.8291015625], [-121.0339, 41.00806, -9784.08203125], [-121.03263, 41.00067, -8907.404296875]]], [[[-121.12544, 41.32774, -5352.99658203125], [-121.12877, 41.33524, -5854.07568359375], [-121.12877, 41.33524, -4875.513671875], [-121.12544, 41.32774, -5352.99658203125]]], [[[-121.03263, 41.00067, -8907.404296875], [-121.03138, 40.99222, -9429.525390625], [-121.03249, 40.99944, -9843.8291015625], [-121.03263, 41.00067, -8907.404296875]]], [[[-121.04286, 41.05735, -379.5344543457031], [-121.04187, 41.0529, 490.0545349121094], [-121.04084, 41.04826, -354.6832275390625], [-121.04286, 41.05735, -379.5344543457031]]], [[[-121.07867, 41.20402, -1362.7388916015625], [-121.08009, 41.2084, -494.2745056152344], [-121.07721, 41.19964, -494.7369689941406], [-121.07867, 41.20402, -1362.7388916015625]]], [[[-121.04904, 41.09318, -14084.2861328125], [-121.04802, 41.08907, -14959.236328125], [-121.05002, 41.0976, -14941.078125], [-121.04904, 41.09318, -14084.2861328125]]], [[[-121.03263, 41.00067, -8907.404296875], [-121.03133, 40.992, -8498.0], [-121.03138, 40.99222, -9429.525390625], [-121.03263, 41.00067, -8907.404296875]]], [[[-121.03702, 41.0266, 661.4979858398438], [-121.03604, 41.02218, 1531.60986328125], [-121.03549, 41.01745, 679.5430908203125], [-121.03702, 41.0266, 661.4979858398438]]], [[[-121.07867, 41.20401, 373.55047607421875], [-121.08009, 41.2084, -494.2745056152344], [-121.08108, 41.21285, 374.95672607421875], [-121.07867, 41.20401, 373.55047607421875]]], [[[-121.03263, 41.00067, -8907.404296875], [-121.03223, 40.99702, -7927.65869140625], [-121.03133, 40.992, -8498.0], [-121.03263, 41.00067, -8907.404296875]]], [[[-121.0967, 41.26286, -10899.994140625], [-121.09841, 41.26744, -11741.0517578125], [-121.10007, 41.2714, -10853.3837890625], [-121.0967, 41.26286, -10899.994140625]]], [[[-121.03223, 40.99702, -7927.65869140625], [-121.03263, 41.00067, -8907.404296875], [-121.03337, 41.00565, -7975.7138671875], [-121.03223, 40.99702, -7927.65869140625]]], [[[-121.0888, 41.2398, -8291.47265625], [-121.08741, 41.23609, -9247.033203125], [-121.09039, 41.24475, -9227.0849609375], [-121.0888, 41.2398, -8291.47265625]]], [[[-121.06904, 41.16868, -1365.7210693359375], [-121.07004, 41.17312, -496.5538635253906], [-121.06805, 41.16422, -497.9226989746094], [-121.06904, 41.16868, -1365.7210693359375]]], [[[-121.04398, 41.06686, -412.95611572265625], [-121.04496, 41.07131, 463.20330810546875], [-121.04348, 41.0623, 459.00982666015625], [-121.04398, 41.06686, -412.95611572265625]]], [[[-121.03337, 41.00565, -7975.7138671875], [-121.03272, 41.00151, -7066.79443359375], [-121.03223, 40.99702, -7927.65869140625], [-121.03337, 41.00565, -7975.7138671875]]], [[[-121.03888, 41.03895, -277.3756103515625], [-121.03842, 41.03476, 606.6190185546875], [-121.03781, 41.03013, -250.57086181640625], [-121.03888, 41.03895, -277.3756103515625]]], [[[-121.07295, 41.18186, -2232.4833984375], [-121.07407, 41.1863, -1365.5628662109375], [-121.0715, 41.17749, -1364.06787109375], [-121.07295, 41.18186, -2232.4833984375]]], [[[-121.0428, 41.0571, -2106.709716796875], [-121.0418, 41.05262, -1232.8790283203125], [-121.04064, 41.04739, -2047.97265625], [-121.0428, 41.0571, -2106.709716796875]]], [[[-121.03337, 41.00565, -7975.7138671875], [-121.03442, 41.0104, -7106.48095703125], [-121.03272, 41.00151, -7066.79443359375], [-121.03337, 41.00565, -7975.7138671875]]], [[[-121.07616, 41.19522, -1364.524169921875], [-121.07517, 41.19075, -497.0133361816406], [-121.07407, 41.1863, -1365.5628662109375], [-121.07616, 41.19522, -1364.524169921875]]], [[[-121.03837, 41.03432, -1129.677001953125], [-121.03781, 41.03013, -250.57086181640625], [-121.03679, 41.02556, -1103.009765625], [-121.03837, 41.03432, -1129.677001953125]]], [[[-121.03337, 41.00565, -7975.7138671875], [-121.0352, 41.01476, -8027.2724609375], [-121.03442, 41.0104, -7106.48095703125], [-121.03337, 41.00565, -7975.7138671875]]], [[[-121.03995, 41.04427, 531.0880126953125], [-121.04098, 41.04892, 1386.1181640625], [-121.039, 41.04002, 1411.44287109375], [-121.03995, 41.04427, 531.0880126953125]]], [[[-121.03441, 41.01033, -8894.220703125], [-121.0352, 41.01476, -8027.2724609375], [-121.03337, 41.00565, -7975.7138671875], [-121.03441, 41.01033, -8894.220703125]]], [[[-121.07005, 41.17314, -2232.000244140625], [-121.06904, 41.16868, -1365.7210693359375], [-121.06805, 41.16423, -2237.314208984375], [-121.07005, 41.17314, -2232.000244140625]]], [[[-121.13224, 41.34248, -3386.352783203125], [-121.13229, 41.34257, -4386.232421875], [-121.13574, 41.34992, -3896.951416015625], [-121.13224, 41.34248, -3386.352783203125]]], [[[-121.03441, 41.01033, -8894.220703125], [-121.03581, 41.02031, -8915.357421875], [-121.0352, 41.01476, -8027.2724609375], [-121.03441, 41.01033, -8894.220703125]]], [[[-121.03842, 41.03476, 606.6190185546875], [-121.039, 41.04002, 1411.44287109375], [-121.03801, 41.03108, 1527.204833984375], [-121.03842, 41.03476, 606.6190185546875]]], [[[-121.07293, 41.1818, -3967.205322265625], [-121.07517, 41.19078, -3970.16064453125], [-121.07407, 41.18628, -3105.397705078125], [-121.07293, 41.1818, -3967.205322265625]]], [[[-121.026, 40.96003, 8.50747013092041], [-121.025, 40.9555, 860.0511474609375], [-121.02421, 40.95193, -52.202430725097656], [-121.026, 40.96003, 8.50747013092041]]], [[[-121.03581, 41.02031, -8915.357421875], [-121.03441, 41.01033, -8894.220703125], [-121.03544, 41.017, -9770.2724609375], [-121.03581, 41.02031, -8915.357421875]]], [[[-121.06157, 41.14219, 374.5640563964844], [-121.06313, 41.14657, 1241.3438720703125], [-121.05997, 41.13787, 1243.7186279296875], [-121.06157, 41.14219, 374.5640563964844]]], [[[-121.04187, 41.0529, 490.0545349121094], [-121.04286, 41.05735, -379.5344543457031], [-121.04348, 41.0623, 459.00982666015625], [-121.04187, 41.0529, 490.0545349121094]]], [[[-121.03581, 41.02031, -8915.357421875], [-121.03544, 41.017, -9770.2724609375], [-121.03688, 41.02595, -9824.765625], [-121.03581, 41.02031, -8915.357421875]]], [[[-121.07295, 41.18186, -2232.4833984375], [-121.07517, 41.19076, -2235.943359375], [-121.07407, 41.1863, -1365.5628662109375], [-121.07295, 41.18186, -2232.4833984375]]], [[[-121.0418, 41.05262, -1232.8790283203125], [-121.0428, 41.0571, -2106.709716796875], [-121.04343, 41.06186, -1248.691162109375], [-121.0418, 41.05262, -1232.8790283203125]]], [[[-121.03581, 41.02031, -8915.357421875], [-121.03688, 41.02595, -9824.765625], [-121.03749, 41.02871, -8920.9609375], [-121.03581, 41.02031, -8915.357421875]]], [[[-121.06157, 41.14219, 374.5640563964844], [-121.06312, 41.14653, -494.5940246582031], [-121.06411, 41.151, 372.1929626464844], [-121.06157, 41.14219, 374.5640563964844]]], [[[-121.02438, 40.95271, -1805.400634765625], [-121.02521, 40.95644, -904.24169921875], [-121.02367, 40.94802, -892.4716186523438], [-121.02438, 40.95271, -1805.400634765625]]], [[[-121.03749, 41.02871, -8920.9609375], [-121.03639, 41.02377, -8028.330078125], [-121.03581, 41.02031, -8915.357421875], [-121.03749, 41.02871, -8920.9609375]]], [[[-121.04343, 41.06186, -1248.691162109375], [-121.04398, 41.06686, -412.95611572265625], [-121.04286, 41.05735, -379.5344543457031], [-121.04343, 41.06186, -1248.691162109375]]], [[[-121.08009, 41.2084, -494.2745056152344], [-121.07867, 41.20401, 373.55047607421875], [-121.07721, 41.19964, -494.7369689941406], [-121.08009, 41.2084, -494.2745056152344]]], [[[-121.0986, 41.26793, -13477.58984375], [-121.09714, 41.26405, -14362.767578125], [-121.10059, 41.27258, -14307.95703125], [-121.0986, 41.26793, -13477.58984375]]], [[[-121.03749, 41.02871, -8920.9609375], [-121.03818, 41.0326, -8056.59619140625], [-121.03639, 41.02377, -8028.330078125], [-121.03749, 41.02871, -8920.9609375]]], [[[-121.08214, 41.21742, -2226.6259765625], [-121.08108, 41.21287, -1364.9891357421875], [-121.08009, 41.2084, -2233.52099609375], [-121.08214, 41.21742, -2226.6259765625]]], [[[-121.03404, 41.00867, 699.2897338867188], [-121.03502, 41.0132, 1562.5731201171875], [-121.03307, 41.0043, 1571.861572265625], [-121.03404, 41.00867, 699.2897338867188]]], [[[-121.03749, 41.02871, -8920.9609375], [-121.03871, 41.03741, -8932.5927734375], [-121.03818, 41.0326, -8056.59619140625], [-121.03749, 41.02871, -8920.9609375]]], [[[-121.13914, 41.35729, -9279.04296875], [-121.13914, 41.35729, -8300.48046875], [-121.13574, 41.34992, -8789.76171875], [-121.13914, 41.35729, -9279.04296875]]], [[[-121.07617, 41.19526, -3102.878173828125], [-121.07724, 41.1997, -3961.584716796875], [-121.07867, 41.20401, -3097.458740234375], [-121.07617, 41.19526, -3102.878173828125]]], [[[-121.03871, 41.03741, -8932.5927734375], [-121.03749, 41.02871, -8920.9609375], [-121.0384, 41.03464, -9805.208984375], [-121.03871, 41.03741, -8932.5927734375]]], [[[-121.06805, 41.16421, 1238.550537109375], [-121.06904, 41.16867, 370.9024353027344], [-121.07004, 41.17311, 1239.1932373046875], [-121.06805, 41.16421, 1238.550537109375]]], [[[-121.10211, 41.276, -11696.85546875], [-121.10436, 41.28072, -12536.9091796875], [-121.10635, 41.2847, -11658.181640625], [-121.10211, 41.276, -11696.85546875]]], [[[-121.03871, 41.03741, -8932.5927734375], [-121.0384, 41.03464, -9805.208984375], [-121.0398, 41.04359, -9786.375], [-121.03871, 41.03741, -8932.5927734375]]], [[[-121.04044, 41.04646, -8930.5322265625], [-121.03871, 41.03741, -8932.5927734375], [-121.0398, 41.04359, -9786.375], [-121.04044, 41.04646, -8930.5322265625]]], [[[-121.07615, 41.19519, 372.3211975097656], [-121.07721, 41.19964, -494.7369689941406], [-121.07867, 41.20401, 373.55047607421875], [-121.07615, 41.19519, 372.3211975097656]]], [[[-121.04343, 41.06186, -1248.691162109375], [-121.04491, 41.07108, -1282.5631103515625], [-121.04398, 41.06686, -412.95611572265625], [-121.04343, 41.06186, -1248.691162109375]]], [[[-121.03871, 41.03741, -8932.5927734375], [-121.04044, 41.04646, -8930.5322265625], [-121.03939, 41.04178, -8077.16064453125], [-121.03871, 41.03741, -8932.5927734375]]], [[[-121.07867, 41.20402, -1362.7388916015625], [-121.07721, 41.19964, -494.7369689941406], [-121.07616, 41.19522, -1364.524169921875], [-121.07867, 41.20402, -1362.7388916015625]]], [[[-121.03939, 41.04178, -8077.16064453125], [-121.03818, 41.0326, -8056.59619140625], [-121.03871, 41.03741, -8932.5927734375], [-121.03939, 41.04178, -8077.16064453125]]], [[[-121.10838, 41.2891, -12510.908203125], [-121.11036, 41.29355, -13358.5712890625], [-121.11214, 41.29729, -12463.8037109375], [-121.10838, 41.2891, -12510.908203125]]], [[[-121.08706, 41.23516, -2214.681884765625], [-121.08866, 41.23944, -1342.026611328125], [-121.08601, 41.23057, -1355.438720703125], [-121.08706, 41.23516, -2214.681884765625]]], [[[-121.0426, 41.0562, -3799.46240234375], [-121.04339, 41.06148, -2984.723876953125], [-121.04163, 41.05184, -2921.264404296875], [-121.0426, 41.0562, -3799.46240234375]]], [[[-121.03818, 41.0326, -8056.59619140625], [-121.03939, 41.04178, -8077.16064453125], [-121.0387, 41.03727, -7205.27587890625], [-121.03818, 41.0326, -8056.59619140625]]], [[[-121.08359, 41.22177, -1356.2762451171875], [-121.08502, 41.22607, -484.8081359863281], [-121.08211, 41.21733, -493.7446594238281], [-121.08359, 41.22177, -1356.2762451171875]]], [[[-121.03702, 41.0266, 661.4979858398438], [-121.03801, 41.03108, 1527.204833984375], [-121.03604, 41.02218, 1531.60986328125], [-121.03702, 41.0266, 661.4979858398438]]], [[[-121.09114, 41.24812, -3069.88916015625], [-121.0942, 41.25694, -3073.147216796875], [-121.09223, 41.25253, -2208.35498046875], [-121.09114, 41.24812, -3069.88916015625]]], [[[-121.02892, 40.97666, -29.734928131103516], [-121.02952, 40.98168, 809.2058715820312], [-121.02799, 40.97247, 861.1806030273438], [-121.02892, 40.97666, -29.734928131103516]]], [[[-121.03818, 41.0326, -8056.59619140625], [-121.0387, 41.03727, -7205.27587890625], [-121.03743, 41.02842, -7176.59326171875], [-121.03818, 41.0326, -8056.59619140625]]], [[[-121.0491, 41.09347, -15823.359375], [-121.04802, 41.08907, -14959.236328125], [-121.04697, 41.08473, -15827.1513671875], [-121.0491, 41.09347, -15823.359375]]], [[[-121.03639, 41.02377, -8028.330078125], [-121.03818, 41.0326, -8056.59619140625], [-121.03743, 41.02842, -7176.59326171875], [-121.03639, 41.02377, -8028.330078125]]], [[[-121.03781, 41.03013, -250.57086181640625], [-121.03842, 41.03476, 606.6190185546875], [-121.03702, 41.0266, 661.4979858398438], [-121.03781, 41.03013, -250.57086181640625]]], [[[-121.10523, 41.28246, -1342.3243408203125], [-121.10736, 41.2868, -2204.990966796875], [-121.10926, 41.29109, -1335.6444091796875], [-121.10523, 41.28246, -1342.3243408203125]]], [[[-121.05016, 41.0982, 469.6543884277344], [-121.0511, 41.10244, 1350.7315673828125], [-121.04912, 41.09354, 1323.483154296875], [-121.05016, 41.0982, 469.6543884277344]]], [[[-121.03639, 41.02377, -8028.330078125], [-121.03743, 41.02842, -7176.59326171875], [-121.03572, 41.01952, -7149.56103515625], [-121.03639, 41.02377, -8028.330078125]]], [[[-121.04392, 41.06624, -2131.18701171875], [-121.04343, 41.06186, -1248.691162109375], [-121.0428, 41.0571, -2106.709716796875], [-121.04392, 41.06624, -2131.18701171875]]], [[[-121.03639, 41.02377, -8028.330078125], [-121.03572, 41.01952, -7149.56103515625], [-121.0352, 41.01476, -8027.2724609375], [-121.03639, 41.02377, -8028.330078125]]], [[[-121.11214, 41.29729, -12463.8037109375], [-121.11036, 41.29355, -13358.5712890625], [-121.11432, 41.30164, -13317.02734375], [-121.11214, 41.29729, -12463.8037109375]]], [[[-121.08359, 41.22177, -1356.2762451171875], [-121.08601, 41.23057, -1355.438720703125], [-121.08502, 41.22607, -484.8081359863281], [-121.08359, 41.22177, -1356.2762451171875]]], [[[-121.11994, 41.3145, -14106.544921875], [-121.1184, 41.31065, -14997.5703125], [-121.12172, 41.31925, -14939.0751953125], [-121.11994, 41.3145, -14106.544921875]]], [[[-121.03639, 41.02377, -8028.330078125], [-121.0352, 41.01476, -8027.2724609375], [-121.03581, 41.02031, -8915.357421875], [-121.03639, 41.02377, -8028.330078125]]], [[[-121.08866, 41.23944, -1342.026611328125], [-121.09015, 41.2437, -469.90521240234375], [-121.08701, 41.23502, -482.114501953125], [-121.08866, 41.23944, -1342.026611328125]]], [[[-121.12877, 41.33524, -4875.513671875], [-121.13229, 41.34257, -4386.232421875], [-121.12854, 41.33471, -3853.792724609375], [-121.12877, 41.33524, -4875.513671875]]], [[[-121.0352, 41.01476, -8027.2724609375], [-121.03572, 41.01952, -7149.56103515625], [-121.03442, 41.0104, -7106.48095703125], [-121.0352, 41.01476, -8027.2724609375]]], [[[-121.04187, 41.0529, 490.0545349121094], [-121.04348, 41.0623, 459.00982666015625], [-121.04296, 41.0578, 1326.886474609375], [-121.04187, 41.0529, 490.0545349121094]]], [[[-121.09419, 41.25692, -1344.2576904296875], [-121.09607, 41.26119, -474.5030212402344], [-121.09224, 41.25254, -482.00897216796875], [-121.09419, 41.25692, -1344.2576904296875]]], [[[-121.04398, 41.06686, -412.95611572265625], [-121.04348, 41.0623, 459.00982666015625], [-121.04286, 41.05735, -379.5344543457031], [-121.04398, 41.06686, -412.95611572265625]]], [[[-121.03442, 41.0104, -7106.48095703125], [-121.03572, 41.01952, -7149.56103515625], [-121.03525, 41.01527, -6262.56494140625], [-121.03442, 41.0104, -7106.48095703125]]], [[[-121.0942, 41.25696, -6539.4306640625], [-121.0961, 41.26127, -7392.61962890625], [-121.09768, 41.26549, -6528.693359375], [-121.0942, 41.25696, -6539.4306640625]]], [[[-121.03442, 41.0104, -7106.48095703125], [-121.03525, 41.01527, -6262.56494140625], [-121.03349, 41.0062, -6219.86376953125], [-121.03442, 41.0104, -7106.48095703125]]], [[[-121.11411, 41.30121, -11572.537109375], [-121.11172, 41.29645, -10794.8876953125], [-121.11004, 41.29285, -11622.3662109375], [-121.11411, 41.30121, -11572.537109375]]], [[[-121.09016, 41.24371, -2207.244384765625], [-121.09112, 41.24804, -1340.413818359375], [-121.08866, 41.23944, -1342.026611328125], [-121.09016, 41.24371, -2207.244384765625]]], [[[-121.11833, 41.3105, -11434.34765625], [-121.12193, 41.31981, -10783.962890625], [-121.11928, 41.31273, -10314.86328125], [-121.11833, 41.3105, -11434.34765625]]], [[[-121.03442, 41.0104, -7106.48095703125], [-121.03349, 41.0062, -6219.86376953125], [-121.03272, 41.00151, -7066.79443359375], [-121.03442, 41.0104, -7106.48095703125]]], [[[-121.05194, 41.10624, -1305.873046875], [-121.05291, 41.11059, -437.3483581542969], [-121.05103, 41.10214, -421.7621765136719], [-121.05194, 41.10624, -1305.873046875]]], [[[-121.08863, 41.23935, 386.6531982421875], [-121.09015, 41.2437, -469.90521240234375], [-121.09113, 41.24807, 390.7993469238281], [-121.08863, 41.23935, 386.6531982421875]]], [[[-121.11745, 41.30851, -4771.2470703125], [-121.12177, 41.31938, -4829.17529296875], [-121.11925, 41.31266, -3960.323974609375], [-121.11745, 41.30851, -4771.2470703125]]], [[[-121.03272, 41.00151, -7066.79443359375], [-121.03349, 41.0062, -6219.86376953125], [-121.03226, 40.99737, -6182.8916015625], [-121.03272, 41.00151, -7066.79443359375]]], [[[-121.04163, 41.05184, -2921.264404296875], [-121.0428, 41.0571, -2106.709716796875], [-121.04064, 41.04739, -2047.97265625], [-121.04163, 41.05184, -2921.264404296875]]], [[[-121.086, 41.23049, 381.1429138183594], [-121.08698, 41.23493, 1249.369140625], [-121.08501, 41.22603, 1248.8558349609375], [-121.086, 41.23049, 381.1429138183594]]], [[[-121.13574, 41.34992, -6832.6376953125], [-121.13914, 41.35729, -6343.3564453125], [-121.13574, 41.34992, -5854.07568359375], [-121.13574, 41.34992, -6832.6376953125]]], [[[-121.09775, 41.26566, -3065.677978515625], [-121.10117, 41.27388, -3064.599609375], [-121.09935, 41.26979, -2193.54931640625], [-121.09775, 41.26566, -3065.677978515625]]], [[[-121.10522, 41.28245, -3070.36669921875], [-121.10932, 41.29121, -3067.20703125], [-121.10736, 41.2868, -2204.990966796875], [-121.10522, 41.28245, -3070.36669921875]]], [[[-121.0315, 40.99277, -7067.240234375], [-121.03223, 40.99702, -7927.65869140625], [-121.03272, 41.00151, -7066.79443359375], [-121.0315, 40.99277, -7067.240234375]]], [[[-121.0501, 41.09796, -1299.130615234375], [-121.05194, 41.10624, -1305.873046875], [-121.05103, 41.10214, -421.7621765136719], [-121.0501, 41.09796, -1299.130615234375]]], [[[-121.09223, 41.25253, -2208.35498046875], [-121.09112, 41.24804, -1340.413818359375], [-121.09016, 41.24371, -2207.244384765625], [-121.09223, 41.25253, -2208.35498046875]]], [[[-121.13229, 41.34257, -8300.48046875], [-121.13574, 41.34992, -8789.76171875], [-121.13574, 41.34992, -7811.19970703125], [-121.13229, 41.34257, -8300.48046875]]], [[[-121.02996, 40.98568, -7889.72216796875], [-121.03223, 40.99702, -7927.65869140625], [-121.0315, 40.99277, -7067.240234375], [-121.02996, 40.98568, -7889.72216796875]]], [[[-121.13219, 41.34238, -13206.443359375], [-121.13222, 41.34245, -14120.982421875], [-121.13574, 41.34992, -13682.572265625], [-121.13219, 41.34238, -13206.443359375]]], [[[-121.07296, 41.18187, -496.4199523925781], [-121.0715, 41.17749, 371.35302734375], [-121.07004, 41.17312, -496.5538635253906], [-121.07296, 41.18187, -496.4199523925781]]], [[[-121.13909, 41.35718, -15208.3623046875], [-121.13816, 41.35532, -16359.6806640625], [-121.14245, 41.36401, -15706.44921875], [-121.13909, 41.35718, -15208.3623046875]]], [[[-121.02996, 40.98568, -7889.72216796875], [-121.03133, 40.992, -8498.0], [-121.03223, 40.99702, -7927.65869140625], [-121.02996, 40.98568, -7889.72216796875]]], [[[-121.12549, 41.32784, -9279.04296875], [-121.12549, 41.32784, -8300.48046875], [-121.1222, 41.32045, -8789.76171875], [-121.12549, 41.32784, -9279.04296875]]], [[[-121.09419, 41.25692, -1344.2576904296875], [-121.09771, 41.26556, -1328.4100341796875], [-121.09607, 41.26119, -474.5030212402344], [-121.09419, 41.25692, -1344.2576904296875]]], [[[-121.13914, 41.35729, -6343.3564453125], [-121.14271, 41.36461, -6832.6376953125], [-121.14271, 41.36461, -5854.07568359375], [-121.13914, 41.35729, -6343.3564453125]]], [[[-121.02984, 40.98455, -8915.8779296875], [-121.03133, 40.992, -8498.0], [-121.02996, 40.98568, -7889.72216796875], [-121.02984, 40.98455, -8915.8779296875]]], [[[-121.13222, 41.34245, -14120.982421875], [-121.13602, 41.35055, -14630.40234375], [-121.13574, 41.34992, -13682.572265625], [-121.13222, 41.34245, -14120.982421875]]], [[[-121.07004, 41.17312, -496.5538635253906], [-121.06904, 41.16867, 370.9024353027344], [-121.06805, 41.16422, -497.9226989746094], [-121.07004, 41.17312, -496.5538635253906]]], [[[-121.10307, 41.27815, -3933.49462890625], [-121.10117, 41.27388, -3064.599609375], [-121.09936, 41.2698, -3940.37939453125], [-121.10307, 41.27815, -3933.49462890625]]], [[[-121.03133, 40.992, -8498.0], [-121.02984, 40.98455, -8915.8779296875], [-121.03138, 40.99222, -9429.525390625], [-121.03133, 40.992, -8498.0]]], [[[-121.12549, 41.32784, -11236.1669921875], [-121.12877, 41.33524, -10746.8857421875], [-121.12549, 41.32784, -10257.6044921875], [-121.12549, 41.32784, -11236.1669921875]]], [[[-121.08502, 41.22607, -484.8081359863281], [-121.08356, 41.22169, 378.376220703125], [-121.08211, 41.21733, -493.7446594238281], [-121.08502, 41.22607, -484.8081359863281]]], [[[-121.13229, 41.34257, -6343.3564453125], [-121.13229, 41.34257, -7321.91845703125], [-121.13574, 41.34992, -6832.6376953125], [-121.13229, 41.34257, -6343.3564453125]]], [[[-121.02984, 40.98455, -8915.8779296875], [-121.02996, 40.98568, -7889.72216796875], [-121.02897, 40.97685, -8419.755859375], [-121.02984, 40.98455, -8915.8779296875]]], [[[-121.13229, 41.34257, -12214.7294921875], [-121.12877, 41.33524, -11725.4482421875], [-121.12877, 41.33522, -12733.7294921875], [-121.13229, 41.34257, -12214.7294921875]]], [[[-121.09415, 41.25683, 392.6457214355469], [-121.09603, 41.26107, 1263.442626953125], [-121.09223, 41.25251, 1257.760009765625], [-121.09415, 41.25683, 392.6457214355469]]], [[[-121.12195, 41.31985, -11669.26171875], [-121.11963, 41.31367, -12373.4365234375], [-121.12287, 41.32195, -12453.056640625], [-121.12195, 41.31985, -11669.26171875]]], [[[-121.02984, 40.98455, -8915.8779296875], [-121.02897, 40.97685, -8419.755859375], [-121.02895, 40.97679, -9408.19140625], [-121.02984, 40.98455, -8915.8779296875]]], [[[-121.04643, 41.07985, 446.60137939453125], [-121.04809, 41.08935, 440.37457275390625], [-121.04696, 41.08468, 1292.1688232421875], [-121.04643, 41.07985, 446.60137939453125]]], [[[-121.02897, 40.97685, -8419.755859375], [-121.02724, 40.9691, -8915.8779296875], [-121.02895, 40.97679, -9408.19140625], [-121.02897, 40.97685, -8419.755859375]]], [[[-121.10932, 41.29123, -4798.763671875], [-121.11341, 41.29982, -4793.90234375], [-121.11128, 41.29556, -3930.682373046875], [-121.10932, 41.29123, -4798.763671875]]], [[[-121.07296, 41.18187, -496.4199523925781], [-121.07407, 41.1863, 371.5446472167969], [-121.0715, 41.17749, 371.35302734375], [-121.07296, 41.18187, -496.4199523925781]]], [[[-121.03831, 41.03379, -2863.831787109375], [-121.03959, 41.04265, -2896.806396484375], [-121.03882, 41.03839, -2014.5355224609375], [-121.03831, 41.03379, -2863.831787109375]]], [[[-121.02897, 40.97685, -8419.755859375], [-121.02724, 40.9691, -7931.25048828125], [-121.02724, 40.9691, -8915.8779296875], [-121.02897, 40.97685, -8419.755859375]]], [[[-121.12877, 41.33524, -7811.19970703125], [-121.12877, 41.33524, -8789.76171875], [-121.13229, 41.34257, -8300.48046875], [-121.12877, 41.33524, -7811.19970703125]]], [[[-121.02895, 40.97679, -7438.9365234375], [-121.02724, 40.9691, -7931.25048828125], [-121.02897, 40.97685, -8419.755859375], [-121.02895, 40.97679, -7438.9365234375]]], [[[-121.1081, 41.28849, -10765.5869140625], [-121.11004, 41.29285, -11622.3662109375], [-121.11172, 41.29645, -10794.8876953125], [-121.1081, 41.28849, -10765.5869140625]]], [[[-121.07295, 41.18186, -2232.4833984375], [-121.0715, 41.17749, -1364.06787109375], [-121.07005, 41.17314, -2232.000244140625], [-121.07295, 41.18186, -2232.4833984375]]], [[[-121.12932, 41.33648, -14821.06640625], [-121.12758, 41.33255, -15719.2734375], [-121.13154, 41.34108, -15675.0751953125], [-121.12932, 41.33648, -14821.06640625]]], [[[-121.02895, 40.97679, -7438.9365234375], [-121.02728, 40.96926, -6922.94189453125], [-121.02724, 40.9691, -7931.25048828125], [-121.02895, 40.97679, -7438.9365234375]]], [[[-121.10932, 41.29121, -3067.20703125], [-121.11128, 41.29556, -3930.682373046875], [-121.11339, 41.29979, -3062.128662109375], [-121.10932, 41.29121, -3067.20703125]]], [[[-121.08356, 41.22169, 378.376220703125], [-121.08502, 41.22607, -484.8081359863281], [-121.086, 41.23049, 381.1429138183594], [-121.08356, 41.22169, 378.376220703125]]], [[[-121.13229, 41.34257, -12214.7294921875], [-121.13574, 41.34992, -11725.4482421875], [-121.13229, 41.34257, -11236.1669921875], [-121.13229, 41.34257, -12214.7294921875]]], [[[-121.02895, 40.97679, -7438.9365234375], [-121.02909, 40.97778, -6340.37548828125], [-121.02728, 40.96926, -6922.94189453125], [-121.02895, 40.97679, -7438.9365234375]]], [[[-121.10932, 41.29121, -3067.20703125], [-121.11125, 41.29551, -2197.420166015625], [-121.10736, 41.2868, -2204.990966796875], [-121.10932, 41.29121, -3067.20703125]]], [[[-121.08706, 41.23516, -2214.681884765625], [-121.08601, 41.23057, -1355.438720703125], [-121.08503, 41.22614, -2220.663818359375], [-121.08706, 41.23516, -2214.681884765625]]], [[[-121.12562, 41.32815, -14839.0380859375], [-121.12378, 41.32401, -15773.5703125], [-121.12758, 41.33255, -15719.2734375], [-121.12562, 41.32815, -14839.0380859375]]], [[[-121.02983, 40.98446, -6955.5615234375], [-121.02909, 40.97778, -6340.37548828125], [-121.02895, 40.97679, -7438.9365234375], [-121.02983, 40.98446, -6955.5615234375]]], [[[-121.13219, 41.34238, -13206.443359375], [-121.12877, 41.33522, -12733.7294921875], [-121.12821, 41.33397, -13855.5166015625], [-121.13219, 41.34238, -13206.443359375]]], [[[-121.02983, 40.98446, -6955.5615234375], [-121.03052, 40.98835, -6166.97607421875], [-121.02909, 40.97778, -6340.37548828125], [-121.02983, 40.98446, -6955.5615234375]]], [[[-121.13914, 41.35729, -14171.853515625], [-121.13574, 41.34992, -13682.572265625], [-121.13602, 41.35055, -14630.40234375], [-121.13914, 41.35729, -14171.853515625]]], [[[-121.07517, 41.19075, -497.0133361816406], [-121.07615, 41.19519, 372.3211975097656], [-121.07407, 41.1863, 371.5446472167969], [-121.07517, 41.19075, -497.0133361816406]]], [[[-121.03497, 41.01288, -176.43434143066406], [-121.03549, 41.01745, 679.5430908203125], [-121.03404, 41.00867, 699.2897338867188], [-121.03497, 41.01288, -176.43434143066406]]], [[[-121.0315, 40.99277, -7067.240234375], [-121.03052, 40.98835, -6166.97607421875], [-121.02983, 40.98446, -6955.5615234375], [-121.0315, 40.99277, -7067.240234375]]], [[[-121.13914, 41.35729, -12214.7294921875], [-121.13574, 41.34992, -11725.4482421875], [-121.13574, 41.34992, -12704.009765625], [-121.13914, 41.35729, -12214.7294921875]]], [[[-121.07615, 41.19519, 372.3211975097656], [-121.07721, 41.19962, 1241.0035400390625], [-121.07516, 41.19073, 1239.576416015625], [-121.07615, 41.19519, 372.3211975097656]]], [[[-121.13229, 41.34257, -9279.04296875], [-121.13229, 41.34257, -10257.6044921875], [-121.13574, 41.34992, -9768.32421875], [-121.13229, 41.34257, -9279.04296875]]], [[[-121.0315, 40.99277, -7067.240234375], [-121.03226, 40.99737, -6182.8916015625], [-121.03052, 40.98835, -6166.97607421875], [-121.0315, 40.99277, -7067.240234375]]], [[[-121.13222, 41.34245, -14120.982421875], [-121.13316, 41.34432, -14885.587890625], [-121.13602, 41.35055, -14630.40234375], [-121.13222, 41.34245, -14120.982421875]]], [[[-121.06805, 41.16423, -2237.314208984375], [-121.06661, 41.15983, -3104.31103515625], [-121.06905, 41.16873, -3102.81201171875], [-121.06805, 41.16423, -2237.314208984375]]], [[[-121.03599, 41.02191, -195.37069702148438], [-121.03781, 41.03013, -250.57086181640625], [-121.03702, 41.0266, 661.4979858398438], [-121.03599, 41.02191, -195.37069702148438]]], [[[-121.03052, 40.98835, -6166.97607421875], [-121.03226, 40.99737, -6182.8916015625], [-121.03159, 40.99315, -5299.62109375], [-121.03052, 40.98835, -6166.97607421875]]], [[[-121.09612, 41.26133, -2205.8935546875], [-121.09771, 41.26556, -1328.4100341796875], [-121.09419, 41.25692, -1344.2576904296875], [-121.09612, 41.26133, -2205.8935546875]]], [[[-121.11618, 41.30565, -6750.7978515625], [-121.11928, 41.31275, -6328.4052734375], [-121.11567, 41.30451, -5684.9697265625], [-121.11618, 41.30565, -6750.7978515625]]], [[[-121.03052, 40.98835, -6166.97607421875], [-121.03159, 40.99315, -5299.62109375], [-121.0298, 40.98421, -5350.04345703125], [-121.03052, 40.98835, -6166.97607421875]]], [[[-121.11341, 41.29982, -4793.90234375], [-121.11545, 41.304, -3924.167724609375], [-121.11128, 41.29556, -3930.682373046875], [-121.11341, 41.29982, -4793.90234375]]], [[[-121.07295, 41.18186, -2232.4833984375], [-121.0715, 41.17749, -3097.267578125], [-121.07407, 41.18628, -3105.397705078125], [-121.07295, 41.18186, -2232.4833984375]]], [[[-121.02421, 40.95193, -52.202430725097656], [-121.025, 40.9555, 860.0511474609375], [-121.02356, 40.94708, 784.9974365234375], [-121.02421, 40.95193, -52.202430725097656]]], [[[-121.14279, 41.36478, 40.36176300048828], [-121.14412, 41.36777, 919.2586059570312], [-121.14224, 41.36354, 1331.9393310546875], [-121.14279, 41.36478, 40.36176300048828]]], [[[-121.11172, 41.29645, -10794.8876953125], [-121.11411, 41.30121, -11572.537109375], [-121.11588, 41.30497, -10677.970703125], [-121.11172, 41.29645, -10794.8876953125]]], [[[-121.03052, 40.98835, -6166.97607421875], [-121.0298, 40.98421, -5350.04345703125], [-121.02909, 40.97778, -6340.37548828125], [-121.03052, 40.98835, -6166.97607421875]]], [[[-121.10932, 41.29123, -4798.763671875], [-121.11128, 41.29556, -3930.682373046875], [-121.10737, 41.28683, -3934.808349609375], [-121.10932, 41.29123, -4798.763671875]]], [[[-121.0288, 40.9761, -5322.49609375], [-121.02909, 40.97778, -6340.37548828125], [-121.0298, 40.98421, -5350.04345703125], [-121.0288, 40.9761, -5322.49609375]]], [[[-121.1222, 41.32045, -9768.32421875], [-121.12193, 41.31981, -10783.962890625], [-121.12549, 41.32784, -10257.6044921875], [-121.1222, 41.32045, -9768.32421875]]], [[[-121.10306, 41.27812, -2203.693115234375], [-121.10523, 41.28246, -1342.3243408203125], [-121.1012, 41.27395, -1326.6405029296875], [-121.10306, 41.27812, -2203.693115234375]]], [[[-121.10932, 41.29121, -3067.20703125], [-121.11339, 41.29979, -3062.128662109375], [-121.11125, 41.29551, -2197.420166015625], [-121.10932, 41.29121, -3067.20703125]]], [[[-121.02909, 40.97778, -6340.37548828125], [-121.0288, 40.9761, -5322.49609375], [-121.02728, 40.96926, -5880.43408203125], [-121.02909, 40.97778, -6340.37548828125]]], [[[-121.09113, 41.24807, 390.7993469238281], [-121.09415, 41.25683, 392.6457214355469], [-121.09223, 41.25251, 1257.760009765625], [-121.09113, 41.24807, 390.7993469238281]]], [[[-121.02909, 40.97778, -6340.37548828125], [-121.02728, 40.96926, -5880.43408203125], [-121.02728, 40.96926, -6922.94189453125], [-121.02909, 40.97778, -6340.37548828125]]], [[[-121.02218, 40.93831, -1032.1134033203125], [-121.02084, 40.93153, -407.0658264160156], [-121.02072, 40.93046, -1522.8251953125], [-121.02218, 40.93831, -1032.1134033203125]]], [[[-121.09113, 41.24807, 390.7993469238281], [-121.09223, 41.25251, 1257.760009765625], [-121.09014, 41.24363, 1259.7713623046875], [-121.09113, 41.24807, 390.7993469238281]]], [[[-121.02728, 40.96926, -6922.94189453125], [-121.02728, 40.96926, -5880.43408203125], [-121.02617, 40.96134, -6454.30908203125], [-121.02728, 40.96926, -6922.94189453125]]], [[[-121.07867, 41.20402, -1362.7388916015625], [-121.08108, 41.21287, -1364.9891357421875], [-121.08009, 41.2084, -494.2745056152344], [-121.07867, 41.20402, -1362.7388916015625]]], [[[-121.13229, 41.34257, -6343.3564453125], [-121.13574, 41.34992, -6832.6376953125], [-121.13574, 41.34992, -5854.07568359375], [-121.13229, 41.34257, -6343.3564453125]]], [[[-121.02728, 40.96926, -6922.94189453125], [-121.02617, 40.96134, -6454.30908203125], [-121.02617, 40.96134, -7438.9365234375], [-121.02728, 40.96926, -6922.94189453125]]], [[[-121.13574, 41.34992, -6832.6376953125], [-121.13574, 41.34992, -7811.19970703125], [-121.13914, 41.35729, -7321.91845703125], [-121.13574, 41.34992, -6832.6376953125]]], [[[-121.07867, 41.20401, 373.55047607421875], [-121.08108, 41.21285, 374.95672607421875], [-121.08008, 41.20838, 1242.0357666015625], [-121.07867, 41.20401, 373.55047607421875]]], [[[-121.10935, 41.29129, -6597.13916015625], [-121.11129, 41.29559, -5662.3486328125], [-121.10737, 41.28684, -5665.49462890625], [-121.10935, 41.29129, -6597.13916015625]]], [[[-121.02728, 40.96926, -6922.94189453125], [-121.02617, 40.96134, -7438.9365234375], [-121.02724, 40.9691, -7931.25048828125], [-121.02728, 40.96926, -6922.94189453125]]], [[[-121.10737, 41.28683, -3934.808349609375], [-121.10522, 41.28245, -3070.36669921875], [-121.10307, 41.27815, -3933.49462890625], [-121.10737, 41.28683, -3934.808349609375]]], [[[-121.09113, 41.24807, 390.7993469238281], [-121.09224, 41.25254, -482.00897216796875], [-121.09415, 41.25683, 392.6457214355469], [-121.09113, 41.24807, 390.7993469238281]]], [[[-121.12549, 41.32784, -6343.3564453125], [-121.12877, 41.33524, -6832.6376953125], [-121.12877, 41.33524, -5854.07568359375], [-121.12549, 41.32784, -6343.3564453125]]], [[[-121.0942, 41.25694, -3073.147216796875], [-121.09775, 41.26566, -3065.677978515625], [-121.09612, 41.26133, -2205.8935546875], [-121.0942, 41.25694, -3073.147216796875]]], [[[-121.11282, 41.29863, -10102.8447265625], [-121.10962, 41.2919, -9855.1318359375], [-121.11172, 41.29645, -10794.8876953125], [-121.11282, 41.29863, -10102.8447265625]]], [[[-121.02724, 40.9691, -7931.25048828125], [-121.02617, 40.96134, -7438.9365234375], [-121.02617, 40.96134, -8423.564453125], [-121.02724, 40.9691, -7931.25048828125]]], [[[-121.10187, 41.27546, -9967.42578125], [-121.10404, 41.28009, -10812.103515625], [-121.10609, 41.28417, -9873.5986328125], [-121.10187, 41.27546, -9967.42578125]]], [[[-121.02724, 40.9691, -8915.8779296875], [-121.02724, 40.9691, -7931.25048828125], [-121.02617, 40.96134, -8423.564453125], [-121.02724, 40.9691, -8915.8779296875]]], [[[-121.13574, 41.34992, -7811.19970703125], [-121.13574, 41.34992, -8789.76171875], [-121.13914, 41.35729, -8300.48046875], [-121.13574, 41.34992, -7811.19970703125]]], [[[-121.08108, 41.21285, 374.95672607421875], [-121.08211, 41.21733, -493.7446594238281], [-121.08356, 41.22169, 378.376220703125], [-121.08108, 41.21285, 374.95672607421875]]], [[[-121.13574, 41.34992, -12704.009765625], [-121.13914, 41.35729, -13193.291015625], [-121.13914, 41.35729, -12214.7294921875], [-121.13574, 41.34992, -12704.009765625]]], [[[-121.02724, 40.9691, -8915.8779296875], [-121.02617, 40.96134, -8423.564453125], [-121.02617, 40.96134, -9408.19140625], [-121.02724, 40.9691, -8915.8779296875]]], [[[-121.14271, 41.36461, -13682.572265625], [-121.146, 41.372, -14171.853515625], [-121.146, 41.372, -13193.291015625], [-121.14271, 41.36461, -13682.572265625]]], [[[-121.10306, 41.27812, -2203.693115234375], [-121.1012, 41.27395, -1326.6405029296875], [-121.09935, 41.26979, -2193.54931640625], [-121.10306, 41.27812, -2203.693115234375]]], [[[-121.02617, 40.96134, -8423.564453125], [-121.02459, 40.95364, -7931.25048828125], [-121.02459, 40.95364, -8915.8779296875], [-121.02617, 40.96134, -8423.564453125]]], [[[-121.08604, 41.23069, -3083.683349609375], [-121.08868, 41.23948, -3076.9638671875], [-121.08706, 41.23516, -2214.681884765625], [-121.08604, 41.23069, -3083.683349609375]]], [[[-121.02617, 40.96134, -6454.30908203125], [-121.02459, 40.95364, -5961.9951171875], [-121.02459, 40.95364, -6946.623046875], [-121.02617, 40.96134, -6454.30908203125]]], [[[-121.02459, 40.95364, -5961.9951171875], [-121.02623, 40.96182, -5413.890625], [-121.02459, 40.95364, -4977.36767578125], [-121.02459, 40.95364, -5961.9951171875]]], [[[-121.02459, 40.95364, -5961.9951171875], [-121.02459, 40.95364, -4977.36767578125], [-121.02343, 40.9459, -5469.681640625], [-121.02459, 40.95364, -5961.9951171875]]], [[[-121.08601, 41.23057, -1355.438720703125], [-121.08701, 41.23502, -482.114501953125], [-121.08502, 41.22607, -484.8081359863281], [-121.08601, 41.23057, -1355.438720703125]]], [[[-121.07867, 41.20402, -1362.7388916015625], [-121.08009, 41.2084, -2233.52099609375], [-121.08108, 41.21287, -1364.9891357421875], [-121.07867, 41.20402, -1362.7388916015625]]], [[[-121.09112, 41.24804, -1340.413818359375], [-121.09419, 41.25692, -1344.2576904296875], [-121.09224, 41.25254, -482.00897216796875], [-121.09112, 41.24804, -1340.413818359375]]], [[[-121.02215, 40.93816, -8915.8779296875], [-121.02072, 40.93045, -8423.564453125], [-121.02072, 40.93045, -9408.19140625], [-121.02215, 40.93816, -8915.8779296875]]], [[[-121.02072, 40.93045, -8423.564453125], [-121.01971, 40.92269, -8915.8779296875], [-121.02072, 40.93045, -9408.19140625], [-121.02072, 40.93045, -8423.564453125]]], [[[-121.02072, 40.93045, -5469.681640625], [-121.01971, 40.92269, -5961.9951171875], [-121.02072, 40.93045, -6454.30908203125], [-121.02072, 40.93045, -5469.681640625]]], [[[-121.08863, 41.23935, 386.6531982421875], [-121.09113, 41.24807, 390.7993469238281], [-121.09014, 41.24363, 1259.7713623046875], [-121.08863, 41.23935, 386.6531982421875]]], [[[-121.01971, 40.92269, -5961.9951171875], [-121.01971, 40.92269, -4977.36767578125], [-121.018, 40.915, -5469.681640625], [-121.01971, 40.92269, -5961.9951171875]]], [[[-121.01971, 40.92269, -5961.9951171875], [-121.018, 40.915, -5469.681640625], [-121.018, 40.915, -6454.30908203125], [-121.01971, 40.92269, -5961.9951171875]]], [[[-121.13914, 41.35729, -2429.1083984375], [-121.13914, 41.35729, -3407.67041015625], [-121.14271, 41.36461, -2918.389404296875], [-121.13914, 41.35729, -2429.1083984375]]], [[[-121.10923, 41.29101, 395.0940856933594], [-121.1112, 41.2954, -467.6308288574219], [-121.11332, 41.29964, 401.6590270996094], [-121.10923, 41.29101, 395.0940856933594]]], [[[-121.02343, 40.9459, -4485.05419921875], [-121.02215, 40.93816, -4977.36767578125], [-121.02343, 40.9459, -5469.681640625], [-121.02343, 40.9459, -4485.05419921875]]], [[[-121.02459, 40.95364, -4977.36767578125], [-121.02343, 40.9459, -4485.05419921875], [-121.02343, 40.9459, -5469.681640625], [-121.02459, 40.95364, -4977.36767578125]]], [[[-121.09771, 41.26556, -1328.4100341796875], [-121.1012, 41.27395, -1326.6405029296875], [-121.09934, 41.26977, -464.7620849609375], [-121.09771, 41.26556, -1328.4100341796875]]], [[[-121.12072, 41.31658, 411.9723815917969], [-121.12244, 41.32099, 1274.4815673828125], [-121.11912, 41.31232, 1285.287109375], [-121.12072, 41.31658, 411.9723815917969]]], [[[-121.02708, 40.96837, -3589.64990234375], [-121.02879, 40.97607, -3581.548583984375], [-121.02793, 40.97217, -2650.542724609375], [-121.02708, 40.96837, -3589.64990234375]]], [[[-121.09415, 41.25683, 392.6457214355469], [-121.09607, 41.26119, -474.5030212402344], [-121.09768, 41.26549, 400.4405212402344], [-121.09415, 41.25683, 392.6457214355469]]], [[[-121.02605, 40.96039, -1795.6502685546875], [-121.02521, 40.95644, -904.24169921875], [-121.02438, 40.95271, -1805.400634765625], [-121.02605, 40.96039, -1795.6502685546875]]], [[[-121.10732, 41.28671, -471.62042236328125], [-121.10525, 41.2825, 397.58453369140625], [-121.10312, 41.27823, -471.1106872558594], [-121.10732, 41.28671, -471.62042236328125]]], [[[-121.10923, 41.29101, 395.0940856933594], [-121.11115, 41.2953, 1261.8060302734375], [-121.10733, 41.28675, 1264.304931640625], [-121.10923, 41.29101, 395.0940856933594]]], [[[-121.1112, 41.2954, -467.6308288574219], [-121.10923, 41.29101, 395.0940856933594], [-121.10732, 41.28671, -471.62042236328125], [-121.1112, 41.2954, -467.6308288574219]]], [[[-121.1247, 41.32608, -3161.5966796875], [-121.12649, 41.33011, -2201.886962890625], [-121.12245, 41.32102, -2207.317138671875], [-121.1247, 41.32608, -3161.5966796875]]], [[[-121.146, 41.372, -8300.48046875], [-121.14271, 41.36461, -8789.76171875], [-121.146, 41.372, -9279.04296875], [-121.146, 41.372, -8300.48046875]]], [[[-121.01971, 40.92269, -3992.740234375], [-121.02072, 40.93045, -3500.426513671875], [-121.01971, 40.92269, -3008.11279296875], [-121.01971, 40.92269, -3992.740234375]]], [[[-121.02054, 40.92882, 616.8776245117188], [-121.01972, 40.92276, 69.5400161743164], [-121.02084, 40.93153, -407.0658264160156], [-121.02054, 40.92882, 616.8776245117188]]], [[[-121.13151, 41.34102, -2297.396484375], [-121.13563, 41.34966, -2899.86962890625], [-121.1357, 41.34983, -1942.312255859375], [-121.13151, 41.34102, -2297.396484375]]], [[[-121.12545, 41.32776, -4342.5546875], [-121.12854, 41.33471, -3853.792724609375], [-121.1247, 41.32608, -3161.5966796875], [-121.12545, 41.32776, -4342.5546875]]], [[[-121.02702, 40.9681, -5.221673965454102], [-121.02652, 40.96415, 888.2802734375], [-121.026, 40.96003, 8.50747013092041], [-121.02702, 40.9681, -5.221673965454102]]], [[[-121.12428, 41.32513, 397.15399169921875], [-121.12822, 41.334, 399.6562805175781], [-121.12624, 41.32954, 1255.3363037109375], [-121.12428, 41.32513, 397.15399169921875]]], [[[-121.02702, 40.9681, -5.221673965454102], [-121.02892, 40.97666, -29.734928131103516], [-121.02799, 40.97247, 861.1806030273438], [-121.02702, 40.9681, -5.221673965454102]]], [[[-121.02702, 40.9681, -5.221673965454102], [-121.02793, 40.97218, -883.2239990234375], [-121.02892, 40.97666, -29.734928131103516], [-121.02702, 40.9681, -5.221673965454102]]], [[[-121.02793, 40.97218, -883.2239990234375], [-121.02702, 40.9681, -5.221673965454102], [-121.0265, 40.964, -885.214111328125], [-121.02793, 40.97218, -883.2239990234375]]], [[[-121.02702, 40.9681, -1766.7264404296875], [-121.02793, 40.97218, -883.2239990234375], [-121.0265, 40.964, -885.214111328125], [-121.02702, 40.9681, -1766.7264404296875]]], [[[-121.02702, 40.9681, -1766.7264404296875], [-121.02883, 40.97623, -1766.1302490234375], [-121.02793, 40.97218, -883.2239990234375], [-121.02702, 40.9681, -1766.7264404296875]]], [[[-121.02702, 40.9681, -1766.7264404296875], [-121.02793, 40.97217, -2650.542724609375], [-121.02883, 40.97623, -1766.1302490234375], [-121.02702, 40.9681, -1766.7264404296875]]], [[[-121.12177, 41.31938, -4829.17529296875], [-121.12544, 41.32774, -5352.99658203125], [-121.12545, 41.32776, -4342.5546875], [-121.12177, 41.31938, -4829.17529296875]]], [[[-121.02937, 40.98035, -2650.459716796875], [-121.02883, 40.97623, -1766.1302490234375], [-121.02793, 40.97217, -2650.542724609375], [-121.02937, 40.98035, -2650.459716796875]]], [[[-121.02883, 40.97623, -1766.1302490234375], [-121.02943, 40.98087, -918.0960083007812], [-121.02793, 40.97218, -883.2239990234375], [-121.02883, 40.97623, -1766.1302490234375]]], [[[-121.02952, 40.98168, 809.2058715820312], [-121.02905, 40.97743, 1693.0462646484375], [-121.02799, 40.97247, 861.1806030273438], [-121.02952, 40.98168, 809.2058715820312]]], [[[-121.02952, 40.98168, 809.2058715820312], [-121.03009, 40.98642, 1660.370361328125], [-121.02905, 40.97743, 1693.0462646484375], [-121.02952, 40.98168, 809.2058715820312]]], [[[-121.11833, 41.3105, -11434.34765625], [-121.12195, 41.31985, -11669.26171875], [-121.12193, 41.31981, -10783.962890625], [-121.11833, 41.3105, -11434.34765625]]], [[[-121.0325, 40.9995, 724.3955688476562], [-121.03404, 41.00867, 699.2897338867188], [-121.03307, 41.0043, 1571.861572265625], [-121.0325, 40.9995, 724.3955688476562]]], [[[-121.13574, 41.34992, -13682.572265625], [-121.13914, 41.35729, -14171.853515625], [-121.13914, 41.35729, -13193.291015625], [-121.13574, 41.34992, -13682.572265625]]], [[[-121.03497, 41.01288, -176.43434143066406], [-121.03404, 41.00867, 699.2897338867188], [-121.03299, 41.00392, -153.9246826171875], [-121.03497, 41.01288, -176.43434143066406]]], [[[-121.12544, 41.32774, -5352.99658203125], [-121.12549, 41.32784, -6343.3564453125], [-121.12877, 41.33524, -5854.07568359375], [-121.12544, 41.32774, -5352.99658203125]]], [[[-121.03599, 41.02191, -195.37069702148438], [-121.03679, 41.02556, -1103.009765625], [-121.03781, 41.03013, -250.57086181640625], [-121.03599, 41.02191, -195.37069702148438]]], [[[-121.12586, 41.32869, -16615.74609375], [-121.12414, 41.32482, -17509.482421875], [-121.12794, 41.33336, -17454.697265625], [-121.12586, 41.32869, -16615.74609375]]], [[[-121.14271, 41.36461, -6832.6376953125], [-121.146, 41.372, -7321.91845703125], [-121.146, 41.372, -6343.3564453125], [-121.14271, 41.36461, -6832.6376953125]]], [[[-121.03671, 41.02521, -2836.79248046875], [-121.03831, 41.03379, -2863.831787109375], [-121.03771, 41.02972, -1982.050537109375], [-121.03671, 41.02521, -2836.79248046875]]], [[[-121.03761, 41.02927, -3715.996337890625], [-121.03831, 41.03379, -2863.831787109375], [-121.03671, 41.02521, -2836.79248046875], [-121.03761, 41.02927, -3715.996337890625]]], [[[-121.13914, 41.35729, -12214.7294921875], [-121.14271, 41.36461, -11725.4482421875], [-121.13914, 41.35729, -11236.1669921875], [-121.13914, 41.35729, -12214.7294921875]]], [[[-121.03882, 41.03839, -2014.5355224609375], [-121.03837, 41.03432, -1129.677001953125], [-121.03771, 41.02972, -1982.050537109375], [-121.03882, 41.03839, -2014.5355224609375]]], [[[-121.13229, 41.34257, -10257.6044921875], [-121.13574, 41.34992, -10746.8857421875], [-121.13574, 41.34992, -9768.32421875], [-121.13229, 41.34257, -10257.6044921875]]], [[[-121.14271, 41.36461, -4875.513671875], [-121.146, 41.372, -5364.79443359375], [-121.146, 41.372, -4386.232421875], [-121.14271, 41.36461, -4875.513671875]]], [[[-121.12195, 41.31985, -11669.26171875], [-121.11833, 41.3105, -11434.34765625], [-121.11963, 41.31367, -12373.4365234375], [-121.12195, 41.31985, -11669.26171875]]], [[[-121.04084, 41.04826, -354.6832275390625], [-121.03995, 41.04427, 531.0880126953125], [-121.03888, 41.03895, -277.3756103515625], [-121.04084, 41.04826, -354.6832275390625]]], [[[-121.11806, 41.30989, -13267.7529296875], [-121.11609, 41.30546, -12413.7001953125], [-121.11432, 41.30164, -13317.02734375], [-121.11806, 41.30989, -13267.7529296875]]], [[[-121.11806, 41.30989, -13267.7529296875], [-121.11994, 41.3145, -14106.544921875], [-121.12145, 41.31853, -13223.8330078125], [-121.11806, 41.30989, -13267.7529296875]]], [[[-121.0418, 41.05262, -1232.8790283203125], [-121.04286, 41.05735, -379.5344543457031], [-121.04084, 41.04826, -354.6832275390625], [-121.0418, 41.05262, -1232.8790283203125]]], [[[-121.10436, 41.28072, -12536.9091796875], [-121.1066, 41.2852, -13394.1533203125], [-121.10838, 41.2891, -12510.908203125], [-121.10436, 41.28072, -12536.9091796875]]], [[[-121.09325, 41.25481, -12661.8291015625], [-121.09533, 41.25949, -13505.6455078125], [-121.09693, 41.26349, -12625.9501953125], [-121.09325, 41.25481, -12661.8291015625]]], [[[-121.04163, 41.05184, -2921.264404296875], [-121.04339, 41.06148, -2984.723876953125], [-121.0428, 41.0571, -2106.709716796875], [-121.04163, 41.05184, -2921.264404296875]]], [[[-121.1066, 41.2852, -13394.1533203125], [-121.10462, 41.28123, -14275.0361328125], [-121.10864, 41.28969, -14242.44140625], [-121.1066, 41.2852, -13394.1533203125]]], [[[-121.04389, 41.06603, -3857.309326171875], [-121.04339, 41.06148, -2984.723876953125], [-121.0426, 41.0562, -3799.46240234375], [-121.04389, 41.06603, -3857.309326171875]]], [[[-121.13909, 41.35718, -15208.3623046875], [-121.14245, 41.36401, -15706.44921875], [-121.14271, 41.36461, -14661.134765625], [-121.13909, 41.35718, -15208.3623046875]]], [[[-121.04339, 41.06148, -2984.723876953125], [-121.04389, 41.06603, -3857.309326171875], [-121.04483, 41.07074, -2997.985595703125], [-121.04339, 41.06148, -2984.723876953125]]], [[[-121.09039, 41.24475, -9227.0849609375], [-121.08741, 41.23609, -9247.033203125], [-121.08918, 41.24081, -10130.755859375], [-121.09039, 41.24475, -9227.0849609375]]], [[[-121.13909, 41.35718, -15208.3623046875], [-121.13602, 41.35055, -14630.40234375], [-121.13561, 41.34963, -15601.603515625], [-121.13909, 41.35718, -15208.3623046875]]], [[[-121.04339, 41.06148, -2984.723876953125], [-121.04483, 41.07074, -2997.985595703125], [-121.04392, 41.06624, -2131.18701171875], [-121.04339, 41.06148, -2984.723876953125]]], [[[-121.04339, 41.06148, -2984.723876953125], [-121.04392, 41.06624, -2131.18701171875], [-121.0428, 41.0571, -2106.709716796875], [-121.04339, 41.06148, -2984.723876953125]]], [[[-121.10187, 41.27546, -9967.42578125], [-121.09817, 41.2668, -10019.1669921875], [-121.10007, 41.2714, -10853.3837890625], [-121.10187, 41.27546, -9967.42578125]]], [[[-121.04343, 41.06186, -1248.691162109375], [-121.04392, 41.06624, -2131.18701171875], [-121.04491, 41.07108, -1282.5631103515625], [-121.04343, 41.06186, -1248.691162109375]]], [[[-121.08936, 41.24131, -11864.2421875], [-121.09052, 41.24532, -10981.8525390625], [-121.08767, 41.23679, -11010.943359375], [-121.08936, 41.24131, -11864.2421875]]], [[[-121.11963, 41.31367, -12373.4365234375], [-121.11806, 41.30989, -13267.7529296875], [-121.12145, 41.31853, -13223.8330078125], [-121.11963, 41.31367, -12373.4365234375]]], [[[-121.10211, 41.276, -11696.85546875], [-121.09841, 41.26744, -11741.0517578125], [-121.10031, 41.27195, -12586.8310546875], [-121.10211, 41.276, -11696.85546875]]], [[[-121.04587, 41.07542, -420.16778564453125], [-121.04496, 41.07131, 463.20330810546875], [-121.04398, 41.06686, -412.95611572265625], [-121.04587, 41.07542, -420.16778564453125]]], [[[-121.09817, 41.2668, -10019.1669921875], [-121.0967, 41.26286, -10899.994140625], [-121.10007, 41.2714, -10853.3837890625], [-121.09817, 41.2668, -10019.1669921875]]], [[[-121.13914, 41.35729, -13193.291015625], [-121.13574, 41.34992, -12704.009765625], [-121.13574, 41.34992, -13682.572265625], [-121.13914, 41.35729, -13193.291015625]]], [[[-121.04496, 41.07131, 463.20330810546875], [-121.04587, 41.07542, -420.16778564453125], [-121.04643, 41.07985, 446.60137939453125], [-121.04496, 41.07131, 463.20330810546875]]], [[[-121.04496, 41.07131, 463.20330810546875], [-121.04643, 41.07985, 446.60137939453125], [-121.04593, 41.07569, 1335.2841796875], [-121.04496, 41.07131, 463.20330810546875]]], [[[-121.11994, 41.3145, -14106.544921875], [-121.11638, 41.30611, -14158.5732421875], [-121.1184, 41.31065, -14997.5703125], [-121.11994, 41.3145, -14106.544921875]]], [[[-121.04496, 41.07131, 463.20330810546875], [-121.04593, 41.07569, 1335.2841796875], [-121.04398, 41.06679, 1327.00146484375], [-121.04496, 41.07131, 463.20330810546875]]], [[[-121.10211, 41.276, -11696.85546875], [-121.10031, 41.27195, -12586.8310546875], [-121.10436, 41.28072, -12536.9091796875], [-121.10211, 41.276, -11696.85546875]]], [[[-121.04348, 41.0623, 459.00982666015625], [-121.04496, 41.07131, 463.20330810546875], [-121.04398, 41.06679, 1327.00146484375], [-121.04348, 41.0623, 459.00982666015625]]], [[[-121.11411, 41.30121, -11572.537109375], [-121.11609, 41.30546, -12413.7001953125], [-121.11833, 41.3105, -11434.34765625], [-121.11411, 41.30121, -11572.537109375]]], [[[-121.09269, 41.25355, -9195.90234375], [-121.09479, 41.25828, -10043.0458984375], [-121.0965, 41.26234, -9165.333984375], [-121.09269, 41.25355, -9195.90234375]]], [[[-121.04643, 41.07985, 446.60137939453125], [-121.04696, 41.08468, 1292.1688232421875], [-121.04593, 41.07569, 1335.2841796875], [-121.04643, 41.07985, 446.60137939453125]]], [[[-121.12758, 41.33255, -15719.2734375], [-121.12586, 41.32869, -16615.74609375], [-121.12967, 41.33725, -16559.47265625], [-121.12758, 41.33255, -15719.2734375]]], [[[-121.10838, 41.2891, -12510.908203125], [-121.1066, 41.2852, -13394.1533203125], [-121.11036, 41.29355, -13358.5712890625], [-121.10838, 41.2891, -12510.908203125]]], [[[-121.04643, 41.07985, 446.60137939453125], [-121.04695, 41.08459, -408.1432800292969], [-121.04809, 41.08935, 440.37457275390625], [-121.04643, 41.07985, 446.60137939453125]]], [[[-121.09039, 41.24475, -9227.0849609375], [-121.08918, 41.24081, -10130.755859375], [-121.09143, 41.24945, -10092.5712890625], [-121.09039, 41.24475, -9227.0849609375]]], [[[-121.04695, 41.08459, -408.1432800292969], [-121.04643, 41.07985, 446.60137939453125], [-121.04587, 41.07542, -420.16778564453125], [-121.04695, 41.08459, -408.1432800292969]]], [[[-121.0986, 41.26793, -13477.58984375], [-121.09533, 41.25949, -13505.6455078125], [-121.09714, 41.26405, -14362.767578125], [-121.0986, 41.26793, -13477.58984375]]], [[[-121.14271, 41.36461, -11725.4482421875], [-121.146, 41.372, -12214.7294921875], [-121.146, 41.372, -11236.1669921875], [-121.14271, 41.36461, -11725.4482421875]]], [[[-121.04645, 41.08009, -1280.1209716796875], [-121.04807, 41.08928, -1261.1966552734375], [-121.04695, 41.08459, -408.1432800292969], [-121.04645, 41.08009, -1280.1209716796875]]], [[[-121.11004, 41.29285, -11622.3662109375], [-121.10838, 41.2891, -12510.908203125], [-121.11214, 41.29729, -12463.8037109375], [-121.11004, 41.29285, -11622.3662109375]]], [[[-121.04698, 41.08486, -2136.538330078125], [-121.04807, 41.08928, -1261.1966552734375], [-121.04645, 41.08009, -1280.1209716796875], [-121.04698, 41.08486, -2136.538330078125]]], [[[-121.04907, 41.09332, -2145.539794921875], [-121.04807, 41.08928, -1261.1966552734375], [-121.04698, 41.08486, -2136.538330078125], [-121.04907, 41.09332, -2145.539794921875]]], [[[-121.0965, 41.26234, -9165.333984375], [-121.09817, 41.2668, -10019.1669921875], [-121.09979, 41.27077, -9128.4033203125], [-121.0965, 41.26234, -9165.333984375]]], [[[-121.04807, 41.08928, -1261.1966552734375], [-121.04907, 41.09332, -2145.539794921875], [-121.0501, 41.09796, -1299.130615234375], [-121.04807, 41.08928, -1261.1966552734375]]], [[[-121.10187, 41.27546, -9967.42578125], [-121.10007, 41.2714, -10853.3837890625], [-121.10404, 41.28009, -10812.103515625], [-121.10187, 41.27546, -9967.42578125]]], [[[-121.04807, 41.08928, -1261.1966552734375], [-121.0501, 41.09796, -1299.130615234375], [-121.04922, 41.094, -409.3883056640625], [-121.04807, 41.08928, -1261.1966552734375]]], [[[-121.11588, 41.30497, -10677.970703125], [-121.11833, 41.3105, -11434.34765625], [-121.11928, 41.31273, -10314.86328125], [-121.11588, 41.30497, -10677.970703125]]], [[[-121.04807, 41.08928, -1261.1966552734375], [-121.04922, 41.094, -409.3883056640625], [-121.04695, 41.08459, -408.1432800292969], [-121.04807, 41.08928, -1261.1966552734375]]], [[[-121.09269, 41.25355, -9195.90234375], [-121.09118, 41.24832, -8279.9521484375], [-121.09039, 41.24475, -9227.0849609375], [-121.09269, 41.25355, -9195.90234375]]], [[[-121.12877, 41.33524, -10746.8857421875], [-121.13229, 41.34257, -11236.1669921875], [-121.13229, 41.34257, -10257.6044921875], [-121.12877, 41.33524, -10746.8857421875]]], [[[-121.04922, 41.094, -409.3883056640625], [-121.04809, 41.08935, 440.37457275390625], [-121.04695, 41.08459, -408.1432800292969], [-121.04922, 41.094, -409.3883056640625]]], [[[-121.10635, 41.2847, -11658.181640625], [-121.10436, 41.28072, -12536.9091796875], [-121.10838, 41.2891, -12510.908203125], [-121.10635, 41.2847, -11658.181640625]]], [[[-121.04809, 41.08935, 440.37457275390625], [-121.04922, 41.094, -409.3883056640625], [-121.05016, 41.0982, 469.6543884277344], [-121.04809, 41.08935, 440.37457275390625]]], [[[-121.04809, 41.08935, 440.37457275390625], [-121.05016, 41.0982, 469.6543884277344], [-121.04912, 41.09354, 1323.483154296875], [-121.04809, 41.08935, 440.37457275390625]]], [[[-121.13914, 41.35729, -11236.1669921875], [-121.14271, 41.36461, -10746.8857421875], [-121.13914, 41.35729, -10257.6044921875], [-121.13914, 41.35729, -11236.1669921875]]], [[[-121.04809, 41.08935, 440.37457275390625], [-121.04912, 41.09354, 1323.483154296875], [-121.04696, 41.08468, 1292.1688232421875], [-121.04809, 41.08935, 440.37457275390625]]], [[[-121.11411, 41.30121, -11572.537109375], [-121.11214, 41.29729, -12463.8037109375], [-121.11609, 41.30546, -12413.7001953125], [-121.11411, 41.30121, -11572.537109375]]], [[[-121.13574, 41.34992, -10746.8857421875], [-121.13574, 41.34992, -11725.4482421875], [-121.13914, 41.35729, -11236.1669921875], [-121.13574, 41.34992, -10746.8857421875]]], [[[-121.05016, 41.0982, 469.6543884277344], [-121.05197, 41.10638, 452.2177429199219], [-121.0511, 41.10244, 1350.7315673828125], [-121.05016, 41.0982, 469.6543884277344]]], [[[-121.08918, 41.24081, -10130.755859375], [-121.08767, 41.23679, -11010.943359375], [-121.09052, 41.24532, -10981.8525390625], [-121.08918, 41.24081, -10130.755859375]]], [[[-121.05016, 41.0982, 469.6543884277344], [-121.05103, 41.10214, -421.7621765136719], [-121.05197, 41.10638, 452.2177429199219], [-121.05016, 41.0982, 469.6543884277344]]], [[[-121.09143, 41.24945, -10092.5712890625], [-121.09052, 41.24532, -10981.8525390625], [-121.09299, 41.25422, -10933.353515625], [-121.09143, 41.24945, -10092.5712890625]]], [[[-121.05103, 41.10214, -421.7621765136719], [-121.05016, 41.0982, 469.6543884277344], [-121.04922, 41.094, -409.3883056640625], [-121.05103, 41.10214, -421.7621765136719]]], [[[-121.09817, 41.2668, -10019.1669921875], [-121.10187, 41.27546, -9967.42578125], [-121.09979, 41.27077, -9128.4033203125], [-121.09817, 41.2668, -10019.1669921875]]], [[[-121.0501, 41.09796, -1299.130615234375], [-121.05103, 41.10214, -421.7621765136719], [-121.04922, 41.094, -409.3883056640625], [-121.0501, 41.09796, -1299.130615234375]]], [[[-121.0888, 41.2398, -8291.47265625], [-121.09039, 41.24475, -9227.0849609375], [-121.09118, 41.24832, -8279.9521484375], [-121.0888, 41.2398, -8291.47265625]]], [[[-121.09479, 41.25828, -10043.0458984375], [-121.09299, 41.25422, -10933.353515625], [-121.0967, 41.26286, -10899.994140625], [-121.09479, 41.25828, -10043.0458984375]]], [[[-121.05101, 41.10205, -2183.06005859375], [-121.05194, 41.10624, -1305.873046875], [-121.0501, 41.09796, -1299.130615234375], [-121.05101, 41.10205, -2183.06005859375]]], [[[-121.09533, 41.25949, -13505.6455078125], [-121.09171, 41.2507, -13548.5458984375], [-121.09352, 41.25541, -14391.9365234375], [-121.09533, 41.25949, -13505.6455078125]]], [[[-121.05291, 41.1106, -2173.498779296875], [-121.05194, 41.10624, -1305.873046875], [-121.05101, 41.10205, -2183.06005859375], [-121.05291, 41.1106, -2173.498779296875]]], [[[-121.0965, 41.26234, -9165.333984375], [-121.09479, 41.25828, -10043.0458984375], [-121.09817, 41.2668, -10019.1669921875], [-121.0965, 41.26234, -9165.333984375]]], [[[-121.05291, 41.1106, -2173.498779296875], [-121.05389, 41.11501, -1309.0828857421875], [-121.05194, 41.10624, -1305.873046875], [-121.05291, 41.1106, -2173.498779296875]]], [[[-121.09425, 41.25706, -8266.1064453125], [-121.09269, 41.25355, -9195.90234375], [-121.0965, 41.26234, -9165.333984375], [-121.09425, 41.25706, -8266.1064453125]]], [[[-121.05487, 41.11941, -2181.749755859375], [-121.05389, 41.11501, -1309.0828857421875], [-121.05291, 41.1106, -2173.498779296875], [-121.05487, 41.11941, -2181.749755859375]]], [[[-121.1184, 41.31065, -14997.5703125], [-121.11638, 41.30611, -14158.5732421875], [-121.11468, 41.30235, -15049.193359375], [-121.1184, 41.31065, -14997.5703125]]], [[[-121.05389, 41.11501, -1309.0828857421875], [-121.05487, 41.11941, -2181.749755859375], [-121.05643, 41.12428, -1346.5045166015625], [-121.05389, 41.11501, -1309.0828857421875]]], [[[-121.09841, 41.26744, -11741.0517578125], [-121.09505, 41.25887, -11778.408203125], [-121.09693, 41.26349, -12625.9501953125], [-121.09841, 41.26744, -11741.0517578125]]], [[[-121.05389, 41.11501, -1309.0828857421875], [-121.05643, 41.12428, -1346.5045166015625], [-121.05498, 41.11993, -472.3013000488281], [-121.05389, 41.11501, -1309.0828857421875]]], [[[-121.09299, 41.25422, -10933.353515625], [-121.09157, 41.25008, -11818.982421875], [-121.09505, 41.25887, -11778.408203125], [-121.09299, 41.25422, -10933.353515625]]], [[[-121.05389, 41.11501, -1309.0828857421875], [-121.05498, 41.11993, -472.3013000488281], [-121.05291, 41.11059, -437.3483581542969], [-121.05389, 41.11501, -1309.0828857421875]]], [[[-121.09693, 41.26349, -12625.9501953125], [-121.0986, 41.26793, -13477.58984375], [-121.10031, 41.27195, -12586.8310546875], [-121.09693, 41.26349, -12625.9501953125]]], [[[-121.05194, 41.10624, -1305.873046875], [-121.05389, 41.11501, -1309.0828857421875], [-121.05291, 41.11059, -437.3483581542969], [-121.05194, 41.10624, -1305.873046875]]], [[[-121.10436, 41.28072, -12536.9091796875], [-121.10242, 41.27669, -13425.9228515625], [-121.1066, 41.2852, -13394.1533203125], [-121.10436, 41.28072, -12536.9091796875]]], [[[-121.09479, 41.25828, -10043.0458984375], [-121.09143, 41.24945, -10092.5712890625], [-121.09299, 41.25422, -10933.353515625], [-121.09479, 41.25828, -10043.0458984375]]], [[[-121.05291, 41.11059, -437.3483581542969], [-121.05197, 41.10638, 452.2177429199219], [-121.05103, 41.10214, -421.7621765136719], [-121.05291, 41.11059, -437.3483581542969]]], [[[-121.10864, 41.28969, -14242.44140625], [-121.11062, 41.29414, -15092.1591796875], [-121.11246, 41.29793, -14205.4931640625], [-121.10864, 41.28969, -14242.44140625]]], [[[-121.05197, 41.10638, 452.2177429199219], [-121.05291, 41.11059, -437.3483581542969], [-121.05401, 41.11553, 403.1790466308594], [-121.05197, 41.10638, 452.2177429199219]]], [[[-121.1184, 41.31065, -14997.5703125], [-121.11468, 41.30235, -15049.193359375], [-121.11672, 41.30688, -15890.7080078125], [-121.1184, 41.31065, -14997.5703125]]], [[[-121.05197, 41.10638, 452.2177429199219], [-121.05401, 41.11553, 403.1790466308594], [-121.05307, 41.11132, 1285.9794921875], [-121.05197, 41.10638, 452.2177429199219]]], [[[-121.09269, 41.25355, -9195.90234375], [-121.09143, 41.24945, -10092.5712890625], [-121.09479, 41.25828, -10043.0458984375], [-121.09269, 41.25355, -9195.90234375]]], [[[-121.05197, 41.10638, 452.2177429199219], [-121.05307, 41.11132, 1285.9794921875], [-121.0511, 41.10244, 1350.7315673828125], [-121.05197, 41.10638, 452.2177429199219]]], [[[-121.09817, 41.2668, -10019.1669921875], [-121.09479, 41.25828, -10043.0458984375], [-121.0967, 41.26286, -10899.994140625], [-121.09817, 41.2668, -10019.1669921875]]], [[[-121.05401, 41.11553, 403.1790466308594], [-121.05507, 41.12021, 1255.50341796875], [-121.05307, 41.11132, 1285.9794921875], [-121.05401, 41.11553, 403.1790466308594]]], [[[-121.11411, 41.30121, -11572.537109375], [-121.11004, 41.29285, -11622.3662109375], [-121.11214, 41.29729, -12463.8037109375], [-121.11411, 41.30121, -11572.537109375]]], [[[-121.05401, 41.11553, 403.1790466308594], [-121.05651, 41.12454, 383.9631042480469], [-121.05507, 41.12021, 1255.50341796875], [-121.05401, 41.11553, 403.1790466308594]]], [[[-121.09269, 41.25355, -9195.90234375], [-121.09039, 41.24475, -9227.0849609375], [-121.09143, 41.24945, -10092.5712890625], [-121.09269, 41.25355, -9195.90234375]]], [[[-121.05498, 41.11993, -472.3013000488281], [-121.05651, 41.12454, 383.9631042480469], [-121.05401, 41.11553, 403.1790466308594], [-121.05498, 41.11993, -472.3013000488281]]], [[[-121.08957, 41.24186, -13594.3857421875], [-121.09078, 41.24651, -14435.6162109375], [-121.09171, 41.2507, -13548.5458984375], [-121.08957, 41.24186, -13594.3857421875]]], [[[-121.05796, 41.12888, -488.8838195800781], [-121.05651, 41.12454, 383.9631042480469], [-121.05498, 41.11993, -472.3013000488281], [-121.05796, 41.12888, -488.8838195800781]]], [[[-121.08633, 41.232, -10162.1943359375], [-121.08918, 41.24081, -10130.755859375], [-121.08741, 41.23609, -9247.033203125], [-121.08633, 41.232, -10162.1943359375]]], [[[-121.05796, 41.12888, -488.8838195800781], [-121.05897, 41.13338, 378.05755615234375], [-121.05651, 41.12454, 383.9631042480469], [-121.05796, 41.12888, -488.8838195800781]]], [[[-121.10462, 41.28123, -14275.0361328125], [-121.10265, 41.27721, -15157.30078125], [-121.10687, 41.28573, -15123.8759765625], [-121.10462, 41.28123, -14275.0361328125]]], [[[-121.05996, 41.13781, -493.32122802734375], [-121.05897, 41.13338, 378.05755615234375], [-121.05796, 41.12888, -488.8838195800781], [-121.05996, 41.13781, -493.32122802734375]]], [[[-121.12025, 41.31533, -15833.572265625], [-121.11672, 41.30688, -15890.7080078125], [-121.11876, 41.31147, -16730.28125], [-121.12025, 41.31533, -15833.572265625]]], [[[-121.05996, 41.13781, -493.32122802734375], [-121.06157, 41.14219, 374.5640563964844], [-121.05897, 41.13338, 378.05755615234375], [-121.05996, 41.13781, -493.32122802734375]]], [[[-121.09118, 41.24832, -8279.9521484375], [-121.09269, 41.25355, -9195.90234375], [-121.09425, 41.25706, -8266.1064453125], [-121.09118, 41.24832, -8279.9521484375]]], [[[-121.05996, 41.13781, -493.32122802734375], [-121.06312, 41.14653, -494.5940246582031], [-121.06157, 41.14219, 374.5640563964844], [-121.05996, 41.13781, -493.32122802734375]]], [[[-121.09841, 41.26744, -11741.0517578125], [-121.0967, 41.26286, -10899.994140625], [-121.09505, 41.25887, -11778.408203125], [-121.09841, 41.26744, -11741.0517578125]]], [[[-121.05996, 41.13781, -493.32122802734375], [-121.06156, 41.14216, -1363.6016845703125], [-121.06312, 41.14653, -494.5940246582031], [-121.05996, 41.13781, -493.32122802734375]]], [[[-121.10404, 41.28009, -10812.103515625], [-121.10007, 41.2714, -10853.3837890625], [-121.10211, 41.276, -11696.85546875], [-121.10404, 41.28009, -10812.103515625]]], [[[-121.06156, 41.14216, -1363.6016845703125], [-121.05996, 41.13781, -493.32122802734375], [-121.05896, 41.13331, -1362.6746826171875], [-121.06156, 41.14216, -1363.6016845703125]]], [[[-121.09078, 41.24651, -14435.6162109375], [-121.0898, 41.24246, -15325.794921875], [-121.09185, 41.25132, -15276.921875], [-121.09078, 41.24651, -14435.6162109375]]], [[[-121.05995, 41.13778, -2236.11962890625], [-121.06156, 41.14216, -1363.6016845703125], [-121.05896, 41.13331, -1362.6746826171875], [-121.05995, 41.13778, -2236.11962890625]]], [[[-121.09092, 41.24716, -16164.3193359375], [-121.09199, 41.25197, -17011.736328125], [-121.09378, 41.256, -16119.9111328125], [-121.09092, 41.24716, -16164.3193359375]]], [[[-121.05995, 41.13778, -2236.11962890625], [-121.06311, 41.14649, -2232.633544921875], [-121.06156, 41.14216, -1363.6016845703125], [-121.05995, 41.13778, -2236.11962890625]]], [[[-121.09505, 41.25887, -11778.408203125], [-121.09325, 41.25481, -12661.8291015625], [-121.09693, 41.26349, -12625.9501953125], [-121.09505, 41.25887, -11778.408203125]]], [[[-121.06156, 41.14216, -3103.989990234375], [-121.06311, 41.14649, -2232.633544921875], [-121.05995, 41.13778, -2236.11962890625], [-121.06156, 41.14216, -3103.989990234375]]], [[[-121.10242, 41.27669, -13425.9228515625], [-121.10059, 41.27258, -14307.95703125], [-121.10462, 41.28123, -14275.0361328125], [-121.10242, 41.27669, -13425.9228515625]]], [[[-121.06156, 41.14216, -3103.989990234375], [-121.06409, 41.1509, -3105.826904296875], [-121.06311, 41.14649, -2232.633544921875], [-121.06156, 41.14216, -3103.989990234375]]], [[[-121.06156, 41.14216, -3103.989990234375], [-121.0631, 41.14647, -3967.0703125], [-121.06409, 41.1509, -3105.826904296875], [-121.06156, 41.14216, -3103.989990234375]]], [[[-121.05991, 41.1376, -3965.1015625], [-121.0631, 41.14647, -3967.0703125], [-121.06156, 41.14216, -3103.989990234375], [-121.05991, 41.1376, -3965.1015625]]], [[[-121.05991, 41.1376, -3965.1015625], [-121.06151, 41.14202, -4832.10986328125], [-121.0631, 41.14647, -3967.0703125], [-121.05991, 41.1376, -3965.1015625]]], [[[-121.06151, 41.14202, -4832.10986328125], [-121.05991, 41.1376, -3965.1015625], [-121.05879, 41.13257, -4795.5302734375], [-121.06151, 41.14202, -4832.10986328125]]], [[[-121.0598, 41.13709, -5662.84033203125], [-121.06151, 41.14202, -4832.10986328125], [-121.05879, 41.13257, -4795.5302734375], [-121.0598, 41.13709, -5662.84033203125]]], [[[-121.0598, 41.13709, -5662.84033203125], [-121.06308, 41.14634, -5703.08642578125], [-121.06151, 41.14202, -4832.10986328125], [-121.0598, 41.13709, -5662.84033203125]]], [[[-121.0598, 41.13709, -5662.84033203125], [-121.06129, 41.14144, -6534.2158203125], [-121.06308, 41.14634, -5703.08642578125], [-121.0598, 41.13709, -5662.84033203125]]], [[[-121.06129, 41.14144, -6534.2158203125], [-121.0598, 41.13709, -5662.84033203125], [-121.05877, 41.13247, -6525.4951171875], [-121.06129, 41.14144, -6534.2158203125]]], [[[-121.05976, 41.13693, -7395.84912109375], [-121.06129, 41.14144, -6534.2158203125], [-121.05877, 41.13247, -6525.4951171875], [-121.05976, 41.13693, -7395.84912109375]]], [[[-121.06129, 41.14144, -6534.2158203125], [-121.05976, 41.13693, -7395.84912109375], [-121.063, 41.14599, -7418.2109375], [-121.06129, 41.14144, -6534.2158203125]]], [[[-121.06129, 41.14144, -6534.2158203125], [-121.063, 41.14599, -7418.2109375], [-121.06406, 41.15079, -6574.5849609375], [-121.06129, 41.14144, -6534.2158203125]]], [[[-121.06406, 41.15079, -6574.5849609375], [-121.06308, 41.14634, -5703.08642578125], [-121.06129, 41.14144, -6534.2158203125], [-121.06406, 41.15079, -6574.5849609375]]], [[[-121.06406, 41.15079, -6574.5849609375], [-121.06513, 41.1554, -5714.13427734375], [-121.06308, 41.14634, -5703.08642578125], [-121.06406, 41.15079, -6574.5849609375]]], [[[-121.06406, 41.15079, -6574.5849609375], [-121.06663, 41.15989, -6576.48583984375], [-121.06513, 41.1554, -5714.13427734375], [-121.06406, 41.15079, -6574.5849609375]]], [[[-121.06512, 41.15535, -7459.11767578125], [-121.06663, 41.15989, -6576.48583984375], [-121.06406, 41.15079, -6574.5849609375], [-121.06512, 41.15535, -7459.11767578125]]], [[[-121.06808, 41.16434, -7458.42333984375], [-121.06663, 41.15989, -6576.48583984375], [-121.06512, 41.15535, -7459.11767578125], [-121.06808, 41.16434, -7458.42333984375]]], [[[-121.06663, 41.15989, -6576.48583984375], [-121.06808, 41.16434, -7458.42333984375], [-121.06907, 41.16881, -6570.4111328125], [-121.06663, 41.15989, -6576.48583984375]]], [[[-121.06663, 41.15989, -6576.48583984375], [-121.06907, 41.16881, -6570.4111328125], [-121.06806, 41.16427, -5706.8310546875], [-121.06663, 41.15989, -6576.48583984375]]], [[[-121.06663, 41.15989, -6576.48583984375], [-121.06806, 41.16427, -5706.8310546875], [-121.06513, 41.1554, -5714.13427734375], [-121.06663, 41.15989, -6576.48583984375]]], [[[-121.06806, 41.16427, -5706.8310546875], [-121.06659, 41.15978, -4840.4013671875], [-121.06513, 41.1554, -5714.13427734375], [-121.06806, 41.16427, -5706.8310546875]]], [[[-121.06806, 41.16427, -5706.8310546875], [-121.06908, 41.16884, -4841.21044921875], [-121.06659, 41.15978, -4840.4013671875], [-121.06806, 41.16427, -5706.8310546875]]], [[[-121.07009, 41.17326, -5701.96044921875], [-121.06908, 41.16884, -4841.21044921875], [-121.06806, 41.16427, -5706.8310546875], [-121.07009, 41.17326, -5701.96044921875]]], [[[-121.07009, 41.17326, -5701.96044921875], [-121.07148, 41.17745, -4830.75830078125], [-121.06908, 41.16884, -4841.21044921875], [-121.07009, 41.17326, -5701.96044921875]]], [[[-121.07293, 41.1818, -5700.8662109375], [-121.07148, 41.17745, -4830.75830078125], [-121.07009, 41.17326, -5701.96044921875], [-121.07293, 41.1818, -5700.8662109375]]], [[[-121.07293, 41.1818, -5700.8662109375], [-121.07407, 41.18626, -4834.70458984375], [-121.07148, 41.17745, -4830.75830078125], [-121.07293, 41.1818, -5700.8662109375]]], [[[-121.07293, 41.1818, -5700.8662109375], [-121.07517, 41.19076, -5701.98583984375], [-121.07407, 41.18626, -4834.70458984375], [-121.07293, 41.1818, -5700.8662109375]]], [[[-121.07293, 41.1818, -5700.8662109375], [-121.07407, 41.18627, -6567.45068359375], [-121.07517, 41.19076, -5701.98583984375], [-121.07293, 41.1818, -5700.8662109375]]], [[[-121.07293, 41.1818, -5700.8662109375], [-121.07151, 41.17754, -6567.43798828125], [-121.07407, 41.18627, -6567.45068359375], [-121.07293, 41.1818, -5700.8662109375]]], [[[-121.07151, 41.17754, -6567.43798828125], [-121.07293, 41.1818, -5700.8662109375], [-121.07009, 41.17326, -5701.96044921875], [-121.07151, 41.17754, -6567.43798828125]]], [[[-121.07009, 41.17326, -5701.96044921875], [-121.06907, 41.16881, -6570.4111328125], [-121.07151, 41.17754, -6567.43798828125], [-121.07009, 41.17326, -5701.96044921875]]], [[[-121.06907, 41.16881, -6570.4111328125], [-121.07009, 41.17326, -5701.96044921875], [-121.06806, 41.16427, -5706.8310546875], [-121.06907, 41.16881, -6570.4111328125]]], [[[-121.07008, 41.17323, -7440.0126953125], [-121.07151, 41.17754, -6567.43798828125], [-121.06907, 41.16881, -6570.4111328125], [-121.07008, 41.17323, -7440.0126953125]]], [[[-121.07297, 41.1819, -7438.28564453125], [-121.07151, 41.17754, -6567.43798828125], [-121.07008, 41.17323, -7440.0126953125], [-121.07297, 41.1819, -7438.28564453125]]], [[[-121.07297, 41.1819, -7438.28564453125], [-121.07407, 41.18627, -6567.45068359375], [-121.07151, 41.17754, -6567.43798828125], [-121.07297, 41.1819, -7438.28564453125]]], [[[-121.07166, 41.17798, -8399.474609375], [-121.07297, 41.1819, -7438.28564453125], [-121.07008, 41.17323, -7440.0126953125], [-121.07166, 41.17798, -8399.474609375]]], [[[-121.07297, 41.1819, -7438.28564453125], [-121.07166, 41.17798, -8399.474609375], [-121.07416, 41.18664, -8387.88671875], [-121.07297, 41.1819, -7438.28564453125]]], [[[-121.07166, 41.17798, -8399.474609375], [-121.07342, 41.1837, -9391.8671875], [-121.07416, 41.18664, -8387.88671875], [-121.07166, 41.17798, -8399.474609375]]], [[[-121.03845, 41.03508, -13275.1298828125], [-121.03896, 41.03963, -14128.091796875], [-121.03991, 41.04411, -13256.8876953125], [-121.03845, 41.03508, -13275.1298828125]]], [[[-121.07342, 41.1837, -9391.8671875], [-121.07166, 41.17798, -8399.474609375], [-121.07071, 41.17512, -9404.1640625], [-121.07342, 41.1837, -9391.8671875]]], [[[-121.06916, 41.16922, -8413.302734375], [-121.07071, 41.17512, -9404.1640625], [-121.07166, 41.17798, -8399.474609375], [-121.06916, 41.16922, -8413.302734375]]], [[[-121.07071, 41.17512, -9404.1640625], [-121.06916, 41.16922, -8413.302734375], [-121.06852, 41.16634, -9422.525390625], [-121.07071, 41.17512, -9404.1640625]]], [[[-121.04083, 41.04824, -10652.111328125], [-121.03892, 41.03928, -10667.337890625], [-121.03986, 41.04388, -11526.5390625], [-121.04083, 41.04824, -10652.111328125]]], [[[-121.06674, 41.16022, -8417.8984375], [-121.06852, 41.16634, -9422.525390625], [-121.06916, 41.16922, -8413.302734375], [-121.06674, 41.16022, -8417.8984375]]], [[[-121.02985, 40.98464, -10868.3427734375], [-121.02986, 40.98474, -9914.0361328125], [-121.02895, 40.97679, -10392.8193359375], [-121.02985, 40.98464, -10868.3427734375]]], [[[-121.06674, 41.16022, -8417.8984375], [-121.06585, 41.15755, -9432.283203125], [-121.06852, 41.16634, -9422.525390625], [-121.06674, 41.16022, -8417.8984375]]], [[[-121.06411, 41.15101, -8409.6513671875], [-121.06585, 41.15755, -9432.283203125], [-121.06674, 41.16022, -8417.8984375], [-121.06411, 41.15101, -8409.6513671875]]], [[[-121.02908, 40.97776, -17601.9765625], [-121.02718, 40.96883, -17583.201171875], [-121.02816, 40.9732, -18460.962890625], [-121.02908, 40.97776, -17601.9765625]]], [[[-121.06411, 41.15101, -8409.6513671875], [-121.06377, 41.14946, -9594.7333984375], [-121.06585, 41.15755, -9432.283203125], [-121.06411, 41.15101, -8409.6513671875]]], [[[-121.06411, 41.15101, -8409.6513671875], [-121.0626, 41.14492, -9007.4609375], [-121.06377, 41.14946, -9594.7333984375], [-121.06411, 41.15101, -8409.6513671875]]], [[[-121.03692, 41.02616, -13280.4267578125], [-121.03794, 41.03073, -14140.7158203125], [-121.03845, 41.03508, -13275.1298828125], [-121.03692, 41.02616, -13280.4267578125]]], [[[-121.0626, 41.14492, -9007.4609375], [-121.06411, 41.15101, -8409.6513671875], [-121.06134, 41.14157, -8215.94140625], [-121.0626, 41.14492, -9007.4609375]]], [[[-121.05958, 41.13611, -8873.72265625], [-121.0626, 41.14492, -9007.4609375], [-121.06134, 41.14157, -8215.94140625], [-121.05958, 41.13611, -8873.72265625]]], [[[-121.05958, 41.13611, -8873.72265625], [-121.06084, 41.14023, -9670.896484375], [-121.0626, 41.14492, -9007.4609375], [-121.05958, 41.13611, -8873.72265625]]], [[[-121.06084, 41.14023, -9670.896484375], [-121.05958, 41.13611, -8873.72265625], [-121.05853, 41.1314, -9649.712890625], [-121.06084, 41.14023, -9670.896484375]]], [[[-121.05958, 41.13611, -8873.72265625], [-121.05738, 41.12714, -8886.48828125], [-121.05853, 41.1314, -9649.712890625], [-121.05958, 41.13611, -8873.72265625]]], [[[-121.04083, 41.04824, -10652.111328125], [-121.0398, 41.04359, -9786.375], [-121.03892, 41.03928, -10667.337890625], [-121.04083, 41.04824, -10652.111328125]]], [[[-121.05738, 41.12714, -8886.48828125], [-121.05958, 41.13611, -8873.72265625], [-121.05872, 41.13224, -8171.70654296875], [-121.05738, 41.12714, -8886.48828125]]], [[[-121.05738, 41.12714, -8886.48828125], [-121.05872, 41.13224, -8171.70654296875], [-121.0561, 41.12329, -8194.7578125], [-121.05738, 41.12714, -8886.48828125]]], [[[-121.02727, 40.9692, -11933.517578125], [-121.02617, 40.96134, -11377.4462890625], [-121.02622, 40.96177, -12404.0537109375], [-121.02727, 40.9692, -11933.517578125]]], [[[-121.05764, 41.12791, -7385.1923828125], [-121.0561, 41.12329, -8194.7578125], [-121.05872, 41.13224, -8171.70654296875], [-121.05764, 41.12791, -7385.1923828125]]], [[[-121.0561, 41.12329, -8194.7578125], [-121.05764, 41.12791, -7385.1923828125], [-121.05484, 41.11928, -7379.72119140625], [-121.0561, 41.12329, -8194.7578125]]], [[[-121.05384, 41.11478, -8243.6572265625], [-121.0561, 41.12329, -8194.7578125], [-121.05484, 41.11928, -7379.72119140625], [-121.05384, 41.11478, -8243.6572265625]]], [[[-121.05384, 41.11478, -8243.6572265625], [-121.05484, 41.11928, -7379.72119140625], [-121.05286, 41.11038, -7372.9111328125], [-121.05384, 41.11478, -8243.6572265625]]], [[[-121.06498, 41.15493, -15655.755859375], [-121.06402, 41.1506, -16533.244140625], [-121.06651, 41.15953, -16509.859375], [-121.06498, 41.15493, -15655.755859375]]], [[[-121.06409, 41.15091, -4842.09619140625], [-121.06513, 41.1554, -5714.13427734375], [-121.06659, 41.15978, -4840.4013671875], [-121.06409, 41.15091, -4842.09619140625]]], [[[-121.05189, 41.10599, -8236.35546875], [-121.05384, 41.11478, -8243.6572265625], [-121.05286, 41.11038, -7372.9111328125], [-121.05189, 41.10599, -8236.35546875]]], [[[-121.07397, 41.18588, -16447.671875], [-121.07289, 41.18167, -17324.154296875], [-121.07511, 41.19049, -17298.408203125], [-121.07397, 41.18588, -16447.671875]]], [[[-121.07517, 41.19078, -3970.16064453125], [-121.07293, 41.1818, -3967.205322265625], [-121.07407, 41.18626, -4834.70458984375], [-121.07517, 41.19078, -3970.16064453125]]], [[[-121.05283, 41.11022, -9035.7373046875], [-121.05384, 41.11478, -8243.6572265625], [-121.05189, 41.10599, -8236.35546875], [-121.05283, 41.11022, -9035.7373046875]]], [[[-121.04887, 41.09246, -9025.189453125], [-121.05087, 41.1014, -9028.388671875], [-121.04993, 41.09718, -8227.677734375], [-121.04887, 41.09246, -9025.189453125]]], [[[-121.04887, 41.09246, -9025.189453125], [-121.04993, 41.09718, -8227.677734375], [-121.0478, 41.08819, -8219.6630859375], [-121.04887, 41.09246, -9025.189453125]]], [[[-121.04679, 41.08314, -8995.888671875], [-121.04887, 41.09246, -9025.189453125], [-121.0478, 41.08819, -8219.6630859375], [-121.04679, 41.08314, -8995.888671875]]], [[[-121.10127, 41.2741, -6527.77099609375], [-121.10315, 41.2783, -5664.12255859375], [-121.09936, 41.26981, -5669.451171875], [-121.10127, 41.2741, -6527.77099609375]]], [[[-121.04887, 41.09246, -9025.189453125], [-121.04679, 41.08314, -8995.888671875], [-121.04779, 41.08818, -9765.01953125], [-121.04887, 41.09246, -9025.189453125]]], [[[-121.04887, 41.09246, -9025.189453125], [-121.04779, 41.08818, -9765.01953125], [-121.04986, 41.09686, -9778.859375], [-121.04887, 41.09246, -9025.189453125]]], [[[-121.04679, 41.08314, -8995.888671875], [-121.0464, 41.0796, -9790.3408203125], [-121.04779, 41.08818, -9765.01953125], [-121.04679, 41.08314, -8995.888671875]]], [[[-121.04679, 41.08314, -8995.888671875], [-121.04553, 41.07387, -8991.9619140625], [-121.0464, 41.0796, -9790.3408203125], [-121.04679, 41.08314, -8995.888671875]]], [[[-121.04553, 41.07387, -8991.9619140625], [-121.04679, 41.08314, -8995.888671875], [-121.04628, 41.07849, -8167.1904296875], [-121.04553, 41.07387, -8991.9619140625]]], [[[-121.04628, 41.07849, -8167.1904296875], [-121.04454, 41.06944, -8135.31689453125], [-121.04553, 41.07387, -8991.9619140625], [-121.04628, 41.07849, -8167.1904296875]]], [[[-121.04454, 41.06944, -8135.31689453125], [-121.04628, 41.07849, -8167.1904296875], [-121.0456, 41.07422, -7283.93115234375], [-121.04454, 41.06944, -8135.31689453125]]], [[[-121.04454, 41.06944, -8135.31689453125], [-121.0456, 41.07422, -7283.93115234375], [-121.04378, 41.06507, -7255.32177734375], [-121.04454, 41.06944, -8135.31689453125]]], [[[-121.04324, 41.06019, -8104.46875], [-121.04454, 41.06944, -8135.31689453125], [-121.04378, 41.06507, -7255.32177734375], [-121.04324, 41.06019, -8104.46875]]], [[[-121.04454, 41.06944, -8135.31689453125], [-121.04324, 41.06019, -8104.46875], [-121.04375, 41.06471, -8972.8046875], [-121.04454, 41.06944, -8135.31689453125]]], [[[-121.04375, 41.06471, -8972.8046875], [-121.04553, 41.07387, -8991.9619140625], [-121.04454, 41.06944, -8135.31689453125], [-121.04375, 41.06471, -8972.8046875]]], [[[-121.04553, 41.07387, -8991.9619140625], [-121.04375, 41.06471, -8972.8046875], [-121.04483, 41.07073, -9788.990234375], [-121.04553, 41.07387, -8991.9619140625]]], [[[-121.04553, 41.07387, -8991.9619140625], [-121.04483, 41.07073, -9788.990234375], [-121.0464, 41.0796, -9790.3408203125], [-121.04553, 41.07387, -8991.9619140625]]], [[[-121.04483, 41.07073, -9788.990234375], [-121.0459, 41.07555, -10631.66015625], [-121.0464, 41.0796, -9790.3408203125], [-121.04483, 41.07073, -9788.990234375]]], [[[-121.0459, 41.07555, -10631.66015625], [-121.04483, 41.07073, -9788.990234375], [-121.04395, 41.06653, -10629.71875], [-121.0459, 41.07555, -10631.66015625]]], [[[-121.0459, 41.07555, -10631.66015625], [-121.04395, 41.06653, -10629.71875], [-121.04489, 41.07103, -11496.00390625], [-121.0459, 41.07555, -10631.66015625]]], [[[-121.0459, 41.07555, -10631.66015625], [-121.04489, 41.07103, -11496.00390625], [-121.04645, 41.08006, -11499.3583984375], [-121.0459, 41.07555, -10631.66015625]]], [[[-121.04489, 41.07103, -11496.00390625], [-121.04591, 41.07559, -12356.7392578125], [-121.04645, 41.08006, -11499.3583984375], [-121.04489, 41.07103, -11496.00390625]]], [[[-121.04591, 41.07559, -12356.7392578125], [-121.04489, 41.07103, -11496.00390625], [-121.04396, 41.06662, -12367.2255859375], [-121.04591, 41.07559, -12356.7392578125]]], [[[-121.04591, 41.07559, -12356.7392578125], [-121.04396, 41.06662, -12367.2255859375], [-121.04492, 41.07114, -13231.34375], [-121.04591, 41.07559, -12356.7392578125]]], [[[-121.04591, 41.07559, -12356.7392578125], [-121.04492, 41.07114, -13231.34375], [-121.04646, 41.08014, -13227.9296875], [-121.04591, 41.07559, -12356.7392578125]]], [[[-121.04694, 41.08449, -12359.5771484375], [-121.04591, 41.07559, -12356.7392578125], [-121.04646, 41.08014, -13227.9296875], [-121.04694, 41.08449, -12359.5771484375]]], [[[-121.04694, 41.08449, -12359.5771484375], [-121.04645, 41.08006, -11499.3583984375], [-121.04591, 41.07559, -12356.7392578125], [-121.04694, 41.08449, -12359.5771484375]]], [[[-121.02346, 40.94613, -16653.06640625], [-121.02204, 40.93768, -16719.044921875], [-121.02291, 40.9416, -17546.8359375], [-121.02346, 40.94613, -16653.06640625]]], [[[-121.04645, 41.08006, -11499.3583984375], [-121.04694, 41.08449, -12359.5771484375], [-121.04792, 41.08869, -11489.54296875], [-121.04645, 41.08006, -11499.3583984375]]], [[[-121.03404, 41.00868, -16772.71875], [-121.03502, 41.01315, -17625.697265625], [-121.0355, 41.01752, -16750.05859375], [-121.03404, 41.00868, -16772.71875]]], [[[-121.04694, 41.08449, -12359.5771484375], [-121.04646, 41.08014, -13227.9296875], [-121.04796, 41.08886, -13223.2548828125], [-121.04694, 41.08449, -12359.5771484375]]], [[[-121.04646, 41.08014, -13227.9296875], [-121.04591, 41.07559, -14093.7275390625], [-121.04696, 41.08468, -14094.1826171875], [-121.04646, 41.08014, -13227.9296875]]], [[[-121.02799, 40.97247, 861.1806030273438], [-121.02905, 40.97743, 1693.0462646484375], [-121.02712, 40.96855, 1761.1802978515625], [-121.02799, 40.97247, 861.1806030273438]]], [[[-121.0491, 41.09347, -15823.359375], [-121.04697, 41.08473, -15827.1513671875], [-121.04806, 41.08924, -16692.82421875], [-121.0491, 41.09347, -15823.359375]]], [[[-121.04806, 41.08924, -16692.82421875], [-121.04914, 41.09362, -17560.84765625], [-121.05007, 41.09782, -16685.900390625], [-121.04806, 41.08924, -16692.82421875]]], [[[-121.04697, 41.08478, -17555.4296875], [-121.04648, 41.0803, -18429.751953125], [-121.04807, 41.08927, -18424.908203125], [-121.04697, 41.08478, -17555.4296875]]], [[[-121.04646, 41.08018, -16693.53125], [-121.04595, 41.07578, -17568.310546875], [-121.04697, 41.08478, -17555.4296875], [-121.04646, 41.08018, -16693.53125]]], [[[-121.04595, 41.07578, -17568.310546875], [-121.04497, 41.07134, -16699.732421875], [-121.04399, 41.06688, -17566.55078125], [-121.04595, 41.07578, -17568.310546875]]], [[[-121.04595, 41.07578, -17568.310546875], [-121.04399, 41.06688, -17566.55078125], [-121.04498, 41.07139, -18435.0546875], [-121.04595, 41.07578, -17568.310546875]]], [[[-121.04595, 41.07578, -17568.310546875], [-121.04498, 41.07139, -18435.0546875], [-121.04648, 41.0803, -18429.751953125], [-121.04595, 41.07578, -17568.310546875]]], [[[-121.14005, 41.3591, 489.6125793457031], [-121.14224, 41.36354, 1331.9393310546875], [-121.13805, 41.3551, 1291.588134765625], [-121.14005, 41.3591, 489.6125793457031]]], [[[-121.04399, 41.06688, -17566.55078125], [-121.04349, 41.06241, -18440.4296875], [-121.04498, 41.07139, -18435.0546875], [-121.04399, 41.06688, -17566.55078125]]], [[[-121.146, 41.372, 1485.1400146484375], [-121.14224, 41.36354, 1331.9393310546875], [-121.14412, 41.36777, 919.2586059570312], [-121.146, 41.372, 1485.1400146484375]]], [[[-121.04399, 41.06688, -17566.55078125], [-121.04297, 41.05786, -17576.892578125], [-121.04349, 41.06241, -18440.4296875], [-121.04399, 41.06688, -17566.55078125]]], [[[-121.04399, 41.06688, -17566.55078125], [-121.04348, 41.06229, -16700.861328125], [-121.04297, 41.05786, -17576.892578125], [-121.04399, 41.06688, -17566.55078125]]], [[[-121.04348, 41.06229, -16700.861328125], [-121.04399, 41.06688, -17566.55078125], [-121.04497, 41.07134, -16699.732421875], [-121.04348, 41.06229, -16700.861328125]]], [[[-121.04398, 41.06683, -15834.271484375], [-121.04348, 41.06229, -16700.861328125], [-121.04497, 41.07134, -16699.732421875], [-121.04398, 41.06683, -15834.271484375]]], [[[-121.04398, 41.06683, -15834.271484375], [-121.04294, 41.05771, -15840.1337890625], [-121.04348, 41.06229, -16700.861328125], [-121.04398, 41.06683, -15834.271484375]]], [[[-121.04347, 41.06222, -14971.19140625], [-121.04398, 41.06683, -15834.271484375], [-121.04494, 41.07123, -14968.6142578125], [-121.04347, 41.06222, -14971.19140625]]], [[[-121.04397, 41.06673, -14096.10546875], [-121.04347, 41.06222, -14971.19140625], [-121.04494, 41.07123, -14968.6142578125], [-121.04397, 41.06673, -14096.10546875]]], [[[-121.04397, 41.06673, -14096.10546875], [-121.04346, 41.0621, -13235.146484375], [-121.04292, 41.05763, -14106.1533203125], [-121.04397, 41.06673, -14096.10546875]]], [[[-121.04346, 41.0621, -13235.146484375], [-121.04397, 41.06673, -14096.10546875], [-121.04492, 41.07114, -13231.34375], [-121.04346, 41.0621, -13235.146484375]]], [[[-121.04396, 41.06662, -12367.2255859375], [-121.04346, 41.0621, -13235.146484375], [-121.04492, 41.07114, -13231.34375], [-121.04396, 41.06662, -12367.2255859375]]], [[[-121.04396, 41.06662, -12367.2255859375], [-121.04345, 41.06207, -11500.5478515625], [-121.04289, 41.05751, -12365.91796875], [-121.04396, 41.06662, -12367.2255859375]]], [[[-121.04345, 41.06207, -11500.5478515625], [-121.04396, 41.06662, -12367.2255859375], [-121.04489, 41.07103, -11496.00390625], [-121.04345, 41.06207, -11500.5478515625]]], [[[-121.04395, 41.06653, -10629.71875], [-121.04341, 41.06167, -9782.2685546875], [-121.04286, 41.05738, -10639.025390625], [-121.04395, 41.06653, -10629.71875]]], [[[-121.04341, 41.06167, -9782.2685546875], [-121.04395, 41.06653, -10629.71875], [-121.04483, 41.07073, -9788.990234375], [-121.04341, 41.06167, -9782.2685546875]]], [[[-121.04324, 41.06019, -8104.46875], [-121.04146, 41.05109, -8073.21875], [-121.04245, 41.05553, -8948.6318359375], [-121.04324, 41.06019, -8104.46875]]], [[[-121.04146, 41.05109, -8073.21875], [-121.04324, 41.06019, -8104.46875], [-121.04252, 41.05583, -7222.4423828125], [-121.04146, 41.05109, -8073.21875]]], [[[-121.04245, 41.05553, -8948.6318359375], [-121.04044, 41.04646, -8930.5322265625], [-121.0418, 41.05259, -9784.94921875], [-121.04245, 41.05553, -8948.6318359375]]], [[[-121.12058, 41.3162, -17566.044921875], [-121.11705, 41.30762, -17622.353515625], [-121.11911, 41.3123, -18461.232421875], [-121.12058, 41.3162, -17566.044921875]]], [[[-121.0418, 41.05259, -9784.94921875], [-121.04286, 41.05738, -10639.025390625], [-121.04341, 41.06167, -9782.2685546875], [-121.0418, 41.05259, -9784.94921875]]], [[[-121.04195, 41.05325, -14982.044921875], [-121.04097, 41.04888, -15845.583984375], [-121.04294, 41.05771, -15840.1337890625], [-121.04195, 41.05325, -14982.044921875]]], [[[-121.03698, 41.02642, -15010.732421875], [-121.03797, 41.03089, -15877.087890625], [-121.03847, 41.03521, -15002.6923828125], [-121.03698, 41.02642, -15010.732421875]]], [[[-121.03404, 41.00866, -15027.5458984375], [-121.03498, 41.0129, -15903.048828125], [-121.03547, 41.01726, -15025.302734375], [-121.03404, 41.00866, -15027.5458984375]]], [[[-121.03257, 41.00009, -15034.697265625], [-121.03309, 41.00442, -15903.41015625], [-121.03404, 41.00866, -15027.5458984375], [-121.03257, 41.00009, -15034.697265625]]], [[[-121.05498, 41.11993, -472.3013000488281], [-121.05401, 41.11553, 403.1790466308594], [-121.05291, 41.11059, -437.3483581542969], [-121.05498, 41.11993, -472.3013000488281]]], [[[-121.03498, 41.0129, -15903.048828125], [-121.03404, 41.00868, -16772.71875], [-121.0355, 41.01752, -16750.05859375], [-121.03498, 41.0129, -15903.048828125]]], [[[-121.036, 41.02199, -15879.1240234375], [-121.0355, 41.01752, -16750.05859375], [-121.03701, 41.02656, -16740.158203125], [-121.036, 41.02199, -15879.1240234375]]], [[[-121.04197, 41.05336, -16712.7421875], [-121.04297, 41.05786, -17576.892578125], [-121.04348, 41.06229, -16700.861328125], [-121.04197, 41.05336, -16712.7421875]]], [[[-121.07517, 41.19078, -3970.16064453125], [-121.07617, 41.19526, -3102.878173828125], [-121.07407, 41.18628, -3105.397705078125], [-121.07517, 41.19078, -3970.16064453125]]], [[[-121.03849, 41.03541, -16730.185546875], [-121.03901, 41.04003, -17589.62890625], [-121.03999, 41.04445, -16715.552734375], [-121.03849, 41.03541, -16730.185546875]]], [[[-121.146, 41.372, 1485.1400146484375], [-121.14412, 41.36777, 919.2586059570312], [-121.146, 41.372, 506.57794189453125], [-121.146, 41.372, 1485.1400146484375]]], [[[-121.03849, 41.03541, -16730.185546875], [-121.038, 41.03104, -17605.9453125], [-121.03901, 41.04003, -17589.62890625], [-121.03849, 41.03541, -16730.185546875]]], [[[-121.0355, 41.01752, -16750.05859375], [-121.03603, 41.02214, -17609.5703125], [-121.03701, 41.02656, -16740.158203125], [-121.0355, 41.01752, -16750.05859375]]], [[[-121.0355, 41.01752, -16750.05859375], [-121.03502, 41.01315, -17625.697265625], [-121.03603, 41.02214, -17609.5703125], [-121.0355, 41.01752, -16750.05859375]]], [[[-121.03502, 41.01315, -17625.697265625], [-121.03308, 41.00435, -17635.853515625], [-121.03407, 41.0088, -18495.150390625], [-121.03502, 41.01315, -17625.697265625]]], [[[-121.038, 41.03104, -17605.9453125], [-121.03704, 41.02668, -18475.314453125], [-121.03851, 41.03559, -18465.416015625], [-121.038, 41.03104, -17605.9453125]]], [[[-121.02962, 40.98262, -15003.12890625], [-121.03022, 40.98701, -15882.0185546875], [-121.03121, 40.99146, -15024.10546875], [-121.02962, 40.98262, -15003.12890625]]], [[[-121.02821, 40.97344, -16722.703125], [-121.02908, 40.97776, -17601.9765625], [-121.02959, 40.98234, -16738.232421875], [-121.02821, 40.97344, -16722.703125]]], [[[-121.03165, 40.99342, -10545.40625], [-121.03124, 40.9916, -11535.017578125], [-121.03254, 40.99985, -11506.796875], [-121.03165, 40.99342, -10545.40625]]], [[[-121.03501, 41.0131, -10675.044921875], [-121.033, 41.00396, -10671.2041015625], [-121.03406, 41.00875, -11544.0966796875], [-121.03501, 41.0131, -10675.044921875]]], [[[-121.04044, 41.04646, -8930.5322265625], [-121.0398, 41.04359, -9786.375], [-121.0418, 41.05259, -9784.94921875], [-121.04044, 41.04646, -8930.5322265625]]], [[[-121.03124, 40.9916, -11535.017578125], [-121.03209, 40.99578, -12413.775390625], [-121.03254, 40.99985, -11506.796875], [-121.03124, 40.9916, -11535.017578125]]], [[[-121.04094, 41.04874, -14117.6455078125], [-121.03995, 41.04428, -14985.287109375], [-121.04195, 41.05325, -14982.044921875], [-121.04094, 41.04874, -14117.6455078125]]], [[[-121.03498, 41.01292, -14160.4013671875], [-121.03307, 41.00434, -14165.1201171875], [-121.03404, 41.00866, -15027.5458984375], [-121.03498, 41.01292, -14160.4013671875]]], [[[-121.0208, 40.93121, -17388.06640625], [-121.02051, 40.9286, -18402.39453125], [-121.02192, 40.93716, -18371.853515625], [-121.0208, 40.93121, -17388.06640625]]], [[[-121.07387, 41.18547, -14716.9150390625], [-121.0728, 41.18139, -15597.48828125], [-121.07501, 41.19003, -15567.5830078125], [-121.07387, 41.18547, -14716.9150390625]]], [[[-121.02879, 40.97607, -3581.548583984375], [-121.02984, 40.98453, -3535.38818359375], [-121.02937, 40.98035, -2650.459716796875], [-121.02879, 40.97607, -3581.548583984375]]], [[[-121.05627, 41.1238, -14874.7294921875], [-121.05778, 41.12834, -15729.466796875], [-121.0588, 41.13259, -14841.775390625], [-121.05627, 41.1238, -14874.7294921875]]], [[[-121.02984, 40.98453, -3535.38818359375], [-121.03073, 40.98928, -2690.20166015625], [-121.02937, 40.98035, -2650.459716796875], [-121.02984, 40.98453, -3535.38818359375]]], [[[-121.06638, 41.15913, -14777.06640625], [-121.06498, 41.15493, -15655.755859375], [-121.06789, 41.16367, -15632.671875], [-121.06638, 41.15913, -14777.06640625]]], [[[-121.03491, 41.01258, -1914.22412109375], [-121.03384, 41.00776, -2765.810546875], [-121.03538, 41.01642, -2814.171875], [-121.03491, 41.01258, -1914.22412109375]]], [[[-121.08101, 41.21256, -18072.61328125], [-121.08011, 41.2085, -18964.076171875], [-121.08213, 41.21738, -18914.2734375], [-121.08101, 41.21256, -18072.61328125]]], [[[-121.03073, 40.98928, -2690.20166015625], [-121.0318, 40.99411, -1845.804931640625], [-121.0299, 40.98508, -1804.0126953125], [-121.03073, 40.98928, -2690.20166015625]]], [[[-121.05627, 41.1238, -14874.7294921875], [-121.05491, 41.1196, -15752.1337890625], [-121.05778, 41.12834, -15729.466796875], [-121.05627, 41.1238, -14874.7294921875]]], [[[-121.03086, 40.98989, -959.3211669921875], [-121.03245, 40.99901, -1001.7252197265625], [-121.03192, 40.99463, -118.48773956298828], [-121.03086, 40.98989, -959.3211669921875]]], [[[-121.0588, 41.13259, -14841.775390625], [-121.05778, 41.12834, -15729.466796875], [-121.05984, 41.13728, -15700.615234375], [-121.0588, 41.13259, -14841.775390625]]], [[[-121.03599, 41.02191, -195.37069702148438], [-121.03497, 41.01288, -176.43434143066406], [-121.03547, 41.01725, -1057.324951171875], [-121.03599, 41.02191, -195.37069702148438]]], [[[-121.06887, 41.16794, -14753.630859375], [-121.06789, 41.16367, -15632.671875], [-121.0699, 41.17256, -15609.4365234375], [-121.06887, 41.16794, -14753.630859375]]], [[[-121.03959, 41.04265, -2896.806396484375], [-121.04163, 41.05184, -2921.264404296875], [-121.04064, 41.04739, -2047.97265625], [-121.03959, 41.04265, -2896.806396484375]]], [[[-121.08686, 41.23435, -17088.876953125], [-121.08482, 41.22546, -17142.580078125], [-121.08594, 41.23021, -17983.130859375], [-121.08686, 41.23435, -17088.876953125]]], [[[-121.03968, 41.04305, -1168.7275390625], [-121.04064, 41.04739, -2047.97265625], [-121.0418, 41.05262, -1232.8790283203125], [-121.03968, 41.04305, -1168.7275390625]]], [[[-121.0713, 41.17689, -14729.07421875], [-121.0699, 41.17256, -15609.4365234375], [-121.0728, 41.18139, -15597.48828125], [-121.0713, 41.17689, -14729.07421875]]], [[[-121.03968, 41.04305, -1168.7275390625], [-121.04084, 41.04826, -354.6832275390625], [-121.03888, 41.03895, -277.3756103515625], [-121.03968, 41.04305, -1168.7275390625]]], [[[-121.08482, 41.22546, -17142.580078125], [-121.08348, 41.22144, -18026.85546875], [-121.08594, 41.23021, -17983.130859375], [-121.08482, 41.22546, -17142.580078125]]], [[[-121.04154, 41.05145, -4652.91796875], [-121.0426, 41.0562, -3799.46240234375], [-121.04057, 41.04706, -3774.8193359375], [-121.04154, 41.05145, -4652.91796875]]], [[[-121.06132, 41.14152, -14819.693359375], [-121.05984, 41.13728, -15700.615234375], [-121.063, 41.14602, -15681.8701171875], [-121.06132, 41.14152, -14819.693359375]]], [[[-121.04154, 41.05145, -4652.91796875], [-121.0433, 41.06071, -4671.65283203125], [-121.0426, 41.0562, -3799.46240234375], [-121.04154, 41.05145, -4652.91796875]]], [[[-121.06395, 41.15027, -14800.2236328125], [-121.063, 41.14602, -15681.8701171875], [-121.06498, 41.15493, -15655.755859375], [-121.06395, 41.15027, -14800.2236328125]]], [[[-121.04378, 41.06507, -7255.32177734375], [-121.04329, 41.06064, -6374.74560546875], [-121.04252, 41.05583, -7222.4423828125], [-121.04378, 41.06507, -7255.32177734375]]], [[[-121.08686, 41.23435, -17088.876953125], [-121.08594, 41.23021, -17983.130859375], [-121.08852, 41.23905, -17939.828125], [-121.08686, 41.23435, -17088.876953125]]], [[[-121.0433, 41.06071, -4671.65283203125], [-121.04383, 41.0655, -5528.39013671875], [-121.04482, 41.0707, -4709.0810546875], [-121.0433, 41.06071, -4671.65283203125]]], [[[-121.0728, 41.18139, -15597.48828125], [-121.07139, 41.17718, -16463.376953125], [-121.07397, 41.18588, -16447.671875], [-121.0728, 41.18139, -15597.48828125]]], [[[-121.04465, 41.06991, -6404.564453125], [-121.04638, 41.07938, -6461.935546875], [-121.0458, 41.07511, -5586.64794921875], [-121.04465, 41.06991, -6404.564453125]]], [[[-121.0588, 41.13259, -14841.775390625], [-121.05984, 41.13728, -15700.615234375], [-121.06132, 41.14152, -14819.693359375], [-121.0588, 41.13259, -14841.775390625]]], [[[-121.04686, 41.08371, -7348.0927734375], [-121.04638, 41.07938, -6461.935546875], [-121.0456, 41.07422, -7283.93115234375], [-121.04686, 41.08371, -7348.0927734375]]], [[[-121.06132, 41.14152, -14819.693359375], [-121.063, 41.14602, -15681.8701171875], [-121.06395, 41.15027, -14800.2236328125], [-121.06132, 41.14152, -14819.693359375]]], [[[-121.04643, 41.07985, -4732.7509765625], [-121.04696, 41.08468, -3880.33837890625], [-121.04587, 41.07543, -3853.690673828125], [-121.04643, 41.07985, -4732.7509765625]]], [[[-121.04649, 41.08037, -3012.060791015625], [-121.04696, 41.08468, -3880.33837890625], [-121.048, 41.08902, -3016.583740234375], [-121.04649, 41.08037, -3012.060791015625]]], [[[-121.07397, 41.18588, -16447.671875], [-121.07511, 41.19049, -17298.408203125], [-121.07603, 41.19465, -16418.806640625], [-121.07397, 41.18588, -16447.671875]]], [[[-121.04483, 41.07074, -2997.985595703125], [-121.04591, 41.07559, -2155.833984375], [-121.04392, 41.06624, -2131.18701171875], [-121.04483, 41.07074, -2997.985595703125]]], [[[-121.04591, 41.07559, -2155.833984375], [-121.04645, 41.08009, -1280.1209716796875], [-121.04491, 41.07108, -1282.5631103515625], [-121.04591, 41.07559, -2155.833984375]]], [[[-121.048, 41.08902, -3016.583740234375], [-121.04907, 41.09332, -2145.539794921875], [-121.04698, 41.08486, -2136.538330078125], [-121.048, 41.08902, -3016.583740234375]]], [[[-121.048, 41.08902, -3016.583740234375], [-121.04998, 41.09739, -3029.69482421875], [-121.04907, 41.09332, -2145.539794921875], [-121.048, 41.08902, -3016.583740234375]]], [[[-121.04998, 41.09739, -3029.69482421875], [-121.05101, 41.10205, -2183.06005859375], [-121.04907, 41.09332, -2145.539794921875], [-121.04998, 41.09739, -3029.69482421875]]], [[[-121.08348, 41.22144, -18026.85546875], [-121.08503, 41.22612, -18873.248046875], [-121.08594, 41.23021, -17983.130859375], [-121.08348, 41.22144, -18026.85546875]]], [[[-121.05101, 41.10205, -2183.06005859375], [-121.0501, 41.09796, -1299.130615234375], [-121.04907, 41.09332, -2145.539794921875], [-121.05101, 41.10205, -2183.06005859375]]], [[[-121.05483, 41.11925, -3911.4462890625], [-121.05625, 41.12376, -3054.297119140625], [-121.05388, 41.11494, -3036.9345703125], [-121.05483, 41.11925, -3911.4462890625]]], [[[-121.08348, 41.22144, -18026.85546875], [-121.08101, 41.21256, -18072.61328125], [-121.08213, 41.21738, -18914.2734375], [-121.08348, 41.22144, -18026.85546875]]], [[[-121.05625, 41.12376, -3054.297119140625], [-121.0577, 41.12811, -3926.2587890625], [-121.05891, 41.13309, -3094.2392578125], [-121.05625, 41.12376, -3054.297119140625]]], [[[-121.08348, 41.22144, -18026.85546875], [-121.08213, 41.21738, -18914.2734375], [-121.08503, 41.22612, -18873.248046875], [-121.08348, 41.22144, -18026.85546875]]], [[[-121.05487, 41.11941, -2181.749755859375], [-121.05388, 41.11494, -3036.9345703125], [-121.05625, 41.12376, -3054.297119140625], [-121.05487, 41.11941, -2181.749755859375]]], [[[-121.08101, 41.21256, -18072.61328125], [-121.0786, 41.20379, -18119.189453125], [-121.08011, 41.2085, -18964.076171875], [-121.08101, 41.21256, -18072.61328125]]], [[[-121.05388, 41.11494, -3036.9345703125], [-121.05487, 41.11941, -2181.749755859375], [-121.05291, 41.1106, -2173.498779296875], [-121.05388, 41.11494, -3036.9345703125]]], [[[-121.05788, 41.12864, -2220.50732421875], [-121.05891, 41.13309, -3094.2392578125], [-121.05995, 41.13778, -2236.11962890625], [-121.05788, 41.12864, -2220.50732421875]]], [[[-121.05484, 41.11928, -5650.32080078125], [-121.05619, 41.12357, -4784.78564453125], [-121.05388, 41.11495, -4783.8056640625], [-121.05484, 41.11928, -5650.32080078125]]], [[[-121.05765, 41.12797, -5656.1357421875], [-121.05619, 41.12357, -4784.78564453125], [-121.05484, 41.11928, -5650.32080078125], [-121.05765, 41.12797, -5656.1357421875]]], [[[-121.08594, 41.23021, -17983.130859375], [-121.08503, 41.22612, -18873.248046875], [-121.087, 41.23501, -18826.380859375], [-121.08594, 41.23021, -17983.130859375]]], [[[-121.05765, 41.12797, -5656.1357421875], [-121.05879, 41.13257, -4795.5302734375], [-121.05619, 41.12357, -4784.78564453125], [-121.05765, 41.12797, -5656.1357421875]]], [[[-121.04993, 41.09718, -8227.677734375], [-121.05093, 41.10168, -7367.7724609375], [-121.04895, 41.09282, -7359.28564453125], [-121.04993, 41.09718, -8227.677734375]]], [[[-121.0713, 41.17689, -14729.07421875], [-121.0728, 41.18139, -15597.48828125], [-121.07387, 41.18547, -14716.9150390625], [-121.0713, 41.17689, -14729.07421875]]], [[[-121.0478, 41.08819, -8219.6630859375], [-121.04993, 41.09718, -8227.677734375], [-121.04895, 41.09282, -7359.28564453125], [-121.0478, 41.08819, -8219.6630859375]]], [[[-121.0699, 41.17256, -15609.4365234375], [-121.06789, 41.16367, -15632.671875], [-121.06894, 41.16823, -16487.07421875], [-121.0699, 41.17256, -15609.4365234375]]], [[[-121.0478, 41.08819, -8219.6630859375], [-121.04895, 41.09282, -7359.28564453125], [-121.04686, 41.08371, -7348.0927734375], [-121.0478, 41.08819, -8219.6630859375]]], [[[-121.04628, 41.07849, -8167.1904296875], [-121.0478, 41.08819, -8219.6630859375], [-121.04686, 41.08371, -7348.0927734375], [-121.04628, 41.07849, -8167.1904296875]]], [[[-121.06887, 41.16794, -14753.630859375], [-121.0699, 41.17256, -15609.4365234375], [-121.0713, 41.17689, -14729.07421875], [-121.06887, 41.16794, -14753.630859375]]], [[[-121.04628, 41.07849, -8167.1904296875], [-121.04686, 41.08371, -7348.0927734375], [-121.0456, 41.07422, -7283.93115234375], [-121.04628, 41.07849, -8167.1904296875]]], [[[-121.04895, 41.09282, -7359.28564453125], [-121.04785, 41.08838, -6487.99658203125], [-121.04686, 41.08371, -7348.0927734375], [-121.04895, 41.09282, -7359.28564453125]]], [[[-121.04895, 41.09282, -7359.28564453125], [-121.04998, 41.09742, -6498.6181640625], [-121.04785, 41.08838, -6487.99658203125], [-121.04895, 41.09282, -7359.28564453125]]], [[[-121.04901, 41.09306, -5633.701171875], [-121.04793, 41.08872, -4767.3623046875], [-121.04689, 41.08404, -5610.68408203125], [-121.04901, 41.09306, -5633.701171875]]], [[[-121.05095, 41.10175, -5631.48876953125], [-121.04998, 41.09742, -4767.98974609375], [-121.04901, 41.09306, -5633.701171875], [-121.05095, 41.10175, -5631.48876953125]]], [[[-121.05095, 41.10175, -5631.48876953125], [-121.05194, 41.10623, -4777.1533203125], [-121.04998, 41.09742, -4767.98974609375], [-121.05095, 41.10175, -5631.48876953125]]], [[[-121.04998, 41.09742, -4767.98974609375], [-121.05095, 41.10178, -3902.91455078125], [-121.04902, 41.09309, -3901.01708984375], [-121.04998, 41.09742, -4767.98974609375]]], [[[-121.04793, 41.08872, -4767.3623046875], [-121.04998, 41.09742, -4767.98974609375], [-121.04902, 41.09309, -3901.01708984375], [-121.04793, 41.08872, -4767.3623046875]]], [[[-121.05778, 41.12834, -15729.466796875], [-121.05491, 41.1196, -15752.1337890625], [-121.0564, 41.1242, -16606.7578125], [-121.05778, 41.12834, -15729.466796875]]], [[[-121.04902, 41.09309, -3901.01708984375], [-121.048, 41.08902, -3016.583740234375], [-121.04696, 41.08468, -3880.33837890625], [-121.04902, 41.09309, -3901.01708984375]]], [[[-121.05294, 41.11073, -3906.5986328125], [-121.05198, 41.1064, -3044.26220703125], [-121.05095, 41.10178, -3902.91455078125], [-121.05294, 41.11073, -3906.5986328125]]], [[[-121.05764, 41.12791, -7385.1923828125], [-121.0562, 41.12359, -6512.9716796875], [-121.05484, 41.11928, -7379.72119140625], [-121.05764, 41.12791, -7385.1923828125]]], [[[-121.06134, 41.14157, -8215.94140625], [-121.05976, 41.13693, -7395.84912109375], [-121.05872, 41.13224, -8171.70654296875], [-121.06134, 41.14157, -8215.94140625]]], [[[-121.06134, 41.14157, -8215.94140625], [-121.063, 41.14599, -7418.2109375], [-121.05976, 41.13693, -7395.84912109375], [-121.06134, 41.14157, -8215.94140625]]], [[[-121.06411, 41.15101, -8409.6513671875], [-121.06512, 41.15535, -7459.11767578125], [-121.063, 41.14599, -7418.2109375], [-121.06411, 41.15101, -8409.6513671875]]], [[[-121.06674, 41.16022, -8417.8984375], [-121.06808, 41.16434, -7458.42333984375], [-121.06512, 41.15535, -7459.11767578125], [-121.06674, 41.16022, -8417.8984375]]], [[[-121.06498, 41.15493, -15655.755859375], [-121.063, 41.14602, -15681.8701171875], [-121.06402, 41.1506, -16533.244140625], [-121.06498, 41.15493, -15655.755859375]]], [[[-121.05958, 41.13611, -8873.72265625], [-121.06134, 41.14157, -8215.94140625], [-121.05872, 41.13224, -8171.70654296875], [-121.05958, 41.13611, -8873.72265625]]], [[[-121.06395, 41.15027, -14800.2236328125], [-121.06498, 41.15493, -15655.755859375], [-121.06638, 41.15913, -14777.06640625], [-121.06395, 41.15027, -14800.2236328125]]], [[[-121.05796, 41.12888, -488.8838195800781], [-121.05643, 41.12428, -1346.5045166015625], [-121.05896, 41.13331, -1362.6746826171875], [-121.05796, 41.12888, -488.8838195800781]]], [[[-121.08852, 41.23905, -17939.828125], [-121.087, 41.23501, -18826.380859375], [-121.09016, 41.2437, -18787.21484375], [-121.08852, 41.23905, -17939.828125]]], [[[-121.04324, 41.06019, -8104.46875], [-121.04378, 41.06507, -7255.32177734375], [-121.04252, 41.05583, -7222.4423828125], [-121.04324, 41.06019, -8104.46875]]], [[[-121.04646, 41.08018, -14955.9130859375], [-121.04593, 41.07569, -15830.623046875], [-121.04697, 41.08473, -15827.1513671875], [-121.04646, 41.08018, -14955.9130859375]]], [[[-121.12058, 41.3162, -17566.044921875], [-121.11911, 41.3123, -18461.232421875], [-121.12243, 41.32096, -18403.2109375], [-121.12058, 41.3162, -17566.044921875]]], [[[-121.04593, 41.07569, -15830.623046875], [-121.04497, 41.07134, -16699.732421875], [-121.04646, 41.08018, -16693.53125], [-121.04593, 41.07569, -15830.623046875]]], [[[-121.05273, 41.10978, -10569.1025390625], [-121.05176, 41.10542, -9765.7001953125], [-121.05084, 41.10127, -10590.73046875], [-121.05273, 41.10978, -10569.1025390625]]], [[[-121.0626, 41.14492, -9007.4609375], [-121.06084, 41.14023, -9670.896484375], [-121.06377, 41.14946, -9594.7333984375], [-121.0626, 41.14492, -9007.4609375]]], [[[-121.06638, 41.15913, -14777.06640625], [-121.06789, 41.16367, -15632.671875], [-121.06887, 41.16794, -14753.630859375], [-121.06638, 41.15913, -14777.06640625]]], [[[-121.07551, 41.19231, -9371.619140625], [-121.07416, 41.18664, -8387.88671875], [-121.07342, 41.1837, -9391.8671875], [-121.07551, 41.19231, -9371.619140625]]], [[[-121.07618, 41.19532, -6564.8984375], [-121.07517, 41.19076, -5701.98583984375], [-121.07407, 41.18627, -6567.45068359375], [-121.07618, 41.19532, -6564.8984375]]], [[[-121.08112, 41.21306, -6565.85546875], [-121.08216, 41.21748, -5695.47314453125], [-121.08011, 41.20849, -5704.251953125], [-121.08112, 41.21306, -6565.85546875]]], [[[-121.06789, 41.16367, -15632.671875], [-121.06498, 41.15493, -15655.755859375], [-121.06651, 41.15953, -16509.859375], [-121.06789, 41.16367, -15632.671875]]], [[[-121.08714, 41.23539, -5678.5185546875], [-121.08607, 41.2308, -4824.47021484375], [-121.08508, 41.22636, -5700.1005859375], [-121.08714, 41.23539, -5678.5185546875]]], [[[-121.0902, 41.2439, -5665.6689453125], [-121.08871, 41.23955, -4803.29736328125], [-121.08714, 41.23539, -5678.5185546875], [-121.0902, 41.2439, -5665.6689453125]]], [[[-121.0728, 41.18139, -15597.48828125], [-121.0699, 41.17256, -15609.4365234375], [-121.07139, 41.17718, -16463.376953125], [-121.0728, 41.18139, -15597.48828125]]], [[[-121.09608, 41.26121, -5665.41259765625], [-121.0977, 41.26553, -4803.9111328125], [-121.09421, 41.25697, -4802.50048828125], [-121.09608, 41.26121, -5665.41259765625]]], [[[-121.0977, 41.26553, -4803.9111328125], [-121.09936, 41.2698, -3940.37939453125], [-121.09612, 41.26133, -3935.414306640625], [-121.0977, 41.26553, -4803.9111328125]]], [[[-121.07387, 41.18547, -14716.9150390625], [-121.07501, 41.19003, -15567.5830078125], [-121.07592, 41.19414, -14686.7880859375], [-121.07387, 41.18547, -14716.9150390625]]], [[[-121.09421, 41.25697, -4802.50048828125], [-121.0977, 41.26553, -4803.9111328125], [-121.09612, 41.26133, -3935.414306640625], [-121.09421, 41.25697, -4802.50048828125]]], [[[-121.08871, 41.23955, -4803.29736328125], [-121.09018, 41.24381, -3939.429443359375], [-121.08707, 41.23519, -3947.894775390625], [-121.08871, 41.23955, -4803.29736328125]]], [[[-121.08364, 41.22192, -4829.58642578125], [-121.08607, 41.2308, -4824.47021484375], [-121.08506, 41.22626, -3957.71435546875], [-121.08364, 41.22192, -4829.58642578125]]], [[[-121.08364, 41.22192, -4829.58642578125], [-121.08506, 41.22626, -3957.71435546875], [-121.08216, 41.21749, -3963.77587890625], [-121.08364, 41.22192, -4829.58642578125]]], [[[-121.08011, 41.20849, -5704.251953125], [-121.07869, 41.20407, -4829.93994140625], [-121.07726, 41.19978, -5695.79248046875], [-121.08011, 41.20849, -5704.251953125]]], [[[-121.07501, 41.19003, -15567.5830078125], [-121.0728, 41.18139, -15597.48828125], [-121.07397, 41.18588, -16447.671875], [-121.07501, 41.19003, -15567.5830078125]]], [[[-121.07869, 41.20407, -4829.93994140625], [-121.07618, 41.19532, -4837.2216796875], [-121.07726, 41.19978, -5695.79248046875], [-121.07869, 41.20407, -4829.93994140625]]], [[[-121.07869, 41.20407, -4829.93994140625], [-121.0801, 41.20846, -3962.79345703125], [-121.07724, 41.1997, -3961.584716796875], [-121.07869, 41.20407, -4829.93994140625]]], [[[-121.03255, 40.99993, -18498.7265625], [-121.03205, 40.99542, -19365.896484375], [-121.03309, 41.00441, -19366.693359375], [-121.03255, 40.99993, -18498.7265625]]], [[[-121.07867, 41.20401, -3097.458740234375], [-121.0811, 41.21296, -3096.078857421875], [-121.08009, 41.2084, -2233.52099609375], [-121.07867, 41.20401, -3097.458740234375]]], [[[-121.0801, 41.20846, -3962.79345703125], [-121.07867, 41.20401, -3097.458740234375], [-121.07724, 41.1997, -3961.584716796875], [-121.0801, 41.20846, -3962.79345703125]]], [[[-121.07511, 41.19049, -17298.408203125], [-121.07289, 41.18167, -17324.154296875], [-121.07406, 41.18625, -18177.447265625], [-121.07511, 41.19049, -17298.408203125]]], [[[-121.07517, 41.19078, -3970.16064453125], [-121.07724, 41.1997, -3961.584716796875], [-121.07617, 41.19526, -3102.878173828125], [-121.07517, 41.19078, -3970.16064453125]]], [[[-121.07517, 41.19076, -5701.98583984375], [-121.07726, 41.19978, -5695.79248046875], [-121.07618, 41.19532, -4837.2216796875], [-121.07517, 41.19076, -5701.98583984375]]], [[[-121.06789, 41.16367, -15632.671875], [-121.06651, 41.15953, -16509.859375], [-121.06894, 41.16823, -16487.07421875], [-121.06789, 41.16367, -15632.671875]]], [[[-121.06513, 41.1554, -5714.13427734375], [-121.06409, 41.15091, -4842.09619140625], [-121.06308, 41.14634, -5703.08642578125], [-121.06513, 41.1554, -5714.13427734375]]], [[[-121.07511, 41.19049, -17298.408203125], [-121.07406, 41.18625, -18177.447265625], [-121.07614, 41.19513, -18152.96875], [-121.07511, 41.19049, -17298.408203125]]], [[[-121.0641, 41.15096, -1365.6903076171875], [-121.06661, 41.15982, -1368.155517578125], [-121.06515, 41.15544, -497.9312744140625], [-121.0641, 41.15096, -1365.6903076171875]]], [[[-121.0699, 41.17256, -15609.4365234375], [-121.06894, 41.16823, -16487.07421875], [-121.07139, 41.17718, -16463.376953125], [-121.0699, 41.17256, -15609.4365234375]]], [[[-121.06311, 41.14649, -2232.633544921875], [-121.0641, 41.15096, -1365.6903076171875], [-121.06156, 41.14216, -1363.6016845703125], [-121.06311, 41.14649, -2232.633544921875]]], [[[-121.05651, 41.12454, 383.9631042480469], [-121.05799, 41.12897, 1248.3175048828125], [-121.05507, 41.12021, 1255.50341796875], [-121.05651, 41.12454, 383.9631042480469]]], [[[-121.06905, 41.16873, -3102.81201171875], [-121.07005, 41.17314, -2232.000244140625], [-121.06805, 41.16423, -2237.314208984375], [-121.06905, 41.16873, -3102.81201171875]]], [[[-121.06805, 41.16423, -2237.314208984375], [-121.06661, 41.15982, -1368.155517578125], [-121.06514, 41.15541, -2239.26025390625], [-121.06805, 41.16423, -2237.314208984375]]], [[[-121.06661, 41.15982, -1368.155517578125], [-121.06805, 41.16423, -2237.314208984375], [-121.06904, 41.16868, -1365.7210693359375], [-121.06661, 41.15982, -1368.155517578125]]], [[[-121.063, 41.14602, -15681.8701171875], [-121.06145, 41.14187, -16554.27734375], [-121.06402, 41.1506, -16533.244140625], [-121.063, 41.14602, -15681.8701171875]]], [[[-121.06806, 41.16426, -3977.6953125], [-121.06661, 41.15983, -3104.31103515625], [-121.06514, 41.15541, -3971.093505859375], [-121.06806, 41.16426, -3977.6953125]]], [[[-121.05984, 41.13728, -15700.615234375], [-121.05778, 41.12834, -15729.466796875], [-121.05888, 41.13297, -16578.5078125], [-121.05984, 41.13728, -15700.615234375]]], [[[-121.07617, 41.19526, -3102.878173828125], [-121.07867, 41.20401, -3097.458740234375], [-121.07722, 41.19967, -2230.712158203125], [-121.07617, 41.19526, -3102.878173828125]]], [[[-121.07139, 41.17718, -16463.376953125], [-121.07289, 41.18167, -17324.154296875], [-121.07397, 41.18588, -16447.671875], [-121.07139, 41.17718, -16463.376953125]]], [[[-121.07867, 41.20401, -3097.458740234375], [-121.08009, 41.2084, -2233.52099609375], [-121.07722, 41.19967, -2230.712158203125], [-121.07867, 41.20401, -3097.458740234375]]], [[[-121.07867, 41.20402, -1362.7388916015625], [-121.07616, 41.19522, -1364.524169921875], [-121.07722, 41.19967, -2230.712158203125], [-121.07867, 41.20402, -1362.7388916015625]]], [[[-121.05984, 41.13728, -15700.615234375], [-121.05888, 41.13297, -16578.5078125], [-121.06145, 41.14187, -16554.27734375], [-121.05984, 41.13728, -15700.615234375]]], [[[-121.0715, 41.17749, 371.35302734375], [-121.07295, 41.18186, 1239.4520263671875], [-121.07004, 41.17311, 1239.1932373046875], [-121.0715, 41.17749, 371.35302734375]]], [[[-121.0715, 41.17749, 371.35302734375], [-121.07004, 41.17311, 1239.1932373046875], [-121.06904, 41.16867, 370.9024353027344], [-121.0715, 41.17749, 371.35302734375]]], [[[-121.08108, 41.21285, 374.95672607421875], [-121.08356, 41.22169, 378.376220703125], [-121.08209, 41.21728, 1243.81396484375], [-121.08108, 41.21285, 374.95672607421875]]], [[[-121.08211, 41.21733, -493.7446594238281], [-121.08108, 41.21285, 374.95672607421875], [-121.08009, 41.2084, -494.2745056152344], [-121.08211, 41.21733, -493.7446594238281]]], [[[-121.063, 41.14602, -15681.8701171875], [-121.05984, 41.13728, -15700.615234375], [-121.06145, 41.14187, -16554.27734375], [-121.063, 41.14602, -15681.8701171875]]], [[[-121.08108, 41.21287, -1364.9891357421875], [-121.08211, 41.21733, -493.7446594238281], [-121.08009, 41.2084, -494.2745056152344], [-121.08108, 41.21287, -1364.9891357421875]]], [[[-121.05778, 41.12834, -15729.466796875], [-121.0564, 41.1242, -16606.7578125], [-121.05888, 41.13297, -16578.5078125], [-121.05778, 41.12834, -15729.466796875]]], [[[-121.08503, 41.22614, -2220.663818359375], [-121.08601, 41.23057, -1355.438720703125], [-121.08359, 41.22177, -1356.2762451171875], [-121.08503, 41.22614, -2220.663818359375]]], [[[-121.02996, 40.98568, -7889.72216796875], [-121.02895, 40.97679, -7438.9365234375], [-121.02897, 40.97685, -8419.755859375], [-121.02996, 40.98568, -7889.72216796875]]], [[[-121.09223, 41.25253, -2208.35498046875], [-121.09419, 41.25692, -1344.2576904296875], [-121.09112, 41.24804, -1340.413818359375], [-121.09223, 41.25253, -2208.35498046875]]], [[[-121.0786, 41.20379, -18119.189453125], [-121.07725, 41.19975, -19007.89453125], [-121.08011, 41.2085, -18964.076171875], [-121.0786, 41.20379, -18119.189453125]]], [[[-121.09612, 41.26133, -2205.8935546875], [-121.09419, 41.25692, -1344.2576904296875], [-121.09223, 41.25253, -2208.35498046875], [-121.09612, 41.26133, -2205.8935546875]]], [[[-121.10523, 41.28246, -1342.3243408203125], [-121.10732, 41.28671, -471.62042236328125], [-121.10312, 41.27823, -471.1106872558594], [-121.10523, 41.28246, -1342.3243408203125]]], [[[-121.09112, 41.24804, -1340.413818359375], [-121.09224, 41.25254, -482.00897216796875], [-121.09015, 41.2437, -469.90521240234375], [-121.09112, 41.24804, -1340.413818359375]]], [[[-121.02343, 40.9459, -7438.9365234375], [-121.02215, 40.93816, -6946.623046875], [-121.02215, 40.93816, -7931.25048828125], [-121.02343, 40.9459, -7438.9365234375]]], [[[-121.086, 41.23049, 381.1429138183594], [-121.08701, 41.23502, -482.114501953125], [-121.08863, 41.23935, 386.6531982421875], [-121.086, 41.23049, 381.1429138183594]]], [[[-121.01899, 40.91945, -18768.578125], [-121.018, 40.915, -19254.466796875], [-121.01998, 40.9239, -19267.318359375], [-121.01899, 40.91945, -18768.578125]]], [[[-121.09607, 41.26119, -474.5030212402344], [-121.09415, 41.25683, 392.6457214355469], [-121.09224, 41.25254, -482.00897216796875], [-121.09607, 41.26119, -474.5030212402344]]], [[[-121.02343, 40.9459, -7438.9365234375], [-121.02215, 40.93816, -7931.25048828125], [-121.02343, 40.9459, -8423.564453125], [-121.02343, 40.9459, -7438.9365234375]]], [[[-121.09768, 41.26549, 400.4405212402344], [-121.10121, 41.27397, 402.0837097167969], [-121.09933, 41.26974, 1273.27197265625], [-121.09768, 41.26549, 400.4405212402344]]], [[[-121.02072, 40.93045, -7438.9365234375], [-121.01971, 40.92269, -6946.623046875], [-121.01971, 40.92269, -7931.25048828125], [-121.02072, 40.93045, -7438.9365234375]]], [[[-121.02294, 40.94175, 1592.08154296875], [-121.02356, 40.94708, 784.9974365234375], [-121.02396, 40.95068, 1703.1229248046875], [-121.02294, 40.94175, 1592.08154296875]]], [[[-121.10525, 41.2825, 397.58453369140625], [-121.10733, 41.28675, 1264.304931640625], [-121.10315, 41.2783, 1266.7979736328125], [-121.10525, 41.2825, 397.58453369140625]]], [[[-121.01975, 40.92287, -1007.8765869140625], [-121.018, 40.915, -546.5439453125], [-121.018, 40.915, -1531.1715087890625], [-121.01975, 40.92287, -1007.8765869140625]]], [[[-121.11332, 41.29964, 401.6590270996094], [-121.11534, 41.30376, 1277.24169921875], [-121.11115, 41.2953, 1261.8060302734375], [-121.11332, 41.29964, 401.6590270996094]]], [[[-121.12234, 41.32077, -457.0155029296875], [-121.12428, 41.32513, 397.15399169921875], [-121.12072, 41.31658, 411.9723815917969], [-121.12234, 41.32077, -457.0155029296875]]], [[[-121.11726, 41.3081, 413.32769775390625], [-121.12072, 41.31658, 411.9723815917969], [-121.11912, 41.31232, 1285.287109375], [-121.11726, 41.3081, 413.32769775390625]]], [[[-121.022, 40.9375, 626.172119140625], [-121.02294, 40.94175, 1592.08154296875], [-121.02099, 40.93287, 1522.19677734375], [-121.022, 40.9375, 626.172119140625]]], [[[-121.11726, 41.3081, 413.32769775390625], [-121.11912, 41.31232, 1285.287109375], [-121.11534, 41.30376, 1277.24169921875], [-121.11726, 41.3081, 413.32769775390625]]], [[[-121.13208, 41.34216, 400.81817626953125], [-121.13424, 41.34655, 1257.5902099609375], [-121.13005, 41.3381, 1279.390380859375], [-121.13208, 41.34216, 400.81817626953125]]], [[[-121.02343, 40.9459, -5469.681640625], [-121.02215, 40.93816, -5961.9951171875], [-121.02343, 40.9459, -6454.30908203125], [-121.02343, 40.9459, -5469.681640625]]], [[[-121.13914, 41.35729, -1450.5462646484375], [-121.14271, 41.36461, -1939.8272705078125], [-121.14271, 41.36461, -961.2651977539062], [-121.13914, 41.35729, -1450.5462646484375]]], [[[-121.02591, 40.95958, 1750.8193359375], [-121.02652, 40.96415, 888.2802734375], [-121.02712, 40.96855, 1761.1802978515625], [-121.02591, 40.95958, 1750.8193359375]]], [[[-121.12862, 41.33489, -2926.294189453125], [-121.1247, 41.32608, -3161.5966796875], [-121.12854, 41.33471, -3853.792724609375], [-121.12862, 41.33489, -2926.294189453125]]], [[[-121.025, 40.9555, 860.0511474609375], [-121.02591, 40.95958, 1750.8193359375], [-121.02396, 40.95068, 1703.1229248046875], [-121.025, 40.9555, 860.0511474609375]]], [[[-121.12235, 41.32078, -3920.603759765625], [-121.1247, 41.32608, -3161.5966796875], [-121.12074, 41.31665, -3057.392333984375], [-121.12235, 41.32078, -3920.603759765625]]], [[[-121.01971, 40.92269, -2023.4852294921875], [-121.018, 40.915, -1531.1715087890625], [-121.018, 40.915, -2515.799072265625], [-121.01971, 40.92269, -2023.4852294921875]]], [[[-121.12545, 41.32776, -4342.5546875], [-121.12877, 41.33524, -4875.513671875], [-121.12854, 41.33471, -3853.792724609375], [-121.12545, 41.32776, -4342.5546875]]], [[[-121.13229, 41.34257, -5364.79443359375], [-121.13229, 41.34257, -6343.3564453125], [-121.13574, 41.34992, -5854.07568359375], [-121.13229, 41.34257, -5364.79443359375]]], [[[-121.13229, 41.34257, -5364.79443359375], [-121.13574, 41.34992, -5854.07568359375], [-121.13574, 41.34992, -4875.513671875], [-121.13229, 41.34257, -5364.79443359375]]], [[[-121.02521, 40.95644, -904.24169921875], [-121.0265, 40.964, -885.214111328125], [-121.026, 40.96003, 8.50747013092041], [-121.02521, 40.95644, -904.24169921875]]], [[[-121.13914, 41.35729, -3407.67041015625], [-121.13914, 41.35729, -4386.232421875], [-121.14271, 41.36461, -3896.951416015625], [-121.13914, 41.35729, -3407.67041015625]]], [[[-121.025, 40.9555, 860.0511474609375], [-121.02652, 40.96415, 888.2802734375], [-121.02591, 40.95958, 1750.8193359375], [-121.025, 40.9555, 860.0511474609375]]], [[[-121.13914, 41.35729, -3407.67041015625], [-121.14271, 41.36461, -3896.951416015625], [-121.14271, 41.36461, -2918.389404296875], [-121.13914, 41.35729, -3407.67041015625]]], [[[-121.01972, 40.92276, 69.5400161743164], [-121.01899, 40.91944, 954.3780517578125], [-121.018, 40.915, 438.08355712890625], [-121.01972, 40.92276, 69.5400161743164]]], [[[-121.14271, 41.36461, -3896.951416015625], [-121.146, 41.372, -4386.232421875], [-121.146, 41.372, -3407.67041015625], [-121.14271, 41.36461, -3896.951416015625]]], [[[-121.01972, 40.92276, 69.5400161743164], [-121.01998, 40.92389, 1470.672607421875], [-121.01899, 40.91944, 954.3780517578125], [-121.01972, 40.92276, 69.5400161743164]]], [[[-121.14271, 41.36461, -6832.6376953125], [-121.146, 41.372, -6343.3564453125], [-121.14271, 41.36461, -5854.07568359375], [-121.14271, 41.36461, -6832.6376953125]]], [[[-121.14271, 41.36461, -7811.19970703125], [-121.146, 41.372, -8300.48046875], [-121.146, 41.372, -7321.91845703125], [-121.14271, 41.36461, -7811.19970703125]]], [[[-121.13914, 41.35729, -9279.04296875], [-121.13914, 41.35729, -10257.6044921875], [-121.14271, 41.36461, -9768.32421875], [-121.13914, 41.35729, -9279.04296875]]], [[[-121.13229, 41.34257, -11236.1669921875], [-121.13574, 41.34992, -10746.8857421875], [-121.13229, 41.34257, -10257.6044921875], [-121.13229, 41.34257, -11236.1669921875]]], [[[-121.022, 40.9375, 626.172119140625], [-121.02356, 40.94708, 784.9974365234375], [-121.02294, 40.94175, 1592.08154296875], [-121.022, 40.9375, 626.172119140625]]], [[[-121.13574, 41.34992, -10746.8857421875], [-121.13914, 41.35729, -11236.1669921875], [-121.13914, 41.35729, -10257.6044921875], [-121.13574, 41.34992, -10746.8857421875]]], [[[-121.02521, 40.95644, -904.24169921875], [-121.026, 40.96003, 8.50747013092041], [-121.02421, 40.95193, -52.202430725097656], [-121.02521, 40.95644, -904.24169921875]]], [[[-121.13914, 41.35729, -13193.291015625], [-121.14271, 41.36461, -12704.009765625], [-121.13914, 41.35729, -12214.7294921875], [-121.13914, 41.35729, -13193.291015625]]], [[[-121.13914, 41.35729, -14171.853515625], [-121.14271, 41.36461, -13682.572265625], [-121.13914, 41.35729, -13193.291015625], [-121.13914, 41.35729, -14171.853515625]]], [[[-121.13909, 41.35718, -15208.3623046875], [-121.14271, 41.36461, -14661.134765625], [-121.13914, 41.35729, -14171.853515625], [-121.13909, 41.35718, -15208.3623046875]]], [[[-121.13561, 41.34963, -15601.603515625], [-121.13816, 41.35532, -16359.6806640625], [-121.13909, 41.35718, -15208.3623046875], [-121.13561, 41.34963, -15601.603515625]]], [[[-121.13154, 41.34108, -15675.0751953125], [-121.12967, 41.33725, -16559.47265625], [-121.13388, 41.34576, -16507.958984375], [-121.13154, 41.34108, -15675.0751953125]]], [[[-121.12378, 41.32401, -15773.5703125], [-121.12586, 41.32869, -16615.74609375], [-121.12758, 41.33255, -15719.2734375], [-121.12378, 41.32401, -15773.5703125]]], [[[-121.12378, 41.32401, -15773.5703125], [-121.12172, 41.31925, -14939.0751953125], [-121.12025, 41.31533, -15833.572265625], [-121.12378, 41.32401, -15773.5703125]]], [[[-121.02799, 40.97247, 861.1806030273438], [-121.02712, 40.96855, 1761.1802978515625], [-121.02652, 40.96415, 888.2802734375], [-121.02799, 40.97247, 861.1806030273438]]], [[[-121.12361, 41.32363, -14035.2080078125], [-121.12172, 41.31925, -14939.0751953125], [-121.12562, 41.32815, -14839.0380859375], [-121.12361, 41.32363, -14035.2080078125]]], [[[-121.11963, 41.31367, -12373.4365234375], [-121.11609, 41.30546, -12413.7001953125], [-121.11806, 41.30989, -13267.7529296875], [-121.11963, 41.31367, -12373.4365234375]]], [[[-121.02702, 40.9681, -5.221673965454102], [-121.026, 40.96003, 8.50747013092041], [-121.0265, 40.964, -885.214111328125], [-121.02702, 40.9681, -5.221673965454102]]], [[[-121.11214, 41.29729, -12463.8037109375], [-121.11432, 41.30164, -13317.02734375], [-121.11609, 41.30546, -12413.7001953125], [-121.11214, 41.29729, -12463.8037109375]]], [[[-121.10436, 41.28072, -12536.9091796875], [-121.10031, 41.27195, -12586.8310546875], [-121.10242, 41.27669, -13425.9228515625], [-121.10436, 41.28072, -12536.9091796875]]], [[[-121.09118, 41.24832, -8279.9521484375], [-121.09425, 41.25706, -8266.1064453125], [-121.09228, 41.25263, -7407.73486328125], [-121.09118, 41.24832, -8279.9521484375]]], [[[-121.09118, 41.24832, -8279.9521484375], [-121.09228, 41.25263, -7407.73486328125], [-121.09021, 41.24397, -7402.3310546875], [-121.09118, 41.24832, -8279.9521484375]]], [[[-121.01975, 40.92287, -1007.8765869140625], [-121.01972, 40.92276, 69.5400161743164], [-121.018, 40.915, -546.5439453125], [-121.01975, 40.92287, -1007.8765869140625]]], [[[-121.0888, 41.2398, -8291.47265625], [-121.09118, 41.24832, -8279.9521484375], [-121.09021, 41.24397, -7402.3310546875], [-121.0888, 41.2398, -8291.47265625]]], [[[-121.08918, 41.24081, -10130.755859375], [-121.09052, 41.24532, -10981.8525390625], [-121.09143, 41.24945, -10092.5712890625], [-121.08918, 41.24081, -10130.755859375]]], [[[-121.01972, 40.92276, 69.5400161743164], [-121.018, 40.915, 438.08355712890625], [-121.018, 40.915, -546.5439453125], [-121.01972, 40.92276, 69.5400161743164]]], [[[-121.08633, 41.232, -10162.1943359375], [-121.08767, 41.23679, -11010.943359375], [-121.08918, 41.24081, -10130.755859375], [-121.08633, 41.232, -10162.1943359375]]], [[[-121.02084, 40.93153, -407.0658264160156], [-121.02218, 40.93831, -1032.1134033203125], [-121.02303, 40.94231, -147.82862854003906], [-121.02084, 40.93153, -407.0658264160156]]], [[[-121.09052, 41.24532, -10981.8525390625], [-121.08936, 41.24131, -11864.2421875], [-121.09157, 41.25008, -11818.982421875], [-121.09052, 41.24532, -10981.8525390625]]], [[[-121.09299, 41.25422, -10933.353515625], [-121.09052, 41.24532, -10981.8525390625], [-121.09157, 41.25008, -11818.982421875], [-121.09299, 41.25422, -10933.353515625]]], [[[-121.09841, 41.26744, -11741.0517578125], [-121.09693, 41.26349, -12625.9501953125], [-121.10031, 41.27195, -12586.8310546875], [-121.09841, 41.26744, -11741.0517578125]]], [[[-121.0986, 41.26793, -13477.58984375], [-121.09693, 41.26349, -12625.9501953125], [-121.09533, 41.25949, -13505.6455078125], [-121.0986, 41.26793, -13477.58984375]]], [[[-121.10242, 41.27669, -13425.9228515625], [-121.0986, 41.26793, -13477.58984375], [-121.10059, 41.27258, -14307.95703125], [-121.10242, 41.27669, -13425.9228515625]]], [[[-121.10242, 41.27669, -13425.9228515625], [-121.10031, 41.27195, -12586.8310546875], [-121.0986, 41.26793, -13477.58984375], [-121.10242, 41.27669, -13425.9228515625]]], [[[-121.10242, 41.27669, -13425.9228515625], [-121.10462, 41.28123, -14275.0361328125], [-121.1066, 41.2852, -13394.1533203125], [-121.10242, 41.27669, -13425.9228515625]]], [[[-121.10864, 41.28969, -14242.44140625], [-121.11036, 41.29355, -13358.5712890625], [-121.1066, 41.2852, -13394.1533203125], [-121.10864, 41.28969, -14242.44140625]]], [[[-121.11036, 41.29355, -13358.5712890625], [-121.10864, 41.28969, -14242.44140625], [-121.11246, 41.29793, -14205.4931640625], [-121.11036, 41.29355, -13358.5712890625]]], [[[-121.11432, 41.30164, -13317.02734375], [-121.11036, 41.29355, -13358.5712890625], [-121.11246, 41.29793, -14205.4931640625], [-121.11432, 41.30164, -13317.02734375]]], [[[-121.11432, 41.30164, -13317.02734375], [-121.11246, 41.29793, -14205.4931640625], [-121.11638, 41.30611, -14158.5732421875], [-121.11432, 41.30164, -13317.02734375]]], [[[-121.11806, 41.30989, -13267.7529296875], [-121.11432, 41.30164, -13317.02734375], [-121.11638, 41.30611, -14158.5732421875], [-121.11806, 41.30989, -13267.7529296875]]], [[[-121.11246, 41.29793, -14205.4931640625], [-121.11468, 41.30235, -15049.193359375], [-121.11638, 41.30611, -14158.5732421875], [-121.11246, 41.29793, -14205.4931640625]]], [[[-121.11468, 41.30235, -15049.193359375], [-121.11246, 41.29793, -14205.4931640625], [-121.11062, 41.29414, -15092.1591796875], [-121.11468, 41.30235, -15049.193359375]]], [[[-121.11468, 41.30235, -15049.193359375], [-121.11279, 41.29858, -15937.736328125], [-121.11672, 41.30688, -15890.7080078125], [-121.11468, 41.30235, -15049.193359375]]], [[[-121.1184, 41.31065, -14997.5703125], [-121.11672, 41.30688, -15890.7080078125], [-121.12025, 41.31533, -15833.572265625], [-121.1184, 41.31065, -14997.5703125]]], [[[-121.1184, 41.31065, -14997.5703125], [-121.12025, 41.31533, -15833.572265625], [-121.12172, 41.31925, -14939.0751953125], [-121.1184, 41.31065, -14997.5703125]]], [[[-121.12025, 41.31533, -15833.572265625], [-121.11876, 41.31147, -16730.28125], [-121.12205, 41.32012, -16669.08203125], [-121.12025, 41.31533, -15833.572265625]]], [[[-121.11062, 41.29414, -15092.1591796875], [-121.10889, 41.29024, -15977.2333984375], [-121.11279, 41.29858, -15937.736328125], [-121.11062, 41.29414, -15092.1591796875]]], [[[-121.10889, 41.29024, -15977.2333984375], [-121.11062, 41.29414, -15092.1591796875], [-121.10687, 41.28573, -15123.8759765625], [-121.10889, 41.29024, -15977.2333984375]]], [[[-121.10687, 41.28573, -15123.8759765625], [-121.10487, 41.28173, -16008.1650390625], [-121.10889, 41.29024, -15977.2333984375], [-121.10687, 41.28573, -15123.8759765625]]], [[[-121.10265, 41.27721, -15157.30078125], [-121.10487, 41.28173, -16008.1650390625], [-121.10687, 41.28573, -15123.8759765625], [-121.10265, 41.27721, -15157.30078125]]], [[[-121.10462, 41.28123, -14275.0361328125], [-121.10059, 41.27258, -14307.95703125], [-121.10265, 41.27721, -15157.30078125], [-121.10462, 41.28123, -14275.0361328125]]], [[[-121.10462, 41.28123, -14275.0361328125], [-121.10687, 41.28573, -15123.8759765625], [-121.10864, 41.28969, -14242.44140625], [-121.10462, 41.28123, -14275.0361328125]]], [[[-121.10864, 41.28969, -14242.44140625], [-121.10687, 41.28573, -15123.8759765625], [-121.11062, 41.29414, -15092.1591796875], [-121.10864, 41.28969, -14242.44140625]]], [[[-121.09533, 41.25949, -13505.6455078125], [-121.09352, 41.25541, -14391.9365234375], [-121.09714, 41.26405, -14362.767578125], [-121.09533, 41.25949, -13505.6455078125]]], [[[-121.01971, 40.92269, -2023.4852294921875], [-121.01975, 40.92287, -1007.8765869140625], [-121.018, 40.915, -1531.1715087890625], [-121.01971, 40.92269, -2023.4852294921875]]], [[[-121.09325, 41.25481, -12661.8291015625], [-121.09171, 41.2507, -13548.5458984375], [-121.09533, 41.25949, -13505.6455078125], [-121.09325, 41.25481, -12661.8291015625]]], [[[-121.09325, 41.25481, -12661.8291015625], [-121.09065, 41.24591, -12706.5107421875], [-121.09171, 41.2507, -13548.5458984375], [-121.09325, 41.25481, -12661.8291015625]]], [[[-121.09157, 41.25008, -11818.982421875], [-121.09065, 41.24591, -12706.5107421875], [-121.09325, 41.25481, -12661.8291015625], [-121.09157, 41.25008, -11818.982421875]]], [[[-121.08936, 41.24131, -11864.2421875], [-121.09065, 41.24591, -12706.5107421875], [-121.09157, 41.25008, -11818.982421875], [-121.08936, 41.24131, -11864.2421875]]], [[[-121.08936, 41.24131, -11864.2421875], [-121.08784, 41.23725, -12738.61328125], [-121.09065, 41.24591, -12706.5107421875], [-121.08936, 41.24131, -11864.2421875]]], [[[-121.08646, 41.23259, -11888.55078125], [-121.08784, 41.23725, -12738.61328125], [-121.08936, 41.24131, -11864.2421875], [-121.08646, 41.23259, -11888.55078125]]], [[[-121.08936, 41.24131, -11864.2421875], [-121.08767, 41.23679, -11010.943359375], [-121.08646, 41.23259, -11888.55078125], [-121.08936, 41.24131, -11864.2421875]]], [[[-121.08957, 41.24186, -13594.3857421875], [-121.09065, 41.24591, -12706.5107421875], [-121.08784, 41.23725, -12738.61328125], [-121.08957, 41.24186, -13594.3857421875]]], [[[-121.09065, 41.24591, -12706.5107421875], [-121.08957, 41.24186, -13594.3857421875], [-121.09171, 41.2507, -13548.5458984375], [-121.09065, 41.24591, -12706.5107421875]]], [[[-121.09171, 41.2507, -13548.5458984375], [-121.09078, 41.24651, -14435.6162109375], [-121.09352, 41.25541, -14391.9365234375], [-121.09171, 41.2507, -13548.5458984375]]], [[[-121.09078, 41.24651, -14435.6162109375], [-121.09185, 41.25132, -15276.921875], [-121.09352, 41.25541, -14391.9365234375], [-121.09078, 41.24651, -14435.6162109375]]], [[[-121.0898, 41.24246, -15325.794921875], [-121.09092, 41.24716, -16164.3193359375], [-121.09185, 41.25132, -15276.921875], [-121.0898, 41.24246, -15325.794921875]]], [[[-121.09185, 41.25132, -15276.921875], [-121.09092, 41.24716, -16164.3193359375], [-121.09378, 41.256, -16119.9111328125], [-121.09185, 41.25132, -15276.921875]]], [[[-121.09558, 41.26005, -15237.7216796875], [-121.09185, 41.25132, -15276.921875], [-121.09378, 41.256, -16119.9111328125], [-121.09558, 41.26005, -15237.7216796875]]], [[[-121.09558, 41.26005, -15237.7216796875], [-121.09352, 41.25541, -14391.9365234375], [-121.09185, 41.25132, -15276.921875], [-121.09558, 41.26005, -15237.7216796875]]], [[[-121.09352, 41.25541, -14391.9365234375], [-121.09558, 41.26005, -15237.7216796875], [-121.09714, 41.26405, -14362.767578125], [-121.09352, 41.25541, -14391.9365234375]]], [[[-121.09558, 41.26005, -15237.7216796875], [-121.09378, 41.256, -16119.9111328125], [-121.09735, 41.2646, -16089.8720703125], [-121.09558, 41.26005, -15237.7216796875]]], [[[-121.09378, 41.256, -16119.9111328125], [-121.09581, 41.26058, -16973.970703125], [-121.09735, 41.2646, -16089.8720703125], [-121.09378, 41.256, -16119.9111328125]]], [[[-121.09581, 41.26058, -16973.970703125], [-121.09378, 41.256, -16119.9111328125], [-121.09199, 41.25197, -17011.736328125], [-121.09581, 41.26058, -16973.970703125]]], [[[-121.09581, 41.26058, -16973.970703125], [-121.09199, 41.25197, -17011.736328125], [-121.09404, 41.25659, -17856.6484375], [-121.09581, 41.26058, -16973.970703125]]], [[[-121.09581, 41.26058, -16973.970703125], [-121.09404, 41.25659, -17856.6484375], [-121.09756, 41.26517, -17820.291015625], [-121.09581, 41.26058, -16973.970703125]]], [[[-121.09199, 41.25197, -17011.736328125], [-121.09106, 41.24779, -17897.46484375], [-121.09404, 41.25659, -17856.6484375], [-121.09199, 41.25197, -17011.736328125]]], [[[-121.09001, 41.24305, -17056.98828125], [-121.09106, 41.24779, -17897.46484375], [-121.09199, 41.25197, -17011.736328125], [-121.09001, 41.24305, -17056.98828125]]], [[[-121.09092, 41.24716, -16164.3193359375], [-121.09001, 41.24305, -17056.98828125], [-121.09199, 41.25197, -17011.736328125], [-121.09092, 41.24716, -16164.3193359375]]], [[[-121.08957, 41.24186, -13594.3857421875], [-121.08784, 41.23725, -12738.61328125], [-121.08658, 41.23309, -13626.720703125], [-121.08957, 41.24186, -13594.3857421875]]], [[[-121.09505, 41.25887, -11778.408203125], [-121.09157, 41.25008, -11818.982421875], [-121.09325, 41.25481, -12661.8291015625], [-121.09505, 41.25887, -11778.408203125]]], [[[-121.09299, 41.25422, -10933.353515625], [-121.09505, 41.25887, -11778.408203125], [-121.0967, 41.26286, -10899.994140625], [-121.09299, 41.25422, -10933.353515625]]], [[[-121.0888, 41.2398, -8291.47265625], [-121.09021, 41.24397, -7402.3310546875], [-121.08721, 41.23556, -7405.359375], [-121.0888, 41.2398, -8291.47265625]]], [[[-121.09021, 41.24397, -7402.3310546875], [-121.08877, 41.23973, -6538.04443359375], [-121.08721, 41.23556, -7405.359375], [-121.09021, 41.24397, -7402.3310546875]]], [[[-121.08877, 41.23973, -6538.04443359375], [-121.09021, 41.24397, -7402.3310546875], [-121.09116, 41.24823, -6534.57763671875], [-121.08877, 41.23973, -6538.04443359375]]], [[[-121.018, 40.915, 1422.7110595703125], [-121.018, 40.915, 438.08355712890625], [-121.01899, 40.91944, 954.3780517578125], [-121.018, 40.915, 1422.7110595703125]]], [[[-121.08877, 41.23973, -6538.04443359375], [-121.09116, 41.24823, -6534.57763671875], [-121.0902, 41.2439, -5665.6689453125], [-121.08877, 41.23973, -6538.04443359375]]], [[[-121.08877, 41.23973, -6538.04443359375], [-121.0902, 41.2439, -5665.6689453125], [-121.08714, 41.23539, -5678.5185546875], [-121.08877, 41.23973, -6538.04443359375]]], [[[-121.09116, 41.24823, -6534.57763671875], [-121.09228, 41.25262, -5671.4658203125], [-121.0902, 41.2439, -5665.6689453125], [-121.09116, 41.24823, -6534.57763671875]]], [[[-121.09116, 41.24823, -6534.57763671875], [-121.09228, 41.25263, -7407.73486328125], [-121.0942, 41.25696, -6539.4306640625], [-121.09116, 41.24823, -6534.57763671875]]], [[[-121.0961, 41.26127, -7392.61962890625], [-121.0942, 41.25696, -6539.4306640625], [-121.09228, 41.25263, -7407.73486328125], [-121.0961, 41.26127, -7392.61962890625]]], [[[-121.0942, 41.25696, -6539.4306640625], [-121.09768, 41.26549, -6528.693359375], [-121.09608, 41.26121, -5665.41259765625], [-121.0942, 41.25696, -6539.4306640625]]], [[[-121.0942, 41.25696, -6539.4306640625], [-121.09608, 41.26121, -5665.41259765625], [-121.09228, 41.25262, -5671.4658203125], [-121.0942, 41.25696, -6539.4306640625]]], [[[-121.09768, 41.26549, -6528.693359375], [-121.09936, 41.26981, -5669.451171875], [-121.09608, 41.26121, -5665.41259765625], [-121.09768, 41.26549, -6528.693359375]]], [[[-121.09768, 41.26549, -6528.693359375], [-121.10127, 41.2741, -6527.77099609375], [-121.09936, 41.26981, -5669.451171875], [-121.09768, 41.26549, -6528.693359375]]], [[[-121.09768, 41.26549, -6528.693359375], [-121.09937, 41.26982, -7396.38037109375], [-121.10127, 41.2741, -6527.77099609375], [-121.09768, 41.26549, -6528.693359375]]], [[[-121.09937, 41.26982, -7396.38037109375], [-121.09768, 41.26549, -6528.693359375], [-121.0961, 41.26127, -7392.61962890625], [-121.09937, 41.26982, -7396.38037109375]]], [[[-121.0977, 41.26553, -8260.51953125], [-121.09937, 41.26982, -7396.38037109375], [-121.0961, 41.26127, -7392.61962890625], [-121.0977, 41.26553, -8260.51953125]]], [[[-121.0977, 41.26553, -8260.51953125], [-121.10127, 41.2741, -8257.6953125], [-121.09937, 41.26982, -7396.38037109375], [-121.0977, 41.26553, -8260.51953125]]], [[[-121.0977, 41.26553, -8260.51953125], [-121.09979, 41.27077, -9128.4033203125], [-121.10127, 41.2741, -8257.6953125], [-121.0977, 41.26553, -8260.51953125]]], [[[-121.0977, 41.26553, -8260.51953125], [-121.0965, 41.26234, -9165.333984375], [-121.09979, 41.27077, -9128.4033203125], [-121.0977, 41.26553, -8260.51953125]]], [[[-121.09425, 41.25706, -8266.1064453125], [-121.0965, 41.26234, -9165.333984375], [-121.0977, 41.26553, -8260.51953125], [-121.09425, 41.25706, -8266.1064453125]]], [[[-121.09425, 41.25706, -8266.1064453125], [-121.0977, 41.26553, -8260.51953125], [-121.0961, 41.26127, -7392.61962890625], [-121.09425, 41.25706, -8266.1064453125]]], [[[-121.09425, 41.25706, -8266.1064453125], [-121.0961, 41.26127, -7392.61962890625], [-121.09228, 41.25263, -7407.73486328125], [-121.09425, 41.25706, -8266.1064453125]]], [[[-121.10127, 41.2741, -8257.6953125], [-121.09979, 41.27077, -9128.4033203125], [-121.10386, 41.27972, -9078.10546875], [-121.10127, 41.2741, -8257.6953125]]], [[[-121.10127, 41.2741, -8257.6953125], [-121.10386, 41.27972, -9078.10546875], [-121.10542, 41.28284, -8242.0048828125], [-121.10127, 41.2741, -8257.6953125]]], [[[-121.10127, 41.2741, -8257.6953125], [-121.10542, 41.28284, -8242.0048828125], [-121.10316, 41.27833, -7393.06982421875], [-121.10127, 41.2741, -8257.6953125]]], [[[-121.10127, 41.2741, -8257.6953125], [-121.10316, 41.27833, -7393.06982421875], [-121.09937, 41.26982, -7396.38037109375], [-121.10127, 41.2741, -8257.6953125]]], [[[-121.10316, 41.27833, -7393.06982421875], [-121.10127, 41.2741, -6527.77099609375], [-121.09937, 41.26982, -7396.38037109375], [-121.10316, 41.27833, -7393.06982421875]]], [[[-121.10127, 41.2741, -6527.77099609375], [-121.10316, 41.27833, -7393.06982421875], [-121.10528, 41.28255, -6530.8330078125], [-121.10127, 41.2741, -6527.77099609375]]], [[[-121.10127, 41.2741, -6527.77099609375], [-121.10528, 41.28255, -6530.8330078125], [-121.10315, 41.2783, -5664.12255859375], [-121.10127, 41.2741, -6527.77099609375]]], [[[-121.10528, 41.28255, -6530.8330078125], [-121.10737, 41.28684, -5665.49462890625], [-121.10315, 41.2783, -5664.12255859375], [-121.10528, 41.28255, -6530.8330078125]]], [[[-121.10528, 41.28255, -6530.8330078125], [-121.10935, 41.29129, -6597.13916015625], [-121.10737, 41.28684, -5665.49462890625], [-121.10528, 41.28255, -6530.8330078125]]], [[[-121.10528, 41.28255, -6530.8330078125], [-121.10704, 41.28608, -7332.14990234375], [-121.10935, 41.29129, -6597.13916015625], [-121.10528, 41.28255, -6530.8330078125]]], [[[-121.10704, 41.28608, -7332.14990234375], [-121.10528, 41.28255, -6530.8330078125], [-121.10316, 41.27833, -7393.06982421875], [-121.10704, 41.28608, -7332.14990234375]]], [[[-121.10542, 41.28284, -8242.0048828125], [-121.10704, 41.28608, -7332.14990234375], [-121.10316, 41.27833, -7393.06982421875], [-121.10542, 41.28284, -8242.0048828125]]], [[[-121.10542, 41.28284, -8242.0048828125], [-121.10928, 41.29113, -7807.06640625], [-121.10704, 41.28608, -7332.14990234375], [-121.10542, 41.28284, -8242.0048828125]]], [[[-121.10542, 41.28284, -8242.0048828125], [-121.10867, 41.28977, -8868.35546875], [-121.10928, 41.29113, -7807.06640625], [-121.10542, 41.28284, -8242.0048828125]]], [[[-121.10542, 41.28284, -8242.0048828125], [-121.10386, 41.27972, -9078.10546875], [-121.10867, 41.28977, -8868.35546875], [-121.10542, 41.28284, -8242.0048828125]]], [[[-121.10867, 41.28977, -8868.35546875], [-121.10386, 41.27972, -9078.10546875], [-121.10609, 41.28417, -9873.5986328125], [-121.10867, 41.28977, -8868.35546875]]], [[[-121.10867, 41.28977, -8868.35546875], [-121.10609, 41.28417, -9873.5986328125], [-121.10962, 41.2919, -9855.1318359375], [-121.10867, 41.28977, -8868.35546875]]], [[[-121.11261, 41.29821, -9237.1708984375], [-121.10867, 41.28977, -8868.35546875], [-121.10962, 41.2919, -9855.1318359375], [-121.11261, 41.29821, -9237.1708984375]]], [[[-121.11261, 41.29821, -9237.1708984375], [-121.11261, 41.29821, -8300.48046875], [-121.10867, 41.28977, -8868.35546875], [-121.11261, 41.29821, -9237.1708984375]]], [[[-121.11261, 41.29821, -8300.48046875], [-121.11261, 41.29821, -9237.1708984375], [-121.11613, 41.30554, -8789.76171875], [-121.11261, 41.29821, -8300.48046875]]], [[[-121.11261, 41.29821, -8300.48046875], [-121.11613, 41.30554, -8789.76171875], [-121.11613, 41.30553, -7801.044921875], [-121.11261, 41.29821, -8300.48046875]]], [[[-121.11261, 41.29821, -8300.48046875], [-121.11613, 41.30553, -7801.044921875], [-121.11258, 41.29815, -7309.70654296875], [-121.11261, 41.29821, -8300.48046875]]], [[[-121.10928, 41.29113, -7807.06640625], [-121.11261, 41.29821, -8300.48046875], [-121.11258, 41.29815, -7309.70654296875], [-121.10928, 41.29113, -7807.06640625]]], [[[-121.10867, 41.28977, -8868.35546875], [-121.11261, 41.29821, -8300.48046875], [-121.10928, 41.29113, -7807.06640625], [-121.10867, 41.28977, -8868.35546875]]], [[[-121.10935, 41.29129, -6597.13916015625], [-121.10928, 41.29113, -7807.06640625], [-121.11258, 41.29815, -7309.70654296875], [-121.10935, 41.29129, -6597.13916015625]]], [[[-121.10935, 41.29129, -6597.13916015625], [-121.10704, 41.28608, -7332.14990234375], [-121.10928, 41.29113, -7807.06640625], [-121.10935, 41.29129, -6597.13916015625]]], [[[-121.11258, 41.29815, -7309.70654296875], [-121.11308, 41.29916, -6443.49462890625], [-121.10935, 41.29129, -6597.13916015625], [-121.11258, 41.29815, -7309.70654296875]]], [[[-121.11308, 41.29916, -6443.49462890625], [-121.11258, 41.29815, -7309.70654296875], [-121.11618, 41.30565, -6750.7978515625], [-121.11308, 41.29916, -6443.49462890625]]], [[[-121.11567, 41.30451, -5684.9697265625], [-121.11308, 41.29916, -6443.49462890625], [-121.11618, 41.30565, -6750.7978515625], [-121.11567, 41.30451, -5684.9697265625]]], [[[-121.11567, 41.30451, -5684.9697265625], [-121.11129, 41.29559, -5662.3486328125], [-121.11308, 41.29916, -6443.49462890625], [-121.11567, 41.30451, -5684.9697265625]]], [[[-121.11567, 41.30451, -5684.9697265625], [-121.11341, 41.29982, -4793.90234375], [-121.11129, 41.29559, -5662.3486328125], [-121.11567, 41.30451, -5684.9697265625]]], [[[-121.11567, 41.30451, -5684.9697265625], [-121.11745, 41.30851, -4771.2470703125], [-121.11341, 41.29982, -4793.90234375], [-121.11567, 41.30451, -5684.9697265625]]], [[[-121.11938, 41.31302, -5405.541015625], [-121.11745, 41.30851, -4771.2470703125], [-121.11567, 41.30451, -5684.9697265625], [-121.11938, 41.31302, -5405.541015625]]], [[[-121.11938, 41.31302, -5405.541015625], [-121.12177, 41.31938, -4829.17529296875], [-121.11745, 41.30851, -4771.2470703125], [-121.11938, 41.31302, -5405.541015625]]], [[[-121.11938, 41.31302, -5405.541015625], [-121.1222, 41.32045, -5854.07568359375], [-121.12177, 41.31938, -4829.17529296875], [-121.11938, 41.31302, -5405.541015625]]], [[[-121.11928, 41.31275, -6328.4052734375], [-121.1222, 41.32045, -5854.07568359375], [-121.11938, 41.31302, -5405.541015625], [-121.11928, 41.31275, -6328.4052734375]]], [[[-121.11928, 41.31275, -6328.4052734375], [-121.1222, 41.32045, -6832.6376953125], [-121.1222, 41.32045, -5854.07568359375], [-121.11928, 41.31275, -6328.4052734375]]], [[[-121.11928, 41.31275, -6328.4052734375], [-121.11933, 41.31287, -7315.59765625], [-121.1222, 41.32045, -6832.6376953125], [-121.11928, 41.31275, -6328.4052734375]]], [[[-121.11618, 41.30565, -6750.7978515625], [-121.11933, 41.31287, -7315.59765625], [-121.11928, 41.31275, -6328.4052734375], [-121.11618, 41.30565, -6750.7978515625]]], [[[-121.11613, 41.30553, -7801.044921875], [-121.11933, 41.31287, -7315.59765625], [-121.11618, 41.30565, -6750.7978515625], [-121.11613, 41.30553, -7801.044921875]]], [[[-121.11613, 41.30553, -7801.044921875], [-121.11936, 41.31295, -8300.48046875], [-121.11933, 41.31287, -7315.59765625], [-121.11613, 41.30553, -7801.044921875]]], [[[-121.11613, 41.30553, -7801.044921875], [-121.11613, 41.30554, -8789.76171875], [-121.11936, 41.31295, -8300.48046875], [-121.11613, 41.30553, -7801.044921875]]], [[[-121.11613, 41.30554, -8789.76171875], [-121.11936, 41.31295, -9279.04296875], [-121.11936, 41.31295, -8300.48046875], [-121.11613, 41.30554, -8789.76171875]]], [[[-121.11613, 41.30554, -8789.76171875], [-121.11617, 41.30563, -9755.6943359375], [-121.11936, 41.31295, -9279.04296875], [-121.11613, 41.30554, -8789.76171875]]], [[[-121.11261, 41.29821, -9237.1708984375], [-121.11617, 41.30563, -9755.6943359375], [-121.11613, 41.30554, -8789.76171875], [-121.11261, 41.29821, -9237.1708984375]]], [[[-121.11261, 41.29821, -9237.1708984375], [-121.11282, 41.29863, -10102.8447265625], [-121.11617, 41.30563, -9755.6943359375], [-121.11261, 41.29821, -9237.1708984375]]], [[[-121.11261, 41.29821, -9237.1708984375], [-121.10962, 41.2919, -9855.1318359375], [-121.11282, 41.29863, -10102.8447265625], [-121.11261, 41.29821, -9237.1708984375]]], [[[-121.11282, 41.29863, -10102.8447265625], [-121.11172, 41.29645, -10794.8876953125], [-121.11588, 41.30497, -10677.970703125], [-121.11282, 41.29863, -10102.8447265625]]], [[[-121.11282, 41.29863, -10102.8447265625], [-121.11588, 41.30497, -10677.970703125], [-121.11617, 41.30563, -9755.6943359375], [-121.11282, 41.29863, -10102.8447265625]]], [[[-121.11617, 41.30563, -9755.6943359375], [-121.11588, 41.30497, -10677.970703125], [-121.11928, 41.31273, -10314.86328125], [-121.11617, 41.30563, -9755.6943359375]]], [[[-121.11617, 41.30563, -9755.6943359375], [-121.11928, 41.31273, -10314.86328125], [-121.11936, 41.31295, -9279.04296875], [-121.11617, 41.30563, -9755.6943359375]]], [[[-121.11936, 41.31295, -9279.04296875], [-121.11928, 41.31273, -10314.86328125], [-121.1222, 41.32045, -9768.32421875], [-121.11936, 41.31295, -9279.04296875]]], [[[-121.11936, 41.31295, -9279.04296875], [-121.1222, 41.32045, -9768.32421875], [-121.1222, 41.32045, -8789.76171875], [-121.11936, 41.31295, -9279.04296875]]], [[[-121.11936, 41.31295, -9279.04296875], [-121.1222, 41.32045, -8789.76171875], [-121.11936, 41.31295, -8300.48046875], [-121.11936, 41.31295, -9279.04296875]]], [[[-121.11936, 41.31295, -8300.48046875], [-121.1222, 41.32045, -8789.76171875], [-121.1222, 41.32045, -7811.19970703125], [-121.11936, 41.31295, -8300.48046875]]], [[[-121.11936, 41.31295, -8300.48046875], [-121.1222, 41.32045, -7811.19970703125], [-121.11933, 41.31287, -7315.59765625], [-121.11936, 41.31295, -8300.48046875]]], [[[-121.11933, 41.31287, -7315.59765625], [-121.1222, 41.32045, -7811.19970703125], [-121.1222, 41.32045, -6832.6376953125], [-121.11933, 41.31287, -7315.59765625]]], [[[-121.1222, 41.32045, -6832.6376953125], [-121.1222, 41.32045, -7811.19970703125], [-121.12549, 41.32784, -7321.91845703125], [-121.1222, 41.32045, -6832.6376953125]]], [[[-121.1222, 41.32045, -6832.6376953125], [-121.12549, 41.32784, -7321.91845703125], [-121.12549, 41.32784, -6343.3564453125], [-121.1222, 41.32045, -6832.6376953125]]], [[[-121.1222, 41.32045, -6832.6376953125], [-121.12549, 41.32784, -6343.3564453125], [-121.1222, 41.32045, -5854.07568359375], [-121.1222, 41.32045, -6832.6376953125]]], [[[-121.12549, 41.32784, -6343.3564453125], [-121.12549, 41.32784, -7321.91845703125], [-121.12877, 41.33524, -6832.6376953125], [-121.12549, 41.32784, -6343.3564453125]]], [[[-121.12877, 41.33524, -6832.6376953125], [-121.13229, 41.34257, -7321.91845703125], [-121.13229, 41.34257, -6343.3564453125], [-121.12877, 41.33524, -6832.6376953125]]], [[[-121.12877, 41.33524, -6832.6376953125], [-121.12877, 41.33524, -7811.19970703125], [-121.13229, 41.34257, -7321.91845703125], [-121.12877, 41.33524, -6832.6376953125]]], [[[-121.12549, 41.32784, -7321.91845703125], [-121.12877, 41.33524, -7811.19970703125], [-121.12877, 41.33524, -6832.6376953125], [-121.12549, 41.32784, -7321.91845703125]]], [[[-121.12549, 41.32784, -8300.48046875], [-121.12877, 41.33524, -7811.19970703125], [-121.12549, 41.32784, -7321.91845703125], [-121.12549, 41.32784, -8300.48046875]]], [[[-121.12549, 41.32784, -8300.48046875], [-121.12877, 41.33524, -8789.76171875], [-121.12877, 41.33524, -7811.19970703125], [-121.12549, 41.32784, -8300.48046875]]], [[[-121.12549, 41.32784, -9279.04296875], [-121.12877, 41.33524, -8789.76171875], [-121.12549, 41.32784, -8300.48046875], [-121.12549, 41.32784, -9279.04296875]]], [[[-121.12549, 41.32784, -9279.04296875], [-121.12877, 41.33524, -9768.32421875], [-121.12877, 41.33524, -8789.76171875], [-121.12549, 41.32784, -9279.04296875]]], [[[-121.12549, 41.32784, -9279.04296875], [-121.12549, 41.32784, -10257.6044921875], [-121.12877, 41.33524, -9768.32421875], [-121.12549, 41.32784, -9279.04296875]]], [[[-121.1222, 41.32045, -9768.32421875], [-121.12549, 41.32784, -10257.6044921875], [-121.12549, 41.32784, -9279.04296875], [-121.1222, 41.32045, -9768.32421875]]], [[[-121.1222, 41.32045, -9768.32421875], [-121.11928, 41.31273, -10314.86328125], [-121.12193, 41.31981, -10783.962890625], [-121.1222, 41.32045, -9768.32421875]]], [[[-121.12193, 41.31981, -10783.962890625], [-121.12549, 41.32784, -11236.1669921875], [-121.12549, 41.32784, -10257.6044921875], [-121.12193, 41.31981, -10783.962890625]]], [[[-121.12193, 41.31981, -10783.962890625], [-121.12195, 41.31985, -11669.26171875], [-121.12549, 41.32784, -11236.1669921875], [-121.12193, 41.31981, -10783.962890625]]], [[[-121.12195, 41.31985, -11669.26171875], [-121.12568, 41.32828, -12198.572265625], [-121.12549, 41.32784, -11236.1669921875], [-121.12195, 41.31985, -11669.26171875]]], [[[-121.12287, 41.32195, -12453.056640625], [-121.12568, 41.32828, -12198.572265625], [-121.12195, 41.31985, -11669.26171875], [-121.12287, 41.32195, -12453.056640625]]], [[[-121.12287, 41.32195, -12453.056640625], [-121.12549, 41.32786, -13205.13671875], [-121.12568, 41.32828, -12198.572265625], [-121.12287, 41.32195, -12453.056640625]]], [[[-121.12287, 41.32195, -12453.056640625], [-121.12145, 41.31853, -13223.8330078125], [-121.12549, 41.32786, -13205.13671875], [-121.12287, 41.32195, -12453.056640625]]], [[[-121.12287, 41.32195, -12453.056640625], [-121.11963, 41.31367, -12373.4365234375], [-121.12145, 41.31853, -13223.8330078125], [-121.12287, 41.32195, -12453.056640625]]], [[[-121.12145, 41.31853, -13223.8330078125], [-121.12361, 41.32363, -14035.2080078125], [-121.12549, 41.32786, -13205.13671875], [-121.12145, 41.31853, -13223.8330078125]]], [[[-121.11994, 41.3145, -14106.544921875], [-121.12361, 41.32363, -14035.2080078125], [-121.12145, 41.31853, -13223.8330078125], [-121.11994, 41.3145, -14106.544921875]]], [[[-121.12549, 41.32786, -13205.13671875], [-121.12361, 41.32363, -14035.2080078125], [-121.12821, 41.33397, -13855.5166015625], [-121.12549, 41.32786, -13205.13671875]]], [[[-121.12549, 41.32786, -13205.13671875], [-121.12821, 41.33397, -13855.5166015625], [-121.12877, 41.33522, -12733.7294921875], [-121.12549, 41.32786, -13205.13671875]]], [[[-121.12568, 41.32828, -12198.572265625], [-121.12549, 41.32786, -13205.13671875], [-121.12877, 41.33522, -12733.7294921875], [-121.12568, 41.32828, -12198.572265625]]], [[[-121.12568, 41.32828, -12198.572265625], [-121.12877, 41.33522, -12733.7294921875], [-121.12877, 41.33524, -11725.4482421875], [-121.12568, 41.32828, -12198.572265625]]], [[[-121.12568, 41.32828, -12198.572265625], [-121.12877, 41.33524, -11725.4482421875], [-121.12549, 41.32784, -11236.1669921875], [-121.12568, 41.32828, -12198.572265625]]], [[[-121.12549, 41.32784, -11236.1669921875], [-121.12877, 41.33524, -11725.4482421875], [-121.12877, 41.33524, -10746.8857421875], [-121.12549, 41.32784, -11236.1669921875]]], [[[-121.12549, 41.32784, -10257.6044921875], [-121.12877, 41.33524, -10746.8857421875], [-121.12877, 41.33524, -9768.32421875], [-121.12549, 41.32784, -10257.6044921875]]], [[[-121.12877, 41.33524, -9768.32421875], [-121.12877, 41.33524, -10746.8857421875], [-121.13229, 41.34257, -10257.6044921875], [-121.12877, 41.33524, -9768.32421875]]], [[[-121.12877, 41.33524, -9768.32421875], [-121.13229, 41.34257, -10257.6044921875], [-121.13229, 41.34257, -9279.04296875], [-121.12877, 41.33524, -9768.32421875]]], [[[-121.13229, 41.34257, -8300.48046875], [-121.12877, 41.33524, -8789.76171875], [-121.13229, 41.34257, -9279.04296875], [-121.13229, 41.34257, -8300.48046875]]], [[[-121.12877, 41.33524, -7811.19970703125], [-121.13229, 41.34257, -8300.48046875], [-121.13229, 41.34257, -7321.91845703125], [-121.12877, 41.33524, -7811.19970703125]]], [[[-121.13229, 41.34257, -9279.04296875], [-121.13574, 41.34992, -8789.76171875], [-121.13229, 41.34257, -8300.48046875], [-121.13229, 41.34257, -9279.04296875]]], [[[-121.13229, 41.34257, -9279.04296875], [-121.13574, 41.34992, -9768.32421875], [-121.13574, 41.34992, -8789.76171875], [-121.13229, 41.34257, -9279.04296875]]], [[[-121.13574, 41.34992, -9768.32421875], [-121.13914, 41.35729, -9279.04296875], [-121.13574, 41.34992, -8789.76171875], [-121.13574, 41.34992, -9768.32421875]]], [[[-121.13574, 41.34992, -7811.19970703125], [-121.13914, 41.35729, -8300.48046875], [-121.13914, 41.35729, -7321.91845703125], [-121.13574, 41.34992, -7811.19970703125]]], [[[-121.13229, 41.34257, -7321.91845703125], [-121.13574, 41.34992, -7811.19970703125], [-121.13574, 41.34992, -6832.6376953125], [-121.13229, 41.34257, -7321.91845703125]]], [[[-121.13574, 41.34992, -6832.6376953125], [-121.13914, 41.35729, -7321.91845703125], [-121.13914, 41.35729, -6343.3564453125], [-121.13574, 41.34992, -6832.6376953125]]], [[[-121.13914, 41.35729, -6343.3564453125], [-121.13914, 41.35729, -7321.91845703125], [-121.14271, 41.36461, -6832.6376953125], [-121.13914, 41.35729, -6343.3564453125]]], [[[-121.13574, 41.34992, -5854.07568359375], [-121.13914, 41.35729, -6343.3564453125], [-121.13914, 41.35729, -5364.79443359375], [-121.13574, 41.34992, -5854.07568359375]]], [[[-121.13574, 41.34992, -5854.07568359375], [-121.13914, 41.35729, -5364.79443359375], [-121.13574, 41.34992, -4875.513671875], [-121.13574, 41.34992, -5854.07568359375]]], [[[-121.13914, 41.35729, -5364.79443359375], [-121.14271, 41.36461, -5854.07568359375], [-121.14271, 41.36461, -4875.513671875], [-121.13914, 41.35729, -5364.79443359375]]], [[[-121.13914, 41.35729, -7321.91845703125], [-121.14271, 41.36461, -7811.19970703125], [-121.14271, 41.36461, -6832.6376953125], [-121.13914, 41.35729, -7321.91845703125]]], [[[-121.12877, 41.33524, -10746.8857421875], [-121.12877, 41.33524, -11725.4482421875], [-121.13229, 41.34257, -11236.1669921875], [-121.12877, 41.33524, -10746.8857421875]]], [[[-121.12877, 41.33524, -11725.4482421875], [-121.13229, 41.34257, -12214.7294921875], [-121.13229, 41.34257, -11236.1669921875], [-121.12877, 41.33524, -11725.4482421875]]], [[[-121.12821, 41.33397, -13855.5166015625], [-121.13222, 41.34245, -14120.982421875], [-121.13219, 41.34238, -13206.443359375], [-121.12821, 41.33397, -13855.5166015625]]], [[[-121.13222, 41.34245, -14120.982421875], [-121.12821, 41.33397, -13855.5166015625], [-121.12932, 41.33648, -14821.06640625], [-121.13222, 41.34245, -14120.982421875]]], [[[-121.13222, 41.34245, -14120.982421875], [-121.12932, 41.33648, -14821.06640625], [-121.13316, 41.34432, -14885.587890625], [-121.13222, 41.34245, -14120.982421875]]], [[[-121.13219, 41.34238, -13206.443359375], [-121.13574, 41.34992, -12704.009765625], [-121.13229, 41.34257, -12214.7294921875], [-121.13219, 41.34238, -13206.443359375]]], [[[-121.13229, 41.34257, -12214.7294921875], [-121.13574, 41.34992, -12704.009765625], [-121.13574, 41.34992, -11725.4482421875], [-121.13229, 41.34257, -12214.7294921875]]], [[[-121.13602, 41.35055, -14630.40234375], [-121.13909, 41.35718, -15208.3623046875], [-121.13914, 41.35729, -14171.853515625], [-121.13602, 41.35055, -14630.40234375]]], [[[-121.13316, 41.34432, -14885.587890625], [-121.13561, 41.34963, -15601.603515625], [-121.13602, 41.35055, -14630.40234375], [-121.13316, 41.34432, -14885.587890625]]], [[[-121.13316, 41.34432, -14885.587890625], [-121.13154, 41.34108, -15675.0751953125], [-121.13561, 41.34963, -15601.603515625], [-121.13316, 41.34432, -14885.587890625]]], [[[-121.12758, 41.33255, -15719.2734375], [-121.12932, 41.33648, -14821.06640625], [-121.12562, 41.32815, -14839.0380859375], [-121.12758, 41.33255, -15719.2734375]]], [[[-121.1222, 41.32045, -7811.19970703125], [-121.1222, 41.32045, -8789.76171875], [-121.12549, 41.32784, -8300.48046875], [-121.1222, 41.32045, -7811.19970703125]]], [[[-121.1222, 41.32045, -7811.19970703125], [-121.12549, 41.32784, -8300.48046875], [-121.12549, 41.32784, -7321.91845703125], [-121.1222, 41.32045, -7811.19970703125]]], [[[-121.10962, 41.2919, -9855.1318359375], [-121.1081, 41.28849, -10765.5869140625], [-121.11172, 41.29645, -10794.8876953125], [-121.10962, 41.2919, -9855.1318359375]]], [[[-121.10962, 41.2919, -9855.1318359375], [-121.10609, 41.28417, -9873.5986328125], [-121.1081, 41.28849, -10765.5869140625], [-121.10962, 41.2919, -9855.1318359375]]], [[[-121.10609, 41.28417, -9873.5986328125], [-121.10404, 41.28009, -10812.103515625], [-121.1081, 41.28849, -10765.5869140625], [-121.10609, 41.28417, -9873.5986328125]]], [[[-121.10386, 41.27972, -9078.10546875], [-121.10187, 41.27546, -9967.42578125], [-121.10609, 41.28417, -9873.5986328125], [-121.10386, 41.27972, -9078.10546875]]], [[[-121.10187, 41.27546, -9967.42578125], [-121.10386, 41.27972, -9078.10546875], [-121.09979, 41.27077, -9128.4033203125], [-121.10187, 41.27546, -9967.42578125]]], [[[-121.10404, 41.28009, -10812.103515625], [-121.10211, 41.276, -11696.85546875], [-121.10635, 41.2847, -11658.181640625], [-121.10404, 41.28009, -10812.103515625]]], [[[-121.1081, 41.28849, -10765.5869140625], [-121.10635, 41.2847, -11658.181640625], [-121.11004, 41.29285, -11622.3662109375], [-121.1081, 41.28849, -10765.5869140625]]], [[[-121.11938, 41.31302, -5405.541015625], [-121.11567, 41.30451, -5684.9697265625], [-121.11928, 41.31275, -6328.4052734375], [-121.11938, 41.31302, -5405.541015625]]], [[[-121.11745, 41.30851, -4771.2470703125], [-121.11925, 41.31266, -3960.323974609375], [-121.11545, 41.304, -3924.167724609375], [-121.11745, 41.30851, -4771.2470703125]]], [[[-121.11341, 41.29982, -4793.90234375], [-121.11745, 41.30851, -4771.2470703125], [-121.11545, 41.304, -3924.167724609375], [-121.11341, 41.29982, -4793.90234375]]], [[[-121.11129, 41.29559, -5662.3486328125], [-121.10932, 41.29123, -4798.763671875], [-121.10737, 41.28684, -5665.49462890625], [-121.11129, 41.29559, -5662.3486328125]]], [[[-121.11308, 41.29916, -6443.49462890625], [-121.11129, 41.29559, -5662.3486328125], [-121.10935, 41.29129, -6597.13916015625], [-121.11308, 41.29916, -6443.49462890625]]], [[[-121.10737, 41.28683, -3934.808349609375], [-121.10932, 41.29121, -3067.20703125], [-121.10522, 41.28245, -3070.36669921875], [-121.10737, 41.28683, -3934.808349609375]]], [[[-121.08707, 41.23519, -3947.894775390625], [-121.08604, 41.23069, -3083.683349609375], [-121.08506, 41.22626, -3957.71435546875], [-121.08707, 41.23519, -3947.894775390625]]], [[[-121.08868, 41.23948, -3076.9638671875], [-121.09016, 41.24371, -2207.244384765625], [-121.08706, 41.23516, -2214.681884765625], [-121.08868, 41.23948, -3076.9638671875]]], [[[-121.02215, 40.93816, -7931.25048828125], [-121.02072, 40.93045, -7438.9365234375], [-121.02072, 40.93045, -8423.564453125], [-121.02215, 40.93816, -7931.25048828125]]], [[[-121.08868, 41.23948, -3076.9638671875], [-121.09114, 41.24812, -3069.88916015625], [-121.09016, 41.24371, -2207.244384765625], [-121.08868, 41.23948, -3076.9638671875]]], [[[-121.09114, 41.24812, -3069.88916015625], [-121.09223, 41.25253, -2208.35498046875], [-121.09016, 41.24371, -2207.244384765625], [-121.09114, 41.24812, -3069.88916015625]]], [[[-121.0942, 41.25694, -3073.147216796875], [-121.09612, 41.26133, -2205.8935546875], [-121.09223, 41.25253, -2208.35498046875], [-121.0942, 41.25694, -3073.147216796875]]], [[[-121.09775, 41.26566, -3065.677978515625], [-121.09935, 41.26979, -2193.54931640625], [-121.09612, 41.26133, -2205.8935546875], [-121.09775, 41.26566, -3065.677978515625]]], [[[-121.07501, 41.19003, -15567.5830078125], [-121.07397, 41.18588, -16447.671875], [-121.07603, 41.19465, -16418.806640625], [-121.07501, 41.19003, -15567.5830078125]]], [[[-121.10117, 41.27388, -3064.599609375], [-121.10306, 41.27812, -2203.693115234375], [-121.09935, 41.26979, -2193.54931640625], [-121.10117, 41.27388, -3064.599609375]]], [[[-121.10117, 41.27388, -3064.599609375], [-121.10522, 41.28245, -3070.36669921875], [-121.10306, 41.27812, -2203.693115234375], [-121.10117, 41.27388, -3064.599609375]]], [[[-121.11543, 41.30397, -2189.67724609375], [-121.11338, 41.29975, -1327.2042236328125], [-121.11125, 41.29551, -2197.420166015625], [-121.11543, 41.30397, -2189.67724609375]]], [[[-121.10926, 41.29109, -1335.6444091796875], [-121.11338, 41.29975, -1327.2042236328125], [-121.1112, 41.2954, -467.6308288574219], [-121.10926, 41.29109, -1335.6444091796875]]], [[[-121.11541, 41.30393, -454.86474609375], [-121.11332, 41.29964, 401.6590270996094], [-121.1112, 41.2954, -467.6308288574219], [-121.11541, 41.30393, -454.86474609375]]], [[[-121.11911, 41.31228, -2186.7041015625], [-121.11728, 41.30812, -1320.14404296875], [-121.11543, 41.30397, -2189.67724609375], [-121.11911, 41.31228, -2186.7041015625]]], [[[-121.11545, 41.304, -3924.167724609375], [-121.11339, 41.29979, -3062.128662109375], [-121.11128, 41.29556, -3930.682373046875], [-121.11545, 41.304, -3924.167724609375]]], [[[-121.12069, 41.31651, -1321.2144775390625], [-121.12427, 41.3251, -1328.2962646484375], [-121.12234, 41.32077, -457.0155029296875], [-121.12069, 41.31651, -1321.2144775390625]]], [[[-121.13224, 41.34248, -1324.3912353515625], [-121.13431, 41.3467, -401.79534912109375], [-121.13006, 41.33812, -465.78753662109375], [-121.13224, 41.34248, -1324.3912353515625]]], [[[-121.13224, 41.34248, -1324.3912353515625], [-121.13596, 41.35042, -1034.590087890625], [-121.13431, 41.3467, -401.79534912109375], [-121.13224, 41.34248, -1324.3912353515625]]], [[[-121.1357, 41.34983, -1942.312255859375], [-121.13914, 41.35729, -2429.1083984375], [-121.13914, 41.35729, -1450.5462646484375], [-121.1357, 41.34983, -1942.312255859375]]], [[[-121.13816, 41.35532, -16359.6806640625], [-121.13388, 41.34576, -16507.958984375], [-121.13593, 41.35034, -17347.869140625], [-121.13816, 41.35532, -16359.6806640625]]], [[[-121.13816, 41.35532, -16359.6806640625], [-121.13983, 41.35867, -17309.755859375], [-121.14257, 41.36428, -16745.201171875], [-121.13816, 41.35532, -16359.6806640625]]], [[[-121.14271, 41.36461, -9768.32421875], [-121.146, 41.372, -10257.6044921875], [-121.146, 41.372, -9279.04296875], [-121.14271, 41.36461, -9768.32421875]]], [[[-121.02343, 40.9459, -7438.9365234375], [-121.02343, 40.9459, -6454.30908203125], [-121.02215, 40.93816, -6946.623046875], [-121.02343, 40.9459, -7438.9365234375]]], [[[-121.14279, 41.36478, 40.36176300048828], [-121.14271, 41.36461, -961.2651977539062], [-121.146, 41.372, -471.984130859375], [-121.14279, 41.36478, 40.36176300048828]]], [[[-121.08594, 41.23021, -17983.130859375], [-121.087, 41.23501, -18826.380859375], [-121.08852, 41.23905, -17939.828125], [-121.08594, 41.23021, -17983.130859375]]], [[[-121.14005, 41.3591, 489.6125793457031], [-121.14279, 41.36478, 40.36176300048828], [-121.14224, 41.36354, 1331.9393310546875], [-121.14005, 41.3591, 489.6125793457031]]], [[[-121.02215, 40.93816, -5961.9951171875], [-121.02343, 40.9459, -5469.681640625], [-121.02215, 40.93816, -4977.36767578125], [-121.02215, 40.93816, -5961.9951171875]]], [[[-121.02215, 40.93816, -6946.623046875], [-121.02072, 40.93045, -6454.30908203125], [-121.02072, 40.93045, -7438.9365234375], [-121.02215, 40.93816, -6946.623046875]]], [[[-121.02215, 40.93816, -5961.9951171875], [-121.02215, 40.93816, -4977.36767578125], [-121.02072, 40.93045, -5469.681640625], [-121.02215, 40.93816, -5961.9951171875]]], [[[-121.02072, 40.93045, -7438.9365234375], [-121.02072, 40.93045, -6454.30908203125], [-121.01971, 40.92269, -6946.623046875], [-121.02072, 40.93045, -7438.9365234375]]], [[[-121.11705, 41.30762, -17622.353515625], [-121.11534, 41.30376, -18516.13671875], [-121.11911, 41.3123, -18461.232421875], [-121.11705, 41.30762, -17622.353515625]]]]}}]}