{"type": "FeatureCollection", "features": [{"type": "Feature", "properties": {"name": "Tygh Valley", "CFM_ID": 177, "region": "ForearcIntraarc_OR", "primary_state/province": "OR", "secondary_state/province": null, "avg_dip": 60, "dip_dir": "N", "rake": 90, "slip_sense": "Reverse", "fault_level": 3, "NSHM23_sliprates": null, "QFFDAgeCatBin": "Class B", "QFFDAgeBin": "various ages", "upper_depth": 0.6, "upper_depth_constraint": "topography", "lower_depth": -21.0, "lower_depth_constraint": "SDL", "3D_model_constraints": "trace extended at constant dip", "reference": "Braunmiller et al. (2014); Johnson (2011); Sherrod and Scott (1995); UGSS QFFD", "nshm23_id": null, "lineage": null, "usgs_qffd_#": "850", "comments": null, "id": "177"}, "geometry": {"type": "MultiPolygon", "coordinates": [[[[-121.10246, 45.24181, -5419.57421875], [-121.08811, 45.2456, -5344.22900390625], [-121.09766, 45.24703, -4691.845703125], [-121.10246, 45.24181, -5419.57421875]]], [[[-121.06551, 45.27891, -957.7836303710938], [-121.05752, 45.27873, -1733.43310546875], [-121.05568, 45.2843, -972.03369140625], [-121.06551, 45.27891, -957.7836303710938]]], [[[-121.05727, 45.21725, -11818.2783203125], [-121.06134, 45.21212, -12582.67578125], [-121.0514, 45.21502, -12604.1953125], [-121.05727, 45.21725, -11818.2783203125]]], [[[-121.23708, 45.26479, -486.57806396484375], [-121.23214, 45.26539, -57.453102111816406], [-121.239, 45.269, 364.0559997558594], [-121.23708, 45.26479, -486.57806396484375]]], [[[-121.01213, 45.27534, -6048.33154296875], [-121.002, 45.27741, -6604.67578125], [-121.00392, 45.28163, -5748.16455078125], [-121.01213, 45.27534, -6048.33154296875]]], [[[-121.07685, 45.27312, -924.8576049804688], [-121.07382, 45.27901, -200.47230529785156], [-121.08557, 45.27424, -204.3459930419922], [-121.07685, 45.27312, -924.8576049804688]]], [[[-121.07262, 45.24172, -6695.044921875], [-121.07925, 45.24384, -6024.72216796875], [-121.08425, 45.23834, -6833.36279296875], [-121.07262, 45.24172, -6695.044921875]]], [[[-121.034, 45.22543, -12433.6181640625], [-121.03177, 45.22121, -13315.16015625], [-121.02372, 45.22735, -12978.24609375], [-121.034, 45.22543, -12433.6181640625]]], [[[-121.002, 45.27741, -6604.67578125], [-120.99345, 45.28336, -6278.759765625], [-121.00392, 45.28163, -5748.16455078125], [-121.002, 45.27741, -6604.67578125]]], [[[-121.22464, 45.26125, -580.30517578125], [-121.23214, 45.26539, -57.453102111816406], [-121.23708, 45.26479, -486.57806396484375], [-121.22464, 45.26125, -580.30517578125]]], [[[-121.02875, 45.29245, -1800.22705078125], [-121.01942, 45.29756, -1801.2615966796875], [-121.02643, 45.29829, -1038.8489990234375], [-121.02875, 45.29245, -1800.22705078125]]], [[[-121.22464, 45.26125, -580.30517578125], [-121.22718, 45.26605, 368.94134521484375], [-121.23214, 45.26539, -57.453102111816406], [-121.22464, 45.26125, -580.30517578125]]], [[[-120.99153, 45.27913, -7135.3125], [-120.98078, 45.28054, -7642.96630859375], [-120.9827, 45.28477, -6786.44580078125], [-120.99153, 45.27913, -7135.3125]]], [[[-121.10971, 45.26844, -260.7814636230469], [-121.11748, 45.27063, 488.7304382324219], [-121.12112, 45.26555, -280.55377197265625], [-121.10971, 45.26844, -260.7814636230469]]], [[[-121.1163, 45.2384, -5456.4794921875], [-121.10748, 45.23663, -6142.10400390625], [-121.10246, 45.24181, -5419.57421875], [-121.1163, 45.2384, -5456.4794921875]]], [[[-121.04786, 45.23172, -10157.498046875], [-121.03787, 45.2339, -10722.1201171875], [-121.0398, 45.23813, -9866.37109375], [-121.04786, 45.23172, -10157.498046875]]], [[[-121.0317, 45.26734, -5752.98828125], [-121.02229, 45.27333, -5496.068359375], [-121.03352, 45.27158, -4907.8671875], [-121.0317, 45.26734, -5752.98828125]]], [[[-121.22464, 45.26125, -580.30517578125], [-121.21537, 45.26309, 345.5579833984375], [-121.22718, 45.26605, 368.94134521484375], [-121.22464, 45.26125, -580.30517578125]]], [[[-121.04627, 45.28915, -962.461669921875], [-121.04414, 45.29484, -216.017333984375], [-121.05421, 45.28979, -193.1407470703125], [-121.04627, 45.28915, -962.461669921875]]], [[[-121.00829, 45.26689, -7761.2998046875], [-121.00637, 45.26267, -8617.7841796875], [-120.99816, 45.26896, -8317.6982421875], [-121.00829, 45.26689, -7761.2998046875]]], [[[-121.04768, 45.28366, -1741.2239990234375], [-121.05568, 45.2843, -972.03369140625], [-121.05752, 45.27873, -1733.43310546875], [-121.04768, 45.28366, -1741.2239990234375]]], [[[-121.21078, 45.25855, -431.8985595703125], [-121.21537, 45.26309, 345.5579833984375], [-121.22464, 45.26125, -580.30517578125], [-121.21078, 45.25855, -431.8985595703125]]], [[[-120.99729, 45.2918, -4565.65478515625], [-120.98653, 45.29321, -5073.40478515625], [-120.98845, 45.29744, -4216.884765625], [-120.99729, 45.2918, -4565.65478515625]]], [[[-121.06551, 45.27891, -957.7836303710938], [-121.06824, 45.27288, -1673.3900146484375], [-121.05752, 45.27873, -1733.43310546875], [-121.06551, 45.27891, -957.7836303710938]]], [[[-121.03338, 45.24852, -8699.6005859375], [-121.03145, 45.24428, -9555.3291015625], [-121.02307, 45.25041, -9242.734375], [-121.03338, 45.24852, -8699.6005859375]]], [[[-121.23214, 45.26539, -57.453102111816406], [-121.22718, 45.26605, 368.94134521484375], [-121.239, 45.269, 364.0559997558594], [-121.23214, 45.26539, -57.453102111816406]]], [[[-121.05171, 45.24016, -8444.3896484375], [-121.04173, 45.24236, -9010.6220703125], [-121.04367, 45.2466, -8154.873046875], [-121.05171, 45.24016, -8444.3896484375]]], [[[-121.08913, 45.22853, -8434.5771484375], [-121.09098, 45.23313, -7515.93701171875], [-121.09958, 45.22723, -8195.04296875], [-121.08913, 45.22853, -8434.5771484375]]], [[[-121.21078, 45.25855, -431.8985595703125], [-121.20336, 45.26072, 345.19049072265625], [-121.21537, 45.26309, 345.5579833984375], [-121.21078, 45.25855, -431.8985595703125]]], [[[-120.98961, 45.27491, -7991.86474609375], [-120.97886, 45.27632, -8499.4873046875], [-120.98078, 45.28054, -7642.96630859375], [-120.98961, 45.27491, -7991.86474609375]]], [[[-121.10246, 45.24181, -5419.57421875], [-121.093, 45.24052, -6083.2783203125], [-121.08811, 45.2456, -5344.22900390625], [-121.10246, 45.24181, -5419.57421875]]], [[[-121.09768, 45.27128, -241.03244018554688], [-121.10564, 45.27355, 493.1424560546875], [-121.10971, 45.26844, -260.7814636230469], [-121.09768, 45.27128, -241.03244018554688]]], [[[-121.08811, 45.2456, -5344.22900390625], [-121.07414, 45.24902, -5296.96923828125], [-121.08328, 45.25067, -4606.68017578125], [-121.08811, 45.2456, -5344.22900390625]]], [[[-121.21078, 45.25855, -431.8985595703125], [-121.19716, 45.25665, -396.69940185546875], [-121.20336, 45.26072, 345.19049072265625], [-121.21078, 45.25855, -431.8985595703125]]], [[[-121.04754, 45.25524, -6413.37060546875], [-121.0456, 45.25083, -7299.1240234375], [-121.03727, 45.25701, -6981.11669921875], [-121.04754, 45.25524, -6413.37060546875]]], [[[-121.08036, 45.26748, -1661.0364990234375], [-121.07685, 45.27312, -924.8576049804688], [-121.08947, 45.26911, -974.9930419921875], [-121.08036, 45.26748, -1661.0364990234375]]], [[[-121.03615, 45.2941, -974.1203002929688], [-121.03374, 45.29966, -218.01629638671875], [-121.04414, 45.29484, -216.017333984375], [-121.03615, 45.2941, -974.1203002929688]]], [[[-121.17126, 45.25797, -351.06488037109375], [-121.17845, 45.26127, 382.80194091796875], [-121.18392, 45.25699, -379.6428527832031], [-121.17126, 45.25797, -351.06488037109375]]], [[[-121.19716, 45.25665, -396.69940185546875], [-121.21078, 45.25855, -431.8985595703125], [-121.20421, 45.25391, -1120.5181884765625], [-121.19716, 45.25665, -396.69940185546875]]], [[[-121.08425, 45.23834, -6833.36279296875], [-121.08188, 45.23334, -7847.74462890625], [-121.07321, 45.23746, -7447.8125], [-121.08425, 45.23834, -6833.36279296875]]], [[[-120.96736, 45.25097, -13638.609375], [-120.9572, 45.253, -14192.2509765625], [-120.95913, 45.25724, -13336.572265625], [-120.96736, 45.25097, -13638.609375]]], [[[-121.02422, 45.27756, -4640.357421875], [-121.01597, 45.28379, -4335.36328125], [-121.02546, 45.28172, -3849.767822265625], [-121.02422, 45.27756, -4640.357421875]]], [[[-121.1906, 45.25241, -1168.0443115234375], [-121.19716, 45.25665, -396.69940185546875], [-121.20421, 45.25391, -1120.5181884765625], [-121.1906, 45.25241, -1168.0443115234375]]], [[[-121.07414, 45.24902, -5296.96923828125], [-121.06237, 45.25397, -5283.2666015625], [-121.07021, 45.25447, -4555.1357421875], [-121.07414, 45.24902, -5296.96923828125]]], [[[-121.1906, 45.25241, -1168.0443115234375], [-121.18392, 45.25699, -379.6428527832031], [-121.19716, 45.25665, -396.69940185546875], [-121.1906, 45.25241, -1168.0443115234375]]], [[[-121.00008, 45.27319, -7461.18701171875], [-120.99153, 45.27913, -7135.3125], [-121.002, 45.27741, -6604.67578125], [-121.00008, 45.27319, -7461.18701171875]]], [[[-121.1258, 45.26045, -1023.614013671875], [-121.12112, 45.26555, -280.55377197265625], [-121.13403, 45.26274, -298.12744140625], [-121.1258, 45.26045, -1023.614013671875]]], [[[-121.08188, 45.23334, -7847.74462890625], [-121.07119, 45.23329, -8296.16796875], [-121.07321, 45.23746, -7447.8125], [-121.08188, 45.23334, -7847.74462890625]]], [[[-121.1906, 45.25241, -1168.0443115234375], [-121.17673, 45.25373, -1121.5953369140625], [-121.18392, 45.25699, -379.6428527832031], [-121.1906, 45.25241, -1168.0443115234375]]], [[[-121.08036, 45.26748, -1661.0364990234375], [-121.06824, 45.27288, -1673.3900146484375], [-121.07685, 45.27312, -924.8576049804688], [-121.08036, 45.26748, -1661.0364990234375]]], [[[-120.99345, 45.28336, -6278.759765625], [-121.002, 45.27741, -6604.67578125], [-120.99153, 45.27913, -7135.3125], [-120.99345, 45.28336, -6278.759765625]]], [[[-121.04594, 45.22749, -11014.0517578125], [-121.03593, 45.22966, -11577.869140625], [-121.03787, 45.2339, -10722.1201171875], [-121.04594, 45.22749, -11014.0517578125]]], [[[-120.99537, 45.28758, -5422.20703125], [-120.98462, 45.28899, -5929.92529296875], [-120.98653, 45.29321, -5073.40478515625], [-120.99537, 45.28758, -5422.20703125]]], [[[-121.18156, 45.24983, -1811.3270263671875], [-121.17673, 45.25373, -1121.5953369140625], [-121.1906, 45.25241, -1168.0443115234375], [-121.18156, 45.24983, -1811.3270263671875]]], [[[-121.05568, 45.2843, -972.03369140625], [-121.04768, 45.28366, -1741.2239990234375], [-121.04627, 45.28915, -962.461669921875], [-121.05568, 45.2843, -972.03369140625]]], [[[-121.00113, 45.30025, -2852.54931640625], [-120.99038, 45.30167, -3360.652587890625], [-120.99231, 45.3059, -2504.973876953125], [-121.00113, 45.30025, -2852.54931640625]]], [[[-121.05171, 45.24016, -8444.3896484375], [-121.04978, 45.23594, -9300.943359375], [-121.04173, 45.24236, -9010.6220703125], [-121.05171, 45.24016, -8444.3896484375]]], [[[-121.16947, 45.25042, -1857.9840087890625], [-121.17673, 45.25373, -1121.5953369140625], [-121.18156, 45.24983, -1811.3270263671875], [-121.16947, 45.25042, -1857.9840087890625]]], [[[-120.97886, 45.27632, -8499.4873046875], [-120.98961, 45.27491, -7991.86474609375], [-120.9877, 45.27069, -8848.41796875], [-120.97886, 45.27632, -8499.4873046875]]], [[[-121.06015, 45.27268, -2451.629150390625], [-121.05752, 45.27873, -1733.43310546875], [-121.06824, 45.27288, -1673.3900146484375], [-121.06015, 45.27268, -2451.629150390625]]], [[[-121.06237, 45.25397, -5283.2666015625], [-121.05047, 45.25959, -5447.13671875], [-121.05807, 45.26015, -4642.81787109375], [-121.06237, 45.25397, -5283.2666015625]]], [[[-121.16947, 45.25042, -1857.9840087890625], [-121.16405, 45.25468, -1085.0987548828125], [-121.17673, 45.25373, -1121.5953369140625], [-121.16947, 45.25042, -1857.9840087890625]]], [[[-121.07021, 45.25447, -4555.1357421875], [-121.06679, 45.26045, -3847.467529296875], [-121.07905, 45.25582, -3845.791259765625], [-121.07021, 45.25447, -4555.1357421875]]], [[[-121.08457, 45.26233, -2422.930908203125], [-121.08036, 45.26748, -1661.0364990234375], [-121.09347, 45.26408, -1734.3497314453125], [-121.08457, 45.26233, -2422.930908203125]]], [[[-121.04422, 45.26592, -4940.35986328125], [-121.05047, 45.25959, -5447.13671875], [-121.03981, 45.26152, -6030.357421875], [-121.04422, 45.26592, -4940.35986328125]]], [[[-121.16947, 45.25042, -1857.9840087890625], [-121.15659, 45.25144, -1815.689208984375], [-121.16405, 45.25468, -1085.0987548828125], [-121.16947, 45.25042, -1857.9840087890625]]], [[[-121.00008, 45.27319, -7461.18701171875], [-120.98961, 45.27491, -7991.86474609375], [-120.99153, 45.27913, -7135.3125], [-121.00008, 45.27319, -7461.18701171875]]], [[[-121.07119, 45.23329, -8296.16796875], [-121.06925, 45.22906, -9151.83984375], [-121.06009, 45.23404, -8758.18359375], [-121.07119, 45.23329, -8296.16796875]]], [[[-121.05807, 45.26015, -4642.81787109375], [-121.04422, 45.26592, -4940.35986328125], [-121.05486, 45.26612, -3993.802978515625], [-121.05807, 45.26015, -4642.81787109375]]], [[[-121.16947, 45.25042, -1857.9840087890625], [-121.16203, 45.24714, -2589.63134765625], [-121.15659, 45.25144, -1815.689208984375], [-121.16947, 45.25042, -1857.9840087890625]]], [[[-121.05421, 45.28979, -193.1407470703125], [-121.05207, 45.29547, 558.7621459960938], [-121.0623, 45.29035, 571.8713989257812], [-121.05421, 45.28979, -193.1407470703125]]], [[[-120.99153, 45.27913, -7135.3125], [-120.98961, 45.27491, -7991.86474609375], [-120.98078, 45.28054, -7642.96630859375], [-120.99153, 45.27913, -7135.3125]]], [[[-121.05727, 45.21725, -11818.2783203125], [-121.04496, 45.22259, -11907.5849609375], [-121.05392, 45.22189, -11274.470703125], [-121.05727, 45.21725, -11818.2783203125]]], [[[-121.04754, 45.25524, -6413.37060546875], [-121.03727, 45.25701, -6981.11669921875], [-121.03981, 45.26152, -6030.357421875], [-121.04754, 45.25524, -6413.37060546875]]], [[[-121.17576, 45.24625, -2602.232421875], [-121.16203, 45.24714, -2589.63134765625], [-121.16947, 45.25042, -1857.9840087890625], [-121.17576, 45.24625, -2602.232421875]]], [[[-121.02114, 45.24618, -10098.037109375], [-121.0192, 45.24194, -10953.33984375], [-121.01069, 45.24793, -10630.333984375], [-121.02114, 45.24618, -10098.037109375]]], [[[-121.10179, 45.26626, -999.8644409179688], [-121.08947, 45.26911, -974.9930419921875], [-121.09768, 45.27128, -241.03244018554688], [-121.10179, 45.26626, -999.8644409179688]]], [[[-121.16705, 45.2429, -3364.269775390625], [-121.16203, 45.24714, -2589.63134765625], [-121.17576, 45.24625, -2602.232421875], [-121.16705, 45.2429, -3364.269775390625]]], [[[-121.03531, 45.25275, -7843.87109375], [-121.02501, 45.25465, -8387.4326171875], [-121.02695, 45.25889, -7532.12939453125], [-121.03531, 45.25275, -7843.87109375]]], [[[-121.15128, 45.25584, -1045.6832275390625], [-121.13878, 45.25789, -1047.0810546875], [-121.14615, 45.26063, -296.9625244140625], [-121.15128, 45.25584, -1045.6832275390625]]], [[[-121.04193, 45.21902, -12745.5458984375], [-121.034, 45.22543, -12433.6181640625], [-121.04496, 45.22259, -11907.5849609375], [-121.04193, 45.21902, -12745.5458984375]]], [[[-120.98653, 45.29321, -5073.40478515625], [-120.99729, 45.2918, -4565.65478515625], [-120.99537, 45.28758, -5422.20703125], [-120.98653, 45.29321, -5073.40478515625]]], [[[-121.15448, 45.24387, -3327.359375], [-121.16203, 45.24714, -2589.63134765625], [-121.16705, 45.2429, -3364.269775390625], [-121.15448, 45.24387, -3327.359375]]], [[[-121.05486, 45.26612, -3993.802978515625], [-121.06324, 45.2665, -3147.427978515625], [-121.06679, 45.26045, -3847.467529296875], [-121.05486, 45.26612, -3993.802978515625]]], [[[-121.15448, 45.24387, -3327.359375], [-121.14905, 45.24823, -2546.42236328125], [-121.16203, 45.24714, -2589.63134765625], [-121.15448, 45.24387, -3327.359375]]], [[[-121.05047, 45.25959, -5447.13671875], [-121.04422, 45.26592, -4940.35986328125], [-121.05807, 45.26015, -4642.81787109375], [-121.05047, 45.25959, -5447.13671875]]], [[[-121.06824, 45.27288, -1673.3900146484375], [-121.06551, 45.27891, -957.7836303710938], [-121.07685, 45.27312, -924.8576049804688], [-121.06824, 45.27288, -1673.3900146484375]]], [[[-121.0514, 45.21502, -12604.1953125], [-121.04615, 45.21246, -13483.302734375], [-121.04193, 45.21902, -12745.5458984375], [-121.0514, 45.21502, -12604.1953125]]], [[[-121.15448, 45.24387, -3327.359375], [-121.1408, 45.24572, -3265.267578125], [-121.14905, 45.24823, -2546.42236328125], [-121.15448, 45.24387, -3327.359375]]], [[[-121.10179, 45.26626, -999.8644409179688], [-121.09347, 45.26408, -1734.3497314453125], [-121.08947, 45.26911, -974.9930419921875], [-121.10179, 45.26626, -999.8644409179688]]], [[[-121.06696, 45.2153, -11762.076171875], [-121.06134, 45.21212, -12582.67578125], [-121.05727, 45.21725, -11818.2783203125], [-121.06696, 45.2153, -11762.076171875]]], [[[-120.99433, 45.26051, -10030.720703125], [-120.98386, 45.26224, -10561.5322265625], [-120.98578, 45.26646, -9704.9755859375], [-120.99433, 45.26051, -10030.720703125]]], [[[-121.15448, 45.24387, -3327.359375], [-121.14633, 45.24092, -4011.178955078125], [-121.1408, 45.24572, -3265.267578125], [-121.15448, 45.24387, -3327.359375]]], [[[-121.03833, 45.28857, -1731.34619140625], [-121.03615, 45.2941, -974.1203002929688], [-121.04627, 45.28915, -962.461669921875], [-121.03833, 45.28857, -1731.34619140625]]], [[[-121.06015, 45.27268, -2451.629150390625], [-121.06824, 45.27288, -1673.3900146484375], [-121.07157, 45.26694, -2381.9912109375], [-121.06015, 45.27268, -2451.629150390625]]], [[[-120.98845, 45.29744, -4216.884765625], [-120.99921, 45.29603, -3709.10205078125], [-120.99729, 45.2918, -4565.65478515625], [-120.98845, 45.29744, -4216.884765625]]], [[[-120.95913, 45.25724, -13336.572265625], [-120.96105, 45.26147, -12480.8935546875], [-120.96928, 45.2552, -12782.0888671875], [-120.95913, 45.25724, -13336.572265625]]], [[[-121.02889, 45.26313, -6676.8271484375], [-121.01842, 45.26486, -7207.490234375], [-121.02036, 45.2691, -6351.779296875], [-121.02889, 45.26313, -6676.8271484375]]], [[[-121.14633, 45.24092, -4011.178955078125], [-121.15448, 45.24387, -3327.359375], [-121.16086, 45.23891, -4223.1005859375], [-121.14633, 45.24092, -4011.178955078125]]], [[[-121.08947, 45.26911, -974.9930419921875], [-121.07685, 45.27312, -924.8576049804688], [-121.08557, 45.27424, -204.3459930419922], [-121.08947, 45.26911, -974.9930419921875]]], [[[-121.08328, 45.25067, -4606.68017578125], [-121.07905, 45.25582, -3845.791259765625], [-121.09276, 45.25213, -3958.275390625], [-121.08328, 45.25067, -4606.68017578125]]], [[[-121.16086, 45.23891, -4223.1005859375], [-121.15128, 45.23661, -4793.72802734375], [-121.14633, 45.24092, -4011.178955078125], [-121.16086, 45.23891, -4223.1005859375]]], [[[-121.06348, 45.24275, -7047.55810546875], [-121.06203, 45.23828, -7902.41748046875], [-121.05363, 45.24438, -7587.8349609375], [-121.06348, 45.24275, -7047.55810546875]]], [[[-121.04754, 45.25524, -6413.37060546875], [-121.05555, 45.2486, -6731.28076171875], [-121.0456, 45.25083, -7299.1240234375], [-121.04754, 45.25524, -6413.37060546875]]], [[[-121.15999, 45.23333, -5329.62451171875], [-121.15128, 45.23661, -4793.72802734375], [-121.16086, 45.23891, -4223.1005859375], [-121.15999, 45.23333, -5329.62451171875]]], [[[-121.01597, 45.28379, -4335.36328125], [-121.00584, 45.28586, -4891.6533203125], [-121.00784, 45.29007, -4031.091796875], [-121.01597, 45.28379, -4335.36328125]]], [[[-121.01262, 45.25216, -9774.623046875], [-121.00253, 45.25422, -10330.751953125], [-121.00445, 45.25845, -9474.2685546875], [-121.01262, 45.25216, -9774.623046875]]], [[[-121.15999, 45.23333, -5329.62451171875], [-121.14829, 45.23201, -5734.6416015625], [-121.15128, 45.23661, -4793.72802734375], [-121.15999, 45.23333, -5329.62451171875]]], [[[-121.01981, 45.29224, -2622.395263671875], [-121.01942, 45.29756, -1801.2615966796875], [-121.02875, 45.29245, -1800.22705078125], [-121.01981, 45.29224, -2622.395263671875]]], [[[-121.01069, 45.24793, -10630.333984375], [-121.00061, 45.25, -11187.236328125], [-121.00253, 45.25422, -10330.751953125], [-121.01069, 45.24793, -10630.333984375]]], [[[-120.99816, 45.26896, -8317.6982421875], [-120.98961, 45.27491, -7991.86474609375], [-121.00008, 45.27319, -7461.18701171875], [-120.99816, 45.26896, -8317.6982421875]]], [[[-121.14829, 45.23201, -5734.6416015625], [-121.15999, 45.23333, -5329.62451171875], [-121.15799, 45.22872, -6260.60595703125], [-121.14829, 45.23201, -5734.6416015625]]], [[[-121.14617, 45.22772, -6603.01220703125], [-121.14829, 45.23201, -5734.6416015625], [-121.15799, 45.22872, -6260.60595703125], [-121.14617, 45.22772, -6603.01220703125]]], [[[-121.00061, 45.25, -11187.236328125], [-120.99241, 45.25629, -10887.2314453125], [-121.00253, 45.25422, -10330.751953125], [-121.00061, 45.25, -11187.236328125]]], [[[-121.08328, 45.25067, -4606.68017578125], [-121.09276, 45.25213, -3958.275390625], [-121.09766, 45.24703, -4691.845703125], [-121.08328, 45.25067, -4606.68017578125]]], [[[-121.13611, 45.23133, -6116.8779296875], [-121.14829, 45.23201, -5734.6416015625], [-121.14617, 45.22772, -6603.01220703125], [-121.13611, 45.23133, -6116.8779296875]]], [[[-121.04627, 45.28915, -962.461669921875], [-121.03615, 45.2941, -974.1203002929688], [-121.04414, 45.29484, -216.017333984375], [-121.04627, 45.28915, -962.461669921875]]], [[[-121.00372, 45.3045, -1945.2801513671875], [-120.99231, 45.3059, -2504.973876953125], [-120.99424, 45.31013, -1649.295166015625], [-121.00372, 45.3045, -1945.2801513671875]]], [[[-121.02206, 45.22286, -13853.4169921875], [-121.03177, 45.22121, -13315.16015625], [-121.03027, 45.21559, -14351.4541015625], [-121.02206, 45.22286, -13853.4169921875]]], [[[-121.13988, 45.23505, -5303.32763671875], [-121.14829, 45.23201, -5734.6416015625], [-121.13611, 45.23133, -6116.8779296875], [-121.13988, 45.23505, -5303.32763671875]]], [[[-121.02386, 45.30418, -328.4010925292969], [-121.01301, 45.3095, -390.35089111328125], [-121.02093, 45.31003, 345.614013671875], [-121.02386, 45.30418, -328.4010925292969]]], [[[-121.07119, 45.23329, -8296.16796875], [-121.06203, 45.23828, -7902.41748046875], [-121.07321, 45.23746, -7447.8125], [-121.07119, 45.23329, -8296.16796875]]], [[[-121.15128, 45.23661, -4793.72802734375], [-121.14829, 45.23201, -5734.6416015625], [-121.13988, 45.23505, -5303.32763671875], [-121.15128, 45.23661, -4793.72802734375]]], [[[-121.03727, 45.25701, -6981.11669921875], [-121.02889, 45.26313, -6676.8271484375], [-121.03981, 45.26152, -6030.357421875], [-121.03727, 45.25701, -6981.11669921875]]], [[[-121.15128, 45.23661, -4793.72802734375], [-121.13988, 45.23505, -5303.32763671875], [-121.13786, 45.23871, -4673.71728515625], [-121.15128, 45.23661, -4793.72802734375]]], [[[-121.01537, 45.30339, -1208.669677734375], [-121.0053, 45.30893, -1077.2391357421875], [-121.01301, 45.3095, -390.35089111328125], [-121.01537, 45.30339, -1208.669677734375]]], [[[-121.07335, 45.22146, -10371.49609375], [-121.08487, 45.21942, -10279.890625], [-121.07803, 45.21716, -10976.798828125], [-121.07335, 45.22146, -10371.49609375]]], [[[-121.15128, 45.23661, -4793.72802734375], [-121.13786, 45.23871, -4673.71728515625], [-121.14633, 45.24092, -4011.178955078125], [-121.15128, 45.23661, -4793.72802734375]]], [[[-121.06696, 45.2153, -11762.076171875], [-121.07046, 45.21031, -12536.8271484375], [-121.06134, 45.21212, -12582.67578125], [-121.06696, 45.2153, -11762.076171875]]], [[[-121.13786, 45.23871, -4673.71728515625], [-121.13279, 45.24322, -3998.180419921875], [-121.14633, 45.24092, -4011.178955078125], [-121.13786, 45.23871, -4673.71728515625]]], [[[-121.03338, 45.24852, -8699.6005859375], [-121.02307, 45.25041, -9242.734375], [-121.02501, 45.25465, -8387.4326171875], [-121.03338, 45.24852, -8699.6005859375]]], [[[-121.13786, 45.23871, -4673.71728515625], [-121.12464, 45.24082, -4727.345703125], [-121.13279, 45.24322, -3998.180419921875], [-121.13786, 45.23871, -4673.71728515625]]], [[[-120.96544, 45.24675, -14495.1298828125], [-120.95527, 45.24877, -15047.9296875], [-120.9572, 45.253, -14192.2509765625], [-120.96544, 45.24675, -14495.1298828125]]], [[[-121.13786, 45.23871, -4673.71728515625], [-121.12894, 45.23608, -5469.95849609375], [-121.12464, 45.24082, -4727.345703125], [-121.13786, 45.23871, -4673.71728515625]]], [[[-121.03762, 45.21601, -13596.1669921875], [-121.03998, 45.21043, -14328.8515625], [-121.03027, 45.21559, -14351.4541015625], [-121.03762, 45.21601, -13596.1669921875]]], [[[-121.13988, 45.23505, -5303.32763671875], [-121.12894, 45.23608, -5469.95849609375], [-121.13786, 45.23871, -4673.71728515625], [-121.13988, 45.23505, -5303.32763671875]]], [[[-121.0398, 45.23813, -9866.37109375], [-121.03145, 45.24428, -9555.3291015625], [-121.04173, 45.24236, -9010.6220703125], [-121.0398, 45.23813, -9866.37109375]]], [[[-121.12894, 45.23608, -5469.95849609375], [-121.13988, 45.23505, -5303.32763671875], [-121.13611, 45.23133, -6116.8779296875], [-121.12894, 45.23608, -5469.95849609375]]], [[[-121.01161, 45.29853, -2322.11962890625], [-121.00372, 45.3045, -1945.2801513671875], [-121.01537, 45.30339, -1208.669677734375], [-121.01161, 45.29853, -2322.11962890625]]], [[[-121.03145, 45.24428, -9555.3291015625], [-121.02114, 45.24618, -10098.037109375], [-121.02307, 45.25041, -9242.734375], [-121.03145, 45.24428, -9555.3291015625]]], [[[-121.12894, 45.23608, -5469.95849609375], [-121.13611, 45.23133, -6116.8779296875], [-121.12229, 45.2329, -6294.06689453125], [-121.12894, 45.23608, -5469.95849609375]]], [[[-121.02386, 45.30418, -328.4010925292969], [-121.02093, 45.31003, 345.614013671875], [-121.03127, 45.30533, 538.5022583007812], [-121.02386, 45.30418, -328.4010925292969]]], [[[-121.07262, 45.24172, -6695.044921875], [-121.07321, 45.23746, -7447.8125], [-121.06348, 45.24275, -7047.55810546875], [-121.07262, 45.24172, -6695.044921875]]], [[[-121.12229, 45.2329, -6294.06689453125], [-121.1163, 45.2384, -5456.4794921875], [-121.12894, 45.23608, -5469.95849609375], [-121.12229, 45.2329, -6294.06689453125]]], [[[-121.02695, 45.25889, -7532.12939453125], [-121.02501, 45.25465, -8387.4326171875], [-121.01649, 45.26063, -8063.201171875], [-121.02695, 45.25889, -7532.12939453125]]], [[[-121.12229, 45.2329, -6294.06689453125], [-121.10748, 45.23663, -6142.10400390625], [-121.1163, 45.2384, -5456.4794921875], [-121.12229, 45.2329, -6294.06689453125]]], [[[-120.96736, 45.25097, -13638.609375], [-120.95913, 45.25724, -13336.572265625], [-120.96928, 45.2552, -12782.0888671875], [-120.96736, 45.25097, -13638.609375]]], [[[-121.12229, 45.2329, -6294.06689453125], [-121.1121, 45.23153, -6888.720703125], [-121.10748, 45.23663, -6142.10400390625], [-121.12229, 45.2329, -6294.06689453125]]], [[[-121.01456, 45.25639, -8918.912109375], [-121.00445, 45.25845, -9474.2685546875], [-121.00637, 45.26267, -8617.7841796875], [-121.01456, 45.25639, -8918.912109375]]], [[[-121.1121, 45.23153, -6888.720703125], [-121.12229, 45.2329, -6294.06689453125], [-121.12268, 45.22741, -7309.21142578125], [-121.1121, 45.23153, -6888.720703125]]], [[[-121.05727, 45.21725, -11818.2783203125], [-121.0514, 45.21502, -12604.1953125], [-121.04496, 45.22259, -11907.5849609375], [-121.05727, 45.21725, -11818.2783203125]]], [[[-121.1121, 45.23153, -6888.720703125], [-121.12268, 45.22741, -7309.21142578125], [-121.11152, 45.22685, -7779.00146484375], [-121.1121, 45.23153, -6888.720703125]]], [[[-121.03762, 45.21601, -13596.1669921875], [-121.03027, 45.21559, -14351.4541015625], [-121.03177, 45.22121, -13315.16015625], [-121.03762, 45.21601, -13596.1669921875]]], [[[-121.01262, 45.25216, -9774.623046875], [-121.01456, 45.25639, -8918.912109375], [-121.02307, 45.25041, -9242.734375], [-121.01262, 45.25216, -9774.623046875]]], [[[-121.10243, 45.23063, -7450.12890625], [-121.1121, 45.23153, -6888.720703125], [-121.11152, 45.22685, -7779.00146484375], [-121.10243, 45.23063, -7450.12890625]]], [[[-121.03145, 45.24428, -9555.3291015625], [-121.02951, 45.24005, -10411.05859375], [-121.02114, 45.24618, -10098.037109375], [-121.03145, 45.24428, -9555.3291015625]]], [[[-121.1121, 45.23153, -6888.720703125], [-121.10243, 45.23063, -7450.12890625], [-121.0981, 45.23533, -6792.7080078125], [-121.1121, 45.23153, -6888.720703125]]], [[[-121.02695, 45.25889, -7532.12939453125], [-121.01649, 45.26063, -8063.201171875], [-121.01842, 45.26486, -7207.490234375], [-121.02695, 45.25889, -7532.12939453125]]], [[[-121.0981, 45.23533, -6792.7080078125], [-121.10748, 45.23663, -6142.10400390625], [-121.1121, 45.23153, -6888.720703125], [-121.0981, 45.23533, -6792.7080078125]]], [[[-121.04367, 45.2466, -8154.873046875], [-121.03338, 45.24852, -8699.6005859375], [-121.03531, 45.25275, -7843.87109375], [-121.04367, 45.2466, -8154.873046875]]], [[[-121.0981, 45.23533, -6792.7080078125], [-121.093, 45.24052, -6083.2783203125], [-121.10748, 45.23663, -6142.10400390625], [-121.0981, 45.23533, -6792.7080078125]]], [[[-121.06203, 45.23828, -7902.41748046875], [-121.05171, 45.24016, -8444.3896484375], [-121.05363, 45.24438, -7587.8349609375], [-121.06203, 45.23828, -7902.41748046875]]], [[[-121.0981, 45.23533, -6792.7080078125], [-121.08425, 45.23834, -6833.36279296875], [-121.093, 45.24052, -6083.2783203125], [-121.0981, 45.23533, -6792.7080078125]]], [[[-121.05392, 45.22189, -11274.470703125], [-121.04496, 45.22259, -11907.5849609375], [-121.04594, 45.22749, -11014.0517578125], [-121.05392, 45.22189, -11274.470703125]]], [[[-121.0981, 45.23533, -6792.7080078125], [-121.09098, 45.23313, -7515.93701171875], [-121.08425, 45.23834, -6833.36279296875], [-121.0981, 45.23533, -6792.7080078125]]], [[[-120.97811, 45.24957, -13131.203125], [-120.97619, 45.24535, -13987.759765625], [-120.96736, 45.25097, -13638.609375], [-120.97811, 45.24957, -13131.203125]]], [[[-121.09098, 45.23313, -7515.93701171875], [-121.0981, 45.23533, -6792.7080078125], [-121.10243, 45.23063, -7450.12890625], [-121.09098, 45.23313, -7515.93701171875]]], [[[-121.05171, 45.24016, -8444.3896484375], [-121.04367, 45.2466, -8154.873046875], [-121.05363, 45.24438, -7587.8349609375], [-121.05171, 45.24016, -8444.3896484375]]], [[[-121.10243, 45.23063, -7450.12890625], [-121.09958, 45.22723, -8195.04296875], [-121.09098, 45.23313, -7515.93701171875], [-121.10243, 45.23063, -7450.12890625]]], [[[-121.034, 45.22543, -12433.6181640625], [-121.02372, 45.22735, -12978.24609375], [-121.02565, 45.23158, -12122.5166015625], [-121.034, 45.22543, -12433.6181640625]]], [[[-121.09958, 45.22723, -8195.04296875], [-121.10243, 45.23063, -7450.12890625], [-121.11152, 45.22685, -7779.00146484375], [-121.09958, 45.22723, -8195.04296875]]], [[[-121.01537, 45.30339, -1208.669677734375], [-121.00372, 45.3045, -1945.2801513671875], [-121.0053, 45.30893, -1077.2391357421875], [-121.01537, 45.30339, -1208.669677734375]]], [[[-121.06925, 45.22906, -9151.83984375], [-121.05816, 45.22981, -9613.94921875], [-121.06009, 45.23404, -8758.18359375], [-121.06925, 45.22906, -9151.83984375]]], [[[-121.09958, 45.22723, -8195.04296875], [-121.11152, 45.22685, -7779.00146484375], [-121.10934, 45.22273, -8623.87109375], [-121.09958, 45.22723, -8195.04296875]]], [[[-121.06348, 45.24275, -7047.55810546875], [-121.05555, 45.2486, -6731.28076171875], [-121.06598, 45.24741, -6070.4814453125], [-121.06348, 45.24275, -7047.55810546875]]], [[[-121.10934, 45.22273, -8623.87109375], [-121.09765, 45.22311, -9029.8564453125], [-121.09958, 45.22723, -8195.04296875], [-121.10934, 45.22273, -8623.87109375]]], [[[-121.04496, 45.22259, -11907.5849609375], [-121.03593, 45.22966, -11577.869140625], [-121.04594, 45.22749, -11014.0517578125], [-121.04496, 45.22259, -11907.5849609375]]], [[[-121.09765, 45.22311, -9029.8564453125], [-121.10934, 45.22273, -8623.87109375], [-121.10743, 45.21853, -9475.537109375], [-121.09765, 45.22311, -9029.8564453125]]], [[[-121.03338, 45.24852, -8699.6005859375], [-121.04173, 45.24236, -9010.6220703125], [-121.03145, 45.24428, -9555.3291015625], [-121.03338, 45.24852, -8699.6005859375]]], [[[-121.09596, 45.21875, -9897.3984375], [-121.09765, 45.22311, -9029.8564453125], [-121.10743, 45.21853, -9475.537109375], [-121.09596, 45.21875, -9897.3984375]]], [[[-121.03352, 45.27158, -4907.8671875], [-121.04422, 45.26592, -4940.35986328125], [-121.0317, 45.26734, -5752.98828125], [-121.03352, 45.27158, -4907.8671875]]], [[[-121.09596, 45.21875, -9897.3984375], [-121.0875, 45.22365, -9393.87890625], [-121.09765, 45.22311, -9029.8564453125], [-121.09596, 45.21875, -9897.3984375]]], [[[-121.08487, 45.21942, -10279.890625], [-121.0875, 45.22365, -9393.87890625], [-121.09596, 45.21875, -9897.3984375], [-121.08487, 45.21942, -10279.890625]]], [[[-121.00061, 45.25, -11187.236328125], [-120.99049, 45.25207, -11743.7431640625], [-120.99241, 45.25629, -10887.2314453125], [-121.00061, 45.25, -11187.236328125]]], [[[-121.08487, 45.21942, -10279.890625], [-121.07793, 45.22461, -9610.1904296875], [-121.0875, 45.22365, -9393.87890625], [-121.08487, 45.21942, -10279.890625]]], [[[-121.01262, 45.25216, -9774.623046875], [-121.01069, 45.24793, -10630.333984375], [-121.00253, 45.25422, -10330.751953125], [-121.01262, 45.25216, -9774.623046875]]], [[[-121.07335, 45.22146, -10371.49609375], [-121.07793, 45.22461, -9610.1904296875], [-121.08487, 45.21942, -10279.890625], [-121.07335, 45.22146, -10371.49609375]]], [[[-121.06598, 45.24741, -6070.4814453125], [-121.07262, 45.24172, -6695.044921875], [-121.06348, 45.24275, -7047.55810546875], [-121.06598, 45.24741, -6070.4814453125]]], [[[-121.07335, 45.22146, -10371.49609375], [-121.06652, 45.22514, -9983.0751953125], [-121.07793, 45.22461, -9610.1904296875], [-121.07335, 45.22146, -10371.49609375]]], [[[-121.0192, 45.24194, -10953.33984375], [-121.01726, 45.2377, -11808.642578125], [-121.00876, 45.24369, -11486.044921875], [-121.0192, 45.24194, -10953.33984375]]], [[[-121.06492, 45.22034, -10928.5263671875], [-121.06652, 45.22514, -9983.0751953125], [-121.07335, 45.22146, -10371.49609375], [-121.06492, 45.22034, -10928.5263671875]]], [[[-121.02114, 45.24618, -10098.037109375], [-121.01069, 45.24793, -10630.333984375], [-121.01262, 45.25216, -9774.623046875], [-121.02114, 45.24618, -10098.037109375]]], [[[-121.06492, 45.22034, -10928.5263671875], [-121.05622, 45.22558, -10469.71484375], [-121.06652, 45.22514, -9983.0751953125], [-121.06492, 45.22034, -10928.5263671875]]], [[[-121.0456, 45.25083, -7299.1240234375], [-121.03531, 45.25275, -7843.87109375], [-121.03727, 45.25701, -6981.11669921875], [-121.0456, 45.25083, -7299.1240234375]]], [[[-121.05622, 45.22558, -10469.71484375], [-121.06492, 45.22034, -10928.5263671875], [-121.05392, 45.22189, -11274.470703125], [-121.05622, 45.22558, -10469.71484375]]], [[[-121.00372, 45.3045, -1945.2801513671875], [-121.01161, 45.29853, -2322.11962890625], [-121.00113, 45.30025, -2852.54931640625], [-121.00372, 45.3045, -1945.2801513671875]]], [[[-121.01456, 45.25639, -8918.912109375], [-121.01262, 45.25216, -9774.623046875], [-121.00445, 45.25845, -9474.2685546875], [-121.01456, 45.25639, -8918.912109375]]], [[[-121.05622, 45.22558, -10469.71484375], [-121.05392, 45.22189, -11274.470703125], [-121.04594, 45.22749, -11014.0517578125], [-121.05622, 45.22558, -10469.71484375]]], [[[-121.02501, 45.25465, -8387.4326171875], [-121.01456, 45.25639, -8918.912109375], [-121.01649, 45.26063, -8063.201171875], [-121.02501, 45.25465, -8387.4326171875]]], [[[-121.05622, 45.22558, -10469.71484375], [-121.04594, 45.22749, -11014.0517578125], [-121.04786, 45.23172, -10157.498046875], [-121.05622, 45.22558, -10469.71484375]]], [[[-121.02889, 45.26313, -6676.8271484375], [-121.02695, 45.25889, -7532.12939453125], [-121.01842, 45.26486, -7207.490234375], [-121.02889, 45.26313, -6676.8271484375]]], [[[-121.05622, 45.22558, -10469.71484375], [-121.04786, 45.23172, -10157.498046875], [-121.05816, 45.22981, -9613.94921875], [-121.05622, 45.22558, -10469.71484375]]], [[[-121.03352, 45.27158, -4907.8671875], [-121.02422, 45.27756, -4640.357421875], [-121.03453, 45.27599, -4103.8359375], [-121.03352, 45.27158, -4907.8671875]]], [[[-121.05816, 45.22981, -9613.94921875], [-121.06652, 45.22514, -9983.0751953125], [-121.05622, 45.22558, -10469.71484375], [-121.05816, 45.22981, -9613.94921875]]], [[[-121.04978, 45.23594, -9300.943359375], [-121.05816, 45.22981, -9613.94921875], [-121.04786, 45.23172, -10157.498046875], [-121.04978, 45.23594, -9300.943359375]]], [[[-121.06925, 45.22906, -9151.83984375], [-121.06652, 45.22514, -9983.0751953125], [-121.05816, 45.22981, -9613.94921875], [-121.06925, 45.22906, -9151.83984375]]], [[[-121.03531, 45.25275, -7843.87109375], [-121.02695, 45.25889, -7532.12939453125], [-121.03727, 45.25701, -6981.11669921875], [-121.03531, 45.25275, -7843.87109375]]], [[[-121.07793, 45.22461, -9610.1904296875], [-121.06652, 45.22514, -9983.0751953125], [-121.06925, 45.22906, -9151.83984375], [-121.07793, 45.22461, -9610.1904296875]]], [[[-121.06009, 45.23404, -8758.18359375], [-121.04978, 45.23594, -9300.943359375], [-121.05171, 45.24016, -8444.3896484375], [-121.06009, 45.23404, -8758.18359375]]], [[[-121.07793, 45.22461, -9610.1904296875], [-121.06925, 45.22906, -9151.83984375], [-121.08001, 45.22877, -8763.1591796875], [-121.07793, 45.22461, -9610.1904296875]]], [[[-121.07119, 45.23329, -8296.16796875], [-121.06009, 45.23404, -8758.18359375], [-121.06203, 45.23828, -7902.41748046875], [-121.07119, 45.23329, -8296.16796875]]], [[[-121.07793, 45.22461, -9610.1904296875], [-121.08001, 45.22877, -8763.1591796875], [-121.0875, 45.22365, -9393.87890625], [-121.07793, 45.22461, -9610.1904296875]]], [[[-121.04193, 45.21902, -12745.5458984375], [-121.03177, 45.22121, -13315.16015625], [-121.034, 45.22543, -12433.6181640625], [-121.04193, 45.21902, -12745.5458984375]]], [[[-121.08913, 45.22853, -8434.5771484375], [-121.0875, 45.22365, -9393.87890625], [-121.08001, 45.22877, -8763.1591796875], [-121.08913, 45.22853, -8434.5771484375]]], [[[-121.01456, 45.25639, -8918.912109375], [-121.02501, 45.25465, -8387.4326171875], [-121.02307, 45.25041, -9242.734375], [-121.01456, 45.25639, -8918.912109375]]], [[[-121.0875, 45.22365, -9393.87890625], [-121.08913, 45.22853, -8434.5771484375], [-121.09765, 45.22311, -9029.8564453125], [-121.0875, 45.22365, -9393.87890625]]], [[[-121.08913, 45.22853, -8434.5771484375], [-121.09958, 45.22723, -8195.04296875], [-121.09765, 45.22311, -9029.8564453125], [-121.08913, 45.22853, -8434.5771484375]]], [[[-121.03981, 45.26152, -6030.357421875], [-121.0317, 45.26734, -5752.98828125], [-121.04422, 45.26592, -4940.35986328125], [-121.03981, 45.26152, -6030.357421875]]], [[[-121.05363, 45.24438, -7587.8349609375], [-121.04367, 45.2466, -8154.873046875], [-121.0456, 45.25083, -7299.1240234375], [-121.05363, 45.24438, -7587.8349609375]]], [[[-121.08913, 45.22853, -8434.5771484375], [-121.08188, 45.23334, -7847.74462890625], [-121.09098, 45.23313, -7515.93701171875], [-121.08913, 45.22853, -8434.5771484375]]], [[[-121.03295, 45.28149, -3331.794189453125], [-121.03453, 45.27599, -4103.8359375], [-121.02546, 45.28172, -3849.767822265625], [-121.03295, 45.28149, -3331.794189453125]]], [[[-121.08001, 45.22877, -8763.1591796875], [-121.08188, 45.23334, -7847.74462890625], [-121.08913, 45.22853, -8434.5771484375], [-121.08001, 45.22877, -8763.1591796875]]], [[[-121.01537, 45.30339, -1208.669677734375], [-121.02386, 45.30418, -328.4010925292969], [-121.02643, 45.29829, -1038.8489990234375], [-121.01537, 45.30339, -1208.669677734375]]], [[[-121.08188, 45.23334, -7847.74462890625], [-121.08001, 45.22877, -8763.1591796875], [-121.07119, 45.23329, -8296.16796875], [-121.08188, 45.23334, -7847.74462890625]]], [[[-121.02643, 45.29829, -1038.8489990234375], [-121.02386, 45.30418, -328.4010925292969], [-121.03374, 45.29966, -218.01629638671875], [-121.02643, 45.29829, -1038.8489990234375]]], [[[-121.08425, 45.23834, -6833.36279296875], [-121.09098, 45.23313, -7515.93701171875], [-121.08188, 45.23334, -7847.74462890625], [-121.08425, 45.23834, -6833.36279296875]]], [[[-121.07262, 45.24172, -6695.044921875], [-121.08425, 45.23834, -6833.36279296875], [-121.07321, 45.23746, -7447.8125], [-121.07262, 45.24172, -6695.044921875]]], [[[-121.06598, 45.24741, -6070.4814453125], [-121.07925, 45.24384, -6024.72216796875], [-121.07262, 45.24172, -6695.044921875], [-121.06598, 45.24741, -6070.4814453125]]], [[[-121.06598, 45.24741, -6070.4814453125], [-121.07414, 45.24902, -5296.96923828125], [-121.07925, 45.24384, -6024.72216796875], [-121.06598, 45.24741, -6070.4814453125]]], [[[-121.07414, 45.24902, -5296.96923828125], [-121.06598, 45.24741, -6070.4814453125], [-121.06237, 45.25397, -5283.2666015625], [-121.07414, 45.24902, -5296.96923828125]]], [[[-121.07414, 45.24902, -5296.96923828125], [-121.07021, 45.25447, -4555.1357421875], [-121.08328, 45.25067, -4606.68017578125], [-121.07414, 45.24902, -5296.96923828125]]], [[[-121.08811, 45.2456, -5344.22900390625], [-121.07925, 45.24384, -6024.72216796875], [-121.07414, 45.24902, -5296.96923828125], [-121.08811, 45.2456, -5344.22900390625]]], [[[-121.00968, 45.2943, -3178.630615234375], [-121.00113, 45.30025, -2852.54931640625], [-121.01161, 45.29853, -2322.11962890625], [-121.00968, 45.2943, -3178.630615234375]]], [[[-121.07925, 45.24384, -6024.72216796875], [-121.08811, 45.2456, -5344.22900390625], [-121.093, 45.24052, -6083.2783203125], [-121.07925, 45.24384, -6024.72216796875]]], [[[-121.03338, 45.24852, -8699.6005859375], [-121.04367, 45.2466, -8154.873046875], [-121.04173, 45.24236, -9010.6220703125], [-121.03338, 45.24852, -8699.6005859375]]], [[[-121.08425, 45.23834, -6833.36279296875], [-121.07925, 45.24384, -6024.72216796875], [-121.093, 45.24052, -6083.2783203125], [-121.08425, 45.23834, -6833.36279296875]]], [[[-121.01842, 45.26486, -7207.490234375], [-121.01021, 45.27112, -6904.81591796875], [-121.02036, 45.2691, -6351.779296875], [-121.01842, 45.26486, -7207.490234375]]], [[[-121.093, 45.24052, -6083.2783203125], [-121.10246, 45.24181, -5419.57421875], [-121.10748, 45.23663, -6142.10400390625], [-121.093, 45.24052, -6083.2783203125]]], [[[-121.00372, 45.3045, -1945.2801513671875], [-121.00113, 45.30025, -2852.54931640625], [-120.99231, 45.3059, -2504.973876953125], [-121.00372, 45.3045, -1945.2801513671875]]], [[[-121.03177, 45.22121, -13315.16015625], [-121.02206, 45.22286, -13853.4169921875], [-121.02372, 45.22735, -12978.24609375], [-121.03177, 45.22121, -13315.16015625]]], [[[-121.01161, 45.29853, -2322.11962890625], [-121.01537, 45.30339, -1208.669677734375], [-121.01942, 45.29756, -1801.2615966796875], [-121.01161, 45.29853, -2322.11962890625]]], [[[-121.10246, 45.24181, -5419.57421875], [-121.11134, 45.24351, -4722.90625], [-121.1163, 45.2384, -5456.4794921875], [-121.10246, 45.24181, -5419.57421875]]], [[[-121.10246, 45.24181, -5419.57421875], [-121.09766, 45.24703, -4691.845703125], [-121.11134, 45.24351, -4722.90625], [-121.10246, 45.24181, -5419.57421875]]], [[[-121.0317, 45.26734, -5752.98828125], [-121.02889, 45.26313, -6676.8271484375], [-121.02036, 45.2691, -6351.779296875], [-121.0317, 45.26734, -5752.98828125]]], [[[-121.08811, 45.2456, -5344.22900390625], [-121.08328, 45.25067, -4606.68017578125], [-121.09766, 45.24703, -4691.845703125], [-121.08811, 45.2456, -5344.22900390625]]], [[[-120.99433, 45.26051, -10030.720703125], [-121.00253, 45.25422, -10330.751953125], [-120.99241, 45.25629, -10887.2314453125], [-120.99433, 45.26051, -10030.720703125]]], [[[-121.07021, 45.25447, -4555.1357421875], [-121.07905, 45.25582, -3845.791259765625], [-121.08328, 45.25067, -4606.68017578125], [-121.07021, 45.25447, -4555.1357421875]]], [[[-121.07021, 45.25447, -4555.1357421875], [-121.05807, 45.26015, -4642.81787109375], [-121.06679, 45.26045, -3847.467529296875], [-121.07021, 45.25447, -4555.1357421875]]], [[[-121.06237, 45.25397, -5283.2666015625], [-121.05807, 45.26015, -4642.81787109375], [-121.07021, 45.25447, -4555.1357421875], [-121.06237, 45.25397, -5283.2666015625]]], [[[-121.05655, 45.253, -5925.431640625], [-121.05047, 45.25959, -5447.13671875], [-121.06237, 45.25397, -5283.2666015625], [-121.05655, 45.253, -5925.431640625]]], [[[-121.05655, 45.253, -5925.431640625], [-121.04754, 45.25524, -6413.37060546875], [-121.05047, 45.25959, -5447.13671875], [-121.05655, 45.253, -5925.431640625]]], [[[-121.05555, 45.2486, -6731.28076171875], [-121.04754, 45.25524, -6413.37060546875], [-121.05655, 45.253, -5925.431640625], [-121.05555, 45.2486, -6731.28076171875]]], [[[-120.98462, 45.28899, -5929.92529296875], [-120.99537, 45.28758, -5422.20703125], [-120.99345, 45.28336, -6278.759765625], [-120.98462, 45.28899, -5929.92529296875]]], [[[-121.04754, 45.25524, -6413.37060546875], [-121.03981, 45.26152, -6030.357421875], [-121.05047, 45.25959, -5447.13671875], [-121.04754, 45.25524, -6413.37060546875]]], [[[-121.02875, 45.29245, -1800.22705078125], [-121.03615, 45.2941, -974.1203002929688], [-121.03833, 45.28857, -1731.34619140625], [-121.02875, 45.29245, -1800.22705078125]]], [[[-121.02875, 45.29245, -1800.22705078125], [-121.02643, 45.29829, -1038.8489990234375], [-121.03615, 45.2941, -974.1203002929688], [-121.02875, 45.29245, -1800.22705078125]]], [[[-121.05807, 45.26015, -4642.81787109375], [-121.05486, 45.26612, -3993.802978515625], [-121.06679, 45.26045, -3847.467529296875], [-121.05807, 45.26015, -4642.81787109375]]], [[[-121.0456, 45.25083, -7299.1240234375], [-121.04367, 45.2466, -8154.873046875], [-121.03531, 45.25275, -7843.87109375], [-121.0456, 45.25083, -7299.1240234375]]], [[[-121.05486, 45.26612, -3993.802978515625], [-121.05226, 45.27219, -3243.09423828125], [-121.06324, 45.2665, -3147.427978515625], [-121.05486, 45.26612, -3993.802978515625]]], [[[-121.03145, 45.24428, -9555.3291015625], [-121.0398, 45.23813, -9866.37109375], [-121.02951, 45.24005, -10411.05859375], [-121.03145, 45.24428, -9555.3291015625]]], [[[-121.05486, 45.26612, -3993.802978515625], [-121.04403, 45.2713, -4074.08984375], [-121.05226, 45.27219, -3243.09423828125], [-121.05486, 45.26612, -3993.802978515625]]], [[[-121.04422, 45.26592, -4940.35986328125], [-121.04403, 45.2713, -4074.08984375], [-121.05486, 45.26612, -3993.802978515625], [-121.04422, 45.26592, -4940.35986328125]]], [[[-121.03295, 45.28149, -3331.794189453125], [-121.04201, 45.27714, -3280.086181640625], [-121.03453, 45.27599, -4103.8359375], [-121.03295, 45.28149, -3331.794189453125]]], [[[-121.04403, 45.2713, -4074.08984375], [-121.04422, 45.26592, -4940.35986328125], [-121.03352, 45.27158, -4907.8671875], [-121.04403, 45.2713, -4074.08984375]]], [[[-121.06348, 45.24275, -7047.55810546875], [-121.05363, 45.24438, -7587.8349609375], [-121.05555, 45.2486, -6731.28076171875], [-121.06348, 45.24275, -7047.55810546875]]], [[[-121.04403, 45.2713, -4074.08984375], [-121.03352, 45.27158, -4907.8671875], [-121.03453, 45.27599, -4103.8359375], [-121.04403, 45.2713, -4074.08984375]]], [[[-121.0192, 45.24194, -10953.33984375], [-121.02758, 45.23582, -11266.787109375], [-121.01726, 45.2377, -11808.642578125], [-121.0192, 45.24194, -10953.33984375]]], [[[-121.04201, 45.27714, -3280.086181640625], [-121.04403, 45.2713, -4074.08984375], [-121.03453, 45.27599, -4103.8359375], [-121.04201, 45.27714, -3280.086181640625]]], [[[-121.03338, 45.24852, -8699.6005859375], [-121.02501, 45.25465, -8387.4326171875], [-121.03531, 45.25275, -7843.87109375], [-121.03338, 45.24852, -8699.6005859375]]], [[[-121.04403, 45.2713, -4074.08984375], [-121.04201, 45.27714, -3280.086181640625], [-121.05226, 45.27219, -3243.09423828125], [-121.04403, 45.2713, -4074.08984375]]], [[[-121.00968, 45.2943, -3178.630615234375], [-120.99921, 45.29603, -3709.10205078125], [-121.00113, 45.30025, -2852.54931640625], [-121.00968, 45.2943, -3178.630615234375]]], [[[-121.04201, 45.27714, -3280.086181640625], [-121.04955, 45.27806, -2506.105224609375], [-121.05226, 45.27219, -3243.09423828125], [-121.04201, 45.27714, -3280.086181640625]]], [[[-121.02229, 45.27333, -5496.068359375], [-121.01405, 45.27956, -5191.84765625], [-121.02422, 45.27756, -4640.357421875], [-121.02229, 45.27333, -5496.068359375]]], [[[-121.04201, 45.27714, -3280.086181640625], [-121.03977, 45.28304, -2509.468017578125], [-121.04955, 45.27806, -2506.105224609375], [-121.04201, 45.27714, -3280.086181640625]]], [[[-121.00008, 45.27319, -7461.18701171875], [-121.01021, 45.27112, -6904.81591796875], [-121.00829, 45.26689, -7761.2998046875], [-121.00008, 45.27319, -7461.18701171875]]], [[[-121.03295, 45.28149, -3331.794189453125], [-121.03977, 45.28304, -2509.468017578125], [-121.04201, 45.27714, -3280.086181640625], [-121.03295, 45.28149, -3331.794189453125]]], [[[-121.07382, 45.27901, -200.47230529785156], [-121.07191, 45.28466, 558.386962890625], [-121.08206, 45.27947, 555.0457153320312], [-121.07382, 45.27901, -200.47230529785156]]], [[[-121.03295, 45.28149, -3331.794189453125], [-121.02986, 45.28721, -2599.702880859375], [-121.03977, 45.28304, -2509.468017578125], [-121.03295, 45.28149, -3331.794189453125]]], [[[-121.02546, 45.28172, -3849.767822265625], [-121.03453, 45.27599, -4103.8359375], [-121.02422, 45.27756, -4640.357421875], [-121.02546, 45.28172, -3849.767822265625]]], [[[-121.03295, 45.28149, -3331.794189453125], [-121.01935, 45.28756, -3417.31591796875], [-121.02986, 45.28721, -2599.702880859375], [-121.03295, 45.28149, -3331.794189453125]]], [[[-121.02546, 45.28172, -3849.767822265625], [-121.01935, 45.28756, -3417.31591796875], [-121.03295, 45.28149, -3331.794189453125], [-121.02546, 45.28172, -3849.767822265625]]], [[[-121.00829, 45.26689, -7761.2998046875], [-120.99816, 45.26896, -8317.6982421875], [-121.00008, 45.27319, -7461.18701171875], [-121.00829, 45.26689, -7761.2998046875]]], [[[-121.01935, 45.28756, -3417.31591796875], [-121.02546, 45.28172, -3849.767822265625], [-121.01597, 45.28379, -4335.36328125], [-121.01935, 45.28756, -3417.31591796875]]], [[[-121.1588, 45.25896, -312.8963317871094], [-121.166, 45.26223, 421.9754638671875], [-121.17126, 45.25797, -351.06488037109375], [-121.1588, 45.25896, -312.8963317871094]]], [[[-121.01935, 45.28756, -3417.31591796875], [-121.01597, 45.28379, -4335.36328125], [-121.00784, 45.29007, -4031.091796875], [-121.01935, 45.28756, -3417.31591796875]]], [[[-121.03593, 45.22966, -11577.869140625], [-121.02565, 45.23158, -12122.5166015625], [-121.02758, 45.23582, -11266.787109375], [-121.03593, 45.22966, -11577.869140625]]], [[[-121.01935, 45.28756, -3417.31591796875], [-121.00784, 45.29007, -4031.091796875], [-121.00968, 45.2943, -3178.630615234375], [-121.01935, 45.28756, -3417.31591796875]]], [[[-121.00113, 45.30025, -2852.54931640625], [-120.99921, 45.29603, -3709.10205078125], [-120.99038, 45.30167, -3360.652587890625], [-121.00113, 45.30025, -2852.54931640625]]], [[[-121.01981, 45.29224, -2622.395263671875], [-121.01935, 45.28756, -3417.31591796875], [-121.00968, 45.2943, -3178.630615234375], [-121.01981, 45.29224, -2622.395263671875]]], [[[-121.00253, 45.25422, -10330.751953125], [-120.99433, 45.26051, -10030.720703125], [-121.00445, 45.25845, -9474.2685546875], [-121.00253, 45.25422, -10330.751953125]]], [[[-121.01981, 45.29224, -2622.395263671875], [-121.02986, 45.28721, -2599.702880859375], [-121.01935, 45.28756, -3417.31591796875], [-121.01981, 45.29224, -2622.395263671875]]], [[[-120.99816, 45.26896, -8317.6982421875], [-120.9877, 45.27069, -8848.41796875], [-120.98961, 45.27491, -7991.86474609375], [-120.99816, 45.26896, -8317.6982421875]]], [[[-121.02986, 45.28721, -2599.702880859375], [-121.01981, 45.29224, -2622.395263671875], [-121.02875, 45.29245, -1800.22705078125], [-121.02986, 45.28721, -2599.702880859375]]], [[[-121.17126, 45.25797, -351.06488037109375], [-121.166, 45.26223, 421.9754638671875], [-121.17845, 45.26127, 382.80194091796875], [-121.17126, 45.25797, -351.06488037109375]]], [[[-121.02986, 45.28721, -2599.702880859375], [-121.02875, 45.29245, -1800.22705078125], [-121.03833, 45.28857, -1731.34619140625], [-121.02986, 45.28721, -2599.702880859375]]], [[[-121.04978, 45.23594, -9300.943359375], [-121.0398, 45.23813, -9866.37109375], [-121.04173, 45.24236, -9010.6220703125], [-121.04978, 45.23594, -9300.943359375]]], [[[-121.03977, 45.28304, -2509.468017578125], [-121.02986, 45.28721, -2599.702880859375], [-121.03833, 45.28857, -1731.34619140625], [-121.03977, 45.28304, -2509.468017578125]]], [[[-120.99624, 45.26474, -9174.208984375], [-121.00445, 45.25845, -9474.2685546875], [-120.99433, 45.26051, -10030.720703125], [-120.99624, 45.26474, -9174.208984375]]], [[[-121.03977, 45.28304, -2509.468017578125], [-121.03833, 45.28857, -1731.34619140625], [-121.04768, 45.28366, -1741.2239990234375], [-121.03977, 45.28304, -2509.468017578125]]], [[[-121.0317, 45.26734, -5752.98828125], [-121.02036, 45.2691, -6351.779296875], [-121.02229, 45.27333, -5496.068359375], [-121.0317, 45.26734, -5752.98828125]]], [[[-121.04955, 45.27806, -2506.105224609375], [-121.03977, 45.28304, -2509.468017578125], [-121.04768, 45.28366, -1741.2239990234375], [-121.04955, 45.27806, -2506.105224609375]]], [[[-121.19716, 45.25665, -396.69940185546875], [-121.1909, 45.26026, 368.4662170410156], [-121.20336, 45.26072, 345.19049072265625], [-121.19716, 45.25665, -396.69940185546875]]], [[[-121.04955, 45.27806, -2506.105224609375], [-121.04768, 45.28366, -1741.2239990234375], [-121.05752, 45.27873, -1733.43310546875], [-121.04955, 45.27806, -2506.105224609375]]], [[[-121.06015, 45.27268, -2451.629150390625], [-121.04955, 45.27806, -2506.105224609375], [-121.05752, 45.27873, -1733.43310546875], [-121.06015, 45.27268, -2451.629150390625]]], [[[-120.97503, 45.26787, -10212.52734375], [-120.97694, 45.27209, -9356.0068359375], [-120.98578, 45.26646, -9704.9755859375], [-120.97503, 45.26787, -10212.52734375]]], [[[-121.06015, 45.27268, -2451.629150390625], [-121.05226, 45.27219, -3243.09423828125], [-121.04955, 45.27806, -2506.105224609375], [-121.06015, 45.27268, -2451.629150390625]]], [[[-121.06015, 45.27268, -2451.629150390625], [-121.06324, 45.2665, -3147.427978515625], [-121.05226, 45.27219, -3243.09423828125], [-121.06015, 45.27268, -2451.629150390625]]], [[[-120.99624, 45.26474, -9174.208984375], [-120.98578, 45.26646, -9704.9755859375], [-120.9877, 45.27069, -8848.41796875], [-120.99624, 45.26474, -9174.208984375]]], [[[-121.06324, 45.2665, -3147.427978515625], [-121.06015, 45.27268, -2451.629150390625], [-121.07157, 45.26694, -2381.9912109375], [-121.06324, 45.2665, -3147.427978515625]]], [[[-121.01161, 45.29853, -2322.11962890625], [-121.01942, 45.29756, -1801.2615966796875], [-121.01981, 45.29224, -2622.395263671875], [-121.01161, 45.29853, -2322.11962890625]]], [[[-121.07509, 45.26094, -3079.681640625], [-121.06324, 45.2665, -3147.427978515625], [-121.07157, 45.26694, -2381.9912109375], [-121.07509, 45.26094, -3079.681640625]]], [[[-121.00584, 45.28586, -4891.6533203125], [-120.99729, 45.2918, -4565.65478515625], [-121.00784, 45.29007, -4031.091796875], [-121.00584, 45.28586, -4891.6533203125]]], [[[-121.06679, 45.26045, -3847.467529296875], [-121.06324, 45.2665, -3147.427978515625], [-121.07509, 45.26094, -3079.681640625], [-121.06679, 45.26045, -3847.467529296875]]], [[[-121.02036, 45.2691, -6351.779296875], [-121.01213, 45.27534, -6048.33154296875], [-121.02229, 45.27333, -5496.068359375], [-121.02036, 45.2691, -6351.779296875]]], [[[-121.07905, 45.25582, -3845.791259765625], [-121.06679, 45.26045, -3847.467529296875], [-121.07509, 45.26094, -3079.681640625], [-121.07905, 45.25582, -3845.791259765625]]], [[[-121.03615, 45.2941, -974.1203002929688], [-121.02643, 45.29829, -1038.8489990234375], [-121.03374, 45.29966, -218.01629638671875], [-121.03615, 45.2941, -974.1203002929688]]], [[[-121.07905, 45.25582, -3845.791259765625], [-121.07509, 45.26094, -3079.681640625], [-121.08856, 45.25721, -3192.22900390625], [-121.07905, 45.25582, -3845.791259765625]]], [[[-121.01405, 45.27956, -5191.84765625], [-121.01213, 45.27534, -6048.33154296875], [-121.00392, 45.28163, -5748.16455078125], [-121.01405, 45.27956, -5191.84765625]]], [[[-121.09276, 45.25213, -3958.275390625], [-121.07905, 45.25582, -3845.791259765625], [-121.08856, 45.25721, -3192.22900390625], [-121.09276, 45.25213, -3958.275390625]]], [[[-121.01537, 45.30339, -1208.669677734375], [-121.02643, 45.29829, -1038.8489990234375], [-121.01942, 45.29756, -1801.2615966796875], [-121.01537, 45.30339, -1208.669677734375]]], [[[-120.95335, 45.24453, -15903.6083984375], [-120.96353, 45.24253, -15351.650390625], [-120.96161, 45.2383, -16208.1708984375], [-120.95335, 45.24453, -15903.6083984375]]], [[[-121.09276, 45.25213, -3958.275390625], [-121.08856, 45.25721, -3192.22900390625], [-121.1017, 45.2539, -3262.54931640625], [-121.09276, 45.25213, -3958.275390625]]], [[[-121.10651, 45.24868, -3990.68359375], [-121.09276, 45.25213, -3958.275390625], [-121.1017, 45.2539, -3262.54931640625], [-121.10651, 45.24868, -3990.68359375]]], [[[-121.10651, 45.24868, -3990.68359375], [-121.09766, 45.24703, -4691.845703125], [-121.09276, 45.25213, -3958.275390625], [-121.10651, 45.24868, -3990.68359375]]], [[[-121.00784, 45.29007, -4031.091796875], [-120.99921, 45.29603, -3709.10205078125], [-121.00968, 45.2943, -3178.630615234375], [-121.00784, 45.29007, -4031.091796875]]], [[[-121.09766, 45.24703, -4691.845703125], [-121.10651, 45.24868, -3990.68359375], [-121.11134, 45.24351, -4722.90625], [-121.09766, 45.24703, -4691.845703125]]], [[[-121.01405, 45.27956, -5191.84765625], [-121.00392, 45.28163, -5748.16455078125], [-121.00584, 45.28586, -4891.6533203125], [-121.01405, 45.27956, -5191.84765625]]], [[[-121.11946, 45.24572, -3985.365234375], [-121.11134, 45.24351, -4722.90625], [-121.10651, 45.24868, -3990.68359375], [-121.11946, 45.24572, -3985.365234375]]], [[[-120.99345, 45.28336, -6278.759765625], [-120.99153, 45.27913, -7135.3125], [-120.9827, 45.28477, -6786.44580078125], [-120.99345, 45.28336, -6278.759765625]]], [[[-121.12464, 45.24082, -4727.345703125], [-121.11134, 45.24351, -4722.90625], [-121.11946, 45.24572, -3985.365234375], [-121.12464, 45.24082, -4727.345703125]]], [[[-121.01213, 45.27534, -6048.33154296875], [-121.02036, 45.2691, -6351.779296875], [-121.01021, 45.27112, -6904.81591796875], [-121.01213, 45.27534, -6048.33154296875]]], [[[-121.1163, 45.2384, -5456.4794921875], [-121.11134, 45.24351, -4722.90625], [-121.12464, 45.24082, -4727.345703125], [-121.1163, 45.2384, -5456.4794921875]]], [[[-121.13403, 45.26274, -298.12744140625], [-121.12928, 45.26768, 444.4136047363281], [-121.14139, 45.26544, 455.8984069824219], [-121.13403, 45.26274, -298.12744140625]]], [[[-121.1163, 45.2384, -5456.4794921875], [-121.12464, 45.24082, -4727.345703125], [-121.12894, 45.23608, -5469.95849609375], [-121.1163, 45.2384, -5456.4794921875]]], [[[-121.1588, 45.25896, -312.8963317871094], [-121.15359, 45.2634, 448.6347961425781], [-121.166, 45.26223, 421.9754638671875], [-121.1588, 45.25896, -312.8963317871094]]], [[[-121.12464, 45.24082, -4727.345703125], [-121.11946, 45.24572, -3985.365234375], [-121.13279, 45.24322, -3998.180419921875], [-121.12464, 45.24082, -4727.345703125]]], [[[-120.99921, 45.29603, -3709.10205078125], [-120.98845, 45.29744, -4216.884765625], [-120.99038, 45.30167, -3360.652587890625], [-120.99921, 45.29603, -3709.10205078125]]], [[[-121.11946, 45.24572, -3985.365234375], [-121.1276, 45.24812, -3258.2080078125], [-121.13279, 45.24322, -3998.180419921875], [-121.11946, 45.24572, -3985.365234375]]], [[[-121.00584, 45.28586, -4891.6533203125], [-120.99537, 45.28758, -5422.20703125], [-120.99729, 45.2918, -4565.65478515625], [-121.00584, 45.28586, -4891.6533203125]]], [[[-121.11946, 45.24572, -3985.365234375], [-121.1146, 45.25082, -3249.058349609375], [-121.1276, 45.24812, -3258.2080078125], [-121.11946, 45.24572, -3985.365234375]]], [[[-120.99624, 45.26474, -9174.208984375], [-120.99433, 45.26051, -10030.720703125], [-120.98578, 45.26646, -9704.9755859375], [-120.99624, 45.26474, -9174.208984375]]], [[[-121.10651, 45.24868, -3990.68359375], [-121.1146, 45.25082, -3249.058349609375], [-121.11946, 45.24572, -3985.365234375], [-121.10651, 45.24868, -3990.68359375]]], [[[-121.14615, 45.26063, -296.9625244140625], [-121.14139, 45.26544, 455.8984069824219], [-121.15359, 45.2634, 448.6347961425781], [-121.14615, 45.26063, -296.9625244140625]]], [[[-121.10651, 45.24868, -3990.68359375], [-121.1017, 45.2539, -3262.54931640625], [-121.1146, 45.25082, -3249.058349609375], [-121.10651, 45.24868, -3990.68359375]]], [[[-121.1017, 45.2539, -3262.54931640625], [-121.10975, 45.25599, -2517.658935546875], [-121.1146, 45.25082, -3249.058349609375], [-121.1017, 45.2539, -3262.54931640625]]], [[[-121.10975, 45.25599, -2517.658935546875], [-121.1017, 45.2539, -3262.54931640625], [-121.09753, 45.25901, -2502.085693359375], [-121.10975, 45.25599, -2517.658935546875]]], [[[-121.00637, 45.26267, -8617.7841796875], [-120.99624, 45.26474, -9174.208984375], [-120.99816, 45.26896, -8317.6982421875], [-121.00637, 45.26267, -8617.7841796875]]], [[[-121.10975, 45.25599, -2517.658935546875], [-121.09753, 45.25901, -2502.085693359375], [-121.10543, 45.26122, -1765.598876953125], [-121.10975, 45.25599, -2517.658935546875]]], [[[-121.01021, 45.27112, -6904.81591796875], [-121.01842, 45.26486, -7207.490234375], [-121.00829, 45.26689, -7761.2998046875], [-121.01021, 45.27112, -6904.81591796875]]], [[[-121.10975, 45.25599, -2517.658935546875], [-121.10543, 45.26122, -1765.598876953125], [-121.11788, 45.25813, -1773.5396728515625], [-121.10975, 45.25599, -2517.658935546875]]], [[[-121.05655, 45.253, -5925.431640625], [-121.06237, 45.25397, -5283.2666015625], [-121.06598, 45.24741, -6070.4814453125], [-121.05655, 45.253, -5925.431640625]]], [[[-121.12269, 45.25304, -2510.443115234375], [-121.10975, 45.25599, -2517.658935546875], [-121.11788, 45.25813, -1773.5396728515625], [-121.12269, 45.25304, -2510.443115234375]]], [[[-121.00392, 45.28163, -5748.16455078125], [-120.99537, 45.28758, -5422.20703125], [-121.00584, 45.28586, -4891.6533203125], [-121.00392, 45.28163, -5748.16455078125]]], [[[-121.12269, 45.25304, -2510.443115234375], [-121.1146, 45.25082, -3249.058349609375], [-121.10975, 45.25599, -2517.658935546875], [-121.12269, 45.25304, -2510.443115234375]]], [[[-121.03787, 45.2339, -10722.1201171875], [-121.02951, 45.24005, -10411.05859375], [-121.0398, 45.23813, -9866.37109375], [-121.03787, 45.2339, -10722.1201171875]]], [[[-121.1276, 45.24812, -3258.2080078125], [-121.1146, 45.25082, -3249.058349609375], [-121.12269, 45.25304, -2510.443115234375], [-121.1276, 45.24812, -3258.2080078125]]], [[[-121.1276, 45.24812, -3258.2080078125], [-121.12269, 45.25304, -2510.443115234375], [-121.13556, 45.2506, -2523.585205078125], [-121.1276, 45.24812, -3258.2080078125]]], [[[-121.002, 45.27741, -6604.67578125], [-121.01213, 45.27534, -6048.33154296875], [-121.01021, 45.27112, -6904.81591796875], [-121.002, 45.27741, -6604.67578125]]], [[[-121.1408, 45.24572, -3265.267578125], [-121.1276, 45.24812, -3258.2080078125], [-121.13556, 45.2506, -2523.585205078125], [-121.1408, 45.24572, -3265.267578125]]], [[[-121.01981, 45.29224, -2622.395263671875], [-121.00968, 45.2943, -3178.630615234375], [-121.01161, 45.29853, -2322.11962890625], [-121.01981, 45.29224, -2622.395263671875]]], [[[-121.13279, 45.24322, -3998.180419921875], [-121.1276, 45.24812, -3258.2080078125], [-121.1408, 45.24572, -3265.267578125], [-121.13279, 45.24322, -3998.180419921875]]], [[[-121.13279, 45.24322, -3998.180419921875], [-121.1408, 45.24572, -3265.267578125], [-121.14633, 45.24092, -4011.178955078125], [-121.13279, 45.24322, -3998.180419921875]]], [[[-121.06367, 45.28476, -199.27467346191406], [-121.0623, 45.29035, 571.8713989257812], [-121.07191, 45.28466, 558.386962890625], [-121.06367, 45.28476, -199.27467346191406]]], [[[-121.1408, 45.24572, -3265.267578125], [-121.13556, 45.2506, -2523.585205078125], [-121.14905, 45.24823, -2546.42236328125], [-121.1408, 45.24572, -3265.267578125]]], [[[-121.02565, 45.23158, -12122.5166015625], [-121.01726, 45.2377, -11808.642578125], [-121.02758, 45.23582, -11266.787109375], [-121.02565, 45.23158, -12122.5166015625]]], [[[-121.13556, 45.2506, -2523.585205078125], [-121.14377, 45.25302, -1800.9371337890625], [-121.14905, 45.24823, -2546.42236328125], [-121.13556, 45.2506, -2523.585205078125]]], [[[-121.01021, 45.27112, -6904.81591796875], [-121.00008, 45.27319, -7461.18701171875], [-121.002, 45.27741, -6604.67578125], [-121.01021, 45.27112, -6904.81591796875]]], [[[-121.13556, 45.2506, -2523.585205078125], [-121.13062, 45.2555, -1773.119140625], [-121.14377, 45.25302, -1800.9371337890625], [-121.13556, 45.2506, -2523.585205078125]]], [[[-121.05655, 45.253, -5925.431640625], [-121.06598, 45.24741, -6070.4814453125], [-121.05555, 45.2486, -6731.28076171875], [-121.05655, 45.253, -5925.431640625]]], [[[-121.12269, 45.25304, -2510.443115234375], [-121.13062, 45.2555, -1773.119140625], [-121.13556, 45.2506, -2523.585205078125], [-121.12269, 45.25304, -2510.443115234375]]], [[[-121.01597, 45.28379, -4335.36328125], [-121.01405, 45.27956, -5191.84765625], [-121.00584, 45.28586, -4891.6533203125], [-121.01597, 45.28379, -4335.36328125]]], [[[-121.12269, 45.25304, -2510.443115234375], [-121.11788, 45.25813, -1773.5396728515625], [-121.13062, 45.2555, -1773.119140625], [-121.12269, 45.25304, -2510.443115234375]]], [[[-121.13062, 45.2555, -1773.119140625], [-121.11788, 45.25813, -1773.5396728515625], [-121.1258, 45.26045, -1023.614013671875], [-121.13062, 45.2555, -1773.119140625]]], [[[-121.02422, 45.27756, -4640.357421875], [-121.01405, 45.27956, -5191.84765625], [-121.01597, 45.28379, -4335.36328125], [-121.02422, 45.27756, -4640.357421875]]], [[[-121.13062, 45.2555, -1773.119140625], [-121.1258, 45.26045, -1023.614013671875], [-121.13878, 45.25789, -1047.0810546875], [-121.13062, 45.2555, -1773.119140625]]], [[[-121.16405, 45.25468, -1085.0987548828125], [-121.1588, 45.25896, -312.8963317871094], [-121.17126, 45.25797, -351.06488037109375], [-121.16405, 45.25468, -1085.0987548828125]]], [[[-121.14377, 45.25302, -1800.9371337890625], [-121.13062, 45.2555, -1773.119140625], [-121.13878, 45.25789, -1047.0810546875], [-121.14377, 45.25302, -1800.9371337890625]]], [[[-121.14377, 45.25302, -1800.9371337890625], [-121.13878, 45.25789, -1047.0810546875], [-121.15128, 45.25584, -1045.6832275390625], [-121.14377, 45.25302, -1800.9371337890625]]], [[[-121.13403, 45.26274, -298.12744140625], [-121.12112, 45.26555, -280.55377197265625], [-121.12928, 45.26768, 444.4136047363281], [-121.13403, 45.26274, -298.12744140625]]], [[[-121.15659, 45.25144, -1815.689208984375], [-121.14377, 45.25302, -1800.9371337890625], [-121.15128, 45.25584, -1045.6832275390625], [-121.15659, 45.25144, -1815.689208984375]]], [[[-121.14905, 45.24823, -2546.42236328125], [-121.14377, 45.25302, -1800.9371337890625], [-121.15659, 45.25144, -1815.689208984375], [-121.14905, 45.24823, -2546.42236328125]]], [[[-120.99624, 45.26474, -9174.208984375], [-120.9877, 45.27069, -8848.41796875], [-120.99816, 45.26896, -8317.6982421875], [-120.99624, 45.26474, -9174.208984375]]], [[[-121.14905, 45.24823, -2546.42236328125], [-121.15659, 45.25144, -1815.689208984375], [-121.16203, 45.24714, -2589.63134765625], [-121.14905, 45.24823, -2546.42236328125]]], [[[-121.15659, 45.25144, -1815.689208984375], [-121.15128, 45.25584, -1045.6832275390625], [-121.16405, 45.25468, -1085.0987548828125], [-121.15659, 45.25144, -1815.689208984375]]], [[[-121.15128, 45.25584, -1045.6832275390625], [-121.1588, 45.25896, -312.8963317871094], [-121.16405, 45.25468, -1085.0987548828125], [-121.15128, 45.25584, -1045.6832275390625]]], [[[-121.15128, 45.25584, -1045.6832275390625], [-121.14615, 45.26063, -296.9625244140625], [-121.1588, 45.25896, -312.8963317871094], [-121.15128, 45.25584, -1045.6832275390625]]], [[[-121.02229, 45.27333, -5496.068359375], [-121.01213, 45.27534, -6048.33154296875], [-121.01405, 45.27956, -5191.84765625], [-121.02229, 45.27333, -5496.068359375]]], [[[-121.13878, 45.25789, -1047.0810546875], [-121.13403, 45.26274, -298.12744140625], [-121.14615, 45.26063, -296.9625244140625], [-121.13878, 45.25789, -1047.0810546875]]], [[[-121.1258, 45.26045, -1023.614013671875], [-121.13403, 45.26274, -298.12744140625], [-121.13878, 45.25789, -1047.0810546875], [-121.1258, 45.26045, -1023.614013671875]]], [[[-121.1258, 45.26045, -1023.614013671875], [-121.11333, 45.26331, -1027.789794921875], [-121.12112, 45.26555, -280.55377197265625], [-121.1258, 45.26045, -1023.614013671875]]], [[[-121.1258, 45.26045, -1023.614013671875], [-121.11788, 45.25813, -1773.5396728515625], [-121.11333, 45.26331, -1027.789794921875], [-121.1258, 45.26045, -1023.614013671875]]], [[[-121.12112, 45.26555, -280.55377197265625], [-121.11748, 45.27063, 488.7304382324219], [-121.12928, 45.26768, 444.4136047363281], [-121.12112, 45.26555, -280.55377197265625]]], [[[-121.10543, 45.26122, -1765.598876953125], [-121.11333, 45.26331, -1027.789794921875], [-121.11788, 45.25813, -1773.5396728515625], [-121.10543, 45.26122, -1765.598876953125]]], [[[-121.11333, 45.26331, -1027.789794921875], [-121.10543, 45.26122, -1765.598876953125], [-121.10179, 45.26626, -999.8644409179688], [-121.11333, 45.26331, -1027.789794921875]]], [[[-121.01456, 45.25639, -8918.912109375], [-121.00637, 45.26267, -8617.7841796875], [-121.01649, 45.26063, -8063.201171875], [-121.01456, 45.25639, -8918.912109375]]], [[[-121.11333, 45.26331, -1027.789794921875], [-121.10179, 45.26626, -999.8644409179688], [-121.10971, 45.26844, -260.7814636230469], [-121.11333, 45.26331, -1027.789794921875]]], [[[-121.17126, 45.25797, -351.06488037109375], [-121.17673, 45.25373, -1121.5953369140625], [-121.16405, 45.25468, -1085.0987548828125], [-121.17126, 45.25797, -351.06488037109375]]], [[[-121.11333, 45.26331, -1027.789794921875], [-121.10971, 45.26844, -260.7814636230469], [-121.12112, 45.26555, -280.55377197265625], [-121.11333, 45.26331, -1027.789794921875]]], [[[-121.10971, 45.26844, -260.7814636230469], [-121.10564, 45.27355, 493.1424560546875], [-121.11748, 45.27063, 488.7304382324219], [-121.10971, 45.26844, -260.7814636230469]]], [[[-120.98386, 45.26224, -10561.5322265625], [-120.97503, 45.26787, -10212.52734375], [-120.98578, 45.26646, -9704.9755859375], [-120.98386, 45.26224, -10561.5322265625]]], [[[-121.09768, 45.27128, -241.03244018554688], [-121.09373, 45.27632, 522.6406860351562], [-121.10564, 45.27355, 493.1424560546875], [-121.09768, 45.27128, -241.03244018554688]]], [[[-121.08557, 45.27424, -204.3459930419922], [-121.09373, 45.27632, 522.6406860351562], [-121.09768, 45.27128, -241.03244018554688], [-121.08557, 45.27424, -204.3459930419922]]], [[[-121.08557, 45.27424, -204.3459930419922], [-121.08206, 45.27947, 555.0457153320312], [-121.09373, 45.27632, 522.6406860351562], [-121.08557, 45.27424, -204.3459930419922]]], [[[-121.08557, 45.27424, -204.3459930419922], [-121.07382, 45.27901, -200.47230529785156], [-121.08206, 45.27947, 555.0457153320312], [-121.08557, 45.27424, -204.3459930419922]]], [[[-121.06551, 45.27891, -957.7836303710938], [-121.07382, 45.27901, -200.47230529785156], [-121.07685, 45.27312, -924.8576049804688], [-121.06551, 45.27891, -957.7836303710938]]], [[[-120.97311, 45.26365, -11069.0478515625], [-120.96298, 45.26571, -11625.21484375], [-120.96491, 45.26994, -10769.5361328125], [-120.97311, 45.26365, -11069.0478515625]]], [[[-121.06551, 45.27891, -957.7836303710938], [-121.06367, 45.28476, -199.27467346191406], [-121.07382, 45.27901, -200.47230529785156], [-121.06551, 45.27891, -957.7836303710938]]], [[[-121.17673, 45.25373, -1121.5953369140625], [-121.17126, 45.25797, -351.06488037109375], [-121.18392, 45.25699, -379.6428527832031], [-121.17673, 45.25373, -1121.5953369140625]]], [[[-121.06551, 45.27891, -957.7836303710938], [-121.05568, 45.2843, -972.03369140625], [-121.06367, 45.28476, -199.27467346191406], [-121.06551, 45.27891, -957.7836303710938]]], [[[-121.07157, 45.26694, -2381.9912109375], [-121.06824, 45.27288, -1673.3900146484375], [-121.08036, 45.26748, -1661.0364990234375], [-121.07157, 45.26694, -2381.9912109375]]], [[[-121.08457, 45.26233, -2422.930908203125], [-121.07157, 45.26694, -2381.9912109375], [-121.08036, 45.26748, -1661.0364990234375], [-121.08457, 45.26233, -2422.930908203125]]], [[[-121.07509, 45.26094, -3079.681640625], [-121.07157, 45.26694, -2381.9912109375], [-121.08457, 45.26233, -2422.930908203125], [-121.07509, 45.26094, -3079.681640625]]], [[[-121.19716, 45.25665, -396.69940185546875], [-121.18392, 45.25699, -379.6428527832031], [-121.1909, 45.26026, 368.4662170410156], [-121.19716, 45.25665, -396.69940185546875]]], [[[-121.07509, 45.26094, -3079.681640625], [-121.08457, 45.26233, -2422.930908203125], [-121.08856, 45.25721, -3192.22900390625], [-121.07509, 45.26094, -3079.681640625]]], [[[-120.99345, 45.28336, -6278.759765625], [-120.9827, 45.28477, -6786.44580078125], [-120.98462, 45.28899, -5929.92529296875], [-120.99345, 45.28336, -6278.759765625]]], [[[-121.09753, 45.25901, -2502.085693359375], [-121.08856, 45.25721, -3192.22900390625], [-121.08457, 45.26233, -2422.930908203125], [-121.09753, 45.25901, -2502.085693359375]]], [[[-121.13403, 45.26274, -298.12744140625], [-121.14139, 45.26544, 455.8984069824219], [-121.14615, 45.26063, -296.9625244140625], [-121.13403, 45.26274, -298.12744140625]]], [[[-121.08856, 45.25721, -3192.22900390625], [-121.09753, 45.25901, -2502.085693359375], [-121.1017, 45.2539, -3262.54931640625], [-121.08856, 45.25721, -3192.22900390625]]], [[[-120.99433, 45.26051, -10030.720703125], [-120.99241, 45.25629, -10887.2314453125], [-120.98386, 45.26224, -10561.5322265625], [-120.99433, 45.26051, -10030.720703125]]], [[[-121.09753, 45.25901, -2502.085693359375], [-121.08457, 45.26233, -2422.930908203125], [-121.09347, 45.26408, -1734.3497314453125], [-121.09753, 45.25901, -2502.085693359375]]], [[[-121.07382, 45.27901, -200.47230529785156], [-121.06367, 45.28476, -199.27467346191406], [-121.07191, 45.28466, 558.386962890625], [-121.07382, 45.27901, -200.47230529785156]]], [[[-121.09753, 45.25901, -2502.085693359375], [-121.09347, 45.26408, -1734.3497314453125], [-121.10543, 45.26122, -1765.598876953125], [-121.09753, 45.25901, -2502.085693359375]]], [[[-121.04615, 45.21246, -13483.302734375], [-121.04899, 45.20649, -14187.3759765625], [-121.03998, 45.21043, -14328.8515625], [-121.04615, 45.21246, -13483.302734375]]], [[[-121.09347, 45.26408, -1734.3497314453125], [-121.10179, 45.26626, -999.8644409179688], [-121.10543, 45.26122, -1765.598876953125], [-121.09347, 45.26408, -1734.3497314453125]]], [[[-121.10179, 45.26626, -999.8644409179688], [-121.09768, 45.27128, -241.03244018554688], [-121.10971, 45.26844, -260.7814636230469], [-121.10179, 45.26626, -999.8644409179688]]], [[[-121.08947, 45.26911, -974.9930419921875], [-121.08557, 45.27424, -204.3459930419922], [-121.09768, 45.27128, -241.03244018554688], [-121.08947, 45.26911, -974.9930419921875]]], [[[-121.08036, 45.26748, -1661.0364990234375], [-121.08947, 45.26911, -974.9930419921875], [-121.09347, 45.26408, -1734.3497314453125], [-121.08036, 45.26748, -1661.0364990234375]]], [[[-121.01649, 45.26063, -8063.201171875], [-121.00637, 45.26267, -8617.7841796875], [-121.00829, 45.26689, -7761.2998046875], [-121.01649, 45.26063, -8063.201171875]]], [[[-121.05568, 45.2843, -972.03369140625], [-121.04627, 45.28915, -962.461669921875], [-121.05421, 45.28979, -193.1407470703125], [-121.05568, 45.2843, -972.03369140625]]], [[[-121.05568, 45.2843, -972.03369140625], [-121.05421, 45.28979, -193.1407470703125], [-121.06367, 45.28476, -199.27467346191406], [-121.05568, 45.2843, -972.03369140625]]], [[[-121.05421, 45.28979, -193.1407470703125], [-121.0623, 45.29035, 571.8713989257812], [-121.06367, 45.28476, -199.27467346191406], [-121.05421, 45.28979, -193.1407470703125]]], [[[-121.04414, 45.29484, -216.017333984375], [-121.05207, 45.29547, 558.7621459960938], [-121.05421, 45.28979, -193.1407470703125], [-121.04414, 45.29484, -216.017333984375]]], [[[-121.04414, 45.29484, -216.017333984375], [-121.0418, 45.30054, 530.232421875], [-121.05207, 45.29547, 558.7621459960938], [-121.04414, 45.29484, -216.017333984375]]], [[[-121.03374, 45.29966, -218.01629638671875], [-121.0418, 45.30054, 530.232421875], [-121.04414, 45.29484, -216.017333984375], [-121.03374, 45.29966, -218.01629638671875]]], [[[-120.99624, 45.26474, -9174.208984375], [-121.00637, 45.26267, -8617.7841796875], [-121.00445, 45.25845, -9474.2685546875], [-120.99624, 45.26474, -9174.208984375]]], [[[-121.03374, 45.29966, -218.01629638671875], [-121.03127, 45.30533, 538.5022583007812], [-121.0418, 45.30054, 530.232421875], [-121.03374, 45.29966, -218.01629638671875]]], [[[-121.02386, 45.30418, -328.4010925292969], [-121.03127, 45.30533, 538.5022583007812], [-121.03374, 45.29966, -218.01629638671875], [-121.02386, 45.30418, -328.4010925292969]]], [[[-121.01537, 45.30339, -1208.669677734375], [-121.01301, 45.3095, -390.35089111328125], [-121.02386, 45.30418, -328.4010925292969], [-121.01537, 45.30339, -1208.669677734375]]], [[[-121.00372, 45.3045, -1945.2801513671875], [-120.99424, 45.31013, -1649.295166015625], [-121.0053, 45.30893, -1077.2391357421875], [-121.00372, 45.3045, -1945.2801513671875]]], [[[-120.99535, 45.31436, -870.073974609375], [-121.0053, 45.30893, -1077.2391357421875], [-120.99424, 45.31013, -1649.295166015625], [-120.99535, 45.31436, -870.073974609375]]], [[[-121.0053, 45.30893, -1077.2391357421875], [-120.99535, 45.31436, -870.073974609375], [-121.00174, 45.31484, -306.526123046875], [-121.0053, 45.30893, -1077.2391357421875]]], [[[-121.0053, 45.30893, -1077.2391357421875], [-121.00174, 45.31484, -306.526123046875], [-121.01301, 45.3095, -390.35089111328125], [-121.0053, 45.30893, -1077.2391357421875]]], [[[-121.01301, 45.3095, -390.35089111328125], [-121.00174, 45.31484, -306.526123046875], [-121.01068, 45.31514, 359.812744140625], [-121.01301, 45.3095, -390.35089111328125]]], [[[-121.01301, 45.3095, -390.35089111328125], [-121.01068, 45.31514, 359.812744140625], [-121.02093, 45.31003, 345.614013671875], [-121.01301, 45.3095, -390.35089111328125]]], [[[-121.00174, 45.31484, -306.526123046875], [-121.00019, 45.31992, 456.6218566894531], [-121.01068, 45.31514, 359.812744140625], [-121.00174, 45.31484, -306.526123046875]]], [[[-121.00174, 45.31484, -306.526123046875], [-120.99412, 45.32033, -21.80729103088379], [-121.00019, 45.31992, 456.6218566894531], [-121.00174, 45.31484, -306.526123046875]]], [[[-121.00174, 45.31484, -306.526123046875], [-120.99535, 45.31436, -870.073974609375], [-120.99412, 45.32033, -21.80729103088379], [-121.00174, 45.31484, -306.526123046875]]], [[[-120.98807, 45.32077, -501.3926086425781], [-120.99412, 45.32033, -21.80729103088379], [-120.99535, 45.31436, -870.073974609375], [-120.98807, 45.32077, -501.3926086425781]]], [[[-120.98807, 45.32077, -501.3926086425781], [-120.99, 45.325, 354.2860107421875], [-120.99412, 45.32033, -21.80729103088379], [-120.98807, 45.32077, -501.3926086425781]]], [[[-120.99412, 45.32033, -21.80729103088379], [-120.99, 45.325, 354.2860107421875], [-121.00019, 45.31992, 456.6218566894531], [-120.99412, 45.32033, -21.80729103088379]]], [[[-120.99535, 45.31436, -870.073974609375], [-120.98614, 45.31653, -1357.0712890625], [-120.98807, 45.32077, -501.3926086425781], [-120.99535, 45.31436, -870.073974609375]]], [[[-120.98614, 45.31653, -1357.0712890625], [-120.99535, 45.31436, -870.073974609375], [-120.99424, 45.31013, -1649.295166015625], [-120.98614, 45.31653, -1357.0712890625]]], [[[-120.98421, 45.3123, -2212.749755859375], [-120.98614, 45.31653, -1357.0712890625], [-120.99424, 45.31013, -1649.295166015625], [-120.98421, 45.3123, -2212.749755859375]]], [[[-120.99231, 45.3059, -2504.973876953125], [-120.98421, 45.3123, -2212.749755859375], [-120.99424, 45.31013, -1649.295166015625], [-120.99231, 45.3059, -2504.973876953125]]], [[[-120.99231, 45.3059, -2504.973876953125], [-120.98228, 45.30806, -3068.428466796875], [-120.98421, 45.3123, -2212.749755859375], [-120.99231, 45.3059, -2504.973876953125]]], [[[-120.99038, 45.30167, -3360.652587890625], [-120.98228, 45.30806, -3068.428466796875], [-120.99231, 45.3059, -2504.973876953125], [-120.99038, 45.30167, -3360.652587890625]]], [[[-120.99038, 45.30167, -3360.652587890625], [-120.98034, 45.30383, -3924.107177734375], [-120.98228, 45.30806, -3068.428466796875], [-120.99038, 45.30167, -3360.652587890625]]], [[[-120.98845, 45.29744, -4216.884765625], [-120.98034, 45.30383, -3924.107177734375], [-120.99038, 45.30167, -3360.652587890625], [-120.98845, 45.29744, -4216.884765625]]], [[[-120.98845, 45.29744, -4216.884765625], [-120.97841, 45.29959, -4779.78564453125], [-120.98034, 45.30383, -3924.107177734375], [-120.98845, 45.29744, -4216.884765625]]], [[[-120.98653, 45.29321, -5073.40478515625], [-120.97841, 45.29959, -4779.78564453125], [-120.98845, 45.29744, -4216.884765625], [-120.98653, 45.29321, -5073.40478515625]]], [[[-120.98653, 45.29321, -5073.40478515625], [-120.97648, 45.29535, -5635.46435546875], [-120.97841, 45.29959, -4779.78564453125], [-120.98653, 45.29321, -5073.40478515625]]], [[[-120.98462, 45.28899, -5929.92529296875], [-120.97648, 45.29535, -5635.46435546875], [-120.98653, 45.29321, -5073.40478515625], [-120.98462, 45.28899, -5929.92529296875]]], [[[-120.98462, 45.28899, -5929.92529296875], [-120.97455, 45.29112, -6491.14306640625], [-120.97648, 45.29535, -5635.46435546875], [-120.98462, 45.28899, -5929.92529296875]]], [[[-120.9827, 45.28477, -6786.44580078125], [-120.97455, 45.29112, -6491.14306640625], [-120.98462, 45.28899, -5929.92529296875], [-120.9827, 45.28477, -6786.44580078125]]], [[[-120.9827, 45.28477, -6786.44580078125], [-120.97263, 45.28688, -7346.82177734375], [-120.97455, 45.29112, -6491.14306640625], [-120.9827, 45.28477, -6786.44580078125]]], [[[-120.98078, 45.28054, -7642.96630859375], [-120.97263, 45.28688, -7346.82177734375], [-120.9827, 45.28477, -6786.44580078125], [-120.98078, 45.28054, -7642.96630859375]]], [[[-120.98078, 45.28054, -7642.96630859375], [-120.9707, 45.28265, -8202.5], [-120.97263, 45.28688, -7346.82177734375], [-120.98078, 45.28054, -7642.96630859375]]], [[[-120.97886, 45.27632, -8499.4873046875], [-120.9707, 45.28265, -8202.5], [-120.98078, 45.28054, -7642.96630859375], [-120.97886, 45.27632, -8499.4873046875]]], [[[-120.97886, 45.27632, -8499.4873046875], [-120.96877, 45.27841, -9058.1787109375], [-120.9707, 45.28265, -8202.5], [-120.97886, 45.27632, -8499.4873046875]]], [[[-120.97694, 45.27209, -9356.0068359375], [-120.96877, 45.27841, -9058.1787109375], [-120.97886, 45.27632, -8499.4873046875], [-120.97694, 45.27209, -9356.0068359375]]], [[[-120.97694, 45.27209, -9356.0068359375], [-120.96684, 45.27418, -9913.857421875], [-120.96877, 45.27841, -9058.1787109375], [-120.97694, 45.27209, -9356.0068359375]]], [[[-120.96684, 45.27418, -9913.857421875], [-120.97694, 45.27209, -9356.0068359375], [-120.97503, 45.26787, -10212.52734375], [-120.96684, 45.27418, -9913.857421875]]], [[[-120.97503, 45.26787, -10212.52734375], [-120.96491, 45.26994, -10769.5361328125], [-120.96684, 45.27418, -9913.857421875], [-120.97503, 45.26787, -10212.52734375]]], [[[-120.97503, 45.26787, -10212.52734375], [-120.97311, 45.26365, -11069.0478515625], [-120.96491, 45.26994, -10769.5361328125], [-120.97503, 45.26787, -10212.52734375]]], [[[-120.98386, 45.26224, -10561.5322265625], [-120.97311, 45.26365, -11069.0478515625], [-120.97503, 45.26787, -10212.52734375], [-120.98386, 45.26224, -10561.5322265625]]], [[[-120.98386, 45.26224, -10561.5322265625], [-120.98194, 45.25802, -11418.0888671875], [-120.97311, 45.26365, -11069.0478515625], [-120.98386, 45.26224, -10561.5322265625]]], [[[-120.99241, 45.25629, -10887.2314453125], [-120.98194, 45.25802, -11418.0888671875], [-120.98386, 45.26224, -10561.5322265625], [-120.99241, 45.25629, -10887.2314453125]]], [[[-120.99049, 45.25207, -11743.7431640625], [-120.98194, 45.25802, -11418.0888671875], [-120.99241, 45.25629, -10887.2314453125], [-120.99049, 45.25207, -11743.7431640625]]], [[[-120.98194, 45.25802, -11418.0888671875], [-120.99049, 45.25207, -11743.7431640625], [-120.98003, 45.25379, -12274.646484375], [-120.98194, 45.25802, -11418.0888671875]]], [[[-120.98194, 45.25802, -11418.0888671875], [-120.98003, 45.25379, -12274.646484375], [-120.97119, 45.25942, -11925.568359375], [-120.98194, 45.25802, -11418.0888671875]]], [[[-120.98194, 45.25802, -11418.0888671875], [-120.97119, 45.25942, -11925.568359375], [-120.97311, 45.26365, -11069.0478515625], [-120.98194, 45.25802, -11418.0888671875]]], [[[-120.97119, 45.25942, -11925.568359375], [-120.96298, 45.26571, -11625.21484375], [-120.97311, 45.26365, -11069.0478515625], [-120.97119, 45.25942, -11925.568359375]]], [[[-120.97119, 45.25942, -11925.568359375], [-120.96105, 45.26147, -12480.8935546875], [-120.96298, 45.26571, -11625.21484375], [-120.97119, 45.25942, -11925.568359375]]], [[[-120.97119, 45.25942, -11925.568359375], [-120.96928, 45.2552, -12782.0888671875], [-120.96105, 45.26147, -12480.8935546875], [-120.97119, 45.25942, -11925.568359375]]], [[[-120.98003, 45.25379, -12274.646484375], [-120.96928, 45.2552, -12782.0888671875], [-120.97119, 45.25942, -11925.568359375], [-120.98003, 45.25379, -12274.646484375]]], [[[-120.98003, 45.25379, -12274.646484375], [-120.97811, 45.24957, -13131.203125], [-120.96928, 45.2552, -12782.0888671875], [-120.98003, 45.25379, -12274.646484375]]], [[[-120.98003, 45.25379, -12274.646484375], [-120.98857, 45.24784, -12600.2548828125], [-120.97811, 45.24957, -13131.203125], [-120.98003, 45.25379, -12274.646484375]]], [[[-120.98857, 45.24784, -12600.2548828125], [-120.98003, 45.25379, -12274.646484375], [-120.99049, 45.25207, -11743.7431640625], [-120.98857, 45.24784, -12600.2548828125]]], [[[-120.99869, 45.24577, -12043.720703125], [-120.98857, 45.24784, -12600.2548828125], [-120.99049, 45.25207, -11743.7431640625], [-120.99869, 45.24577, -12043.720703125]]], [[[-120.99869, 45.24577, -12043.720703125], [-120.99677, 45.24155, -12900.205078125], [-120.98857, 45.24784, -12600.2548828125], [-120.99869, 45.24577, -12043.720703125]]], [[[-120.99869, 45.24577, -12043.720703125], [-121.00683, 45.23946, -12341.755859375], [-120.99677, 45.24155, -12900.205078125], [-120.99869, 45.24577, -12043.720703125]]], [[[-121.00683, 45.23946, -12341.755859375], [-120.99869, 45.24577, -12043.720703125], [-121.00876, 45.24369, -11486.044921875], [-121.00683, 45.23946, -12341.755859375]]], [[[-121.01726, 45.2377, -11808.642578125], [-121.00683, 45.23946, -12341.755859375], [-121.00876, 45.24369, -11486.044921875], [-121.01726, 45.2377, -11808.642578125]]], [[[-121.01726, 45.2377, -11808.642578125], [-121.01532, 45.23346, -12663.9443359375], [-121.00683, 45.23946, -12341.755859375], [-121.01726, 45.2377, -11808.642578125]]], [[[-121.02565, 45.23158, -12122.5166015625], [-121.01532, 45.23346, -12663.9443359375], [-121.01726, 45.2377, -11808.642578125], [-121.02565, 45.23158, -12122.5166015625]]], [[[-121.02372, 45.22735, -12978.24609375], [-121.01532, 45.23346, -12663.9443359375], [-121.02565, 45.23158, -12122.5166015625], [-121.02372, 45.22735, -12978.24609375]]], [[[-121.02372, 45.22735, -12978.24609375], [-121.01339, 45.22922, -13519.2470703125], [-121.01532, 45.23346, -12663.9443359375], [-121.02372, 45.22735, -12978.24609375]]], [[[-121.02206, 45.22286, -13853.4169921875], [-121.01339, 45.22922, -13519.2470703125], [-121.02372, 45.22735, -12978.24609375], [-121.02206, 45.22286, -13853.4169921875]]], [[[-121.02206, 45.22286, -13853.4169921875], [-121.01145, 45.22498, -14374.5498046875], [-121.01339, 45.22922, -13519.2470703125], [-121.02206, 45.22286, -13853.4169921875]]], [[[-121.02206, 45.22286, -13853.4169921875], [-121.01985, 45.21888, -14689.7041015625], [-121.01145, 45.22498, -14374.5498046875], [-121.02206, 45.22286, -13853.4169921875]]], [[[-121.01985, 45.21888, -14689.7041015625], [-121.02206, 45.22286, -13853.4169921875], [-121.03027, 45.21559, -14351.4541015625], [-121.01985, 45.21888, -14689.7041015625]]], [[[-121.03027, 45.21559, -14351.4541015625], [-121.02579, 45.21234, -15269.7421875], [-121.01985, 45.21888, -14689.7041015625], [-121.03027, 45.21559, -14351.4541015625]]], [[[-121.03027, 45.21559, -14351.4541015625], [-121.03406, 45.2083, -15164.384765625], [-121.02579, 45.21234, -15269.7421875], [-121.03027, 45.21559, -14351.4541015625]]], [[[-121.03998, 45.21043, -14328.8515625], [-121.03406, 45.2083, -15164.384765625], [-121.03027, 45.21559, -14351.4541015625], [-121.03998, 45.21043, -14328.8515625]]], [[[-121.03998, 45.21043, -14328.8515625], [-121.04314, 45.20455, -15040.037109375], [-121.03406, 45.2083, -15164.384765625], [-121.03998, 45.21043, -14328.8515625]]], [[[-121.04899, 45.20649, -14187.3759765625], [-121.04314, 45.20455, -15040.037109375], [-121.03998, 45.21043, -14328.8515625], [-121.04899, 45.20649, -14187.3759765625]]], [[[-121.04899, 45.20649, -14187.3759765625], [-121.05236, 45.20127, -14945.9814453125], [-121.04314, 45.20455, -15040.037109375], [-121.04899, 45.20649, -14187.3759765625]]], [[[-121.04899, 45.20649, -14187.3759765625], [-121.05882, 45.2041, -14153.541015625], [-121.05236, 45.20127, -14945.9814453125], [-121.04899, 45.20649, -14187.3759765625]]], [[[-121.04899, 45.20649, -14187.3759765625], [-121.05532, 45.20915, -13382.033203125], [-121.05882, 45.2041, -14153.541015625], [-121.04899, 45.20649, -14187.3759765625]]], [[[-121.04615, 45.21246, -13483.302734375], [-121.05532, 45.20915, -13382.033203125], [-121.04899, 45.20649, -14187.3759765625], [-121.04615, 45.21246, -13483.302734375]]], [[[-121.0514, 45.21502, -12604.1953125], [-121.05532, 45.20915, -13382.033203125], [-121.04615, 45.21246, -13483.302734375], [-121.0514, 45.21502, -12604.1953125]]], [[[-121.06134, 45.21212, -12582.67578125], [-121.05532, 45.20915, -13382.033203125], [-121.0514, 45.21502, -12604.1953125], [-121.06134, 45.21212, -12582.67578125]]], [[[-121.06134, 45.21212, -12582.67578125], [-121.06503, 45.20705, -13354.3818359375], [-121.05532, 45.20915, -13382.033203125], [-121.06134, 45.21212, -12582.67578125]]], [[[-121.07046, 45.21031, -12536.8271484375], [-121.06503, 45.20705, -13354.3818359375], [-121.06134, 45.21212, -12582.67578125], [-121.07046, 45.21031, -12536.8271484375]]], [[[-121.06503, 45.20705, -13354.3818359375], [-121.07046, 45.21031, -12536.8271484375], [-121.07381, 45.20534, -13316.708984375], [-121.06503, 45.20705, -13354.3818359375]]], [[[-121.07381, 45.20534, -13316.708984375], [-121.06838, 45.20208, -14134.5849609375], [-121.06503, 45.20705, -13354.3818359375], [-121.07381, 45.20534, -13316.708984375]]], [[[-121.07381, 45.20534, -13316.708984375], [-121.07729, 45.20032, -14088.2958984375], [-121.06838, 45.20208, -14134.5849609375], [-121.07381, 45.20534, -13316.708984375]]], [[[-121.07381, 45.20534, -13316.708984375], [-121.08308, 45.20344, -13258.6298828125], [-121.07729, 45.20032, -14088.2958984375], [-121.07381, 45.20534, -13316.708984375]]], [[[-121.07381, 45.20534, -13316.708984375], [-121.07919, 45.20864, -12492.5576171875], [-121.08308, 45.20344, -13258.6298828125], [-121.07381, 45.20534, -13316.708984375]]], [[[-121.07919, 45.20864, -12492.5576171875], [-121.07381, 45.20534, -13316.708984375], [-121.07046, 45.21031, -12536.8271484375], [-121.07919, 45.20864, -12492.5576171875]]], [[[-121.07581, 45.21351, -11736.13671875], [-121.07919, 45.20864, -12492.5576171875], [-121.07046, 45.21031, -12536.8271484375], [-121.07581, 45.21351, -11736.13671875]]], [[[-121.07581, 45.21351, -11736.13671875], [-121.08508, 45.21201, -11614.150390625], [-121.07919, 45.20864, -12492.5576171875], [-121.07581, 45.21351, -11736.13671875]]], [[[-121.07803, 45.21716, -10976.798828125], [-121.08508, 45.21201, -11614.150390625], [-121.07581, 45.21351, -11736.13671875], [-121.07803, 45.21716, -10976.798828125]]], [[[-121.07803, 45.21716, -10976.798828125], [-121.09299, 45.21449, -10803.60546875], [-121.08508, 45.21201, -11614.150390625], [-121.07803, 45.21716, -10976.798828125]]], [[[-121.08487, 45.21942, -10279.890625], [-121.09299, 45.21449, -10803.60546875], [-121.07803, 45.21716, -10976.798828125], [-121.08487, 45.21942, -10279.890625]]], [[[-121.08487, 45.21942, -10279.890625], [-121.09596, 45.21875, -9897.3984375], [-121.09299, 45.21449, -10803.60546875], [-121.08487, 45.21942, -10279.890625]]], [[[-121.0192, 45.24194, -10953.33984375], [-121.00876, 45.24369, -11486.044921875], [-121.01069, 45.24793, -10630.333984375], [-121.0192, 45.24194, -10953.33984375]]], [[[-121.09596, 45.21875, -9897.3984375], [-121.10553, 45.21433, -10327.203125], [-121.09299, 45.21449, -10803.60546875], [-121.09596, 45.21875, -9897.3984375]]], [[[-121.09596, 45.21875, -9897.3984375], [-121.10743, 45.21853, -9475.537109375], [-121.10553, 45.21433, -10327.203125], [-121.09596, 45.21875, -9897.3984375]]], [[[-121.10553, 45.21433, -10327.203125], [-121.10743, 45.21853, -9475.537109375], [-121.11714, 45.21445, -9927.8271484375], [-121.10553, 45.21433, -10327.203125]]], [[[-121.10553, 45.21433, -10327.203125], [-121.11714, 45.21445, -9927.8271484375], [-121.11518, 45.21019, -10794.18359375], [-121.10553, 45.21433, -10327.203125]]], [[[-121.11518, 45.21019, -10794.18359375], [-121.10374, 45.20992, -11217.6376953125], [-121.10553, 45.21433, -10327.203125], [-121.11518, 45.21019, -10794.18359375]]], [[[-121.10374, 45.20992, -11217.6376953125], [-121.11518, 45.21019, -10794.18359375], [-121.11229, 45.20554, -11763.095703125], [-121.10374, 45.20992, -11217.6376953125]]], [[[-121.10059, 45.20476, -12286.5849609375], [-121.10374, 45.20992, -11217.6376953125], [-121.11229, 45.20554, -11763.095703125], [-121.10059, 45.20476, -12286.5849609375]]], [[[-121.10059, 45.20476, -12286.5849609375], [-121.09504, 45.2093, -11664.83203125], [-121.10374, 45.20992, -11217.6376953125], [-121.10059, 45.20476, -12286.5849609375]]], [[[-121.09504, 45.2093, -11664.83203125], [-121.10059, 45.20476, -12286.5849609375], [-121.08875, 45.2066, -12428.2265625], [-121.09504, 45.2093, -11664.83203125]]], [[[-121.08508, 45.21201, -11614.150390625], [-121.09504, 45.2093, -11664.83203125], [-121.08875, 45.2066, -12428.2265625], [-121.08508, 45.21201, -11614.150390625]]], [[[-121.08508, 45.21201, -11614.150390625], [-121.09299, 45.21449, -10803.60546875], [-121.09504, 45.2093, -11664.83203125], [-121.08508, 45.21201, -11614.150390625]]], [[[-121.09299, 45.21449, -10803.60546875], [-121.10374, 45.20992, -11217.6376953125], [-121.09504, 45.2093, -11664.83203125], [-121.09299, 45.21449, -10803.60546875]]], [[[-121.09299, 45.21449, -10803.60546875], [-121.10553, 45.21433, -10327.203125], [-121.10374, 45.20992, -11217.6376953125], [-121.09299, 45.21449, -10803.60546875]]], [[[-121.1679, 45.2255, -6768.61962890625], [-121.1797, 45.22647, -6424.53271484375], [-121.17778, 45.22226, -7275.20947265625], [-121.1679, 45.2255, -6768.61962890625]]], [[[-121.08508, 45.21201, -11614.150390625], [-121.08875, 45.2066, -12428.2265625], [-121.07919, 45.20864, -12492.5576171875], [-121.08508, 45.21201, -11614.150390625]]], [[[-121.08875, 45.2066, -12428.2265625], [-121.08308, 45.20344, -13258.6298828125], [-121.07919, 45.20864, -12492.5576171875], [-121.08875, 45.2066, -12428.2265625]]], [[[-121.08875, 45.2066, -12428.2265625], [-121.09388, 45.20151, -13139.7451171875], [-121.08308, 45.20344, -13258.6298828125], [-121.08875, 45.2066, -12428.2265625]]], [[[-121.10059, 45.20476, -12286.5849609375], [-121.09388, 45.20151, -13139.7451171875], [-121.08875, 45.2066, -12428.2265625], [-121.10059, 45.20476, -12286.5849609375]]], [[[-121.10059, 45.20476, -12286.5849609375], [-121.10838, 45.20035, -12869.73046875], [-121.09388, 45.20151, -13139.7451171875], [-121.10059, 45.20476, -12286.5849609375]]], [[[-121.10059, 45.20476, -12286.5849609375], [-121.11229, 45.20554, -11763.095703125], [-121.10838, 45.20035, -12869.73046875], [-121.10059, 45.20476, -12286.5849609375]]], [[[-121.11229, 45.20554, -11763.095703125], [-121.12191, 45.20165, -12134.619140625], [-121.10838, 45.20035, -12869.73046875], [-121.11229, 45.20554, -11763.095703125]]], [[[-121.12191, 45.20165, -12134.619140625], [-121.11229, 45.20554, -11763.095703125], [-121.12469, 45.20598, -11235.0166015625], [-121.12191, 45.20165, -12134.619140625]]], [[[-121.12191, 45.20165, -12134.619140625], [-121.12469, 45.20598, -11235.0166015625], [-121.1347, 45.20246, -11707.048828125], [-121.12191, 45.20165, -12134.619140625]]], [[[-121.12191, 45.20165, -12134.619140625], [-121.1347, 45.20246, -11707.048828125], [-121.13279, 45.19825, -12557.7216796875], [-121.12191, 45.20165, -12134.619140625]]], [[[-121.12039, 45.19752, -12957.6494140625], [-121.12191, 45.20165, -12134.619140625], [-121.13279, 45.19825, -12557.7216796875], [-121.12039, 45.19752, -12957.6494140625]]], [[[-121.12039, 45.19752, -12957.6494140625], [-121.10838, 45.20035, -12869.73046875], [-121.12191, 45.20165, -12134.619140625], [-121.12039, 45.19752, -12957.6494140625]]], [[[-121.10838, 45.20035, -12869.73046875], [-121.12039, 45.19752, -12957.6494140625], [-121.10906, 45.19558, -13720.541015625], [-121.10838, 45.20035, -12869.73046875]]], [[[-121.10906, 45.19558, -13720.541015625], [-121.09822, 45.19697, -13835.1240234375], [-121.10838, 45.20035, -12869.73046875], [-121.10906, 45.19558, -13720.541015625]]], [[[-121.10906, 45.19558, -13720.541015625], [-121.10292, 45.19205, -14611.9873046875], [-121.09822, 45.19697, -13835.1240234375], [-121.10906, 45.19558, -13720.541015625]]], [[[-121.10906, 45.19558, -13720.541015625], [-121.11421, 45.19045, -14473.97265625], [-121.10292, 45.19205, -14611.9873046875], [-121.10906, 45.19558, -13720.541015625]]], [[[-121.10906, 45.19558, -13720.541015625], [-121.12013, 45.19345, -13732.5576171875], [-121.11421, 45.19045, -14473.97265625], [-121.10906, 45.19558, -13720.541015625]]], [[[-121.12039, 45.19752, -12957.6494140625], [-121.12013, 45.19345, -13732.5576171875], [-121.10906, 45.19558, -13720.541015625], [-121.12039, 45.19752, -12957.6494140625]]], [[[-121.12039, 45.19752, -12957.6494140625], [-121.13095, 45.19403, -13409.462890625], [-121.12013, 45.19345, -13732.5576171875], [-121.12039, 45.19752, -12957.6494140625]]], [[[-121.12039, 45.19752, -12957.6494140625], [-121.13279, 45.19825, -12557.7216796875], [-121.13095, 45.19403, -13409.462890625], [-121.12039, 45.19752, -12957.6494140625]]], [[[-121.13279, 45.19825, -12557.7216796875], [-121.14269, 45.19503, -13065.9443359375], [-121.13095, 45.19403, -13409.462890625], [-121.13279, 45.19825, -12557.7216796875]]], [[[-121.14269, 45.19503, -13065.9443359375], [-121.13279, 45.19825, -12557.7216796875], [-121.1446, 45.19924, -12215.27734375], [-121.14269, 45.19503, -13065.9443359375]]], [[[-121.14269, 45.19503, -13065.9443359375], [-121.1446, 45.19924, -12215.27734375], [-121.15451, 45.19603, -12723.2119140625], [-121.14269, 45.19503, -13065.9443359375]]], [[[-121.14269, 45.19503, -13065.9443359375], [-121.15451, 45.19603, -12723.2119140625], [-121.15259, 45.19182, -13573.8671875], [-121.14269, 45.19503, -13065.9443359375]]], [[[-121.14269, 45.19503, -13065.9443359375], [-121.15259, 45.19182, -13573.8671875], [-121.14056, 45.19064, -13955.3359375], [-121.14269, 45.19503, -13065.9443359375]]], [[[-121.14269, 45.19503, -13065.9443359375], [-121.14056, 45.19064, -13955.3359375], [-121.13095, 45.19403, -13409.462890625], [-121.14269, 45.19503, -13065.9443359375]]], [[[-121.12813, 45.18949, -14335.2802734375], [-121.13095, 45.19403, -13409.462890625], [-121.14056, 45.19064, -13955.3359375], [-121.12813, 45.18949, -14335.2802734375]]], [[[-121.12813, 45.18949, -14335.2802734375], [-121.12013, 45.19345, -13732.5576171875], [-121.13095, 45.19403, -13409.462890625], [-121.12813, 45.18949, -14335.2802734375]]], [[[-121.12013, 45.19345, -13732.5576171875], [-121.12813, 45.18949, -14335.2802734375], [-121.11421, 45.19045, -14473.97265625], [-121.12013, 45.19345, -13732.5576171875]]], [[[-121.11421, 45.19045, -14473.97265625], [-121.12813, 45.18949, -14335.2802734375], [-121.11867, 45.18589, -15199.5458984375], [-121.11421, 45.19045, -14473.97265625]]], [[[-121.11421, 45.19045, -14473.97265625], [-121.11867, 45.18589, -15199.5458984375], [-121.10831, 45.18693, -15316.146484375], [-121.11421, 45.19045, -14473.97265625]]], [[[-121.10292, 45.19205, -14611.9873046875], [-121.11421, 45.19045, -14473.97265625], [-121.10831, 45.18693, -15316.146484375], [-121.10292, 45.19205, -14611.9873046875]]], [[[-121.10292, 45.19205, -14611.9873046875], [-121.10831, 45.18693, -15316.146484375], [-121.09745, 45.18865, -15434.9462890625], [-121.10292, 45.19205, -14611.9873046875]]], [[[-121.09174, 45.19337, -14720.0009765625], [-121.10292, 45.19205, -14611.9873046875], [-121.09745, 45.18865, -15434.9462890625], [-121.09174, 45.19337, -14720.0009765625]]], [[[-121.09822, 45.19697, -13835.1240234375], [-121.10292, 45.19205, -14611.9873046875], [-121.09174, 45.19337, -14720.0009765625], [-121.09822, 45.19697, -13835.1240234375]]], [[[-121.09822, 45.19697, -13835.1240234375], [-121.09174, 45.19337, -14720.0009765625], [-121.08703, 45.19834, -14003.1142578125], [-121.09822, 45.19697, -13835.1240234375]]], [[[-121.09388, 45.20151, -13139.7451171875], [-121.09822, 45.19697, -13835.1240234375], [-121.08703, 45.19834, -14003.1142578125], [-121.09388, 45.20151, -13139.7451171875]]], [[[-121.09388, 45.20151, -13139.7451171875], [-121.10838, 45.20035, -12869.73046875], [-121.09822, 45.19697, -13835.1240234375], [-121.09388, 45.20151, -13139.7451171875]]], [[[-121.08308, 45.20344, -13258.6298828125], [-121.09388, 45.20151, -13139.7451171875], [-121.08703, 45.19834, -14003.1142578125], [-121.08308, 45.20344, -13258.6298828125]]], [[[-121.08308, 45.20344, -13258.6298828125], [-121.08703, 45.19834, -14003.1142578125], [-121.07729, 45.20032, -14088.2958984375], [-121.08308, 45.20344, -13258.6298828125]]], [[[-121.08703, 45.19834, -14003.1142578125], [-121.08124, 45.19516, -14844.2216796875], [-121.07729, 45.20032, -14088.2958984375], [-121.08703, 45.19834, -14003.1142578125]]], [[[-121.08124, 45.19516, -14844.2216796875], [-121.08703, 45.19834, -14003.1142578125], [-121.09174, 45.19337, -14720.0009765625], [-121.08124, 45.19516, -14844.2216796875]]], [[[-121.08124, 45.19516, -14844.2216796875], [-121.09174, 45.19337, -14720.0009765625], [-121.08639, 45.19008, -15543.6953125], [-121.08124, 45.19516, -14844.2216796875]]], [[[-121.08124, 45.19516, -14844.2216796875], [-121.08639, 45.19008, -15543.6953125], [-121.07566, 45.192, -15670.0849609375], [-121.08124, 45.19516, -14844.2216796875]]], [[[-121.0719, 45.19709, -14909.8916015625], [-121.08124, 45.19516, -14844.2216796875], [-121.07566, 45.192, -15670.0849609375], [-121.0719, 45.19709, -14909.8916015625]]], [[[-121.07729, 45.20032, -14088.2958984375], [-121.08124, 45.19516, -14844.2216796875], [-121.0719, 45.19709, -14909.8916015625], [-121.07729, 45.20032, -14088.2958984375]]], [[[-121.07729, 45.20032, -14088.2958984375], [-121.0719, 45.19709, -14909.8916015625], [-121.06838, 45.20208, -14134.5849609375], [-121.07729, 45.20032, -14088.2958984375]]], [[[-121.06216, 45.19909, -14931.7509765625], [-121.06838, 45.20208, -14134.5849609375], [-121.0719, 45.19709, -14909.8916015625], [-121.06216, 45.19909, -14931.7509765625]]], [[[-121.05882, 45.2041, -14153.541015625], [-121.06838, 45.20208, -14134.5849609375], [-121.06216, 45.19909, -14931.7509765625], [-121.05882, 45.2041, -14153.541015625]]], [[[-121.06503, 45.20705, -13354.3818359375], [-121.06838, 45.20208, -14134.5849609375], [-121.05882, 45.2041, -14153.541015625], [-121.06503, 45.20705, -13354.3818359375]]], [[[-121.06503, 45.20705, -13354.3818359375], [-121.05882, 45.2041, -14153.541015625], [-121.05532, 45.20915, -13382.033203125], [-121.06503, 45.20705, -13354.3818359375]]], [[[-121.05882, 45.2041, -14153.541015625], [-121.06216, 45.19909, -14931.7509765625], [-121.05236, 45.20127, -14945.9814453125], [-121.05882, 45.2041, -14153.541015625]]], [[[-121.06216, 45.19909, -14931.7509765625], [-121.05569, 45.19624, -15722.9033203125], [-121.05236, 45.20127, -14945.9814453125], [-121.06216, 45.19909, -14931.7509765625]]], [[[-121.06216, 45.19909, -14931.7509765625], [-121.06568, 45.19411, -15707.5087890625], [-121.05569, 45.19624, -15722.9033203125], [-121.06216, 45.19909, -14931.7509765625]]], [[[-121.06216, 45.19909, -14931.7509765625], [-121.0719, 45.19709, -14909.8916015625], [-121.06568, 45.19411, -15707.5087890625], [-121.06216, 45.19909, -14931.7509765625]]], [[[-121.0719, 45.19709, -14909.8916015625], [-121.07566, 45.192, -15670.0849609375], [-121.06568, 45.19411, -15707.5087890625], [-121.0719, 45.19709, -14909.8916015625]]], [[[-121.07566, 45.192, -15670.0849609375], [-121.06951, 45.18909, -16476.248046875], [-121.06568, 45.19411, -15707.5087890625], [-121.07566, 45.192, -15670.0849609375]]], [[[-121.06951, 45.18909, -16476.248046875], [-121.07566, 45.192, -15670.0849609375], [-121.081, 45.18682, -16367.603515625], [-121.06951, 45.18909, -16476.248046875]]], [[[-121.06951, 45.18909, -16476.248046875], [-121.081, 45.18682, -16367.603515625], [-121.07479, 45.18396, -17168.748046875], [-121.06951, 45.18909, -16476.248046875]]], [[[-121.06951, 45.18909, -16476.248046875], [-121.07479, 45.18396, -17168.748046875], [-121.06312, 45.18619, -17265.76953125], [-121.06951, 45.18909, -16476.248046875]]], [[[-121.06951, 45.18909, -16476.248046875], [-121.06312, 45.18619, -17265.76953125], [-121.05919, 45.19123, -16496.93359375], [-121.06951, 45.18909, -16476.248046875]]], [[[-121.06951, 45.18909, -16476.248046875], [-121.05919, 45.19123, -16496.93359375], [-121.06568, 45.19411, -15707.5087890625], [-121.06951, 45.18909, -16476.248046875]]], [[[-121.05569, 45.19624, -15722.9033203125], [-121.06568, 45.19411, -15707.5087890625], [-121.05919, 45.19123, -16496.93359375], [-121.05569, 45.19624, -15722.9033203125]]], [[[-121.05569, 45.19624, -15722.9033203125], [-121.05919, 45.19123, -16496.93359375], [-121.0487, 45.19347, -16527.703125], [-121.05569, 45.19624, -15722.9033203125]]], [[[-121.05569, 45.19624, -15722.9033203125], [-121.0487, 45.19347, -16527.703125], [-121.04567, 45.19806, -15842.8740234375], [-121.05569, 45.19624, -15722.9033203125]]], [[[-121.05236, 45.20127, -14945.9814453125], [-121.05569, 45.19624, -15722.9033203125], [-121.04567, 45.19806, -15842.8740234375], [-121.05236, 45.20127, -14945.9814453125]]], [[[-121.04567, 45.19806, -15842.8740234375], [-121.04314, 45.20455, -15040.037109375], [-121.05236, 45.20127, -14945.9814453125], [-121.04567, 45.19806, -15842.8740234375]]], [[[-121.04314, 45.20455, -15040.037109375], [-121.04567, 45.19806, -15842.8740234375], [-121.03708, 45.20249, -15880.6201171875], [-121.04314, 45.20455, -15040.037109375]]], [[[-121.03406, 45.2083, -15164.384765625], [-121.04314, 45.20455, -15040.037109375], [-121.03708, 45.20249, -15880.6201171875], [-121.03406, 45.2083, -15164.384765625]]], [[[-121.03406, 45.2083, -15164.384765625], [-121.03708, 45.20249, -15880.6201171875], [-121.02815, 45.20639, -16016.1337890625], [-121.03406, 45.2083, -15164.384765625]]], [[[-121.02579, 45.21234, -15269.7421875], [-121.03406, 45.2083, -15164.384765625], [-121.02815, 45.20639, -16016.1337890625], [-121.02579, 45.21234, -15269.7421875]]], [[[-121.02579, 45.21234, -15269.7421875], [-121.02815, 45.20639, -16016.1337890625], [-121.01889, 45.21041, -16160.3779296875], [-121.02579, 45.21234, -15269.7421875]]], [[[-121.02579, 45.21234, -15269.7421875], [-121.01889, 45.21041, -16160.3779296875], [-121.01665, 45.21526, -15550.9169921875], [-121.02579, 45.21234, -15269.7421875]]], [[[-121.01985, 45.21888, -14689.7041015625], [-121.02579, 45.21234, -15269.7421875], [-121.01665, 45.21526, -15550.9169921875], [-121.01985, 45.21888, -14689.7041015625]]], [[[-121.01985, 45.21888, -14689.7041015625], [-121.01665, 45.21526, -15550.9169921875], [-121.00947, 45.22067, -15245.896484375], [-121.01985, 45.21888, -14689.7041015625]]], [[[-121.01985, 45.21888, -14689.7041015625], [-121.00947, 45.22067, -15245.896484375], [-121.01145, 45.22498, -14374.5498046875], [-121.01985, 45.21888, -14689.7041015625]]], [[[-121.00947, 45.22067, -15245.896484375], [-121.00103, 45.22676, -14908.888671875], [-121.01145, 45.22498, -14374.5498046875], [-121.00947, 45.22067, -15245.896484375]]], [[[-121.00947, 45.22067, -15245.896484375], [-120.99928, 45.22206, -15829.4248046875], [-121.00103, 45.22676, -14908.888671875], [-121.00947, 45.22067, -15245.896484375]]], [[[-121.00947, 45.22067, -15245.896484375], [-121.00776, 45.21574, -16192.5234375], [-120.99928, 45.22206, -15829.4248046875], [-121.00947, 45.22067, -15245.896484375]]], [[[-121.01665, 45.21526, -15550.9169921875], [-121.00776, 45.21574, -16192.5234375], [-121.00947, 45.22067, -15245.896484375], [-121.01665, 45.21526, -15550.9169921875]]], [[[-121.01665, 45.21526, -15550.9169921875], [-121.01889, 45.21041, -16160.3779296875], [-121.00776, 45.21574, -16192.5234375], [-121.01665, 45.21526, -15550.9169921875]]], [[[-121.00776, 45.21574, -16192.5234375], [-121.01889, 45.21041, -16160.3779296875], [-121.01077, 45.20994, -16897.755859375], [-121.00776, 45.21574, -16192.5234375]]], [[[-121.00776, 45.21574, -16192.5234375], [-121.01077, 45.20994, -16897.755859375], [-120.99847, 45.21636, -16849.0859375], [-121.00776, 45.21574, -16192.5234375]]], [[[-121.00776, 45.21574, -16192.5234375], [-120.99847, 45.21636, -16849.0859375], [-120.99928, 45.22206, -15829.4248046875], [-121.00776, 45.21574, -16192.5234375]]], [[[-120.99928, 45.22206, -15829.4248046875], [-120.99847, 45.21636, -16849.0859375], [-120.98953, 45.22422, -16354.2880859375], [-120.99928, 45.22206, -15829.4248046875]]], [[[-120.99928, 45.22206, -15829.4248046875], [-120.98953, 45.22422, -16354.2880859375], [-120.99102, 45.22888, -15469.6572265625], [-120.99928, 45.22206, -15829.4248046875]]], [[[-121.00103, 45.22676, -14908.888671875], [-120.99928, 45.22206, -15829.4248046875], [-120.99102, 45.22888, -15469.6572265625], [-121.00103, 45.22676, -14908.888671875]]], [[[-121.00103, 45.22676, -14908.888671875], [-120.99102, 45.22888, -15469.6572265625], [-120.99293, 45.2331, -14613.1728515625], [-121.00103, 45.22676, -14908.888671875]]], [[[-121.00296, 45.23099, -14053.177734375], [-121.00103, 45.22676, -14908.888671875], [-120.99293, 45.2331, -14613.1728515625], [-121.00296, 45.23099, -14053.177734375]]], [[[-121.00103, 45.22676, -14908.888671875], [-121.00296, 45.23099, -14053.177734375], [-121.01145, 45.22498, -14374.5498046875], [-121.00103, 45.22676, -14908.888671875]]], [[[-121.00296, 45.23099, -14053.177734375], [-121.01339, 45.22922, -13519.2470703125], [-121.01145, 45.22498, -14374.5498046875], [-121.00296, 45.23099, -14053.177734375]]], [[[-121.01339, 45.22922, -13519.2470703125], [-121.00296, 45.23099, -14053.177734375], [-121.0049, 45.23523, -13197.466796875], [-121.01339, 45.22922, -13519.2470703125]]], [[[-121.0049, 45.23523, -13197.466796875], [-121.01532, 45.23346, -12663.9443359375], [-121.01339, 45.22922, -13519.2470703125], [-121.0049, 45.23523, -13197.466796875]]], [[[-121.01532, 45.23346, -12663.9443359375], [-121.0049, 45.23523, -13197.466796875], [-121.00683, 45.23946, -12341.755859375], [-121.01532, 45.23346, -12663.9443359375]]], [[[-121.0049, 45.23523, -13197.466796875], [-120.99677, 45.24155, -12900.205078125], [-121.00683, 45.23946, -12341.755859375], [-121.0049, 45.23523, -13197.466796875]]], [[[-121.0049, 45.23523, -13197.466796875], [-120.99485, 45.23732, -13756.6884765625], [-120.99677, 45.24155, -12900.205078125], [-121.0049, 45.23523, -13197.466796875]]], [[[-121.00296, 45.23099, -14053.177734375], [-120.99485, 45.23732, -13756.6884765625], [-121.0049, 45.23523, -13197.466796875], [-121.00296, 45.23099, -14053.177734375]]], [[[-121.00296, 45.23099, -14053.177734375], [-120.99293, 45.2331, -14613.1728515625], [-120.99485, 45.23732, -13756.6884765625], [-121.00296, 45.23099, -14053.177734375]]], [[[-120.98474, 45.2394, -14313.2890625], [-120.99485, 45.23732, -13756.6884765625], [-120.99293, 45.2331, -14613.1728515625], [-120.98474, 45.2394, -14313.2890625]]], [[[-120.99485, 45.23732, -13756.6884765625], [-120.98474, 45.2394, -14313.2890625], [-120.98665, 45.24362, -13456.771484375], [-120.99485, 45.23732, -13756.6884765625]]], [[[-120.98665, 45.24362, -13456.771484375], [-120.99677, 45.24155, -12900.205078125], [-120.99485, 45.23732, -13756.6884765625], [-120.98665, 45.24362, -13456.771484375]]], [[[-120.99677, 45.24155, -12900.205078125], [-120.98665, 45.24362, -13456.771484375], [-120.98857, 45.24784, -12600.2548828125], [-120.99677, 45.24155, -12900.205078125]]], [[[-120.98665, 45.24362, -13456.771484375], [-120.97811, 45.24957, -13131.203125], [-120.98857, 45.24784, -12600.2548828125], [-120.98665, 45.24362, -13456.771484375]]], [[[-120.98665, 45.24362, -13456.771484375], [-120.97619, 45.24535, -13987.759765625], [-120.97811, 45.24957, -13131.203125], [-120.98665, 45.24362, -13456.771484375]]], [[[-120.98474, 45.2394, -14313.2890625], [-120.97619, 45.24535, -13987.759765625], [-120.98665, 45.24362, -13456.771484375], [-120.98474, 45.2394, -14313.2890625]]], [[[-120.98474, 45.2394, -14313.2890625], [-120.97428, 45.24112, -14844.31640625], [-120.97619, 45.24535, -13987.759765625], [-120.98474, 45.2394, -14313.2890625]]], [[[-120.98474, 45.2394, -14313.2890625], [-120.98282, 45.23517, -15169.8056640625], [-120.97428, 45.24112, -14844.31640625], [-120.98474, 45.2394, -14313.2890625]]], [[[-120.98282, 45.23517, -15169.8056640625], [-120.98474, 45.2394, -14313.2890625], [-120.99293, 45.2331, -14613.1728515625], [-120.98282, 45.23517, -15169.8056640625]]], [[[-120.99102, 45.22888, -15469.6572265625], [-120.98282, 45.23517, -15169.8056640625], [-120.99293, 45.2331, -14613.1728515625], [-120.99102, 45.22888, -15469.6572265625]]], [[[-120.99102, 45.22888, -15469.6572265625], [-120.9809, 45.23095, -16026.322265625], [-120.98282, 45.23517, -15169.8056640625], [-120.99102, 45.22888, -15469.6572265625]]], [[[-120.98953, 45.22422, -16354.2880859375], [-120.9809, 45.23095, -16026.322265625], [-120.99102, 45.22888, -15469.6572265625], [-120.98953, 45.22422, -16354.2880859375]]], [[[-120.98953, 45.22422, -16354.2880859375], [-120.97899, 45.22672, -16882.83984375], [-120.9809, 45.23095, -16026.322265625], [-120.98953, 45.22422, -16354.2880859375]]], [[[-120.98953, 45.22422, -16354.2880859375], [-120.98736, 45.22028, -17190.744140625], [-120.97899, 45.22672, -16882.83984375], [-120.98953, 45.22422, -16354.2880859375]]], [[[-120.99847, 45.21636, -16849.0859375], [-120.98736, 45.22028, -17190.744140625], [-120.98953, 45.22422, -16354.2880859375], [-120.99847, 45.21636, -16849.0859375]]], [[[-120.99847, 45.21636, -16849.0859375], [-120.99387, 45.21307, -17744.208984375], [-120.98736, 45.22028, -17190.744140625], [-120.99847, 45.21636, -16849.0859375]]], [[[-120.99387, 45.21307, -17744.208984375], [-120.99847, 45.21636, -16849.0859375], [-121.00386, 45.20882, -17651.802734375], [-120.99387, 45.21307, -17744.208984375]]], [[[-120.99387, 45.21307, -17744.208984375], [-121.00386, 45.20882, -17651.802734375], [-120.9967, 45.20735, -18482.12109375], [-120.99387, 45.21307, -17744.208984375]]], [[[-120.99387, 45.21307, -17744.208984375], [-120.9967, 45.20735, -18482.12109375], [-120.98632, 45.21197, -18585.73046875], [-120.99387, 45.21307, -17744.208984375]]], [[[-120.99387, 45.21307, -17744.208984375], [-120.98632, 45.21197, -18585.73046875], [-120.98454, 45.21685, -18001.615234375], [-120.99387, 45.21307, -17744.208984375]]], [[[-120.99387, 45.21307, -17744.208984375], [-120.98454, 45.21685, -18001.615234375], [-120.98736, 45.22028, -17190.744140625], [-120.99387, 45.21307, -17744.208984375]]], [[[-120.98736, 45.22028, -17190.744140625], [-120.98454, 45.21685, -18001.615234375], [-120.97707, 45.2225, -17739.357421875], [-120.98736, 45.22028, -17190.744140625]]], [[[-120.98736, 45.22028, -17190.744140625], [-120.97707, 45.2225, -17739.357421875], [-120.97899, 45.22672, -16882.83984375], [-120.98736, 45.22028, -17190.744140625]]], [[[-120.97899, 45.22672, -16882.83984375], [-120.97707, 45.2225, -17739.357421875], [-120.96853, 45.22845, -17413.98828125], [-120.97899, 45.22672, -16882.83984375]]], [[[-120.97899, 45.22672, -16882.83984375], [-120.96853, 45.22845, -17413.98828125], [-120.97045, 45.23268, -16557.4296875], [-120.97899, 45.22672, -16882.83984375]]], [[[-120.97899, 45.22672, -16882.83984375], [-120.97045, 45.23268, -16557.4296875], [-120.9809, 45.23095, -16026.322265625], [-120.97899, 45.22672, -16882.83984375]]], [[[-120.97236, 45.2369, -15700.8740234375], [-120.9809, 45.23095, -16026.322265625], [-120.97045, 45.23268, -16557.4296875], [-120.97236, 45.2369, -15700.8740234375]]], [[[-120.98282, 45.23517, -15169.8056640625], [-120.9809, 45.23095, -16026.322265625], [-120.97236, 45.2369, -15700.8740234375], [-120.98282, 45.23517, -15169.8056640625]]], [[[-120.98282, 45.23517, -15169.8056640625], [-120.97236, 45.2369, -15700.8740234375], [-120.97428, 45.24112, -14844.31640625], [-120.98282, 45.23517, -15169.8056640625]]], [[[-120.97236, 45.2369, -15700.8740234375], [-120.96353, 45.24253, -15351.650390625], [-120.97428, 45.24112, -14844.31640625], [-120.97236, 45.2369, -15700.8740234375]]], [[[-120.97236, 45.2369, -15700.8740234375], [-120.96161, 45.2383, -16208.1708984375], [-120.96353, 45.24253, -15351.650390625], [-120.97236, 45.2369, -15700.8740234375]]], [[[-120.97236, 45.2369, -15700.8740234375], [-120.97045, 45.23268, -16557.4296875], [-120.96161, 45.2383, -16208.1708984375], [-120.97236, 45.2369, -15700.8740234375]]], [[[-120.97045, 45.23268, -16557.4296875], [-120.9597, 45.23408, -17064.69140625], [-120.96161, 45.2383, -16208.1708984375], [-120.97045, 45.23268, -16557.4296875]]], [[[-120.97045, 45.23268, -16557.4296875], [-120.96853, 45.22845, -17413.98828125], [-120.9597, 45.23408, -17064.69140625], [-120.97045, 45.23268, -16557.4296875]]], [[[-120.95778, 45.22985, -17921.2109375], [-120.9597, 45.23408, -17064.69140625], [-120.96853, 45.22845, -17413.98828125], [-120.95778, 45.22985, -17921.2109375]]], [[[-120.95778, 45.22985, -17921.2109375], [-120.94949, 45.23606, -17614.96484375], [-120.9597, 45.23408, -17064.69140625], [-120.95778, 45.22985, -17921.2109375]]], [[[-120.95778, 45.22985, -17921.2109375], [-120.94757, 45.23182, -18470.64453125], [-120.94949, 45.23606, -17614.96484375], [-120.95778, 45.22985, -17921.2109375]]], [[[-120.95778, 45.22985, -17921.2109375], [-120.95652, 45.22513, -18811.44140625], [-120.94757, 45.23182, -18470.64453125], [-120.95778, 45.22985, -17921.2109375]]], [[[-120.96672, 45.22387, -18324.75390625], [-120.95652, 45.22513, -18811.44140625], [-120.95778, 45.22985, -17921.2109375], [-120.96672, 45.22387, -18324.75390625]]], [[[-120.96672, 45.22387, -18324.75390625], [-120.96673, 45.21793, -19341.291015625], [-120.95652, 45.22513, -18811.44140625], [-120.96672, 45.22387, -18324.75390625]]], [[[-120.97535, 45.21806, -18615.921875], [-120.96673, 45.21793, -19341.291015625], [-120.96672, 45.22387, -18324.75390625], [-120.97535, 45.21806, -18615.921875]]], [[[-120.97535, 45.21806, -18615.921875], [-120.97856, 45.21186, -19355.2734375], [-120.96673, 45.21793, -19341.291015625], [-120.97535, 45.21806, -18615.921875]]], [[[-120.97535, 45.21806, -18615.921875], [-120.98632, 45.21197, -18585.73046875], [-120.97856, 45.21186, -19355.2734375], [-120.97535, 45.21806, -18615.921875]]], [[[-120.97535, 45.21806, -18615.921875], [-120.98454, 45.21685, -18001.615234375], [-120.98632, 45.21197, -18585.73046875], [-120.97535, 45.21806, -18615.921875]]], [[[-120.98454, 45.21685, -18001.615234375], [-120.97535, 45.21806, -18615.921875], [-120.97707, 45.2225, -17739.357421875], [-120.98454, 45.21685, -18001.615234375]]], [[[-120.97707, 45.2225, -17739.357421875], [-120.97535, 45.21806, -18615.921875], [-120.96672, 45.22387, -18324.75390625], [-120.97707, 45.2225, -17739.357421875]]], [[[-120.97707, 45.2225, -17739.357421875], [-120.96672, 45.22387, -18324.75390625], [-120.96853, 45.22845, -17413.98828125], [-120.97707, 45.2225, -17739.357421875]]], [[[-120.96672, 45.22387, -18324.75390625], [-120.95778, 45.22985, -17921.2109375], [-120.96853, 45.22845, -17413.98828125], [-120.96672, 45.22387, -18324.75390625]]], [[[-120.98902, 45.20618, -19263.724609375], [-120.97856, 45.21186, -19355.2734375], [-120.98632, 45.21197, -18585.73046875], [-120.98902, 45.20618, -19263.724609375]]], [[[-120.97856, 45.21186, -19355.2734375], [-120.98902, 45.20618, -19263.724609375], [-120.98179, 45.20538, -20076.021484375], [-120.97856, 45.21186, -19355.2734375]]], [[[-120.97856, 45.21186, -19355.2734375], [-120.98179, 45.20538, -20076.021484375], [-120.97093, 45.21115, -20122.314453125], [-120.97856, 45.21186, -19355.2734375]]], [[[-120.97856, 45.21186, -19355.2734375], [-120.97093, 45.21115, -20122.314453125], [-120.96673, 45.21793, -19341.291015625], [-120.97856, 45.21186, -19355.2734375]]], [[[-120.96673, 45.21793, -19341.291015625], [-120.97093, 45.21115, -20122.314453125], [-120.95865, 45.2162, -20196.15234375], [-120.96673, 45.21793, -19341.291015625]]], [[[-120.96673, 45.21793, -19341.291015625], [-120.95865, 45.2162, -20196.15234375], [-120.95422, 45.22133, -19626.943359375], [-120.96673, 45.21793, -19341.291015625]]], [[[-120.96673, 45.21793, -19341.291015625], [-120.95422, 45.22133, -19626.943359375], [-120.95652, 45.22513, -18811.44140625], [-120.96673, 45.21793, -19341.291015625]]], [[[-120.95422, 45.22133, -19626.943359375], [-120.94564, 45.22759, -19326.322265625], [-120.95652, 45.22513, -18811.44140625], [-120.95422, 45.22133, -19626.943359375]]], [[[-120.95422, 45.22133, -19626.943359375], [-120.94372, 45.22335, -20182.001953125], [-120.94564, 45.22759, -19326.322265625], [-120.95422, 45.22133, -19626.943359375]]], [[[-120.94372, 45.22335, -20182.001953125], [-120.95422, 45.22133, -19626.943359375], [-120.94787, 45.21863, -20570.09765625], [-120.94372, 45.22335, -20182.001953125]]], [[[-120.94179, 45.21912, -21037.6796875], [-120.94372, 45.22335, -20182.001953125], [-120.94787, 45.21863, -20570.09765625], [-120.94179, 45.21912, -21037.6796875]]], [[[-120.94179, 45.21912, -21037.6796875], [-120.94787, 45.21863, -20570.09765625], [-120.95229, 45.21419, -20978.796875], [-120.94179, 45.21912, -21037.6796875]]], [[[-120.95865, 45.2162, -20196.15234375], [-120.95229, 45.21419, -20978.796875], [-120.94787, 45.21863, -20570.09765625], [-120.95865, 45.2162, -20196.15234375]]], [[[-120.95865, 45.2162, -20196.15234375], [-120.96346, 45.21004, -20916.638671875], [-120.95229, 45.21419, -20978.796875], [-120.95865, 45.2162, -20196.15234375]]], [[[-120.95865, 45.2162, -20196.15234375], [-120.97093, 45.21115, -20122.314453125], [-120.96346, 45.21004, -20916.638671875], [-120.95865, 45.2162, -20196.15234375]]], [[[-120.97093, 45.21115, -20122.314453125], [-120.974, 45.20513, -20857.525390625], [-120.96346, 45.21004, -20916.638671875], [-120.97093, 45.21115, -20122.314453125]]], [[[-120.97093, 45.21115, -20122.314453125], [-120.98179, 45.20538, -20076.021484375], [-120.974, 45.20513, -20857.525390625], [-120.97093, 45.21115, -20122.314453125]]], [[[-120.974, 45.20513, -20857.525390625], [-120.98179, 45.20538, -20076.021484375], [-120.9837, 45.19943, -20801.876953125], [-120.974, 45.20513, -20857.525390625]]], [[[-120.99135, 45.20062, -20023.056640625], [-120.9837, 45.19943, -20801.876953125], [-120.98179, 45.20538, -20076.021484375], [-120.99135, 45.20062, -20023.056640625]]], [[[-120.99135, 45.20062, -20023.056640625], [-120.99447, 45.1948, -20735.5703125], [-120.9837, 45.19943, -20801.876953125], [-120.99135, 45.20062, -20023.056640625]]], [[[-121.002, 45.19576, -19945.2109375], [-120.99447, 45.1948, -20735.5703125], [-120.99135, 45.20062, -20023.056640625], [-121.002, 45.19576, -19945.2109375]]], [[[-121.002, 45.19576, -19945.2109375], [-121.00508, 45.18999, -20663.2890625], [-120.99447, 45.1948, -20735.5703125], [-121.002, 45.19576, -19945.2109375]]], [[[-121.002, 45.19576, -19945.2109375], [-121.01261, 45.19098, -19873.505859375], [-121.00508, 45.18999, -20663.2890625], [-121.002, 45.19576, -19945.2109375]]], [[[-121.002, 45.19576, -19945.2109375], [-121.0096, 45.19683, -19163.044921875], [-121.01261, 45.19098, -19873.505859375], [-121.002, 45.19576, -19945.2109375]]], [[[-120.99897, 45.20168, -19232.3359375], [-121.0096, 45.19683, -19163.044921875], [-121.002, 45.19576, -19945.2109375], [-120.99897, 45.20168, -19232.3359375]]], [[[-121.00657, 45.20264, -18441.7578125], [-121.0096, 45.19683, -19163.044921875], [-120.99897, 45.20168, -19232.3359375], [-121.00657, 45.20264, -18441.7578125]]], [[[-121.01715, 45.19787, -18365.19921875], [-121.0096, 45.19683, -19163.044921875], [-121.00657, 45.20264, -18441.7578125], [-121.01715, 45.19787, -18365.19921875]]], [[[-121.01715, 45.19787, -18365.19921875], [-121.02019, 45.19189, -19074.2265625], [-121.0096, 45.19683, -19163.044921875], [-121.01715, 45.19787, -18365.19921875]]], [[[-121.01715, 45.19787, -18365.19921875], [-121.02743, 45.19279, -18274.890625], [-121.02019, 45.19189, -19074.2265625], [-121.01715, 45.19787, -18365.19921875]]], [[[-121.02456, 45.19878, -17565.755859375], [-121.02743, 45.19279, -18274.890625], [-121.01715, 45.19787, -18365.19921875], [-121.02456, 45.19878, -17565.755859375]]], [[[-121.03402, 45.1946, -17437.673828125], [-121.02743, 45.19279, -18274.890625], [-121.02456, 45.19878, -17565.755859375], [-121.03402, 45.1946, -17437.673828125]]], [[[-121.03402, 45.1946, -17437.673828125], [-121.03691, 45.18874, -18155.6328125], [-121.02743, 45.19279, -18274.890625], [-121.03402, 45.1946, -17437.673828125]]], [[[-121.04259, 45.19052, -17332.8046875], [-121.03691, 45.18874, -18155.6328125], [-121.03402, 45.1946, -17437.673828125], [-121.04259, 45.19052, -17332.8046875]]], [[[-121.03975, 45.18345, -18739.31640625], [-121.03691, 45.18874, -18155.6328125], [-121.04259, 45.19052, -17332.8046875], [-121.03975, 45.18345, -18739.31640625]]], [[[-121.03691, 45.18874, -18155.6328125], [-121.03975, 45.18345, -18739.31640625], [-121.03037, 45.18695, -19002.337890625], [-121.03691, 45.18874, -18155.6328125]]], [[[-121.03037, 45.18695, -19002.337890625], [-121.02743, 45.19279, -18274.890625], [-121.03691, 45.18874, -18155.6328125], [-121.03037, 45.18695, -19002.337890625]]], [[[-121.02743, 45.19279, -18274.890625], [-121.03037, 45.18695, -19002.337890625], [-121.02019, 45.19189, -19074.2265625], [-121.02743, 45.19279, -18274.890625]]], [[[-121.03037, 45.18695, -19002.337890625], [-121.02303, 45.18586, -19783.970703125], [-121.02019, 45.19189, -19074.2265625], [-121.03037, 45.18695, -19002.337890625]]], [[[-121.03037, 45.18695, -19002.337890625], [-121.03332, 45.18109, -19710.810546875], [-121.02303, 45.18586, -19783.970703125], [-121.03037, 45.18695, -19002.337890625]]], [[[-121.03975, 45.18345, -18739.31640625], [-121.03332, 45.18109, -19710.810546875], [-121.03037, 45.18695, -19002.337890625], [-121.03975, 45.18345, -18739.31640625]]], [[[-121.03975, 45.18345, -18739.31640625], [-121.04328, 45.17775, -19629.115234375], [-121.03332, 45.18109, -19710.810546875], [-121.03975, 45.18345, -18739.31640625]]], [[[-121.04995, 45.18049, -18844.583984375], [-121.04328, 45.17775, -19629.115234375], [-121.03975, 45.18345, -18739.31640625], [-121.04995, 45.18049, -18844.583984375]]], [[[-121.04995, 45.18049, -18844.583984375], [-121.05507, 45.17552, -19548.40625], [-121.04328, 45.17775, -19629.115234375], [-121.04995, 45.18049, -18844.583984375]]], [[[-121.04995, 45.18049, -18844.583984375], [-121.06191, 45.17832, -18760.71484375], [-121.05507, 45.17552, -19548.40625], [-121.04995, 45.18049, -18844.583984375]]], [[[-121.05654, 45.18333, -18055.203125], [-121.06191, 45.17832, -18760.71484375], [-121.04995, 45.18049, -18844.583984375], [-121.05654, 45.18333, -18055.203125]]], [[[-121.05654, 45.18333, -18055.203125], [-121.06837, 45.18117, -17966.703125], [-121.06191, 45.17832, -18760.71484375], [-121.05654, 45.18333, -18055.203125]]], [[[-121.05654, 45.18333, -18055.203125], [-121.06312, 45.18619, -17265.76953125], [-121.06837, 45.18117, -17966.703125], [-121.05654, 45.18333, -18055.203125]]], [[[-121.05265, 45.18839, -17286.134765625], [-121.06312, 45.18619, -17265.76953125], [-121.05654, 45.18333, -18055.203125], [-121.05265, 45.18839, -17286.134765625]]], [[[-121.05919, 45.19123, -16496.93359375], [-121.06312, 45.18619, -17265.76953125], [-121.05265, 45.18839, -17286.134765625], [-121.05919, 45.19123, -16496.93359375]]], [[[-121.05919, 45.19123, -16496.93359375], [-121.05265, 45.18839, -17286.134765625], [-121.0487, 45.19347, -16527.703125], [-121.05919, 45.19123, -16496.93359375]]], [[[-121.04259, 45.19052, -17332.8046875], [-121.0487, 45.19347, -16527.703125], [-121.05265, 45.18839, -17286.134765625], [-121.04259, 45.19052, -17332.8046875]]], [[[-121.04259, 45.19052, -17332.8046875], [-121.04567, 45.19806, -15842.8740234375], [-121.0487, 45.19347, -16527.703125], [-121.04259, 45.19052, -17332.8046875]]], [[[-121.04259, 45.19052, -17332.8046875], [-121.04038, 45.19643, -16603.837890625], [-121.04567, 45.19806, -15842.8740234375], [-121.04259, 45.19052, -17332.8046875]]], [[[-121.04038, 45.19643, -16603.837890625], [-121.04259, 45.19052, -17332.8046875], [-121.03402, 45.1946, -17437.673828125], [-121.04038, 45.19643, -16603.837890625]]], [[[-121.03101, 45.20041, -16720.36328125], [-121.04038, 45.19643, -16603.837890625], [-121.03402, 45.1946, -17437.673828125], [-121.03101, 45.20041, -16720.36328125]]], [[[-121.03708, 45.20249, -15880.6201171875], [-121.04038, 45.19643, -16603.837890625], [-121.03101, 45.20041, -16720.36328125], [-121.03708, 45.20249, -15880.6201171875]]], [[[-121.04567, 45.19806, -15842.8740234375], [-121.04038, 45.19643, -16603.837890625], [-121.03708, 45.20249, -15880.6201171875], [-121.04567, 45.19806, -15842.8740234375]]], [[[-121.03708, 45.20249, -15880.6201171875], [-121.03101, 45.20041, -16720.36328125], [-121.02815, 45.20639, -16016.1337890625], [-121.03708, 45.20249, -15880.6201171875]]], [[[-121.02815, 45.20639, -16016.1337890625], [-121.03101, 45.20041, -16720.36328125], [-121.02162, 45.20478, -16859.650390625], [-121.02815, 45.20639, -16016.1337890625]]], [[[-121.02815, 45.20639, -16016.1337890625], [-121.02162, 45.20478, -16859.650390625], [-121.01889, 45.21041, -16160.3779296875], [-121.02815, 45.20639, -16016.1337890625]]], [[[-121.01077, 45.20994, -16897.755859375], [-121.01889, 45.21041, -16160.3779296875], [-121.02162, 45.20478, -16859.650390625], [-121.01077, 45.20994, -16897.755859375]]], [[[-121.01077, 45.20994, -16897.755859375], [-121.02162, 45.20478, -16859.650390625], [-121.01413, 45.20375, -17650.3125], [-121.01077, 45.20994, -16897.755859375]]], [[[-121.01077, 45.20994, -16897.755859375], [-121.01413, 45.20375, -17650.3125], [-121.00386, 45.20882, -17651.802734375], [-121.01077, 45.20994, -16897.755859375]]], [[[-121.01077, 45.20994, -16897.755859375], [-121.00386, 45.20882, -17651.802734375], [-120.99847, 45.21636, -16849.0859375], [-121.01077, 45.20994, -16897.755859375]]], [[[-121.00386, 45.20882, -17651.802734375], [-121.01413, 45.20375, -17650.3125], [-121.00657, 45.20264, -18441.7578125], [-121.00386, 45.20882, -17651.802734375]]], [[[-121.00386, 45.20882, -17651.802734375], [-121.00657, 45.20264, -18441.7578125], [-120.9967, 45.20735, -18482.12109375], [-121.00386, 45.20882, -17651.802734375]]], [[[-121.00657, 45.20264, -18441.7578125], [-120.99897, 45.20168, -19232.3359375], [-120.9967, 45.20735, -18482.12109375], [-121.00657, 45.20264, -18441.7578125]]], [[[-120.98902, 45.20618, -19263.724609375], [-120.9967, 45.20735, -18482.12109375], [-120.99897, 45.20168, -19232.3359375], [-120.98902, 45.20618, -19263.724609375]]], [[[-120.9967, 45.20735, -18482.12109375], [-120.98902, 45.20618, -19263.724609375], [-120.98632, 45.21197, -18585.73046875], [-120.9967, 45.20735, -18482.12109375]]], [[[-120.98902, 45.20618, -19263.724609375], [-120.99897, 45.20168, -19232.3359375], [-120.99135, 45.20062, -20023.056640625], [-120.98902, 45.20618, -19263.724609375]]], [[[-120.98902, 45.20618, -19263.724609375], [-120.99135, 45.20062, -20023.056640625], [-120.98179, 45.20538, -20076.021484375], [-120.98902, 45.20618, -19263.724609375]]], [[[-120.99897, 45.20168, -19232.3359375], [-121.002, 45.19576, -19945.2109375], [-120.99135, 45.20062, -20023.056640625], [-120.99897, 45.20168, -19232.3359375]]], [[[-121.01715, 45.19787, -18365.19921875], [-121.00657, 45.20264, -18441.7578125], [-121.01413, 45.20375, -17650.3125], [-121.01715, 45.19787, -18365.19921875]]], [[[-121.02456, 45.19878, -17565.755859375], [-121.01715, 45.19787, -18365.19921875], [-121.01413, 45.20375, -17650.3125], [-121.02456, 45.19878, -17565.755859375]]], [[[-121.02162, 45.20478, -16859.650390625], [-121.02456, 45.19878, -17565.755859375], [-121.01413, 45.20375, -17650.3125], [-121.02162, 45.20478, -16859.650390625]]], [[[-121.02162, 45.20478, -16859.650390625], [-121.03101, 45.20041, -16720.36328125], [-121.02456, 45.19878, -17565.755859375], [-121.02162, 45.20478, -16859.650390625]]], [[[-121.03101, 45.20041, -16720.36328125], [-121.03402, 45.1946, -17437.673828125], [-121.02456, 45.19878, -17565.755859375], [-121.03101, 45.20041, -16720.36328125]]], [[[-121.04259, 45.19052, -17332.8046875], [-121.05265, 45.18839, -17286.134765625], [-121.04594, 45.18565, -18073.359375], [-121.04259, 45.19052, -17332.8046875]]], [[[-121.03975, 45.18345, -18739.31640625], [-121.04259, 45.19052, -17332.8046875], [-121.04594, 45.18565, -18073.359375], [-121.03975, 45.18345, -18739.31640625]]], [[[-121.04594, 45.18565, -18073.359375], [-121.04995, 45.18049, -18844.583984375], [-121.03975, 45.18345, -18739.31640625], [-121.04594, 45.18565, -18073.359375]]], [[[-121.05654, 45.18333, -18055.203125], [-121.04995, 45.18049, -18844.583984375], [-121.04594, 45.18565, -18073.359375], [-121.05654, 45.18333, -18055.203125]]], [[[-121.05265, 45.18839, -17286.134765625], [-121.05654, 45.18333, -18055.203125], [-121.04594, 45.18565, -18073.359375], [-121.05265, 45.18839, -17286.134765625]]], [[[-121.07479, 45.18396, -17168.748046875], [-121.06837, 45.18117, -17966.703125], [-121.06312, 45.18619, -17265.76953125], [-121.07479, 45.18396, -17168.748046875]]], [[[-121.06837, 45.18117, -17966.703125], [-121.07479, 45.18396, -17168.748046875], [-121.08025, 45.17882, -17860.25390625], [-121.06837, 45.18117, -17966.703125]]], [[[-121.06837, 45.18117, -17966.703125], [-121.08025, 45.17882, -17860.25390625], [-121.07381, 45.176, -18656.083984375], [-121.06837, 45.18117, -17966.703125]]], [[[-121.06837, 45.18117, -17966.703125], [-121.07381, 45.176, -18656.083984375], [-121.06191, 45.17832, -18760.71484375], [-121.06837, 45.18117, -17966.703125]]], [[[-121.07381, 45.176, -18656.083984375], [-121.06744, 45.17317, -19459.447265625], [-121.06191, 45.17832, -18760.71484375], [-121.07381, 45.176, -18656.083984375]]], [[[-121.07381, 45.176, -18656.083984375], [-121.07913, 45.17088, -19361.12890625], [-121.06744, 45.17317, -19459.447265625], [-121.07381, 45.176, -18656.083984375]]], [[[-121.08578, 45.17392, -18567.603515625], [-121.07913, 45.17088, -19361.12890625], [-121.07381, 45.176, -18656.083984375], [-121.08578, 45.17392, -18567.603515625]]], [[[-121.07913, 45.17088, -19361.12890625], [-121.08578, 45.17392, -18567.603515625], [-121.09168, 45.16914, -19288.66015625], [-121.07913, 45.17088, -19361.12890625]]], [[[-121.07913, 45.17088, -19361.12890625], [-121.09168, 45.16914, -19288.66015625], [-121.08503, 45.16617, -20065.40234375], [-121.07913, 45.17088, -19361.12890625]]], [[[-121.07913, 45.17088, -19361.12890625], [-121.08503, 45.16617, -20065.40234375], [-121.07274, 45.168, -20155.208984375], [-121.07913, 45.17088, -19361.12890625]]], [[[-121.06744, 45.17317, -19459.447265625], [-121.07913, 45.17088, -19361.12890625], [-121.07274, 45.168, -20155.208984375], [-121.06744, 45.17317, -19459.447265625]]], [[[-121.06744, 45.17317, -19459.447265625], [-121.07274, 45.168, -20155.208984375], [-121.06067, 45.17052, -20244.34765625], [-121.06744, 45.17317, -19459.447265625]]], [[[-121.05507, 45.17552, -19548.40625], [-121.06744, 45.17317, -19459.447265625], [-121.06067, 45.17052, -20244.34765625], [-121.05507, 45.17552, -19548.40625]]], [[[-121.05507, 45.17552, -19548.40625], [-121.06191, 45.17832, -18760.71484375], [-121.06744, 45.17317, -19459.447265625], [-121.05507, 45.17552, -19548.40625]]], [[[-121.05507, 45.17552, -19548.40625], [-121.06067, 45.17052, -20244.34765625], [-121.04846, 45.17269, -20333.97265625], [-121.05507, 45.17552, -19548.40625]]], [[[-121.05507, 45.17552, -19548.40625], [-121.04846, 45.17269, -20333.97265625], [-121.04328, 45.17775, -19629.115234375], [-121.05507, 45.17552, -19548.40625]]], [[[-121.03632, 45.17503, -20423.375], [-121.04328, 45.17775, -19629.115234375], [-121.04846, 45.17269, -20333.97265625], [-121.03632, 45.17503, -20423.375]]], [[[-121.03332, 45.18109, -19710.810546875], [-121.04328, 45.17775, -19629.115234375], [-121.03632, 45.17503, -20423.375], [-121.03332, 45.18109, -19710.810546875]]], [[[-121.03332, 45.18109, -19710.810546875], [-121.03632, 45.17503, -20423.375], [-121.02599, 45.18006, -20503.51953125], [-121.03332, 45.18109, -19710.810546875]]], [[[-121.02303, 45.18586, -19783.970703125], [-121.03332, 45.18109, -19710.810546875], [-121.02599, 45.18006, -20503.51953125], [-121.02303, 45.18586, -19783.970703125]]], [[[-121.02303, 45.18586, -19783.970703125], [-121.02599, 45.18006, -20503.51953125], [-121.01562, 45.18511, -20583.92578125], [-121.02303, 45.18586, -19783.970703125]]], [[[-121.01261, 45.19098, -19873.505859375], [-121.02303, 45.18586, -19783.970703125], [-121.01562, 45.18511, -20583.92578125], [-121.01261, 45.19098, -19873.505859375]]], [[[-121.02019, 45.19189, -19074.2265625], [-121.02303, 45.18586, -19783.970703125], [-121.01261, 45.19098, -19873.505859375], [-121.02019, 45.19189, -19074.2265625]]], [[[-121.02019, 45.19189, -19074.2265625], [-121.01261, 45.19098, -19873.505859375], [-121.0096, 45.19683, -19163.044921875], [-121.02019, 45.19189, -19074.2265625]]], [[[-121.01261, 45.19098, -19873.505859375], [-121.01562, 45.18511, -20583.92578125], [-121.00508, 45.18999, -20663.2890625], [-121.01261, 45.19098, -19873.505859375]]], [[[-121.09168, 45.16914, -19288.66015625], [-121.09722, 45.16403, -19975.904296875], [-121.08503, 45.16617, -20065.40234375], [-121.09168, 45.16914, -19288.66015625]]], [[[-121.09168, 45.16914, -19288.66015625], [-121.10343, 45.16717, -19184.53515625], [-121.09722, 45.16403, -19975.904296875], [-121.09168, 45.16914, -19288.66015625]]], [[[-121.09168, 45.16914, -19288.66015625], [-121.09782, 45.17215, -18482.3671875], [-121.10343, 45.16717, -19184.53515625], [-121.09168, 45.16914, -19288.66015625]]], [[[-121.09782, 45.17215, -18482.3671875], [-121.09168, 45.16914, -19288.66015625], [-121.08578, 45.17392, -18567.603515625], [-121.09782, 45.17215, -18482.3671875]]], [[[-121.09215, 45.17708, -17784.87109375], [-121.09782, 45.17215, -18482.3671875], [-121.08578, 45.17392, -18567.603515625], [-121.09215, 45.17708, -17784.87109375]]], [[[-121.09215, 45.17708, -17784.87109375], [-121.10323, 45.17532, -17654.509765625], [-121.09782, 45.17215, -18482.3671875], [-121.09215, 45.17708, -17784.87109375]]], [[[-121.09761, 45.18044, -16968.71484375], [-121.10323, 45.17532, -17654.509765625], [-121.09215, 45.17708, -17784.87109375], [-121.09761, 45.18044, -16968.71484375]]], [[[-121.10863, 45.17878, -16841.306640625], [-121.10323, 45.17532, -17654.509765625], [-121.09761, 45.18044, -16968.71484375], [-121.10863, 45.17878, -16841.306640625]]], [[[-121.10863, 45.17878, -16841.306640625], [-121.11434, 45.17407, -17557.73046875], [-121.10323, 45.17532, -17654.509765625], [-121.10863, 45.17878, -16841.306640625]]], [[[-121.11987, 45.17769, -16756.59375], [-121.11434, 45.17407, -17557.73046875], [-121.10863, 45.17878, -16841.306640625], [-121.11987, 45.17769, -16756.59375]]], [[[-121.11987, 45.17769, -16756.59375], [-121.12616, 45.17355, -17488.92578125], [-121.11434, 45.17407, -17557.73046875], [-121.11987, 45.17769, -16756.59375]]], [[[-121.13076, 45.17743, -16667.4609375], [-121.12616, 45.17355, -17488.92578125], [-121.11987, 45.17769, -16756.59375], [-121.13076, 45.17743, -16667.4609375]]], [[[-121.12616, 45.17355, -17488.92578125], [-121.13076, 45.17743, -16667.4609375], [-121.13783, 45.17346, -17366.263671875], [-121.12616, 45.17355, -17488.92578125]]], [[[-121.12616, 45.17355, -17488.92578125], [-121.13783, 45.17346, -17366.263671875], [-121.13323, 45.16956, -18186.6953125], [-121.12616, 45.17355, -17488.92578125]]], [[[-121.12616, 45.17355, -17488.92578125], [-121.13323, 45.16956, -18186.6953125], [-121.12063, 45.16985, -18284.62890625], [-121.12616, 45.17355, -17488.92578125]]], [[[-121.11434, 45.17407, -17557.73046875], [-121.12616, 45.17355, -17488.92578125], [-121.12063, 45.16985, -18284.62890625], [-121.11434, 45.17407, -17557.73046875]]], [[[-121.11434, 45.17407, -17557.73046875], [-121.12063, 45.16985, -18284.62890625], [-121.10893, 45.1706, -18372.048828125], [-121.11434, 45.17407, -17557.73046875]]], [[[-121.10323, 45.17532, -17654.509765625], [-121.11434, 45.17407, -17557.73046875], [-121.10893, 45.1706, -18372.048828125], [-121.10323, 45.17532, -17654.509765625]]], [[[-121.10323, 45.17532, -17654.509765625], [-121.10893, 45.1706, -18372.048828125], [-121.09782, 45.17215, -18482.3671875], [-121.10323, 45.17532, -17654.509765625]]], [[[-121.10893, 45.1706, -18372.048828125], [-121.10343, 45.16717, -19184.53515625], [-121.09782, 45.17215, -18482.3671875], [-121.10893, 45.1706, -18372.048828125]]], [[[-121.10893, 45.1706, -18372.048828125], [-121.11515, 45.16614, -19083.314453125], [-121.10343, 45.16717, -19184.53515625], [-121.10893, 45.1706, -18372.048828125]]], [[[-121.12063, 45.16985, -18284.62890625], [-121.11515, 45.16614, -19083.314453125], [-121.10893, 45.1706, -18372.048828125], [-121.12063, 45.16985, -18284.62890625]]], [[[-121.11515, 45.16614, -19083.314453125], [-121.12063, 45.16985, -18284.62890625], [-121.12765, 45.16584, -18985.19921875], [-121.11515, 45.16614, -19083.314453125]]], [[[-121.11515, 45.16614, -19083.314453125], [-121.12765, 45.16584, -18985.19921875], [-121.12216, 45.16213, -19779.576171875], [-121.11515, 45.16614, -19083.314453125]]], [[[-121.11515, 45.16614, -19083.314453125], [-121.12216, 45.16213, -19779.576171875], [-121.1096, 45.1625, -19878.69140625], [-121.11515, 45.16614, -19083.314453125]]], [[[-121.10343, 45.16717, -19184.53515625], [-121.11515, 45.16614, -19083.314453125], [-121.1096, 45.1625, -19878.69140625], [-121.10343, 45.16717, -19184.53515625]]], [[[-121.10343, 45.16717, -19184.53515625], [-121.1096, 45.1625, -19878.69140625], [-121.09722, 45.16403, -19975.904296875], [-121.10343, 45.16717, -19184.53515625]]], [[[-121.12765, 45.16584, -18985.19921875], [-121.13472, 45.16188, -19680.5390625], [-121.12216, 45.16213, -19779.576171875], [-121.12765, 45.16584, -18985.19921875]]], [[[-121.12765, 45.16584, -18985.19921875], [-121.14031, 45.16554, -18887.767578125], [-121.13472, 45.16188, -19680.5390625], [-121.12765, 45.16584, -18985.19921875]]], [[[-121.13323, 45.16956, -18186.6953125], [-121.14031, 45.16554, -18887.767578125], [-121.12765, 45.16584, -18985.19921875], [-121.13323, 45.16956, -18186.6953125]]], [[[-121.14483, 45.1694, -18063.0390625], [-121.14031, 45.16554, -18887.767578125], [-121.13323, 45.16956, -18186.6953125], [-121.14483, 45.1694, -18063.0390625]]], [[[-121.14031, 45.16554, -18887.767578125], [-121.14483, 45.1694, -18063.0390625], [-121.15179, 45.16539, -18763.6484375], [-121.14031, 45.16554, -18887.767578125]]], [[[-121.14031, 45.16554, -18887.767578125], [-121.15179, 45.16539, -18763.6484375], [-121.14727, 45.16142, -19578.5859375], [-121.14031, 45.16554, -18887.767578125]]], [[[-121.14031, 45.16554, -18887.767578125], [-121.14727, 45.16142, -19578.5859375], [-121.13472, 45.16188, -19680.5390625], [-121.14031, 45.16554, -18887.767578125]]], [[[-121.15179, 45.16539, -18763.6484375], [-121.15967, 45.16269, -19478.560546875], [-121.14727, 45.16142, -19578.5859375], [-121.15179, 45.16539, -18763.6484375]]], [[[-121.15179, 45.16539, -18763.6484375], [-121.16324, 45.16693, -18651.384765625], [-121.15967, 45.16269, -19478.560546875], [-121.15179, 45.16539, -18763.6484375]]], [[[-121.15607, 45.16994, -17886.33984375], [-121.16324, 45.16693, -18651.384765625], [-121.15179, 45.16539, -18763.6484375], [-121.15607, 45.16994, -17886.33984375]]], [[[-121.16692, 45.17122, -17846.890625], [-121.16324, 45.16693, -18651.384765625], [-121.15607, 45.16994, -17886.33984375], [-121.16692, 45.17122, -17846.890625]]], [[[-121.16692, 45.17122, -17846.890625], [-121.17484, 45.17002, -18562.44921875], [-121.16324, 45.16693, -18651.384765625], [-121.16692, 45.17122, -17846.890625]]], [[[-121.16692, 45.17122, -17846.890625], [-121.17704, 45.17416, -17744.603515625], [-121.17484, 45.17002, -18562.44921875], [-121.16692, 45.17122, -17846.890625]]], [[[-121.16453, 45.17454, -17074.1171875], [-121.17704, 45.17416, -17744.603515625], [-121.16692, 45.17122, -17846.890625], [-121.16453, 45.17454, -17074.1171875]]], [[[-121.16453, 45.17454, -17074.1171875], [-121.17791, 45.17765, -16999.3515625], [-121.17704, 45.17416, -17744.603515625], [-121.16453, 45.17454, -17074.1171875]]], [[[-121.16842, 45.17836, -16342.025390625], [-121.17791, 45.17765, -16999.3515625], [-121.16453, 45.17454, -17074.1171875], [-121.16842, 45.17836, -16342.025390625]]], [[[-121.16842, 45.17836, -16342.025390625], [-121.17989, 45.18176, -16174.6181640625], [-121.17791, 45.17765, -16999.3515625], [-121.16842, 45.17836, -16342.025390625]]], [[[-121.17043, 45.18245, -15518.3876953125], [-121.17989, 45.18176, -16174.6181640625], [-121.16842, 45.17836, -16342.025390625], [-121.17043, 45.18245, -15518.3876953125]]], [[[-121.17043, 45.18245, -15518.3876953125], [-121.1818, 45.18597, -15323.955078125], [-121.17989, 45.18176, -16174.6181640625], [-121.17043, 45.18245, -15518.3876953125]]], [[[-121.17043, 45.18245, -15518.3876953125], [-121.17234, 45.18666, -14667.7236328125], [-121.1818, 45.18597, -15323.955078125], [-121.17043, 45.18245, -15518.3876953125]]], [[[-121.16056, 45.18437, -14931.3037109375], [-121.17234, 45.18666, -14667.7236328125], [-121.17043, 45.18245, -15518.3876953125], [-121.16056, 45.18437, -14931.3037109375]]], [[[-121.16247, 45.18858, -14080.6259765625], [-121.17234, 45.18666, -14667.7236328125], [-121.16056, 45.18437, -14931.3037109375], [-121.16247, 45.18858, -14080.6259765625]]], [[[-121.16247, 45.18858, -14080.6259765625], [-121.17425, 45.19088, -13817.0595703125], [-121.17234, 45.18666, -14667.7236328125], [-121.16247, 45.18858, -14080.6259765625]]], [[[-121.16247, 45.18858, -14080.6259765625], [-121.16439, 45.19279, -13229.94921875], [-121.17425, 45.19088, -13817.0595703125], [-121.16247, 45.18858, -14080.6259765625]]], [[[-121.16247, 45.18858, -14080.6259765625], [-121.15259, 45.19182, -13573.8671875], [-121.16439, 45.19279, -13229.94921875], [-121.16247, 45.18858, -14080.6259765625]]], [[[-121.16247, 45.18858, -14080.6259765625], [-121.15041, 45.18758, -14434.2607421875], [-121.15259, 45.19182, -13573.8671875], [-121.16247, 45.18858, -14080.6259765625]]], [[[-121.15041, 45.18758, -14434.2607421875], [-121.16247, 45.18858, -14080.6259765625], [-121.16056, 45.18437, -14931.3037109375], [-121.15041, 45.18758, -14434.2607421875]]], [[[-121.14933, 45.1837, -15206.111328125], [-121.15041, 45.18758, -14434.2607421875], [-121.16056, 45.18437, -14931.3037109375], [-121.14933, 45.1837, -15206.111328125]]], [[[-121.14933, 45.1837, -15206.111328125], [-121.13872, 45.18579, -14931.2919921875], [-121.15041, 45.18758, -14434.2607421875], [-121.14933, 45.1837, -15206.111328125]]], [[[-121.14609, 45.1807, -15842.9658203125], [-121.13872, 45.18579, -14931.2919921875], [-121.14933, 45.1837, -15206.111328125], [-121.14609, 45.1807, -15842.9658203125]]], [[[-121.14609, 45.1807, -15842.9658203125], [-121.13483, 45.18149, -15821.6396484375], [-121.13872, 45.18579, -14931.2919921875], [-121.14609, 45.1807, -15842.9658203125]]], [[[-121.13483, 45.18149, -15821.6396484375], [-121.14609, 45.1807, -15842.9658203125], [-121.14191, 45.17735, -16553.271484375], [-121.13483, 45.18149, -15821.6396484375]]], [[[-121.13483, 45.18149, -15821.6396484375], [-121.14191, 45.17735, -16553.271484375], [-121.13076, 45.17743, -16667.4609375], [-121.13483, 45.18149, -15821.6396484375]]], [[[-121.12448, 45.18156, -15937.5791015625], [-121.13483, 45.18149, -15821.6396484375], [-121.13076, 45.17743, -16667.4609375], [-121.12448, 45.18156, -15937.5791015625]]], [[[-121.12843, 45.18543, -15128.01171875], [-121.13483, 45.18149, -15821.6396484375], [-121.12448, 45.18156, -15937.5791015625], [-121.12843, 45.18543, -15128.01171875]]], [[[-121.12843, 45.18543, -15128.01171875], [-121.13872, 45.18579, -14931.2919921875], [-121.13483, 45.18149, -15821.6396484375], [-121.12843, 45.18543, -15128.01171875]]], [[[-121.12813, 45.18949, -14335.2802734375], [-121.13872, 45.18579, -14931.2919921875], [-121.12843, 45.18543, -15128.01171875], [-121.12813, 45.18949, -14335.2802734375]]], [[[-121.12813, 45.18949, -14335.2802734375], [-121.14056, 45.19064, -13955.3359375], [-121.13872, 45.18579, -14931.2919921875], [-121.12813, 45.18949, -14335.2802734375]]], [[[-121.14056, 45.19064, -13955.3359375], [-121.15041, 45.18758, -14434.2607421875], [-121.13872, 45.18579, -14931.2919921875], [-121.14056, 45.19064, -13955.3359375]]], [[[-121.15041, 45.18758, -14434.2607421875], [-121.14056, 45.19064, -13955.3359375], [-121.15259, 45.19182, -13573.8671875], [-121.15041, 45.18758, -14434.2607421875]]], [[[-121.12813, 45.18949, -14335.2802734375], [-121.12843, 45.18543, -15128.01171875], [-121.11867, 45.18589, -15199.5458984375], [-121.12813, 45.18949, -14335.2802734375]]], [[[-121.11867, 45.18589, -15199.5458984375], [-121.12843, 45.18543, -15128.01171875], [-121.12448, 45.18156, -15937.5791015625], [-121.11867, 45.18589, -15199.5458984375]]], [[[-121.11867, 45.18589, -15199.5458984375], [-121.12448, 45.18156, -15937.5791015625], [-121.11409, 45.18222, -16029.41796875], [-121.11867, 45.18589, -15199.5458984375]]], [[[-121.11867, 45.18589, -15199.5458984375], [-121.11409, 45.18222, -16029.41796875], [-121.10831, 45.18693, -15316.146484375], [-121.11867, 45.18589, -15199.5458984375]]], [[[-121.10831, 45.18693, -15316.146484375], [-121.11409, 45.18222, -16029.41796875], [-121.10295, 45.18375, -16145.537109375], [-121.10831, 45.18693, -15316.146484375]]], [[[-121.10831, 45.18693, -15316.146484375], [-121.10295, 45.18375, -16145.537109375], [-121.09745, 45.18865, -15434.9462890625], [-121.10831, 45.18693, -15316.146484375]]], [[[-121.09745, 45.18865, -15434.9462890625], [-121.10295, 45.18375, -16145.537109375], [-121.09205, 45.18519, -16248.0791015625], [-121.09745, 45.18865, -15434.9462890625]]], [[[-121.09745, 45.18865, -15434.9462890625], [-121.09205, 45.18519, -16248.0791015625], [-121.08639, 45.19008, -15543.6953125], [-121.09745, 45.18865, -15434.9462890625]]], [[[-121.09174, 45.19337, -14720.0009765625], [-121.09745, 45.18865, -15434.9462890625], [-121.08639, 45.19008, -15543.6953125], [-121.09174, 45.19337, -14720.0009765625]]], [[[-121.081, 45.18682, -16367.603515625], [-121.08639, 45.19008, -15543.6953125], [-121.09205, 45.18519, -16248.0791015625], [-121.081, 45.18682, -16367.603515625]]], [[[-121.08639, 45.19008, -15543.6953125], [-121.081, 45.18682, -16367.603515625], [-121.07566, 45.192, -15670.0849609375], [-121.08639, 45.19008, -15543.6953125]]], [[[-121.081, 45.18682, -16367.603515625], [-121.09205, 45.18519, -16248.0791015625], [-121.08654, 45.18178, -17058.8203125], [-121.081, 45.18682, -16367.603515625]]], [[[-121.081, 45.18682, -16367.603515625], [-121.08654, 45.18178, -17058.8203125], [-121.07479, 45.18396, -17168.748046875], [-121.081, 45.18682, -16367.603515625]]], [[[-121.08654, 45.18178, -17058.8203125], [-121.08025, 45.17882, -17860.25390625], [-121.07479, 45.18396, -17168.748046875], [-121.08654, 45.18178, -17058.8203125]]], [[[-121.08025, 45.17882, -17860.25390625], [-121.08654, 45.18178, -17058.8203125], [-121.09215, 45.17708, -17784.87109375], [-121.08025, 45.17882, -17860.25390625]]], [[[-121.08025, 45.17882, -17860.25390625], [-121.09215, 45.17708, -17784.87109375], [-121.08578, 45.17392, -18567.603515625], [-121.08025, 45.17882, -17860.25390625]]], [[[-121.08025, 45.17882, -17860.25390625], [-121.08578, 45.17392, -18567.603515625], [-121.07381, 45.176, -18656.083984375], [-121.08025, 45.17882, -17860.25390625]]], [[[-121.09761, 45.18044, -16968.71484375], [-121.09215, 45.17708, -17784.87109375], [-121.08654, 45.18178, -17058.8203125], [-121.09761, 45.18044, -16968.71484375]]], [[[-121.09205, 45.18519, -16248.0791015625], [-121.09761, 45.18044, -16968.71484375], [-121.08654, 45.18178, -17058.8203125], [-121.09205, 45.18519, -16248.0791015625]]], [[[-121.09205, 45.18519, -16248.0791015625], [-121.10295, 45.18375, -16145.537109375], [-121.09761, 45.18044, -16968.71484375], [-121.09205, 45.18519, -16248.0791015625]]], [[[-121.10295, 45.18375, -16145.537109375], [-121.10863, 45.17878, -16841.306640625], [-121.09761, 45.18044, -16968.71484375], [-121.10295, 45.18375, -16145.537109375]]], [[[-121.10295, 45.18375, -16145.537109375], [-121.11409, 45.18222, -16029.41796875], [-121.10863, 45.17878, -16841.306640625], [-121.10295, 45.18375, -16145.537109375]]], [[[-121.11409, 45.18222, -16029.41796875], [-121.11987, 45.17769, -16756.59375], [-121.10863, 45.17878, -16841.306640625], [-121.11409, 45.18222, -16029.41796875]]], [[[-121.11409, 45.18222, -16029.41796875], [-121.12448, 45.18156, -15937.5791015625], [-121.11987, 45.17769, -16756.59375], [-121.11409, 45.18222, -16029.41796875]]], [[[-121.12448, 45.18156, -15937.5791015625], [-121.13076, 45.17743, -16667.4609375], [-121.11987, 45.17769, -16756.59375], [-121.12448, 45.18156, -15937.5791015625]]], [[[-121.14191, 45.17735, -16553.271484375], [-121.13783, 45.17346, -17366.263671875], [-121.13076, 45.17743, -16667.4609375], [-121.14191, 45.17735, -16553.271484375]]], [[[-121.14191, 45.17735, -16553.271484375], [-121.14986, 45.1734, -17203.865234375], [-121.13783, 45.17346, -17366.263671875], [-121.14191, 45.17735, -16553.271484375]]], [[[-121.15471, 45.17686, -16453.458984375], [-121.14986, 45.1734, -17203.865234375], [-121.14191, 45.17735, -16553.271484375], [-121.15471, 45.17686, -16453.458984375]]], [[[-121.15471, 45.17686, -16453.458984375], [-121.16453, 45.17454, -17074.1171875], [-121.14986, 45.1734, -17203.865234375], [-121.15471, 45.17686, -16453.458984375]]], [[[-121.15471, 45.17686, -16453.458984375], [-121.16842, 45.17836, -16342.025390625], [-121.16453, 45.17454, -17074.1171875], [-121.15471, 45.17686, -16453.458984375]]], [[[-121.15875, 45.18028, -15758.7841796875], [-121.16842, 45.17836, -16342.025390625], [-121.15471, 45.17686, -16453.458984375], [-121.15875, 45.18028, -15758.7841796875]]], [[[-121.15875, 45.18028, -15758.7841796875], [-121.17043, 45.18245, -15518.3876953125], [-121.16842, 45.17836, -16342.025390625], [-121.15875, 45.18028, -15758.7841796875]]], [[[-121.16056, 45.18437, -14931.3037109375], [-121.17043, 45.18245, -15518.3876953125], [-121.15875, 45.18028, -15758.7841796875], [-121.16056, 45.18437, -14931.3037109375]]], [[[-121.14933, 45.1837, -15206.111328125], [-121.16056, 45.18437, -14931.3037109375], [-121.15875, 45.18028, -15758.7841796875], [-121.14933, 45.1837, -15206.111328125]]], [[[-121.14609, 45.1807, -15842.9658203125], [-121.14933, 45.1837, -15206.111328125], [-121.15875, 45.18028, -15758.7841796875], [-121.14609, 45.1807, -15842.9658203125]]], [[[-121.14609, 45.1807, -15842.9658203125], [-121.15875, 45.18028, -15758.7841796875], [-121.15471, 45.17686, -16453.458984375], [-121.14609, 45.1807, -15842.9658203125]]], [[[-121.14609, 45.1807, -15842.9658203125], [-121.15471, 45.17686, -16453.458984375], [-121.14191, 45.17735, -16553.271484375], [-121.14609, 45.1807, -15842.9658203125]]], [[[-121.14986, 45.1734, -17203.865234375], [-121.16453, 45.17454, -17074.1171875], [-121.15607, 45.16994, -17886.33984375], [-121.14986, 45.1734, -17203.865234375]]], [[[-121.14986, 45.1734, -17203.865234375], [-121.15607, 45.16994, -17886.33984375], [-121.14483, 45.1694, -18063.0390625], [-121.14986, 45.1734, -17203.865234375]]], [[[-121.13783, 45.17346, -17366.263671875], [-121.14986, 45.1734, -17203.865234375], [-121.14483, 45.1694, -18063.0390625], [-121.13783, 45.17346, -17366.263671875]]], [[[-121.13783, 45.17346, -17366.263671875], [-121.14483, 45.1694, -18063.0390625], [-121.13323, 45.16956, -18186.6953125], [-121.13783, 45.17346, -17366.263671875]]], [[[-121.15607, 45.16994, -17886.33984375], [-121.15179, 45.16539, -18763.6484375], [-121.14483, 45.1694, -18063.0390625], [-121.15607, 45.16994, -17886.33984375]]], [[[-121.16453, 45.17454, -17074.1171875], [-121.16692, 45.17122, -17846.890625], [-121.15607, 45.16994, -17886.33984375], [-121.16453, 45.17454, -17074.1171875]]], [[[-121.15451, 45.19603, -12723.2119140625], [-121.16439, 45.19279, -13229.94921875], [-121.15259, 45.19182, -13573.8671875], [-121.15451, 45.19603, -12723.2119140625]]], [[[-121.16439, 45.19279, -13229.94921875], [-121.15451, 45.19603, -12723.2119140625], [-121.1663, 45.197, -12379.2724609375], [-121.16439, 45.19279, -13229.94921875]]], [[[-121.16439, 45.19279, -13229.94921875], [-121.1663, 45.197, -12379.2724609375], [-121.17617, 45.19509, -12966.3955078125], [-121.16439, 45.19279, -13229.94921875]]], [[[-121.16439, 45.19279, -13229.94921875], [-121.17617, 45.19509, -12966.3955078125], [-121.17425, 45.19088, -13817.0595703125], [-121.16439, 45.19279, -13229.94921875]]], [[[-121.17617, 45.19509, -12966.3955078125], [-121.18563, 45.19439, -13622.630859375], [-121.17425, 45.19088, -13817.0595703125], [-121.17617, 45.19509, -12966.3955078125]]], [[[-121.18563, 45.19439, -13622.630859375], [-121.17617, 45.19509, -12966.3955078125], [-121.18754, 45.1986, -12771.9677734375], [-121.18563, 45.19439, -13622.630859375]]], [[[-121.18563, 45.19439, -13622.630859375], [-121.18754, 45.1986, -12771.9677734375], [-121.19699, 45.19797, -13431.732421875], [-121.18563, 45.19439, -13622.630859375]]], [[[-121.18563, 45.19439, -13622.630859375], [-121.19699, 45.19797, -13431.732421875], [-121.19508, 45.19376, -14282.3779296875], [-121.18563, 45.19439, -13622.630859375]]], [[[-121.18372, 45.19018, -14473.29296875], [-121.18563, 45.19439, -13622.630859375], [-121.19508, 45.19376, -14282.3779296875], [-121.18372, 45.19018, -14473.29296875]]], [[[-121.18563, 45.19439, -13622.630859375], [-121.18372, 45.19018, -14473.29296875], [-121.17425, 45.19088, -13817.0595703125], [-121.18563, 45.19439, -13622.630859375]]], [[[-121.17234, 45.18666, -14667.7236328125], [-121.17425, 45.19088, -13817.0595703125], [-121.18372, 45.19018, -14473.29296875], [-121.17234, 45.18666, -14667.7236328125]]], [[[-121.17234, 45.18666, -14667.7236328125], [-121.18372, 45.19018, -14473.29296875], [-121.1818, 45.18597, -15323.955078125], [-121.17234, 45.18666, -14667.7236328125]]], [[[-121.18372, 45.19018, -14473.29296875], [-121.19316, 45.18955, -15133.0224609375], [-121.1818, 45.18597, -15323.955078125], [-121.18372, 45.19018, -14473.29296875]]], [[[-121.18372, 45.19018, -14473.29296875], [-121.19508, 45.19376, -14282.3779296875], [-121.19316, 45.18955, -15133.0224609375], [-121.18372, 45.19018, -14473.29296875]]], [[[-121.19316, 45.18955, -15133.0224609375], [-121.19508, 45.19376, -14282.3779296875], [-121.20448, 45.19322, -14947.357421875], [-121.19316, 45.18955, -15133.0224609375]]], [[[-121.19316, 45.18955, -15133.0224609375], [-121.20448, 45.19322, -14947.357421875], [-121.20256, 45.18901, -15797.9912109375], [-121.19316, 45.18955, -15133.0224609375]]], [[[-121.19125, 45.18533, -15983.66796875], [-121.19316, 45.18955, -15133.0224609375], [-121.20256, 45.18901, -15797.9912109375], [-121.19125, 45.18533, -15983.66796875]]], [[[-121.1818, 45.18597, -15323.955078125], [-121.19316, 45.18955, -15133.0224609375], [-121.19125, 45.18533, -15983.66796875], [-121.1818, 45.18597, -15323.955078125]]], [[[-121.1818, 45.18597, -15323.955078125], [-121.19125, 45.18533, -15983.66796875], [-121.17989, 45.18176, -16174.6181640625], [-121.1818, 45.18597, -15323.955078125]]], [[[-121.17989, 45.18176, -16174.6181640625], [-121.19125, 45.18533, -15983.66796875], [-121.18933, 45.18112, -16834.3125], [-121.17989, 45.18176, -16174.6181640625]]], [[[-121.17989, 45.18176, -16174.6181640625], [-121.18933, 45.18112, -16834.3125], [-121.17791, 45.17765, -16999.3515625], [-121.17989, 45.18176, -16174.6181640625]]], [[[-121.17791, 45.17765, -16999.3515625], [-121.18933, 45.18112, -16834.3125], [-121.18772, 45.177, -17682.17578125], [-121.17791, 45.17765, -16999.3515625]]], [[[-121.17791, 45.17765, -16999.3515625], [-121.18772, 45.177, -17682.17578125], [-121.17704, 45.17416, -17744.603515625], [-121.17791, 45.17765, -16999.3515625]]], [[[-121.18574, 45.17283, -18519.251953125], [-121.17704, 45.17416, -17744.603515625], [-121.18772, 45.177, -17682.17578125], [-121.18574, 45.17283, -18519.251953125]]], [[[-121.17704, 45.17416, -17744.603515625], [-121.18574, 45.17283, -18519.251953125], [-121.17484, 45.17002, -18562.44921875], [-121.17704, 45.17416, -17744.603515625]]], [[[-121.17484, 45.17002, -18562.44921875], [-121.18574, 45.17283, -18519.251953125], [-121.18324, 45.16882, -19292.33984375], [-121.17484, 45.17002, -18562.44921875]]], [[[-121.17484, 45.17002, -18562.44921875], [-121.18324, 45.16882, -19292.33984375], [-121.17152, 45.16559, -19384.76171875], [-121.17484, 45.17002, -18562.44921875]]], [[[-121.16324, 45.16693, -18651.384765625], [-121.17484, 45.17002, -18562.44921875], [-121.17152, 45.16559, -19384.76171875], [-121.16324, 45.16693, -18651.384765625]]], [[[-121.16324, 45.16693, -18651.384765625], [-121.17152, 45.16559, -19384.76171875], [-121.15967, 45.16269, -19478.560546875], [-121.16324, 45.16693, -18651.384765625]]], [[[-121.18574, 45.17283, -18519.251953125], [-121.1949, 45.17216, -19200.52734375], [-121.18324, 45.16882, -19292.33984375], [-121.18574, 45.17283, -18519.251953125]]], [[[-121.1949, 45.17216, -19200.52734375], [-121.18574, 45.17283, -18519.251953125], [-121.19682, 45.17637, -18349.892578125], [-121.1949, 45.17216, -19200.52734375]]], [[[-121.18772, 45.177, -17682.17578125], [-121.19682, 45.17637, -18349.892578125], [-121.18574, 45.17283, -18519.251953125], [-121.18772, 45.177, -17682.17578125]]], [[[-121.18772, 45.177, -17682.17578125], [-121.19873, 45.18059, -17499.259765625], [-121.19682, 45.17637, -18349.892578125], [-121.18772, 45.177, -17682.17578125]]], [[[-121.18772, 45.177, -17682.17578125], [-121.18933, 45.18112, -16834.3125], [-121.19873, 45.18059, -17499.259765625], [-121.18772, 45.177, -17682.17578125]]], [[[-121.18933, 45.18112, -16834.3125], [-121.20065, 45.1848, -16648.625], [-121.19873, 45.18059, -17499.259765625], [-121.18933, 45.18112, -16834.3125]]], [[[-121.18933, 45.18112, -16834.3125], [-121.19125, 45.18533, -15983.66796875], [-121.20065, 45.1848, -16648.625], [-121.18933, 45.18112, -16834.3125]]], [[[-121.19125, 45.18533, -15983.66796875], [-121.20256, 45.18901, -15797.9912109375], [-121.20065, 45.1848, -16648.625], [-121.19125, 45.18533, -15983.66796875]]], [[[-121.20448, 45.19322, -14947.357421875], [-121.19508, 45.19376, -14282.3779296875], [-121.20639, 45.19743, -14096.72265625], [-121.20448, 45.19322, -14947.357421875]]], [[[-121.19699, 45.19797, -13431.732421875], [-121.20639, 45.19743, -14096.72265625], [-121.19508, 45.19376, -14282.3779296875], [-121.19699, 45.19797, -13431.732421875]]], [[[-121.19699, 45.19797, -13431.732421875], [-121.20831, 45.20164, -13246.0888671875], [-121.20639, 45.19743, -14096.72265625], [-121.19699, 45.19797, -13431.732421875]]], [[[-121.19891, 45.20218, -12581.0869140625], [-121.20831, 45.20164, -13246.0888671875], [-121.19699, 45.19797, -13431.732421875], [-121.19891, 45.20218, -12581.0869140625]]], [[[-121.19891, 45.20218, -12581.0869140625], [-121.21023, 45.20585, -12395.455078125], [-121.20831, 45.20164, -13246.0888671875], [-121.19891, 45.20218, -12581.0869140625]]], [[[-121.20082, 45.20639, -11730.4423828125], [-121.21023, 45.20585, -12395.455078125], [-121.19891, 45.20218, -12581.0869140625], [-121.20082, 45.20639, -11730.4423828125]]], [[[-121.20082, 45.20639, -11730.4423828125], [-121.21214, 45.21006, -11544.8212890625], [-121.21023, 45.20585, -12395.455078125], [-121.20082, 45.20639, -11730.4423828125]]], [[[-121.20274, 45.2106, -10879.796875], [-121.21214, 45.21006, -11544.8212890625], [-121.20082, 45.20639, -11730.4423828125], [-121.20274, 45.2106, -10879.796875]]], [[[-121.20274, 45.2106, -10879.796875], [-121.21406, 45.21427, -10694.1865234375], [-121.21214, 45.21006, -11544.8212890625], [-121.20274, 45.2106, -10879.796875]]], [[[-121.20466, 45.21481, -10029.1513671875], [-121.21406, 45.21427, -10694.1865234375], [-121.20274, 45.2106, -10879.796875], [-121.20466, 45.21481, -10029.1513671875]]], [[[-121.20466, 45.21481, -10029.1513671875], [-121.21598, 45.21848, -9843.552734375], [-121.21406, 45.21427, -10694.1865234375], [-121.20466, 45.21481, -10029.1513671875]]], [[[-121.20466, 45.21481, -10029.1513671875], [-121.20657, 45.21902, -9178.5048828125], [-121.21598, 45.21848, -9843.552734375], [-121.20466, 45.21481, -10029.1513671875]]], [[[-121.19521, 45.21544, -9369.318359375], [-121.20657, 45.21902, -9178.5048828125], [-121.20466, 45.21481, -10029.1513671875], [-121.19521, 45.21544, -9369.318359375]]], [[[-121.19712, 45.21965, -8518.65625], [-121.20657, 45.21902, -9178.5048828125], [-121.19521, 45.21544, -9369.318359375], [-121.19712, 45.21965, -8518.65625]]], [[[-121.20657, 45.21902, -9178.5048828125], [-121.19712, 45.21965, -8518.65625], [-121.20849, 45.22323, -8327.8427734375], [-121.20657, 45.21902, -9178.5048828125]]], [[[-121.20657, 45.21902, -9178.5048828125], [-121.20849, 45.22323, -8327.8427734375], [-121.21789, 45.22269, -8992.9189453125], [-121.20657, 45.21902, -9178.5048828125]]], [[[-121.20657, 45.21902, -9178.5048828125], [-121.21789, 45.22269, -8992.9189453125], [-121.21598, 45.21848, -9843.552734375], [-121.20657, 45.21902, -9178.5048828125]]], [[[-121.20849, 45.22323, -8327.8427734375], [-121.21981, 45.2269, -8142.28466796875], [-121.21789, 45.22269, -8992.9189453125], [-121.20849, 45.22323, -8327.8427734375]]], [[[-121.20849, 45.22323, -8327.8427734375], [-121.21041, 45.22744, -7477.1806640625], [-121.21981, 45.2269, -8142.28466796875], [-121.20849, 45.22323, -8327.8427734375]]], [[[-121.19904, 45.22386, -7667.99365234375], [-121.21041, 45.22744, -7477.1806640625], [-121.20849, 45.22323, -8327.8427734375], [-121.19904, 45.22386, -7667.99365234375]]], [[[-121.20095, 45.22807, -6817.3310546875], [-121.21041, 45.22744, -7477.1806640625], [-121.19904, 45.22386, -7667.99365234375], [-121.20095, 45.22807, -6817.3310546875]]], [[[-121.21041, 45.22744, -7477.1806640625], [-121.20095, 45.22807, -6817.3310546875], [-121.21232, 45.23165, -6626.51806640625], [-121.21041, 45.22744, -7477.1806640625]]], [[[-121.21041, 45.22744, -7477.1806640625], [-121.21232, 45.23165, -6626.51806640625], [-121.22173, 45.23111, -7291.650390625], [-121.21041, 45.22744, -7477.1806640625]]], [[[-121.21041, 45.22744, -7477.1806640625], [-121.22173, 45.23111, -7291.650390625], [-121.21981, 45.2269, -8142.28466796875], [-121.21041, 45.22744, -7477.1806640625]]], [[[-121.21232, 45.23165, -6626.51806640625], [-121.22365, 45.23532, -6441.0166015625], [-121.22173, 45.23111, -7291.650390625], [-121.21232, 45.23165, -6626.51806640625]]], [[[-121.21232, 45.23165, -6626.51806640625], [-121.21424, 45.23586, -5775.85595703125], [-121.22365, 45.23532, -6441.0166015625], [-121.21232, 45.23165, -6626.51806640625]]], [[[-121.20287, 45.23228, -5966.66845703125], [-121.21424, 45.23586, -5775.85595703125], [-121.21232, 45.23165, -6626.51806640625], [-121.20287, 45.23228, -5966.66845703125]]], [[[-121.20479, 45.23649, -5115.990234375], [-121.21424, 45.23586, -5775.85595703125], [-121.20287, 45.23228, -5966.66845703125], [-121.20479, 45.23649, -5115.990234375]]], [[[-121.21424, 45.23586, -5775.85595703125], [-121.20479, 45.23649, -5115.990234375], [-121.21616, 45.24007, -4925.193359375], [-121.21424, 45.23586, -5775.85595703125]]], [[[-121.21424, 45.23586, -5775.85595703125], [-121.21616, 45.24007, -4925.193359375], [-121.22556, 45.23953, -5590.38232421875], [-121.21424, 45.23586, -5775.85595703125]]], [[[-121.21424, 45.23586, -5775.85595703125], [-121.22556, 45.23953, -5590.38232421875], [-121.22365, 45.23532, -6441.0166015625], [-121.21424, 45.23586, -5775.85595703125]]], [[[-121.21616, 45.24007, -4925.193359375], [-121.22748, 45.24374, -4739.74853515625], [-121.22556, 45.23953, -5590.38232421875], [-121.21616, 45.24007, -4925.193359375]]], [[[-121.21616, 45.24007, -4925.193359375], [-121.21808, 45.24428, -4074.53125], [-121.22748, 45.24374, -4739.74853515625], [-121.21616, 45.24007, -4925.193359375]]], [[[-121.2067, 45.2407, -4265.31005859375], [-121.21808, 45.24428, -4074.53125], [-121.21616, 45.24007, -4925.193359375], [-121.2067, 45.2407, -4265.31005859375]]], [[[-121.20862, 45.24491, -3414.63037109375], [-121.21808, 45.24428, -4074.53125], [-121.2067, 45.2407, -4265.31005859375], [-121.20862, 45.24491, -3414.63037109375]]], [[[-121.20862, 45.24491, -3414.63037109375], [-121.22, 45.24849, -3223.868896484375], [-121.21808, 45.24428, -4074.53125], [-121.20862, 45.24491, -3414.63037109375]]], [[[-121.21054, 45.24912, -2563.95068359375], [-121.22, 45.24849, -3223.868896484375], [-121.20862, 45.24491, -3414.63037109375], [-121.21054, 45.24912, -2563.95068359375]]], [[[-121.21054, 45.24912, -2563.95068359375], [-121.22191, 45.2527, -2373.20654296875], [-121.22, 45.24849, -3223.868896484375], [-121.21054, 45.24912, -2563.95068359375]]], [[[-121.21054, 45.24912, -2563.95068359375], [-121.21244, 45.25304, -1778.1834716796875], [-121.22191, 45.2527, -2373.20654296875], [-121.21054, 45.24912, -2563.95068359375]]], [[[-121.20082, 45.24984, -1898.1829833984375], [-121.21244, 45.25304, -1778.1834716796875], [-121.21054, 45.24912, -2563.95068359375], [-121.20082, 45.24984, -1898.1829833984375]]], [[[-121.20421, 45.25391, -1120.5181884765625], [-121.21244, 45.25304, -1778.1834716796875], [-121.20082, 45.24984, -1898.1829833984375], [-121.20421, 45.25391, -1120.5181884765625]]], [[[-121.21244, 45.25304, -1778.1834716796875], [-121.20421, 45.25391, -1120.5181884765625], [-121.21625, 45.25677, -1141.1490478515625], [-121.21244, 45.25304, -1778.1834716796875]]], [[[-121.21244, 45.25304, -1778.1834716796875], [-121.21625, 45.25677, -1141.1490478515625], [-121.22458, 45.25697, -1548.0189208984375], [-121.21244, 45.25304, -1778.1834716796875]]], [[[-121.19724, 45.2414, -3609.093505859375], [-121.20862, 45.24491, -3414.63037109375], [-121.2067, 45.2407, -4265.31005859375], [-121.19724, 45.2414, -3609.093505859375]]], [[[-121.21244, 45.25304, -1778.1834716796875], [-121.22458, 45.25697, -1548.0189208984375], [-121.22191, 45.2527, -2373.20654296875], [-121.21244, 45.25304, -1778.1834716796875]]], [[[-121.22458, 45.25697, -1548.0189208984375], [-121.23324, 45.25637, -2187.84619140625], [-121.22191, 45.2527, -2373.20654296875], [-121.22458, 45.25697, -1548.0189208984375]]], [[[-121.22458, 45.25697, -1548.0189208984375], [-121.23516, 45.26058, -1337.212158203125], [-121.23324, 45.25637, -2187.84619140625], [-121.22458, 45.25697, -1548.0189208984375]]], [[[-121.22458, 45.25697, -1548.0189208984375], [-121.22464, 45.26125, -580.30517578125], [-121.23516, 45.26058, -1337.212158203125], [-121.22458, 45.25697, -1548.0189208984375]]], [[[-121.22464, 45.26125, -580.30517578125], [-121.22458, 45.25697, -1548.0189208984375], [-121.21625, 45.25677, -1141.1490478515625], [-121.22464, 45.26125, -580.30517578125]]], [[[-121.22464, 45.26125, -580.30517578125], [-121.21625, 45.25677, -1141.1490478515625], [-121.21078, 45.25855, -431.8985595703125], [-121.22464, 45.26125, -580.30517578125]]], [[[-121.06203, 45.23828, -7902.41748046875], [-121.06009, 45.23404, -8758.18359375], [-121.05171, 45.24016, -8444.3896484375], [-121.06203, 45.23828, -7902.41748046875]]], [[[-121.21625, 45.25677, -1141.1490478515625], [-121.20421, 45.25391, -1120.5181884765625], [-121.21078, 45.25855, -431.8985595703125], [-121.21625, 45.25677, -1141.1490478515625]]], [[[-121.23516, 45.26058, -1337.212158203125], [-121.22464, 45.26125, -580.30517578125], [-121.23708, 45.26479, -486.57806396484375], [-121.23516, 45.26058, -1337.212158203125]]], [[[-121.23132, 45.25216, -3038.480224609375], [-121.22191, 45.2527, -2373.20654296875], [-121.23324, 45.25637, -2187.84619140625], [-121.23132, 45.25216, -3038.480224609375]]], [[[-121.22, 45.24849, -3223.868896484375], [-121.22191, 45.2527, -2373.20654296875], [-121.23132, 45.25216, -3038.480224609375], [-121.22, 45.24849, -3223.868896484375]]], [[[-121.22, 45.24849, -3223.868896484375], [-121.23132, 45.25216, -3038.480224609375], [-121.2294, 45.24795, -3889.1142578125], [-121.22, 45.24849, -3223.868896484375]]], [[[-121.22, 45.24849, -3223.868896484375], [-121.2294, 45.24795, -3889.1142578125], [-121.21808, 45.24428, -4074.53125], [-121.22, 45.24849, -3223.868896484375]]], [[[-121.22748, 45.24374, -4739.74853515625], [-121.21808, 45.24428, -4074.53125], [-121.2294, 45.24795, -3889.1142578125], [-121.22748, 45.24374, -4739.74853515625]]], [[[-121.20082, 45.24984, -1898.1829833984375], [-121.1906, 45.25241, -1168.0443115234375], [-121.20421, 45.25391, -1120.5181884765625], [-121.20082, 45.24984, -1898.1829833984375]]], [[[-121.18939, 45.24751, -2175.237548828125], [-121.1906, 45.25241, -1168.0443115234375], [-121.20082, 45.24984, -1898.1829833984375], [-121.18939, 45.24751, -2175.237548828125]]], [[[-120.96544, 45.24675, -14495.1298828125], [-120.97619, 45.24535, -13987.759765625], [-120.97428, 45.24112, -14844.31640625], [-120.96544, 45.24675, -14495.1298828125]]], [[[-121.18939, 45.24751, -2175.237548828125], [-121.18156, 45.24983, -1811.3270263671875], [-121.1906, 45.25241, -1168.0443115234375], [-121.18939, 45.24751, -2175.237548828125]]], [[[-121.18939, 45.24751, -2175.237548828125], [-121.17576, 45.24625, -2602.232421875], [-121.18156, 45.24983, -1811.3270263671875], [-121.18939, 45.24751, -2175.237548828125]]], [[[-121.18939, 45.24751, -2175.237548828125], [-121.18736, 45.24331, -3021.82421875], [-121.17576, 45.24625, -2602.232421875], [-121.18939, 45.24751, -2175.237548828125]]], [[[-121.18736, 45.24331, -3021.82421875], [-121.18939, 45.24751, -2175.237548828125], [-121.19915, 45.24561, -2758.4296875], [-121.18736, 45.24331, -3021.82421875]]], [[[-121.18736, 45.24331, -3021.82421875], [-121.19915, 45.24561, -2758.4296875], [-121.19724, 45.2414, -3609.093505859375], [-121.18736, 45.24331, -3021.82421875]]], [[[-121.18736, 45.24331, -3021.82421875], [-121.19724, 45.2414, -3609.093505859375], [-121.1856, 45.23908, -3880.53466796875], [-121.18736, 45.24331, -3021.82421875]]], [[[-121.1771, 45.24187, -3433.51171875], [-121.18736, 45.24331, -3021.82421875], [-121.1856, 45.23908, -3880.53466796875], [-121.1771, 45.24187, -3433.51171875]]], [[[-121.1771, 45.24187, -3433.51171875], [-121.17576, 45.24625, -2602.232421875], [-121.18736, 45.24331, -3021.82421875], [-121.1771, 45.24187, -3433.51171875]]], [[[-121.16705, 45.2429, -3364.269775390625], [-121.17576, 45.24625, -2602.232421875], [-121.1771, 45.24187, -3433.51171875], [-121.16705, 45.2429, -3364.269775390625]]], [[[-121.17353, 45.23819, -4206.95947265625], [-121.16705, 45.2429, -3364.269775390625], [-121.1771, 45.24187, -3433.51171875], [-121.17353, 45.23819, -4206.95947265625]]], [[[-121.16086, 45.23891, -4223.1005859375], [-121.16705, 45.2429, -3364.269775390625], [-121.17353, 45.23819, -4206.95947265625], [-121.16086, 45.23891, -4223.1005859375]]], [[[-121.16086, 45.23891, -4223.1005859375], [-121.15448, 45.24387, -3327.359375], [-121.16705, 45.2429, -3364.269775390625], [-121.16086, 45.23891, -4223.1005859375]]], [[[-121.16086, 45.23891, -4223.1005859375], [-121.17353, 45.23819, -4206.95947265625], [-121.17117, 45.23423, -5016.82666015625], [-121.16086, 45.23891, -4223.1005859375]]], [[[-121.15999, 45.23333, -5329.62451171875], [-121.16086, 45.23891, -4223.1005859375], [-121.17117, 45.23423, -5016.82666015625], [-121.15999, 45.23333, -5329.62451171875]]], [[[-121.02114, 45.24618, -10098.037109375], [-121.02951, 45.24005, -10411.05859375], [-121.0192, 45.24194, -10953.33984375], [-121.02114, 45.24618, -10098.037109375]]], [[[-121.15999, 45.23333, -5329.62451171875], [-121.17117, 45.23423, -5016.82666015625], [-121.16981, 45.22971, -5917.96337890625], [-121.15999, 45.23333, -5329.62451171875]]], [[[-121.15999, 45.23333, -5329.62451171875], [-121.16981, 45.22971, -5917.96337890625], [-121.15799, 45.22872, -6260.60595703125], [-121.15999, 45.23333, -5329.62451171875]]], [[[-121.1679, 45.2255, -6768.61962890625], [-121.15799, 45.22872, -6260.60595703125], [-121.16981, 45.22971, -5917.96337890625], [-121.1679, 45.2255, -6768.61962890625]]], [[[-121.15799, 45.22872, -6260.60595703125], [-121.1679, 45.2255, -6768.61962890625], [-121.15608, 45.22451, -7111.2734375], [-121.15799, 45.22872, -6260.60595703125]]], [[[-121.14617, 45.22772, -6603.01220703125], [-121.15799, 45.22872, -6260.60595703125], [-121.15608, 45.22451, -7111.2734375], [-121.14617, 45.22772, -6603.01220703125]]], [[[-121.14426, 45.22351, -7453.68505859375], [-121.14617, 45.22772, -6603.01220703125], [-121.15608, 45.22451, -7111.2734375], [-121.14426, 45.22351, -7453.68505859375]]], [[[-121.13366, 45.22745, -6922.13427734375], [-121.14617, 45.22772, -6603.01220703125], [-121.14426, 45.22351, -7453.68505859375], [-121.13366, 45.22745, -6922.13427734375]]], [[[-121.13611, 45.23133, -6116.8779296875], [-121.14617, 45.22772, -6603.01220703125], [-121.13366, 45.22745, -6922.13427734375], [-121.13611, 45.23133, -6116.8779296875]]], [[[-120.96353, 45.24253, -15351.650390625], [-120.95335, 45.24453, -15903.6083984375], [-120.95527, 45.24877, -15047.9296875], [-120.96353, 45.24253, -15351.650390625]]], [[[-121.12229, 45.2329, -6294.06689453125], [-121.13611, 45.23133, -6116.8779296875], [-121.13366, 45.22745, -6922.13427734375], [-121.12229, 45.2329, -6294.06689453125]]], [[[-121.12268, 45.22741, -7309.21142578125], [-121.12229, 45.2329, -6294.06689453125], [-121.13366, 45.22745, -6922.13427734375], [-121.12268, 45.22741, -7309.21142578125]]], [[[-121.12268, 45.22741, -7309.21142578125], [-121.13366, 45.22745, -6922.13427734375], [-121.13251, 45.22287, -7818.91943359375], [-121.12268, 45.22741, -7309.21142578125]]], [[[-121.13251, 45.22287, -7818.91943359375], [-121.12095, 45.22285, -8224.5546875], [-121.12268, 45.22741, -7309.21142578125], [-121.13251, 45.22287, -7818.91943359375]]], [[[-121.12095, 45.22285, -8224.5546875], [-121.13251, 45.22287, -7818.91943359375], [-121.1306, 45.21866, -8669.568359375], [-121.12095, 45.22285, -8224.5546875]]], [[[-121.11904, 45.21865, -9076.1904296875], [-121.12095, 45.22285, -8224.5546875], [-121.1306, 45.21866, -8669.568359375], [-121.11904, 45.21865, -9076.1904296875]]], [[[-121.10934, 45.22273, -8623.87109375], [-121.12095, 45.22285, -8224.5546875], [-121.11904, 45.21865, -9076.1904296875], [-121.10934, 45.22273, -8623.87109375]]], [[[-121.11152, 45.22685, -7779.00146484375], [-121.12095, 45.22285, -8224.5546875], [-121.10934, 45.22273, -8623.87109375], [-121.11152, 45.22685, -7779.00146484375]]], [[[-121.00876, 45.24369, -11486.044921875], [-121.00061, 45.25, -11187.236328125], [-121.01069, 45.24793, -10630.333984375], [-121.00876, 45.24369, -11486.044921875]]], [[[-121.11152, 45.22685, -7779.00146484375], [-121.12268, 45.22741, -7309.21142578125], [-121.12095, 45.22285, -8224.5546875], [-121.11152, 45.22685, -7779.00146484375]]], [[[-121.01649, 45.26063, -8063.201171875], [-121.00829, 45.26689, -7761.2998046875], [-121.01842, 45.26486, -7207.490234375], [-121.01649, 45.26063, -8063.201171875]]], [[[-121.10934, 45.22273, -8623.87109375], [-121.11904, 45.21865, -9076.1904296875], [-121.10743, 45.21853, -9475.537109375], [-121.10934, 45.22273, -8623.87109375]]], [[[-121.11714, 45.21445, -9927.8271484375], [-121.10743, 45.21853, -9475.537109375], [-121.11904, 45.21865, -9076.1904296875], [-121.11714, 45.21445, -9927.8271484375]]], [[[-121.11714, 45.21445, -9927.8271484375], [-121.11904, 45.21865, -9076.1904296875], [-121.12869, 45.21445, -9520.216796875], [-121.11714, 45.21445, -9927.8271484375]]], [[[-121.11714, 45.21445, -9927.8271484375], [-121.12869, 45.21445, -9520.216796875], [-121.12678, 45.21023, -10370.865234375], [-121.11714, 45.21445, -9927.8271484375]]], [[[-121.11714, 45.21445, -9927.8271484375], [-121.12678, 45.21023, -10370.865234375], [-121.11518, 45.21019, -10794.18359375], [-121.11714, 45.21445, -9927.8271484375]]], [[[-121.11518, 45.21019, -10794.18359375], [-121.12678, 45.21023, -10370.865234375], [-121.12469, 45.20598, -11235.0166015625], [-121.11518, 45.21019, -10794.18359375]]], [[[-121.11518, 45.21019, -10794.18359375], [-121.12469, 45.20598, -11235.0166015625], [-121.11229, 45.20554, -11763.095703125], [-121.11518, 45.21019, -10794.18359375]]], [[[-121.12469, 45.20598, -11235.0166015625], [-121.12678, 45.21023, -10370.865234375], [-121.13661, 45.20667, -10856.3759765625], [-121.12469, 45.20598, -11235.0166015625]]], [[[-121.18353, 45.23489, -4723.17822265625], [-121.1934, 45.23298, -5310.42138671875], [-121.18161, 45.23068, -5573.85546875], [-121.18353, 45.23489, -4723.17822265625]]], [[[-121.12469, 45.20598, -11235.0166015625], [-121.13661, 45.20667, -10856.3759765625], [-121.1347, 45.20246, -11707.048828125], [-121.12469, 45.20598, -11235.0166015625]]], [[[-121.13661, 45.20667, -10856.3759765625], [-121.14652, 45.20346, -11364.6103515625], [-121.1347, 45.20246, -11707.048828125], [-121.13661, 45.20667, -10856.3759765625]]], [[[-121.13661, 45.20667, -10856.3759765625], [-121.14843, 45.20767, -10513.9423828125], [-121.14652, 45.20346, -11364.6103515625], [-121.13661, 45.20667, -10856.3759765625]]], [[[-121.13852, 45.21088, -10005.703125], [-121.14843, 45.20767, -10513.9423828125], [-121.13661, 45.20667, -10856.3759765625], [-121.13852, 45.21088, -10005.703125]]], [[[-121.13852, 45.21088, -10005.703125], [-121.15034, 45.21188, -9663.275390625], [-121.14843, 45.20767, -10513.9423828125], [-121.13852, 45.21088, -10005.703125]]], [[[-121.13852, 45.21088, -10005.703125], [-121.14043, 45.21509, -9155.0302734375], [-121.15034, 45.21188, -9663.275390625], [-121.13852, 45.21088, -10005.703125]]], [[[-121.13852, 45.21088, -10005.703125], [-121.12869, 45.21445, -9520.216796875], [-121.14043, 45.21509, -9155.0302734375], [-121.13852, 45.21088, -10005.703125]]], [[[-121.12678, 45.21023, -10370.865234375], [-121.12869, 45.21445, -9520.216796875], [-121.13852, 45.21088, -10005.703125], [-121.12678, 45.21023, -10370.865234375]]], [[[-121.12678, 45.21023, -10370.865234375], [-121.13852, 45.21088, -10005.703125], [-121.13661, 45.20667, -10856.3759765625], [-121.12678, 45.21023, -10370.865234375]]], [[[-121.1306, 45.21866, -8669.568359375], [-121.14043, 45.21509, -9155.0302734375], [-121.12869, 45.21445, -9520.216796875], [-121.1306, 45.21866, -8669.568359375]]], [[[-121.1306, 45.21866, -8669.568359375], [-121.14234, 45.2193, -8304.357421875], [-121.14043, 45.21509, -9155.0302734375], [-121.1306, 45.21866, -8669.568359375]]], [[[-121.13251, 45.22287, -7818.91943359375], [-121.14234, 45.2193, -8304.357421875], [-121.1306, 45.21866, -8669.568359375], [-121.13251, 45.22287, -7818.91943359375]]], [[[-121.13251, 45.22287, -7818.91943359375], [-121.14426, 45.22351, -7453.68505859375], [-121.14234, 45.2193, -8304.357421875], [-121.13251, 45.22287, -7818.91943359375]]], [[[-121.19915, 45.24561, -2758.4296875], [-121.21054, 45.24912, -2563.95068359375], [-121.20862, 45.24491, -3414.63037109375], [-121.19915, 45.24561, -2758.4296875]]], [[[-121.13366, 45.22745, -6922.13427734375], [-121.14426, 45.22351, -7453.68505859375], [-121.13251, 45.22287, -7818.91943359375], [-121.13366, 45.22745, -6922.13427734375]]], [[[-121.14234, 45.2193, -8304.357421875], [-121.14426, 45.22351, -7453.68505859375], [-121.15416, 45.2203, -7961.9404296875], [-121.14234, 45.2193, -8304.357421875]]], [[[-121.14234, 45.2193, -8304.357421875], [-121.15416, 45.2203, -7961.9404296875], [-121.15225, 45.21609, -8812.6083984375], [-121.14234, 45.2193, -8304.357421875]]], [[[-121.14043, 45.21509, -9155.0302734375], [-121.14234, 45.2193, -8304.357421875], [-121.15225, 45.21609, -8812.6083984375], [-121.14043, 45.21509, -9155.0302734375]]], [[[-121.14043, 45.21509, -9155.0302734375], [-121.15225, 45.21609, -8812.6083984375], [-121.15034, 45.21188, -9663.275390625], [-121.14043, 45.21509, -9155.0302734375]]], [[[-121.15225, 45.21609, -8812.6083984375], [-121.16216, 45.21287, -9320.587890625], [-121.15034, 45.21188, -9663.275390625], [-121.15225, 45.21609, -8812.6083984375]]], [[[-121.15225, 45.21609, -8812.6083984375], [-121.16407, 45.21708, -8469.931640625], [-121.16216, 45.21287, -9320.587890625], [-121.15225, 45.21609, -8812.6083984375]]], [[[-121.15416, 45.2203, -7961.9404296875], [-121.16407, 45.21708, -8469.931640625], [-121.15225, 45.21609, -8812.6083984375], [-121.15416, 45.2203, -7961.9404296875]]], [[[-121.15416, 45.2203, -7961.9404296875], [-121.16598, 45.22129, -7619.275390625], [-121.16407, 45.21708, -8469.931640625], [-121.15416, 45.2203, -7961.9404296875]]], [[[-121.15608, 45.22451, -7111.2734375], [-121.16598, 45.22129, -7619.275390625], [-121.15416, 45.2203, -7961.9404296875], [-121.15608, 45.22451, -7111.2734375]]], [[[-121.15608, 45.22451, -7111.2734375], [-121.1679, 45.2255, -6768.61962890625], [-121.16598, 45.22129, -7619.275390625], [-121.15608, 45.22451, -7111.2734375]]], [[[-121.16598, 45.22129, -7619.275390625], [-121.1679, 45.2255, -6768.61962890625], [-121.17778, 45.22226, -7275.20947265625], [-121.16598, 45.22129, -7619.275390625]]], [[[-121.16598, 45.22129, -7619.275390625], [-121.17778, 45.22226, -7275.20947265625], [-121.17587, 45.21805, -8125.88671875], [-121.16598, 45.22129, -7619.275390625]]], [[[-121.16407, 45.21708, -8469.931640625], [-121.16598, 45.22129, -7619.275390625], [-121.17587, 45.21805, -8125.88671875], [-121.16407, 45.21708, -8469.931640625]]], [[[-121.16407, 45.21708, -8469.931640625], [-121.17587, 45.21805, -8125.88671875], [-121.17395, 45.21384, -8976.5634765625], [-121.16407, 45.21708, -8469.931640625]]], [[[-121.16216, 45.21287, -9320.587890625], [-121.16407, 45.21708, -8469.931640625], [-121.17395, 45.21384, -8976.5634765625], [-121.16216, 45.21287, -9320.587890625]]], [[[-121.16216, 45.21287, -9320.587890625], [-121.17395, 45.21384, -8976.5634765625], [-121.17204, 45.20963, -9827.2412109375], [-121.16216, 45.21287, -9320.587890625]]], [[[-121.16024, 45.20866, -10171.2431640625], [-121.16216, 45.21287, -9320.587890625], [-121.17204, 45.20963, -9827.2412109375], [-121.16024, 45.20866, -10171.2431640625]]], [[[-121.16024, 45.20866, -10171.2431640625], [-121.15034, 45.21188, -9663.275390625], [-121.16216, 45.21287, -9320.587890625], [-121.16024, 45.20866, -10171.2431640625]]], [[[-121.14843, 45.20767, -10513.9423828125], [-121.15034, 45.21188, -9663.275390625], [-121.16024, 45.20866, -10171.2431640625], [-121.14843, 45.20767, -10513.9423828125]]], [[[-121.14843, 45.20767, -10513.9423828125], [-121.16024, 45.20866, -10171.2431640625], [-121.15833, 45.20445, -11021.8994140625], [-121.14843, 45.20767, -10513.9423828125]]], [[[-121.14652, 45.20346, -11364.6103515625], [-121.14843, 45.20767, -10513.9423828125], [-121.15833, 45.20445, -11021.8994140625], [-121.14652, 45.20346, -11364.6103515625]]], [[[-121.14652, 45.20346, -11364.6103515625], [-121.15833, 45.20445, -11021.8994140625], [-121.15642, 45.20024, -11872.5556640625], [-121.14652, 45.20346, -11364.6103515625]]], [[[-121.1446, 45.19924, -12215.27734375], [-121.14652, 45.20346, -11364.6103515625], [-121.15642, 45.20024, -11872.5556640625], [-121.1446, 45.19924, -12215.27734375]]], [[[-121.1446, 45.19924, -12215.27734375], [-121.1347, 45.20246, -11707.048828125], [-121.14652, 45.20346, -11364.6103515625], [-121.1446, 45.19924, -12215.27734375]]], [[[-121.1347, 45.20246, -11707.048828125], [-121.1446, 45.19924, -12215.27734375], [-121.13279, 45.19825, -12557.7216796875], [-121.1347, 45.20246, -11707.048828125]]], [[[-121.1446, 45.19924, -12215.27734375], [-121.15642, 45.20024, -11872.5556640625], [-121.15451, 45.19603, -12723.2119140625], [-121.1446, 45.19924, -12215.27734375]]], [[[-121.15642, 45.20024, -11872.5556640625], [-121.1663, 45.197, -12379.2724609375], [-121.15451, 45.19603, -12723.2119140625], [-121.15642, 45.20024, -11872.5556640625]]], [[[-121.1663, 45.197, -12379.2724609375], [-121.15642, 45.20024, -11872.5556640625], [-121.16821, 45.20121, -11528.5947265625], [-121.1663, 45.197, -12379.2724609375]]], [[[-121.1663, 45.197, -12379.2724609375], [-121.16821, 45.20121, -11528.5947265625], [-121.17808, 45.1993, -12115.732421875], [-121.1663, 45.197, -12379.2724609375]]], [[[-121.1663, 45.197, -12379.2724609375], [-121.17808, 45.1993, -12115.732421875], [-121.17617, 45.19509, -12966.3955078125], [-121.1663, 45.197, -12379.2724609375]]], [[[-121.17808, 45.1993, -12115.732421875], [-121.18754, 45.1986, -12771.9677734375], [-121.17617, 45.19509, -12966.3955078125], [-121.17808, 45.1993, -12115.732421875]]], [[[-121.16981, 45.22971, -5917.96337890625], [-121.17117, 45.23423, -5016.82666015625], [-121.18161, 45.23068, -5573.85546875], [-121.16981, 45.22971, -5917.96337890625]]], [[[-121.18754, 45.1986, -12771.9677734375], [-121.17808, 45.1993, -12115.732421875], [-121.18946, 45.20281, -11921.3056640625], [-121.18754, 45.1986, -12771.9677734375]]], [[[-121.18754, 45.1986, -12771.9677734375], [-121.18946, 45.20281, -11921.3056640625], [-121.19891, 45.20218, -12581.0869140625], [-121.18754, 45.1986, -12771.9677734375]]], [[[-121.18754, 45.1986, -12771.9677734375], [-121.19891, 45.20218, -12581.0869140625], [-121.19699, 45.19797, -13431.732421875], [-121.18754, 45.1986, -12771.9677734375]]], [[[-121.18946, 45.20281, -11921.3056640625], [-121.20082, 45.20639, -11730.4423828125], [-121.19891, 45.20218, -12581.0869140625], [-121.18946, 45.20281, -11921.3056640625]]], [[[-121.18946, 45.20281, -11921.3056640625], [-121.19137, 45.20702, -11070.6435546875], [-121.20082, 45.20639, -11730.4423828125], [-121.18946, 45.20281, -11921.3056640625]]], [[[-121.18, 45.20351, -11265.068359375], [-121.19137, 45.20702, -11070.6435546875], [-121.18946, 45.20281, -11921.3056640625], [-121.18, 45.20351, -11265.068359375]]], [[[-121.18191, 45.20772, -10414.404296875], [-121.19137, 45.20702, -11070.6435546875], [-121.18, 45.20351, -11265.068359375], [-121.18191, 45.20772, -10414.404296875]]], [[[-121.18191, 45.20772, -10414.404296875], [-121.19329, 45.21123, -10219.98046875], [-121.19137, 45.20702, -11070.6435546875], [-121.18191, 45.20772, -10414.404296875]]], [[[-121.18382, 45.21193, -9563.740234375], [-121.19329, 45.21123, -10219.98046875], [-121.18191, 45.20772, -10414.404296875], [-121.18382, 45.21193, -9563.740234375]]], [[[-121.18382, 45.21193, -9563.740234375], [-121.19521, 45.21544, -9369.318359375], [-121.19329, 45.21123, -10219.98046875], [-121.18382, 45.21193, -9563.740234375]]], [[[-121.18382, 45.21193, -9563.740234375], [-121.18574, 45.21614, -8713.076171875], [-121.19521, 45.21544, -9369.318359375], [-121.18382, 45.21193, -9563.740234375]]], [[[-121.17395, 45.21384, -8976.5634765625], [-121.18574, 45.21614, -8713.076171875], [-121.18382, 45.21193, -9563.740234375], [-121.17395, 45.21384, -8976.5634765625]]], [[[-121.17587, 45.21805, -8125.88671875], [-121.18574, 45.21614, -8713.076171875], [-121.17395, 45.21384, -8976.5634765625], [-121.17587, 45.21805, -8125.88671875]]], [[[-121.18574, 45.21614, -8713.076171875], [-121.17587, 45.21805, -8125.88671875], [-121.18765, 45.22035, -7862.41259765625], [-121.18574, 45.21614, -8713.076171875]]], [[[-121.18574, 45.21614, -8713.076171875], [-121.18765, 45.22035, -7862.41259765625], [-121.19712, 45.21965, -8518.65625], [-121.18574, 45.21614, -8713.076171875]]], [[[-121.18574, 45.21614, -8713.076171875], [-121.19712, 45.21965, -8518.65625], [-121.19521, 45.21544, -9369.318359375], [-121.18574, 45.21614, -8713.076171875]]], [[[-121.18765, 45.22035, -7862.41259765625], [-121.19904, 45.22386, -7667.99365234375], [-121.19712, 45.21965, -8518.65625], [-121.18765, 45.22035, -7862.41259765625]]], [[[-121.18765, 45.22035, -7862.41259765625], [-121.18957, 45.22456, -7011.7490234375], [-121.19904, 45.22386, -7667.99365234375], [-121.18765, 45.22035, -7862.41259765625]]], [[[-121.17778, 45.22226, -7275.20947265625], [-121.18957, 45.22456, -7011.7490234375], [-121.18765, 45.22035, -7862.41259765625], [-121.17778, 45.22226, -7275.20947265625]]], [[[-121.1797, 45.22647, -6424.53271484375], [-121.18957, 45.22456, -7011.7490234375], [-121.17778, 45.22226, -7275.20947265625], [-121.1797, 45.22647, -6424.53271484375]]], [[[-121.1797, 45.22647, -6424.53271484375], [-121.19149, 45.22877, -6161.0849609375], [-121.18957, 45.22456, -7011.7490234375], [-121.1797, 45.22647, -6424.53271484375]]], [[[-121.18161, 45.23068, -5573.85546875], [-121.19149, 45.22877, -6161.0849609375], [-121.1797, 45.22647, -6424.53271484375], [-121.18161, 45.23068, -5573.85546875]]], [[[-121.19149, 45.22877, -6161.0849609375], [-121.18161, 45.23068, -5573.85546875], [-121.1934, 45.23298, -5310.42138671875], [-121.19149, 45.22877, -6161.0849609375]]], [[[-121.19149, 45.22877, -6161.0849609375], [-121.1934, 45.23298, -5310.42138671875], [-121.20287, 45.23228, -5966.66845703125], [-121.19149, 45.22877, -6161.0849609375]]], [[[-121.19149, 45.22877, -6161.0849609375], [-121.20287, 45.23228, -5966.66845703125], [-121.20095, 45.22807, -6817.3310546875], [-121.19149, 45.22877, -6161.0849609375]]], [[[-121.20095, 45.22807, -6817.3310546875], [-121.18957, 45.22456, -7011.7490234375], [-121.19149, 45.22877, -6161.0849609375], [-121.20095, 45.22807, -6817.3310546875]]], [[[-121.18957, 45.22456, -7011.7490234375], [-121.20095, 45.22807, -6817.3310546875], [-121.19904, 45.22386, -7667.99365234375], [-121.18957, 45.22456, -7011.7490234375]]], [[[-121.20287, 45.23228, -5966.66845703125], [-121.21232, 45.23165, -6626.51806640625], [-121.20095, 45.22807, -6817.3310546875], [-121.20287, 45.23228, -5966.66845703125]]], [[[-121.1934, 45.23298, -5310.42138671875], [-121.20479, 45.23649, -5115.990234375], [-121.20287, 45.23228, -5966.66845703125], [-121.1934, 45.23298, -5310.42138671875]]], [[[-121.20479, 45.23649, -5115.990234375], [-121.1934, 45.23298, -5310.42138671875], [-121.19532, 45.23719, -4459.75732421875], [-121.20479, 45.23649, -5115.990234375]]], [[[-121.19532, 45.23719, -4459.75732421875], [-121.2067, 45.2407, -4265.31005859375], [-121.20479, 45.23649, -5115.990234375], [-121.19532, 45.23719, -4459.75732421875]]], [[[-121.19532, 45.23719, -4459.75732421875], [-121.19724, 45.2414, -3609.093505859375], [-121.2067, 45.2407, -4265.31005859375], [-121.19532, 45.23719, -4459.75732421875]]], [[[-121.1856, 45.23908, -3880.53466796875], [-121.19724, 45.2414, -3609.093505859375], [-121.19532, 45.23719, -4459.75732421875], [-121.1856, 45.23908, -3880.53466796875]]], [[[-121.1856, 45.23908, -3880.53466796875], [-121.19532, 45.23719, -4459.75732421875], [-121.18353, 45.23489, -4723.17822265625], [-121.1856, 45.23908, -3880.53466796875]]], [[[-121.17353, 45.23819, -4206.95947265625], [-121.1856, 45.23908, -3880.53466796875], [-121.18353, 45.23489, -4723.17822265625], [-121.17353, 45.23819, -4206.95947265625]]], [[[-121.1856, 45.23908, -3880.53466796875], [-121.17353, 45.23819, -4206.95947265625], [-121.1771, 45.24187, -3433.51171875], [-121.1856, 45.23908, -3880.53466796875]]], [[[-121.17117, 45.23423, -5016.82666015625], [-121.17353, 45.23819, -4206.95947265625], [-121.18353, 45.23489, -4723.17822265625], [-121.17117, 45.23423, -5016.82666015625]]], [[[-121.17117, 45.23423, -5016.82666015625], [-121.18353, 45.23489, -4723.17822265625], [-121.18161, 45.23068, -5573.85546875], [-121.17117, 45.23423, -5016.82666015625]]], [[[-121.16981, 45.22971, -5917.96337890625], [-121.18161, 45.23068, -5573.85546875], [-121.1797, 45.22647, -6424.53271484375], [-121.16981, 45.22971, -5917.96337890625]]], [[[-121.1679, 45.2255, -6768.61962890625], [-121.16981, 45.22971, -5917.96337890625], [-121.1797, 45.22647, -6424.53271484375], [-121.1679, 45.2255, -6768.61962890625]]], [[[-121.18353, 45.23489, -4723.17822265625], [-121.19532, 45.23719, -4459.75732421875], [-121.1934, 45.23298, -5310.42138671875], [-121.18353, 45.23489, -4723.17822265625]]], [[[-121.19724, 45.2414, -3609.093505859375], [-121.19915, 45.24561, -2758.4296875], [-121.20862, 45.24491, -3414.63037109375], [-121.19724, 45.2414, -3609.093505859375]]], [[[-121.21054, 45.24912, -2563.95068359375], [-121.19915, 45.24561, -2758.4296875], [-121.20082, 45.24984, -1898.1829833984375], [-121.21054, 45.24912, -2563.95068359375]]], [[[-121.18939, 45.24751, -2175.237548828125], [-121.20082, 45.24984, -1898.1829833984375], [-121.19915, 45.24561, -2758.4296875], [-121.18939, 45.24751, -2175.237548828125]]], [[[-121.2067, 45.2407, -4265.31005859375], [-121.21616, 45.24007, -4925.193359375], [-121.20479, 45.23649, -5115.990234375], [-121.2067, 45.2407, -4265.31005859375]]], [[[-121.17778, 45.22226, -7275.20947265625], [-121.18765, 45.22035, -7862.41259765625], [-121.17587, 45.21805, -8125.88671875], [-121.17778, 45.22226, -7275.20947265625]]], [[[-121.19904, 45.22386, -7667.99365234375], [-121.20849, 45.22323, -8327.8427734375], [-121.19712, 45.21965, -8518.65625], [-121.19904, 45.22386, -7667.99365234375]]], [[[-121.17395, 45.21384, -8976.5634765625], [-121.18382, 45.21193, -9563.740234375], [-121.17204, 45.20963, -9827.2412109375], [-121.17395, 45.21384, -8976.5634765625]]], [[[-121.18191, 45.20772, -10414.404296875], [-121.17204, 45.20963, -9827.2412109375], [-121.18382, 45.21193, -9563.740234375], [-121.18191, 45.20772, -10414.404296875]]], [[[-121.17013, 45.20542, -10677.91796875], [-121.17204, 45.20963, -9827.2412109375], [-121.18191, 45.20772, -10414.404296875], [-121.17013, 45.20542, -10677.91796875]]], [[[-121.16024, 45.20866, -10171.2431640625], [-121.17204, 45.20963, -9827.2412109375], [-121.17013, 45.20542, -10677.91796875], [-121.16024, 45.20866, -10171.2431640625]]], [[[-121.16024, 45.20866, -10171.2431640625], [-121.17013, 45.20542, -10677.91796875], [-121.15833, 45.20445, -11021.8994140625], [-121.16024, 45.20866, -10171.2431640625]]], [[[-121.15833, 45.20445, -11021.8994140625], [-121.17013, 45.20542, -10677.91796875], [-121.16821, 45.20121, -11528.5947265625], [-121.15833, 45.20445, -11021.8994140625]]], [[[-121.15833, 45.20445, -11021.8994140625], [-121.16821, 45.20121, -11528.5947265625], [-121.15642, 45.20024, -11872.5556640625], [-121.15833, 45.20445, -11021.8994140625]]], [[[-121.18, 45.20351, -11265.068359375], [-121.16821, 45.20121, -11528.5947265625], [-121.17013, 45.20542, -10677.91796875], [-121.18, 45.20351, -11265.068359375]]], [[[-121.16821, 45.20121, -11528.5947265625], [-121.18, 45.20351, -11265.068359375], [-121.17808, 45.1993, -12115.732421875], [-121.16821, 45.20121, -11528.5947265625]]], [[[-121.18, 45.20351, -11265.068359375], [-121.18946, 45.20281, -11921.3056640625], [-121.17808, 45.1993, -12115.732421875], [-121.18, 45.20351, -11265.068359375]]], [[[-121.17013, 45.20542, -10677.91796875], [-121.18191, 45.20772, -10414.404296875], [-121.18, 45.20351, -11265.068359375], [-121.17013, 45.20542, -10677.91796875]]], [[[-121.19521, 45.21544, -9369.318359375], [-121.20466, 45.21481, -10029.1513671875], [-121.19329, 45.21123, -10219.98046875], [-121.19521, 45.21544, -9369.318359375]]], [[[-121.20274, 45.2106, -10879.796875], [-121.19329, 45.21123, -10219.98046875], [-121.20466, 45.21481, -10029.1513671875], [-121.20274, 45.2106, -10879.796875]]], [[[-121.19137, 45.20702, -11070.6435546875], [-121.19329, 45.21123, -10219.98046875], [-121.20274, 45.2106, -10879.796875], [-121.19137, 45.20702, -11070.6435546875]]], [[[-121.19137, 45.20702, -11070.6435546875], [-121.20274, 45.2106, -10879.796875], [-121.20082, 45.20639, -11730.4423828125], [-121.19137, 45.20702, -11070.6435546875]]], [[[-121.14426, 45.22351, -7453.68505859375], [-121.15608, 45.22451, -7111.2734375], [-121.15416, 45.2203, -7961.9404296875], [-121.14426, 45.22351, -7453.68505859375]]], [[[-121.11904, 45.21865, -9076.1904296875], [-121.1306, 45.21866, -8669.568359375], [-121.12869, 45.21445, -9520.216796875], [-121.11904, 45.21865, -9076.1904296875]]], [[[-121.06492, 45.22034, -10928.5263671875], [-121.07335, 45.22146, -10371.49609375], [-121.07803, 45.21716, -10976.798828125], [-121.06492, 45.22034, -10928.5263671875]]], [[[-121.17576, 45.24625, -2602.232421875], [-121.16947, 45.25042, -1857.9840087890625], [-121.18156, 45.24983, -1811.3270263671875], [-121.17576, 45.24625, -2602.232421875]]], [[[-121.13323, 45.16956, -18186.6953125], [-121.12765, 45.16584, -18985.19921875], [-121.12063, 45.16985, -18284.62890625], [-121.13323, 45.16956, -18186.6953125]]], [[[-120.95865, 45.2162, -20196.15234375], [-120.94787, 45.21863, -20570.09765625], [-120.95422, 45.22133, -19626.943359375], [-120.95865, 45.2162, -20196.15234375]]], [[[-120.95652, 45.22513, -18811.44140625], [-120.94564, 45.22759, -19326.322265625], [-120.94757, 45.23182, -18470.64453125], [-120.95652, 45.22513, -18811.44140625]]], [[[-120.9597, 45.23408, -17064.69140625], [-120.94949, 45.23606, -17614.96484375], [-120.95142, 45.2403, -16759.287109375], [-120.9597, 45.23408, -17064.69140625]]], [[[-120.9597, 45.23408, -17064.69140625], [-120.95142, 45.2403, -16759.287109375], [-120.96161, 45.2383, -16208.1708984375], [-120.9597, 45.23408, -17064.69140625]]], [[[-120.95142, 45.2403, -16759.287109375], [-120.95335, 45.24453, -15903.6083984375], [-120.96161, 45.2383, -16208.1708984375], [-120.95142, 45.2403, -16759.287109375]]], [[[-120.96544, 45.24675, -14495.1298828125], [-120.96353, 45.24253, -15351.650390625], [-120.95527, 45.24877, -15047.9296875], [-120.96544, 45.24675, -14495.1298828125]]], [[[-120.97428, 45.24112, -14844.31640625], [-120.96353, 45.24253, -15351.650390625], [-120.96544, 45.24675, -14495.1298828125], [-120.97428, 45.24112, -14844.31640625]]], [[[-120.97619, 45.24535, -13987.759765625], [-120.96544, 45.24675, -14495.1298828125], [-120.96736, 45.25097, -13638.609375], [-120.97619, 45.24535, -13987.759765625]]], [[[-120.97811, 45.24957, -13131.203125], [-120.96736, 45.25097, -13638.609375], [-120.96928, 45.2552, -12782.0888671875], [-120.97811, 45.24957, -13131.203125]]], [[[-120.96544, 45.24675, -14495.1298828125], [-120.9572, 45.253, -14192.2509765625], [-120.96736, 45.25097, -13638.609375], [-120.96544, 45.24675, -14495.1298828125]]], [[[-121.06696, 45.2153, -11762.076171875], [-121.06492, 45.22034, -10928.5263671875], [-121.07803, 45.21716, -10976.798828125], [-121.06696, 45.2153, -11762.076171875]]], [[[-121.05727, 45.21725, -11818.2783203125], [-121.06492, 45.22034, -10928.5263671875], [-121.06696, 45.2153, -11762.076171875], [-121.05727, 45.21725, -11818.2783203125]]], [[[-121.06492, 45.22034, -10928.5263671875], [-121.05727, 45.21725, -11818.2783203125], [-121.05392, 45.22189, -11274.470703125], [-121.06492, 45.22034, -10928.5263671875]]], [[[-121.06696, 45.2153, -11762.076171875], [-121.07581, 45.21351, -11736.13671875], [-121.07046, 45.21031, -12536.8271484375], [-121.06696, 45.2153, -11762.076171875]]], [[[-121.06696, 45.2153, -11762.076171875], [-121.07803, 45.21716, -10976.798828125], [-121.07581, 45.21351, -11736.13671875], [-121.06696, 45.2153, -11762.076171875]]], [[[-121.04193, 45.21902, -12745.5458984375], [-121.04496, 45.22259, -11907.5849609375], [-121.0514, 45.21502, -12604.1953125], [-121.04193, 45.21902, -12745.5458984375]]], [[[-121.04193, 45.21902, -12745.5458984375], [-121.03762, 45.21601, -13596.1669921875], [-121.03177, 45.22121, -13315.16015625], [-121.04193, 45.21902, -12745.5458984375]]], [[[-121.04193, 45.21902, -12745.5458984375], [-121.04615, 45.21246, -13483.302734375], [-121.03762, 45.21601, -13596.1669921875], [-121.04193, 45.21902, -12745.5458984375]]], [[[-121.03762, 45.21601, -13596.1669921875], [-121.04615, 45.21246, -13483.302734375], [-121.03998, 45.21043, -14328.8515625], [-121.03762, 45.21601, -13596.1669921875]]], [[[-121.03593, 45.22966, -11577.869140625], [-121.034, 45.22543, -12433.6181640625], [-121.02565, 45.23158, -12122.5166015625], [-121.03593, 45.22966, -11577.869140625]]], [[[-121.04496, 45.22259, -11907.5849609375], [-121.034, 45.22543, -12433.6181640625], [-121.03593, 45.22966, -11577.869140625], [-121.04496, 45.22259, -11907.5849609375]]], [[[-121.04594, 45.22749, -11014.0517578125], [-121.03787, 45.2339, -10722.1201171875], [-121.04786, 45.23172, -10157.498046875], [-121.04594, 45.22749, -11014.0517578125]]], [[[-121.04978, 45.23594, -9300.943359375], [-121.04786, 45.23172, -10157.498046875], [-121.0398, 45.23813, -9866.37109375], [-121.04978, 45.23594, -9300.943359375]]], [[[-121.05816, 45.22981, -9613.94921875], [-121.04978, 45.23594, -9300.943359375], [-121.06009, 45.23404, -8758.18359375], [-121.05816, 45.22981, -9613.94921875]]], [[[-121.08001, 45.22877, -8763.1591796875], [-121.06925, 45.22906, -9151.83984375], [-121.07119, 45.23329, -8296.16796875], [-121.08001, 45.22877, -8763.1591796875]]], [[[-121.06348, 45.24275, -7047.55810546875], [-121.07321, 45.23746, -7447.8125], [-121.06203, 45.23828, -7902.41748046875], [-121.06348, 45.24275, -7047.55810546875]]], [[[-121.05363, 45.24438, -7587.8349609375], [-121.0456, 45.25083, -7299.1240234375], [-121.05555, 45.2486, -6731.28076171875], [-121.05363, 45.24438, -7587.8349609375]]], [[[-121.02114, 45.24618, -10098.037109375], [-121.01262, 45.25216, -9774.623046875], [-121.02307, 45.25041, -9242.734375], [-121.02114, 45.24618, -10098.037109375]]], [[[-121.02758, 45.23582, -11266.787109375], [-121.0192, 45.24194, -10953.33984375], [-121.02951, 45.24005, -10411.05859375], [-121.02758, 45.23582, -11266.787109375]]], [[[-121.00061, 45.25, -11187.236328125], [-121.00876, 45.24369, -11486.044921875], [-120.99869, 45.24577, -12043.720703125], [-121.00061, 45.25, -11187.236328125]]], [[[-121.00061, 45.25, -11187.236328125], [-120.99869, 45.24577, -12043.720703125], [-120.99049, 45.25207, -11743.7431640625], [-121.00061, 45.25, -11187.236328125]]], [[[-121.03727, 45.25701, -6981.11669921875], [-121.02695, 45.25889, -7532.12939453125], [-121.02889, 45.26313, -6676.8271484375], [-121.03727, 45.25701, -6981.11669921875]]], [[[-121.03981, 45.26152, -6030.357421875], [-121.02889, 45.26313, -6676.8271484375], [-121.0317, 45.26734, -5752.98828125], [-121.03981, 45.26152, -6030.357421875]]], [[[-121.03352, 45.27158, -4907.8671875], [-121.02229, 45.27333, -5496.068359375], [-121.02422, 45.27756, -4640.357421875], [-121.03352, 45.27158, -4907.8671875]]], [[[-121.00392, 45.28163, -5748.16455078125], [-120.99345, 45.28336, -6278.759765625], [-120.99537, 45.28758, -5422.20703125], [-121.00392, 45.28163, -5748.16455078125]]], [[[-121.00784, 45.29007, -4031.091796875], [-120.99729, 45.2918, -4565.65478515625], [-120.99921, 45.29603, -3709.10205078125], [-121.00784, 45.29007, -4031.091796875]]], [[[-121.03833, 45.28857, -1731.34619140625], [-121.04627, 45.28915, -962.461669921875], [-121.04768, 45.28366, -1741.2239990234375], [-121.03833, 45.28857, -1731.34619140625]]], [[[-120.97694, 45.27209, -9356.0068359375], [-120.9877, 45.27069, -8848.41796875], [-120.98578, 45.26646, -9704.9755859375], [-120.97694, 45.27209, -9356.0068359375]]], [[[-120.9877, 45.27069, -8848.41796875], [-120.97694, 45.27209, -9356.0068359375], [-120.97886, 45.27632, -8499.4873046875], [-120.9877, 45.27069, -8848.41796875]]], [[[-121.03787, 45.2339, -10722.1201171875], [-121.03593, 45.22966, -11577.869140625], [-121.02758, 45.23582, -11266.787109375], [-121.03787, 45.2339, -10722.1201171875]]], [[[-121.03787, 45.2339, -10722.1201171875], [-121.02758, 45.23582, -11266.787109375], [-121.02951, 45.24005, -10411.05859375], [-121.03787, 45.2339, -10722.1201171875]]], [[[-121.1588, 45.25896, -312.8963317871094], [-121.14615, 45.26063, -296.9625244140625], [-121.15359, 45.2634, 448.6347961425781], [-121.1588, 45.25896, -312.8963317871094]]], [[[-121.18392, 45.25699, -379.6428527832031], [-121.17845, 45.26127, 382.80194091796875], [-121.1909, 45.26026, 368.4662170410156], [-121.18392, 45.25699, -379.6428527832031]]]]}}]}