{"type": "FeatureCollection", "features": [{"type": "Feature", "properties": {"name": "Walker Spring", "CFM_ID": 186, "region": "ForearcIntraarc_CA", "primary_state/province": "CA", "secondary_state/province": null, "avg_dip": 89, "dip_dir": "vertical", "rake": -90, "slip_sense": "Normal", "fault_level": 1, "NSHM23_sliprates": 0.05, "QFFDAgeCatBin": "late Quaternary", "QFFDAgeBin": "<130,000", "upper_depth": 2.0, "upper_depth_constraint": "topography", "lower_depth": -10.0, "lower_depth_constraint": "SCEC CFM7", "3D_model_constraints": "SCEC CFM7", "reference": "US NSHM 2023, SCEC CFM7", "nshm23_id": 294.0, "lineage": "updated geometries", "usgs_qffd_#": "190", "comments": "fault information from NSHM, 2D and 3D geometry from SCEC CFM7", "id": "186"}, "geometry": {"type": "MultiPolygon", "coordinates": [[[[-121.07615, 40.44853, -1198.9769287109375], [-121.07328, 40.43841, -1218.19775390625], [-121.07534, 40.44288, -213.3543701171875], [-121.07615, 40.44853, -1198.9769287109375]]], [[[-121.08301, 40.38175, -176.04486083984375], [-121.08184, 40.38622, 808.1431274414062], [-121.07942, 40.3907, -166.4839324951172], [-121.08301, 40.38175, -176.04486083984375]]], [[[-121.07718, 40.44712, 796.095703125], [-121.07596, 40.44257, 1756.6285400390625], [-121.07901, 40.4514, 1764.824951171875], [-121.07718, 40.44712, 796.095703125]]], [[[-121.04088, 40.28028, -8141.81494140625], [-121.04049, 40.27566, -9071.2421875], [-121.0371, 40.27184, -8141.8154296875], [-121.04088, 40.28028, -8141.81494140625]]], [[[-121.02622, 40.26183, -4995.55224609375], [-121.02353, 40.25429, -5506.05859375], [-121.02231, 40.25411, -4481.66259765625], [-121.02622, 40.26183, -4995.55224609375]]], [[[-121.07107, 40.34304, -9061.4609375], [-121.06967, 40.33871, -10000.0], [-121.06825, 40.33434, -9064.078125], [-121.07107, 40.34304, -9061.4609375]]], [[[-121.0334, 40.27913, -4286.27587890625], [-121.03797, 40.28525, -5300.35302734375], [-121.0342, 40.27677, -5314.234375], [-121.0334, 40.27913, -4286.27587890625]]], [[[-121.04465, 40.28872, -8141.81494140625], [-121.04804, 40.29254, -9071.2421875], [-121.04427, 40.2841, -9071.2421875], [-121.04465, 40.28872, -8141.81494140625]]], [[[-121.0342, 40.27677, -5314.234375], [-121.03783, 40.28101, -6275.62548828125], [-121.03391, 40.27222, -6275.5107421875], [-121.0342, 40.27677, -5314.234375]]], [[[-121.07096, 40.41186, -9061.4609375], [-121.06927, 40.41613, -10000.0], [-121.07265, 40.40759, -10000.0], [-121.07096, 40.41186, -9061.4609375]]], [[[-121.08135, 40.38612, -1104.1756591796875], [-121.08284, 40.37764, -1160.6837158203125], [-121.08301, 40.38175, -176.04486083984375], [-121.08135, 40.38612, -1104.1756591796875]]], [[[-121.07701, 40.36086, -1195.477294921875], [-121.07405, 40.35176, -1216.7503662109375], [-121.07554, 40.35608, -238.70352172851562], [-121.07701, 40.36086, -1195.477294921875]]], [[[-121.07247, 40.34737, -8122.248046875], [-121.07388, 40.35169, -9061.4609375], [-121.07107, 40.34304, -9061.4609375], [-121.07247, 40.34737, -8122.248046875]]], [[[-121.0202, 40.23564, 2031.9434814453125], [-121.01982, 40.23802, 731.0924682617188], [-121.02073, 40.23224, 1534.231689453125], [-121.0202, 40.23564, 2031.9434814453125]]], [[[-121.08277, 40.38197, -8124.205078125], [-121.08231, 40.37767, -7184.1943359375], [-121.08276, 40.38202, -6230.8828125], [-121.08277, 40.38197, -8124.205078125]]], [[[-121.0807, 40.36865, 794.1162719726562], [-121.07708, 40.36012, 752.96826171875], [-121.0793, 40.36388, 1725.7984619140625], [-121.0807, 40.36865, 794.1162719726562]]], [[[-121.06049, 40.32184, -4392.91015625], [-121.05788, 40.31786, -5332.802734375], [-121.05519, 40.31376, -4397.9658203125], [-121.06049, 40.32184, -4392.91015625]]], [[[-121.01982, 40.23802, 731.0924682617188], [-121.02127, 40.22885, 33.19905471801758], [-121.02127, 40.22885, 1036.5189208984375], [-121.01982, 40.23802, 731.0924682617188]]], [[[-121.08109, 40.38625, -9061.4609375], [-121.07771, 40.39478, -9061.4609375], [-121.0794, 40.39051, -10000.0], [-121.08109, 40.38625, -9061.4609375]]], [[[-121.0676, 40.42036, -8887.2900390625], [-121.06758, 40.4204, -7183.6005859375], [-121.06789, 40.42482, -8117.87451171875], [-121.0676, 40.42036, -8887.2900390625]]], [[[-121.07267, 40.40753, -6237.6435546875], [-121.07099, 40.41179, -7179.10205078125], [-121.07434, 40.40332, -7182.6767578125], [-121.07267, 40.40753, -6237.6435546875]]], [[[-121.05231, 40.3103, 939.3847045898438], [-121.05049, 40.30679, 1532.9810791015625], [-121.05393, 40.31394, 1542.1434326171875], [-121.05231, 40.3103, 939.3847045898438]]], [[[-121.08109, 40.38625, -9061.4609375], [-121.0794, 40.39051, -10000.0], [-121.08277, 40.38198, -10000.0], [-121.08109, 40.38625, -9061.4609375]]], [[[-121.07107, 40.34304, -9061.4609375], [-121.07248, 40.34737, -10000.0], [-121.06967, 40.33871, -10000.0], [-121.07107, 40.34304, -9061.4609375]]], [[[-121.07412, 40.43829, 785.1891479492188], [-121.07103, 40.42946, 775.819091796875], [-121.0729, 40.43374, 1748.43212890625], [-121.07412, 40.43829, 785.1891479492188]]], [[[-121.08794, 40.48889, -1070.974365234375], [-121.08793, 40.48911, -325.1185607910156], [-121.08755, 40.49449, -700.7142333984375], [-121.08794, 40.48889, -1070.974365234375]]], [[[-121.08274, 40.47745, -7154.015625], [-121.08287, 40.47793, -8134.01806640625], [-121.08036, 40.46904, -7991.099609375], [-121.08274, 40.47745, -7154.015625]]], [[[-121.08668, 40.4735, 1081.7296142578125], [-121.08634, 40.4685, 1776.1773681640625], [-121.08805, 40.47715, 1832.764404296875], [-121.08668, 40.4735, 1081.7296142578125]]], [[[-121.07251, 40.34747, -4204.1181640625], [-121.07409, 40.35235, -3169.75], [-121.07548, 40.35663, -4208.9091796875], [-121.07251, 40.34747, -4204.1181640625]]], [[[-121.07669, 40.36035, -9061.4609375], [-121.07528, 40.35602, -10000.0], [-121.07388, 40.35169, -9061.4609375], [-121.07669, 40.36035, -9061.4609375]]], [[[-121.02025, 40.23786, -413.22821044921875], [-121.02079, 40.23724, -1470.1602783203125], [-121.02127, 40.22885, -970.120849609375], [-121.02025, 40.23786, -413.22821044921875]]], [[[-121.06819, 40.33416, -5257.21533203125], [-121.06587, 40.33003, -6258.544921875], [-121.06318, 40.32593, -5324.91455078125], [-121.06819, 40.33416, -5257.21533203125]]], [[[-121.08268, 40.46888, -289.6640625], [-121.08126, 40.46268, 87.39639282226562], [-121.08442, 40.47076, 445.24053955078125], [-121.08268, 40.46888, -289.6640625]]], [[[-121.08668, 40.4735, 1081.7296142578125], [-121.08278, 40.46533, 971.5476684570312], [-121.08634, 40.4685, 1776.1773681640625], [-121.08668, 40.4735, 1081.7296142578125]]], [[[-121.07247, 40.34737, -8122.248046875], [-121.07107, 40.34304, -9061.4609375], [-121.06965, 40.33867, -8124.5673828125], [-121.07247, 40.34737, -8122.248046875]]], [[[-121.02938, 40.26252, -6169.2890625], [-121.02995, 40.25958, -7211.67529296875], [-121.02551, 40.25364, -6453.60302734375], [-121.02938, 40.26252, -6169.2890625]]], [[[-121.02137, 40.25887, -10.914910316467285], [-121.02258, 40.26388, 822.7083129882812], [-121.02443, 40.26777, -153.72984313964844], [-121.02137, 40.25887, -10.914910316467285]]], [[[-121.04271, 40.29862, -4417.80712890625], [-121.04198, 40.29405, -5347.2490234375], [-121.03826, 40.28957, -4395.7607421875], [-121.04271, 40.29862, -4417.80712890625]]], [[[-121.03749, 40.27645, -7212.021484375], [-121.04088, 40.28028, -8141.81494140625], [-121.0371, 40.27184, -8141.8154296875], [-121.03749, 40.27645, -7212.021484375]]], [[[-121.08108, 40.38627, -5255.7529296875], [-121.07774, 40.39471, -5240.689453125], [-121.07939, 40.39053, -6237.5634765625], [-121.08108, 40.38627, -5255.7529296875]]], [[[-121.07106, 40.343, -7184.89599609375], [-121.07388, 40.35169, -7182.6767578125], [-121.07247, 40.34737, -8122.248046875], [-121.07106, 40.343, -7184.89599609375]]], [[[-121.06587, 40.33003, -6258.544921875], [-121.06821, 40.33422, -7191.40966796875], [-121.06326, 40.32605, -7198.896484375], [-121.06587, 40.33003, -6258.544921875]]], [[[-121.03064, 40.26854, -5376.19189453125], [-121.03391, 40.27222, -6275.5107421875], [-121.02938, 40.26252, -6169.2890625], [-121.03064, 40.26854, -5376.19189453125]]], [[[-121.04434, 40.29731, -831.3807373046875], [-121.03964, 40.29178, -584.0828857421875], [-121.04531, 40.29782, -163.8524169921875], [-121.04434, 40.29731, -831.3807373046875]]], [[[-121.03236, 40.28297, -1048.3350830078125], [-121.02913, 40.27678, -237.94378662109375], [-121.03433, 40.28675, -107.3041763305664], [-121.03236, 40.28297, -1048.3350830078125]]], [[[-121.04375, 40.29736, -1586.3297119140625], [-121.04023, 40.29406, -2496.21142578125], [-121.03842, 40.2909, -1404.89990234375], [-121.04375, 40.29736, -1586.3297119140625]]], [[[-121.03064, 40.26854, -5376.19189453125], [-121.02938, 40.26252, -6169.2890625], [-121.02622, 40.26183, -4995.55224609375], [-121.03064, 40.26854, -5376.19189453125]]], [[[-121.06821, 40.33422, -7191.40966796875], [-121.06965, 40.33867, -8124.5673828125], [-121.06595, 40.33014, -8131.6240234375], [-121.06821, 40.33422, -7191.40966796875]]], [[[-121.02073, 40.23224, 1534.231689453125], [-121.01982, 40.23802, 731.0924682617188], [-121.02127, 40.22885, 1036.5189208984375], [-121.02073, 40.23224, 1534.231689453125]]], [[[-121.06595, 40.33014, -8131.6240234375], [-121.06825, 40.33434, -9064.078125], [-121.06314, 40.3263, -9071.2412109375], [-121.06595, 40.33014, -8131.6240234375]]], [[[-121.06327, 40.32606, -3401.53271484375], [-121.06901, 40.33667, -3997.104736328125], [-121.06552, 40.3295, -4408.63232421875], [-121.06327, 40.32606, -3401.53271484375]]], [[[-121.01981, 40.2461, 1045.549560546875], [-121.01913, 40.24243, 2024.048095703125], [-121.0201, 40.25149, 1922.074951171875], [-121.01981, 40.2461, 1045.549560546875]]], [[[-121.04919, 40.30638, -6282.22412109375], [-121.0488, 40.30177, -7212.03515625], [-121.04541, 40.29795, -6282.22412109375], [-121.04919, 40.30638, -6282.22412109375]]], [[[-121.07602, 40.39905, -8122.248046875], [-121.07434, 40.40332, -9061.4609375], [-121.07771, 40.39478, -9061.4609375], [-121.07602, 40.39905, -8122.248046875]]], [[[-121.0852, 40.48617, -6602.90283203125], [-121.08755, 40.49449, -7086.39453125], [-121.0852, 40.48618, -7573.64501953125], [-121.0852, 40.48617, -6602.90283203125]]], [[[-121.03358, 40.26783, -7181.88671875], [-121.03749, 40.27645, -7212.021484375], [-121.0371, 40.27184, -8141.8154296875], [-121.03358, 40.26783, -7181.88671875]]], [[[-121.02087, 40.24568, -971.0447387695312], [-121.02079, 40.23724, -1470.1602783203125], [-121.02025, 40.23786, -413.22821044921875], [-121.02087, 40.24568, -971.0447387695312]]], [[[-121.02995, 40.25958, -7211.67529296875], [-121.03333, 40.2634, -8141.8154296875], [-121.02957, 40.25496, -8141.1201171875], [-121.02995, 40.25958, -7211.67529296875]]], [[[-121.08258, 40.37849, -3149.178955078125], [-121.08117, 40.37417, -4187.43603515625], [-121.07974, 40.36975, -3158.25927734375], [-121.08258, 40.37849, -3149.178955078125]]], [[[-121.02202, 40.25403, -2475.9609375], [-121.02141, 40.24567, -1968.0650634765625], [-121.02152, 40.25402, -1541.1575927734375], [-121.02202, 40.25403, -2475.9609375]]], [[[-121.02995, 40.25958, -7211.67529296875], [-121.02957, 40.25496, -8141.1201171875], [-121.0265, 40.25147, -7318.71826171875], [-121.02995, 40.25958, -7211.67529296875]]], [[[-121.0371, 40.27184, -8141.8154296875], [-121.04049, 40.27566, -9071.2421875], [-121.03672, 40.26722, -9071.2421875], [-121.0371, 40.27184, -8141.8154296875]]], [[[-121.08282, 40.47776, -5149.0498046875], [-121.0852, 40.48616, -4660.65478515625], [-121.0852, 40.48617, -5631.78173828125], [-121.08282, 40.47776, -5149.0498046875]]], [[[-121.02161, 40.23727, -4481.7392578125], [-121.02161, 40.23727, -5485.060546875], [-121.02127, 40.22885, -4983.400390625], [-121.02161, 40.23727, -4481.7392578125]]], [[[-121.05659, 40.31631, -895.0159301757812], [-121.05391, 40.31215, -1344.2412109375], [-121.0523, 40.3102, -851.6177368164062], [-121.05659, 40.31631, -895.0159301757812]]], [[[-121.0211, 40.25439, -722.642333984375], [-121.02042, 40.24819, 62.90944290161133], [-121.02137, 40.25887, -10.914910316467285], [-121.0211, 40.25439, -722.642333984375]]], [[[-121.07207, 40.4086, -2162.337158203125], [-121.07382, 40.40362, -1176.3104248046875], [-121.07045, 40.41212, -1126.21484375], [-121.07207, 40.4086, -2162.337158203125]]], [[[-121.07554, 40.35608, -238.70352172851562], [-121.07402, 40.35116, 708.3218383789062], [-121.07708, 40.36012, 752.96826171875], [-121.07554, 40.35608, -238.70352172851562]]], [[[-121.02161, 40.23727, -6488.38037109375], [-121.02236, 40.24472, -7064.501953125], [-121.02161, 40.23707, -7475.08154296875], [-121.02161, 40.23727, -6488.38037109375]]], [[[-121.02551, 40.25364, -6453.60302734375], [-121.0265, 40.25147, -7318.71826171875], [-121.02236, 40.24472, -7064.501953125], [-121.02551, 40.25364, -6453.60302734375]]], [[[-121.06789, 40.42482, -8117.87451171875], [-121.0691, 40.42909, -9061.4609375], [-121.0676, 40.42036, -8887.2900390625], [-121.06789, 40.42482, -8117.87451171875]]], [[[-121.0297, 40.27787, -1927.907958984375], [-121.0264, 40.27155, -1198.0078125], [-121.03236, 40.28297, -1048.3350830078125], [-121.0297, 40.27787, -1927.907958984375]]], [[[-121.07602, 40.39905, -8122.248046875], [-121.07771, 40.39478, -9061.4609375], [-121.0794, 40.39051, -8122.248046875], [-121.07602, 40.39905, -8122.248046875]]], [[[-121.07402, 40.35116, 708.3218383789062], [-121.07177, 40.34657, 1635.736572265625], [-121.07562, 40.3552, 1673.964599609375], [-121.07402, 40.35116, 708.3218383789062]]], [[[-121.08234, 40.47351, -2178.885986328125], [-121.08024, 40.46483, -1770.8939208984375], [-121.08213, 40.46958, -1149.6583251953125], [-121.08234, 40.47351, -2178.885986328125]]], [[[-121.02236, 40.24472, -7064.501953125], [-121.02161, 40.23727, -6488.38037109375], [-121.02196, 40.24569, -5986.71923828125], [-121.02236, 40.24472, -7064.501953125]]], [[[-121.0807, 40.36865, 794.1162719726562], [-121.0793, 40.36388, 1725.7984619140625], [-121.08212, 40.3727, 1761.9517822265625], [-121.0807, 40.36865, 794.1162719726562]]], [[[-121.02161, 40.23727, -6488.38037109375], [-121.02127, 40.22885, -6990.04052734375], [-121.02127, 40.22885, -5986.72021484375], [-121.02161, 40.23727, -6488.38037109375]]], [[[-121.07412, 40.43829, 785.1891479492188], [-121.0729, 40.43374, 1748.43212890625], [-121.07596, 40.44257, 1756.6285400390625], [-121.07412, 40.43829, 785.1891479492188]]], [[[-121.02073, 40.25505, 929.0972290039062], [-121.01981, 40.2461, 1045.549560546875], [-121.0201, 40.25149, 1922.074951171875], [-121.02073, 40.25505, 929.0972290039062]]], [[[-121.08709, 40.47975, 104.4471206665039], [-121.0868, 40.48, -489.0270690917969], [-121.08596, 40.47506, 67.10265350341797], [-121.08709, 40.47975, 104.4471206665039]]], [[[-121.06936, 40.4159, -4422.25244140625], [-121.06759, 40.42039, -5431.37109375], [-121.07095, 40.41187, -5287.58251953125], [-121.06936, 40.4159, -4422.25244140625]]], [[[-121.02042, 40.24819, 62.90944290161133], [-121.01982, 40.23802, 731.0924682617188], [-121.01981, 40.2461, 1045.549560546875], [-121.02042, 40.24819, 62.90944290161133]]], [[[-121.02196, 40.24569, -4983.400390625], [-121.02161, 40.23727, -5485.060546875], [-121.02161, 40.23727, -4481.7392578125], [-121.02196, 40.24569, -4983.400390625]]], [[[-121.07395, 40.44632, -5277.36181640625], [-121.07519, 40.4507, -6303.13525390625], [-121.07278, 40.44217, -6243.0732421875], [-121.07395, 40.44632, -5277.36181640625]]], [[[-121.04954, 40.30549, -2785.922119140625], [-121.05423, 40.31235, -2731.84326171875], [-121.05238, 40.30951, -3534.04345703125], [-121.04954, 40.30549, -2785.922119140625]]], [[[-121.06595, 40.33014, -8131.6240234375], [-121.06314, 40.3263, -9071.2412109375], [-121.06012, 40.32234, -8140.0859375], [-121.06595, 40.33014, -8131.6240234375]]], [[[-121.07032, 40.43345, -8122.248046875], [-121.07155, 40.43781, -9061.4609375], [-121.0691, 40.42909, -9061.4609375], [-121.07032, 40.43345, -8122.248046875]]], [[[-121.04126, 40.28489, -7212.03564453125], [-121.04465, 40.28872, -8141.81494140625], [-121.04088, 40.28028, -8141.81494140625], [-121.04126, 40.28489, -7212.03564453125]]], [[[-121.04603, 40.30084, -2335.64697265625], [-121.04023, 40.29406, -2496.21142578125], [-121.04375, 40.29736, -1586.3297119140625], [-121.04603, 40.30084, -2335.64697265625]]], [[[-121.04503, 40.29333, -7212.03564453125], [-121.04842, 40.29716, -8141.814453125], [-121.04465, 40.28872, -8141.81494140625], [-121.04503, 40.29333, -7212.03564453125]]], [[[-121.08234, 40.47351, -2178.885986328125], [-121.08487, 40.48202, -2027.9659423828125], [-121.08315, 40.47891, -3003.192138671875], [-121.08234, 40.47351, -2178.885986328125]]], [[[-121.02141, 40.24567, -1968.0650634765625], [-121.02195, 40.24567, -2973.33203125], [-121.02133, 40.23726, -2472.331787109375], [-121.02141, 40.24567, -1968.0650634765625]]], [[[-121.02161, 40.23727, -3478.341796875], [-121.02127, 40.22885, -3980.08056640625], [-121.02127, 40.22885, -2976.7607421875], [-121.02161, 40.23727, -3478.341796875]]], [[[-121.07974, 40.36975, -3158.25927734375], [-121.07837, 40.36532, -2172.4375], [-121.08114, 40.37383, -2160.556884765625], [-121.07974, 40.36975, -3158.25927734375]]], [[[-121.08268, 40.46888, -289.6640625], [-121.07968, 40.46003, -869.7613525390625], [-121.08126, 40.46268, 87.39639282226562], [-121.08268, 40.46888, -289.6640625]]], [[[-121.06595, 40.33014, -8131.6240234375], [-121.06012, 40.32234, -8140.0859375], [-121.06326, 40.32605, -7198.896484375], [-121.06595, 40.33014, -8131.6240234375]]], [[[-121.02231, 40.2541, -3475.09912109375], [-121.02196, 40.24569, -3979.998291015625], [-121.02195, 40.24567, -2973.33203125], [-121.02231, 40.2541, -3475.09912109375]]], [[[-121.07034, 40.43352, -6239.2861328125], [-121.06912, 40.42917, -7178.97900390625], [-121.06787, 40.42473, -6243.85498046875], [-121.07034, 40.43352, -6239.2861328125]]], [[[-121.07226, 40.43397, -225.4141387939453], [-121.07412, 40.43829, 785.1891479492188], [-121.07534, 40.44288, -213.3543701171875], [-121.07226, 40.43397, -225.4141387939453]]], [[[-121.06552, 40.3295, -4408.63232421875], [-121.06901, 40.33667, -3997.104736328125], [-121.06819, 40.33416, -5257.21533203125], [-121.06552, 40.3295, -4408.63232421875]]], [[[-121.02231, 40.25411, -4481.66259765625], [-121.02196, 40.24569, -4983.400390625], [-121.02196, 40.24569, -3979.998291015625], [-121.02231, 40.25411, -4481.66259765625]]], [[[-121.08575, 40.48717, -2694.197265625], [-121.08755, 40.49449, -3201.5869140625], [-121.08519, 40.48615, -3689.298828125], [-121.08575, 40.48717, -2694.197265625]]], [[[-121.0217, 40.23741, -8352.7958984375], [-121.02127, 40.22885, -8996.6796875], [-121.02127, 40.22885, -7993.3603515625], [-121.0217, 40.23741, -8352.7958984375]]], [[[-121.02127, 40.22885, -10000.0], [-121.02127, 40.22885, -8996.6796875], [-121.0223, 40.23317, -9503.7265625], [-121.02127, 40.22885, -10000.0]]], [[[-121.04619, 40.29803, 1034.6710205078125], [-121.04465, 40.29535, 1528.824462890625], [-121.04762, 40.30041, 1529.3048095703125], [-121.04619, 40.29803, 1034.6710205078125]]], [[[-121.02231, 40.25411, -4481.66259765625], [-121.02353, 40.25429, -5506.05859375], [-121.02196, 40.24569, -4983.400390625], [-121.02231, 40.25411, -4481.66259765625]]], [[[-121.02551, 40.25364, -6453.60302734375], [-121.02353, 40.25429, -5506.05859375], [-121.02938, 40.26252, -6169.2890625], [-121.02551, 40.25364, -6453.60302734375]]], [[[-121.06794, 40.33345, 667.6055297851562], [-121.06513, 40.32916, 1598.4183349609375], [-121.06912, 40.33767, 1625.58251953125], [-121.06794, 40.33345, 667.6055297851562]]], [[[-121.06787, 40.42473, -6243.85498046875], [-121.06759, 40.42039, -5431.37109375], [-121.06909, 40.42909, -5303.34521484375], [-121.06787, 40.42473, -6243.85498046875]]], [[[-121.06923, 40.33805, -296.9643859863281], [-121.07041, 40.34224, 685.1779174804688], [-121.07254, 40.34686, -267.334716796875], [-121.06923, 40.33805, -296.9643859863281]]], [[[-121.08231, 40.37767, -9061.708984375], [-121.08091, 40.37334, -10000.0], [-121.0795, 40.36901, -9061.4609375], [-121.08231, 40.37767, -9061.708984375]]], [[[-121.03783, 40.28101, -6275.62548828125], [-121.04126, 40.28489, -7212.03564453125], [-121.03749, 40.27645, -7212.021484375], [-121.03783, 40.28101, -6275.62548828125]]], [[[-121.07442, 40.40312, -5261.71728515625], [-121.07267, 40.40753, -6237.6435546875], [-121.07602, 40.39905, -6241.9814453125], [-121.07442, 40.40312, -5261.71728515625]]], [[[-121.07382, 40.40362, -1176.3104248046875], [-121.07579, 40.39918, -2169.918701171875], [-121.07722, 40.39502, -1143.790771484375], [-121.07382, 40.40362, -1176.3104248046875]]], [[[-121.03826, 40.28957, -4395.7607421875], [-121.04198, 40.29405, -5347.2490234375], [-121.03797, 40.28525, -5300.35302734375], [-121.03826, 40.28957, -4395.7607421875]]], [[[-121.07708, 40.36012, 752.96826171875], [-121.07402, 40.35116, 708.3218383789062], [-121.07562, 40.3552, 1673.964599609375], [-121.07708, 40.36012, 752.96826171875]]], [[[-121.06057, 40.32195, -6266.2509765625], [-121.06318, 40.32593, -5324.91455078125], [-121.06587, 40.33003, -6258.544921875], [-121.06057, 40.32195, -6266.2509765625]]], [[[-121.05659, 40.31631, -895.0159301757812], [-121.0523, 40.3102, -851.6177368164062], [-121.05432, 40.31347, -405.8232727050781], [-121.05659, 40.31631, -895.0159301757812]]], [[[-121.04126, 40.28489, -7212.03564453125], [-121.04503, 40.29333, -7212.03564453125], [-121.04465, 40.28872, -8141.81494140625], [-121.04126, 40.28489, -7212.03564453125]]], [[[-121.07107, 40.34304, -9061.4609375], [-121.07388, 40.35169, -9061.4609375], [-121.07248, 40.34737, -10000.0], [-121.07107, 40.34304, -9061.4609375]]], [[[-121.07669, 40.36035, -9061.4609375], [-121.07809, 40.36468, -10000.0], [-121.07528, 40.35602, -10000.0], [-121.07669, 40.36035, -9061.4609375]]], [[[-121.08275, 40.38253, -2088.211181640625], [-121.08135, 40.38612, -1104.1756591796875], [-121.07922, 40.39046, -2084.16943359375], [-121.08275, 40.38253, -2088.211181640625]]], [[[-121.08596, 40.47506, 67.10265350341797], [-121.08442, 40.47076, 445.24053955078125], [-121.08707, 40.47759, 612.3919067382812], [-121.08596, 40.47506, 67.10265350341797]]], [[[-121.04854, 40.3024, -467.77203369140625], [-121.04531, 40.29782, -163.8524169921875], [-121.04876, 40.30271, 101.50607299804688], [-121.04854, 40.3024, -467.77203369140625]]], [[[-121.04919, 40.30638, -6282.22412109375], [-121.05258, 40.31021, -7212.03564453125], [-121.0488, 40.30177, -7212.03515625], [-121.04919, 40.30638, -6282.22412109375]]], [[[-121.08767, 40.48839, 1122.539794921875], [-121.08828, 40.48317, 573.678955078125], [-121.0884, 40.48129, 1166.711181640625], [-121.08767, 40.48839, 1122.539794921875]]], [[[-121.06595, 40.33014, -8131.6240234375], [-121.06965, 40.33867, -8124.5673828125], [-121.06825, 40.33434, -9064.078125], [-121.06595, 40.33014, -8131.6240234375]]], [[[-121.04164, 40.28951, -6282.22412109375], [-121.04503, 40.29333, -7212.03564453125], [-121.04126, 40.28489, -7212.03564453125], [-121.04164, 40.28951, -6282.22412109375]]], [[[-121.0795, 40.36901, -9061.4609375], [-121.07809, 40.36468, -10000.0], [-121.07669, 40.36035, -9061.4609375], [-121.0795, 40.36901, -9061.4609375]]], [[[-121.08258, 40.37849, -3149.178955078125], [-121.08114, 40.37383, -2160.556884765625], [-121.08275, 40.38253, -2088.211181640625], [-121.08258, 40.37849, -3149.178955078125]]], [[[-121.08184, 40.38622, 808.1431274414062], [-121.08279, 40.37729, 811.4130859375], [-121.083, 40.38176, 1767.8834228515625], [-121.08184, 40.38622, 808.1431274414062]]], [[[-121.081, 40.38647, -3138.364990234375], [-121.08258, 40.37849, -3149.178955078125], [-121.08275, 40.38253, -2088.211181640625], [-121.081, 40.38647, -3138.364990234375]]], [[[-121.02707, 40.27284, 725.9671630859375], [-121.02443, 40.26777, -153.72984313964844], [-121.02258, 40.26388, 822.7083129882812], [-121.02707, 40.27284, 725.9671630859375]]], [[[-121.05597, 40.31404, -8141.81396484375], [-121.05559, 40.30942, -9071.2412109375], [-121.0522, 40.3056, -8141.814453125], [-121.05597, 40.31404, -8141.81396484375]]], [[[-121.08135, 40.38612, -1104.1756591796875], [-121.08275, 40.38253, -2088.211181640625], [-121.08284, 40.37764, -1160.6837158203125], [-121.08135, 40.38612, -1104.1756591796875]]], [[[-121.0682, 40.42405, -1775.617431640625], [-121.06737, 40.42074, -848.7979736328125], [-121.07019, 40.42884, -1032.1494140625], [-121.0682, 40.42405, -1775.617431640625]]], [[[-121.0264, 40.27155, -1198.0078125], [-121.02443, 40.26777, -153.72984313964844], [-121.02913, 40.27678, -237.94378662109375], [-121.0264, 40.27155, -1198.0078125]]], [[[-121.07106, 40.343, -7184.89599609375], [-121.07247, 40.34737, -8122.248046875], [-121.06965, 40.33867, -8124.5673828125], [-121.07106, 40.343, -7184.89599609375]]], [[[-121.07277, 40.40729, -4299.9375], [-121.06936, 40.4159, -4422.25244140625], [-121.07095, 40.41187, -5287.58251953125], [-121.07277, 40.40729, -4299.9375]]], [[[-121.0795, 40.36901, -9061.4609375], [-121.08091, 40.37334, -10000.0], [-121.07809, 40.36468, -10000.0], [-121.0795, 40.36901, -9061.4609375]]], [[[-121.06376, 40.327, -2075.1083984375], [-121.06767, 40.33277, -2954.222412109375], [-121.06327, 40.32606, -3401.53271484375], [-121.06376, 40.327, -2075.1083984375]]], [[[-121.07528, 40.35602, -6238.36083984375], [-121.07245, 40.34728, -6222.3359375], [-121.07389, 40.35173, -5246.7490234375], [-121.07528, 40.35602, -6238.36083984375]]], [[[-121.04271, 40.29862, -4417.80712890625], [-121.04579, 40.30256, -5351.55810546875], [-121.04198, 40.29405, -5347.2490234375], [-121.04271, 40.29862, -4417.80712890625]]], [[[-121.07245, 40.34728, -6222.3359375], [-121.07528, 40.35602, -6238.36083984375], [-121.07388, 40.35169, -7182.6767578125], [-121.07245, 40.34728, -6222.3359375]]], [[[-121.0884, 40.48129, 1166.711181640625], [-121.08707, 40.47759, 612.3919067382812], [-121.08668, 40.4735, 1081.7296142578125], [-121.0884, 40.48129, 1166.711181640625]]], [[[-121.07553, 40.35655, -2173.5166015625], [-121.07701, 40.36086, -1195.477294921875], [-121.07837, 40.36532, -2172.4375], [-121.07553, 40.35655, -2173.5166015625]]], [[[-121.02133, 40.23726, -2472.331787109375], [-121.02127, 40.22885, -2976.7607421875], [-121.02127, 40.22885, -1973.4407958984375], [-121.02133, 40.23726, -2472.331787109375]]], [[[-121.02258, 40.26388, 822.7083129882812], [-121.02137, 40.25887, -10.914910316467285], [-121.02073, 40.25505, 929.0972290039062], [-121.02258, 40.26388, 822.7083129882812]]], [[[-121.07265, 40.40759, -8122.248046875], [-121.07434, 40.40332, -9061.4609375], [-121.07602, 40.39905, -8122.248046875], [-121.07265, 40.40759, -8122.248046875]]], [[[-121.07548, 40.35663, -4208.9091796875], [-121.07672, 40.36045, -5255.044921875], [-121.07389, 40.35173, -5246.7490234375], [-121.07548, 40.35663, -4208.9091796875]]], [[[-121.07528, 40.35602, -6238.36083984375], [-121.07669, 40.36035, -7182.6767578125], [-121.07388, 40.35169, -7182.6767578125], [-121.07528, 40.35602, -6238.36083984375]]], [[[-121.0674, 40.42063, 670.7175903320312], [-121.06893, 40.41585, -167.34823608398438], [-121.07024, 40.41173, 858.73583984375], [-121.0674, 40.42063, 670.7175903320312]]], [[[-121.02551, 40.25364, -6453.60302734375], [-121.02236, 40.24472, -7064.501953125], [-121.02196, 40.24569, -5986.71923828125], [-121.02551, 40.25364, -6453.60302734375]]], [[[-121.05181, 40.30098, -9071.2412109375], [-121.05559, 40.30942, -9071.2412109375], [-121.0552, 40.30481, -10000.0], [-121.05181, 40.30098, -9071.2412109375]]], [[[-121.06012, 40.32234, -8140.0859375], [-121.05936, 40.31786, -9071.2412109375], [-121.05597, 40.31404, -8141.81396484375], [-121.06012, 40.32234, -8140.0859375]]], [[[-121.07787, 40.46021, -6224.96826171875], [-121.07647, 40.45525, -7182.0537109375], [-121.07519, 40.4507, -6303.13525390625], [-121.07787, 40.46021, -6224.96826171875]]], [[[-121.08783, 40.48856, 415.6106872558594], [-121.08767, 40.48839, 1122.539794921875], [-121.08755, 40.49449, 912.3116455078125], [-121.08783, 40.48856, 415.6106872558594]]], [[[-121.0769, 40.36102, -3150.312744140625], [-121.07548, 40.35663, -4208.9091796875], [-121.07409, 40.35235, -3169.75], [-121.0769, 40.36102, -3150.312744140625]]], [[[-121.02202, 40.25403, -2475.9609375], [-121.02231, 40.2541, -3475.09912109375], [-121.02195, 40.24567, -2973.33203125], [-121.02202, 40.25403, -2475.9609375]]], [[[-121.03964, 40.29178, -584.0828857421875], [-121.03433, 40.28675, -107.3041763305664], [-121.04145, 40.29307, 215.787353515625], [-121.03964, 40.29178, -584.0828857421875]]], [[[-121.08274, 40.47745, -7154.015625], [-121.0805, 40.46953, -6685.16748046875], [-121.08283, 40.47779, -6120.06005859375], [-121.08274, 40.47745, -7154.015625]]], [[[-121.0688, 40.41709, -2589.5595703125], [-121.07207, 40.4086, -2162.337158203125], [-121.0686, 40.41712, -1735.707763671875], [-121.0688, 40.41709, -2589.5595703125]]], [[[-121.0769, 40.36102, -3150.312744140625], [-121.07409, 40.35235, -3169.75], [-121.07553, 40.35655, -2173.5166015625], [-121.0769, 40.36102, -3150.312744140625]]], [[[-121.0781, 40.36469, -6238.67529296875], [-121.07955, 40.36916, -5246.88427734375], [-121.08091, 40.37334, -6242.12451171875], [-121.0781, 40.36469, -6238.67529296875]]], [[[-121.04804, 40.29254, -9071.2421875], [-121.05143, 40.29637, -10000.0], [-121.04765, 40.28793, -10000.0], [-121.04804, 40.29254, -9071.2421875]]], [[[-121.07115, 40.41137, -3330.887451171875], [-121.07277, 40.40729, -4299.9375], [-121.07432, 40.40337, -3180.488525390625], [-121.07115, 40.41137, -3330.887451171875]]], [[[-121.07771, 40.39478, -7182.6767578125], [-121.07602, 40.39905, -8122.248046875], [-121.0794, 40.39051, -8122.248046875], [-121.07771, 40.39478, -7182.6767578125]]], [[[-121.07647, 40.45525, -9061.4609375], [-121.0777, 40.45961, -10000.0], [-121.07524, 40.45089, -10000.0], [-121.07647, 40.45525, -9061.4609375]]], [[[-121.02196, 40.24569, -5986.71923828125], [-121.02161, 40.23727, -5485.060546875], [-121.02196, 40.24569, -4983.400390625], [-121.02196, 40.24569, -5986.71923828125]]], [[[-121.07977, 40.36938, -1180.7880859375], [-121.07848, 40.36491, -203.7648162841797], [-121.08195, 40.37314, -183.99343872070312], [-121.07977, 40.36938, -1180.7880859375]]], [[[-121.05666, 40.31708, 760.3339233398438], [-121.05393, 40.31394, 1542.1434326171875], [-121.05949, 40.32113, 1549.67138671875], [-121.05666, 40.31708, 760.3339233398438]]], [[[-121.07718, 40.44712, 796.095703125], [-121.07534, 40.44288, -213.3543701171875], [-121.07412, 40.43829, 785.1891479492188], [-121.07718, 40.44712, 796.095703125]]], [[[-121.07019, 40.42884, -1032.1494140625], [-121.06737, 40.42074, -848.7979736328125], [-121.06863, 40.42517, -163.3783721923828], [-121.07019, 40.42884, -1032.1494140625]]], [[[-121.07534, 40.44288, -213.3543701171875], [-121.07718, 40.44712, 796.095703125], [-121.07818, 40.4526, -185.15789794921875], [-121.07534, 40.44288, -213.3543701171875]]], [[[-121.0852, 40.48617, -6602.90283203125], [-121.08755, 40.49449, -6115.1923828125], [-121.08755, 40.49449, -7086.39453125], [-121.0852, 40.48617, -6602.90283203125]]], [[[-121.03619, 40.28931, 806.9690551757812], [-121.03433, 40.28675, -107.3041763305664], [-121.03153, 40.28139, 673.313720703125], [-121.03619, 40.28931, 806.9690551757812]]], [[[-121.08126, 40.46268, 87.39639282226562], [-121.08004, 40.45611, 810.3219604492188], [-121.08278, 40.46533, 971.5476684570312], [-121.08126, 40.46268, 87.39639282226562]]], [[[-121.0522, 40.3056, -8141.814453125], [-121.05559, 40.30942, -9071.2412109375], [-121.05181, 40.30098, -9071.2412109375], [-121.0522, 40.3056, -8141.814453125]]], [[[-121.0223, 40.26272, -1035.40673828125], [-121.0211, 40.25439, -722.642333984375], [-121.02137, 40.25887, -10.914910316467285], [-121.0223, 40.26272, -1035.40673828125]]], [[[-121.03508, 40.28654, -3384.902099609375], [-121.03826, 40.28957, -4395.7607421875], [-121.0334, 40.27913, -4286.27587890625], [-121.03508, 40.28654, -3384.902099609375]]], [[[-121.02231, 40.26276, -1994.8262939453125], [-121.02152, 40.25402, -1541.1575927734375], [-121.0223, 40.26272, -1035.40673828125], [-121.02231, 40.26276, -1994.8262939453125]]], [[[-121.05258, 40.31021, -7212.03564453125], [-121.05597, 40.31404, -8141.81396484375], [-121.0522, 40.3056, -8141.814453125], [-121.05258, 40.31021, -7212.03564453125]]], [[[-121.08284, 40.37764, -1160.6837158203125], [-121.08114, 40.37383, -2160.556884765625], [-121.07977, 40.36938, -1180.7880859375], [-121.08284, 40.37764, -1160.6837158203125]]], [[[-121.08046, 40.46939, -4596.5771484375], [-121.08282, 40.47776, -5149.0498046875], [-121.0804, 40.46916, -5656.1455078125], [-121.08046, 40.46939, -4596.5771484375]]], [[[-121.02236, 40.24472, -7064.501953125], [-121.02545, 40.24583, -8117.87109375], [-121.0217, 40.23741, -8352.7958984375], [-121.02236, 40.24472, -7064.501953125]]], [[[-121.07708, 40.36012, 752.96826171875], [-121.07562, 40.3552, 1673.964599609375], [-121.0793, 40.36388, 1725.7984619140625], [-121.07708, 40.36012, 752.96826171875]]], [[[-121.02161, 40.23727, -3478.341796875], [-121.02196, 40.24569, -3979.998291015625], [-121.02161, 40.23727, -4481.7392578125], [-121.02161, 40.23727, -3478.341796875]]], [[[-121.08276, 40.38202, -6230.8828125], [-121.08231, 40.37767, -7184.1943359375], [-121.08091, 40.37334, -6242.12451171875], [-121.08276, 40.38202, -6230.8828125]]], [[[-121.0875, 40.48509, -669.8743286132812], [-121.08794, 40.48889, -1070.974365234375], [-121.08659, 40.4836, -1297.3385009765625], [-121.0875, 40.48509, -669.8743286132812]]], [[[-121.07052, 40.43413, -4375.2490234375], [-121.07302, 40.44301, -4282.04248046875], [-121.07159, 40.43795, -5283.7626953125], [-121.07052, 40.43413, -4375.2490234375]]], [[[-121.0693, 40.41605, -8118.291015625], [-121.0676, 40.42036, -8887.2900390625], [-121.07096, 40.41186, -9061.4609375], [-121.0693, 40.41605, -8118.291015625]]], [[[-121.07528, 40.35602, -8122.248046875], [-121.07669, 40.36035, -7182.6767578125], [-121.07809, 40.36468, -8122.248046875], [-121.07528, 40.35602, -8122.248046875]]], [[[-121.07592, 40.45328, -4388.2958984375], [-121.07657, 40.4556, -3065.62939453125], [-121.0784, 40.46207, -3915.292236328125], [-121.07592, 40.45328, -4388.2958984375]]], [[[-121.07247, 40.34737, -8122.248046875], [-121.07528, 40.35602, -8122.248046875], [-121.07388, 40.35169, -9061.4609375], [-121.07247, 40.34737, -8122.248046875]]], [[[-121.07425, 40.44738, -3430.46728515625], [-121.07127, 40.4368, -3145.641357421875], [-121.07404, 40.44446, -2292.910888671875], [-121.07425, 40.44738, -3430.46728515625]]], [[[-121.04841, 40.30303, -1673.2003173828125], [-121.04375, 40.29736, -1586.3297119140625], [-121.0481, 40.30205, -1063.453125], [-121.04841, 40.30303, -1673.2003173828125]]], [[[-121.02025, 40.23786, -413.22821044921875], [-121.02127, 40.22885, -970.120849609375], [-121.02127, 40.22885, 33.19905471801758], [-121.02025, 40.23786, -413.22821044921875]]], [[[-121.08081, 40.47062, -3429.965576171875], [-121.08315, 40.47891, -3003.192138671875], [-121.08282, 40.47774, -4130.88232421875], [-121.08081, 40.47062, -3429.965576171875]]], [[[-121.07787, 40.46021, -6224.96826171875], [-121.0805, 40.46953, -6685.16748046875], [-121.07877, 40.4634, -7217.998046875], [-121.07787, 40.46021, -6224.96826171875]]], [[[-121.02443, 40.26777, -153.72984313964844], [-121.02707, 40.27284, 725.9671630859375], [-121.02913, 40.27678, -237.94378662109375], [-121.02443, 40.26777, -153.72984313964844]]], [[[-121.06819, 40.33416, -5257.21533203125], [-121.06962, 40.33858, -6231.3642578125], [-121.06587, 40.33003, -6258.544921875], [-121.06819, 40.33416, -5257.21533203125]]], [[[-121.08413, 40.47706, -1278.85302734375], [-121.08659, 40.4836, -1297.3385009765625], [-121.08487, 40.48202, -2027.9659423828125], [-121.08413, 40.47706, -1278.85302734375]]], [[[-121.0674, 40.42063, 670.7175903320312], [-121.06873, 40.41648, 1781.27587890625], [-121.06865, 40.42523, 1744.1378173828125], [-121.0674, 40.42063, 670.7175903320312]]], [[[-121.04854, 40.3024, -467.77203369140625], [-121.04876, 40.30271, 101.50607299804688], [-121.05117, 40.30764, -270.35430908203125], [-121.04854, 40.3024, -467.77203369140625]]], [[[-121.07977, 40.36938, -1180.7880859375], [-121.07837, 40.36532, -2172.4375], [-121.07701, 40.36086, -1195.477294921875], [-121.07977, 40.36938, -1180.7880859375]]], [[[-121.05432, 40.31347, -405.8232727050781], [-121.05117, 40.30764, -270.35430908203125], [-121.05324, 40.31236, 231.0934600830078], [-121.05432, 40.31347, -405.8232727050781]]], [[[-121.0784, 40.46207, -3915.292236328125], [-121.08081, 40.47062, -3429.965576171875], [-121.08046, 40.46939, -4596.5771484375], [-121.0784, 40.46207, -3915.292236328125]]], [[[-121.0794, 40.39051, -8122.248046875], [-121.07771, 40.39478, -9061.4609375], [-121.08109, 40.38625, -9061.4609375], [-121.0794, 40.39051, -8122.248046875]]], [[[-121.07669, 40.36035, -7182.6767578125], [-121.07528, 40.35602, -8122.248046875], [-121.07388, 40.35169, -7182.6767578125], [-121.07669, 40.36035, -7182.6767578125]]], [[[-121.04577, 40.3015, -3403.614013671875], [-121.04896, 40.3061, -4406.07763671875], [-121.04271, 40.29862, -4417.80712890625], [-121.04577, 40.3015, -3403.614013671875]]], [[[-121.05936, 40.31786, -9071.2412109375], [-121.06314, 40.3263, -9071.2412109375], [-121.06275, 40.32169, -10000.0], [-121.05936, 40.31786, -9071.2412109375]]], [[[-121.07894, 40.464, -9055.392578125], [-121.08016, 40.46833, -10000.0], [-121.0777, 40.45961, -10000.0], [-121.07894, 40.464, -9055.392578125]]], [[[-121.06327, 40.32606, -3401.53271484375], [-121.06767, 40.33277, -2954.222412109375], [-121.06901, 40.33667, -3997.104736328125], [-121.06327, 40.32606, -3401.53271484375]]], [[[-121.07263, 40.34763, -2203.937744140625], [-121.07405, 40.35176, -1216.7503662109375], [-121.07553, 40.35655, -2173.5166015625], [-121.07263, 40.34763, -2203.937744140625]]], [[[-121.07245, 40.34728, -6222.3359375], [-121.07388, 40.35169, -7182.6767578125], [-121.07106, 40.343, -7184.89599609375], [-121.07245, 40.34728, -6222.3359375]]], [[[-121.03672, 40.26722, -9071.2421875], [-121.04011, 40.27105, -10000.0], [-121.03634, 40.26261, -10000.0], [-121.03672, 40.26722, -9071.2421875]]], [[[-121.05666, 40.31708, 760.3339233398438], [-121.05231, 40.3103, 939.3847045898438], [-121.05393, 40.31394, 1542.1434326171875], [-121.05666, 40.31708, 760.3339233398438]]], [[[-121.01982, 40.23802, 731.0924682617188], [-121.0202, 40.23564, 2031.9434814453125], [-121.01913, 40.24243, 2024.048095703125], [-121.01982, 40.23802, 731.0924682617188]]], [[[-121.06057, 40.32195, -6266.2509765625], [-121.06326, 40.32605, -7198.896484375], [-121.05734, 40.31829, -7207.47119140625], [-121.06057, 40.32195, -6266.2509765625]]], [[[-121.07877, 40.4634, -7217.998046875], [-121.08036, 40.46904, -7991.099609375], [-121.0777, 40.45961, -8122.248046875], [-121.07877, 40.4634, -7217.998046875]]], [[[-121.03826, 40.28957, -4395.7607421875], [-121.03797, 40.28525, -5300.35302734375], [-121.0334, 40.27913, -4286.27587890625], [-121.03826, 40.28957, -4395.7607421875]]], [[[-121.06243, 40.32532, 639.3662109375], [-121.0588, 40.31984, -112.15953826904297], [-121.05666, 40.31708, 760.3339233398438], [-121.06243, 40.32532, 639.3662109375]]], [[[-121.08804, 40.48441, -35.428466796875], [-121.0875, 40.48509, -669.8743286132812], [-121.0868, 40.48, -489.0270690917969], [-121.08804, 40.48441, -35.428466796875]]], [[[-121.06552, 40.3295, -4408.63232421875], [-121.06819, 40.33416, -5257.21533203125], [-121.06318, 40.32593, -5324.91455078125], [-121.06552, 40.3295, -4408.63232421875]]], [[[-121.05423, 40.31235, -2731.84326171875], [-121.05883, 40.31939, -2528.224609375], [-121.05781, 40.31775, -3452.126220703125], [-121.05423, 40.31235, -2731.84326171875]]], [[[-121.02735, 40.27093, -3518.390625], [-121.02398, 40.26236, -3971.3828125], [-121.02265, 40.26247, -2991.576416015625], [-121.02735, 40.27093, -3518.390625]]], [[[-121.06819, 40.33416, -5257.21533203125], [-121.07094, 40.34265, -5183.94482421875], [-121.06962, 40.33858, -6231.3642578125], [-121.06819, 40.33416, -5257.21533203125]]], [[[-121.0342, 40.27677, -5314.234375], [-121.03797, 40.28525, -5300.35302734375], [-121.03783, 40.28101, -6275.62548828125], [-121.0342, 40.27677, -5314.234375]]], [[[-121.04868, 40.30334, 872.8397216796875], [-121.04762, 40.30041, 1529.3048095703125], [-121.05049, 40.30679, 1532.9810791015625], [-121.04868, 40.30334, 872.8397216796875]]], [[[-121.02398, 40.26236, -3971.3828125], [-121.02231, 40.25411, -4481.66259765625], [-121.02231, 40.2541, -3475.09912109375], [-121.02398, 40.26236, -3971.3828125]]], [[[-121.05006, 40.30618, -831.7298583984375], [-121.05088, 40.30728, -1413.25830078125], [-121.0481, 40.30205, -1063.453125], [-121.05006, 40.30618, -831.7298583984375]]], [[[-121.0795, 40.36901, -7182.853515625], [-121.08231, 40.37767, -7184.1943359375], [-121.08091, 40.37334, -8122.427734375], [-121.0795, 40.36901, -7182.853515625]]], [[[-121.0784, 40.46207, -3915.292236328125], [-121.07939, 40.46466, -2698.519775390625], [-121.08081, 40.47062, -3429.965576171875], [-121.0784, 40.46207, -3915.292236328125]]], [[[-121.0781, 40.36469, -6238.67529296875], [-121.0795, 40.36901, -7182.853515625], [-121.07669, 40.36035, -7182.6767578125], [-121.0781, 40.36469, -6238.67529296875]]], [[[-121.02398, 40.26236, -3971.3828125], [-121.02231, 40.2541, -3475.09912109375], [-121.02265, 40.26247, -2991.576416015625], [-121.02398, 40.26236, -3971.3828125]]], [[[-121.02231, 40.26276, -1994.8262939453125], [-121.02202, 40.25403, -2475.9609375], [-121.02152, 40.25402, -1541.1575927734375], [-121.02231, 40.26276, -1994.8262939453125]]], [[[-121.05087, 40.30727, -2126.57421875], [-121.04603, 40.30084, -2335.64697265625], [-121.04841, 40.30303, -1673.2003173828125], [-121.05087, 40.30727, -2126.57421875]]], [[[-121.0304, 40.27905, -3034.310791015625], [-121.026, 40.27077, -2449.37890625], [-121.0297, 40.27787, -1927.907958984375], [-121.0304, 40.27905, -3034.310791015625]]], [[[-121.04641, 40.2986, 478.3822326660156], [-121.04619, 40.29803, 1034.6710205078125], [-121.04868, 40.30334, 872.8397216796875], [-121.04641, 40.2986, 478.3822326660156]]], [[[-121.08287, 40.47793, -8134.01806640625], [-121.08139, 40.47269, -9061.197265625], [-121.08036, 40.46904, -7991.099609375], [-121.08287, 40.47793, -8134.01806640625]]], [[[-121.07615, 40.39873, -4180.0869140625], [-121.07442, 40.40312, -5261.71728515625], [-121.07774, 40.39471, -5240.689453125], [-121.07615, 40.39873, -4180.0869140625]]], [[[-121.03749, 40.27645, -7212.021484375], [-121.04126, 40.28489, -7212.03564453125], [-121.04088, 40.28028, -8141.81494140625], [-121.03749, 40.27645, -7212.021484375]]], [[[-121.03797, 40.28525, -5300.35302734375], [-121.04164, 40.28951, -6282.22412109375], [-121.03783, 40.28101, -6275.62548828125], [-121.03797, 40.28525, -5300.35302734375]]], [[[-121.05883, 40.31939, -2528.224609375], [-121.05783, 40.31805, -1669.509033203125], [-121.06376, 40.327, -2075.1083984375], [-121.05883, 40.31939, -2528.224609375]]], [[[-121.05597, 40.31404, -8141.81396484375], [-121.05936, 40.31786, -9071.2412109375], [-121.05559, 40.30942, -9071.2412109375], [-121.05597, 40.31404, -8141.81396484375]]], [[[-121.07968, 40.46003, -869.7613525390625], [-121.08268, 40.46888, -289.6640625], [-121.08213, 40.46958, -1149.6583251953125], [-121.07968, 40.46003, -869.7613525390625]]], [[[-121.0488, 40.30177, -7212.03515625], [-121.05258, 40.31021, -7212.03564453125], [-121.0522, 40.3056, -8141.814453125], [-121.0488, 40.30177, -7212.03515625]]], [[[-121.08632, 40.49013, -9514.3994140625], [-121.08755, 40.49449, -9028.7978515625], [-121.08755, 40.49449, -10000.0], [-121.08632, 40.49013, -9514.3994140625]]], [[[-121.06912, 40.42917, -7178.97900390625], [-121.07032, 40.43345, -8122.248046875], [-121.06789, 40.42482, -8117.87451171875], [-121.06912, 40.42917, -7178.97900390625]]], [[[-121.06049, 40.32184, -4392.91015625], [-121.06318, 40.32593, -5324.91455078125], [-121.05788, 40.31786, -5332.802734375], [-121.06049, 40.32184, -4392.91015625]]], [[[-121.06057, 40.32195, -6266.2509765625], [-121.06587, 40.33003, -6258.544921875], [-121.06326, 40.32605, -7198.896484375], [-121.06057, 40.32195, -6266.2509765625]]], [[[-121.06927, 40.41613, -6243.4814453125], [-121.06758, 40.4204, -7183.6005859375], [-121.07099, 40.41179, -7179.10205078125], [-121.06927, 40.41613, -6243.4814453125]]], [[[-121.07159, 40.43795, -5283.7626953125], [-121.07395, 40.44632, -5277.36181640625], [-121.07278, 40.44217, -6243.0732421875], [-121.07159, 40.43795, -5283.7626953125]]], [[[-121.03153, 40.28139, 673.313720703125], [-121.02953, 40.27754, 1626.1458740234375], [-121.03374, 40.28562, 1562.2587890625], [-121.03153, 40.28139, 673.313720703125]]], [[[-121.05238, 40.30951, -3534.04345703125], [-121.05519, 40.31376, -4397.9658203125], [-121.04896, 40.3061, -4406.07763671875], [-121.05238, 40.30951, -3534.04345703125]]], [[[-121.07432, 40.40337, -3180.488525390625], [-121.07579, 40.39918, -2169.918701171875], [-121.07207, 40.4086, -2162.337158203125], [-121.07432, 40.40337, -3180.488525390625]]], [[[-121.05597, 40.31404, -8141.81396484375], [-121.05258, 40.31021, -7212.03564453125], [-121.05734, 40.31829, -7207.47119140625], [-121.05597, 40.31404, -8141.81396484375]]], [[[-121.02042, 40.24819, 62.90944290161133], [-121.02073, 40.25505, 929.0972290039062], [-121.02137, 40.25887, -10.914910316467285], [-121.02042, 40.24819, 62.90944290161133]]], [[[-121.04842, 40.29716, -8141.814453125], [-121.04804, 40.29254, -9071.2421875], [-121.04465, 40.28872, -8141.81494140625], [-121.04842, 40.29716, -8141.814453125]]], [[[-121.08117, 40.37417, -4187.43603515625], [-121.08256, 40.38252, -4391.1552734375], [-121.08233, 40.37773, -5257.6015625], [-121.08117, 40.37417, -4187.43603515625]]], [[[-121.0522, 40.3056, -8141.814453125], [-121.05181, 40.30098, -9071.2412109375], [-121.04842, 40.29716, -8141.814453125], [-121.0522, 40.3056, -8141.814453125]]], [[[-121.0223, 40.26272, -1035.40673828125], [-121.02137, 40.25887, -10.914910316467285], [-121.02443, 40.26777, -153.72984313964844], [-121.0223, 40.26272, -1035.40673828125]]], [[[-121.07787, 40.46021, -6224.96826171875], [-121.07877, 40.4634, -7217.998046875], [-121.07647, 40.45525, -7182.0537109375], [-121.07787, 40.46021, -6224.96826171875]]], [[[-121.06327, 40.32606, -3401.53271484375], [-121.05781, 40.31775, -3452.126220703125], [-121.05883, 40.31939, -2528.224609375], [-121.06327, 40.32606, -3401.53271484375]]], [[[-121.07548, 40.35663, -4208.9091796875], [-121.0769, 40.36102, -3150.312744140625], [-121.07831, 40.36534, -4207.43115234375], [-121.07548, 40.35663, -4208.9091796875]]], [[[-121.07405, 40.35176, -1216.7503662109375], [-121.07263, 40.34763, -2203.937744140625], [-121.07112, 40.34273, -1253.677978515625], [-121.07405, 40.35176, -1216.7503662109375]]], [[[-121.0342, 40.27677, -5314.234375], [-121.03391, 40.27222, -6275.5107421875], [-121.03064, 40.26854, -5376.19189453125], [-121.0342, 40.27677, -5314.234375]]], [[[-121.06787, 40.33322, -1275.9073486328125], [-121.06148, 40.32373, -1041.66357421875], [-121.06505, 40.32905, -299.2661437988281], [-121.06787, 40.33322, -1275.9073486328125]]], [[[-121.04577, 40.3015, -3403.614013671875], [-121.03985, 40.29449, -3506.298828125], [-121.04023, 40.29406, -2496.21142578125], [-121.04577, 40.3015, -3403.614013671875]]], [[[-121.02161, 40.23727, -4481.7392578125], [-121.02127, 40.22885, -4983.400390625], [-121.02127, 40.22885, -3980.08056640625], [-121.02161, 40.23727, -4481.7392578125]]], [[[-121.07112, 40.34273, -1253.677978515625], [-121.06954, 40.33811, -2217.850830078125], [-121.06787, 40.33322, -1275.9073486328125], [-121.07112, 40.34273, -1253.677978515625]]], [[[-121.05006, 40.30618, -831.7298583984375], [-121.05117, 40.30764, -270.35430908203125], [-121.0523, 40.3102, -851.6177368164062], [-121.05006, 40.30618, -831.7298583984375]]], [[[-121.08258, 40.37849, -3149.178955078125], [-121.07974, 40.36975, -3158.25927734375], [-121.08114, 40.37383, -2160.556884765625], [-121.08258, 40.37849, -3149.178955078125]]], [[[-121.0686, 40.41712, -1735.707763671875], [-121.06737, 40.42074, -848.7979736328125], [-121.0682, 40.42405, -1775.617431640625], [-121.0686, 40.41712, -1735.707763671875]]], [[[-121.06012, 40.32234, -8140.0859375], [-121.06314, 40.3263, -9071.2412109375], [-121.05936, 40.31786, -9071.2412109375], [-121.06012, 40.32234, -8140.0859375]]], [[[-121.02509, 40.24104, -9103.294921875], [-121.0288, 40.24573, -10000.0], [-121.02503, 40.23729, -10000.0], [-121.02509, 40.24104, -9103.294921875]]], [[[-121.07528, 40.35602, -8122.248046875], [-121.07809, 40.36468, -8122.248046875], [-121.07669, 40.36035, -9061.4609375], [-121.07528, 40.35602, -8122.248046875]]], [[[-121.05788, 40.31786, -5332.802734375], [-121.06057, 40.32195, -6266.2509765625], [-121.05456, 40.31424, -6274.79833984375], [-121.05788, 40.31786, -5332.802734375]]], [[[-121.05231, 40.3103, 939.3847045898438], [-121.04868, 40.30334, 872.8397216796875], [-121.05049, 40.30679, 1532.9810791015625], [-121.05231, 40.3103, 939.3847045898438]]], [[[-121.04375, 40.29736, -1586.3297119140625], [-121.03842, 40.2909, -1404.89990234375], [-121.04434, 40.29731, -831.3807373046875], [-121.04375, 40.29736, -1586.3297119140625]]], [[[-121.04868, 40.30334, 872.8397216796875], [-121.04619, 40.29803, 1034.6710205078125], [-121.04762, 40.30041, 1529.3048095703125], [-121.04868, 40.30334, 872.8397216796875]]], [[[-121.05238, 40.30951, -3534.04345703125], [-121.05781, 40.31775, -3452.126220703125], [-121.05519, 40.31376, -4397.9658203125], [-121.05238, 40.30951, -3534.04345703125]]], [[[-121.04868, 40.30334, 872.8397216796875], [-121.04876, 40.30271, 101.50607299804688], [-121.04641, 40.2986, 478.3822326660156], [-121.04868, 40.30334, 872.8397216796875]]], [[[-121.05324, 40.31236, 231.0934600830078], [-121.05231, 40.3103, 939.3847045898438], [-121.05666, 40.31708, 760.3339233398438], [-121.05324, 40.31236, 231.0934600830078]]], [[[-121.05324, 40.31236, 231.0934600830078], [-121.05666, 40.31708, 760.3339233398438], [-121.0588, 40.31984, -112.15953826904297], [-121.05324, 40.31236, 231.0934600830078]]], [[[-121.06777, 40.41992, -3712.703369140625], [-121.06785, 40.42469, -4510.1484375], [-121.06759, 40.42039, -5431.37109375], [-121.06777, 40.41992, -3712.703369140625]]], [[[-121.05432, 40.31347, -405.8232727050781], [-121.05324, 40.31236, 231.0934600830078], [-121.0588, 40.31984, -112.15953826904297], [-121.05432, 40.31347, -405.8232727050781]]], [[[-121.03985, 40.29449, -3506.298828125], [-121.04271, 40.29862, -4417.80712890625], [-121.03826, 40.28957, -4395.7607421875], [-121.03985, 40.29449, -3506.298828125]]], [[[-121.08707, 40.47759, 612.3919067382812], [-121.0884, 40.48129, 1166.711181640625], [-121.08828, 40.48317, 573.678955078125], [-121.08707, 40.47759, 612.3919067382812]]], [[[-121.04579, 40.30256, -5351.55810546875], [-121.05177, 40.31018, -5341.56884765625], [-121.04919, 40.30638, -6282.22412109375], [-121.04579, 40.30256, -5351.55810546875]]], [[[-121.02196, 40.24569, -3979.998291015625], [-121.02161, 40.23727, -3478.341796875], [-121.02195, 40.24567, -2973.33203125], [-121.02196, 40.24569, -3979.998291015625]]], [[[-121.07401, 40.44653, -9061.4609375], [-121.07524, 40.45089, -8122.248046875], [-121.07647, 40.45525, -9061.4609375], [-121.07401, 40.44653, -9061.4609375]]], [[[-121.08117, 40.37417, -4187.43603515625], [-121.07955, 40.36916, -5246.88427734375], [-121.07831, 40.36534, -4207.43115234375], [-121.08117, 40.37417, -4187.43603515625]]], [[[-121.02622, 40.26183, -4995.55224609375], [-121.02938, 40.26252, -6169.2890625], [-121.02353, 40.25429, -5506.05859375], [-121.02622, 40.26183, -4995.55224609375]]], [[[-121.02735, 40.27093, -3518.390625], [-121.0334, 40.27913, -4286.27587890625], [-121.02933, 40.27024, -4476.97216796875], [-121.02735, 40.27093, -3518.390625]]], [[[-121.02258, 40.26388, 822.7083129882812], [-121.02073, 40.25505, 929.0972290039062], [-121.02174, 40.26045, 1795.7664794921875], [-121.02258, 40.26388, 822.7083129882812]]], [[[-121.07412, 40.43829, 785.1891479492188], [-121.07226, 40.43397, -225.4141387939453], [-121.07103, 40.42946, 775.819091796875], [-121.07412, 40.43829, 785.1891479492188]]], [[[-121.08274, 40.47745, -7154.015625], [-121.08283, 40.47779, -6120.06005859375], [-121.0852, 40.48617, -6602.90283203125], [-121.08274, 40.47745, -7154.015625]]], [[[-121.08135, 40.38612, -1104.1756591796875], [-121.08301, 40.38175, -176.04486083984375], [-121.07942, 40.3907, -166.4839324951172], [-121.08135, 40.38612, -1104.1756591796875]]], [[[-121.07341, 40.40354, 866.5819702148438], [-121.0776, 40.3951, 822.9730224609375], [-121.07597, 40.39914, 1800.1729736328125], [-121.07341, 40.40354, 866.5819702148438]]], [[[-121.06821, 40.33422, -7191.40966796875], [-121.07106, 40.343, -7184.89599609375], [-121.06965, 40.33867, -8124.5673828125], [-121.06821, 40.33422, -7191.40966796875]]], [[[-121.05559, 40.30942, -9071.2412109375], [-121.05898, 40.31325, -10000.0], [-121.0552, 40.30481, -10000.0], [-121.05559, 40.30942, -9071.2412109375]]], [[[-121.04954, 40.30549, -2785.922119140625], [-121.05238, 40.30951, -3534.04345703125], [-121.04577, 40.3015, -3403.614013671875], [-121.04954, 40.30549, -2785.922119140625]]], [[[-121.03236, 40.28297, -1048.3350830078125], [-121.0264, 40.27155, -1198.0078125], [-121.02913, 40.27678, -237.94378662109375], [-121.03236, 40.28297, -1048.3350830078125]]], [[[-121.07207, 40.4086, -2162.337158203125], [-121.07115, 40.41137, -3330.887451171875], [-121.07432, 40.40337, -3180.488525390625], [-121.07207, 40.4086, -2162.337158203125]]], [[[-121.08277, 40.38197, -8124.205078125], [-121.08276, 40.38202, -6230.8828125], [-121.08109, 40.38624, -7184.20458984375], [-121.08277, 40.38197, -8124.205078125]]], [[[-121.07434, 40.40332, -9061.4609375], [-121.07265, 40.40759, -10000.0], [-121.07602, 40.39905, -10000.0], [-121.07434, 40.40332, -9061.4609375]]], [[[-121.0588, 40.31984, -112.15953826904297], [-121.06243, 40.32532, 639.3662109375], [-121.06505, 40.32905, -299.2661437988281], [-121.0588, 40.31984, -112.15953826904297]]], [[[-121.08709, 40.47975, 104.4471206665039], [-121.08804, 40.48441, -35.428466796875], [-121.0868, 40.48, -489.0270690917969], [-121.08709, 40.47975, 104.4471206665039]]], [[[-121.07528, 40.35602, -8122.248046875], [-121.07669, 40.36035, -9061.4609375], [-121.07388, 40.35169, -9061.4609375], [-121.07528, 40.35602, -8122.248046875]]], [[[-121.07277, 40.40729, -4299.9375], [-121.07095, 40.41187, -5287.58251953125], [-121.07442, 40.40312, -5261.71728515625], [-121.07277, 40.40729, -4299.9375]]], [[[-121.06758, 40.4204, -7183.6005859375], [-121.06759, 40.42039, -5431.37109375], [-121.06787, 40.42473, -6243.85498046875], [-121.06758, 40.4204, -7183.6005859375]]], [[[-121.04164, 40.28951, -6282.22412109375], [-121.04126, 40.28489, -7212.03564453125], [-121.03783, 40.28101, -6275.62548828125], [-121.04164, 40.28951, -6282.22412109375]]], [[[-121.0875, 40.48509, -669.8743286132812], [-121.08804, 40.48441, -35.428466796875], [-121.08793, 40.48911, -325.1185607910156], [-121.0875, 40.48509, -669.8743286132812]]], [[[-121.02545, 40.24583, -8117.87109375], [-121.0265, 40.25147, -7318.71826171875], [-121.02957, 40.25496, -8141.1201171875], [-121.02545, 40.24583, -8117.87109375]]], [[[-121.07094, 40.34265, -5183.94482421875], [-121.07245, 40.34728, -6222.3359375], [-121.06962, 40.33858, -6231.3642578125], [-121.07094, 40.34265, -5183.94482421875]]], [[[-121.0795, 40.36901, -7182.853515625], [-121.08091, 40.37334, -8122.427734375], [-121.07809, 40.36468, -8122.248046875], [-121.0795, 40.36901, -7182.853515625]]], [[[-121.0676, 40.42036, -8887.2900390625], [-121.0693, 40.41605, -8118.291015625], [-121.06758, 40.4204, -7183.6005859375], [-121.0676, 40.42036, -8887.2900390625]]], [[[-121.07265, 40.40759, -8122.248046875], [-121.07096, 40.41186, -9061.4609375], [-121.07434, 40.40332, -9061.4609375], [-121.07265, 40.40759, -8122.248046875]]], [[[-121.07434, 40.40332, -9061.4609375], [-121.07096, 40.41186, -9061.4609375], [-121.07265, 40.40759, -10000.0], [-121.07434, 40.40332, -9061.4609375]]], [[[-121.08114, 40.37383, -2160.556884765625], [-121.08284, 40.37764, -1160.6837158203125], [-121.08275, 40.38253, -2088.211181640625], [-121.08114, 40.37383, -2160.556884765625]]], [[[-121.06962, 40.33858, -6231.3642578125], [-121.07106, 40.343, -7184.89599609375], [-121.06821, 40.33422, -7191.40966796875], [-121.06962, 40.33858, -6231.3642578125]]], [[[-121.0674, 40.42063, 670.7175903320312], [-121.07024, 40.41173, 858.73583984375], [-121.06873, 40.41648, 1781.27587890625], [-121.0674, 40.42063, 670.7175903320312]]], [[[-121.08081, 40.47062, -3429.965576171875], [-121.08234, 40.47351, -2178.885986328125], [-121.08315, 40.47891, -3003.192138671875], [-121.08081, 40.47062, -3429.965576171875]]], [[[-121.0795, 40.36901, -7182.853515625], [-121.07809, 40.36468, -8122.248046875], [-121.07669, 40.36035, -7182.6767578125], [-121.0795, 40.36901, -7182.853515625]]], [[[-121.07052, 40.43413, -4375.2490234375], [-121.07127, 40.4368, -3145.641357421875], [-121.07302, 40.44301, -4282.04248046875], [-121.07052, 40.43413, -4375.2490234375]]], [[[-121.02133, 40.23726, -2472.331787109375], [-121.02127, 40.22885, -1973.4407958984375], [-121.02079, 40.23724, -1470.1602783203125], [-121.02133, 40.23726, -2472.331787109375]]], [[[-121.08277, 40.38198, -10000.0], [-121.08277, 40.38197, -8124.205078125], [-121.08109, 40.38625, -9061.4609375], [-121.08277, 40.38198, -10000.0]]], [[[-121.07425, 40.44738, -3430.46728515625], [-121.07592, 40.45328, -4388.2958984375], [-121.07302, 40.44301, -4282.04248046875], [-121.07425, 40.44738, -3430.46728515625]]], [[[-121.08283, 40.47779, -6120.06005859375], [-121.0852, 40.48617, -5631.78173828125], [-121.0852, 40.48617, -6602.90283203125], [-121.08283, 40.47779, -6120.06005859375]]], [[[-121.07554, 40.35608, -238.70352172851562], [-121.07708, 40.36012, 752.96826171875], [-121.07848, 40.36491, -203.7648162841797], [-121.07554, 40.35608, -238.70352172851562]]], [[[-121.0211, 40.25439, -722.642333984375], [-121.0223, 40.26272, -1035.40673828125], [-121.02152, 40.25402, -1541.1575927734375], [-121.0211, 40.25439, -722.642333984375]]], [[[-121.07254, 40.34686, -267.334716796875], [-121.07402, 40.35116, 708.3218383789062], [-121.07554, 40.35608, -238.70352172851562], [-121.07254, 40.34686, -267.334716796875]]], [[[-121.07402, 40.35116, 708.3218383789062], [-121.07254, 40.34686, -267.334716796875], [-121.07041, 40.34224, 685.1779174804688], [-121.07402, 40.35116, 708.3218383789062]]], [[[-121.05087, 40.30727, -2126.57421875], [-121.04954, 40.30549, -2785.922119140625], [-121.04603, 40.30084, -2335.64697265625], [-121.05087, 40.30727, -2126.57421875]]], [[[-121.07159, 40.43795, -5283.7626953125], [-121.07278, 40.44217, -6243.0732421875], [-121.07034, 40.43352, -6239.2861328125], [-121.07159, 40.43795, -5283.7626953125]]], [[[-121.08276, 40.38202, -6230.8828125], [-121.08256, 40.38252, -4391.1552734375], [-121.08108, 40.38627, -5255.7529296875], [-121.08276, 40.38202, -6230.8828125]]], [[[-121.05117, 40.30764, -270.35430908203125], [-121.04876, 40.30271, 101.50607299804688], [-121.05053, 40.30684, 401.2923583984375], [-121.05117, 40.30764, -270.35430908203125]]], [[[-121.07045, 40.41212, -1126.21484375], [-121.07203, 40.40758, -156.8830108642578], [-121.06893, 40.41585, -167.34823608398438], [-121.07045, 40.41212, -1126.21484375]]], [[[-121.03358, 40.26783, -7181.88671875], [-121.0371, 40.27184, -8141.8154296875], [-121.03333, 40.2634, -8141.8154296875], [-121.03358, 40.26783, -7181.88671875]]], [[[-121.02913, 40.27678, -237.94378662109375], [-121.03153, 40.28139, 673.313720703125], [-121.03433, 40.28675, -107.3041763305664], [-121.02913, 40.27678, -237.94378662109375]]], [[[-121.07831, 40.36534, -4207.43115234375], [-121.07974, 40.36975, -3158.25927734375], [-121.08117, 40.37417, -4187.43603515625], [-121.07831, 40.36534, -4207.43115234375]]], [[[-121.07592, 40.45328, -4388.2958984375], [-121.07811, 40.46107, -5093.17919921875], [-121.07597, 40.45348, -5484.6220703125], [-121.07592, 40.45328, -4388.2958984375]]], [[[-121.07096, 40.43265, -2013.4481201171875], [-121.07328, 40.43841, -1218.19775390625], [-121.07404, 40.44446, -2292.910888671875], [-121.07096, 40.43265, -2013.4481201171875]]], [[[-121.0794, 40.39052, -4186.28466796875], [-121.081, 40.38647, -3138.364990234375], [-121.07782, 40.39452, -3125.509765625], [-121.0794, 40.39052, -4186.28466796875]]], [[[-121.02161, 40.23727, -5485.060546875], [-121.02161, 40.23727, -6488.38037109375], [-121.02127, 40.22885, -5986.72021484375], [-121.02161, 40.23727, -5485.060546875]]], [[[-121.07597, 40.45348, -5484.6220703125], [-121.07811, 40.46107, -5093.17919921875], [-121.07787, 40.46021, -6224.96826171875], [-121.07597, 40.45348, -5484.6220703125]]], [[[-121.0852, 40.48618, -7573.64501953125], [-121.08755, 40.49449, -7086.39453125], [-121.08755, 40.49449, -8057.59619140625], [-121.0852, 40.48618, -7573.64501953125]]], [[[-121.07602, 40.39905, -6241.9814453125], [-121.07771, 40.39478, -7182.6767578125], [-121.07939, 40.39053, -6237.5634765625], [-121.07602, 40.39905, -6241.9814453125]]], [[[-121.08283, 40.47779, -6120.06005859375], [-121.08282, 40.47776, -5149.0498046875], [-121.0852, 40.48617, -5631.78173828125], [-121.08283, 40.47779, -6120.06005859375]]], [[[-121.06794, 40.33345, 667.6055297851562], [-121.06243, 40.32532, 639.3662109375], [-121.06513, 40.32916, 1598.4183349609375], [-121.06794, 40.33345, 667.6055297851562]]], [[[-121.07052, 40.43413, -4375.2490234375], [-121.06913, 40.42923, -3709.736328125], [-121.07127, 40.4368, -3145.641357421875], [-121.07052, 40.43413, -4375.2490234375]]], [[[-121.07718, 40.44712, 796.095703125], [-121.07412, 40.43829, 785.1891479492188], [-121.07596, 40.44257, 1756.6285400390625], [-121.07718, 40.44712, 796.095703125]]], [[[-121.0776, 40.3951, 822.9730224609375], [-121.08184, 40.38622, 808.1431274414062], [-121.08032, 40.39064, 1760.64892578125], [-121.0776, 40.3951, 822.9730224609375]]], [[[-121.07401, 40.44653, -9061.4609375], [-121.07647, 40.45525, -9061.4609375], [-121.07524, 40.45089, -10000.0], [-121.07401, 40.44653, -9061.4609375]]], [[[-121.04876, 40.30271, 101.50607299804688], [-121.04531, 40.29782, -163.8524169921875], [-121.04641, 40.2986, 478.3822326660156], [-121.04876, 40.30271, 101.50607299804688]]], [[[-121.05087, 40.30727, -2126.57421875], [-121.05387, 40.31195, -1969.545166015625], [-121.05423, 40.31235, -2731.84326171875], [-121.05087, 40.30727, -2126.57421875]]], [[[-121.07848, 40.36491, -203.7648162841797], [-121.07708, 40.36012, 752.96826171875], [-121.0807, 40.36865, 794.1162719726562], [-121.07848, 40.36491, -203.7648162841797]]], [[[-121.05519, 40.31376, -4397.9658203125], [-121.05177, 40.31018, -5341.56884765625], [-121.04896, 40.3061, -4406.07763671875], [-121.05519, 40.31376, -4397.9658203125]]], [[[-121.05087, 40.30727, -2126.57421875], [-121.04841, 40.30303, -1673.2003173828125], [-121.05088, 40.30728, -1413.25830078125], [-121.05087, 40.30727, -2126.57421875]]], [[[-121.05519, 40.31376, -4397.9658203125], [-121.05788, 40.31786, -5332.802734375], [-121.05177, 40.31018, -5341.56884765625], [-121.05519, 40.31376, -4397.9658203125]]], [[[-121.07401, 40.44653, -7182.6767578125], [-121.07524, 40.45089, -8122.248046875], [-121.07278, 40.44217, -8122.248046875], [-121.07401, 40.44653, -7182.6767578125]]], [[[-121.07278, 40.44217, -6243.0732421875], [-121.07401, 40.44653, -7182.6767578125], [-121.07155, 40.43781, -7182.6767578125], [-121.07278, 40.44217, -6243.0732421875]]], [[[-121.02933, 40.27024, -4476.97216796875], [-121.02622, 40.26183, -4995.55224609375], [-121.02398, 40.26236, -3971.3828125], [-121.02933, 40.27024, -4476.97216796875]]], [[[-121.07615, 40.44853, -1198.9769287109375], [-121.07534, 40.44288, -213.3543701171875], [-121.07818, 40.4526, -185.15789794921875], [-121.07615, 40.44853, -1198.9769287109375]]], [[[-121.08529, 40.48649, -8599.0556640625], [-121.08755, 40.49449, -8057.59619140625], [-121.08755, 40.49449, -9028.7978515625], [-121.08529, 40.48649, -8599.0556640625]]], [[[-121.06789, 40.42482, -8117.87451171875], [-121.06758, 40.4204, -7183.6005859375], [-121.06912, 40.42917, -7178.97900390625], [-121.06789, 40.42482, -8117.87451171875]]], [[[-121.07108, 40.34306, -3193.44775390625], [-121.06954, 40.33811, -2217.850830078125], [-121.07263, 40.34763, -2203.937744140625], [-121.07108, 40.34306, -3193.44775390625]]], [[[-121.04603, 40.30084, -2335.64697265625], [-121.04577, 40.3015, -3403.614013671875], [-121.04023, 40.29406, -2496.21142578125], [-121.04603, 40.30084, -2335.64697265625]]], [[[-121.03153, 40.28139, 673.313720703125], [-121.02913, 40.27678, -237.94378662109375], [-121.02707, 40.27284, 725.9671630859375], [-121.03153, 40.28139, 673.313720703125]]], [[[-121.08509, 40.48577, -10000.0], [-121.08371, 40.4809, -9133.2587890625], [-121.08632, 40.49013, -9514.3994140625], [-121.08509, 40.48577, -10000.0]]], [[[-121.08117, 40.37417, -4187.43603515625], [-121.08233, 40.37773, -5257.6015625], [-121.07955, 40.36916, -5246.88427734375], [-121.08117, 40.37417, -4187.43603515625]]], [[[-121.02957, 40.25496, -8141.1201171875], [-121.03295, 40.25878, -9071.2421875], [-121.02913, 40.25026, -9062.1845703125], [-121.02957, 40.25496, -8141.1201171875]]], [[[-121.08274, 40.47745, -7154.015625], [-121.0852, 40.48617, -6602.90283203125], [-121.0852, 40.48618, -7573.64501953125], [-121.08274, 40.47745, -7154.015625]]], [[[-121.03842, 40.2909, -1404.89990234375], [-121.03236, 40.28297, -1048.3350830078125], [-121.03964, 40.29178, -584.0828857421875], [-121.03842, 40.2909, -1404.89990234375]]], [[[-121.02042, 40.24819, 62.90944290161133], [-121.01981, 40.2461, 1045.549560546875], [-121.02073, 40.25505, 929.0972290039062], [-121.02042, 40.24819, 62.90944290161133]]], [[[-121.05387, 40.31195, -1969.545166015625], [-121.05088, 40.30728, -1413.25830078125], [-121.05391, 40.31215, -1344.2412109375], [-121.05387, 40.31195, -1969.545166015625]]], [[[-121.03394, 40.28599, -2208.640625], [-121.0297, 40.27787, -1927.907958984375], [-121.03236, 40.28297, -1048.3350830078125], [-121.03394, 40.28599, -2208.640625]]], [[[-121.07647, 40.45525, -9061.4609375], [-121.07894, 40.464, -9055.392578125], [-121.0777, 40.45961, -10000.0], [-121.07647, 40.45525, -9061.4609375]]], [[[-121.07434, 40.40332, -7182.6767578125], [-121.07265, 40.40759, -8122.248046875], [-121.07602, 40.39905, -8122.248046875], [-121.07434, 40.40332, -7182.6767578125]]], [[[-121.07519, 40.4507, -6303.13525390625], [-121.07401, 40.44653, -7182.6767578125], [-121.07278, 40.44217, -6243.0732421875], [-121.07519, 40.4507, -6303.13525390625]]], [[[-121.01982, 40.23802, 731.0924682617188], [-121.02025, 40.23786, -413.22821044921875], [-121.02127, 40.22885, 33.19905471801758], [-121.01982, 40.23802, 731.0924682617188]]], [[[-121.02735, 40.27093, -3518.390625], [-121.02933, 40.27024, -4476.97216796875], [-121.02398, 40.26236, -3971.3828125], [-121.02735, 40.27093, -3518.390625]]], [[[-121.08487, 40.48202, -2027.9659423828125], [-121.08575, 40.48717, -2694.197265625], [-121.08315, 40.47891, -3003.192138671875], [-121.08487, 40.48202, -2027.9659423828125]]], [[[-121.02545, 40.24583, -8117.87109375], [-121.02509, 40.24104, -9103.294921875], [-121.0217, 40.23741, -8352.7958984375], [-121.02545, 40.24583, -8117.87109375]]], [[[-121.08276, 40.38202, -6230.8828125], [-121.08233, 40.37773, -5257.6015625], [-121.08256, 40.38252, -4391.1552734375], [-121.08276, 40.38202, -6230.8828125]]], [[[-121.07251, 40.34747, -4204.1181640625], [-121.07548, 40.35663, -4208.9091796875], [-121.07389, 40.35173, -5246.7490234375], [-121.07251, 40.34747, -4204.1181640625]]], [[[-121.03433, 40.28675, -107.3041763305664], [-121.03619, 40.28931, 806.9690551757812], [-121.04145, 40.29307, 215.787353515625], [-121.03433, 40.28675, -107.3041763305664]]], [[[-121.0794, 40.39052, -4186.28466796875], [-121.07782, 40.39452, -3125.509765625], [-121.07615, 40.39873, -4180.0869140625], [-121.0794, 40.39052, -4186.28466796875]]], [[[-121.07647, 40.45525, -7182.0537109375], [-121.07877, 40.4634, -7217.998046875], [-121.0777, 40.45961, -8122.248046875], [-121.07647, 40.45525, -7182.0537109375]]], [[[-121.05783, 40.31805, -1669.509033203125], [-121.06148, 40.32373, -1041.66357421875], [-121.06376, 40.327, -2075.1083984375], [-121.05783, 40.31805, -1669.509033203125]]], [[[-121.06863, 40.42517, -163.3783721923828], [-121.07103, 40.42946, 775.819091796875], [-121.07226, 40.43397, -225.4141387939453], [-121.06863, 40.42517, -163.3783721923828]]], [[[-121.06777, 40.41992, -3712.703369140625], [-121.06759, 40.42039, -5431.37109375], [-121.06936, 40.4159, -4422.25244140625], [-121.06777, 40.41992, -3712.703369140625]]], [[[-121.0794, 40.39051, -8122.248046875], [-121.08109, 40.38625, -9061.4609375], [-121.08277, 40.38197, -8124.205078125], [-121.0794, 40.39051, -8122.248046875]]], [[[-121.07401, 40.44653, -7182.6767578125], [-121.07519, 40.4507, -6303.13525390625], [-121.07647, 40.45525, -7182.0537109375], [-121.07401, 40.44653, -7182.6767578125]]], [[[-121.07432, 40.40337, -3180.488525390625], [-121.07782, 40.39452, -3125.509765625], [-121.07579, 40.39918, -2169.918701171875], [-121.07432, 40.40337, -3180.488525390625]]], [[[-121.03394, 40.28599, -2208.640625], [-121.03236, 40.28297, -1048.3350830078125], [-121.03842, 40.2909, -1404.89990234375], [-121.03394, 40.28599, -2208.640625]]], [[[-121.04049, 40.27566, -9071.2421875], [-121.04427, 40.2841, -9071.2421875], [-121.04388, 40.27949, -10000.0], [-121.04049, 40.27566, -9071.2421875]]], [[[-121.08004, 40.45611, 810.3219604492188], [-121.07718, 40.44712, 796.095703125], [-121.07901, 40.4514, 1764.824951171875], [-121.08004, 40.45611, 810.3219604492188]]], [[[-121.02087, 40.24568, -971.0447387695312], [-121.02025, 40.23786, -413.22821044921875], [-121.02042, 40.24819, 62.90944290161133], [-121.02087, 40.24568, -971.0447387695312]]], [[[-121.07831, 40.36534, -4207.43115234375], [-121.07955, 40.36916, -5246.88427734375], [-121.07672, 40.36045, -5255.044921875], [-121.07831, 40.36534, -4207.43115234375]]], [[[-121.04541, 40.29795, -6282.22412109375], [-121.04503, 40.29333, -7212.03564453125], [-121.04164, 40.28951, -6282.22412109375], [-121.04541, 40.29795, -6282.22412109375]]], [[[-121.07096, 40.41186, -9061.4609375], [-121.0676, 40.42036, -8887.2900390625], [-121.06927, 40.41613, -10000.0], [-121.07096, 40.41186, -9061.4609375]]], [[[-121.07579, 40.39918, -2169.918701171875], [-121.07382, 40.40362, -1176.3104248046875], [-121.07207, 40.4086, -2162.337158203125], [-121.07579, 40.39918, -2169.918701171875]]], [[[-121.08233, 40.37773, -5257.6015625], [-121.08276, 40.38202, -6230.8828125], [-121.08091, 40.37334, -6242.12451171875], [-121.08233, 40.37773, -5257.6015625]]], [[[-121.08804, 40.48566, 1869.5174560546875], [-121.0884, 40.48129, 1166.711181640625], [-121.08805, 40.47715, 1832.764404296875], [-121.08804, 40.48566, 1869.5174560546875]]], [[[-121.04088, 40.28028, -8141.81494140625], [-121.04427, 40.2841, -9071.2421875], [-121.04049, 40.27566, -9071.2421875], [-121.04088, 40.28028, -8141.81494140625]]], [[[-121.04577, 40.3015, -3403.614013671875], [-121.05238, 40.30951, -3534.04345703125], [-121.04896, 40.3061, -4406.07763671875], [-121.04577, 40.3015, -3403.614013671875]]], [[[-121.07278, 40.44217, -8122.248046875], [-121.07401, 40.44653, -9061.4609375], [-121.07155, 40.43781, -9061.4609375], [-121.07278, 40.44217, -8122.248046875]]], [[[-121.02127, 40.22885, -10000.0], [-121.0223, 40.23317, -9503.7265625], [-121.02503, 40.23729, -10000.0], [-121.02127, 40.22885, -10000.0]]], [[[-121.07968, 40.46003, -869.7613525390625], [-121.07748, 40.4556, -1952.6741943359375], [-121.07615, 40.44853, -1198.9769287109375], [-121.07968, 40.46003, -869.7613525390625]]], [[[-121.08024, 40.46483, -1770.8939208984375], [-121.07968, 40.46003, -869.7613525390625], [-121.08213, 40.46958, -1149.6583251953125], [-121.08024, 40.46483, -1770.8939208984375]]], [[[-121.0884, 40.48129, 1166.711181640625], [-121.08668, 40.4735, 1081.7296142578125], [-121.08805, 40.47715, 1832.764404296875], [-121.0884, 40.48129, 1166.711181640625]]], [[[-121.08315, 40.47891, -3003.192138671875], [-121.08575, 40.48717, -2694.197265625], [-121.08519, 40.48615, -3689.298828125], [-121.08315, 40.47891, -3003.192138671875]]], [[[-121.06777, 40.41992, -3712.703369140625], [-121.0688, 40.41709, -2589.5595703125], [-121.06842, 40.42599, -2766.343017578125], [-121.06777, 40.41992, -3712.703369140625]]], [[[-121.03783, 40.28101, -6275.62548828125], [-121.03749, 40.27645, -7212.021484375], [-121.03391, 40.27222, -6275.5107421875], [-121.03783, 40.28101, -6275.62548828125]]], [[[-121.026, 40.27077, -2449.37890625], [-121.02231, 40.26276, -1994.8262939453125], [-121.0264, 40.27155, -1198.0078125], [-121.026, 40.27077, -2449.37890625]]], [[[-121.07127, 40.4368, -3145.641357421875], [-121.07096, 40.43265, -2013.4481201171875], [-121.07404, 40.44446, -2292.910888671875], [-121.07127, 40.4368, -3145.641357421875]]], [[[-121.07302, 40.44301, -4282.04248046875], [-121.07395, 40.44632, -5277.36181640625], [-121.07159, 40.43795, -5283.7626953125], [-121.07302, 40.44301, -4282.04248046875]]], [[[-121.0776, 40.3951, 822.9730224609375], [-121.08032, 40.39064, 1760.64892578125], [-121.07597, 40.39914, 1800.1729736328125], [-121.0776, 40.3951, 822.9730224609375]]], [[[-121.07425, 40.44738, -3430.46728515625], [-121.07302, 40.44301, -4282.04248046875], [-121.07127, 40.4368, -3145.641357421875], [-121.07425, 40.44738, -3430.46728515625]]], [[[-121.07251, 40.34747, -4204.1181640625], [-121.07389, 40.35173, -5246.7490234375], [-121.07094, 40.34265, -5183.94482421875], [-121.07251, 40.34747, -4204.1181640625]]], [[[-121.04277, 40.294, 937.5090942382812], [-121.03619, 40.28931, 806.9690551757812], [-121.03924, 40.29149, 1533.99755859375], [-121.04277, 40.294, 937.5090942382812]]], [[[-121.08278, 40.46533, 971.5476684570312], [-121.08221, 40.46019, 1772.5032958984375], [-121.08634, 40.4685, 1776.1773681640625], [-121.08278, 40.46533, 971.5476684570312]]], [[[-121.07155, 40.43781, -9061.4609375], [-121.07278, 40.44217, -10000.0], [-121.07032, 40.43345, -10000.0], [-121.07155, 40.43781, -9061.4609375]]], [[[-121.05053, 40.30684, 401.2923583984375], [-121.05231, 40.3103, 939.3847045898438], [-121.05324, 40.31236, 231.0934600830078], [-121.05053, 40.30684, 401.2923583984375]]], [[[-121.02265, 40.26247, -2991.576416015625], [-121.02202, 40.25403, -2475.9609375], [-121.02231, 40.26276, -1994.8262939453125], [-121.02265, 40.26247, -2991.576416015625]]], [[[-121.07382, 40.40362, -1176.3104248046875], [-121.07722, 40.39502, -1143.790771484375], [-121.07525, 40.39945, -153.53370666503906], [-121.07382, 40.40362, -1176.3104248046875]]], [[[-121.07811, 40.46107, -5093.17919921875], [-121.08046, 40.46939, -4596.5771484375], [-121.0804, 40.46916, -5656.1455078125], [-121.07811, 40.46107, -5093.17919921875]]], [[[-121.07099, 40.41179, -7179.10205078125], [-121.0693, 40.41605, -8118.291015625], [-121.07265, 40.40759, -8122.248046875], [-121.07099, 40.41179, -7179.10205078125]]], [[[-121.07032, 40.43345, -8122.248046875], [-121.06912, 40.42917, -7178.97900390625], [-121.07155, 40.43781, -7182.6767578125], [-121.07032, 40.43345, -8122.248046875]]], [[[-121.03391, 40.27222, -6275.5107421875], [-121.03358, 40.26783, -7181.88671875], [-121.02938, 40.26252, -6169.2890625], [-121.03391, 40.27222, -6275.5107421875]]], [[[-121.02196, 40.24569, -4983.400390625], [-121.02161, 40.23727, -4481.7392578125], [-121.02196, 40.24569, -3979.998291015625], [-121.02196, 40.24569, -4983.400390625]]], [[[-121.0777, 40.45961, -8122.248046875], [-121.07647, 40.45525, -9061.4609375], [-121.07524, 40.45089, -8122.248046875], [-121.0777, 40.45961, -8122.248046875]]], [[[-121.07045, 40.41212, -1126.21484375], [-121.07382, 40.40362, -1176.3104248046875], [-121.07203, 40.40758, -156.8830108642578], [-121.07045, 40.41212, -1126.21484375]]], [[[-121.07782, 40.39452, -3125.509765625], [-121.081, 40.38647, -3138.364990234375], [-121.07922, 40.39046, -2084.16943359375], [-121.07782, 40.39452, -3125.509765625]]], [[[-121.07388, 40.35169, -9061.4609375], [-121.07528, 40.35602, -10000.0], [-121.07248, 40.34737, -10000.0], [-121.07388, 40.35169, -9061.4609375]]], [[[-121.08402, 40.47434, -522.1426391601562], [-121.08213, 40.46958, -1149.6583251953125], [-121.08268, 40.46888, -289.6640625], [-121.08402, 40.47434, -522.1426391601562]]], [[[-121.081, 40.38647, -3138.364990234375], [-121.08256, 40.38252, -4391.1552734375], [-121.08258, 40.37849, -3149.178955078125], [-121.081, 40.38647, -3138.364990234375]]], [[[-121.0304, 40.27905, -3034.310791015625], [-121.02735, 40.27093, -3518.390625], [-121.026, 40.27077, -2449.37890625], [-121.0304, 40.27905, -3034.310791015625]]], [[[-121.07774, 40.39471, -5240.689453125], [-121.07442, 40.40312, -5261.71728515625], [-121.07602, 40.39905, -6241.9814453125], [-121.07774, 40.39471, -5240.689453125]]], [[[-121.07657, 40.4556, -3065.62939453125], [-121.07404, 40.44446, -2292.910888671875], [-121.07748, 40.4556, -1952.6741943359375], [-121.07657, 40.4556, -3065.62939453125]]], [[[-121.05456, 40.31424, -6274.79833984375], [-121.05734, 40.31829, -7207.47119140625], [-121.05258, 40.31021, -7212.03564453125], [-121.05456, 40.31424, -6274.79833984375]]], [[[-121.03358, 40.26783, -7181.88671875], [-121.03391, 40.27222, -6275.5107421875], [-121.03749, 40.27645, -7212.021484375], [-121.03358, 40.26783, -7181.88671875]]], [[[-121.07848, 40.36491, -203.7648162841797], [-121.0807, 40.36865, 794.1162719726562], [-121.08195, 40.37314, -183.99343872070312], [-121.07848, 40.36491, -203.7648162841797]]], [[[-121.07409, 40.35235, -3169.75], [-121.07108, 40.34306, -3193.44775390625], [-121.07263, 40.34763, -2203.937744140625], [-121.07409, 40.35235, -3169.75]]], [[[-121.07701, 40.36086, -1195.477294921875], [-121.07553, 40.35655, -2173.5166015625], [-121.07405, 40.35176, -1216.7503662109375], [-121.07701, 40.36086, -1195.477294921875]]], [[[-121.0676, 40.42036, -8887.2900390625], [-121.0691, 40.42909, -9061.4609375], [-121.06787, 40.42473, -10000.0], [-121.0676, 40.42036, -8887.2900390625]]], [[[-121.0852, 40.48616, -4660.65478515625], [-121.08755, 40.49449, -4172.78857421875], [-121.08755, 40.49449, -5143.99072265625], [-121.0852, 40.48616, -4660.65478515625]]], [[[-121.04868, 40.30334, 872.8397216796875], [-121.05053, 40.30684, 401.2923583984375], [-121.04876, 40.30271, 101.50607299804688], [-121.04868, 40.30334, 872.8397216796875]]], [[[-121.07112, 40.34273, -1253.677978515625], [-121.06923, 40.33805, -296.9643859863281], [-121.07254, 40.34686, -267.334716796875], [-121.07112, 40.34273, -1253.677978515625]]], [[[-121.08277, 40.38198, -10000.0], [-121.08231, 40.37767, -9061.708984375], [-121.08277, 40.38197, -8124.205078125], [-121.08277, 40.38198, -10000.0]]], [[[-121.07432, 40.40337, -3180.488525390625], [-121.07615, 40.39873, -4180.0869140625], [-121.07782, 40.39452, -3125.509765625], [-121.07432, 40.40337, -3180.488525390625]]], [[[-121.05783, 40.31805, -1669.509033203125], [-121.05659, 40.31631, -895.0159301757812], [-121.06148, 40.32373, -1041.66357421875], [-121.05783, 40.31805, -1669.509033203125]]], [[[-121.08519, 40.48615, -3689.298828125], [-121.08755, 40.49449, -3201.5869140625], [-121.08755, 40.49449, -4172.78857421875], [-121.08519, 40.48615, -3689.298828125]]], [[[-121.05781, 40.31775, -3452.126220703125], [-121.06049, 40.32184, -4392.91015625], [-121.05519, 40.31376, -4397.9658203125], [-121.05781, 40.31775, -3452.126220703125]]], [[[-121.06842, 40.42599, -2766.343017578125], [-121.0682, 40.42405, -1775.617431640625], [-121.07096, 40.43265, -2013.4481201171875], [-121.06842, 40.42599, -2766.343017578125]]], [[[-121.07922, 40.39046, -2084.16943359375], [-121.07722, 40.39502, -1143.790771484375], [-121.07579, 40.39918, -2169.918701171875], [-121.07922, 40.39046, -2084.16943359375]]], [[[-121.03797, 40.28525, -5300.35302734375], [-121.04198, 40.29405, -5347.2490234375], [-121.04164, 40.28951, -6282.22412109375], [-121.03797, 40.28525, -5300.35302734375]]], [[[-121.07894, 40.464, -9055.392578125], [-121.08036, 40.46904, -7991.099609375], [-121.08139, 40.47269, -9061.197265625], [-121.07894, 40.464, -9055.392578125]]], [[[-121.0769, 40.36102, -3150.312744140625], [-121.07553, 40.35655, -2173.5166015625], [-121.07837, 40.36532, -2172.4375], [-121.0769, 40.36102, -3150.312744140625]]], [[[-121.07811, 40.46107, -5093.17919921875], [-121.0784, 40.46207, -3915.292236328125], [-121.08046, 40.46939, -4596.5771484375], [-121.07811, 40.46107, -5093.17919921875]]], [[[-121.08108, 40.38627, -5255.7529296875], [-121.07939, 40.39053, -6237.5634765625], [-121.08276, 40.38202, -6230.8828125], [-121.08108, 40.38627, -5255.7529296875]]], [[[-121.08287, 40.47793, -8134.01806640625], [-121.0852, 40.48618, -7573.64501953125], [-121.08529, 40.48649, -8599.0556640625], [-121.08287, 40.47793, -8134.01806640625]]], [[[-121.07955, 40.36916, -5246.88427734375], [-121.0781, 40.36469, -6238.67529296875], [-121.07672, 40.36045, -5255.044921875], [-121.07955, 40.36916, -5246.88427734375]]], [[[-121.07774, 40.39471, -5240.689453125], [-121.07602, 40.39905, -6241.9814453125], [-121.07939, 40.39053, -6237.5634765625], [-121.07774, 40.39471, -5240.689453125]]], [[[-121.07647, 40.45525, -9061.4609375], [-121.0777, 40.45961, -8122.248046875], [-121.07894, 40.464, -9055.392578125], [-121.07647, 40.45525, -9061.4609375]]], [[[-121.08231, 40.37767, -7184.1943359375], [-121.08277, 40.38197, -8124.205078125], [-121.08091, 40.37334, -8122.427734375], [-121.08231, 40.37767, -7184.1943359375]]], [[[-121.02509, 40.24104, -9103.294921875], [-121.02913, 40.25026, -9062.1845703125], [-121.0288, 40.24573, -10000.0], [-121.02509, 40.24104, -9103.294921875]]], [[[-121.07809, 40.36468, -8122.248046875], [-121.08091, 40.37334, -8122.427734375], [-121.0795, 40.36901, -9061.4609375], [-121.07809, 40.36468, -8122.248046875]]], [[[-121.07809, 40.36468, -8122.248046875], [-121.0795, 40.36901, -9061.4609375], [-121.07669, 40.36035, -9061.4609375], [-121.07809, 40.36468, -8122.248046875]]], [[[-121.07722, 40.39502, -1143.790771484375], [-121.08135, 40.38612, -1104.1756591796875], [-121.07942, 40.3907, -166.4839324951172], [-121.07722, 40.39502, -1143.790771484375]]], [[[-121.02258, 40.26388, 822.7083129882812], [-121.02174, 40.26045, 1795.7664794921875], [-121.02513, 40.2691, 1692.8826904296875], [-121.02258, 40.26388, 822.7083129882812]]], [[[-121.07207, 40.4086, -2162.337158203125], [-121.0688, 40.41709, -2589.5595703125], [-121.07115, 40.41137, -3330.887451171875], [-121.07207, 40.4086, -2162.337158203125]]], [[[-121.08278, 40.46533, 971.5476684570312], [-121.08004, 40.45611, 810.3219604492188], [-121.08221, 40.46019, 1772.5032958984375], [-121.08278, 40.46533, 971.5476684570312]]], [[[-121.07939, 40.39053, -6237.5634765625], [-121.07771, 40.39478, -7182.6767578125], [-121.08109, 40.38624, -7184.20458984375], [-121.07939, 40.39053, -6237.5634765625]]], [[[-121.08109, 40.38624, -7184.20458984375], [-121.07771, 40.39478, -7182.6767578125], [-121.0794, 40.39051, -8122.248046875], [-121.08109, 40.38624, -7184.20458984375]]], [[[-121.07112, 40.34273, -1253.677978515625], [-121.06787, 40.33322, -1275.9073486328125], [-121.06923, 40.33805, -296.9643859863281], [-121.07112, 40.34273, -1253.677978515625]]], [[[-121.07267, 40.40753, -6237.6435546875], [-121.07434, 40.40332, -7182.6767578125], [-121.07602, 40.39905, -6241.9814453125], [-121.07267, 40.40753, -6237.6435546875]]], [[[-121.04896, 40.3061, -4406.07763671875], [-121.05177, 40.31018, -5341.56884765625], [-121.04579, 40.30256, -5351.55810546875], [-121.04896, 40.3061, -4406.07763671875]]], [[[-121.04465, 40.28872, -8141.81494140625], [-121.04427, 40.2841, -9071.2421875], [-121.04088, 40.28028, -8141.81494140625], [-121.04465, 40.28872, -8141.81494140625]]], [[[-121.03295, 40.25878, -9071.2421875], [-121.03634, 40.26261, -10000.0], [-121.03257, 40.25417, -10000.0], [-121.03295, 40.25878, -9071.2421875]]], [[[-121.07401, 40.44653, -9061.4609375], [-121.07524, 40.45089, -10000.0], [-121.07278, 40.44217, -10000.0], [-121.07401, 40.44653, -9061.4609375]]], [[[-121.07034, 40.43352, -6239.2861328125], [-121.07155, 40.43781, -7182.6767578125], [-121.06912, 40.42917, -7178.97900390625], [-121.07034, 40.43352, -6239.2861328125]]], [[[-121.0265, 40.25147, -7318.71826171875], [-121.02545, 40.24583, -8117.87109375], [-121.02236, 40.24472, -7064.501953125], [-121.0265, 40.25147, -7318.71826171875]]], [[[-121.0682, 40.42405, -1775.617431640625], [-121.07019, 40.42884, -1032.1494140625], [-121.07096, 40.43265, -2013.4481201171875], [-121.0682, 40.42405, -1775.617431640625]]], [[[-121.0265, 40.25147, -7318.71826171875], [-121.02551, 40.25364, -6453.60302734375], [-121.02995, 40.25958, -7211.67529296875], [-121.0265, 40.25147, -7318.71826171875]]], [[[-121.08575, 40.48717, -2694.197265625], [-121.08487, 40.48202, -2027.9659423828125], [-121.08732, 40.48866, -1847.44970703125], [-121.08575, 40.48717, -2694.197265625]]], [[[-121.07095, 40.41187, -5287.58251953125], [-121.06759, 40.42039, -5431.37109375], [-121.06927, 40.41613, -6243.4814453125], [-121.07095, 40.41187, -5287.58251953125]]], [[[-121.07409, 40.35235, -3169.75], [-121.07263, 40.34763, -2203.937744140625], [-121.07553, 40.35655, -2173.5166015625], [-121.07409, 40.35235, -3169.75]]], [[[-121.06737, 40.42074, -848.7979736328125], [-121.0686, 40.41712, -1735.707763671875], [-121.07045, 40.41212, -1126.21484375], [-121.06737, 40.42074, -848.7979736328125]]], [[[-121.07277, 40.40729, -4299.9375], [-121.07442, 40.40312, -5261.71728515625], [-121.07615, 40.39873, -4180.0869140625], [-121.07277, 40.40729, -4299.9375]]], [[[-121.07405, 40.35176, -1216.7503662109375], [-121.07112, 40.34273, -1253.677978515625], [-121.07254, 40.34686, -267.334716796875], [-121.07405, 40.35176, -1216.7503662109375]]], [[[-121.07052, 40.43413, -4375.2490234375], [-121.07159, 40.43795, -5283.7626953125], [-121.06909, 40.42909, -5303.34521484375], [-121.07052, 40.43413, -4375.2490234375]]], [[[-121.08277, 40.38197, -8124.205078125], [-121.08231, 40.37767, -9061.708984375], [-121.08091, 40.37334, -8122.427734375], [-121.08277, 40.38197, -8124.205078125]]], [[[-121.07955, 40.36916, -5246.88427734375], [-121.08233, 40.37773, -5257.6015625], [-121.08091, 40.37334, -6242.12451171875], [-121.07955, 40.36916, -5246.88427734375]]], [[[-121.08256, 40.38252, -4391.1552734375], [-121.0794, 40.39052, -4186.28466796875], [-121.08108, 40.38627, -5255.7529296875], [-121.08256, 40.38252, -4391.1552734375]]], [[[-121.07155, 40.43781, -9061.4609375], [-121.07401, 40.44653, -9061.4609375], [-121.07278, 40.44217, -10000.0], [-121.07155, 40.43781, -9061.4609375]]], [[[-121.06785, 40.42469, -4510.1484375], [-121.06777, 40.41992, -3712.703369140625], [-121.06913, 40.42923, -3709.736328125], [-121.06785, 40.42469, -4510.1484375]]], [[[-121.06787, 40.33322, -1275.9073486328125], [-121.06376, 40.327, -2075.1083984375], [-121.06148, 40.32373, -1041.66357421875], [-121.06787, 40.33322, -1275.9073486328125]]], [[[-121.08575, 40.48717, -2694.197265625], [-121.08755, 40.49449, -2297.3046875], [-121.08755, 40.49449, -3201.5869140625], [-121.08575, 40.48717, -2694.197265625]]], [[[-121.07052, 40.43413, -4375.2490234375], [-121.06785, 40.42469, -4510.1484375], [-121.06913, 40.42923, -3709.736328125], [-121.07052, 40.43413, -4375.2490234375]]], [[[-121.06012, 40.32234, -8140.0859375], [-121.05734, 40.31829, -7207.47119140625], [-121.06326, 40.32605, -7198.896484375], [-121.06012, 40.32234, -8140.0859375]]], [[[-121.07155, 40.43781, -7182.6767578125], [-121.07401, 40.44653, -7182.6767578125], [-121.07278, 40.44217, -8122.248046875], [-121.07155, 40.43781, -7182.6767578125]]], [[[-121.04619, 40.29803, 1034.6710205078125], [-121.04641, 40.2986, 478.3822326660156], [-121.04277, 40.294, 937.5090942382812], [-121.04619, 40.29803, 1034.6710205078125]]], [[[-121.06777, 40.41992, -3712.703369140625], [-121.06842, 40.42599, -2766.343017578125], [-121.06913, 40.42923, -3709.736328125], [-121.06777, 40.41992, -3712.703369140625]]], [[[-121.06936, 40.4159, -4422.25244140625], [-121.07277, 40.40729, -4299.9375], [-121.07115, 40.41137, -3330.887451171875], [-121.06936, 40.4159, -4422.25244140625]]], [[[-121.08091, 40.37334, -8122.427734375], [-121.08231, 40.37767, -9061.708984375], [-121.0795, 40.36901, -9061.4609375], [-121.08091, 40.37334, -8122.427734375]]], [[[-121.03295, 40.25878, -9071.2421875], [-121.03672, 40.26722, -9071.2421875], [-121.03634, 40.26261, -10000.0], [-121.03295, 40.25878, -9071.2421875]]], [[[-121.0674, 40.42063, 670.7175903320312], [-121.06737, 40.42074, -848.7979736328125], [-121.06893, 40.41585, -167.34823608398438], [-121.0674, 40.42063, 670.7175903320312]]], [[[-121.02195, 40.24567, -2973.33203125], [-121.02161, 40.23727, -3478.341796875], [-121.02133, 40.23726, -2472.331787109375], [-121.02195, 40.24567, -2973.33203125]]], [[[-121.06794, 40.33345, 667.6055297851562], [-121.06505, 40.32905, -299.2661437988281], [-121.06243, 40.32532, 639.3662109375], [-121.06794, 40.33345, 667.6055297851562]]], [[[-121.0852, 40.48616, -4660.65478515625], [-121.08755, 40.49449, -5143.99072265625], [-121.0852, 40.48617, -5631.78173828125], [-121.0852, 40.48616, -4660.65478515625]]], [[[-121.02707, 40.27284, 725.9671630859375], [-121.02513, 40.2691, 1692.8826904296875], [-121.02953, 40.27754, 1626.1458740234375], [-121.02707, 40.27284, 725.9671630859375]]], [[[-121.07434, 40.40332, -7182.6767578125], [-121.07099, 40.41179, -7179.10205078125], [-121.07265, 40.40759, -8122.248046875], [-121.07434, 40.40332, -7182.6767578125]]], [[[-121.07922, 40.39046, -2084.16943359375], [-121.08135, 40.38612, -1104.1756591796875], [-121.07722, 40.39502, -1143.790771484375], [-121.07922, 40.39046, -2084.16943359375]]], [[[-121.07203, 40.40758, -156.8830108642578], [-121.07024, 40.41173, 858.73583984375], [-121.06893, 40.41585, -167.34823608398438], [-121.07203, 40.40758, -156.8830108642578]]], [[[-121.08529, 40.48649, -8599.0556640625], [-121.08632, 40.49013, -9514.3994140625], [-121.08371, 40.4809, -9133.2587890625], [-121.08529, 40.48649, -8599.0556640625]]], [[[-121.02236, 40.24472, -7064.501953125], [-121.0217, 40.23741, -8352.7958984375], [-121.02161, 40.23707, -7475.08154296875], [-121.02236, 40.24472, -7064.501953125]]], [[[-121.03153, 40.28139, 673.313720703125], [-121.02707, 40.27284, 725.9671630859375], [-121.02953, 40.27754, 1626.1458740234375], [-121.03153, 40.28139, 673.313720703125]]], [[[-121.08184, 40.38622, 808.1431274414062], [-121.083, 40.38176, 1767.8834228515625], [-121.08032, 40.39064, 1760.64892578125], [-121.08184, 40.38622, 808.1431274414062]]], [[[-121.02353, 40.25429, -5506.05859375], [-121.02196, 40.24569, -5986.71923828125], [-121.02196, 40.24569, -4983.400390625], [-121.02353, 40.25429, -5506.05859375]]], [[[-121.0794, 40.39052, -4186.28466796875], [-121.07774, 40.39471, -5240.689453125], [-121.08108, 40.38627, -5255.7529296875], [-121.0794, 40.39052, -4186.28466796875]]], [[[-121.05559, 40.30942, -9071.2412109375], [-121.05936, 40.31786, -9071.2412109375], [-121.05898, 40.31325, -10000.0], [-121.05559, 40.30942, -9071.2412109375]]], [[[-121.06842, 40.42599, -2766.343017578125], [-121.0688, 40.41709, -2589.5595703125], [-121.0682, 40.42405, -1775.617431640625], [-121.06842, 40.42599, -2766.343017578125]]], [[[-121.08783, 40.48856, 415.6106872558594], [-121.08755, 40.49449, 912.3116455078125], [-121.08755, 40.49449, 67.12770080566406], [-121.08783, 40.48856, 415.6106872558594]]], [[[-121.05181, 40.30098, -9071.2412109375], [-121.0552, 40.30481, -10000.0], [-121.05143, 40.29637, -10000.0], [-121.05181, 40.30098, -9071.2412109375]]], [[[-121.04804, 40.29254, -9071.2421875], [-121.05181, 40.30098, -9071.2412109375], [-121.05143, 40.29637, -10000.0], [-121.04804, 40.29254, -9071.2421875]]], [[[-121.04579, 40.30256, -5351.55810546875], [-121.04919, 40.30638, -6282.22412109375], [-121.04541, 40.29795, -6282.22412109375], [-121.04579, 40.30256, -5351.55810546875]]], [[[-121.04427, 40.2841, -9071.2421875], [-121.04804, 40.29254, -9071.2421875], [-121.04765, 40.28793, -10000.0], [-121.04427, 40.2841, -9071.2421875]]], [[[-121.03333, 40.2634, -8141.8154296875], [-121.03672, 40.26722, -9071.2421875], [-121.03295, 40.25878, -9071.2421875], [-121.03333, 40.2634, -8141.8154296875]]], [[[-121.04531, 40.29782, -163.8524169921875], [-121.03964, 40.29178, -584.0828857421875], [-121.04145, 40.29307, 215.787353515625], [-121.04531, 40.29782, -163.8524169921875]]], [[[-121.07894, 40.464, -9055.392578125], [-121.08139, 40.47269, -9061.197265625], [-121.08016, 40.46833, -10000.0], [-121.07894, 40.464, -9055.392578125]]], [[[-121.03672, 40.26722, -9071.2421875], [-121.04049, 40.27566, -9071.2421875], [-121.04011, 40.27105, -10000.0], [-121.03672, 40.26722, -9071.2421875]]], [[[-121.05783, 40.31805, -1669.509033203125], [-121.05387, 40.31195, -1969.545166015625], [-121.05391, 40.31215, -1344.2412109375], [-121.05783, 40.31805, -1669.509033203125]]], [[[-121.04531, 40.29782, -163.8524169921875], [-121.04145, 40.29307, 215.787353515625], [-121.04641, 40.2986, 478.3822326660156], [-121.04531, 40.29782, -163.8524169921875]]], [[[-121.0211, 40.25439, -722.642333984375], [-121.02152, 40.25402, -1541.1575927734375], [-121.02087, 40.24568, -971.0447387695312], [-121.0211, 40.25439, -722.642333984375]]], [[[-121.0781, 40.36469, -6238.67529296875], [-121.08091, 40.37334, -6242.12451171875], [-121.0795, 40.36901, -7182.853515625], [-121.0781, 40.36469, -6238.67529296875]]], [[[-121.0211, 40.25439, -722.642333984375], [-121.02087, 40.24568, -971.0447387695312], [-121.02042, 40.24819, 62.90944290161133], [-121.0211, 40.25439, -722.642333984375]]], [[[-121.02161, 40.23707, -7475.08154296875], [-121.0217, 40.23741, -8352.7958984375], [-121.02127, 40.22885, -7993.3603515625], [-121.02161, 40.23707, -7475.08154296875]]], [[[-121.07203, 40.40758, -156.8830108642578], [-121.07341, 40.40354, 866.5819702148438], [-121.07024, 40.41173, 858.73583984375], [-121.07203, 40.40758, -156.8830108642578]]], [[[-121.026, 40.27077, -2449.37890625], [-121.02265, 40.26247, -2991.576416015625], [-121.02231, 40.26276, -1994.8262939453125], [-121.026, 40.27077, -2449.37890625]]], [[[-121.07528, 40.35602, -6238.36083984375], [-121.0781, 40.36469, -6238.67529296875], [-121.07669, 40.36035, -7182.6767578125], [-121.07528, 40.35602, -6238.36083984375]]], [[[-121.07245, 40.34728, -6222.3359375], [-121.07106, 40.343, -7184.89599609375], [-121.06962, 40.33858, -6231.3642578125], [-121.07245, 40.34728, -6222.3359375]]], [[[-121.02161, 40.23707, -7475.08154296875], [-121.02127, 40.22885, -7993.3603515625], [-121.02127, 40.22885, -6990.04052734375], [-121.02161, 40.23707, -7475.08154296875]]], [[[-121.04503, 40.29333, -7212.03564453125], [-121.0488, 40.30177, -7212.03515625], [-121.04842, 40.29716, -8141.814453125], [-121.04503, 40.29333, -7212.03564453125]]], [[[-121.05783, 40.31805, -1669.509033203125], [-121.05391, 40.31215, -1344.2412109375], [-121.05659, 40.31631, -895.0159301757812], [-121.05783, 40.31805, -1669.509033203125]]], [[[-121.04427, 40.2841, -9071.2421875], [-121.04765, 40.28793, -10000.0], [-121.04388, 40.27949, -10000.0], [-121.04427, 40.2841, -9071.2421875]]], [[[-121.06901, 40.33667, -3997.104736328125], [-121.07251, 40.34747, -4204.1181640625], [-121.07094, 40.34265, -5183.94482421875], [-121.06901, 40.33667, -3997.104736328125]]], [[[-121.07302, 40.44301, -4282.04248046875], [-121.07592, 40.45328, -4388.2958984375], [-121.07395, 40.44632, -5277.36181640625], [-121.07302, 40.44301, -4282.04248046875]]], [[[-121.02509, 40.24104, -9103.294921875], [-121.02503, 40.23729, -10000.0], [-121.0223, 40.23317, -9503.7265625], [-121.02509, 40.24104, -9103.294921875]]], [[[-121.04145, 40.29307, 215.787353515625], [-121.03619, 40.28931, 806.9690551757812], [-121.04277, 40.294, 937.5090942382812], [-121.04145, 40.29307, 215.787353515625]]], [[[-121.04145, 40.29307, 215.787353515625], [-121.04277, 40.294, 937.5090942382812], [-121.04641, 40.2986, 478.3822326660156], [-121.04145, 40.29307, 215.787353515625]]], [[[-121.04603, 40.30084, -2335.64697265625], [-121.04375, 40.29736, -1586.3297119140625], [-121.04841, 40.30303, -1673.2003173828125], [-121.04603, 40.30084, -2335.64697265625]]], [[[-121.04277, 40.294, 937.5090942382812], [-121.03924, 40.29149, 1533.99755859375], [-121.04465, 40.29535, 1528.824462890625], [-121.04277, 40.294, 937.5090942382812]]], [[[-121.08256, 40.38252, -4391.1552734375], [-121.081, 40.38647, -3138.364990234375], [-121.0794, 40.39052, -4186.28466796875], [-121.08256, 40.38252, -4391.1552734375]]], [[[-121.03333, 40.2634, -8141.8154296875], [-121.03295, 40.25878, -9071.2421875], [-121.02957, 40.25496, -8141.1201171875], [-121.03333, 40.2634, -8141.8154296875]]], [[[-121.02509, 40.24104, -9103.294921875], [-121.0223, 40.23317, -9503.7265625], [-121.0217, 40.23741, -8352.7958984375], [-121.02509, 40.24104, -9103.294921875]]], [[[-121.02913, 40.25026, -9062.1845703125], [-121.03257, 40.25417, -10000.0], [-121.0288, 40.24573, -10000.0], [-121.02913, 40.25026, -9062.1845703125]]], [[[-121.03619, 40.28931, 806.9690551757812], [-121.03374, 40.28562, 1562.2587890625], [-121.03924, 40.29149, 1533.99755859375], [-121.03619, 40.28931, 806.9690551757812]]], [[[-121.02913, 40.25026, -9062.1845703125], [-121.03295, 40.25878, -9071.2421875], [-121.03257, 40.25417, -10000.0], [-121.02913, 40.25026, -9062.1845703125]]], [[[-121.03964, 40.29178, -584.0828857421875], [-121.03236, 40.28297, -1048.3350830078125], [-121.03433, 40.28675, -107.3041763305664], [-121.03964, 40.29178, -584.0828857421875]]], [[[-121.05087, 40.30727, -2126.57421875], [-121.05423, 40.31235, -2731.84326171875], [-121.04954, 40.30549, -2785.922119140625], [-121.05087, 40.30727, -2126.57421875]]], [[[-121.06767, 40.33277, -2954.222412109375], [-121.06376, 40.327, -2075.1083984375], [-121.06954, 40.33811, -2217.850830078125], [-121.06767, 40.33277, -2954.222412109375]]], [[[-121.03826, 40.28957, -4395.7607421875], [-121.03508, 40.28654, -3384.902099609375], [-121.03985, 40.29449, -3506.298828125], [-121.03826, 40.28957, -4395.7607421875]]], [[[-121.03064, 40.26854, -5376.19189453125], [-121.02933, 40.27024, -4476.97216796875], [-121.0342, 40.27677, -5314.234375], [-121.03064, 40.26854, -5376.19189453125]]], [[[-121.02073, 40.25505, 929.0972290039062], [-121.0201, 40.25149, 1922.074951171875], [-121.02174, 40.26045, 1795.7664794921875], [-121.02073, 40.25505, 929.0972290039062]]], [[[-121.06825, 40.33434, -9064.078125], [-121.06967, 40.33871, -10000.0], [-121.06653, 40.33012, -10000.0], [-121.06825, 40.33434, -9064.078125]]], [[[-121.04954, 40.30549, -2785.922119140625], [-121.04577, 40.3015, -3403.614013671875], [-121.04603, 40.30084, -2335.64697265625], [-121.04954, 40.30549, -2785.922119140625]]], [[[-121.04842, 40.29716, -8141.814453125], [-121.05181, 40.30098, -9071.2412109375], [-121.04804, 40.29254, -9071.2421875], [-121.04842, 40.29716, -8141.814453125]]], [[[-121.03508, 40.28654, -3384.902099609375], [-121.0334, 40.27913, -4286.27587890625], [-121.0304, 40.27905, -3034.310791015625], [-121.03508, 40.28654, -3384.902099609375]]], [[[-121.0691, 40.42909, -9061.4609375], [-121.07155, 40.43781, -9061.4609375], [-121.07032, 40.43345, -10000.0], [-121.0691, 40.42909, -9061.4609375]]], [[[-121.05659, 40.31631, -895.0159301757812], [-121.05432, 40.31347, -405.8232727050781], [-121.0588, 40.31984, -112.15953826904297], [-121.05659, 40.31631, -895.0159301757812]]], [[[-121.06787, 40.42473, -6243.85498046875], [-121.06912, 40.42917, -7178.97900390625], [-121.06758, 40.4204, -7183.6005859375], [-121.06787, 40.42473, -6243.85498046875]]], [[[-121.03508, 40.28654, -3384.902099609375], [-121.03394, 40.28599, -2208.640625], [-121.04023, 40.29406, -2496.21142578125], [-121.03508, 40.28654, -3384.902099609375]]], [[[-121.08596, 40.47506, 67.10265350341797], [-121.08707, 40.47759, 612.3919067382812], [-121.08709, 40.47975, 104.4471206665039], [-121.08596, 40.47506, 67.10265350341797]]], [[[-121.07127, 40.4368, -3145.641357421875], [-121.06842, 40.42599, -2766.343017578125], [-121.07096, 40.43265, -2013.4481201171875], [-121.07127, 40.4368, -3145.641357421875]]], [[[-121.08279, 40.37729, 811.4130859375], [-121.0807, 40.36865, 794.1162719726562], [-121.08212, 40.3727, 1761.9517822265625], [-121.08279, 40.37729, 811.4130859375]]], [[[-121.03508, 40.28654, -3384.902099609375], [-121.04023, 40.29406, -2496.21142578125], [-121.03985, 40.29449, -3506.298828125], [-121.03508, 40.28654, -3384.902099609375]]], [[[-121.0794, 40.39052, -4186.28466796875], [-121.07615, 40.39873, -4180.0869140625], [-121.07774, 40.39471, -5240.689453125], [-121.0794, 40.39052, -4186.28466796875]]], [[[-121.04854, 40.3024, -467.77203369140625], [-121.0481, 40.30205, -1063.453125], [-121.04434, 40.29731, -831.3807373046875], [-121.04854, 40.3024, -467.77203369140625]]], [[[-121.07442, 40.40312, -5261.71728515625], [-121.07095, 40.41187, -5287.58251953125], [-121.07267, 40.40753, -6237.6435546875], [-121.07442, 40.40312, -5261.71728515625]]], [[[-121.02127, 40.22885, -8996.6796875], [-121.0217, 40.23741, -8352.7958984375], [-121.0223, 40.23317, -9503.7265625], [-121.02127, 40.22885, -8996.6796875]]], [[[-121.07382, 40.40362, -1176.3104248046875], [-121.07525, 40.39945, -153.53370666503906], [-121.07203, 40.40758, -156.8830108642578], [-121.07382, 40.40362, -1176.3104248046875]]], [[[-121.06376, 40.327, -2075.1083984375], [-121.06327, 40.32606, -3401.53271484375], [-121.05883, 40.31939, -2528.224609375], [-121.06376, 40.327, -2075.1083984375]]], [[[-121.0852, 40.48617, -5631.78173828125], [-121.08755, 40.49449, -5143.99072265625], [-121.08755, 40.49449, -6115.1923828125], [-121.0852, 40.48617, -5631.78173828125]]], [[[-121.02933, 40.27024, -4476.97216796875], [-121.03064, 40.26854, -5376.19189453125], [-121.02622, 40.26183, -4995.55224609375], [-121.02933, 40.27024, -4476.97216796875]]], [[[-121.08442, 40.47076, 445.24053955078125], [-121.08668, 40.4735, 1081.7296142578125], [-121.08707, 40.47759, 612.3919067382812], [-121.08442, 40.47076, 445.24053955078125]]], [[[-121.081, 40.38647, -3138.364990234375], [-121.08275, 40.38253, -2088.211181640625], [-121.07922, 40.39046, -2084.16943359375], [-121.081, 40.38647, -3138.364990234375]]], [[[-121.05936, 40.31786, -9071.2412109375], [-121.06275, 40.32169, -10000.0], [-121.05898, 40.31325, -10000.0], [-121.05936, 40.31786, -9071.2412109375]]], [[[-121.02161, 40.23727, -5485.060546875], [-121.02196, 40.24569, -5986.71923828125], [-121.02161, 40.23727, -6488.38037109375], [-121.02161, 40.23727, -5485.060546875]]], [[[-121.03985, 40.29449, -3506.298828125], [-121.04577, 40.3015, -3403.614013671875], [-121.04271, 40.29862, -4417.80712890625], [-121.03985, 40.29449, -3506.298828125]]], [[[-121.06863, 40.42517, -163.3783721923828], [-121.0674, 40.42063, 670.7175903320312], [-121.07103, 40.42946, 775.819091796875], [-121.06863, 40.42517, -163.3783721923828]]], [[[-121.07615, 40.39873, -4180.0869140625], [-121.07432, 40.40337, -3180.488525390625], [-121.07277, 40.40729, -4299.9375], [-121.07615, 40.39873, -4180.0869140625]]], [[[-121.07968, 40.46003, -869.7613525390625], [-121.07818, 40.4526, -185.15789794921875], [-121.08126, 40.46268, 87.39639282226562], [-121.07968, 40.46003, -869.7613525390625]]], [[[-121.08139, 40.47269, -9061.197265625], [-121.08262, 40.47705, -10000.0], [-121.08016, 40.46833, -10000.0], [-121.08139, 40.47269, -9061.197265625]]], [[[-121.06785, 40.42469, -4510.1484375], [-121.06909, 40.42909, -5303.34521484375], [-121.06759, 40.42039, -5431.37109375], [-121.06785, 40.42469, -4510.1484375]]], [[[-121.0884, 40.48129, 1166.711181640625], [-121.08804, 40.48566, 1869.5174560546875], [-121.08767, 40.48839, 1122.539794921875], [-121.0884, 40.48129, 1166.711181640625]]], [[[-121.08793, 40.48911, -325.1185607910156], [-121.08755, 40.49449, 67.12770080566406], [-121.08755, 40.49449, -700.7142333984375], [-121.08793, 40.48911, -325.1185607910156]]], [[[-121.07771, 40.39478, -9061.4609375], [-121.07602, 40.39905, -10000.0], [-121.0794, 40.39051, -10000.0], [-121.07771, 40.39478, -9061.4609375]]], [[[-121.05053, 40.30684, 401.2923583984375], [-121.04868, 40.30334, 872.8397216796875], [-121.05231, 40.3103, 939.3847045898438], [-121.05053, 40.30684, 401.2923583984375]]], [[[-121.07041, 40.34224, 685.1779174804688], [-121.06794, 40.33345, 667.6055297851562], [-121.06912, 40.33767, 1625.58251953125], [-121.07041, 40.34224, 685.1779174804688]]], [[[-121.0776, 40.3951, 822.9730224609375], [-121.07942, 40.3907, -166.4839324951172], [-121.08184, 40.38622, 808.1431274414062], [-121.0776, 40.3951, 822.9730224609375]]], [[[-121.07771, 40.39478, -7182.6767578125], [-121.07434, 40.40332, -7182.6767578125], [-121.07602, 40.39905, -8122.248046875], [-121.07771, 40.39478, -7182.6767578125]]], [[[-121.02622, 40.26183, -4995.55224609375], [-121.02231, 40.25411, -4481.66259765625], [-121.02398, 40.26236, -3971.3828125], [-121.02622, 40.26183, -4995.55224609375]]], [[[-121.07094, 40.34265, -5183.94482421875], [-121.07389, 40.35173, -5246.7490234375], [-121.07245, 40.34728, -6222.3359375], [-121.07094, 40.34265, -5183.94482421875]]], [[[-121.08413, 40.47706, -1278.85302734375], [-121.0868, 40.48, -489.0270690917969], [-121.08659, 40.4836, -1297.3385009765625], [-121.08413, 40.47706, -1278.85302734375]]], [[[-121.05432, 40.31347, -405.8232727050781], [-121.0523, 40.3102, -851.6177368164062], [-121.05117, 40.30764, -270.35430908203125], [-121.05432, 40.31347, -405.8232727050781]]], [[[-121.06821, 40.33422, -7191.40966796875], [-121.06595, 40.33014, -8131.6240234375], [-121.06326, 40.32605, -7198.896484375], [-121.06821, 40.33422, -7191.40966796875]]], [[[-121.04434, 40.29731, -831.3807373046875], [-121.04531, 40.29782, -163.8524169921875], [-121.04854, 40.3024, -467.77203369140625], [-121.04434, 40.29731, -831.3807373046875]]], [[[-121.02087, 40.24568, -971.0447387695312], [-121.02152, 40.25402, -1541.1575927734375], [-121.02141, 40.24567, -1968.0650634765625], [-121.02087, 40.24568, -971.0447387695312]]], [[[-121.08509, 40.48577, -10000.0], [-121.08632, 40.49013, -9514.3994140625], [-121.08755, 40.49449, -10000.0], [-121.08509, 40.48577, -10000.0]]], [[[-121.07108, 40.34306, -3193.44775390625], [-121.06901, 40.33667, -3997.104736328125], [-121.06767, 40.33277, -2954.222412109375], [-121.07108, 40.34306, -3193.44775390625]]], [[[-121.07395, 40.44632, -5277.36181640625], [-121.07597, 40.45348, -5484.6220703125], [-121.07519, 40.4507, -6303.13525390625], [-121.07395, 40.44632, -5277.36181640625]]], [[[-121.06148, 40.32373, -1041.66357421875], [-121.0588, 40.31984, -112.15953826904297], [-121.06505, 40.32905, -299.2661437988281], [-121.06148, 40.32373, -1041.66357421875]]], [[[-121.08755, 40.49449, 1848.3018798828125], [-121.08767, 40.48839, 1122.539794921875], [-121.08804, 40.48566, 1869.5174560546875], [-121.08755, 40.49449, 1848.3018798828125]]], [[[-121.07548, 40.35663, -4208.9091796875], [-121.07831, 40.36534, -4207.43115234375], [-121.07672, 40.36045, -5255.044921875], [-121.07548, 40.35663, -4208.9091796875]]], [[[-121.08287, 40.47793, -8134.01806640625], [-121.08371, 40.4809, -9133.2587890625], [-121.08139, 40.47269, -9061.197265625], [-121.08287, 40.47793, -8134.01806640625]]], [[[-121.07837, 40.36532, -2172.4375], [-121.07977, 40.36938, -1180.7880859375], [-121.08114, 40.37383, -2160.556884765625], [-121.07837, 40.36532, -2172.4375]]], [[[-121.05423, 40.31235, -2731.84326171875], [-121.05781, 40.31775, -3452.126220703125], [-121.05238, 40.30951, -3534.04345703125], [-121.05423, 40.31235, -2731.84326171875]]], [[[-121.07278, 40.44217, -8122.248046875], [-121.07155, 40.43781, -9061.4609375], [-121.07032, 40.43345, -8122.248046875], [-121.07278, 40.44217, -8122.248046875]]], [[[-121.08767, 40.48839, 1122.539794921875], [-121.08755, 40.49449, 1848.3018798828125], [-121.08755, 40.49449, 912.3116455078125], [-121.08767, 40.48839, 1122.539794921875]]], [[[-121.08301, 40.38175, -176.04486083984375], [-121.08279, 40.37729, 811.4130859375], [-121.08184, 40.38622, 808.1431274414062], [-121.08301, 40.38175, -176.04486083984375]]], [[[-121.05088, 40.30728, -1413.25830078125], [-121.0523, 40.3102, -851.6177368164062], [-121.05391, 40.31215, -1344.2412109375], [-121.05088, 40.30728, -1413.25830078125]]], [[[-121.08767, 40.48839, 1122.539794921875], [-121.08783, 40.48856, 415.6106872558594], [-121.08828, 40.48317, 573.678955078125], [-121.08767, 40.48839, 1122.539794921875]]], [[[-121.02127, 40.22885, -970.120849609375], [-121.02079, 40.23724, -1470.1602783203125], [-121.02127, 40.22885, -1973.4407958984375], [-121.02127, 40.22885, -970.120849609375]]], [[[-121.08794, 40.48889, -1070.974365234375], [-121.08755, 40.49449, -700.7142333984375], [-121.08755, 40.49449, -1474.17236328125], [-121.08794, 40.48889, -1070.974365234375]]], [[[-121.08793, 40.48911, -325.1185607910156], [-121.08783, 40.48856, 415.6106872558594], [-121.08755, 40.49449, 67.12770080566406], [-121.08793, 40.48911, -325.1185607910156]]], [[[-121.0852, 40.48617, -5631.78173828125], [-121.08755, 40.49449, -6115.1923828125], [-121.0852, 40.48617, -6602.90283203125], [-121.0852, 40.48617, -5631.78173828125]]], [[[-121.06376, 40.327, -2075.1083984375], [-121.06787, 40.33322, -1275.9073486328125], [-121.06954, 40.33811, -2217.850830078125], [-121.06376, 40.327, -2075.1083984375]]], [[[-121.07657, 40.4556, -3065.62939453125], [-121.07939, 40.46466, -2698.519775390625], [-121.0784, 40.46207, -3915.292236328125], [-121.07657, 40.4556, -3065.62939453125]]], [[[-121.06327, 40.32606, -3401.53271484375], [-121.06552, 40.3295, -4408.63232421875], [-121.06049, 40.32184, -4392.91015625], [-121.06327, 40.32606, -3401.53271484375]]], [[[-121.05734, 40.31829, -7207.47119140625], [-121.06012, 40.32234, -8140.0859375], [-121.05597, 40.31404, -8141.81396484375], [-121.05734, 40.31829, -7207.47119140625]]], [[[-121.07942, 40.3907, -166.4839324951172], [-121.0776, 40.3951, 822.9730224609375], [-121.07525, 40.39945, -153.53370666503906], [-121.07942, 40.3907, -166.4839324951172]]], [[[-121.08117, 40.37417, -4187.43603515625], [-121.08258, 40.37849, -3149.178955078125], [-121.08256, 40.38252, -4391.1552734375], [-121.08117, 40.37417, -4187.43603515625]]], [[[-121.06243, 40.32532, 639.3662109375], [-121.05666, 40.31708, 760.3339233398438], [-121.05949, 40.32113, 1549.67138671875], [-121.06243, 40.32532, 639.3662109375]]], [[[-121.0693, 40.41605, -8118.291015625], [-121.07099, 40.41179, -7179.10205078125], [-121.06758, 40.4204, -7183.6005859375], [-121.0693, 40.41605, -8118.291015625]]], [[[-121.01982, 40.23802, 731.0924682617188], [-121.02042, 40.24819, 62.90944290161133], [-121.02025, 40.23786, -413.22821044921875], [-121.01982, 40.23802, 731.0924682617188]]], [[[-121.0676, 40.42036, -8887.2900390625], [-121.06787, 40.42473, -10000.0], [-121.06927, 40.41613, -10000.0], [-121.0676, 40.42036, -8887.2900390625]]], [[[-121.08126, 40.46268, 87.39639282226562], [-121.08278, 40.46533, 971.5476684570312], [-121.08442, 40.47076, 445.24053955078125], [-121.08126, 40.46268, 87.39639282226562]]], [[[-121.06909, 40.42909, -5303.34521484375], [-121.07034, 40.43352, -6239.2861328125], [-121.06787, 40.42473, -6243.85498046875], [-121.06909, 40.42909, -5303.34521484375]]], [[[-121.06909, 40.42909, -5303.34521484375], [-121.07159, 40.43795, -5283.7626953125], [-121.07034, 40.43352, -6239.2861328125], [-121.06909, 40.42909, -5303.34521484375]]], [[[-121.07041, 40.34224, 685.1779174804688], [-121.06912, 40.33767, 1625.58251953125], [-121.07177, 40.34657, 1635.736572265625], [-121.07041, 40.34224, 685.1779174804688]]], [[[-121.08279, 40.37729, 811.4130859375], [-121.08212, 40.3727, 1761.9517822265625], [-121.083, 40.38176, 1767.8834228515625], [-121.08279, 40.37729, 811.4130859375]]], [[[-121.06057, 40.32195, -6266.2509765625], [-121.05788, 40.31786, -5332.802734375], [-121.06318, 40.32593, -5324.91455078125], [-121.06057, 40.32195, -6266.2509765625]]], [[[-121.08004, 40.45611, 810.3219604492188], [-121.07818, 40.4526, -185.15789794921875], [-121.07718, 40.44712, 796.095703125], [-121.08004, 40.45611, 810.3219604492188]]], [[[-121.08659, 40.4836, -1297.3385009765625], [-121.08732, 40.48866, -1847.44970703125], [-121.08487, 40.48202, -2027.9659423828125], [-121.08659, 40.4836, -1297.3385009765625]]], [[[-121.06758, 40.4204, -7183.6005859375], [-121.06927, 40.41613, -6243.4814453125], [-121.06759, 40.42039, -5431.37109375], [-121.06758, 40.4204, -7183.6005859375]]], [[[-121.0371, 40.27184, -8141.8154296875], [-121.03672, 40.26722, -9071.2421875], [-121.03333, 40.2634, -8141.8154296875], [-121.0371, 40.27184, -8141.8154296875]]], [[[-121.0875, 40.48509, -669.8743286132812], [-121.08659, 40.4836, -1297.3385009765625], [-121.0868, 40.48, -489.0270690917969], [-121.0875, 40.48509, -669.8743286132812]]], [[[-121.07032, 40.43345, -8122.248046875], [-121.0691, 40.42909, -9061.4609375], [-121.06789, 40.42482, -8117.87451171875], [-121.07032, 40.43345, -8122.248046875]]], [[[-121.07615, 40.44853, -1198.9769287109375], [-121.07404, 40.44446, -2292.910888671875], [-121.07328, 40.43841, -1218.19775390625], [-121.07615, 40.44853, -1198.9769287109375]]], [[[-121.06825, 40.33434, -9064.078125], [-121.06653, 40.33012, -10000.0], [-121.06314, 40.3263, -9071.2412109375], [-121.06825, 40.33434, -9064.078125]]], [[[-121.07968, 40.46003, -869.7613525390625], [-121.07615, 40.44853, -1198.9769287109375], [-121.07818, 40.4526, -185.15789794921875], [-121.07968, 40.46003, -869.7613525390625]]], [[[-121.07977, 40.36938, -1180.7880859375], [-121.07701, 40.36086, -1195.477294921875], [-121.07848, 40.36491, -203.7648162841797], [-121.07977, 40.36938, -1180.7880859375]]], [[[-121.08804, 40.48441, -35.428466796875], [-121.08828, 40.48317, 573.678955078125], [-121.08783, 40.48856, 415.6106872558594], [-121.08804, 40.48441, -35.428466796875]]], [[[-121.07404, 40.44446, -2292.910888671875], [-121.07615, 40.44853, -1198.9769287109375], [-121.07748, 40.4556, -1952.6741943359375], [-121.07404, 40.44446, -2292.910888671875]]], [[[-121.08024, 40.46483, -1770.8939208984375], [-121.07748, 40.4556, -1952.6741943359375], [-121.07968, 40.46003, -869.7613525390625], [-121.08024, 40.46483, -1770.8939208984375]]], [[[-121.0693, 40.41605, -8118.291015625], [-121.07096, 40.41186, -9061.4609375], [-121.07265, 40.40759, -8122.248046875], [-121.0693, 40.41605, -8118.291015625]]], [[[-121.0804, 40.46916, -5656.1455078125], [-121.08283, 40.47779, -6120.06005859375], [-121.0805, 40.46953, -6685.16748046875], [-121.0804, 40.46916, -5656.1455078125]]], [[[-121.07939, 40.46466, -2698.519775390625], [-121.07657, 40.4556, -3065.62939453125], [-121.07748, 40.4556, -1952.6741943359375], [-121.07939, 40.46466, -2698.519775390625]]], [[[-121.07831, 40.36534, -4207.43115234375], [-121.0769, 40.36102, -3150.312744140625], [-121.07974, 40.36975, -3158.25927734375], [-121.07831, 40.36534, -4207.43115234375]]], [[[-121.07939, 40.39053, -6237.5634765625], [-121.08109, 40.38624, -7184.20458984375], [-121.08276, 40.38202, -6230.8828125], [-121.07939, 40.39053, -6237.5634765625]]], [[[-121.05883, 40.31939, -2528.224609375], [-121.05423, 40.31235, -2731.84326171875], [-121.05387, 40.31195, -1969.545166015625], [-121.05883, 40.31939, -2528.224609375]]], [[[-121.08287, 40.47793, -8134.01806640625], [-121.08529, 40.48649, -8599.0556640625], [-121.08371, 40.4809, -9133.2587890625], [-121.08287, 40.47793, -8134.01806640625]]], [[[-121.04198, 40.29405, -5347.2490234375], [-121.04579, 40.30256, -5351.55810546875], [-121.04541, 40.29795, -6282.22412109375], [-121.04198, 40.29405, -5347.2490234375]]], [[[-121.08195, 40.37314, -183.99343872070312], [-121.08279, 40.37729, 811.4130859375], [-121.08301, 40.38175, -176.04486083984375], [-121.08195, 40.37314, -183.99343872070312]]], [[[-121.08274, 40.47745, -7154.015625], [-121.0852, 40.48618, -7573.64501953125], [-121.08287, 40.47793, -8134.01806640625], [-121.08274, 40.47745, -7154.015625]]], [[[-121.08279, 40.37729, 811.4130859375], [-121.08195, 40.37314, -183.99343872070312], [-121.0807, 40.36865, 794.1162719726562], [-121.08279, 40.37729, 811.4130859375]]], [[[-121.07771, 40.39478, -9061.4609375], [-121.07434, 40.40332, -9061.4609375], [-121.07602, 40.39905, -10000.0], [-121.07771, 40.39478, -9061.4609375]]], [[[-121.07247, 40.34737, -8122.248046875], [-121.07388, 40.35169, -7182.6767578125], [-121.07528, 40.35602, -8122.248046875], [-121.07247, 40.34737, -8122.248046875]]], [[[-121.03619, 40.28931, 806.9690551757812], [-121.03153, 40.28139, 673.313720703125], [-121.03374, 40.28562, 1562.2587890625], [-121.03619, 40.28931, 806.9690551757812]]], [[[-121.04049, 40.27566, -9071.2421875], [-121.04388, 40.27949, -10000.0], [-121.04011, 40.27105, -10000.0], [-121.04049, 40.27566, -9071.2421875]]], [[[-121.06049, 40.32184, -4392.91015625], [-121.06552, 40.3295, -4408.63232421875], [-121.06318, 40.32593, -5324.91455078125], [-121.06049, 40.32184, -4392.91015625]]], [[[-121.08709, 40.47975, 104.4471206665039], [-121.08828, 40.48317, 573.678955078125], [-121.08804, 40.48441, -35.428466796875], [-121.08709, 40.47975, 104.4471206665039]]], [[[-121.02265, 40.26247, -2991.576416015625], [-121.02231, 40.2541, -3475.09912109375], [-121.02202, 40.25403, -2475.9609375], [-121.02265, 40.26247, -2991.576416015625]]], [[[-121.06965, 40.33867, -8124.5673828125], [-121.07107, 40.34304, -9061.4609375], [-121.06825, 40.33434, -9064.078125], [-121.06965, 40.33867, -8124.5673828125]]], [[[-121.07877, 40.4634, -7217.998046875], [-121.0805, 40.46953, -6685.16748046875], [-121.08036, 40.46904, -7991.099609375], [-121.07877, 40.4634, -7217.998046875]]], [[[-121.0875, 40.48509, -669.8743286132812], [-121.08793, 40.48911, -325.1185607910156], [-121.08794, 40.48889, -1070.974365234375], [-121.0875, 40.48509, -669.8743286132812]]], [[[-121.07672, 40.36045, -5255.044921875], [-121.07528, 40.35602, -6238.36083984375], [-121.07389, 40.35173, -5246.7490234375], [-121.07672, 40.36045, -5255.044921875]]], [[[-121.05659, 40.31631, -895.0159301757812], [-121.0588, 40.31984, -112.15953826904297], [-121.06148, 40.32373, -1041.66357421875], [-121.05659, 40.31631, -895.0159301757812]]], [[[-121.08529, 40.48649, -8599.0556640625], [-121.08755, 40.49449, -9028.7978515625], [-121.08632, 40.49013, -9514.3994140625], [-121.08529, 40.48649, -8599.0556640625]]], [[[-121.07278, 40.44217, -6243.0732421875], [-121.07155, 40.43781, -7182.6767578125], [-121.07034, 40.43352, -6239.2861328125], [-121.07278, 40.44217, -6243.0732421875]]], [[[-121.05781, 40.31775, -3452.126220703125], [-121.06327, 40.32606, -3401.53271484375], [-121.06049, 40.32184, -4392.91015625], [-121.05781, 40.31775, -3452.126220703125]]], [[[-121.08732, 40.48866, -1847.44970703125], [-121.08794, 40.48889, -1070.974365234375], [-121.08755, 40.49449, -1474.17236328125], [-121.08732, 40.48866, -1847.44970703125]]], [[[-121.08519, 40.48615, -3689.298828125], [-121.08755, 40.49449, -4172.78857421875], [-121.0852, 40.48616, -4660.65478515625], [-121.08519, 40.48615, -3689.298828125]]], [[[-121.08004, 40.45611, 810.3219604492188], [-121.07901, 40.4514, 1764.824951171875], [-121.08221, 40.46019, 1772.5032958984375], [-121.08004, 40.45611, 810.3219604492188]]], [[[-121.05087, 40.30727, -2126.57421875], [-121.05088, 40.30728, -1413.25830078125], [-121.05387, 40.31195, -1969.545166015625], [-121.05087, 40.30727, -2126.57421875]]], [[[-121.08596, 40.47506, 67.10265350341797], [-121.08268, 40.46888, -289.6640625], [-121.08442, 40.47076, 445.24053955078125], [-121.08596, 40.47506, 67.10265350341797]]], [[[-121.07939, 40.46466, -2698.519775390625], [-121.07748, 40.4556, -1952.6741943359375], [-121.08024, 40.46483, -1770.8939208984375], [-121.07939, 40.46466, -2698.519775390625]]], [[[-121.08659, 40.4836, -1297.3385009765625], [-121.08794, 40.48889, -1070.974365234375], [-121.08732, 40.48866, -1847.44970703125], [-121.08659, 40.4836, -1297.3385009765625]]], [[[-121.02073, 40.23224, 1534.231689453125], [-121.02127, 40.22885, 1036.5189208984375], [-121.02127, 40.22885, 2039.8388671875], [-121.02073, 40.23224, 1534.231689453125]]], [[[-121.02509, 40.24104, -9103.294921875], [-121.02545, 40.24583, -8117.87109375], [-121.02913, 40.25026, -9062.1845703125], [-121.02509, 40.24104, -9103.294921875]]], [[[-121.08284, 40.37764, -1160.6837158203125], [-121.08195, 40.37314, -183.99343872070312], [-121.08301, 40.38175, -176.04486083984375], [-121.08284, 40.37764, -1160.6837158203125]]], [[[-121.06587, 40.33003, -6258.544921875], [-121.06962, 40.33858, -6231.3642578125], [-121.06821, 40.33422, -7191.40966796875], [-121.06587, 40.33003, -6258.544921875]]], [[[-121.08575, 40.48717, -2694.197265625], [-121.08732, 40.48866, -1847.44970703125], [-121.08755, 40.49449, -2297.3046875], [-121.08575, 40.48717, -2694.197265625]]], [[[-121.06275, 40.32169, -10000.0], [-121.06314, 40.3263, -9071.2412109375], [-121.06653, 40.33012, -10000.0], [-121.06275, 40.32169, -10000.0]]], [[[-121.08284, 40.37764, -1160.6837158203125], [-121.07977, 40.36938, -1180.7880859375], [-121.08195, 40.37314, -183.99343872070312], [-121.08284, 40.37764, -1160.6837158203125]]], [[[-121.0688, 40.41709, -2589.5595703125], [-121.0686, 40.41712, -1735.707763671875], [-121.0682, 40.42405, -1775.617431640625], [-121.0688, 40.41709, -2589.5595703125]]], [[[-121.02957, 40.25496, -8141.1201171875], [-121.02913, 40.25026, -9062.1845703125], [-121.02545, 40.24583, -8117.87109375], [-121.02957, 40.25496, -8141.1201171875]]], [[[-121.04619, 40.29803, 1034.6710205078125], [-121.04277, 40.294, 937.5090942382812], [-121.04465, 40.29535, 1528.824462890625], [-121.04619, 40.29803, 1034.6710205078125]]], [[[-121.05117, 40.30764, -270.35430908203125], [-121.05053, 40.30684, 401.2923583984375], [-121.05324, 40.31236, 231.0934600830078], [-121.05117, 40.30764, -270.35430908203125]]], [[[-121.0304, 40.27905, -3034.310791015625], [-121.0297, 40.27787, -1927.907958984375], [-121.03394, 40.28599, -2208.640625], [-121.0304, 40.27905, -3034.310791015625]]], [[[-121.08732, 40.48866, -1847.44970703125], [-121.08755, 40.49449, -1474.17236328125], [-121.08755, 40.49449, -2297.3046875], [-121.08732, 40.48866, -1847.44970703125]]], [[[-121.07095, 40.41187, -5287.58251953125], [-121.06927, 40.41613, -6243.4814453125], [-121.07267, 40.40753, -6237.6435546875], [-121.07095, 40.41187, -5287.58251953125]]], [[[-121.0481, 40.30205, -1063.453125], [-121.04854, 40.3024, -467.77203369140625], [-121.05006, 40.30618, -831.7298583984375], [-121.0481, 40.30205, -1063.453125]]], [[[-121.05006, 40.30618, -831.7298583984375], [-121.04854, 40.3024, -467.77203369140625], [-121.05117, 40.30764, -270.35430908203125], [-121.05006, 40.30618, -831.7298583984375]]], [[[-121.02161, 40.23727, -3478.341796875], [-121.02161, 40.23727, -4481.7392578125], [-121.02127, 40.22885, -3980.08056640625], [-121.02161, 40.23727, -3478.341796875]]], [[[-121.08139, 40.47269, -9061.197265625], [-121.08371, 40.4809, -9133.2587890625], [-121.08262, 40.47705, -10000.0], [-121.08139, 40.47269, -9061.197265625]]], [[[-121.0852, 40.48618, -7573.64501953125], [-121.08755, 40.49449, -8057.59619140625], [-121.08529, 40.48649, -8599.0556640625], [-121.0852, 40.48618, -7573.64501953125]]], [[[-121.06057, 40.32195, -6266.2509765625], [-121.05734, 40.31829, -7207.47119140625], [-121.05456, 40.31424, -6274.79833984375], [-121.06057, 40.32195, -6266.2509765625]]], [[[-121.04841, 40.30303, -1673.2003173828125], [-121.0481, 40.30205, -1063.453125], [-121.05088, 40.30728, -1413.25830078125], [-121.04841, 40.30303, -1673.2003173828125]]], [[[-121.08282, 40.47776, -5149.0498046875], [-121.08282, 40.47774, -4130.88232421875], [-121.0852, 40.48616, -4660.65478515625], [-121.08282, 40.47776, -5149.0498046875]]], [[[-121.08036, 40.46904, -7991.099609375], [-121.07894, 40.464, -9055.392578125], [-121.0777, 40.45961, -8122.248046875], [-121.08036, 40.46904, -7991.099609375]]], [[[-121.08804, 40.48441, -35.428466796875], [-121.08783, 40.48856, 415.6106872558594], [-121.08793, 40.48911, -325.1185607910156], [-121.08804, 40.48441, -35.428466796875]]], [[[-121.06243, 40.32532, 639.3662109375], [-121.05949, 40.32113, 1549.67138671875], [-121.06513, 40.32916, 1598.4183349609375], [-121.06243, 40.32532, 639.3662109375]]], [[[-121.02141, 40.24567, -1968.0650634765625], [-121.02202, 40.25403, -2475.9609375], [-121.02195, 40.24567, -2973.33203125], [-121.02141, 40.24567, -1968.0650634765625]]], [[[-121.06954, 40.33811, -2217.850830078125], [-121.07112, 40.34273, -1253.677978515625], [-121.07263, 40.34763, -2203.937744140625], [-121.06954, 40.33811, -2217.850830078125]]], [[[-121.04896, 40.3061, -4406.07763671875], [-121.04579, 40.30256, -5351.55810546875], [-121.04271, 40.29862, -4417.80712890625], [-121.04896, 40.3061, -4406.07763671875]]], [[[-121.026, 40.27077, -2449.37890625], [-121.0264, 40.27155, -1198.0078125], [-121.0297, 40.27787, -1927.907958984375], [-121.026, 40.27077, -2449.37890625]]], [[[-121.0691, 40.42909, -9061.4609375], [-121.07032, 40.43345, -10000.0], [-121.06787, 40.42473, -10000.0], [-121.0691, 40.42909, -9061.4609375]]], [[[-121.08283, 40.47779, -6120.06005859375], [-121.0804, 40.46916, -5656.1455078125], [-121.08282, 40.47776, -5149.0498046875], [-121.08283, 40.47779, -6120.06005859375]]], [[[-121.07341, 40.40354, 866.5819702148438], [-121.07597, 40.39914, 1800.1729736328125], [-121.07162, 40.40764, 1839.6968994140625], [-121.07341, 40.40354, 866.5819702148438]]], [[[-121.08282, 40.47776, -5149.0498046875], [-121.08046, 40.46939, -4596.5771484375], [-121.08282, 40.47774, -4130.88232421875], [-121.08282, 40.47776, -5149.0498046875]]], [[[-121.07127, 40.4368, -3145.641357421875], [-121.06913, 40.42923, -3709.736328125], [-121.06842, 40.42599, -2766.343017578125], [-121.07127, 40.4368, -3145.641357421875]]], [[[-121.04198, 40.29405, -5347.2490234375], [-121.04541, 40.29795, -6282.22412109375], [-121.04164, 40.28951, -6282.22412109375], [-121.04198, 40.29405, -5347.2490234375]]], [[[-121.08282, 40.47774, -4130.88232421875], [-121.08519, 40.48615, -3689.298828125], [-121.0852, 40.48616, -4660.65478515625], [-121.08282, 40.47774, -4130.88232421875]]], [[[-121.08213, 40.46958, -1149.6583251953125], [-121.08413, 40.47706, -1278.85302734375], [-121.08234, 40.47351, -2178.885986328125], [-121.08213, 40.46958, -1149.6583251953125]]], [[[-121.08282, 40.47774, -4130.88232421875], [-121.08315, 40.47891, -3003.192138671875], [-121.08519, 40.48615, -3689.298828125], [-121.08282, 40.47774, -4130.88232421875]]], [[[-121.08442, 40.47076, 445.24053955078125], [-121.08278, 40.46533, 971.5476684570312], [-121.08668, 40.4735, 1081.7296142578125], [-121.08442, 40.47076, 445.24053955078125]]], [[[-121.02707, 40.27284, 725.9671630859375], [-121.02258, 40.26388, 822.7083129882812], [-121.02513, 40.2691, 1692.8826904296875], [-121.02707, 40.27284, 725.9671630859375]]], [[[-121.07024, 40.41173, 858.73583984375], [-121.07162, 40.40764, 1839.6968994140625], [-121.06873, 40.41648, 1781.27587890625], [-121.07024, 40.41173, 858.73583984375]]], [[[-121.05456, 40.31424, -6274.79833984375], [-121.05258, 40.31021, -7212.03564453125], [-121.04919, 40.30638, -6282.22412109375], [-121.05456, 40.31424, -6274.79833984375]]], [[[-121.06737, 40.42074, -848.7979736328125], [-121.07045, 40.41212, -1126.21484375], [-121.06893, 40.41585, -167.34823608398438], [-121.06737, 40.42074, -848.7979736328125]]], [[[-121.07974, 40.36975, -3158.25927734375], [-121.0769, 40.36102, -3150.312744140625], [-121.07837, 40.36532, -2172.4375], [-121.07974, 40.36975, -3158.25927734375]]], [[[-121.02995, 40.25958, -7211.67529296875], [-121.03358, 40.26783, -7181.88671875], [-121.03333, 40.2634, -8141.8154296875], [-121.02995, 40.25958, -7211.67529296875]]], [[[-121.08402, 40.47434, -522.1426391601562], [-121.0868, 40.48, -489.0270690917969], [-121.08413, 40.47706, -1278.85302734375], [-121.08402, 40.47434, -522.1426391601562]]], [[[-121.07818, 40.4526, -185.15789794921875], [-121.08004, 40.45611, 810.3219604492188], [-121.08126, 40.46268, 87.39639282226562], [-121.07818, 40.4526, -185.15789794921875]]], [[[-121.07782, 40.39452, -3125.509765625], [-121.07922, 40.39046, -2084.16943359375], [-121.07579, 40.39918, -2169.918701171875], [-121.07782, 40.39452, -3125.509765625]]], [[[-121.08402, 40.47434, -522.1426391601562], [-121.08596, 40.47506, 67.10265350341797], [-121.0868, 40.48, -489.0270690917969], [-121.08402, 40.47434, -522.1426391601562]]], [[[-121.02141, 40.24567, -1968.0650634765625], [-121.02079, 40.23724, -1470.1602783203125], [-121.02087, 40.24568, -971.0447387695312], [-121.02141, 40.24567, -1968.0650634765625]]], [[[-121.07019, 40.42884, -1032.1494140625], [-121.06863, 40.42517, -163.3783721923828], [-121.07226, 40.43397, -225.4141387939453], [-121.07019, 40.42884, -1032.1494140625]]], [[[-121.08402, 40.47434, -522.1426391601562], [-121.08268, 40.46888, -289.6640625], [-121.08596, 40.47506, 67.10265350341797], [-121.08402, 40.47434, -522.1426391601562]]], [[[-121.07701, 40.36086, -1195.477294921875], [-121.07554, 40.35608, -238.70352172851562], [-121.07848, 40.36491, -203.7648162841797], [-121.07701, 40.36086, -1195.477294921875]]], [[[-121.07525, 40.39945, -153.53370666503906], [-121.07341, 40.40354, 866.5819702148438], [-121.07203, 40.40758, -156.8830108642578], [-121.07525, 40.39945, -153.53370666503906]]], [[[-121.07602, 40.39905, -6241.9814453125], [-121.07434, 40.40332, -7182.6767578125], [-121.07771, 40.39478, -7182.6767578125], [-121.07602, 40.39905, -6241.9814453125]]], [[[-121.03508, 40.28654, -3384.902099609375], [-121.0304, 40.27905, -3034.310791015625], [-121.03394, 40.28599, -2208.640625], [-121.03508, 40.28654, -3384.902099609375]]], [[[-121.08213, 40.46958, -1149.6583251953125], [-121.08402, 40.47434, -522.1426391601562], [-121.08413, 40.47706, -1278.85302734375], [-121.08213, 40.46958, -1149.6583251953125]]], [[[-121.07402, 40.35116, 708.3218383789062], [-121.07041, 40.34224, 685.1779174804688], [-121.07177, 40.34657, 1635.736572265625], [-121.07402, 40.35116, 708.3218383789062]]], [[[-121.05177, 40.31018, -5341.56884765625], [-121.05456, 40.31424, -6274.79833984375], [-121.04919, 40.30638, -6282.22412109375], [-121.05177, 40.31018, -5341.56884765625]]], [[[-121.08231, 40.37767, -9061.708984375], [-121.08277, 40.38198, -10000.0], [-121.08091, 40.37334, -10000.0], [-121.08231, 40.37767, -9061.708984375]]], [[[-121.06901, 40.33667, -3997.104736328125], [-121.07094, 40.34265, -5183.94482421875], [-121.06819, 40.33416, -5257.21533203125], [-121.06901, 40.33667, -3997.104736328125]]], [[[-121.07024, 40.41173, 858.73583984375], [-121.07341, 40.40354, 866.5819702148438], [-121.07162, 40.40764, 1839.6968994140625], [-121.07024, 40.41173, 858.73583984375]]], [[[-121.07811, 40.46107, -5093.17919921875], [-121.0804, 40.46916, -5656.1455078125], [-121.07787, 40.46021, -6224.96826171875], [-121.07811, 40.46107, -5093.17919921875]]], [[[-121.06785, 40.42469, -4510.1484375], [-121.07052, 40.43413, -4375.2490234375], [-121.06909, 40.42909, -5303.34521484375], [-121.06785, 40.42469, -4510.1484375]]], [[[-121.07811, 40.46107, -5093.17919921875], [-121.07592, 40.45328, -4388.2958984375], [-121.0784, 40.46207, -3915.292236328125], [-121.07811, 40.46107, -5093.17919921875]]], [[[-121.07597, 40.45348, -5484.6220703125], [-121.07787, 40.46021, -6224.96826171875], [-121.07519, 40.4507, -6303.13525390625], [-121.07597, 40.45348, -5484.6220703125]]], [[[-121.02133, 40.23726, -2472.331787109375], [-121.02161, 40.23727, -3478.341796875], [-121.02127, 40.22885, -2976.7607421875], [-121.02133, 40.23726, -2472.331787109375]]], [[[-121.08109, 40.38624, -7184.20458984375], [-121.0794, 40.39051, -8122.248046875], [-121.08277, 40.38197, -8124.205078125], [-121.08109, 40.38624, -7184.20458984375]]], [[[-121.08091, 40.37334, -6242.12451171875], [-121.08231, 40.37767, -7184.1943359375], [-121.0795, 40.36901, -7182.853515625], [-121.08091, 40.37334, -6242.12451171875]]], [[[-121.02231, 40.2541, -3475.09912109375], [-121.02231, 40.25411, -4481.66259765625], [-121.02196, 40.24569, -3979.998291015625], [-121.02231, 40.2541, -3475.09912109375]]], [[[-121.07207, 40.4086, -2162.337158203125], [-121.07045, 40.41212, -1126.21484375], [-121.0686, 40.41712, -1735.707763671875], [-121.07207, 40.4086, -2162.337158203125]]], [[[-121.08234, 40.47351, -2178.885986328125], [-121.07939, 40.46466, -2698.519775390625], [-121.08024, 40.46483, -1770.8939208984375], [-121.08234, 40.47351, -2178.885986328125]]], [[[-121.07115, 40.41137, -3330.887451171875], [-121.0688, 40.41709, -2589.5595703125], [-121.06777, 40.41992, -3712.703369140625], [-121.07115, 40.41137, -3330.887451171875]]], [[[-121.07328, 40.43841, -1218.19775390625], [-121.07226, 40.43397, -225.4141387939453], [-121.07534, 40.44288, -213.3543701171875], [-121.07328, 40.43841, -1218.19775390625]]], [[[-121.07939, 40.46466, -2698.519775390625], [-121.08234, 40.47351, -2178.885986328125], [-121.08081, 40.47062, -3429.965576171875], [-121.07939, 40.46466, -2698.519775390625]]], [[[-121.0488, 40.30177, -7212.03515625], [-121.0522, 40.3056, -8141.814453125], [-121.04842, 40.29716, -8141.814453125], [-121.0488, 40.30177, -7212.03515625]]], [[[-121.04375, 40.29736, -1586.3297119140625], [-121.04434, 40.29731, -831.3807373046875], [-121.0481, 40.30205, -1063.453125], [-121.04375, 40.29736, -1586.3297119140625]]], [[[-121.07103, 40.42946, 775.819091796875], [-121.0674, 40.42063, 670.7175903320312], [-121.06865, 40.42523, 1744.1378173828125], [-121.07103, 40.42946, 775.819091796875]]], [[[-121.07341, 40.40354, 866.5819702148438], [-121.07525, 40.39945, -153.53370666503906], [-121.0776, 40.3951, 822.9730224609375], [-121.07341, 40.40354, 866.5819702148438]]], [[[-121.0202, 40.23564, 2031.9434814453125], [-121.02073, 40.23224, 1534.231689453125], [-121.02127, 40.22885, 2039.8388671875], [-121.0202, 40.23564, 2031.9434814453125]]], [[[-121.08081, 40.47062, -3429.965576171875], [-121.08282, 40.47774, -4130.88232421875], [-121.08046, 40.46939, -4596.5771484375], [-121.08081, 40.47062, -3429.965576171875]]], [[[-121.05177, 40.31018, -5341.56884765625], [-121.05788, 40.31786, -5332.802734375], [-121.05456, 40.31424, -6274.79833984375], [-121.05177, 40.31018, -5341.56884765625]]], [[[-121.02353, 40.25429, -5506.05859375], [-121.02551, 40.25364, -6453.60302734375], [-121.02196, 40.24569, -5986.71923828125], [-121.02353, 40.25429, -5506.05859375]]], [[[-121.07647, 40.45525, -7182.0537109375], [-121.0777, 40.45961, -8122.248046875], [-121.07524, 40.45089, -8122.248046875], [-121.07647, 40.45525, -7182.0537109375]]], [[[-121.07155, 40.43781, -7182.6767578125], [-121.07278, 40.44217, -8122.248046875], [-121.07032, 40.43345, -8122.248046875], [-121.07155, 40.43781, -7182.6767578125]]], [[[-121.01981, 40.2461, 1045.549560546875], [-121.01982, 40.23802, 731.0924682617188], [-121.01913, 40.24243, 2024.048095703125], [-121.01981, 40.2461, 1045.549560546875]]], [[[-121.07108, 40.34306, -3193.44775390625], [-121.06767, 40.33277, -2954.222412109375], [-121.06954, 40.33811, -2217.850830078125], [-121.07108, 40.34306, -3193.44775390625]]], [[[-121.06787, 40.33322, -1275.9073486328125], [-121.06505, 40.32905, -299.2661437988281], [-121.06923, 40.33805, -296.9643859863281], [-121.06787, 40.33322, -1275.9073486328125]]], [[[-121.07524, 40.45089, -8122.248046875], [-121.07401, 40.44653, -9061.4609375], [-121.07278, 40.44217, -8122.248046875], [-121.07524, 40.45089, -8122.248046875]]], [[[-121.08709, 40.47975, 104.4471206665039], [-121.08707, 40.47759, 612.3919067382812], [-121.08828, 40.48317, 573.678955078125], [-121.08709, 40.47975, 104.4471206665039]]], [[[-121.07722, 40.39502, -1143.790771484375], [-121.07942, 40.3907, -166.4839324951172], [-121.07525, 40.39945, -153.53370666503906], [-121.07722, 40.39502, -1143.790771484375]]], [[[-121.07251, 40.34747, -4204.1181640625], [-121.06901, 40.33667, -3997.104736328125], [-121.07108, 40.34306, -3193.44775390625], [-121.07251, 40.34747, -4204.1181640625]]], [[[-121.07425, 40.44738, -3430.46728515625], [-121.07657, 40.4556, -3065.62939453125], [-121.07592, 40.45328, -4388.2958984375], [-121.07425, 40.44738, -3430.46728515625]]], [[[-121.07528, 40.35602, -6238.36083984375], [-121.07672, 40.36045, -5255.044921875], [-121.0781, 40.36469, -6238.67529296875], [-121.07528, 40.35602, -6238.36083984375]]], [[[-121.07409, 40.35235, -3169.75], [-121.07251, 40.34747, -4204.1181640625], [-121.07108, 40.34306, -3193.44775390625], [-121.07409, 40.35235, -3169.75]]], [[[-121.06505, 40.32905, -299.2661437988281], [-121.06794, 40.33345, 667.6055297851562], [-121.06923, 40.33805, -296.9643859863281], [-121.06505, 40.32905, -299.2661437988281]]], [[[-121.02161, 40.23727, -5485.060546875], [-121.02127, 40.22885, -5986.72021484375], [-121.02127, 40.22885, -4983.400390625], [-121.02161, 40.23727, -5485.060546875]]], [[[-121.04541, 40.29795, -6282.22412109375], [-121.0488, 40.30177, -7212.03515625], [-121.04503, 40.29333, -7212.03564453125], [-121.04541, 40.29795, -6282.22412109375]]], [[[-121.02161, 40.23727, -6488.38037109375], [-121.02161, 40.23707, -7475.08154296875], [-121.02127, 40.22885, -6990.04052734375], [-121.02161, 40.23727, -6488.38037109375]]], [[[-121.03394, 40.28599, -2208.640625], [-121.03842, 40.2909, -1404.89990234375], [-121.04023, 40.29406, -2496.21142578125], [-121.03394, 40.28599, -2208.640625]]], [[[-121.07103, 40.42946, 775.819091796875], [-121.06865, 40.42523, 1744.1378173828125], [-121.0729, 40.43374, 1748.43212890625], [-121.07103, 40.42946, 775.819091796875]]], [[[-121.0334, 40.27913, -4286.27587890625], [-121.02735, 40.27093, -3518.390625], [-121.0304, 40.27905, -3034.310791015625], [-121.0334, 40.27913, -4286.27587890625]]], [[[-121.06927, 40.41613, -6243.4814453125], [-121.07099, 40.41179, -7179.10205078125], [-121.07267, 40.40753, -6237.6435546875], [-121.06927, 40.41613, -6243.4814453125]]], [[[-121.08371, 40.4809, -9133.2587890625], [-121.08509, 40.48577, -10000.0], [-121.08262, 40.47705, -10000.0], [-121.08371, 40.4809, -9133.2587890625]]], [[[-121.026, 40.27077, -2449.37890625], [-121.02735, 40.27093, -3518.390625], [-121.02265, 40.26247, -2991.576416015625], [-121.026, 40.27077, -2449.37890625]]], [[[-121.07597, 40.45348, -5484.6220703125], [-121.07395, 40.44632, -5277.36181640625], [-121.07592, 40.45328, -4388.2958984375], [-121.07597, 40.45348, -5484.6220703125]]], [[[-121.0264, 40.27155, -1198.0078125], [-121.0223, 40.26272, -1035.40673828125], [-121.02443, 40.26777, -153.72984313964844], [-121.0264, 40.27155, -1198.0078125]]], [[[-121.03842, 40.2909, -1404.89990234375], [-121.03964, 40.29178, -584.0828857421875], [-121.04434, 40.29731, -831.3807373046875], [-121.03842, 40.2909, -1404.89990234375]]], [[[-121.07787, 40.46021, -6224.96826171875], [-121.0804, 40.46916, -5656.1455078125], [-121.0805, 40.46953, -6685.16748046875], [-121.07787, 40.46021, -6224.96826171875]]], [[[-121.06923, 40.33805, -296.9643859863281], [-121.06794, 40.33345, 667.6055297851562], [-121.07041, 40.34224, 685.1779174804688], [-121.06923, 40.33805, -296.9643859863281]]], [[[-121.06936, 40.4159, -4422.25244140625], [-121.07115, 40.41137, -3330.887451171875], [-121.06777, 40.41992, -3712.703369140625], [-121.06936, 40.4159, -4422.25244140625]]], [[[-121.0264, 40.27155, -1198.0078125], [-121.02231, 40.26276, -1994.8262939453125], [-121.0223, 40.26272, -1035.40673828125], [-121.0264, 40.27155, -1198.0078125]]], [[[-121.0805, 40.46953, -6685.16748046875], [-121.08274, 40.47745, -7154.015625], [-121.08036, 40.46904, -7991.099609375], [-121.0805, 40.46953, -6685.16748046875]]], [[[-121.07405, 40.35176, -1216.7503662109375], [-121.07254, 40.34686, -267.334716796875], [-121.07554, 40.35608, -238.70352172851562], [-121.07405, 40.35176, -1216.7503662109375]]], [[[-121.07401, 40.44653, -7182.6767578125], [-121.07647, 40.45525, -7182.0537109375], [-121.07524, 40.45089, -8122.248046875], [-121.07401, 40.44653, -7182.6767578125]]], [[[-121.07328, 40.43841, -1218.19775390625], [-121.07096, 40.43265, -2013.4481201171875], [-121.07019, 40.42884, -1032.1494140625], [-121.07328, 40.43841, -1218.19775390625]]], [[[-121.05088, 40.30728, -1413.25830078125], [-121.05006, 40.30618, -831.7298583984375], [-121.0523, 40.3102, -851.6177368164062], [-121.05088, 40.30728, -1413.25830078125]]], [[[-121.05883, 40.31939, -2528.224609375], [-121.05387, 40.31195, -1969.545166015625], [-121.05783, 40.31805, -1669.509033203125], [-121.05883, 40.31939, -2528.224609375]]], [[[-121.0674, 40.42063, 670.7175903320312], [-121.06863, 40.42517, -163.3783721923828], [-121.06737, 40.42074, -848.7979736328125], [-121.0674, 40.42063, 670.7175903320312]]], [[[-121.07328, 40.43841, -1218.19775390625], [-121.07019, 40.42884, -1032.1494140625], [-121.07226, 40.43397, -225.4141387939453], [-121.07328, 40.43841, -1218.19775390625]]], [[[-121.02995, 40.25958, -7211.67529296875], [-121.02938, 40.26252, -6169.2890625], [-121.03358, 40.26783, -7181.88671875], [-121.02995, 40.25958, -7211.67529296875]]], [[[-121.08487, 40.48202, -2027.9659423828125], [-121.08234, 40.47351, -2178.885986328125], [-121.08413, 40.47706, -1278.85302734375], [-121.08487, 40.48202, -2027.9659423828125]]], [[[-121.02141, 40.24567, -1968.0650634765625], [-121.02133, 40.23726, -2472.331787109375], [-121.02079, 40.23724, -1470.1602783203125], [-121.02141, 40.24567, -1968.0650634765625]]], [[[-121.07657, 40.4556, -3065.62939453125], [-121.07425, 40.44738, -3430.46728515625], [-121.07404, 40.44446, -2292.910888671875], [-121.07657, 40.4556, -3065.62939453125]]], [[[-121.0334, 40.27913, -4286.27587890625], [-121.0342, 40.27677, -5314.234375], [-121.02933, 40.27024, -4476.97216796875], [-121.0334, 40.27913, -4286.27587890625]]]]}}]}