{"type": "FeatureCollection", "features": [{"type": "Feature", "properties": {"name": "Canyon River - Price Lake (northeast)", "CFM_ID": 24, "region": "ForearcIntraarc_WA", "primary_state/province": "WA", "secondary_state/province": null, "avg_dip": 60, "dip_dir": "SE", "rake": 90, "slip_sense": "Reverse", "fault_level": 1, "NSHM23_sliprates": 0.14, "QFFDAgeCatBin": "latest Quaternary", "QFFDAgeBin": "<15,000", "upper_depth": 0.9, "upper_depth_constraint": "topography", "lower_depth": -33.1, "lower_depth_constraint": "SDL", "3D_model_constraints": "trace extended at constant dip", "reference": "US NSHM 2023", "nshm23_id": 2829.0, "lineage": "unmodified", "usgs_qffd_#": "575", "comments": null, "id": "24"}, "geometry": {"type": "MultiPolygon", "coordinates": [[[[-123.16572, 47.3942, -11857.4248046875], [-123.16972, 47.39782, -10983.6875], [-123.17867, 47.39192, -11497.455078125], [-123.16572, 47.3942, -11857.4248046875]]], [[[-123.29104, 47.41719, -121.85986328125], [-123.299, 47.417, 360.677001953125], [-123.295, 47.4134, -514.2130126953125], [-123.29104, 47.41719, -121.85986328125]]], [[[-123.15371, 47.38336, -14478.8837890625], [-123.16665, 47.38107, -14118.1796875], [-123.16264, 47.37745, -14991.75], [-123.15371, 47.38336, -14478.8837890625]]], [[[-123.28708, 47.42097, 270.0213317871094], [-123.299, 47.417, 360.677001953125], [-123.29104, 47.41719, -121.85986328125], [-123.28708, 47.42097, 270.0213317871094]]], [[[-123.09952, 47.41427, -13550.185546875], [-123.09046, 47.41927, -14148.5087890625], [-123.09446, 47.42287, -13275.26953125], [-123.09952, 47.41427, -13550.185546875]]], [[[-123.20303, 47.3997, -8460.3291015625], [-123.20701, 47.40329, -7584.95166015625], [-123.21542, 47.39678, -8053.609375], [-123.20303, 47.3997, -8460.3291015625]]], [[[-123.28123, 47.41717, -734.2312622070312], [-123.28708, 47.42097, 270.0213317871094], [-123.29104, 47.41719, -121.85986328125], [-123.28123, 47.41717, -734.2312622070312]]], [[[-123.1008, 47.28863, -34034.375], [-123.10457, 47.28255, -34814.84765625], [-123.08897, 47.28932, -34756.5859375], [-123.1008, 47.28863, -34034.375]]], [[[-123.2424, 47.37989, -9639.3984375], [-123.23329, 47.38527, -9095.189453125], [-123.2464, 47.38349, -8764.98046875], [-123.2424, 47.37989, -9639.3984375]]], [[[-123.28123, 47.41717, -734.2312622070312], [-123.2746, 47.42413, 279.949951171875], [-123.28708, 47.42097, 270.0213317871094], [-123.28123, 47.41717, -734.2312622070312]]], [[[-123.19551, 47.37885, -12432.5126953125], [-123.20824, 47.3764, -12058.1181640625], [-123.20424, 47.37279, -12932.5234375], [-123.19551, 47.37885, -12432.5126953125]]], [[[-123.15971, 47.34656, -20314.533203125], [-123.17229, 47.34395, -19927.767578125], [-123.1683, 47.34034, -20802.171875], [-123.15971, 47.34656, -20314.533203125]]], [[[-123.2424, 47.37989, -9639.3984375], [-123.2464, 47.38349, -8764.98046875], [-123.25502, 47.37745, -9263.11328125], [-123.2424, 47.37989, -9639.3984375]]], [[[-123.12249, 47.44804, -7162.59130859375], [-123.11848, 47.44444, -8035.8310546875], [-123.11507, 47.45353, -7828.57470703125], [-123.12249, 47.44804, -7162.59130859375]]], [[[-123.18966, 47.41591, -6613.51513671875], [-123.20272, 47.41362, -6256.00439453125], [-123.19871, 47.41, -7129.5771484375], [-123.18966, 47.41591, -6613.51513671875]]], [[[-123.2658, 47.42254, -504.5694885253906], [-123.2746, 47.42413, 279.949951171875], [-123.28123, 47.41717, -734.2312622070312], [-123.2658, 47.42254, -504.5694885253906]]], [[[-123.18027, 47.35116, -18178.958984375], [-123.1934, 47.34934, -17847.38671875], [-123.18941, 47.34575, -18722.607421875], [-123.18027, 47.35116, -18178.958984375]]], [[[-123.13638, 47.31148, -27797.40234375], [-123.1456, 47.30621, -28350.017578125], [-123.13239, 47.30788, -28671.806640625], [-123.13638, 47.31148, -27797.40234375]]], [[[-123.08964, 47.32555, -28458.947265625], [-123.1027, 47.32327, -28102.1015625], [-123.09873, 47.31968, -28977.587890625], [-123.08964, 47.32555, -28458.947265625]]], [[[-123.13972, 47.45028, -4824.82763671875], [-123.13451, 47.45882, -4542.87158203125], [-123.14374, 47.45388, -3952.291015625], [-123.13972, 47.45028, -4824.82763671875]]], [[[-123.13112, 47.46791, -4336.5830078125], [-123.12788, 47.47701, -4134.24951171875], [-123.13514, 47.47151, -3463.584716796875], [-123.13112, 47.46791, -4336.5830078125]]], [[[-123.17372, 47.40143, -10109.908203125], [-123.18668, 47.39915, -9750.2939453125], [-123.18268, 47.39554, -10623.873046875], [-123.17372, 47.40143, -10109.908203125]]], [[[-123.11507, 47.45353, -7828.57470703125], [-123.10777, 47.45902, -8497.6630859375], [-123.11179, 47.46261, -7624.98046875], [-123.11507, 47.45353, -7828.57470703125]]], [[[-123.19625, 47.36558, -14681.337890625], [-123.20935, 47.36372, -14346.505859375], [-123.20536, 47.36012, -15221.7265625], [-123.19625, 47.36558, -14681.337890625]]], [[[-123.2658, 47.42254, -504.5694885253906], [-123.26269, 47.42814, 325.62445068359375], [-123.2746, 47.42413, 279.949951171875], [-123.2658, 47.42254, -504.5694885253906]]], [[[-123.17959, 47.3645, -15935.6435546875], [-123.19225, 47.36198, -15555.7431640625], [-123.18826, 47.35837, -16430.1484375], [-123.17959, 47.3645, -15935.6435546875]]], [[[-123.2658, 47.42254, -504.5694885253906], [-123.25306, 47.42735, -375.3894958496094], [-123.26269, 47.42814, 325.62445068359375], [-123.2658, 47.42254, -504.5694885253906]]], [[[-123.17023, 47.42295, -6477.7939453125], [-123.16619, 47.41913, -7393.3984375], [-123.15863, 47.42531, -6933.40673828125], [-123.17023, 47.42295, -6477.7939453125]]], [[[-123.17372, 47.40143, -10109.908203125], [-123.17773, 47.40504, -9235.9677734375], [-123.18668, 47.39915, -9750.2939453125], [-123.17372, 47.40143, -10109.908203125]]], [[[-123.13586, 47.32504, -25569.203125], [-123.14435, 47.3187, -26048.587890625], [-123.13189, 47.32145, -26444.98046875], [-123.13586, 47.32504, -25569.203125]]], [[[-123.0955, 47.41067, -14422.720703125], [-123.08646, 47.41568, -15021.7490234375], [-123.09046, 47.41927, -14148.5087890625], [-123.0955, 47.41067, -14422.720703125]]], [[[-123.14725, 47.3494, -20715.62109375], [-123.15573, 47.34298, -21190.310546875], [-123.14327, 47.34581, -21590.9921875], [-123.14725, 47.3494, -20715.62109375]]], [[[-123.11644, 47.29349, -32163.845703125], [-123.12043, 47.29705, -31295.01171875], [-123.12968, 47.29183, -31850.892578125], [-123.11644, 47.29349, -32163.845703125]]], [[[-123.11908, 47.45712, -6955.57666015625], [-123.11179, 47.46261, -7624.98046875], [-123.11581, 47.46621, -6752.2978515625], [-123.11908, 47.45712, -6955.57666015625]]], [[[-123.22641, 47.36547, -13137.0712890625], [-123.2304, 47.36907, -12262.6533203125], [-123.23905, 47.36306, -12762.6728515625], [-123.22641, 47.36547, -13137.0712890625]]], [[[-123.25511, 47.4216, -1289.4766845703125], [-123.25306, 47.42735, -375.3894958496094], [-123.2658, 47.42254, -504.5694885253906], [-123.25511, 47.4216, -1289.4766845703125]]], [[[-123.13392, 47.2826, -33281.1171875], [-123.12511, 47.28802, -32795.85546875], [-123.1386, 47.28614, -32374.26953125], [-123.13392, 47.2826, -33281.1171875]]], [[[-123.18427, 47.35477, -17304.552734375], [-123.19739, 47.35294, -16972.166015625], [-123.1934, 47.34934, -17847.38671875], [-123.18427, 47.35477, -17304.552734375]]], [[[-123.25511, 47.4216, -1289.4766845703125], [-123.24091, 47.428, -1064.149658203125], [-123.25306, 47.42735, -375.3894958496094], [-123.25511, 47.4216, -1289.4766845703125]]], [[[-123.24378, 47.4219, -1891.440185546875], [-123.24091, 47.428, -1064.149658203125], [-123.25511, 47.4216, -1289.4766845703125], [-123.24378, 47.4219, -1891.440185546875]]], [[[-123.23623, 47.40163, -5937.2880859375], [-123.24926, 47.39964, -5594.31201171875], [-123.24527, 47.39605, -6469.53125], [-123.23623, 47.40163, -5937.2880859375]]], [[[-123.14958, 47.30981, -27474.798828125], [-123.16252, 47.30778, -27127.76171875], [-123.15853, 47.30418, -28002.1796875], [-123.14958, 47.30981, -27474.798828125]]], [[[-123.26475, 47.41438, -2044.395263671875], [-123.27846, 47.41238, -1755.34375], [-123.27441, 47.40871, -2644.054443359375], [-123.26475, 47.41438, -2044.395263671875]]], [[[-123.13471, 47.43188, -7820.390625], [-123.12363, 47.43588, -8314.9697265625], [-123.12765, 47.43948, -7442.43359375], [-123.13471, 47.43188, -7820.390625]]], [[[-123.17628, 47.34755, -19053.36328125], [-123.18543, 47.34216, -19597.828125], [-123.17229, 47.34395, -19927.767578125], [-123.17628, 47.34755, -19053.36328125]]], [[[-123.24378, 47.4219, -1891.440185546875], [-123.23177, 47.42625, -2046.4041748046875], [-123.24091, 47.428, -1064.149658203125], [-123.24378, 47.4219, -1891.440185546875]]], [[[-123.20272, 47.41362, -6256.00439453125], [-123.21499, 47.41047, -5834.1982421875], [-123.211, 47.40688, -6709.57470703125], [-123.20272, 47.41362, -6256.00439453125]]], [[[-123.15754, 47.317, -25724.361328125], [-123.1705, 47.315, -25378.923828125], [-123.16651, 47.31139, -26253.341796875], [-123.15754, 47.317, -25724.361328125]]], [[[-123.2344, 47.37268, -11388.2353515625], [-123.24703, 47.37025, -11012.892578125], [-123.24304, 47.36666, -11887.783203125], [-123.2344, 47.37268, -11388.2353515625]]], [[[-123.11448, 47.44085, -8909.0712890625], [-123.11047, 47.43725, -9782.310546875], [-123.10705, 47.44633, -9574.5703125], [-123.11448, 47.44085, -8909.0712890625]]], [[[-123.23329, 47.38527, -9095.189453125], [-123.2424, 47.37989, -9639.3984375], [-123.2293, 47.38168, -9970.408203125], [-123.23329, 47.38527, -9095.189453125]]], [[[-123.24378, 47.4219, -1891.440185546875], [-123.23912, 47.41854, -2767.425048828125], [-123.23177, 47.42625, -2046.4041748046875], [-123.24378, 47.4219, -1891.440185546875]]], [[[-123.2584, 47.3943, -6141.7265625], [-123.27101, 47.39183, -5763.552734375], [-123.26701, 47.38823, -6638.44287109375], [-123.2584, 47.3943, -6141.7265625]]], [[[-123.23912, 47.41854, -2767.425048828125], [-123.24378, 47.4219, -1891.440185546875], [-123.25236, 47.41632, -2383.30078125], [-123.23912, 47.41854, -2767.425048828125]]], [[[-123.24527, 47.39605, -6469.53125], [-123.2544, 47.3907, -7016.14453125], [-123.24128, 47.39246, -7344.75048828125], [-123.24527, 47.39605, -6469.53125]]], [[[-123.13586, 47.32504, -25569.203125], [-123.14834, 47.32231, -25174.185546875], [-123.14435, 47.3187, -26048.587890625], [-123.13586, 47.32504, -25569.203125]]], [[[-123.24824, 47.41244, -3314.074951171875], [-123.26125, 47.41041, -2968.653564453125], [-123.25725, 47.40682, -3843.873046875], [-123.24824, 47.41244, -3314.074951171875]]], [[[-123.12249, 47.44804, -7162.59130859375], [-123.11507, 47.45353, -7828.57470703125], [-123.11908, 47.45712, -6955.57666015625], [-123.12249, 47.44804, -7162.59130859375]]], [[[-123.2384, 47.37628, -10513.81640625], [-123.2424, 47.37989, -9639.3984375], [-123.25103, 47.37385, -10138.0029296875], [-123.2384, 47.37628, -10513.81640625]]], [[[-123.23912, 47.41854, -2767.425048828125], [-123.25236, 47.41632, -2383.30078125], [-123.24824, 47.41244, -3314.074951171875], [-123.23912, 47.41854, -2767.425048828125]]], [[[-123.13586, 47.32504, -25569.203125], [-123.13984, 47.32862, -24693.42578125], [-123.14834, 47.32231, -25174.185546875], [-123.13586, 47.32504, -25569.203125]]], [[[-123.18941, 47.34575, -18722.607421875], [-123.20243, 47.34384, -18383.580078125], [-123.19844, 47.34024, -19257.998046875], [-123.18941, 47.34575, -18722.607421875]]], [[[-123.14253, 47.41093, -10441.423828125], [-123.13853, 47.40734, -11315.203125], [-123.13009, 47.41368, -10837.1005859375], [-123.14253, 47.41093, -10441.423828125]]], [[[-123.23534, 47.41471, -3674.711669921875], [-123.23912, 47.41854, -2767.425048828125], [-123.24824, 47.41244, -3314.074951171875], [-123.23534, 47.41471, -3674.711669921875]]], [[[-123.21542, 47.39678, -8053.609375], [-123.22823, 47.39442, -7686.0966796875], [-123.22423, 47.39082, -8560.5009765625], [-123.21542, 47.39678, -8053.609375]]], [[[-123.22709, 47.42137, -3178.076171875], [-123.23912, 47.41854, -2767.425048828125], [-123.23534, 47.41471, -3674.711669921875], [-123.22709, 47.42137, -3178.076171875]]], [[[-123.15632, 47.32952, -23425.37890625], [-123.16551, 47.32419, -23973.923828125], [-123.15233, 47.32591, -24299.783203125], [-123.15632, 47.32952, -23425.37890625]]], [[[-123.18144, 47.33856, -20473.046875], [-123.18543, 47.34216, -19597.828125], [-123.19445, 47.33663, -20132.416015625], [-123.18144, 47.33856, -20473.046875]]], [[[-123.13471, 47.43188, -7820.390625], [-123.14211, 47.42445, -8216.7880859375], [-123.13069, 47.42828, -8693.078125], [-123.13471, 47.43188, -7820.390625]]], [[[-123.11157, 47.42508, -10932.578125], [-123.10247, 47.43006, -11528.7900390625], [-123.10647, 47.43366, -10655.55078125], [-123.11157, 47.42508, -10932.578125]]], [[[-123.23177, 47.42625, -2046.4041748046875], [-123.23912, 47.41854, -2767.425048828125], [-123.22709, 47.42137, -3178.076171875], [-123.23177, 47.42625, -2046.4041748046875]]], [[[-123.2304, 47.36907, -12262.6533203125], [-123.2344, 47.37268, -11388.2353515625], [-123.24304, 47.36666, -11887.783203125], [-123.2304, 47.36907, -12262.6533203125]]], [[[-123.1643, 47.33673, -21676.57421875], [-123.17347, 47.33138, -22223.486328125], [-123.16031, 47.33313, -22550.9765625], [-123.1643, 47.33673, -21676.57421875]]], [[[-123.2464, 47.38349, -8764.98046875], [-123.2504, 47.38709, -7890.56298828125], [-123.25902, 47.38104, -8388.22265625], [-123.2464, 47.38349, -8764.98046875]]], [[[-123.11961, 47.43228, -9187.505859375], [-123.11448, 47.44085, -8909.0712890625], [-123.12363, 47.43588, -8314.9697265625], [-123.11961, 47.43228, -9187.505859375]]], [[[-123.23728, 47.38886, -8219.9697265625], [-123.2464, 47.38349, -8764.98046875], [-123.23329, 47.38527, -9095.189453125], [-123.23728, 47.38886, -8219.9697265625]]], [[[-123.23177, 47.42625, -2046.4041748046875], [-123.22709, 47.42137, -3178.076171875], [-123.22131, 47.42712, -2707.51416015625], [-123.23177, 47.42625, -2046.4041748046875]]], [[[-123.22737, 47.40754, -5426.27099609375], [-123.23623, 47.40163, -5937.2880859375], [-123.22339, 47.40395, -6302.05029296875], [-123.22737, 47.40754, -5426.27099609375]]], [[[-123.11463, 47.33405, -25475.67578125], [-123.11862, 47.33765, -24601.009765625], [-123.12736, 47.33143, -25092.48828125], [-123.11463, 47.33405, -25475.67578125]]], [[[-123.22285, 47.41777, -4074.598876953125], [-123.23534, 47.41471, -3674.711669921875], [-123.23136, 47.41112, -4550.4912109375], [-123.22285, 47.41777, -4074.598876953125]]], [[[-123.15053, 47.4181, -8693.841796875], [-123.14653, 47.41451, -9567.6513671875], [-123.1381, 47.42086, -9090.2294921875], [-123.15053, 47.4181, -8693.841796875]]], [[[-123.2293, 47.38168, -9970.408203125], [-123.2424, 47.37989, -9639.3984375], [-123.2384, 47.37628, -10513.81640625], [-123.2293, 47.38168, -9970.408203125]]], [[[-123.22131, 47.42712, -2707.51416015625], [-123.21774, 47.43303, -2042.920166015625], [-123.23177, 47.42625, -2046.4041748046875], [-123.22131, 47.42712, -2707.51416015625]]], [[[-123.22737, 47.40754, -5426.27099609375], [-123.23136, 47.41112, -4550.4912109375], [-123.24023, 47.40524, -5062.8837890625], [-123.22737, 47.40754, -5426.27099609375]]], [[[-123.12338, 47.32784, -25967.857421875], [-123.12736, 47.33143, -25092.48828125], [-123.13586, 47.32504, -25569.203125], [-123.12338, 47.32784, -25967.857421875]]], [[[-123.22339, 47.40395, -6302.05029296875], [-123.211, 47.40688, -6709.57470703125], [-123.21499, 47.41047, -5834.1982421875], [-123.22339, 47.40395, -6302.05029296875]]], [[[-123.13452, 47.40376, -12188.98046875], [-123.13052, 47.40017, -13062.7529296875], [-123.12208, 47.4065, -12583.9736328125], [-123.13452, 47.40376, -12188.98046875]]], [[[-123.18826, 47.35837, -16430.1484375], [-123.20137, 47.35653, -16096.9462890625], [-123.19739, 47.35294, -16972.166015625], [-123.18826, 47.35837, -16430.1484375]]], [[[-123.22131, 47.42712, -2707.51416015625], [-123.20797, 47.43142, -2810.04052734375], [-123.21774, 47.43303, -2042.920166015625], [-123.22131, 47.42712, -2707.51416015625]]], [[[-123.21499, 47.41047, -5834.1982421875], [-123.22737, 47.40754, -5426.27099609375], [-123.22339, 47.40395, -6302.05029296875], [-123.21499, 47.41047, -5834.1982421875]]], [[[-123.15356, 47.3134, -26599.580078125], [-123.16651, 47.31139, -26253.341796875], [-123.16252, 47.30778, -27127.76171875], [-123.15356, 47.3134, -26599.580078125]]], [[[-123.26475, 47.41438, -2044.395263671875], [-123.26912, 47.41761, -1220.2320556640625], [-123.27846, 47.41238, -1755.34375], [-123.26475, 47.41438, -2044.395263671875]]], [[[-123.11848, 47.44444, -8035.8310546875], [-123.11106, 47.44993, -8701.572265625], [-123.11507, 47.45353, -7828.57470703125], [-123.11848, 47.44444, -8035.8310546875]]], [[[-123.21841, 47.35826, -14885.9072265625], [-123.22241, 47.36187, -14011.4892578125], [-123.23106, 47.35586, -14512.453125], [-123.21841, 47.35826, -14885.9072265625]]], [[[-123.22131, 47.42712, -2707.51416015625], [-123.21362, 47.42542, -3577.568115234375], [-123.20797, 47.43142, -2810.04052734375], [-123.22131, 47.42712, -2707.51416015625]]], [[[-123.22423, 47.39082, -8560.5009765625], [-123.22823, 47.39442, -7686.0966796875], [-123.23728, 47.38886, -8219.9697265625], [-123.22423, 47.39082, -8560.5009765625]]], [[[-123.21362, 47.42542, -3577.568115234375], [-123.22131, 47.42712, -2707.51416015625], [-123.22709, 47.42137, -3178.076171875], [-123.21362, 47.42542, -3577.568115234375]]], [[[-123.17348, 47.4141, -7844.12158203125], [-123.16949, 47.41051, -8720.205078125], [-123.16217, 47.41551, -8273.615234375], [-123.17348, 47.4141, -7844.12158203125]]], [[[-123.24023, 47.40524, -5062.8837890625], [-123.25326, 47.40323, -4719.09228515625], [-123.24926, 47.39964, -5594.31201171875], [-123.24023, 47.40524, -5062.8837890625]]], [[[-123.12792, 47.31786, -27320.763671875], [-123.13189, 47.32145, -26444.98046875], [-123.14037, 47.31509, -26922.9921875], [-123.12792, 47.31786, -27320.763671875]]], [[[-123.21442, 47.35466, -15760.3251953125], [-123.21841, 47.35826, -14885.9072265625], [-123.22707, 47.35227, -15387.3427734375], [-123.21442, 47.35466, -15760.3251953125]]], [[[-123.12043, 47.29705, -31295.01171875], [-123.11195, 47.30346, -30824.927734375], [-123.12442, 47.30066, -30420.609375], [-123.12043, 47.29705, -31295.01171875]]], [[[-123.2194, 47.40037, -7177.82958984375], [-123.23223, 47.39803, -6811.6923828125], [-123.22823, 47.39442, -7686.0966796875], [-123.2194, 47.40037, -7177.82958984375]]], [[[-123.11908, 47.45712, -6955.57666015625], [-123.11507, 47.45353, -7828.57470703125], [-123.11179, 47.46261, -7624.98046875], [-123.11908, 47.45712, -6955.57666015625]]], [[[-123.21042, 47.35105, -16634.7421875], [-123.21442, 47.35466, -15760.3251953125], [-123.22308, 47.34867, -16262.232421875], [-123.21042, 47.35105, -16634.7421875]]], [[[-123.22285, 47.41777, -4074.598876953125], [-123.21362, 47.42542, -3577.568115234375], [-123.22709, 47.42137, -3178.076171875], [-123.22285, 47.41777, -4074.598876953125]]], [[[-123.22285, 47.41777, -4074.598876953125], [-123.21028, 47.42138, -4463.94287109375], [-123.21362, 47.42542, -3577.568115234375], [-123.22285, 47.41777, -4074.598876953125]]], [[[-123.17628, 47.34755, -19053.36328125], [-123.18941, 47.34575, -18722.607421875], [-123.18543, 47.34216, -19597.828125], [-123.17628, 47.34755, -19053.36328125]]], [[[-123.21028, 47.42138, -4463.94287109375], [-123.22285, 47.41777, -4074.598876953125], [-123.21898, 47.41406, -4958.8212890625], [-123.21028, 47.42138, -4463.94287109375]]], [[[-123.23223, 47.39803, -6811.6923828125], [-123.24527, 47.39605, -6469.53125], [-123.24128, 47.39246, -7344.75048828125], [-123.23223, 47.39803, -6811.6923828125]]], [[[-123.20673, 47.41723, -5382.43115234375], [-123.21028, 47.42138, -4463.94287109375], [-123.21898, 47.41406, -4958.8212890625], [-123.20673, 47.41723, -5382.43115234375]]], [[[-123.23223, 47.39803, -6811.6923828125], [-123.23623, 47.40163, -5937.2880859375], [-123.24527, 47.39605, -6469.53125], [-123.23223, 47.39803, -6811.6923828125]]], [[[-123.20673, 47.41723, -5382.43115234375], [-123.19789, 47.42328, -4828.494140625], [-123.21028, 47.42138, -4463.94287109375], [-123.20673, 47.41723, -5382.43115234375]]], [[[-123.23623, 47.40163, -5937.2880859375], [-123.24023, 47.40524, -5062.8837890625], [-123.24926, 47.39964, -5594.31201171875], [-123.23623, 47.40163, -5937.2880859375]]], [[[-123.20673, 47.41723, -5382.43115234375], [-123.1937, 47.41956, -5730.44970703125], [-123.19789, 47.42328, -4828.494140625], [-123.20673, 47.41723, -5382.43115234375]]], [[[-123.15632, 47.32952, -23425.37890625], [-123.16949, 47.32778, -23098.705078125], [-123.16551, 47.32419, -23973.923828125], [-123.15632, 47.32952, -23425.37890625]]], [[[-123.22285, 47.41777, -4074.598876953125], [-123.23136, 47.41112, -4550.4912109375], [-123.21898, 47.41406, -4958.8212890625], [-123.22285, 47.41777, -4074.598876953125]]], [[[-123.14653, 47.41451, -9567.6513671875], [-123.14253, 47.41093, -10441.423828125], [-123.13409, 47.41727, -9963.6650390625], [-123.14653, 47.41451, -9567.6513671875]]], [[[-123.2504, 47.38709, -7890.56298828125], [-123.2544, 47.3907, -7016.14453125], [-123.26301, 47.38464, -7513.3330078125], [-123.2504, 47.38709, -7890.56298828125]]], [[[-123.1937, 47.41956, -5730.44970703125], [-123.20673, 47.41723, -5382.43115234375], [-123.20272, 47.41362, -6256.00439453125], [-123.1937, 47.41956, -5730.44970703125]]], [[[-123.24128, 47.39246, -7344.75048828125], [-123.2544, 47.3907, -7016.14453125], [-123.2504, 47.38709, -7890.56298828125], [-123.24128, 47.39246, -7344.75048828125]]], [[[-123.18966, 47.41591, -6613.51513671875], [-123.1937, 47.41956, -5730.44970703125], [-123.20272, 47.41362, -6256.00439453125], [-123.18966, 47.41591, -6613.51513671875]]], [[[-123.06696, 47.41035, -18304.546875], [-123.05957, 47.41582, -18969.85546875], [-123.06358, 47.41942, -18097.173828125], [-123.06696, 47.41035, -18304.546875]]], [[[-123.18966, 47.41591, -6613.51513671875], [-123.18107, 47.42161, -6055.09423828125], [-123.1937, 47.41956, -5730.44970703125], [-123.18966, 47.41591, -6613.51513671875]]], [[[-123.26912, 47.41761, -1220.2320556640625], [-123.25511, 47.4216, -1289.4766845703125], [-123.2658, 47.42254, -504.5694885253906], [-123.26912, 47.41761, -1220.2320556640625]]], [[[-123.13984, 47.32862, -24693.42578125], [-123.15233, 47.32591, -24299.783203125], [-123.14834, 47.32231, -25174.185546875], [-123.13984, 47.32862, -24693.42578125]]], [[[-123.24378, 47.4219, -1891.440185546875], [-123.25511, 47.4216, -1289.4766845703125], [-123.25236, 47.41632, -2383.30078125], [-123.24378, 47.4219, -1891.440185546875]]], [[[-123.13052, 47.40017, -13062.7529296875], [-123.12652, 47.39658, -13936.5302734375], [-123.11807, 47.40291, -13457.4091796875], [-123.13052, 47.40017, -13062.7529296875]]], [[[-123.26125, 47.41041, -2968.653564453125], [-123.27441, 47.40871, -2644.054443359375], [-123.27041, 47.40511, -3518.47265625], [-123.26125, 47.41041, -2968.653564453125]]], [[[-123.17744, 47.41774, -6961.6943359375], [-123.18107, 47.42161, -6055.09423828125], [-123.18966, 47.41591, -6613.51513671875], [-123.17744, 47.41774, -6961.6943359375]]], [[[-123.18107, 47.42161, -6055.09423828125], [-123.17744, 47.41774, -6961.6943359375], [-123.17023, 47.42295, -6477.7939453125], [-123.18107, 47.42161, -6055.09423828125]]], [[[-123.1623, 47.44216, -3872.9296875], [-123.17256, 47.43858, -3762.25146484375], [-123.17108, 47.43346, -4722.73388671875], [-123.1623, 47.44216, -3872.9296875]]], [[[-123.12511, 47.28802, -32795.85546875], [-123.13392, 47.2826, -33281.1171875], [-123.11803, 47.28427, -33845.95703125], [-123.12511, 47.28802, -32795.85546875]]], [[[-123.17366, 47.42746, -5497.8544921875], [-123.18107, 47.42161, -6055.09423828125], [-123.17023, 47.42295, -6477.7939453125], [-123.17366, 47.42746, -5497.8544921875]]], [[[-123.08299, 47.42475, -14812.556640625], [-123.07562, 47.43022, -15479.125], [-123.07964, 47.43382, -14606.4423828125], [-123.08299, 47.42475, -14812.556640625]]], [[[-123.14657, 47.29336, -30625.43359375], [-123.15055, 47.29696, -29751.015625], [-123.1593, 47.29109, -30260.47265625], [-123.14657, 47.29336, -30625.43359375]]], [[[-123.08299, 47.42475, -14812.556640625], [-123.07964, 47.43382, -14606.4423828125], [-123.087, 47.42835, -13939.55859375], [-123.08299, 47.42475, -14812.556640625]]], [[[-123.1842, 47.42557, -5159.57421875], [-123.18107, 47.42161, -6055.09423828125], [-123.17366, 47.42746, -5497.8544921875], [-123.1842, 47.42557, -5159.57421875]]], [[[-123.2504, 47.38709, -7890.56298828125], [-123.26301, 47.38464, -7513.3330078125], [-123.25902, 47.38104, -8388.22265625], [-123.2504, 47.38709, -7890.56298828125]]], [[[-123.1842, 47.42557, -5159.57421875], [-123.1937, 47.41956, -5730.44970703125], [-123.18107, 47.42161, -6055.09423828125], [-123.1842, 47.42557, -5159.57421875]]], [[[-123.24926, 47.39964, -5594.31201171875], [-123.2624, 47.3979, -5267.30859375], [-123.2584, 47.3943, -6141.7265625], [-123.24926, 47.39964, -5594.31201171875]]], [[[-123.16152, 47.32059, -24849.142578125], [-123.17449, 47.3186, -24504.505859375], [-123.1705, 47.315, -25378.923828125], [-123.16152, 47.32059, -24849.142578125]]], [[[-123.26641, 47.40151, -4392.890625], [-123.275, 47.39543, -4888.6630859375], [-123.2624, 47.3979, -5267.30859375], [-123.26641, 47.40151, -4392.890625]]], [[[-123.11106, 47.44993, -8701.572265625], [-123.10375, 47.45542, -9370.345703125], [-123.10777, 47.45902, -8497.6630859375], [-123.11106, 47.44993, -8701.572265625]]], [[[-123.1623, 47.44216, -3872.9296875], [-123.15556, 47.44966, -3417.51904296875], [-123.16921, 47.44513, -2892.25244140625], [-123.1623, 47.44216, -3872.9296875]]], [[[-123.1842, 47.42557, -5159.57421875], [-123.19789, 47.42328, -4828.494140625], [-123.1937, 47.41956, -5730.44970703125], [-123.1842, 47.42557, -5159.57421875]]], [[[-123.24128, 47.39246, -7344.75048828125], [-123.2504, 47.38709, -7890.56298828125], [-123.23728, 47.38886, -8219.9697265625], [-123.24128, 47.39246, -7344.75048828125]]], [[[-123.1842, 47.42557, -5159.57421875], [-123.18792, 47.42842, -4434.1435546875], [-123.19789, 47.42328, -4828.494140625], [-123.1842, 47.42557, -5159.57421875]]], [[[-123.26641, 47.40151, -4392.890625], [-123.279, 47.39902, -4013.77294921875], [-123.275, 47.39543, -4888.6630859375], [-123.26641, 47.40151, -4392.890625]]], [[[-123.17108, 47.43346, -4722.73388671875], [-123.18792, 47.42842, -4434.1435546875], [-123.1842, 47.42557, -5159.57421875], [-123.17108, 47.43346, -4722.73388671875]]], [[[-123.26641, 47.40151, -4392.890625], [-123.27041, 47.40511, -3518.47265625], [-123.279, 47.39902, -4013.77294921875], [-123.26641, 47.40151, -4392.890625]]], [[[-123.18792, 47.42842, -4434.1435546875], [-123.17108, 47.43346, -4722.73388671875], [-123.18411, 47.43338, -3771.204345703125], [-123.18792, 47.42842, -4434.1435546875]]], [[[-123.18792, 47.42842, -4434.1435546875], [-123.18411, 47.43338, -3771.204345703125], [-123.19963, 47.4285, -3756.4404296875], [-123.18792, 47.42842, -4434.1435546875]]], [[[-123.26912, 47.41761, -1220.2320556640625], [-123.2658, 47.42254, -504.5694885253906], [-123.28123, 47.41717, -734.2312622070312], [-123.26912, 47.41761, -1220.2320556640625]]], [[[-123.19789, 47.42328, -4828.494140625], [-123.18792, 47.42842, -4434.1435546875], [-123.19963, 47.4285, -3756.4404296875], [-123.19789, 47.42328, -4828.494140625]]], [[[-123.14258, 47.28975, -31499.8515625], [-123.15531, 47.28749, -31135.36328125], [-123.15133, 47.28389, -32010.251953125], [-123.14258, 47.28975, -31499.8515625]]], [[[-123.07898, 47.42115, -15685.5537109375], [-123.07562, 47.43022, -15479.125], [-123.08299, 47.42475, -14812.556640625], [-123.07898, 47.42115, -15685.5537109375]]], [[[-123.19789, 47.42328, -4828.494140625], [-123.19963, 47.4285, -3756.4404296875], [-123.21028, 47.42138, -4463.94287109375], [-123.19789, 47.42328, -4828.494140625]]], [[[-123.24527, 47.39605, -6469.53125], [-123.2584, 47.3943, -6141.7265625], [-123.2544, 47.3907, -7016.14453125], [-123.24527, 47.39605, -6469.53125]]], [[[-123.21028, 47.42138, -4463.94287109375], [-123.19963, 47.4285, -3756.4404296875], [-123.21362, 47.42542, -3577.568115234375], [-123.21028, 47.42138, -4463.94287109375]]], [[[-123.18646, 47.32942, -21881.251953125], [-123.19914, 47.32708, -21511.572265625], [-123.19516, 47.32348, -22386.462890625], [-123.18646, 47.32942, -21881.251953125]]], [[[-123.01851, 47.35452, -29866.828125], [-123.01094, 47.35996, -30526.515625], [-123.01494, 47.36356, -29653.517578125], [-123.01851, 47.35452, -29866.828125]]], [[[-123.09046, 47.41927, -14148.5087890625], [-123.08299, 47.42475, -14812.556640625], [-123.087, 47.42835, -13939.55859375], [-123.09046, 47.41927, -14148.5087890625]]], [[[-123.15454, 47.42168, -7819.34716796875], [-123.15053, 47.4181, -8693.841796875], [-123.14211, 47.42445, -8216.7880859375], [-123.15454, 47.42168, -7819.34716796875]]], [[[-123.08312, 47.30154, -33132.453125], [-123.08591, 47.29558, -33965.60546875], [-123.07255, 47.30055, -33959.6640625], [-123.08312, 47.30154, -33132.453125]]], [[[-123.19963, 47.4285, -3756.4404296875], [-123.20797, 47.43142, -2810.04052734375], [-123.21362, 47.42542, -3577.568115234375], [-123.19963, 47.4285, -3756.4404296875]]], [[[-123.24824, 47.41244, -3314.074951171875], [-123.25236, 47.41632, -2383.30078125], [-123.26125, 47.41041, -2968.653564453125], [-123.24824, 47.41244, -3314.074951171875]]], [[[-123.20797, 47.43142, -2810.04052734375], [-123.19963, 47.4285, -3756.4404296875], [-123.19353, 47.43501, -2921.09765625], [-123.20797, 47.43142, -2810.04052734375]]], [[[-123.20797, 47.43142, -2810.04052734375], [-123.19353, 47.43501, -2921.09765625], [-123.20278, 47.43692, -2065.628173828125], [-123.20797, 47.43142, -2810.04052734375]]], [[[-123.27041, 47.40511, -3518.47265625], [-123.27441, 47.40871, -2644.054443359375], [-123.283, 47.40262, -3138.883056640625], [-123.27041, 47.40511, -3518.47265625]]], [[[-123.20797, 47.43142, -2810.04052734375], [-123.20278, 47.43692, -2065.628173828125], [-123.21774, 47.43303, -2042.920166015625], [-123.20797, 47.43142, -2810.04052734375]]], [[[-123.26125, 47.41041, -2968.653564453125], [-123.27041, 47.40511, -3518.47265625], [-123.25725, 47.40682, -3843.873046875], [-123.26125, 47.41041, -2968.653564453125]]], [[[-123.20278, 47.43692, -2065.628173828125], [-123.21227, 47.43833, -1297.896240234375], [-123.21774, 47.43303, -2042.920166015625], [-123.20278, 47.43692, -2065.628173828125]]], [[[-123.2544, 47.3907, -7016.14453125], [-123.2584, 47.3943, -6141.7265625], [-123.26701, 47.38823, -6638.44287109375], [-123.2544, 47.3907, -7016.14453125]]], [[[-123.13061, 47.27893, -34123.42578125], [-123.11803, 47.28427, -33845.95703125], [-123.13392, 47.2826, -33281.1171875], [-123.13061, 47.27893, -34123.42578125]]], [[[-123.25326, 47.40323, -4719.09228515625], [-123.2624, 47.3979, -5267.30859375], [-123.24926, 47.39964, -5594.31201171875], [-123.25326, 47.40323, -4719.09228515625]]], [[[-123.21227, 47.43833, -1297.896240234375], [-123.20278, 47.43692, -2065.628173828125], [-123.19892, 47.44251, -1252.3665771484375], [-123.21227, 47.43833, -1297.896240234375]]], [[[-123.09101, 47.43194, -13066.5615234375], [-123.08366, 47.43742, -13733.759765625], [-123.08767, 47.44102, -12861.0771484375], [-123.09101, 47.43194, -13066.5615234375]]], [[[-123.21227, 47.43833, -1297.896240234375], [-123.19892, 47.44251, -1252.3665771484375], [-123.20826, 47.44388, -492.50018310546875], [-123.21227, 47.43833, -1297.896240234375]]], [[[-123.04753, 47.40501, -21587.904296875], [-123.05495, 47.39956, -20923.5390625], [-123.05095, 47.39596, -21796.537109375], [-123.04753, 47.40501, -21587.904296875]]], [[[-123.21227, 47.43833, -1297.896240234375], [-123.20826, 47.44388, -492.50018310546875], [-123.22209, 47.43946, -618.8646240234375], [-123.21227, 47.43833, -1297.896240234375]]], [[[-123.24926, 47.39964, -5594.31201171875], [-123.2584, 47.3943, -6141.7265625], [-123.24527, 47.39605, -6469.53125], [-123.24926, 47.39964, -5594.31201171875]]], [[[-123.21227, 47.43833, -1297.896240234375], [-123.22209, 47.43946, -618.8646240234375], [-123.22749, 47.43325, -1276.22314453125], [-123.21227, 47.43833, -1297.896240234375]]], [[[-123.24424, 47.40884, -4188.47900390625], [-123.25725, 47.40682, -3843.873046875], [-123.25326, 47.40323, -4719.09228515625], [-123.24424, 47.40884, -4188.47900390625]]], [[[-123.21227, 47.43833, -1297.896240234375], [-123.22749, 47.43325, -1276.22314453125], [-123.21774, 47.43303, -2042.920166015625], [-123.21227, 47.43833, -1297.896240234375]]], [[[-123.26475, 47.41438, -2044.395263671875], [-123.27441, 47.40871, -2644.054443359375], [-123.26125, 47.41041, -2968.653564453125], [-123.26475, 47.41438, -2044.395263671875]]], [[[-123.22749, 47.43325, -1276.22314453125], [-123.23177, 47.42625, -2046.4041748046875], [-123.21774, 47.43303, -2042.920166015625], [-123.22749, 47.43325, -1276.22314453125]]], [[[-123.23177, 47.42625, -2046.4041748046875], [-123.22749, 47.43325, -1276.22314453125], [-123.24091, 47.428, -1064.149658203125], [-123.23177, 47.42625, -2046.4041748046875]]], [[[-123.26912, 47.41761, -1220.2320556640625], [-123.26475, 47.41438, -2044.395263671875], [-123.25511, 47.4216, -1289.4766845703125], [-123.26912, 47.41761, -1220.2320556640625]]], [[[-123.22749, 47.43325, -1276.22314453125], [-123.23451, 47.43522, -417.74725341796875], [-123.24091, 47.428, -1064.149658203125], [-123.22749, 47.43325, -1276.22314453125]]], [[[-123.27441, 47.40871, -2644.054443359375], [-123.287, 47.40621, -2263.992919921875], [-123.283, 47.40262, -3138.883056640625], [-123.27441, 47.40871, -2644.054443359375]]], [[[-123.22749, 47.43325, -1276.22314453125], [-123.22209, 47.43946, -618.8646240234375], [-123.23451, 47.43522, -417.74725341796875], [-123.22749, 47.43325, -1276.22314453125]]], [[[-123.23451, 47.43522, -417.74725341796875], [-123.22209, 47.43946, -618.8646240234375], [-123.23007, 47.44164, 218.18246459960938], [-123.23451, 47.43522, -417.74725341796875]]], [[[-123.23136, 47.41112, -4550.4912109375], [-123.23534, 47.41471, -3674.711669921875], [-123.24424, 47.40884, -4188.47900390625], [-123.23136, 47.41112, -4550.4912109375]]], [[[-123.23451, 47.43522, -417.74725341796875], [-123.23007, 47.44164, 218.18246459960938], [-123.24141, 47.43782, 525.1023559570312], [-123.23451, 47.43522, -417.74725341796875]]], [[[-123.25236, 47.41632, -2383.30078125], [-123.26475, 47.41438, -2044.395263671875], [-123.26125, 47.41041, -2968.653564453125], [-123.25236, 47.41632, -2383.30078125]]], [[[-123.23451, 47.43522, -417.74725341796875], [-123.24141, 47.43782, 525.1023559570312], [-123.24417, 47.43188, -199.48716735839844], [-123.23451, 47.43522, -417.74725341796875]]], [[[-123.24417, 47.43188, -199.48716735839844], [-123.24091, 47.428, -1064.149658203125], [-123.23451, 47.43522, -417.74725341796875], [-123.24417, 47.43188, -199.48716735839844]]], [[[-123.25326, 47.40323, -4719.09228515625], [-123.26641, 47.40151, -4392.890625], [-123.2624, 47.3979, -5267.30859375], [-123.25326, 47.40323, -4719.09228515625]]], [[[-123.24417, 47.43188, -199.48716735839844], [-123.25306, 47.42735, -375.3894958496094], [-123.24091, 47.428, -1064.149658203125], [-123.24417, 47.43188, -199.48716735839844]]], [[[-123.27846, 47.41238, -1755.34375], [-123.291, 47.40981, -1389.10302734375], [-123.287, 47.40621, -2263.992919921875], [-123.27846, 47.41238, -1755.34375]]], [[[-123.24417, 47.43188, -199.48716735839844], [-123.25221, 47.4329, 575.33056640625], [-123.25306, 47.42735, -375.3894958496094], [-123.24417, 47.43188, -199.48716735839844]]], [[[-123.05154, 47.40861, -20715.220703125], [-123.05895, 47.40316, -20050.541015625], [-123.05495, 47.39956, -20923.5390625], [-123.05154, 47.40861, -20715.220703125]]], [[[-123.24417, 47.43188, -199.48716735839844], [-123.24141, 47.43782, 525.1023559570312], [-123.25221, 47.4329, 575.33056640625], [-123.24417, 47.43188, -199.48716735839844]]], [[[-123.28123, 47.41717, -734.2312622070312], [-123.295, 47.4134, -514.2130126953125], [-123.291, 47.40981, -1389.10302734375], [-123.28123, 47.41717, -734.2312622070312]]], [[[-123.25306, 47.42735, -375.3894958496094], [-123.25221, 47.4329, 575.33056640625], [-123.26269, 47.42814, 325.62445068359375], [-123.25306, 47.42735, -375.3894958496094]]], [[[-123.02747, 47.387, -25951.318359375], [-123.03148, 47.39061, -25078.634765625], [-123.03494, 47.38156, -25288.529296875], [-123.02747, 47.387, -25951.318359375]]], [[[-123.23007, 47.44164, 218.18246459960938], [-123.22209, 47.43946, -618.8646240234375], [-123.21766, 47.44483, 189.8043975830078], [-123.23007, 47.44164, 218.18246459960938]]], [[[-123.20826, 47.44388, -492.50018310546875], [-123.21766, 47.44483, 189.8043975830078], [-123.22209, 47.43946, -618.8646240234375], [-123.20826, 47.44388, -492.50018310546875]]], [[[-123.10457, 47.28255, -34814.84765625], [-123.11092, 47.27709, -35553.59375], [-123.09971, 47.27979, -35573.8203125], [-123.10457, 47.28255, -34814.84765625]]], [[[-123.08646, 47.41568, -15021.7490234375], [-123.07898, 47.42115, -15685.5537109375], [-123.08299, 47.42475, -14812.556640625], [-123.08646, 47.41568, -15021.7490234375]]], [[[-123.11644, 47.29349, -32163.845703125], [-123.12968, 47.29183, -31850.892578125], [-123.12511, 47.28802, -32795.85546875], [-123.11644, 47.29349, -32163.845703125]]], [[[-123.13061, 47.27893, -34123.42578125], [-123.14337, 47.27668, -33760.03125], [-123.13939, 47.27308, -34634.921875], [-123.13061, 47.27893, -34123.42578125]]], [[[-123.14903, 47.4813, -648.5804443359375], [-123.15759, 47.47822, 343.0655212402344], [-123.15592, 47.47253, -475.24212646484375], [-123.14903, 47.4813, -648.5804443359375]]], [[[-123.20826, 47.44388, -492.50018310546875], [-123.20655, 47.44935, 418.0722961425781], [-123.21766, 47.44483, 189.8043975830078], [-123.20826, 47.44388, -492.50018310546875]]], [[[-123.1357, 47.44668, -5697.36328125], [-123.1265, 47.45163, -6289.3515625], [-123.1305, 47.45523, -5416.111328125], [-123.1357, 47.44668, -5697.36328125]]], [[[-123.06646, 47.39769, -19387.947265625], [-123.05895, 47.40316, -20050.541015625], [-123.06296, 47.40676, -19177.544921875], [-123.06646, 47.39769, -19387.947265625]]], [[[-123.19733, 47.4484, -373.4532775878906], [-123.20655, 47.44935, 418.0722961425781], [-123.20826, 47.44388, -492.50018310546875], [-123.19733, 47.4484, -373.4532775878906]]], [[[-123.05895, 47.40316, -20050.541015625], [-123.05555, 47.41221, -19842.5390625], [-123.06296, 47.40676, -19177.544921875], [-123.05895, 47.40316, -20050.541015625]]], [[[-123.19733, 47.4484, -373.4532775878906], [-123.19548, 47.45433, 444.2789001464844], [-123.20655, 47.44935, 418.0722961425781], [-123.19733, 47.4484, -373.4532775878906]]], [[[-123.07445, 47.40489, -17641.466796875], [-123.06696, 47.41035, -18304.546875], [-123.07097, 47.41395, -17431.548828125], [-123.07445, 47.40489, -17641.466796875]]], [[[-123.1386, 47.28614, -32374.26953125], [-123.14258, 47.28975, -31499.8515625], [-123.15133, 47.28389, -32010.251953125], [-123.1386, 47.28614, -32374.26953125]]], [[[-123.09856, 47.39948, -15674.5380859375], [-123.09455, 47.39588, -16547.220703125], [-123.08747, 47.40347, -16167.7919921875], [-123.09856, 47.39948, -15674.5380859375]]], [[[-123.18696, 47.45267, -425.151611328125], [-123.19548, 47.45433, 444.2789001464844], [-123.19733, 47.4484, -373.4532775878906], [-123.18696, 47.45267, -425.151611328125]]], [[[-123.17256, 47.43858, -3762.25146484375], [-123.18116, 47.43976, -2962.351806640625], [-123.18411, 47.43338, -3771.204345703125], [-123.17256, 47.43858, -3762.25146484375]]], [[[-123.18696, 47.45267, -425.151611328125], [-123.18373, 47.45842, 318.50823974609375], [-123.19548, 47.45433, 444.2789001464844], [-123.18696, 47.45267, -425.151611328125]]], [[[-122.99536, 47.33635, -34702.52734375], [-122.99304, 47.33027, -35577.16796875], [-122.9881, 47.33878, -35563.84765625], [-122.99536, 47.33635, -34702.52734375]]], [[[-123.17518, 47.45761, -517.6728515625], [-123.18373, 47.45842, 318.50823974609375], [-123.18696, 47.45267, -425.151611328125], [-123.17518, 47.45761, -517.6728515625]]], [[[-123.10258, 47.40308, -14801.8544921875], [-123.09856, 47.39948, -15674.5380859375], [-123.09148, 47.40707, -15295.255859375], [-123.10258, 47.40308, -14801.8544921875]]], [[[-123.17518, 47.45761, -517.6728515625], [-123.17349, 47.46411, 247.30967712402344], [-123.18373, 47.45842, 318.50823974609375], [-123.17518, 47.45761, -517.6728515625]]], [[[-123.09406, 47.30239, -32258.52734375], [-123.10798, 47.2999, -31690.5], [-123.10465, 47.29607, -32553.087890625], [-123.09406, 47.30239, -32258.52734375]]], [[[-123.12208, 47.4065, -12583.9736328125], [-123.11061, 47.41028, -13056.490234375], [-123.11462, 47.41388, -12183.8076171875], [-123.12208, 47.4065, -12583.9736328125]]], [[[-123.16458, 47.46416, -575.3386840820312], [-123.17349, 47.46411, 247.30967712402344], [-123.17518, 47.45761, -517.6728515625], [-123.16458, 47.46416, -575.3386840820312]]], [[[-123.12711, 47.46432, -5209.5810546875], [-123.12386, 47.47341, -5006.9326171875], [-123.13112, 47.46791, -4336.5830078125], [-123.12711, 47.46432, -5209.5810546875]]], [[[-123.11864, 47.41748, -11311.1259765625], [-123.11462, 47.41388, -12183.8076171875], [-123.10755, 47.42148, -11805.1142578125], [-123.11864, 47.41748, -11311.1259765625]]], [[[-123.11845, 47.27939, -34727.65234375], [-123.10457, 47.28255, -34814.84765625], [-123.11803, 47.28427, -33845.95703125], [-123.11845, 47.27939, -34727.65234375]]], [[[-123.16458, 47.46416, -575.3386840820312], [-123.16391, 47.4704, 214.7631072998047], [-123.17349, 47.46411, 247.30967712402344], [-123.16458, 47.46416, -575.3386840820312]]], [[[-123.1231, 47.46072, -6082.5791015625], [-123.11581, 47.46621, -6752.2978515625], [-123.11983, 47.46981, -5879.615234375], [-123.1231, 47.46072, -6082.5791015625]]], [[[-123.14258, 47.28975, -31499.8515625], [-123.13366, 47.29543, -30975.673828125], [-123.14657, 47.29336, -30625.43359375], [-123.14258, 47.28975, -31499.8515625]]], [[[-123.09455, 47.39588, -16547.220703125], [-123.09053, 47.39228, -17419.90234375], [-123.08345, 47.39987, -17040.326171875], [-123.09455, 47.39588, -16547.220703125]]], [[[-123.09502, 47.43554, -12193.5634765625], [-123.09169, 47.44462, -11988.39453125], [-123.09903, 47.43914, -11320.56640625], [-123.09502, 47.43554, -12193.5634765625]]], [[[-123.16458, 47.46416, -575.3386840820312], [-123.15592, 47.47253, -475.24212646484375], [-123.16391, 47.4704, 214.7631072998047], [-123.16458, 47.46416, -575.3386840820312]]], [[[-123.13167, 47.44308, -6569.8984375], [-123.1265, 47.45163, -6289.3515625], [-123.1357, 47.44668, -5697.36328125], [-123.13167, 47.44308, -6569.8984375]]], [[[-123.15553, 47.46551, -1283.61669921875], [-123.15592, 47.47253, -475.24212646484375], [-123.16458, 47.46416, -575.3386840820312], [-123.15553, 47.46551, -1283.61669921875]]], [[[-123.1027, 47.32327, -28102.1015625], [-123.11543, 47.32065, -27718.908203125], [-123.11146, 47.31706, -28594.6015625], [-123.1027, 47.32327, -28102.1015625]]], [[[-123.1113, 47.28961, -33150.5390625], [-123.12511, 47.28802, -32795.85546875], [-123.11803, 47.28427, -33845.95703125], [-123.1113, 47.28961, -33150.5390625]]], [[[-123.20701, 47.40329, -7584.95166015625], [-123.2194, 47.40037, -7177.82958984375], [-123.21542, 47.39678, -8053.609375], [-123.20701, 47.40329, -7584.95166015625]]], [[[-123.15553, 47.46551, -1283.61669921875], [-123.14977, 47.4731, -1170.4522705078125], [-123.15592, 47.47253, -475.24212646484375], [-123.15553, 47.46551, -1283.61669921875]]], [[[-123.07542, 47.39266, -18785.396484375], [-123.08652, 47.38868, -18292.5859375], [-123.08251, 47.38508, -19165.26953125], [-123.07542, 47.39266, -18785.396484375]]], [[[-123.12265, 47.42108, -10438.443359375], [-123.11864, 47.41748, -11311.1259765625], [-123.11157, 47.42508, -10932.578125], [-123.12265, 47.42108, -10438.443359375]]], [[[-123.14977, 47.4731, -1170.4522705078125], [-123.15553, 47.46551, -1283.61669921875], [-123.14636, 47.46961, -1947.652587890625], [-123.14977, 47.4731, -1170.4522705078125]]], [[[-123.17781, 47.45148, -1245.5047607421875], [-123.17518, 47.45761, -517.6728515625], [-123.18696, 47.45267, -425.151611328125], [-123.17781, 47.45148, -1245.5047607421875]]], [[[-123.12836, 47.27515, -34921.37890625], [-123.11845, 47.27939, -34727.65234375], [-123.13061, 47.27893, -34123.42578125], [-123.12836, 47.27515, -34921.37890625]]], [[[-123.1231, 47.46072, -6082.5791015625], [-123.11983, 47.46981, -5879.615234375], [-123.12711, 47.46432, -5209.5810546875], [-123.1231, 47.46072, -6082.5791015625]]], [[[-123.14636, 47.46961, -1947.652587890625], [-123.14332, 47.4788, -1687.7967529296875], [-123.14977, 47.4731, -1170.4522705078125], [-123.14636, 47.46961, -1947.652587890625]]], [[[-123.09101, 47.43194, -13066.5615234375], [-123.08767, 47.44102, -12861.0771484375], [-123.09502, 47.43554, -12193.5634765625], [-123.09101, 47.43194, -13066.5615234375]]], [[[-123.13764, 47.29902, -30100.455078125], [-123.12442, 47.30066, -30420.609375], [-123.1284, 47.30427, -29546.208984375], [-123.13764, 47.29902, -30100.455078125]]], [[[-123.13366, 47.29543, -30975.673828125], [-123.14258, 47.28975, -31499.8515625], [-123.12968, 47.29183, -31850.892578125], [-123.13366, 47.29543, -30975.673828125]]], [[[-123.16317, 47.42933, -5949.49365234375], [-123.15526, 47.4351, -5522.369140625], [-123.17108, 47.43346, -4722.73388671875], [-123.16317, 47.42933, -5949.49365234375]]], [[[-123.05495, 47.39956, -20923.5390625], [-123.04753, 47.40501, -21587.904296875], [-123.05154, 47.40861, -20715.220703125], [-123.05495, 47.39956, -20923.5390625]]], [[[-123.14636, 47.46961, -1947.652587890625], [-123.13915, 47.47511, -2590.586669921875], [-123.14332, 47.4788, -1687.7967529296875], [-123.14636, 47.46961, -1947.652587890625]]], [[[-123.10353, 47.41788, -12677.650390625], [-123.09446, 47.42287, -13275.26953125], [-123.09846, 47.42647, -12402.0302734375], [-123.10353, 47.41788, -12677.650390625]]], [[[-122.99053, 47.34372, -34814.04296875], [-122.99536, 47.33635, -34702.52734375], [-122.9881, 47.33878, -35563.84765625], [-122.99053, 47.34372, -34814.04296875]]], [[[-123.08345, 47.39987, -17040.326171875], [-123.07445, 47.40489, -17641.466796875], [-123.07845, 47.40848, -16768.228515625], [-123.08345, 47.39987, -17040.326171875]]], [[[-123.10659, 47.40668, -13929.1728515625], [-123.0955, 47.41067, -14422.720703125], [-123.09952, 47.41427, -13550.185546875], [-123.10659, 47.40668, -13929.1728515625]]], [[[-123.1284, 47.30427, -29546.208984375], [-123.14162, 47.30262, -29225.236328125], [-123.13764, 47.29902, -30100.455078125], [-123.1284, 47.30427, -29546.208984375]]], [[[-123.11599, 47.30707, -29946.76171875], [-123.11998, 47.31068, -29072.3203125], [-123.1284, 47.30427, -29546.208984375], [-123.11599, 47.30707, -29946.76171875]]], [[[-123.08688, 47.30866, -31641.603515625], [-123.09898, 47.30643, -31241.32421875], [-123.09406, 47.30239, -32258.52734375], [-123.08688, 47.30866, -31641.603515625]]], [[[-123.14332, 47.4788, -1687.7967529296875], [-123.13593, 47.48421, -2388.88427734375], [-123.13995, 47.4878, -1516.201416015625], [-123.14332, 47.4788, -1687.7967529296875]]], [[[-123.14636, 47.46961, -1947.652587890625], [-123.14254, 47.46601, -2795.240966796875], [-123.13915, 47.47511, -2590.586669921875], [-123.14636, 47.46961, -1947.652587890625]]], [[[-122.99053, 47.34372, -34814.04296875], [-122.99496, 47.34549, -34022.48828125], [-122.99536, 47.33635, -34702.52734375], [-122.99053, 47.34372, -34814.04296875]]], [[[-123.10705, 47.44633, -9574.5703125], [-123.10375, 47.45542, -9370.345703125], [-123.11106, 47.44993, -8701.572265625], [-123.10705, 47.44633, -9574.5703125]]], [[[-123.27041, 47.40511, -3518.47265625], [-123.283, 47.40262, -3138.883056640625], [-123.279, 47.39902, -4013.77294921875], [-123.27041, 47.40511, -3518.47265625]]], [[[-123.1146, 47.34691, -23231.986328125], [-123.12269, 47.34123, -23728.5], [-123.11016, 47.34332, -24122.61328125], [-123.1146, 47.34691, -23231.986328125]]], [[[-123.13451, 47.45882, -4542.87158203125], [-123.1305, 47.45523, -5416.111328125], [-123.12711, 47.46432, -5209.5810546875], [-123.13451, 47.45882, -4542.87158203125]]], [[[-123.15079, 47.44627, -4329.65966796875], [-123.14677, 47.44267, -5202.34228515625], [-123.13972, 47.45028, -4824.82763671875], [-123.15079, 47.44627, -4329.65966796875]]], [[[-123.1525, 47.46102, -2144.488037109375], [-123.14254, 47.46601, -2795.240966796875], [-123.14636, 47.46961, -1947.652587890625], [-123.1525, 47.46102, -2144.488037109375]]], [[[-123.15863, 47.42531, -6933.40673828125], [-123.16619, 47.41913, -7393.3984375], [-123.15454, 47.42168, -7819.34716796875], [-123.15863, 47.42531, -6933.40673828125]]], [[[-123.08245, 47.41208, -15894.98828125], [-123.07845, 47.40848, -16768.228515625], [-123.07498, 47.41755, -16558.55078125], [-123.08245, 47.41208, -15894.98828125]]], [[[-123.12617, 47.35777, -20628.724609375], [-123.1387, 47.3557, -20234.283203125], [-123.13462, 47.35213, -21106.75390625], [-123.12617, 47.35777, -20628.724609375]]], [[[-123.14779, 47.45749, -3075.664794921875], [-123.14254, 47.46601, -2795.240966796875], [-123.1525, 47.46102, -2144.488037109375], [-123.14779, 47.45749, -3075.664794921875]]], [[[-123.13972, 47.45028, -4824.82763671875], [-123.1305, 47.45523, -5416.111328125], [-123.13451, 47.45882, -4542.87158203125], [-123.13972, 47.45028, -4824.82763671875]]], [[[-123.08897, 47.28932, -34756.5859375], [-123.10457, 47.28255, -34814.84765625], [-123.08976, 47.28415, -35566.18359375], [-123.08897, 47.28932, -34756.5859375]]], [[[-123.1357, 47.44668, -5697.36328125], [-123.1305, 47.45523, -5416.111328125], [-123.13972, 47.45028, -4824.82763671875], [-123.1357, 47.44668, -5697.36328125]]], [[[-123.13764, 47.29902, -30100.455078125], [-123.14657, 47.29336, -30625.43359375], [-123.13366, 47.29543, -30975.673828125], [-123.13764, 47.29902, -30100.455078125]]], [[[-123.14254, 47.46601, -2795.240966796875], [-123.14779, 47.45749, -3075.664794921875], [-123.13852, 47.46242, -3669.631591796875], [-123.14254, 47.46601, -2795.240966796875]]], [[[-123.1008, 47.28863, -34034.375], [-123.11803, 47.28427, -33845.95703125], [-123.10457, 47.28255, -34814.84765625], [-123.1008, 47.28863, -34034.375]]], [[[-123.13852, 47.46242, -3669.631591796875], [-123.13451, 47.45882, -4542.87158203125], [-123.13112, 47.46791, -4336.5830078125], [-123.13852, 47.46242, -3669.631591796875]]], [[[-123.09873, 47.31968, -28977.587890625], [-123.11146, 47.31706, -28594.6015625], [-123.10749, 47.31347, -29470.29296875], [-123.09873, 47.31968, -28977.587890625]]], [[[-123.10755, 47.42148, -11805.1142578125], [-123.10247, 47.43006, -11528.7900390625], [-123.11157, 47.42508, -10932.578125], [-123.10755, 47.42148, -11805.1142578125]]], [[[-123.14254, 47.46601, -2795.240966796875], [-123.13852, 47.46242, -3669.631591796875], [-123.13514, 47.47151, -3463.584716796875], [-123.14254, 47.46601, -2795.240966796875]]], [[[-123.13392, 47.2826, -33281.1171875], [-123.1386, 47.28614, -32374.26953125], [-123.14735, 47.28028, -32885.140625], [-123.13392, 47.2826, -33281.1171875]]], [[[-123.09846, 47.42647, -12402.0302734375], [-123.09446, 47.42287, -13275.26953125], [-123.09101, 47.43194, -13066.5615234375], [-123.09846, 47.42647, -12402.0302734375]]], [[[-123.09053, 47.39228, -17419.90234375], [-123.07943, 47.39626, -17912.861328125], [-123.08345, 47.39987, -17040.326171875], [-123.09053, 47.39228, -17419.90234375]]], [[[-123.07898, 47.42115, -15685.5537109375], [-123.07161, 47.42662, -16351.8076171875], [-123.07562, 47.43022, -15479.125], [-123.07898, 47.42115, -15685.5537109375]]], [[[-123.08345, 47.39987, -17040.326171875], [-123.07845, 47.40848, -16768.228515625], [-123.08747, 47.40347, -16167.7919921875], [-123.08345, 47.39987, -17040.326171875]]], [[[-123.07445, 47.40489, -17641.466796875], [-123.07046, 47.40129, -18514.70703125], [-123.06696, 47.41035, -18304.546875], [-123.07445, 47.40489, -17641.466796875]]], [[[-123.14254, 47.46601, -2795.240966796875], [-123.13514, 47.47151, -3463.584716796875], [-123.13915, 47.47511, -2590.586669921875], [-123.14254, 47.46601, -2795.240966796875]]], [[[-123.14903, 47.4813, -648.5804443359375], [-123.14815, 47.48893, -201.36158752441406], [-123.15234, 47.48645, 240.445556640625], [-123.14903, 47.4813, -648.5804443359375]]], [[[-123.07943, 47.39626, -17912.861328125], [-123.07046, 47.40129, -18514.70703125], [-123.07445, 47.40489, -17641.466796875], [-123.07943, 47.39626, -17912.861328125]]], [[[-123.10647, 47.43366, -10655.55078125], [-123.09903, 47.43914, -11320.56640625], [-123.10304, 47.44274, -10447.568359375], [-123.10647, 47.43366, -10655.55078125]]], [[[-123.17108, 47.43346, -4722.73388671875], [-123.17256, 47.43858, -3762.25146484375], [-123.18411, 47.43338, -3771.204345703125], [-123.17108, 47.43346, -4722.73388671875]]], [[[-123.11803, 47.28427, -33845.95703125], [-123.13061, 47.27893, -34123.42578125], [-123.11845, 47.27939, -34727.65234375], [-123.11803, 47.28427, -33845.95703125]]], [[[-123.14903, 47.4813, -648.5804443359375], [-123.15234, 47.48645, 240.445556640625], [-123.15759, 47.47822, 343.0655212402344], [-123.14903, 47.4813, -648.5804443359375]]], [[[-123.13514, 47.47151, -3463.584716796875], [-123.1319, 47.48061, -3261.56689453125], [-123.13915, 47.47511, -2590.586669921875], [-123.13514, 47.47151, -3463.584716796875]]], [[[-123.087, 47.42835, -13939.55859375], [-123.08366, 47.43742, -13733.759765625], [-123.09101, 47.43194, -13066.5615234375], [-123.087, 47.42835, -13939.55859375]]], [[[-123.15957, 47.45342, -2522.93603515625], [-123.1525, 47.46102, -2144.488037109375], [-123.16514, 47.45761, -1426.0479736328125], [-123.15957, 47.45342, -2522.93603515625]]], [[[-123.09502, 47.43554, -12193.5634765625], [-123.08767, 47.44102, -12861.0771484375], [-123.09169, 47.44462, -11988.39453125], [-123.09502, 47.43554, -12193.5634765625]]], [[[-123.1305, 47.45523, -5416.111328125], [-123.1231, 47.46072, -6082.5791015625], [-123.12711, 47.46432, -5209.5810546875], [-123.1305, 47.45523, -5416.111328125]]], [[[-123.10705, 47.44633, -9574.5703125], [-123.09973, 47.45182, -10243.029296875], [-123.10375, 47.45542, -9370.345703125], [-123.10705, 47.44633, -9574.5703125]]], [[[-123.15012, 47.43163, -6469.904296875], [-123.13873, 47.43547, -6947.705078125], [-123.14275, 47.43907, -6075.02392578125], [-123.15012, 47.43163, -6469.904296875]]], [[[-123.13915, 47.47511, -2590.586669921875], [-123.1319, 47.48061, -3261.56689453125], [-123.13593, 47.48421, -2388.88427734375], [-123.13915, 47.47511, -2590.586669921875]]], [[[-123.13541, 47.26948, -35509.8125], [-123.12836, 47.27515, -34921.37890625], [-123.13939, 47.27308, -34634.921875], [-123.13541, 47.26948, -35509.8125]]], [[[-123.09148, 47.40707, -15295.255859375], [-123.08646, 47.41568, -15021.7490234375], [-123.0955, 47.41067, -14422.720703125], [-123.09148, 47.40707, -15295.255859375]]], [[[-123.15592, 47.47253, -475.24212646484375], [-123.15759, 47.47822, 343.0655212402344], [-123.16391, 47.4704, 214.7631072998047], [-123.15592, 47.47253, -475.24212646484375]]], [[[-123.13514, 47.47151, -3463.584716796875], [-123.12788, 47.47701, -4134.24951171875], [-123.1319, 47.48061, -3261.56689453125], [-123.13514, 47.47151, -3463.584716796875]]], [[[-123.13062, 47.34851, -21980.314453125], [-123.14327, 47.34581, -21590.9921875], [-123.13929, 47.34221, -22466.361328125], [-123.13062, 47.34851, -21980.314453125]]], [[[-122.99053, 47.34372, -34814.04296875], [-122.9834, 47.34737, -35550.828125], [-122.98741, 47.35098, -34678.14453125], [-122.99053, 47.34372, -34814.04296875]]], [[[-123.15553, 47.46551, -1283.61669921875], [-123.16514, 47.45761, -1426.0479736328125], [-123.1525, 47.46102, -2144.488037109375], [-123.15553, 47.46551, -1283.61669921875]]], [[[-123.10304, 47.44274, -10447.568359375], [-123.09973, 47.45182, -10243.029296875], [-123.10705, 47.44633, -9574.5703125], [-123.10304, 47.44274, -10447.568359375]]], [[[-123.13167, 47.44308, -6569.8984375], [-123.12249, 47.44804, -7162.59130859375], [-123.1265, 47.45163, -6289.3515625], [-123.13167, 47.44308, -6569.8984375]]], [[[-123.06296, 47.40676, -19177.544921875], [-123.05555, 47.41221, -19842.5390625], [-123.05957, 47.41582, -18969.85546875], [-123.06296, 47.40676, -19177.544921875]]], [[[-123.1386, 47.28614, -32374.26953125], [-123.15133, 47.28389, -32010.251953125], [-123.14735, 47.28028, -32885.140625], [-123.1386, 47.28614, -32374.26953125]]], [[[-123.08245, 47.41208, -15894.98828125], [-123.07498, 47.41755, -16558.55078125], [-123.07898, 47.42115, -15685.5537109375], [-123.08245, 47.41208, -15894.98828125]]], [[[-123.10304, 47.44274, -10447.568359375], [-123.09571, 47.44822, -11115.7119140625], [-123.09973, 47.45182, -10243.029296875], [-123.10304, 47.44274, -10447.568359375]]], [[[-123.15012, 47.43163, -6469.904296875], [-123.14612, 47.42804, -7343.3427734375], [-123.13873, 47.43547, -6947.705078125], [-123.15012, 47.43163, -6469.904296875]]], [[[-123.18411, 47.43338, -3771.204345703125], [-123.19353, 47.43501, -2921.09765625], [-123.19963, 47.4285, -3756.4404296875], [-123.18411, 47.43338, -3771.204345703125]]], [[[-123.10163, 47.33639, -25837.560546875], [-123.11065, 47.33046, -26351.150390625], [-123.09763, 47.33278, -26711.3515625], [-123.10163, 47.33639, -25837.560546875]]], [[[-123.05895, 47.40316, -20050.541015625], [-123.05154, 47.40861, -20715.220703125], [-123.05555, 47.41221, -19842.5390625], [-123.05895, 47.40316, -20050.541015625]]], [[[-123.15814, 47.43881, -4723.0341796875], [-123.15079, 47.44627, -4329.65966796875], [-123.1623, 47.44216, -3872.9296875], [-123.15814, 47.43881, -4723.0341796875]]], [[[-123.13112, 47.46791, -4336.5830078125], [-123.12386, 47.47341, -5006.9326171875], [-123.12788, 47.47701, -4134.24951171875], [-123.13112, 47.46791, -4336.5830078125]]], [[[-123.07845, 47.40848, -16768.228515625], [-123.07097, 47.41395, -17431.548828125], [-123.07498, 47.41755, -16558.55078125], [-123.07845, 47.40848, -16768.228515625]]], [[[-123.14903, 47.4813, -648.5804443359375], [-123.13995, 47.4878, -1516.201416015625], [-123.14397, 47.4914, -643.5187377929688], [-123.14903, 47.4813, -648.5804443359375]]], [[[-123.11007, 47.39573, -15204.28125], [-123.10258, 47.40308, -14801.8544921875], [-123.11407, 47.39932, -14330.8447265625], [-123.11007, 47.39573, -15204.28125]]], [[[-123.13915, 47.47511, -2590.586669921875], [-123.13593, 47.48421, -2388.88427734375], [-123.14332, 47.4788, -1687.7967529296875], [-123.13915, 47.47511, -2590.586669921875]]], [[[-123.10304, 47.44274, -10447.568359375], [-123.09903, 47.43914, -11320.56640625], [-123.09571, 47.44822, -11115.7119140625], [-123.10304, 47.44274, -10447.568359375]]], [[[-123.07141, 47.38906, -19657.93359375], [-123.06646, 47.39769, -19387.947265625], [-123.07542, 47.39266, -18785.396484375], [-123.07141, 47.38906, -19657.93359375]]], [[[-123.10163, 47.33639, -25837.560546875], [-123.10562, 47.34001, -24963.763671875], [-123.11463, 47.33405, -25475.67578125], [-123.10163, 47.33639, -25837.560546875]]], [[[-123.04351, 47.40141, -22460.587890625], [-123.04753, 47.40501, -21587.904296875], [-123.05095, 47.39596, -21796.537109375], [-123.04351, 47.40141, -22460.587890625]]], [[[-123.10457, 47.28255, -34814.84765625], [-123.11845, 47.27939, -34727.65234375], [-123.11092, 47.27709, -35553.59375], [-123.10457, 47.28255, -34814.84765625]]], [[[-123.07141, 47.38906, -19657.93359375], [-123.06739, 47.38546, -20530.470703125], [-123.06246, 47.3941, -20261.1875], [-123.07141, 47.38906, -19657.93359375]]], [[[-123.07845, 47.40848, -16768.228515625], [-123.07445, 47.40489, -17641.466796875], [-123.07097, 47.41395, -17431.548828125], [-123.07845, 47.40848, -16768.228515625]]], [[[-123.12711, 47.46432, -5209.5810546875], [-123.11983, 47.46981, -5879.615234375], [-123.12386, 47.47341, -5006.9326171875], [-123.12711, 47.46432, -5209.5810546875]]], [[[-123.1008, 47.28863, -34034.375], [-123.09696, 47.295, -33243.89453125], [-123.1113, 47.28961, -33150.5390625], [-123.1008, 47.28863, -34034.375]]], [[[-123.07097, 47.41395, -17431.548828125], [-123.06358, 47.41942, -18097.173828125], [-123.06759, 47.42302, -17224.490234375], [-123.07097, 47.41395, -17431.548828125]]], [[[-123.14037, 47.31509, -26922.9921875], [-123.14958, 47.30981, -27474.798828125], [-123.13638, 47.31148, -27797.40234375], [-123.14037, 47.31509, -26922.9921875]]], [[[-123.1008, 47.28863, -34034.375], [-123.08897, 47.28932, -34756.5859375], [-123.08591, 47.29558, -33965.60546875], [-123.1008, 47.28863, -34034.375]]], [[[-123.12968, 47.29183, -31850.892578125], [-123.1386, 47.28614, -32374.26953125], [-123.12511, 47.28802, -32795.85546875], [-123.12968, 47.29183, -31850.892578125]]], [[[-123.1231, 47.46072, -6082.5791015625], [-123.1265, 47.45163, -6289.3515625], [-123.11908, 47.45712, -6955.57666015625], [-123.1231, 47.46072, -6082.5791015625]]], [[[-123.1231, 47.46072, -6082.5791015625], [-123.11908, 47.45712, -6955.57666015625], [-123.11581, 47.46621, -6752.2978515625], [-123.1231, 47.46072, -6082.5791015625]]], [[[-123.1231, 47.46072, -6082.5791015625], [-123.1305, 47.45523, -5416.111328125], [-123.1265, 47.45163, -6289.3515625], [-123.1231, 47.46072, -6082.5791015625]]], [[[-123.09952, 47.41427, -13550.185546875], [-123.09446, 47.42287, -13275.26953125], [-123.10353, 47.41788, -12677.650390625], [-123.09952, 47.41427, -13550.185546875]]], [[[-123.12339, 47.36637, -19280.833984375], [-123.1307, 47.36131, -19744.091796875], [-123.11928, 47.36284, -20147.884765625], [-123.12339, 47.36637, -19280.833984375]]], [[[-123.11599, 47.30707, -29946.76171875], [-123.12442, 47.30066, -30420.609375], [-123.11195, 47.30346, -30824.927734375], [-123.11599, 47.30707, -29946.76171875]]], [[[-123.15863, 47.42531, -6933.40673828125], [-123.14612, 47.42804, -7343.3427734375], [-123.15012, 47.43163, -6469.904296875], [-123.15863, 47.42531, -6933.40673828125]]], [[[-123.15863, 47.42531, -6933.40673828125], [-123.15012, 47.43163, -6469.904296875], [-123.16317, 47.42933, -5949.49365234375], [-123.15863, 47.42531, -6933.40673828125]]], [[[-123.13471, 47.36494, -18866.6171875], [-123.14672, 47.36293, -18486.078125], [-123.14272, 47.35931, -19359.697265625], [-123.13471, 47.36494, -18866.6171875]]], [[[-123.10647, 47.43366, -10655.55078125], [-123.10247, 47.43006, -11528.7900390625], [-123.09903, 47.43914, -11320.56640625], [-123.10647, 47.43366, -10655.55078125]]], [[[-123.07542, 47.39266, -18785.396484375], [-123.06646, 47.39769, -19387.947265625], [-123.07046, 47.40129, -18514.70703125], [-123.07542, 47.39266, -18785.396484375]]], [[[-123.07542, 47.39266, -18785.396484375], [-123.07046, 47.40129, -18514.70703125], [-123.07943, 47.39626, -17912.861328125], [-123.07542, 47.39266, -18785.396484375]]], [[[-123.13167, 47.44308, -6569.8984375], [-123.12765, 47.43948, -7442.43359375], [-123.12249, 47.44804, -7162.59130859375], [-123.13167, 47.44308, -6569.8984375]]], [[[-123.07141, 47.38906, -19657.93359375], [-123.0785, 47.38148, -20037.95703125], [-123.06739, 47.38546, -20530.470703125], [-123.07141, 47.38906, -19657.93359375]]], [[[-123.08976, 47.28415, -35566.18359375], [-123.10457, 47.28255, -34814.84765625], [-123.09971, 47.27979, -35573.8203125], [-123.08976, 47.28415, -35566.18359375]]], [[[-123.13167, 47.44308, -6569.8984375], [-123.13873, 47.43547, -6947.705078125], [-123.12765, 47.43948, -7442.43359375], [-123.13167, 47.44308, -6569.8984375]]], [[[-122.99496, 47.34549, -34022.48828125], [-122.98741, 47.35098, -34678.14453125], [-122.99141, 47.35458, -33805.4609375], [-122.99496, 47.34549, -34022.48828125]]], [[[-123.15814, 47.43881, -4723.0341796875], [-123.17108, 47.43346, -4722.73388671875], [-123.15526, 47.4351, -5522.369140625], [-123.15814, 47.43881, -4723.0341796875]]], [[[-123.10163, 47.33639, -25837.560546875], [-123.11463, 47.33405, -25475.67578125], [-123.11065, 47.33046, -26351.150390625], [-123.10163, 47.33639, -25837.560546875]]], [[[-123.10353, 47.41788, -12677.650390625], [-123.09846, 47.42647, -12402.0302734375], [-123.10755, 47.42148, -11805.1142578125], [-123.10353, 47.41788, -12677.650390625]]], [[[-123.13873, 47.43547, -6947.705078125], [-123.13167, 47.44308, -6569.8984375], [-123.14275, 47.43907, -6075.02392578125], [-123.13873, 47.43547, -6947.705078125]]], [[[-123.05895, 47.40316, -20050.541015625], [-123.06646, 47.39769, -19387.947265625], [-123.06246, 47.3941, -20261.1875], [-123.05895, 47.40316, -20050.541015625]]], [[[-123.07141, 47.38906, -19657.93359375], [-123.08251, 47.38508, -19165.26953125], [-123.0785, 47.38148, -20037.95703125], [-123.07141, 47.38906, -19657.93359375]]], [[[-123.14977, 47.4731, -1170.4522705078125], [-123.14332, 47.4788, -1687.7967529296875], [-123.14903, 47.4813, -648.5804443359375], [-123.14977, 47.4731, -1170.4522705078125]]], [[[-123.12968, 47.29183, -31850.892578125], [-123.14258, 47.28975, -31499.8515625], [-123.1386, 47.28614, -32374.26953125], [-123.12968, 47.29183, -31850.892578125]]], [[[-123.08897, 47.28932, -34756.5859375], [-123.08976, 47.28415, -35566.18359375], [-123.07856, 47.28906, -35566.48828125], [-123.08897, 47.28932, -34756.5859375]]], [[[-123.09365, 47.34217, -25342.255859375], [-123.08966, 47.33855, -26215.125], [-123.08235, 47.34384, -25760.291015625], [-123.09365, 47.34217, -25342.255859375]]], [[[-123.13061, 47.27893, -34123.42578125], [-123.13392, 47.2826, -33281.1171875], [-123.14337, 47.27668, -33760.03125], [-123.13061, 47.27893, -34123.42578125]]], [[[-123.08747, 47.40347, -16167.7919921875], [-123.08245, 47.41208, -15894.98828125], [-123.09148, 47.40707, -15295.255859375], [-123.08747, 47.40347, -16167.7919921875]]], [[[-123.15863, 47.42531, -6933.40673828125], [-123.15454, 47.42168, -7819.34716796875], [-123.14612, 47.42804, -7343.3427734375], [-123.15863, 47.42531, -6933.40673828125]]], [[[-123.11998, 47.31068, -29072.3203125], [-123.13239, 47.30788, -28671.806640625], [-123.1284, 47.30427, -29546.208984375], [-123.11998, 47.31068, -29072.3203125]]], [[[-123.11845, 47.27939, -34727.65234375], [-123.12328, 47.27346, -35531.26171875], [-123.11092, 47.27709, -35553.59375], [-123.11845, 47.27939, -34727.65234375]]], [[[-123.17023, 47.42295, -6477.7939453125], [-123.17744, 47.41774, -6961.6943359375], [-123.16619, 47.41913, -7393.3984375], [-123.17023, 47.42295, -6477.7939453125]]], [[[-123.06296, 47.40676, -19177.544921875], [-123.07046, 47.40129, -18514.70703125], [-123.06646, 47.39769, -19387.947265625], [-123.06296, 47.40676, -19177.544921875]]], [[[-123.17744, 47.41774, -6961.6943359375], [-123.17348, 47.4141, -7844.12158203125], [-123.16619, 47.41913, -7393.3984375], [-123.17744, 47.41774, -6961.6943359375]]], [[[-123.09446, 47.42287, -13275.26953125], [-123.087, 47.42835, -13939.55859375], [-123.09101, 47.43194, -13066.5615234375], [-123.09446, 47.42287, -13275.26953125]]], [[[-123.17348, 47.4141, -7844.12158203125], [-123.17744, 47.41774, -6961.6943359375], [-123.18565, 47.4123, -7487.3359375], [-123.17348, 47.4141, -7844.12158203125]]], [[[-123.17348, 47.4141, -7844.12158203125], [-123.18565, 47.4123, -7487.3359375], [-123.18174, 47.40866, -8362.1416015625], [-123.17348, 47.4141, -7844.12158203125]]], [[[-123.10258, 47.40308, -14801.8544921875], [-123.09148, 47.40707, -15295.255859375], [-123.0955, 47.41067, -14422.720703125], [-123.10258, 47.40308, -14801.8544921875]]], [[[-123.11373, 47.36016, -20983.8359375], [-123.10238, 47.3617, -21392.064453125], [-123.10681, 47.36522, -20497.08984375], [-123.11373, 47.36016, -20983.8359375]]], [[[-123.16949, 47.41051, -8720.205078125], [-123.17348, 47.4141, -7844.12158203125], [-123.18174, 47.40866, -8362.1416015625], [-123.16949, 47.41051, -8720.205078125]]], [[[-123.17348, 47.4141, -7844.12158203125], [-123.16217, 47.41551, -8273.615234375], [-123.16619, 47.41913, -7393.3984375], [-123.17348, 47.4141, -7844.12158203125]]], [[[-123.16317, 47.42933, -5949.49365234375], [-123.15012, 47.43163, -6469.904296875], [-123.15526, 47.4351, -5522.369140625], [-123.16317, 47.42933, -5949.49365234375]]], [[[-123.10755, 47.42148, -11805.1142578125], [-123.09846, 47.42647, -12402.0302734375], [-123.10247, 47.43006, -11528.7900390625], [-123.10755, 47.42148, -11805.1142578125]]], [[[-123.13471, 47.36494, -18866.6171875], [-123.14272, 47.35931, -19359.697265625], [-123.1307, 47.36131, -19744.091796875], [-123.13471, 47.36494, -18866.6171875]]], [[[-123.16217, 47.41551, -8273.615234375], [-123.15454, 47.42168, -7819.34716796875], [-123.16619, 47.41913, -7393.3984375], [-123.16217, 47.41551, -8273.615234375]]], [[[-123.10247, 47.43006, -11528.7900390625], [-123.09846, 47.42647, -12402.0302734375], [-123.09502, 47.43554, -12193.5634765625], [-123.10247, 47.43006, -11528.7900390625]]], [[[-123.11106, 47.44993, -8701.572265625], [-123.10777, 47.45902, -8497.6630859375], [-123.11507, 47.45353, -7828.57470703125], [-123.11106, 47.44993, -8701.572265625]]], [[[-123.11998, 47.31068, -29072.3203125], [-123.12395, 47.31427, -28196.546875], [-123.13239, 47.30788, -28671.806640625], [-123.11998, 47.31068, -29072.3203125]]], [[[-123.16217, 47.41551, -8273.615234375], [-123.15053, 47.4181, -8693.841796875], [-123.15454, 47.42168, -7819.34716796875], [-123.16217, 47.41551, -8273.615234375]]], [[[-123.1387, 47.3557, -20234.283203125], [-123.14272, 47.35931, -19359.697265625], [-123.15123, 47.35299, -19840.248046875], [-123.1387, 47.3557, -20234.283203125]]], [[[-123.15817, 47.41192, -9148.4423828125], [-123.15053, 47.4181, -8693.841796875], [-123.16217, 47.41551, -8273.615234375], [-123.15817, 47.41192, -9148.4423828125]]], [[[-123.14672, 47.36293, -18486.078125], [-123.15063, 47.3666, -17612.443359375], [-123.15919, 47.36018, -18089.478515625], [-123.14672, 47.36293, -18486.078125]]], [[[-123.15817, 47.41192, -9148.4423828125], [-123.14653, 47.41451, -9567.6513671875], [-123.15053, 47.4181, -8693.841796875], [-123.15817, 47.41192, -9148.4423828125]]], [[[-123.12161, 47.35447, -21468.525390625], [-123.13062, 47.34851, -21980.314453125], [-123.11812, 47.35081, -22327.404296875], [-123.12161, 47.35447, -21468.525390625]]], [[[-123.08312, 47.30154, -33132.453125], [-123.09696, 47.295, -33243.89453125], [-123.08591, 47.29558, -33965.60546875], [-123.08312, 47.30154, -33132.453125]]], [[[-123.15417, 47.40833, -10022.494140625], [-123.14653, 47.41451, -9567.6513671875], [-123.15817, 47.41192, -9148.4423828125], [-123.15417, 47.40833, -10022.494140625]]], [[[-123.10247, 47.43006, -11528.7900390625], [-123.09502, 47.43554, -12193.5634765625], [-123.09903, 47.43914, -11320.56640625], [-123.10247, 47.43006, -11528.7900390625]]], [[[-123.07141, 47.38906, -19657.93359375], [-123.06246, 47.3941, -20261.1875], [-123.06646, 47.39769, -19387.947265625], [-123.07141, 47.38906, -19657.93359375]]], [[[-123.15417, 47.40833, -10022.494140625], [-123.14253, 47.41093, -10441.423828125], [-123.14653, 47.41451, -9567.6513671875], [-123.15417, 47.40833, -10022.494140625]]], [[[-123.14162, 47.30262, -29225.236328125], [-123.15055, 47.29696, -29751.015625], [-123.13764, 47.29902, -30100.455078125], [-123.14162, 47.30262, -29225.236328125]]], [[[-123.15017, 47.40475, -10896.8466796875], [-123.14253, 47.41093, -10441.423828125], [-123.15417, 47.40833, -10022.494140625], [-123.15017, 47.40475, -10896.8466796875]]], [[[-123.04069, 47.30716, -34769.50390625], [-123.05216, 47.30242, -34761.88671875], [-123.04338, 47.30131, -35582.08984375], [-123.04069, 47.30716, -34769.50390625]]], [[[-123.08652, 47.38868, -18292.5859375], [-123.07542, 47.39266, -18785.396484375], [-123.07943, 47.39626, -17912.861328125], [-123.08652, 47.38868, -18292.5859375]]], [[[-123.11146, 47.31706, -28594.6015625], [-123.11998, 47.31068, -29072.3203125], [-123.10749, 47.31347, -29470.29296875], [-123.11146, 47.31706, -28594.6015625]]], [[[-123.15017, 47.40475, -10896.8466796875], [-123.13853, 47.40734, -11315.203125], [-123.14253, 47.41093, -10441.423828125], [-123.15017, 47.40475, -10896.8466796875]]], [[[-123.14327, 47.34581, -21590.9921875], [-123.15573, 47.34298, -21190.310546875], [-123.15176, 47.33939, -22066.087890625], [-123.14327, 47.34581, -21590.9921875]]], [[[-123.14618, 47.40117, -11771.193359375], [-123.13853, 47.40734, -11315.203125], [-123.15017, 47.40475, -10896.8466796875], [-123.14618, 47.40117, -11771.193359375]]], [[[-123.11812, 47.35081, -22327.404296875], [-123.10974, 47.3565, -21863.103515625], [-123.12161, 47.35447, -21468.525390625], [-123.11812, 47.35081, -22327.404296875]]], [[[-123.14618, 47.40117, -11771.193359375], [-123.13452, 47.40376, -12188.98046875], [-123.13853, 47.40734, -11315.203125], [-123.14618, 47.40117, -11771.193359375]]], [[[-123.09365, 47.34217, -25342.255859375], [-123.08235, 47.34384, -25760.291015625], [-123.08635, 47.34743, -24884.19140625], [-123.09365, 47.34217, -25342.255859375]]], [[[-123.02729, 47.34942, -29255.83203125], [-123.02251, 47.35812, -28993.587890625], [-123.0313, 47.35302, -28383.294921875], [-123.02729, 47.34942, -29255.83203125]]], [[[-123.14218, 47.39759, -12645.4755859375], [-123.13452, 47.40376, -12188.98046875], [-123.14618, 47.40117, -11771.193359375], [-123.14218, 47.39759, -12645.4755859375]]], [[[-123.09763, 47.33278, -26711.3515625], [-123.11065, 47.33046, -26351.150390625], [-123.10668, 47.32686, -27226.625], [-123.09763, 47.33278, -26711.3515625]]], [[[-123.14218, 47.39759, -12645.4755859375], [-123.13052, 47.40017, -13062.7529296875], [-123.13452, 47.40376, -12188.98046875], [-123.14218, 47.39759, -12645.4755859375]]], [[[-123.13462, 47.35213, -21106.75390625], [-123.1387, 47.3557, -20234.283203125], [-123.14725, 47.3494, -20715.62109375], [-123.13462, 47.35213, -21106.75390625]]], [[[-123.13819, 47.394, -13519.798828125], [-123.13052, 47.40017, -13062.7529296875], [-123.14218, 47.39759, -12645.4755859375], [-123.13819, 47.394, -13519.798828125]]], [[[-123.14272, 47.35931, -19359.697265625], [-123.14672, 47.36293, -18486.078125], [-123.15521, 47.35659, -18964.8515625], [-123.14272, 47.35931, -19359.697265625]]], [[[-123.13819, 47.394, -13519.798828125], [-123.12652, 47.39658, -13936.5302734375], [-123.13052, 47.40017, -13062.7529296875], [-123.13819, 47.394, -13519.798828125]]], [[[-123.14272, 47.35931, -19359.697265625], [-123.15521, 47.35659, -18964.8515625], [-123.15123, 47.35299, -19840.248046875], [-123.14272, 47.35931, -19359.697265625]]], [[[-123.1342, 47.39042, -14394.162109375], [-123.12652, 47.39658, -13936.5302734375], [-123.13819, 47.394, -13519.798828125], [-123.1342, 47.39042, -14394.162109375]]], [[[-123.11016, 47.34332, -24122.61328125], [-123.12269, 47.34123, -23728.5], [-123.11862, 47.33765, -24601.009765625], [-123.11016, 47.34332, -24122.61328125]]], [[[-123.1342, 47.39042, -14394.162109375], [-123.12252, 47.393, -14810.310546875], [-123.12652, 47.39658, -13936.5302734375], [-123.1342, 47.39042, -14394.162109375]]], [[[-123.12736, 47.33143, -25092.48828125], [-123.13984, 47.32862, -24693.42578125], [-123.13586, 47.32504, -25569.203125], [-123.12736, 47.33143, -25092.48828125]]], [[[-123.13021, 47.38684, -15268.984375], [-123.12252, 47.393, -14810.310546875], [-123.1342, 47.39042, -14394.162109375], [-123.13021, 47.38684, -15268.984375]]], [[[-123.13984, 47.32862, -24693.42578125], [-123.13133, 47.33503, -24217.109375], [-123.14381, 47.33221, -23817.642578125], [-123.13984, 47.32862, -24693.42578125]]], [[[-123.13021, 47.38684, -15268.984375], [-123.11853, 47.38941, -15684.0517578125], [-123.12252, 47.393, -14810.310546875], [-123.13021, 47.38684, -15268.984375]]], [[[-123.11463, 47.33405, -25475.67578125], [-123.12338, 47.32784, -25967.857421875], [-123.11065, 47.33046, -26351.150390625], [-123.11463, 47.33405, -25475.67578125]]], [[[-123.0313, 47.35302, -28383.294921875], [-123.02251, 47.35812, -28993.587890625], [-123.0265, 47.36172, -28120.349609375], [-123.0313, 47.35302, -28383.294921875]]], [[[-123.12623, 47.38322, -16147.3310546875], [-123.11853, 47.38941, -15684.0517578125], [-123.13021, 47.38684, -15268.984375], [-123.12623, 47.38322, -16147.3310546875]]], [[[-123.12161, 47.35447, -21468.525390625], [-123.13462, 47.35213, -21106.75390625], [-123.13062, 47.34851, -21980.314453125], [-123.12161, 47.35447, -21468.525390625]]], [[[-123.12623, 47.38322, -16147.3310546875], [-123.1147, 47.38576, -16559.001953125], [-123.11853, 47.38941, -15684.0517578125], [-123.12623, 47.38322, -16147.3310546875]]], [[[-123.14672, 47.36293, -18486.078125], [-123.15919, 47.36018, -18089.478515625], [-123.15521, 47.35659, -18964.8515625], [-123.14672, 47.36293, -18486.078125]]], [[[-123.12272, 47.37928, -17047.33984375], [-123.1147, 47.38576, -16559.001953125], [-123.12623, 47.38322, -16147.3310546875], [-123.12272, 47.37928, -17047.33984375]]], [[[-123.09774, 47.34571, -24474.26953125], [-123.10326, 47.34841, -23635.900390625], [-123.11016, 47.34332, -24122.61328125], [-123.09774, 47.34571, -24474.26953125]]], [[[-123.12272, 47.37928, -17047.33984375], [-123.1107, 47.38217, -17432.771484375], [-123.1147, 47.38576, -16559.001953125], [-123.12272, 47.37928, -17047.33984375]]], [[[-123.10326, 47.34841, -23635.900390625], [-123.09086, 47.35089, -23994.072265625], [-123.09535, 47.35409, -23147.87890625], [-123.10326, 47.34841, -23635.900390625]]], [[[-123.11922, 47.37561, -17903.466796875], [-123.1107, 47.38217, -17432.771484375], [-123.12272, 47.37928, -17047.33984375], [-123.11922, 47.37561, -17903.466796875]]], [[[-123.09364, 47.32916, -27585.14453125], [-123.10668, 47.32686, -27226.625], [-123.1027, 47.32327, -28102.1015625], [-123.09364, 47.32916, -27585.14453125]]], [[[-123.11922, 47.37561, -17903.466796875], [-123.1067, 47.37858, -18306.541015625], [-123.1107, 47.38217, -17432.771484375], [-123.11922, 47.37561, -17903.466796875]]], [[[-123.12617, 47.35777, -20628.724609375], [-123.13462, 47.35213, -21106.75390625], [-123.12161, 47.35447, -21468.525390625], [-123.12617, 47.35777, -20628.724609375]]], [[[-123.02251, 47.35812, -28993.587890625], [-123.01494, 47.36356, -29653.517578125], [-123.01894, 47.36716, -28780.51953125], [-123.02251, 47.35812, -28993.587890625]]], [[[-123.11523, 47.37203, -18776.634765625], [-123.1067, 47.37858, -18306.541015625], [-123.11922, 47.37561, -17903.466796875], [-123.11523, 47.37203, -18776.634765625]]], [[[-123.13984, 47.32862, -24693.42578125], [-123.14381, 47.33221, -23817.642578125], [-123.15233, 47.32591, -24299.783203125], [-123.13984, 47.32862, -24693.42578125]]], [[[-123.11523, 47.37203, -18776.634765625], [-123.1027, 47.375, -19180.314453125], [-123.1067, 47.37858, -18306.541015625], [-123.11523, 47.37203, -18776.634765625]]], [[[-123.1307, 47.36131, -19744.091796875], [-123.1387, 47.3557, -20234.283203125], [-123.12617, 47.35777, -20628.724609375], [-123.1307, 47.36131, -19744.091796875]]], [[[-123.11124, 47.36846, -19649.486328125], [-123.1027, 47.375, -19180.314453125], [-123.11523, 47.37203, -18776.634765625], [-123.11124, 47.36846, -19649.486328125]]], [[[-123.15233, 47.32591, -24299.783203125], [-123.16152, 47.32059, -24849.142578125], [-123.14834, 47.32231, -25174.185546875], [-123.15233, 47.32591, -24299.783203125]]], [[[-123.11124, 47.36846, -19649.486328125], [-123.09871, 47.37141, -20054.08984375], [-123.1027, 47.375, -19180.314453125], [-123.11124, 47.36846, -19649.486328125]]], [[[-123.09877, 47.35781, -22291.453125], [-123.10726, 47.35207, -22755.083984375], [-123.09535, 47.35409, -23147.87890625], [-123.09877, 47.35781, -22291.453125]]], [[[-123.10681, 47.36522, -20497.08984375], [-123.09871, 47.37141, -20054.08984375], [-123.11124, 47.36846, -19649.486328125], [-123.10681, 47.36522, -20497.08984375]]], [[[-123.09365, 47.34217, -25342.255859375], [-123.10163, 47.33639, -25837.560546875], [-123.08966, 47.33855, -26215.125], [-123.09365, 47.34217, -25342.255859375]]], [[[-123.10681, 47.36522, -20497.08984375], [-123.09471, 47.36783, -20927.86328125], [-123.09871, 47.37141, -20054.08984375], [-123.10681, 47.36522, -20497.08984375]]], [[[-123.12395, 47.31427, -28196.546875], [-123.12792, 47.31786, -27320.763671875], [-123.13638, 47.31148, -27797.40234375], [-123.12395, 47.31427, -28196.546875]]], [[[-123.09471, 47.36783, -20927.86328125], [-123.10681, 47.36522, -20497.08984375], [-123.10238, 47.3617, -21392.064453125], [-123.09471, 47.36783, -20927.86328125]]], [[[-123.11812, 47.35081, -22327.404296875], [-123.12662, 47.34489, -22853.873046875], [-123.1146, 47.34691, -23231.986328125], [-123.11812, 47.35081, -22327.404296875]]], [[[-123.09471, 47.36783, -20927.86328125], [-123.10238, 47.3617, -21392.064453125], [-123.09072, 47.36424, -21801.63671875], [-123.09471, 47.36783, -20927.86328125]]], [[[-123.15123, 47.35299, -19840.248046875], [-123.16368, 47.35015, -19438.755859375], [-123.15971, 47.34656, -20314.533203125], [-123.15123, 47.35299, -19840.248046875]]], [[[-123.09471, 47.36783, -20927.86328125], [-123.09072, 47.36424, -21801.63671875], [-123.08206, 47.37059, -21318.353515625], [-123.09471, 47.36783, -20927.86328125]]], [[[-123.14725, 47.3494, -20715.62109375], [-123.15971, 47.34656, -20314.533203125], [-123.15573, 47.34298, -21190.310546875], [-123.14725, 47.3494, -20715.62109375]]], [[[-123.09471, 47.36783, -20927.86328125], [-123.08206, 47.37059, -21318.353515625], [-123.08606, 47.37418, -20444.9140625], [-123.09471, 47.36783, -20927.86328125]]], [[[-123.12792, 47.31786, -27320.763671875], [-123.14037, 47.31509, -26922.9921875], [-123.13638, 47.31148, -27797.40234375], [-123.12792, 47.31786, -27320.763671875]]], [[[-123.09471, 47.36783, -20927.86328125], [-123.08606, 47.37418, -20444.9140625], [-123.09871, 47.37141, -20054.08984375], [-123.09471, 47.36783, -20927.86328125]]], [[[-123.16368, 47.35015, -19438.755859375], [-123.17628, 47.34755, -19053.36328125], [-123.17229, 47.34395, -19927.767578125], [-123.16368, 47.35015, -19438.755859375]]], [[[-123.09006, 47.37778, -19571.470703125], [-123.09871, 47.37141, -20054.08984375], [-123.08606, 47.37418, -20444.9140625], [-123.09006, 47.37778, -19571.470703125]]], [[[-123.10562, 47.34001, -24963.763671875], [-123.11862, 47.33765, -24601.009765625], [-123.11463, 47.33405, -25475.67578125], [-123.10562, 47.34001, -24963.763671875]]], [[[-123.09006, 47.37778, -19571.470703125], [-123.1027, 47.375, -19180.314453125], [-123.09871, 47.37141, -20054.08984375], [-123.09006, 47.37778, -19571.470703125]]], [[[-123.12338, 47.32784, -25967.857421875], [-123.13189, 47.32145, -26444.98046875], [-123.1194, 47.32424, -26843.234375], [-123.12338, 47.32784, -25967.857421875]]], [[[-123.1027, 47.375, -19180.314453125], [-123.09006, 47.37778, -19571.470703125], [-123.09406, 47.38137, -18698.029296875], [-123.1027, 47.375, -19180.314453125]]], [[[-123.1456, 47.30621, -28350.017578125], [-123.15853, 47.30418, -28002.1796875], [-123.15454, 47.30057, -28876.59765625], [-123.1456, 47.30621, -28350.017578125]]], [[[-123.1067, 47.37858, -18306.541015625], [-123.1027, 47.375, -19180.314453125], [-123.09406, 47.38137, -18698.029296875], [-123.1067, 47.37858, -18306.541015625]]], [[[-123.10726, 47.35207, -22755.083984375], [-123.11812, 47.35081, -22327.404296875], [-123.1146, 47.34691, -23231.986328125], [-123.10726, 47.35207, -22755.083984375]]], [[[-123.1067, 47.37858, -18306.541015625], [-123.09406, 47.38137, -18698.029296875], [-123.09806, 47.38496, -17824.591796875], [-123.1067, 47.37858, -18306.541015625]]], [[[-123.13862, 47.36861, -17986.53515625], [-123.14672, 47.36293, -18486.078125], [-123.13471, 47.36494, -18866.6171875], [-123.13862, 47.36861, -17986.53515625]]], [[[-123.1107, 47.38217, -17432.771484375], [-123.1067, 47.37858, -18306.541015625], [-123.09806, 47.38496, -17824.591796875], [-123.1107, 47.38217, -17432.771484375]]], [[[-123.14672, 47.36293, -18486.078125], [-123.13862, 47.36861, -17986.53515625], [-123.15063, 47.3666, -17612.443359375], [-123.14672, 47.36293, -18486.078125]]], [[[-123.1107, 47.38217, -17432.771484375], [-123.09806, 47.38496, -17824.591796875], [-123.10206, 47.38855, -16951.154296875], [-123.1107, 47.38217, -17432.771484375]]], [[[-123.10726, 47.35207, -22755.083984375], [-123.10326, 47.34841, -23635.900390625], [-123.09535, 47.35409, -23147.87890625], [-123.10726, 47.35207, -22755.083984375]]], [[[-123.1147, 47.38576, -16559.001953125], [-123.1107, 47.38217, -17432.771484375], [-123.10206, 47.38855, -16951.154296875], [-123.1147, 47.38576, -16559.001953125]]], [[[-123.10326, 47.34841, -23635.900390625], [-123.09774, 47.34571, -24474.26953125], [-123.09086, 47.35089, -23994.072265625], [-123.10326, 47.34841, -23635.900390625]]], [[[-123.0313, 47.35302, -28383.294921875], [-123.0265, 47.36172, -28120.349609375], [-123.0353, 47.35663, -27510.759765625], [-123.0313, 47.35302, -28383.294921875]]], [[[-123.1147, 47.38576, -16559.001953125], [-123.10206, 47.38855, -16951.154296875], [-123.10606, 47.39214, -16077.7177734375], [-123.1147, 47.38576, -16559.001953125]]], [[[-123.09365, 47.34217, -25342.255859375], [-123.09774, 47.34571, -24474.26953125], [-123.10562, 47.34001, -24963.763671875], [-123.09365, 47.34217, -25342.255859375]]], [[[-123.11853, 47.38941, -15684.0517578125], [-123.1147, 47.38576, -16559.001953125], [-123.10606, 47.39214, -16077.7177734375], [-123.11853, 47.38941, -15684.0517578125]]], [[[-123.08478, 47.32205, -29350.66015625], [-123.09873, 47.31968, -28977.587890625], [-123.09473, 47.31607, -29856.6875], [-123.08478, 47.32205, -29350.66015625]]], [[[-123.11853, 47.38941, -15684.0517578125], [-123.10606, 47.39214, -16077.7177734375], [-123.11007, 47.39573, -15204.28125], [-123.11853, 47.38941, -15684.0517578125]]], [[[-123.13062, 47.34851, -21980.314453125], [-123.13462, 47.35213, -21106.75390625], [-123.14327, 47.34581, -21590.9921875], [-123.13062, 47.34851, -21980.314453125]]], [[[-123.12252, 47.393, -14810.310546875], [-123.11853, 47.38941, -15684.0517578125], [-123.11007, 47.39573, -15204.28125], [-123.12252, 47.393, -14810.310546875]]], [[[-123.14435, 47.3187, -26048.587890625], [-123.15754, 47.317, -25724.361328125], [-123.15356, 47.3134, -26599.580078125], [-123.14435, 47.3187, -26048.587890625]]], [[[-123.0265, 47.36172, -28120.349609375], [-123.01894, 47.36716, -28780.51953125], [-123.02293, 47.37076, -27907.5234375], [-123.0265, 47.36172, -28120.349609375]]], [[[-123.12252, 47.393, -14810.310546875], [-123.11007, 47.39573, -15204.28125], [-123.11407, 47.39932, -14330.8447265625], [-123.12252, 47.393, -14810.310546875]]], [[[-123.10326, 47.34841, -23635.900390625], [-123.1146, 47.34691, -23231.986328125], [-123.11016, 47.34332, -24122.61328125], [-123.10326, 47.34841, -23635.900390625]]], [[[-123.12652, 47.39658, -13936.5302734375], [-123.12252, 47.393, -14810.310546875], [-123.11407, 47.39932, -14330.8447265625], [-123.12652, 47.39658, -13936.5302734375]]], [[[-123.09364, 47.32916, -27585.14453125], [-123.1027, 47.32327, -28102.1015625], [-123.08964, 47.32555, -28458.947265625], [-123.09364, 47.32916, -27585.14453125]]], [[[-123.12652, 47.39658, -13936.5302734375], [-123.11407, 47.39932, -14330.8447265625], [-123.11807, 47.40291, -13457.4091796875], [-123.12652, 47.39658, -13936.5302734375]]], [[[-123.11812, 47.35081, -22327.404296875], [-123.13062, 47.34851, -21980.314453125], [-123.12662, 47.34489, -22853.873046875], [-123.11812, 47.35081, -22327.404296875]]], [[[-123.13052, 47.40017, -13062.7529296875], [-123.11807, 47.40291, -13457.4091796875], [-123.12208, 47.4065, -12583.9736328125], [-123.13052, 47.40017, -13062.7529296875]]], [[[-123.1387, 47.3557, -20234.283203125], [-123.15123, 47.35299, -19840.248046875], [-123.14725, 47.3494, -20715.62109375], [-123.1387, 47.3557, -20234.283203125]]], [[[-123.13452, 47.40376, -12188.98046875], [-123.12208, 47.4065, -12583.9736328125], [-123.12608, 47.41009, -11710.537109375], [-123.13452, 47.40376, -12188.98046875]]], [[[-123.13638, 47.31148, -27797.40234375], [-123.14958, 47.30981, -27474.798828125], [-123.1456, 47.30621, -28350.017578125], [-123.13638, 47.31148, -27797.40234375]]], [[[-123.13853, 47.40734, -11315.203125], [-123.13452, 47.40376, -12188.98046875], [-123.12608, 47.41009, -11710.537109375], [-123.13853, 47.40734, -11315.203125]]], [[[-123.13069, 47.42828, -8693.078125], [-123.11961, 47.43228, -9187.505859375], [-123.12363, 47.43588, -8314.9697265625], [-123.13069, 47.42828, -8693.078125]]], [[[-123.09406, 47.38137, -18698.029296875], [-123.08652, 47.38868, -18292.5859375], [-123.09806, 47.38496, -17824.591796875], [-123.09406, 47.38137, -18698.029296875]]], [[[-123.09774, 47.34571, -24474.26953125], [-123.09365, 47.34217, -25342.255859375], [-123.08635, 47.34743, -24884.19140625], [-123.09774, 47.34571, -24474.26953125]]], [[[-123.13853, 47.40734, -11315.203125], [-123.12608, 47.41009, -11710.537109375], [-123.13009, 47.41368, -10837.1005859375], [-123.13853, 47.40734, -11315.203125]]], [[[-123.10974, 47.3565, -21863.103515625], [-123.11373, 47.36016, -20983.8359375], [-123.12161, 47.35447, -21468.525390625], [-123.10974, 47.3565, -21863.103515625]]], [[[-123.02328, 47.34582, -30128.3671875], [-123.01851, 47.35452, -29866.828125], [-123.02729, 47.34942, -29255.83203125], [-123.02328, 47.34582, -30128.3671875]]], [[[-123.14253, 47.41093, -10441.423828125], [-123.13009, 47.41368, -10837.1005859375], [-123.13409, 47.41727, -9963.6650390625], [-123.14253, 47.41093, -10441.423828125]]], [[[-123.09806, 47.38496, -17824.591796875], [-123.09053, 47.39228, -17419.90234375], [-123.10206, 47.38855, -16951.154296875], [-123.09806, 47.38496, -17824.591796875]]], [[[-123.14258, 47.28975, -31499.8515625], [-123.14657, 47.29336, -30625.43359375], [-123.15531, 47.28749, -31135.36328125], [-123.14258, 47.28975, -31499.8515625]]], [[[-123.14653, 47.41451, -9567.6513671875], [-123.13409, 47.41727, -9963.6650390625], [-123.1381, 47.42086, -9090.2294921875], [-123.14653, 47.41451, -9567.6513671875]]], [[[-123.1194, 47.32424, -26843.234375], [-123.12792, 47.31786, -27320.763671875], [-123.11543, 47.32065, -27718.908203125], [-123.1194, 47.32424, -26843.234375]]], [[[-123.15053, 47.4181, -8693.841796875], [-123.1381, 47.42086, -9090.2294921875], [-123.14211, 47.42445, -8216.7880859375], [-123.15053, 47.4181, -8693.841796875]]], [[[-123.11407, 47.39932, -14330.8447265625], [-123.10659, 47.40668, -13929.1728515625], [-123.11807, 47.40291, -13457.4091796875], [-123.11407, 47.39932, -14330.8447265625]]], [[[-123.08747, 47.40347, -16167.7919921875], [-123.07845, 47.40848, -16768.228515625], [-123.08245, 47.41208, -15894.98828125], [-123.08747, 47.40347, -16167.7919921875]]], [[[-123.08564, 47.33493, -27090.76953125], [-123.08966, 47.33855, -26215.125], [-123.09763, 47.33278, -26711.3515625], [-123.08564, 47.33493, -27090.76953125]]], [[[-123.15454, 47.42168, -7819.34716796875], [-123.14211, 47.42445, -8216.7880859375], [-123.14612, 47.42804, -7343.3427734375], [-123.15454, 47.42168, -7819.34716796875]]], [[[-123.13069, 47.42828, -8693.078125], [-123.12667, 47.42468, -9565.7607421875], [-123.11961, 47.43228, -9187.505859375], [-123.13069, 47.42828, -8693.078125]]], [[[-123.08251, 47.38508, -19165.26953125], [-123.07141, 47.38906, -19657.93359375], [-123.07542, 47.39266, -18785.396484375], [-123.08251, 47.38508, -19165.26953125]]], [[[-123.10163, 47.33639, -25837.560546875], [-123.09365, 47.34217, -25342.255859375], [-123.10562, 47.34001, -24963.763671875], [-123.10163, 47.33639, -25837.560546875]]], [[[-123.14211, 47.42445, -8216.7880859375], [-123.13471, 47.43188, -7820.390625], [-123.14612, 47.42804, -7343.3427734375], [-123.14211, 47.42445, -8216.7880859375]]], [[[-123.16031, 47.33313, -22550.9765625], [-123.17347, 47.33138, -22223.486328125], [-123.16949, 47.32778, -23098.705078125], [-123.16031, 47.33313, -22550.9765625]]], [[[-123.13471, 47.43188, -7820.390625], [-123.13069, 47.42828, -8693.078125], [-123.12363, 47.43588, -8314.9697265625], [-123.13471, 47.43188, -7820.390625]]], [[[-123.14778, 47.3358, -22941.865234375], [-123.15176, 47.33939, -22066.087890625], [-123.16031, 47.33313, -22550.9765625], [-123.14778, 47.3358, -22941.865234375]]], [[[-123.13471, 47.43188, -7820.390625], [-123.12765, 47.43948, -7442.43359375], [-123.13873, 47.43547, -6947.705078125], [-123.13471, 47.43188, -7820.390625]]], [[[-123.14612, 47.42804, -7343.3427734375], [-123.13471, 47.43188, -7820.390625], [-123.13873, 47.43547, -6947.705078125], [-123.14612, 47.42804, -7343.3427734375]]], [[[-123.10668, 47.32686, -27226.625], [-123.11065, 47.33046, -26351.150390625], [-123.1194, 47.32424, -26843.234375], [-123.10668, 47.32686, -27226.625]]], [[[-123.12363, 47.43588, -8314.9697265625], [-123.11848, 47.44444, -8035.8310546875], [-123.12765, 47.43948, -7442.43359375], [-123.12363, 47.43588, -8314.9697265625]]], [[[-123.16551, 47.32419, -23973.923828125], [-123.17848, 47.32221, -23630.087890625], [-123.17449, 47.3186, -24504.505859375], [-123.16551, 47.32419, -23973.923828125]]], [[[-123.12363, 47.43588, -8314.9697265625], [-123.11448, 47.44085, -8909.0712890625], [-123.11848, 47.44444, -8035.8310546875], [-123.12363, 47.43588, -8314.9697265625]]], [[[-123.17746, 47.33497, -21348.267578125], [-123.18144, 47.33856, -20473.046875], [-123.19045, 47.33303, -21006.833984375], [-123.17746, 47.33497, -21348.267578125]]], [[[-123.11448, 47.44085, -8909.0712890625], [-123.11961, 47.43228, -9187.505859375], [-123.11047, 47.43725, -9782.310546875], [-123.11448, 47.44085, -8909.0712890625]]], [[[-123.12269, 47.34123, -23728.5], [-123.1146, 47.34691, -23231.986328125], [-123.12662, 47.34489, -22853.873046875], [-123.12269, 47.34123, -23728.5]]], [[[-123.11448, 47.44085, -8909.0712890625], [-123.10705, 47.44633, -9574.5703125], [-123.11106, 47.44993, -8701.572265625], [-123.11448, 47.44085, -8909.0712890625]]], [[[-123.15573, 47.34298, -21190.310546875], [-123.1683, 47.34034, -20802.171875], [-123.1643, 47.33673, -21676.57421875], [-123.15573, 47.34298, -21190.310546875]]], [[[-123.11848, 47.44444, -8035.8310546875], [-123.11448, 47.44085, -8909.0712890625], [-123.11106, 47.44993, -8701.572265625], [-123.11848, 47.44444, -8035.8310546875]]], [[[-123.17746, 47.33497, -21348.267578125], [-123.1683, 47.34034, -20802.171875], [-123.18144, 47.33856, -20473.046875], [-123.17746, 47.33497, -21348.267578125]]], [[[-123.01927, 47.34221, -31000.90234375], [-123.01452, 47.35092, -30740.068359375], [-123.02328, 47.34582, -30128.3671875], [-123.01927, 47.34221, -31000.90234375]]], [[[-123.12765, 47.43948, -7442.43359375], [-123.11848, 47.44444, -8035.8310546875], [-123.12249, 47.44804, -7162.59130859375], [-123.12765, 47.43948, -7442.43359375]]], [[[-123.11463, 47.33405, -25475.67578125], [-123.12736, 47.33143, -25092.48828125], [-123.12338, 47.32784, -25967.857421875], [-123.11463, 47.33405, -25475.67578125]]], [[[-123.12249, 47.44804, -7162.59130859375], [-123.11908, 47.45712, -6955.57666015625], [-123.1265, 47.45163, -6289.3515625], [-123.12249, 47.44804, -7162.59130859375]]], [[[-123.0955, 47.41067, -14422.720703125], [-123.09046, 47.41927, -14148.5087890625], [-123.09952, 47.41427, -13550.185546875], [-123.0955, 47.41067, -14422.720703125]]], [[[-123.07498, 47.41755, -16558.55078125], [-123.07161, 47.42662, -16351.8076171875], [-123.07898, 47.42115, -15685.5537109375], [-123.07498, 47.41755, -16558.55078125]]], [[[-123.09148, 47.40707, -15295.255859375], [-123.08245, 47.41208, -15894.98828125], [-123.08646, 47.41568, -15021.7490234375], [-123.09148, 47.40707, -15295.255859375]]], [[[-123.08646, 47.41568, -15021.7490234375], [-123.08245, 47.41208, -15894.98828125], [-123.07898, 47.42115, -15685.5537109375], [-123.08646, 47.41568, -15021.7490234375]]], [[[-123.07943, 47.39626, -17912.861328125], [-123.07445, 47.40489, -17641.466796875], [-123.08345, 47.39987, -17040.326171875], [-123.07943, 47.39626, -17912.861328125]]], [[[-123.07943, 47.39626, -17912.861328125], [-123.09053, 47.39228, -17419.90234375], [-123.08652, 47.38868, -18292.5859375], [-123.07943, 47.39626, -17912.861328125]]], [[[-123.087, 47.42835, -13939.55859375], [-123.07964, 47.43382, -14606.4423828125], [-123.08366, 47.43742, -13733.759765625], [-123.087, 47.42835, -13939.55859375]]], [[[-123.10206, 47.38855, -16951.154296875], [-123.09053, 47.39228, -17419.90234375], [-123.09455, 47.39588, -16547.220703125], [-123.10206, 47.38855, -16951.154296875]]], [[[-123.08478, 47.32205, -29350.66015625], [-123.09473, 47.31607, -29856.6875], [-123.0815, 47.31848, -30181.7890625], [-123.08478, 47.32205, -29350.66015625]]], [[[-123.09806, 47.38496, -17824.591796875], [-123.08652, 47.38868, -18292.5859375], [-123.09053, 47.39228, -17419.90234375], [-123.09806, 47.38496, -17824.591796875]]], [[[-123.09774, 47.34571, -24474.26953125], [-123.11016, 47.34332, -24122.61328125], [-123.10562, 47.34001, -24963.763671875], [-123.09774, 47.34571, -24474.26953125]]], [[[-123.09406, 47.38137, -18698.029296875], [-123.08251, 47.38508, -19165.26953125], [-123.08652, 47.38868, -18292.5859375], [-123.09406, 47.38137, -18698.029296875]]], [[[-123.11016, 47.34332, -24122.61328125], [-123.11862, 47.33765, -24601.009765625], [-123.10562, 47.34001, -24963.763671875], [-123.11016, 47.34332, -24122.61328125]]], [[[-123.09006, 47.37778, -19571.470703125], [-123.08251, 47.38508, -19165.26953125], [-123.09406, 47.38137, -18698.029296875], [-123.09006, 47.37778, -19571.470703125]]], [[[-123.15176, 47.33939, -22066.087890625], [-123.15573, 47.34298, -21190.310546875], [-123.1643, 47.33673, -21676.57421875], [-123.15176, 47.33939, -22066.087890625]]], [[[-123.09006, 47.37778, -19571.470703125], [-123.0785, 47.38148, -20037.95703125], [-123.08251, 47.38508, -19165.26953125], [-123.09006, 47.37778, -19571.470703125]]], [[[-123.11559, 47.42868, -10060.0419921875], [-123.10647, 47.43366, -10655.55078125], [-123.11047, 47.43725, -9782.310546875], [-123.11559, 47.42868, -10060.0419921875]]], [[[-123.09006, 47.37778, -19571.470703125], [-123.08606, 47.37418, -20444.9140625], [-123.0785, 47.38148, -20037.95703125], [-123.09006, 47.37778, -19571.470703125]]], [[[-123.10668, 47.32686, -27226.625], [-123.1194, 47.32424, -26843.234375], [-123.11543, 47.32065, -27718.908203125], [-123.10668, 47.32686, -27226.625]]], [[[-123.08606, 47.37418, -20444.9140625], [-123.07449, 47.37788, -20910.642578125], [-123.0785, 47.38148, -20037.95703125], [-123.08606, 47.37418, -20444.9140625]]], [[[-123.13009, 47.41368, -10837.1005859375], [-123.12265, 47.42108, -10438.443359375], [-123.13409, 47.41727, -9963.6650390625], [-123.13009, 47.41368, -10837.1005859375]]], [[[-123.07449, 47.37788, -20910.642578125], [-123.08606, 47.37418, -20444.9140625], [-123.08206, 47.37059, -21318.353515625], [-123.07449, 47.37788, -20910.642578125]]], [[[-123.11559, 47.42868, -10060.0419921875], [-123.11047, 47.43725, -9782.310546875], [-123.11961, 47.43228, -9187.505859375], [-123.11559, 47.42868, -10060.0419921875]]], [[[-123.08206, 47.37059, -21318.353515625], [-123.07048, 47.37428, -21783.326171875], [-123.07449, 47.37788, -20910.642578125], [-123.08206, 47.37059, -21318.353515625]]], [[[-123.11864, 47.41748, -11311.1259765625], [-123.10755, 47.42148, -11805.1142578125], [-123.11157, 47.42508, -10932.578125], [-123.11864, 47.41748, -11311.1259765625]]], [[[-123.07806, 47.367, -22191.791015625], [-123.07048, 47.37428, -21783.326171875], [-123.08206, 47.37059, -21318.353515625], [-123.07806, 47.367, -22191.791015625]]], [[[-123.12667, 47.42468, -9565.7607421875], [-123.11559, 47.42868, -10060.0419921875], [-123.11961, 47.43228, -9187.505859375], [-123.12667, 47.42468, -9565.7607421875]]], [[[-123.07048, 47.37428, -21783.326171875], [-123.07806, 47.367, -22191.791015625], [-123.06647, 47.37068, -22656.009765625], [-123.07048, 47.37428, -21783.326171875]]], [[[-123.15814, 47.43881, -4723.0341796875], [-123.14677, 47.44267, -5202.34228515625], [-123.15079, 47.44627, -4329.65966796875], [-123.15814, 47.43881, -4723.0341796875]]], [[[-123.05937, 47.37825, -22275.54296875], [-123.07048, 47.37428, -21783.326171875], [-123.06647, 47.37068, -22656.009765625], [-123.05937, 47.37825, -22275.54296875]]], [[[-123.11047, 47.43725, -9782.310546875], [-123.10647, 47.43366, -10655.55078125], [-123.10304, 47.44274, -10447.568359375], [-123.11047, 47.43725, -9782.310546875]]], [[[-123.07048, 47.37428, -21783.326171875], [-123.05937, 47.37825, -22275.54296875], [-123.06338, 47.38185, -21403.0078125], [-123.07048, 47.37428, -21783.326171875]]], [[[-123.11007, 47.39573, -15204.28125], [-123.09856, 47.39948, -15674.5380859375], [-123.10258, 47.40308, -14801.8544921875], [-123.11007, 47.39573, -15204.28125]]], [[[-123.07449, 47.37788, -20910.642578125], [-123.07048, 47.37428, -21783.326171875], [-123.06338, 47.38185, -21403.0078125], [-123.07449, 47.37788, -20910.642578125]]], [[[-123.10659, 47.40668, -13929.1728515625], [-123.10258, 47.40308, -14801.8544921875], [-123.0955, 47.41067, -14422.720703125], [-123.10659, 47.40668, -13929.1728515625]]], [[[-123.07449, 47.37788, -20910.642578125], [-123.06338, 47.38185, -21403.0078125], [-123.06739, 47.38546, -20530.470703125], [-123.07449, 47.37788, -20910.642578125]]], [[[-123.1381, 47.42086, -9090.2294921875], [-123.13069, 47.42828, -8693.078125], [-123.14211, 47.42445, -8216.7880859375], [-123.1381, 47.42086, -9090.2294921875]]], [[[-123.07449, 47.37788, -20910.642578125], [-123.06739, 47.38546, -20530.470703125], [-123.0785, 47.38148, -20037.95703125], [-123.07449, 47.37788, -20910.642578125]]], [[[-123.12608, 47.41009, -11710.537109375], [-123.11462, 47.41388, -12183.8076171875], [-123.11864, 47.41748, -11311.1259765625], [-123.12608, 47.41009, -11710.537109375]]], [[[-123.05846, 47.3905, -21134.4296875], [-123.06739, 47.38546, -20530.470703125], [-123.06338, 47.38185, -21403.0078125], [-123.05846, 47.3905, -21134.4296875]]], [[[-123.12667, 47.42468, -9565.7607421875], [-123.12265, 47.42108, -10438.443359375], [-123.11559, 47.42868, -10060.0419921875], [-123.12667, 47.42468, -9565.7607421875]]], [[[-123.06739, 47.38546, -20530.470703125], [-123.05846, 47.3905, -21134.4296875], [-123.06246, 47.3941, -20261.1875], [-123.06739, 47.38546, -20530.470703125]]], [[[-123.13852, 47.46242, -3669.631591796875], [-123.13112, 47.46791, -4336.5830078125], [-123.13514, 47.47151, -3463.584716796875], [-123.13852, 47.46242, -3669.631591796875]]], [[[-123.05846, 47.3905, -21134.4296875], [-123.05495, 47.39956, -20923.5390625], [-123.06246, 47.3941, -20261.1875], [-123.05846, 47.3905, -21134.4296875]]], [[[-123.05846, 47.3905, -21134.4296875], [-123.05095, 47.39596, -21796.537109375], [-123.05495, 47.39956, -20923.5390625], [-123.05846, 47.3905, -21134.4296875]]], [[[-123.06296, 47.40676, -19177.544921875], [-123.05957, 47.41582, -18969.85546875], [-123.06696, 47.41035, -18304.546875], [-123.06296, 47.40676, -19177.544921875]]], [[[-123.05846, 47.3905, -21134.4296875], [-123.05446, 47.3869, -22007.66796875], [-123.05095, 47.39596, -21796.537109375], [-123.05846, 47.3905, -21134.4296875]]], [[[-123.05846, 47.3905, -21134.4296875], [-123.06338, 47.38185, -21403.0078125], [-123.05446, 47.3869, -22007.66796875], [-123.05846, 47.3905, -21134.4296875]]], [[[-123.13451, 47.45882, -4542.87158203125], [-123.12711, 47.46432, -5209.5810546875], [-123.13112, 47.46791, -4336.5830078125], [-123.13451, 47.45882, -4542.87158203125]]], [[[-123.05937, 47.37825, -22275.54296875], [-123.05446, 47.3869, -22007.66796875], [-123.06338, 47.38185, -21403.0078125], [-123.05937, 47.37825, -22275.54296875]]], [[[-123.17366, 47.42746, -5497.8544921875], [-123.17023, 47.42295, -6477.7939453125], [-123.16317, 47.42933, -5949.49365234375], [-123.17366, 47.42746, -5497.8544921875]]], [[[-123.05446, 47.3869, -22007.66796875], [-123.05937, 47.37825, -22275.54296875], [-123.05047, 47.3833, -22880.908203125], [-123.05446, 47.3869, -22007.66796875]]], [[[-123.11061, 47.41028, -13056.490234375], [-123.10659, 47.40668, -13929.1728515625], [-123.09952, 47.41427, -13550.185546875], [-123.11061, 47.41028, -13056.490234375]]], [[[-123.05446, 47.3869, -22007.66796875], [-123.05047, 47.3833, -22880.908203125], [-123.04694, 47.39236, -22669.53515625], [-123.05446, 47.3869, -22007.66796875]]], [[[-123.11061, 47.41028, -13056.490234375], [-123.09952, 47.41427, -13550.185546875], [-123.10353, 47.41788, -12677.650390625], [-123.11061, 47.41028, -13056.490234375]]], [[[-123.05446, 47.3869, -22007.66796875], [-123.04694, 47.39236, -22669.53515625], [-123.05095, 47.39596, -21796.537109375], [-123.05446, 47.3869, -22007.66796875]]], [[[-123.11462, 47.41388, -12183.8076171875], [-123.10353, 47.41788, -12677.650390625], [-123.10755, 47.42148, -11805.1142578125], [-123.11462, 47.41388, -12183.8076171875]]], [[[-123.04694, 47.39236, -22669.53515625], [-123.04351, 47.40141, -22460.587890625], [-123.05095, 47.39596, -21796.537109375], [-123.04694, 47.39236, -22669.53515625]]], [[[-123.09903, 47.43914, -11320.56640625], [-123.09169, 47.44462, -11988.39453125], [-123.09571, 47.44822, -11115.7119140625], [-123.09903, 47.43914, -11320.56640625]]], [[[-123.04694, 47.39236, -22669.53515625], [-123.0395, 47.39781, -23333.26953125], [-123.04351, 47.40141, -22460.587890625], [-123.04694, 47.39236, -22669.53515625]]], [[[-123.17108, 47.43346, -4722.73388671875], [-123.1842, 47.42557, -5159.57421875], [-123.17366, 47.42746, -5497.8544921875], [-123.17108, 47.43346, -4722.73388671875]]], [[[-123.04294, 47.38876, -23542.533203125], [-123.0395, 47.39781, -23333.26953125], [-123.04694, 47.39236, -22669.53515625], [-123.04294, 47.38876, -23542.533203125]]], [[[-123.11407, 47.39932, -14330.8447265625], [-123.10258, 47.40308, -14801.8544921875], [-123.10659, 47.40668, -13929.1728515625], [-123.11407, 47.39932, -14330.8447265625]]], [[[-123.04294, 47.38876, -23542.533203125], [-123.03549, 47.39421, -24205.953125], [-123.0395, 47.39781, -23333.26953125], [-123.04294, 47.38876, -23542.533203125]]], [[[-123.13409, 47.41727, -9963.6650390625], [-123.12265, 47.42108, -10438.443359375], [-123.12667, 47.42468, -9565.7607421875], [-123.13409, 47.41727, -9963.6650390625]]], [[[-123.03894, 47.38516, -24415.53125], [-123.03549, 47.39421, -24205.953125], [-123.04294, 47.38876, -23542.533203125], [-123.03894, 47.38516, -24415.53125]]], [[[-123.17023, 47.42295, -6477.7939453125], [-123.15863, 47.42531, -6933.40673828125], [-123.16317, 47.42933, -5949.49365234375], [-123.17023, 47.42295, -6477.7939453125]]], [[[-123.03894, 47.38516, -24415.53125], [-123.03148, 47.39061, -25078.634765625], [-123.03549, 47.39421, -24205.953125], [-123.03894, 47.38516, -24415.53125]]], [[[-123.11807, 47.40291, -13457.4091796875], [-123.10659, 47.40668, -13929.1728515625], [-123.11061, 47.41028, -13056.490234375], [-123.11807, 47.40291, -13457.4091796875]]], [[[-123.03894, 47.38516, -24415.53125], [-123.03494, 47.38156, -25288.529296875], [-123.03148, 47.39061, -25078.634765625], [-123.03894, 47.38516, -24415.53125]]], [[[-123.04247, 47.37611, -24627.388671875], [-123.03494, 47.38156, -25288.529296875], [-123.03894, 47.38516, -24415.53125], [-123.04247, 47.37611, -24627.388671875]]], [[[-123.1623, 47.44216, -3872.9296875], [-123.16921, 47.44513, -2892.25244140625], [-123.17256, 47.43858, -3762.25146484375], [-123.1623, 47.44216, -3872.9296875]]], [[[-123.04247, 47.37611, -24627.388671875], [-123.03848, 47.37251, -25500.62890625], [-123.03494, 47.38156, -25288.529296875], [-123.04247, 47.37611, -24627.388671875]]], [[[-123.10606, 47.39214, -16077.7177734375], [-123.09455, 47.39588, -16547.220703125], [-123.09856, 47.39948, -15674.5380859375], [-123.10606, 47.39214, -16077.7177734375]]], [[[-123.04247, 47.37611, -24627.388671875], [-123.04733, 47.36744, -24893.150390625], [-123.03848, 47.37251, -25500.62890625], [-123.04247, 47.37611, -24627.388671875]]], [[[-123.11462, 47.41388, -12183.8076171875], [-123.11061, 47.41028, -13056.490234375], [-123.10353, 47.41788, -12677.650390625], [-123.11462, 47.41388, -12183.8076171875]]], [[[-123.05134, 47.37104, -24020.615234375], [-123.04733, 47.36744, -24893.150390625], [-123.04247, 47.37611, -24627.388671875], [-123.05134, 47.37104, -24020.615234375]]], [[[-123.13409, 47.41727, -9963.6650390625], [-123.12667, 47.42468, -9565.7607421875], [-123.1381, 47.42086, -9090.2294921875], [-123.13409, 47.41727, -9963.6650390625]]], [[[-123.05134, 47.37104, -24020.615234375], [-123.05845, 47.36347, -24401.376953125], [-123.04733, 47.36744, -24893.150390625], [-123.05134, 47.37104, -24020.615234375]]], [[[-123.11047, 47.43725, -9782.310546875], [-123.10304, 47.44274, -10447.568359375], [-123.10705, 47.44633, -9574.5703125], [-123.11047, 47.43725, -9782.310546875]]], [[[-123.05845, 47.36347, -24401.376953125], [-123.05134, 47.37104, -24020.615234375], [-123.06246, 47.36707, -23528.693359375], [-123.05845, 47.36347, -24401.376953125]]], [[[-123.11157, 47.42508, -10932.578125], [-123.10647, 47.43366, -10655.55078125], [-123.11559, 47.42868, -10060.0419921875], [-123.11157, 47.42508, -10932.578125]]], [[[-123.07007, 47.35982, -23938.66796875], [-123.05845, 47.36347, -24401.376953125], [-123.06246, 47.36707, -23528.693359375], [-123.07007, 47.35982, -23938.66796875]]], [[[-123.19036, 47.44079, -2114.626220703125], [-123.189, 47.44683, -1242.876953125], [-123.19892, 47.44251, -1252.3665771484375], [-123.19036, 47.44079, -2114.626220703125]]], [[[-123.05845, 47.36347, -24401.376953125], [-123.07007, 47.35982, -23938.66796875], [-123.06607, 47.35622, -24812.10546875], [-123.05845, 47.36347, -24401.376953125]]], [[[-123.07097, 47.41395, -17431.548828125], [-123.06759, 47.42302, -17224.490234375], [-123.07498, 47.41755, -16558.55078125], [-123.07097, 47.41395, -17431.548828125]]], [[[-123.06607, 47.35622, -24812.10546875], [-123.05444, 47.35987, -25274.060546875], [-123.05845, 47.36347, -24401.376953125], [-123.06607, 47.35622, -24812.10546875]]], [[[-123.16942, 47.45052, -2039.8660888671875], [-123.17781, 47.45148, -1245.5047607421875], [-123.1802, 47.44554, -2077.9033203125], [-123.16942, 47.45052, -2039.8660888671875]]], [[[-123.06207, 47.35263, -25685.54296875], [-123.05444, 47.35987, -25274.060546875], [-123.06607, 47.35622, -24812.10546875], [-123.06207, 47.35263, -25685.54296875]]], [[[-123.189, 47.44683, -1242.876953125], [-123.17781, 47.45148, -1245.5047607421875], [-123.18696, 47.45267, -425.151611328125], [-123.189, 47.44683, -1242.876953125]]], [[[-123.05444, 47.35987, -25274.060546875], [-123.06207, 47.35263, -25685.54296875], [-123.05043, 47.35627, -26146.744140625], [-123.05444, 47.35987, -25274.060546875]]], [[[-123.1802, 47.44554, -2077.9033203125], [-123.189, 47.44683, -1242.876953125], [-123.19036, 47.44079, -2114.626220703125], [-123.1802, 47.44554, -2077.9033203125]]], [[[-123.05444, 47.35987, -25274.060546875], [-123.05043, 47.35627, -26146.744140625], [-123.04332, 47.36384, -25765.6875], [-123.05444, 47.35987, -25274.060546875]]], [[[-123.13009, 47.41368, -10837.1005859375], [-123.11864, 47.41748, -11311.1259765625], [-123.12265, 47.42108, -10438.443359375], [-123.13009, 47.41368, -10837.1005859375]]], [[[-123.05444, 47.35987, -25274.060546875], [-123.04332, 47.36384, -25765.6875], [-123.04733, 47.36744, -24893.150390625], [-123.05444, 47.35987, -25274.060546875]]], [[[-123.12265, 47.42108, -10438.443359375], [-123.11157, 47.42508, -10932.578125], [-123.11559, 47.42868, -10060.0419921875], [-123.12265, 47.42108, -10438.443359375]]], [[[-123.05444, 47.35987, -25274.060546875], [-123.04733, 47.36744, -24893.150390625], [-123.05845, 47.36347, -24401.376953125], [-123.05444, 47.35987, -25274.060546875]]], [[[-123.10606, 47.39214, -16077.7177734375], [-123.09856, 47.39948, -15674.5380859375], [-123.11007, 47.39573, -15204.28125], [-123.10606, 47.39214, -16077.7177734375]]], [[[-123.04332, 47.36384, -25765.6875], [-123.03848, 47.37251, -25500.62890625], [-123.04733, 47.36744, -24893.150390625], [-123.04332, 47.36384, -25765.6875]]], [[[-123.14677, 47.44267, -5202.34228515625], [-123.1357, 47.44668, -5697.36328125], [-123.13972, 47.45028, -4824.82763671875], [-123.14677, 47.44267, -5202.34228515625]]], [[[-123.03848, 47.37251, -25500.62890625], [-123.04332, 47.36384, -25765.6875], [-123.03449, 47.36891, -26373.869140625], [-123.03848, 47.37251, -25500.62890625]]], [[[-123.10206, 47.38855, -16951.154296875], [-123.09455, 47.39588, -16547.220703125], [-123.10606, 47.39214, -16077.7177734375], [-123.10206, 47.38855, -16951.154296875]]], [[[-123.03848, 47.37251, -25500.62890625], [-123.03449, 47.36891, -26373.869140625], [-123.03094, 47.37796, -26161.52734375], [-123.03848, 47.37251, -25500.62890625]]], [[[-123.1357, 47.44668, -5697.36328125], [-123.14275, 47.43907, -6075.02392578125], [-123.13167, 47.44308, -6569.8984375], [-123.1357, 47.44668, -5697.36328125]]], [[[-123.03848, 47.37251, -25500.62890625], [-123.03094, 47.37796, -26161.52734375], [-123.03494, 47.38156, -25288.529296875], [-123.03848, 47.37251, -25500.62890625]]], [[[-123.11807, 47.40291, -13457.4091796875], [-123.11061, 47.41028, -13056.490234375], [-123.12208, 47.4065, -12583.9736328125], [-123.11807, 47.40291, -13457.4091796875]]], [[[-123.03094, 47.37796, -26161.52734375], [-123.02747, 47.387, -25951.318359375], [-123.03494, 47.38156, -25288.529296875], [-123.03094, 47.37796, -26161.52734375]]], [[[-123.16514, 47.45761, -1426.0479736328125], [-123.15553, 47.46551, -1283.61669921875], [-123.16458, 47.46416, -575.3386840820312], [-123.16514, 47.45761, -1426.0479736328125]]], [[[-123.03094, 47.37796, -26161.52734375], [-123.02346, 47.3834, -26824.0], [-123.02747, 47.387, -25951.318359375], [-123.03094, 47.37796, -26161.52734375]]], [[[-123.16921, 47.44513, -2892.25244140625], [-123.15556, 47.44966, -3417.51904296875], [-123.15957, 47.45342, -2522.93603515625], [-123.16921, 47.44513, -2892.25244140625]]], [[[-123.02693, 47.37436, -27034.525390625], [-123.02346, 47.3834, -26824.0], [-123.03094, 47.37796, -26161.52734375], [-123.02693, 47.37436, -27034.525390625]]], [[[-123.17781, 47.45148, -1245.5047607421875], [-123.16514, 47.45761, -1426.0479736328125], [-123.17518, 47.45761, -517.6728515625], [-123.17781, 47.45148, -1245.5047607421875]]], [[[-123.02693, 47.37436, -27034.525390625], [-123.01946, 47.3798, -27696.68359375], [-123.02346, 47.3834, -26824.0], [-123.02693, 47.37436, -27034.525390625]]], [[[-123.1802, 47.44554, -2077.9033203125], [-123.17781, 47.45148, -1245.5047607421875], [-123.189, 47.44683, -1242.876953125], [-123.1802, 47.44554, -2077.9033203125]]], [[[-123.02693, 47.37436, -27034.525390625], [-123.02293, 47.37076, -27907.5234375], [-123.01946, 47.3798, -27696.68359375], [-123.02693, 47.37436, -27034.525390625]]], [[[-123.1381, 47.42086, -9090.2294921875], [-123.12667, 47.42468, -9565.7607421875], [-123.13069, 47.42828, -8693.078125], [-123.1381, 47.42086, -9090.2294921875]]], [[[-123.03049, 47.36531, -27247.109375], [-123.02293, 47.37076, -27907.5234375], [-123.02693, 47.37436, -27034.525390625], [-123.03049, 47.36531, -27247.109375]]], [[[-123.12208, 47.4065, -12583.9736328125], [-123.11462, 47.41388, -12183.8076171875], [-123.12608, 47.41009, -11710.537109375], [-123.12208, 47.4065, -12583.9736328125]]], [[[-123.03049, 47.36531, -27247.109375], [-123.0265, 47.36172, -28120.349609375], [-123.02293, 47.37076, -27907.5234375], [-123.03049, 47.36531, -27247.109375]]], [[[-123.11543, 47.32065, -27718.908203125], [-123.12395, 47.31427, -28196.546875], [-123.11146, 47.31706, -28594.6015625], [-123.11543, 47.32065, -27718.908203125]]], [[[-123.0353, 47.35663, -27510.759765625], [-123.0265, 47.36172, -28120.349609375], [-123.03049, 47.36531, -27247.109375], [-123.0353, 47.35663, -27510.759765625]]], [[[-123.13462, 47.35213, -21106.75390625], [-123.14725, 47.3494, -20715.62109375], [-123.14327, 47.34581, -21590.9921875], [-123.13462, 47.35213, -21106.75390625]]], [[[-123.02729, 47.34942, -29255.83203125], [-123.01851, 47.35452, -29866.828125], [-123.02251, 47.35812, -28993.587890625], [-123.02729, 47.34942, -29255.83203125]]], [[[-123.1307, 47.36131, -19744.091796875], [-123.14272, 47.35931, -19359.697265625], [-123.1387, 47.3557, -20234.283203125], [-123.1307, 47.36131, -19744.091796875]]], [[[-123.02328, 47.34582, -30128.3671875], [-123.01452, 47.35092, -30740.068359375], [-123.01851, 47.35452, -29866.828125], [-123.02328, 47.34582, -30128.3671875]]], [[[-123.20935, 47.36372, -14346.505859375], [-123.21841, 47.35826, -14885.9072265625], [-123.20536, 47.36012, -15221.7265625], [-123.20935, 47.36372, -14346.505859375]]], [[[-123.01927, 47.34221, -31000.90234375], [-123.01053, 47.34732, -31613.30859375], [-123.01452, 47.35092, -30740.068359375], [-123.01927, 47.34221, -31000.90234375]]], [[[-123.20643, 47.34745, -17509.162109375], [-123.21042, 47.35105, -16634.7421875], [-123.21909, 47.34507, -17137.123046875], [-123.20643, 47.34745, -17509.162109375]]], [[[-123.01501, 47.33845, -31921.380859375], [-123.01053, 47.34732, -31613.30859375], [-123.01927, 47.34221, -31000.90234375], [-123.01501, 47.33845, -31921.380859375]]], [[[-123.21224, 47.38, -11183.7138671875], [-123.22531, 47.37809, -10845.6279296875], [-123.22132, 47.3745, -11720.84765625], [-123.21224, 47.38, -11183.7138671875]]], [[[-123.01501, 47.33845, -31921.380859375], [-123.00624, 47.34307, -32593.869140625], [-123.01053, 47.34732, -31613.30859375], [-123.01501, 47.33845, -31921.380859375]]], [[[-123.16252, 47.30778, -27127.76171875], [-123.17124, 47.30188, -27635.802734375], [-123.15853, 47.30418, -28002.1796875], [-123.16252, 47.30778, -27127.76171875]]], [[[-123.01501, 47.33845, -31921.380859375], [-123.01023, 47.33428, -32950.8984375], [-123.00624, 47.34307, -32593.869140625], [-123.01501, 47.33845, -31921.380859375]]], [[[-123.20137, 47.35653, -16096.9462890625], [-123.21442, 47.35466, -15760.3251953125], [-123.21042, 47.35105, -16634.7421875], [-123.20137, 47.35653, -16096.9462890625]]], [[[-123.0217, 47.33088, -32343.79296875], [-123.01023, 47.33428, -32950.8984375], [-123.01501, 47.33845, -31921.380859375], [-123.0217, 47.33088, -32343.79296875]]], [[[-123.01023, 47.33428, -32950.8984375], [-123.0217, 47.33088, -32343.79296875], [-123.01747, 47.32783, -33160.23046875], [-123.01023, 47.33428, -32950.8984375]]], [[[-123.17773, 47.40504, -9235.9677734375], [-123.18174, 47.40866, -8362.1416015625], [-123.19069, 47.40277, -8876.720703125], [-123.17773, 47.40504, -9235.9677734375]]], [[[-123.01023, 47.33428, -32950.8984375], [-123.01747, 47.32783, -33160.23046875], [-123.00869, 47.32839, -33897.66796875], [-123.01023, 47.33428, -32950.8984375]]], [[[-123.12272, 47.37928, -17047.33984375], [-123.1313, 47.37373, -17518.49609375], [-123.11922, 47.37561, -17903.466796875], [-123.12272, 47.37928, -17047.33984375]]], [[[-123.01023, 47.33428, -32950.8984375], [-123.00869, 47.32839, -33897.66796875], [-123.00179, 47.33742, -33742.79296875], [-123.01023, 47.33428, -32950.8984375]]], [[[-123.09877, 47.35781, -22291.453125], [-123.08672, 47.36065, -22675.41015625], [-123.09072, 47.36424, -21801.63671875], [-123.09877, 47.35781, -22291.453125]]], [[[-123.01023, 47.33428, -32950.8984375], [-123.00179, 47.33742, -33742.79296875], [-123.00624, 47.34307, -32593.869140625], [-123.01023, 47.33428, -32950.8984375]]], [[[-123.05536, 47.37465, -23148.080078125], [-123.06246, 47.36707, -23528.693359375], [-123.05134, 47.37104, -24020.615234375], [-123.05536, 47.37465, -23148.080078125]]], [[[-122.99901, 47.34855, -33182.7265625], [-123.00624, 47.34307, -32593.869140625], [-123.00179, 47.33742, -33742.79296875], [-122.99901, 47.34855, -33182.7265625]]], [[[-123.11922, 47.37561, -17903.466796875], [-123.12733, 47.37002, -18404.783203125], [-123.11523, 47.37203, -18776.634765625], [-123.11922, 47.37561, -17903.466796875]]], [[[-123.00624, 47.34307, -32593.869140625], [-122.99901, 47.34855, -33182.7265625], [-123.00294, 47.35276, -32272.51171875], [-123.00624, 47.34307, -32593.869140625]]], [[[-123.09877, 47.35781, -22291.453125], [-123.09072, 47.36424, -21801.63671875], [-123.10238, 47.3617, -21392.064453125], [-123.09877, 47.35781, -22291.453125]]], [[[-123.01053, 47.34732, -31613.30859375], [-123.00624, 47.34307, -32593.869140625], [-123.00294, 47.35276, -32272.51171875], [-123.01053, 47.34732, -31613.30859375]]], [[[-123.18247, 47.32581, -22755.669921875], [-123.19516, 47.32348, -22386.462890625], [-123.19117, 47.31988, -23261.353515625], [-123.18247, 47.32581, -22755.669921875]]], [[[-123.01053, 47.34732, -31613.30859375], [-123.00294, 47.35276, -32272.51171875], [-123.00694, 47.35636, -31399.513671875], [-123.01053, 47.34732, -31613.30859375]]], [[[-123.04294, 47.38876, -23542.533203125], [-123.04647, 47.37971, -23754.1484375], [-123.03894, 47.38516, -24415.53125], [-123.04294, 47.38876, -23542.533203125]]], [[[-123.01452, 47.35092, -30740.068359375], [-123.01053, 47.34732, -31613.30859375], [-123.00694, 47.35636, -31399.513671875], [-123.01452, 47.35092, -30740.068359375]]], [[[-123.16152, 47.32059, -24849.142578125], [-123.16551, 47.32419, -23973.923828125], [-123.17449, 47.3186, -24504.505859375], [-123.16152, 47.32059, -24849.142578125]]], [[[-123.01452, 47.35092, -30740.068359375], [-123.00694, 47.35636, -31399.513671875], [-123.01094, 47.35996, -30526.515625], [-123.01452, 47.35092, -30740.068359375]]], [[[-123.06666, 47.34275, -27044.0703125], [-123.06268, 47.33913, -27922.55078125], [-123.05408, 47.34545, -27432.41796875], [-123.06666, 47.34275, -27044.0703125]]], [[[-123.01851, 47.35452, -29866.828125], [-123.01452, 47.35092, -30740.068359375], [-123.01094, 47.35996, -30526.515625], [-123.01851, 47.35452, -29866.828125]]], [[[-123.07837, 47.34025, -26635.841796875], [-123.06666, 47.34275, -27044.0703125], [-123.07058, 47.34637, -26169.38671875], [-123.07837, 47.34025, -26635.841796875]]], [[[-123.01494, 47.36356, -29653.517578125], [-123.02251, 47.35812, -28993.587890625], [-123.01851, 47.35452, -29866.828125], [-123.01494, 47.36356, -29653.517578125]]], [[[-123.07625, 47.31354, -31365.45703125], [-123.07157, 47.31955, -30590.095703125], [-123.0815, 47.31848, -30181.7890625], [-123.07625, 47.31354, -31365.45703125]]], [[[-123.01894, 47.36716, -28780.51953125], [-123.0265, 47.36172, -28120.349609375], [-123.02251, 47.35812, -28993.587890625], [-123.01894, 47.36716, -28780.51953125]]], [[[-123.0638, 47.31765, -31464.046875], [-123.06641, 47.31148, -32264.4375], [-123.05522, 47.31594, -32296.826171875], [-123.0638, 47.31765, -31464.046875]]], [[[-123.01894, 47.36716, -28780.51953125], [-123.01545, 47.3762, -28569.3671875], [-123.02293, 47.37076, -27907.5234375], [-123.01894, 47.36716, -28780.51953125]]], [[[-123.07157, 47.31955, -30590.095703125], [-123.0638, 47.31765, -31464.046875], [-123.06113, 47.32396, -30549.830078125], [-123.07157, 47.31955, -30590.095703125]]], [[[-123.01894, 47.36716, -28780.51953125], [-123.01144, 47.3726, -29442.048828125], [-123.01545, 47.3762, -28569.3671875], [-123.01894, 47.36716, -28780.51953125]]], [[[-123.03449, 47.36891, -26373.869140625], [-123.03049, 47.36531, -27247.109375], [-123.02693, 47.37436, -27034.525390625], [-123.03449, 47.36891, -26373.869140625]]], [[[-123.01494, 47.36356, -29653.517578125], [-123.01144, 47.3726, -29442.048828125], [-123.01894, 47.36716, -28780.51953125], [-123.01494, 47.36356, -29653.517578125]]], [[[-123.08154, 47.3313, -27972.328125], [-123.08564, 47.33493, -27090.76953125], [-123.09364, 47.32916, -27585.14453125], [-123.08154, 47.3313, -27972.328125]]], [[[-123.01494, 47.36356, -29653.517578125], [-123.00743, 47.36899, -30314.732421875], [-123.01144, 47.3726, -29442.048828125], [-123.01494, 47.36356, -29653.517578125]]], [[[-123.11928, 47.36284, -20147.884765625], [-123.1307, 47.36131, -19744.091796875], [-123.12617, 47.35777, -20628.724609375], [-123.11928, 47.36284, -20147.884765625]]], [[[-123.01094, 47.35996, -30526.515625], [-123.00743, 47.36899, -30314.732421875], [-123.01494, 47.36356, -29653.517578125], [-123.01094, 47.35996, -30526.515625]]], [[[-123.0815, 47.31848, -30181.7890625], [-123.07157, 47.31955, -30590.095703125], [-123.06881, 47.32643, -29618.0859375], [-123.0815, 47.31848, -30181.7890625]]], [[[-123.01094, 47.35996, -30526.515625], [-123.00343, 47.36539, -31187.4140625], [-123.00743, 47.36899, -30314.732421875], [-123.01094, 47.35996, -30526.515625]]], [[[-123.03794, 47.31315, -33964.29296875], [-123.04966, 47.30845, -33956.93359375], [-123.04069, 47.30716, -34769.50390625], [-123.03794, 47.31315, -33964.29296875]]], [[[-123.00694, 47.35636, -31399.513671875], [-123.00343, 47.36539, -31187.4140625], [-123.01094, 47.35996, -30526.515625], [-123.00694, 47.35636, -31399.513671875]]], [[[-123.03841, 47.34546, -28764.79296875], [-123.02729, 47.34942, -29255.83203125], [-123.0313, 47.35302, -28383.294921875], [-123.03841, 47.34546, -28764.79296875]]], [[[-123.00694, 47.35636, -31399.513671875], [-122.99942, 47.36179, -32060.09765625], [-123.00343, 47.36539, -31187.4140625], [-123.00694, 47.35636, -31399.513671875]]], [[[-123.15063, 47.3666, -17612.443359375], [-123.15463, 47.37022, -16738.880859375], [-123.16318, 47.36377, -17214.107421875], [-123.15063, 47.3666, -17612.443359375]]], [[[-123.00294, 47.35276, -32272.51171875], [-122.99942, 47.36179, -32060.09765625], [-123.00694, 47.35636, -31399.513671875], [-123.00294, 47.35276, -32272.51171875]]], [[[-123.11373, 47.36016, -20983.8359375], [-123.11928, 47.36284, -20147.884765625], [-123.12617, 47.35777, -20628.724609375], [-123.11373, 47.36016, -20983.8359375]]], [[[-123.00294, 47.35276, -32272.51171875], [-122.99542, 47.35818, -32932.78125], [-122.99942, 47.36179, -32060.09765625], [-123.00294, 47.35276, -32272.51171875]]], [[[-123.14955, 47.39256, -13096.4541015625], [-123.16171, 47.39059, -12731.24609375], [-123.15771, 47.38698, -13605.0634765625], [-123.14955, 47.39256, -13096.4541015625]]], [[[-122.99901, 47.34855, -33182.7265625], [-122.99542, 47.35818, -32932.78125], [-123.00294, 47.35276, -32272.51171875], [-122.99901, 47.34855, -33182.7265625]]], [[[-123.17466, 47.3883, -12371.0322265625], [-123.18309, 47.38174, -12837.2275390625], [-123.17065, 47.38469, -13244.60546875], [-123.17466, 47.3883, -12371.0322265625]]], [[[-122.99901, 47.34855, -33182.7265625], [-122.99141, 47.35458, -33805.4609375], [-122.99542, 47.35818, -32932.78125], [-122.99901, 47.34855, -33182.7265625]]], [[[-123.17114, 47.37096, -15463.3623046875], [-123.18357, 47.36809, -15059.8642578125], [-123.17959, 47.3645, -15935.6435546875], [-123.17114, 47.37096, -15463.3623046875]]], [[[-122.99901, 47.34855, -33182.7265625], [-122.99496, 47.34549, -34022.48828125], [-122.99141, 47.35458, -33805.4609375], [-122.99901, 47.34855, -33182.7265625]]], [[[-123.17867, 47.39192, -11497.455078125], [-123.18708, 47.38533, -11961.8505859375], [-123.17466, 47.3883, -12371.0322265625], [-123.17867, 47.39192, -11497.455078125]]], [[[-122.99496, 47.34549, -34022.48828125], [-122.99901, 47.34855, -33182.7265625], [-123.00179, 47.33742, -33742.79296875], [-122.99496, 47.34549, -34022.48828125]]], [[[-123.21733, 47.3709, -12596.06640625], [-123.22641, 47.36547, -13137.0712890625], [-123.21334, 47.36731, -13471.2861328125], [-123.21733, 47.3709, -12596.06640625]]], [[[-123.00179, 47.33742, -33742.79296875], [-122.99536, 47.33635, -34702.52734375], [-122.99496, 47.34549, -34022.48828125], [-123.00179, 47.33742, -33742.79296875]]], [[[-123.1497, 47.37975, -15352.724609375], [-123.15371, 47.38336, -14478.8837890625], [-123.16264, 47.37745, -14991.75], [-123.1497, 47.37975, -15352.724609375]]], [[[-123.00179, 47.33742, -33742.79296875], [-123.00086, 47.32881, -34702.6328125], [-122.99536, 47.33635, -34702.52734375], [-123.00179, 47.33742, -33742.79296875]]], [[[-123.14157, 47.38538, -14847.4375], [-123.15371, 47.38336, -14478.8837890625], [-123.1497, 47.37975, -15352.724609375], [-123.14157, 47.38538, -14847.4375]]], [[[-123.00869, 47.32839, -33897.66796875], [-123.00086, 47.32881, -34702.6328125], [-123.00179, 47.33742, -33742.79296875], [-123.00869, 47.32839, -33897.66796875]]], [[[-123.211, 47.40688, -6709.57470703125], [-123.22339, 47.40395, -6302.05029296875], [-123.2194, 47.40037, -7177.82958984375], [-123.211, 47.40688, -6709.57470703125]]], [[[-123.00869, 47.32839, -33897.66796875], [-123.00863, 47.32209, -34780.4296875], [-123.00086, 47.32881, -34702.6328125], [-123.00869, 47.32839, -33897.66796875]]], [[[-123.11862, 47.33765, -24601.009765625], [-123.12269, 47.34123, -23728.5], [-123.13133, 47.33503, -24217.109375], [-123.11862, 47.33765, -24601.009765625]]], [[[-123.00869, 47.32839, -33897.66796875], [-123.01737, 47.3224, -33950.98828125], [-123.00863, 47.32209, -34780.4296875], [-123.00869, 47.32839, -33897.66796875]]], [[[-123.18174, 47.40866, -8362.1416015625], [-123.1947, 47.40639, -8003.14892578125], [-123.19069, 47.40277, -8876.720703125], [-123.18174, 47.40866, -8362.1416015625]]], [[[-123.00869, 47.32839, -33897.66796875], [-123.01747, 47.32783, -33160.23046875], [-123.01737, 47.3224, -33950.98828125], [-123.00869, 47.32839, -33897.66796875]]], [[[-123.18565, 47.4123, -7487.3359375], [-123.18966, 47.41591, -6613.51513671875], [-123.19871, 47.41, -7129.5771484375], [-123.18565, 47.4123, -7487.3359375]]], [[[-123.02583, 47.32341, -33099.08203125], [-123.01737, 47.3224, -33950.98828125], [-123.01747, 47.32783, -33160.23046875], [-123.02583, 47.32341, -33099.08203125]]], [[[-123.1947, 47.40639, -8003.14892578125], [-123.20701, 47.40329, -7584.95166015625], [-123.20303, 47.3997, -8460.3291015625], [-123.1947, 47.40639, -8003.14892578125]]], [[[-123.01737, 47.3224, -33950.98828125], [-123.02583, 47.32341, -33099.08203125], [-123.02683, 47.31751, -33935.515625], [-123.01737, 47.3224, -33950.98828125]]], [[[-123.18543, 47.34216, -19597.828125], [-123.19844, 47.34024, -19257.998046875], [-123.19445, 47.33663, -20132.416015625], [-123.18543, 47.34216, -19597.828125]]], [[[-123.01737, 47.3224, -33950.98828125], [-123.02683, 47.31751, -33935.515625], [-123.0183, 47.31647, -34771.40234375], [-123.01737, 47.3224, -33950.98828125]]], [[[-123.24424, 47.40884, -4188.47900390625], [-123.24824, 47.41244, -3314.074951171875], [-123.25725, 47.40682, -3843.873046875], [-123.24424, 47.40884, -4188.47900390625]]], [[[-123.01737, 47.3224, -33950.98828125], [-123.0183, 47.31647, -34771.40234375], [-123.00863, 47.32209, -34780.4296875], [-123.01737, 47.3224, -33950.98828125]]], [[[-123.0183, 47.31647, -34771.40234375], [-123.00932, 47.31599, -35586.5703125], [-123.00863, 47.32209, -34780.4296875], [-123.0183, 47.31647, -34771.40234375]]], [[[-123.23534, 47.41471, -3674.711669921875], [-123.24824, 47.41244, -3314.074951171875], [-123.24424, 47.40884, -4188.47900390625], [-123.23534, 47.41471, -3674.711669921875]]], [[[-123.0183, 47.31647, -34771.40234375], [-123.02004, 47.31045, -35583.6328125], [-123.00932, 47.31599, -35586.5703125], [-123.0183, 47.31647, -34771.40234375]]], [[[-123.2464, 47.38349, -8764.98046875], [-123.25902, 47.38104, -8388.22265625], [-123.25502, 47.37745, -9263.11328125], [-123.2464, 47.38349, -8764.98046875]]], [[[-123.02894, 47.31187, -34776.1953125], [-123.02004, 47.31045, -35583.6328125], [-123.0183, 47.31647, -34771.40234375], [-123.02894, 47.31187, -34776.1953125]]], [[[-123.02894, 47.31187, -34776.1953125], [-123.0318, 47.30599, -35582.6640625], [-123.02004, 47.31045, -35583.6328125], [-123.02894, 47.31187, -34776.1953125]]], [[[-123.04069, 47.30716, -34769.50390625], [-123.0318, 47.30599, -35582.6640625], [-123.02894, 47.31187, -34776.1953125], [-123.04069, 47.30716, -34769.50390625]]], [[[-123.22339, 47.40395, -6302.05029296875], [-123.23223, 47.39803, -6811.6923828125], [-123.2194, 47.40037, -7177.82958984375], [-123.22339, 47.40395, -6302.05029296875]]], [[[-123.04069, 47.30716, -34769.50390625], [-123.04338, 47.30131, -35582.08984375], [-123.0318, 47.30599, -35582.6640625], [-123.04069, 47.30716, -34769.50390625]]], [[[-123.04966, 47.30845, -33956.93359375], [-123.05216, 47.30242, -34761.88671875], [-123.04069, 47.30716, -34769.50390625], [-123.04966, 47.30845, -33956.93359375]]], [[[-123.06039, 47.30403, -33915.87890625], [-123.05216, 47.30242, -34761.88671875], [-123.04966, 47.30845, -33956.93359375], [-123.06039, 47.30403, -33915.87890625]]], [[[-123.06039, 47.30403, -33915.87890625], [-123.06345, 47.29876, -34770.77734375], [-123.05216, 47.30242, -34761.88671875], [-123.06039, 47.30403, -33915.87890625]]], [[[-123.07255, 47.30055, -33959.6640625], [-123.06345, 47.29876, -34770.77734375], [-123.06039, 47.30403, -33915.87890625], [-123.07255, 47.30055, -33959.6640625]]], [[[-123.06345, 47.29876, -34770.77734375], [-123.07255, 47.30055, -33959.6640625], [-123.07577, 47.29477, -34773.0859375], [-123.06345, 47.29876, -34770.77734375]]], [[[-123.06345, 47.29876, -34770.77734375], [-123.07577, 47.29477, -34773.0859375], [-123.06697, 47.29322, -35572.03125], [-123.06345, 47.29876, -34770.77734375]]], [[[-123.06345, 47.29876, -34770.77734375], [-123.06697, 47.29322, -35572.03125], [-123.05489, 47.29663, -35578.07421875], [-123.06345, 47.29876, -34770.77734375]]], [[[-123.05216, 47.30242, -34761.88671875], [-123.06345, 47.29876, -34770.77734375], [-123.05489, 47.29663, -35578.07421875], [-123.05216, 47.30242, -34761.88671875]]], [[[-123.05216, 47.30242, -34761.88671875], [-123.05489, 47.29663, -35578.07421875], [-123.04338, 47.30131, -35582.08984375], [-123.05216, 47.30242, -34761.88671875]]], [[[-123.07577, 47.29477, -34773.0859375], [-123.07856, 47.28906, -35566.48828125], [-123.06697, 47.29322, -35572.03125], [-123.07577, 47.29477, -34773.0859375]]], [[[-123.07577, 47.29477, -34773.0859375], [-123.08897, 47.28932, -34756.5859375], [-123.07856, 47.28906, -35566.48828125], [-123.07577, 47.29477, -34773.0859375]]], [[[-123.07577, 47.29477, -34773.0859375], [-123.08591, 47.29558, -33965.60546875], [-123.08897, 47.28932, -34756.5859375], [-123.07577, 47.29477, -34773.0859375]]], [[[-123.12043, 47.29705, -31295.01171875], [-123.12442, 47.30066, -30420.609375], [-123.13366, 47.29543, -30975.673828125], [-123.12043, 47.29705, -31295.01171875]]], [[[-123.08591, 47.29558, -33965.60546875], [-123.07577, 47.29477, -34773.0859375], [-123.07255, 47.30055, -33959.6640625], [-123.08591, 47.29558, -33965.60546875]]], [[[-123.13061, 47.27893, -34123.42578125], [-123.13939, 47.27308, -34634.921875], [-123.12836, 47.27515, -34921.37890625], [-123.13061, 47.27893, -34123.42578125]]], [[[-123.09406, 47.30239, -32258.52734375], [-123.09696, 47.295, -33243.89453125], [-123.08312, 47.30154, -33132.453125], [-123.09406, 47.30239, -32258.52734375]]], [[[-123.09873, 47.31968, -28977.587890625], [-123.1027, 47.32327, -28102.1015625], [-123.11146, 47.31706, -28594.6015625], [-123.09873, 47.31968, -28977.587890625]]], [[[-123.09406, 47.30239, -32258.52734375], [-123.10465, 47.29607, -32553.087890625], [-123.09696, 47.295, -33243.89453125], [-123.09406, 47.30239, -32258.52734375]]], [[[-123.13239, 47.30788, -28671.806640625], [-123.14162, 47.30262, -29225.236328125], [-123.1284, 47.30427, -29546.208984375], [-123.13239, 47.30788, -28671.806640625]]], [[[-123.09406, 47.30239, -32258.52734375], [-123.09898, 47.30643, -31241.32421875], [-123.10798, 47.2999, -31690.5], [-123.09406, 47.30239, -32258.52734375]]], [[[-123.05917, 47.33498, -28864.11328125], [-123.04609, 47.33826, -29179.29296875], [-123.05008, 47.34185, -28305.85546875], [-123.05917, 47.33498, -28864.11328125]]], [[[-123.08993, 47.31261, -30757.662109375], [-123.09898, 47.30643, -31241.32421875], [-123.08688, 47.30866, -31641.603515625], [-123.08993, 47.31261, -30757.662109375]]], [[[-123.08993, 47.31261, -30757.662109375], [-123.10341, 47.30985, -30357.943359375], [-123.09898, 47.30643, -31241.32421875], [-123.08993, 47.31261, -30757.662109375]]], [[[-123.09473, 47.31607, -29856.6875], [-123.10341, 47.30985, -30357.943359375], [-123.08993, 47.31261, -30757.662109375], [-123.09473, 47.31607, -29856.6875]]], [[[-123.10341, 47.30985, -30357.943359375], [-123.09473, 47.31607, -29856.6875], [-123.10749, 47.31347, -29470.29296875], [-123.10341, 47.30985, -30357.943359375]]], [[[-123.10341, 47.30985, -30357.943359375], [-123.10749, 47.31347, -29470.29296875], [-123.11599, 47.30707, -29946.76171875], [-123.10341, 47.30985, -30357.943359375]]], [[[-123.10341, 47.30985, -30357.943359375], [-123.11599, 47.30707, -29946.76171875], [-123.11195, 47.30346, -30824.927734375], [-123.10341, 47.30985, -30357.943359375]]], [[[-123.09898, 47.30643, -31241.32421875], [-123.10341, 47.30985, -30357.943359375], [-123.11195, 47.30346, -30824.927734375], [-123.09898, 47.30643, -31241.32421875]]], [[[-123.09898, 47.30643, -31241.32421875], [-123.11195, 47.30346, -30824.927734375], [-123.10798, 47.2999, -31690.5], [-123.09898, 47.30643, -31241.32421875]]], [[[-123.16368, 47.35015, -19438.755859375], [-123.16766, 47.35374, -18562.978515625], [-123.17628, 47.34755, -19053.36328125], [-123.16368, 47.35015, -19438.755859375]]], [[[-123.11195, 47.30346, -30824.927734375], [-123.12043, 47.29705, -31295.01171875], [-123.10798, 47.2999, -31690.5], [-123.11195, 47.30346, -30824.927734375]]], [[[-123.12733, 47.37002, -18404.783203125], [-123.13471, 47.36494, -18866.6171875], [-123.12339, 47.36637, -19280.833984375], [-123.12733, 47.37002, -18404.783203125]]], [[[-123.12043, 47.29705, -31295.01171875], [-123.13366, 47.29543, -30975.673828125], [-123.12968, 47.29183, -31850.892578125], [-123.12043, 47.29705, -31295.01171875]]], [[[-123.10798, 47.2999, -31690.5], [-123.12043, 47.29705, -31295.01171875], [-123.11644, 47.29349, -32163.845703125], [-123.10798, 47.2999, -31690.5]]], [[[-123.10798, 47.2999, -31690.5], [-123.11644, 47.29349, -32163.845703125], [-123.10465, 47.29607, -32553.087890625], [-123.10798, 47.2999, -31690.5]]], [[[-123.05408, 47.34545, -27432.41796875], [-123.04643, 47.35267, -27019.427734375], [-123.05808, 47.34904, -26558.98046875], [-123.05408, 47.34545, -27432.41796875]]], [[[-123.10465, 47.29607, -32553.087890625], [-123.11644, 47.29349, -32163.845703125], [-123.1113, 47.28961, -33150.5390625], [-123.10465, 47.29607, -32553.087890625]]], [[[-123.10465, 47.29607, -32553.087890625], [-123.1113, 47.28961, -33150.5390625], [-123.09696, 47.295, -33243.89453125], [-123.10465, 47.29607, -32553.087890625]]], [[[-123.09696, 47.295, -33243.89453125], [-123.1008, 47.28863, -34034.375], [-123.08591, 47.29558, -33965.60546875], [-123.09696, 47.295, -33243.89453125]]], [[[-123.1008, 47.28863, -34034.375], [-123.1113, 47.28961, -33150.5390625], [-123.11803, 47.28427, -33845.95703125], [-123.1008, 47.28863, -34034.375]]], [[[-123.1113, 47.28961, -33150.5390625], [-123.11644, 47.29349, -32163.845703125], [-123.12511, 47.28802, -32795.85546875], [-123.1113, 47.28961, -33150.5390625]]], [[[-123.11845, 47.27939, -34727.65234375], [-123.12836, 47.27515, -34921.37890625], [-123.12328, 47.27346, -35531.26171875], [-123.11845, 47.27939, -34727.65234375]]], [[[-123.13392, 47.2826, -33281.1171875], [-123.14735, 47.28028, -32885.140625], [-123.14337, 47.27668, -33760.03125], [-123.13392, 47.2826, -33281.1171875]]], [[[-123.12836, 47.27515, -34921.37890625], [-123.13541, 47.26948, -35509.8125], [-123.12328, 47.27346, -35531.26171875], [-123.12836, 47.27515, -34921.37890625]]], [[[-123.14657, 47.29336, -30625.43359375], [-123.1593, 47.29109, -30260.47265625], [-123.15531, 47.28749, -31135.36328125], [-123.14657, 47.29336, -30625.43359375]]], [[[-123.13764, 47.29902, -30100.455078125], [-123.15055, 47.29696, -29751.015625], [-123.14657, 47.29336, -30625.43359375], [-123.13764, 47.29902, -30100.455078125]]], [[[-123.14162, 47.30262, -29225.236328125], [-123.15454, 47.30057, -28876.59765625], [-123.15055, 47.29696, -29751.015625], [-123.14162, 47.30262, -29225.236328125]]], [[[-123.14162, 47.30262, -29225.236328125], [-123.1456, 47.30621, -28350.017578125], [-123.15454, 47.30057, -28876.59765625], [-123.14162, 47.30262, -29225.236328125]]], [[[-123.14162, 47.30262, -29225.236328125], [-123.13239, 47.30788, -28671.806640625], [-123.1456, 47.30621, -28350.017578125], [-123.14162, 47.30262, -29225.236328125]]], [[[-123.11998, 47.31068, -29072.3203125], [-123.11146, 47.31706, -28594.6015625], [-123.12395, 47.31427, -28196.546875], [-123.11998, 47.31068, -29072.3203125]]], [[[-123.09763, 47.33278, -26711.3515625], [-123.10668, 47.32686, -27226.625], [-123.09364, 47.32916, -27585.14453125], [-123.09763, 47.33278, -26711.3515625]]], [[[-123.10726, 47.35207, -22755.083984375], [-123.1146, 47.34691, -23231.986328125], [-123.10326, 47.34841, -23635.900390625], [-123.10726, 47.35207, -22755.083984375]]], [[[-123.10974, 47.3565, -21863.103515625], [-123.11812, 47.35081, -22327.404296875], [-123.10726, 47.35207, -22755.083984375], [-123.10974, 47.3565, -21863.103515625]]], [[[-123.12662, 47.34489, -22853.873046875], [-123.13062, 47.34851, -21980.314453125], [-123.13929, 47.34221, -22466.361328125], [-123.12662, 47.34489, -22853.873046875]]], [[[-123.1194, 47.32424, -26843.234375], [-123.11065, 47.33046, -26351.150390625], [-123.12338, 47.32784, -25967.857421875], [-123.1194, 47.32424, -26843.234375]]], [[[-123.1027, 47.32327, -28102.1015625], [-123.10668, 47.32686, -27226.625], [-123.11543, 47.32065, -27718.908203125], [-123.1027, 47.32327, -28102.1015625]]], [[[-123.11543, 47.32065, -27718.908203125], [-123.12792, 47.31786, -27320.763671875], [-123.12395, 47.31427, -28196.546875], [-123.11543, 47.32065, -27718.908203125]]], [[[-123.1194, 47.32424, -26843.234375], [-123.13189, 47.32145, -26444.98046875], [-123.12792, 47.31786, -27320.763671875], [-123.1194, 47.32424, -26843.234375]]], [[[-123.12338, 47.32784, -25967.857421875], [-123.13586, 47.32504, -25569.203125], [-123.13189, 47.32145, -26444.98046875], [-123.12338, 47.32784, -25967.857421875]]], [[[-123.13133, 47.33503, -24217.109375], [-123.13984, 47.32862, -24693.42578125], [-123.12736, 47.33143, -25092.48828125], [-123.13133, 47.33503, -24217.109375]]], [[[-123.14037, 47.31509, -26922.9921875], [-123.13189, 47.32145, -26444.98046875], [-123.14435, 47.3187, -26048.587890625], [-123.14037, 47.31509, -26922.9921875]]], [[[-123.12395, 47.31427, -28196.546875], [-123.13638, 47.31148, -27797.40234375], [-123.13239, 47.30788, -28671.806640625], [-123.12395, 47.31427, -28196.546875]]], [[[-123.14037, 47.31509, -26922.9921875], [-123.15356, 47.3134, -26599.580078125], [-123.14958, 47.30981, -27474.798828125], [-123.14037, 47.31509, -26922.9921875]]], [[[-123.14037, 47.31509, -26922.9921875], [-123.14435, 47.3187, -26048.587890625], [-123.15356, 47.3134, -26599.580078125], [-123.14037, 47.31509, -26922.9921875]]], [[[-123.14435, 47.3187, -26048.587890625], [-123.14834, 47.32231, -25174.185546875], [-123.15754, 47.317, -25724.361328125], [-123.14435, 47.3187, -26048.587890625]]], [[[-123.14834, 47.32231, -25174.185546875], [-123.16152, 47.32059, -24849.142578125], [-123.15754, 47.317, -25724.361328125], [-123.14834, 47.32231, -25174.185546875]]], [[[-123.15233, 47.32591, -24299.783203125], [-123.16551, 47.32419, -23973.923828125], [-123.16152, 47.32059, -24849.142578125], [-123.15233, 47.32591, -24299.783203125]]], [[[-123.16031, 47.33313, -22550.9765625], [-123.16949, 47.32778, -23098.705078125], [-123.15632, 47.32952, -23425.37890625], [-123.16031, 47.33313, -22550.9765625]]], [[[-123.1643, 47.33673, -21676.57421875], [-123.17746, 47.33497, -21348.267578125], [-123.17347, 47.33138, -22223.486328125], [-123.1643, 47.33673, -21676.57421875]]], [[[-123.1683, 47.34034, -20802.171875], [-123.17746, 47.33497, -21348.267578125], [-123.1643, 47.33673, -21676.57421875], [-123.1683, 47.34034, -20802.171875]]], [[[-123.17746, 47.33497, -21348.267578125], [-123.19045, 47.33303, -21006.833984375], [-123.18646, 47.32942, -21881.251953125], [-123.17746, 47.33497, -21348.267578125]]], [[[-123.17347, 47.33138, -22223.486328125], [-123.17746, 47.33497, -21348.267578125], [-123.18646, 47.32942, -21881.251953125], [-123.17347, 47.33138, -22223.486328125]]], [[[-123.17347, 47.33138, -22223.486328125], [-123.18646, 47.32942, -21881.251953125], [-123.18247, 47.32581, -22755.669921875], [-123.17347, 47.33138, -22223.486328125]]], [[[-123.16949, 47.32778, -23098.705078125], [-123.17347, 47.33138, -22223.486328125], [-123.18247, 47.32581, -22755.669921875], [-123.16949, 47.32778, -23098.705078125]]], [[[-123.16949, 47.32778, -23098.705078125], [-123.18247, 47.32581, -22755.669921875], [-123.17848, 47.32221, -23630.087890625], [-123.16949, 47.32778, -23098.705078125]]], [[[-123.16551, 47.32419, -23973.923828125], [-123.16949, 47.32778, -23098.705078125], [-123.17848, 47.32221, -23630.087890625], [-123.16551, 47.32419, -23973.923828125]]], [[[-123.15754, 47.317, -25724.361328125], [-123.16152, 47.32059, -24849.142578125], [-123.1705, 47.315, -25378.923828125], [-123.15754, 47.317, -25724.361328125]]], [[[-123.15754, 47.317, -25724.361328125], [-123.16651, 47.31139, -26253.341796875], [-123.15356, 47.3134, -26599.580078125], [-123.15754, 47.317, -25724.361328125]]], [[[-123.14958, 47.30981, -27474.798828125], [-123.15356, 47.3134, -26599.580078125], [-123.16252, 47.30778, -27127.76171875], [-123.14958, 47.30981, -27474.798828125]]], [[[-123.1456, 47.30621, -28350.017578125], [-123.14958, 47.30981, -27474.798828125], [-123.15853, 47.30418, -28002.1796875], [-123.1456, 47.30621, -28350.017578125]]], [[[-123.15454, 47.30057, -28876.59765625], [-123.15853, 47.30418, -28002.1796875], [-123.16726, 47.29829, -28510.693359375], [-123.15454, 47.30057, -28876.59765625]]], [[[-123.15454, 47.30057, -28876.59765625], [-123.16726, 47.29829, -28510.693359375], [-123.16328, 47.29469, -29385.58203125], [-123.15454, 47.30057, -28876.59765625]]], [[[-123.15454, 47.30057, -28876.59765625], [-123.16328, 47.29469, -29385.58203125], [-123.15055, 47.29696, -29751.015625], [-123.15454, 47.30057, -28876.59765625]]], [[[-123.1593, 47.29109, -30260.47265625], [-123.15055, 47.29696, -29751.015625], [-123.16328, 47.29469, -29385.58203125], [-123.1593, 47.29109, -30260.47265625]]], [[[-123.15853, 47.30418, -28002.1796875], [-123.17124, 47.30188, -27635.802734375], [-123.16726, 47.29829, -28510.693359375], [-123.15853, 47.30418, -28002.1796875]]], [[[-123.16252, 47.30778, -27127.76171875], [-123.17523, 47.30548, -26760.912109375], [-123.17124, 47.30188, -27635.802734375], [-123.16252, 47.30778, -27127.76171875]]], [[[-123.16252, 47.30778, -27127.76171875], [-123.16651, 47.31139, -26253.341796875], [-123.17523, 47.30548, -26760.912109375], [-123.16252, 47.30778, -27127.76171875]]], [[[-123.16651, 47.31139, -26253.341796875], [-123.17921, 47.30908, -25886.0234375], [-123.17523, 47.30548, -26760.912109375], [-123.16651, 47.31139, -26253.341796875]]], [[[-123.16651, 47.31139, -26253.341796875], [-123.1705, 47.315, -25378.923828125], [-123.17921, 47.30908, -25886.0234375], [-123.16651, 47.31139, -26253.341796875]]], [[[-123.1705, 47.315, -25378.923828125], [-123.1832, 47.31268, -25011.1328125], [-123.17921, 47.30908, -25886.0234375], [-123.1705, 47.315, -25378.923828125]]], [[[-123.17449, 47.3186, -24504.505859375], [-123.1832, 47.31268, -25011.1328125], [-123.1705, 47.315, -25378.923828125], [-123.17449, 47.3186, -24504.505859375]]], [[[-123.17449, 47.3186, -24504.505859375], [-123.18718, 47.31628, -24136.2421875], [-123.1832, 47.31268, -25011.1328125], [-123.17449, 47.3186, -24504.505859375]]], [[[-123.17848, 47.32221, -23630.087890625], [-123.18718, 47.31628, -24136.2421875], [-123.17449, 47.3186, -24504.505859375], [-123.17848, 47.32221, -23630.087890625]]], [[[-123.17848, 47.32221, -23630.087890625], [-123.19117, 47.31988, -23261.353515625], [-123.18718, 47.31628, -24136.2421875], [-123.17848, 47.32221, -23630.087890625]]], [[[-123.18247, 47.32581, -22755.669921875], [-123.19117, 47.31988, -23261.353515625], [-123.17848, 47.32221, -23630.087890625], [-123.18247, 47.32581, -22755.669921875]]], [[[-123.18247, 47.32581, -22755.669921875], [-123.18646, 47.32942, -21881.251953125], [-123.19516, 47.32348, -22386.462890625], [-123.18247, 47.32581, -22755.669921875]]], [[[-123.19045, 47.33303, -21006.833984375], [-123.19914, 47.32708, -21511.572265625], [-123.18646, 47.32942, -21881.251953125], [-123.19045, 47.33303, -21006.833984375]]], [[[-123.19045, 47.33303, -21006.833984375], [-123.20313, 47.33068, -20636.68359375], [-123.19914, 47.32708, -21511.572265625], [-123.19045, 47.33303, -21006.833984375]]], [[[-123.19445, 47.33663, -20132.416015625], [-123.20313, 47.33068, -20636.68359375], [-123.19045, 47.33303, -21006.833984375], [-123.19445, 47.33663, -20132.416015625]]], [[[-123.19445, 47.33663, -20132.416015625], [-123.20712, 47.33428, -19761.79296875], [-123.20313, 47.33068, -20636.68359375], [-123.19445, 47.33663, -20132.416015625]]], [[[-123.19844, 47.34024, -19257.998046875], [-123.20712, 47.33428, -19761.79296875], [-123.19445, 47.33663, -20132.416015625], [-123.19844, 47.34024, -19257.998046875]]], [[[-123.19844, 47.34024, -19257.998046875], [-123.21111, 47.33787, -18886.90234375], [-123.20712, 47.33428, -19761.79296875], [-123.19844, 47.34024, -19257.998046875]]], [[[-123.20243, 47.34384, -18383.580078125], [-123.21111, 47.33787, -18886.90234375], [-123.19844, 47.34024, -19257.998046875], [-123.20243, 47.34384, -18383.580078125]]], [[[-123.20243, 47.34384, -18383.580078125], [-123.2151, 47.34147, -18012.013671875], [-123.21111, 47.33787, -18886.90234375], [-123.20243, 47.34384, -18383.580078125]]], [[[-123.20643, 47.34745, -17509.162109375], [-123.2151, 47.34147, -18012.013671875], [-123.20243, 47.34384, -18383.580078125], [-123.20643, 47.34745, -17509.162109375]]], [[[-123.20643, 47.34745, -17509.162109375], [-123.21909, 47.34507, -17137.123046875], [-123.2151, 47.34147, -18012.013671875], [-123.20643, 47.34745, -17509.162109375]]], [[[-123.19739, 47.35294, -16972.166015625], [-123.21042, 47.35105, -16634.7421875], [-123.20643, 47.34745, -17509.162109375], [-123.19739, 47.35294, -16972.166015625]]], [[[-123.20137, 47.35653, -16096.9462890625], [-123.21042, 47.35105, -16634.7421875], [-123.19739, 47.35294, -16972.166015625], [-123.20137, 47.35653, -16096.9462890625]]], [[[-123.20536, 47.36012, -15221.7265625], [-123.21442, 47.35466, -15760.3251953125], [-123.20137, 47.35653, -16096.9462890625], [-123.20536, 47.36012, -15221.7265625]]], [[[-123.20536, 47.36012, -15221.7265625], [-123.21841, 47.35826, -14885.9072265625], [-123.21442, 47.35466, -15760.3251953125], [-123.20536, 47.36012, -15221.7265625]]], [[[-123.20935, 47.36372, -14346.505859375], [-123.22241, 47.36187, -14011.4892578125], [-123.21841, 47.35826, -14885.9072265625], [-123.20935, 47.36372, -14346.505859375]]], [[[-123.21334, 47.36731, -13471.2861328125], [-123.22241, 47.36187, -14011.4892578125], [-123.20935, 47.36372, -14346.505859375], [-123.21334, 47.36731, -13471.2861328125]]], [[[-123.21334, 47.36731, -13471.2861328125], [-123.22641, 47.36547, -13137.0712890625], [-123.22241, 47.36187, -14011.4892578125], [-123.21334, 47.36731, -13471.2861328125]]], [[[-123.21733, 47.3709, -12596.06640625], [-123.2304, 47.36907, -12262.6533203125], [-123.22641, 47.36547, -13137.0712890625], [-123.21733, 47.3709, -12596.06640625]]], [[[-123.22132, 47.3745, -11720.84765625], [-123.2304, 47.36907, -12262.6533203125], [-123.21733, 47.3709, -12596.06640625], [-123.22132, 47.3745, -11720.84765625]]], [[[-123.22132, 47.3745, -11720.84765625], [-123.2344, 47.37268, -11388.2353515625], [-123.2304, 47.36907, -12262.6533203125], [-123.22132, 47.3745, -11720.84765625]]], [[[-123.22132, 47.3745, -11720.84765625], [-123.22531, 47.37809, -10845.6279296875], [-123.2344, 47.37268, -11388.2353515625], [-123.22132, 47.3745, -11720.84765625]]], [[[-123.21623, 47.38361, -10309.3095703125], [-123.22531, 47.37809, -10845.6279296875], [-123.21224, 47.38, -11183.7138671875], [-123.21623, 47.38361, -10309.3095703125]]], [[[-123.21623, 47.38361, -10309.3095703125], [-123.2293, 47.38168, -9970.408203125], [-123.22531, 47.37809, -10845.6279296875], [-123.21623, 47.38361, -10309.3095703125]]], [[[-123.22023, 47.38721, -9434.9052734375], [-123.2293, 47.38168, -9970.408203125], [-123.21623, 47.38361, -10309.3095703125], [-123.22023, 47.38721, -9434.9052734375]]], [[[-123.22023, 47.38721, -9434.9052734375], [-123.23329, 47.38527, -9095.189453125], [-123.2293, 47.38168, -9970.408203125], [-123.22023, 47.38721, -9434.9052734375]]], [[[-123.22023, 47.38721, -9434.9052734375], [-123.22423, 47.39082, -8560.5009765625], [-123.23329, 47.38527, -9095.189453125], [-123.22023, 47.38721, -9434.9052734375]]], [[[-123.22023, 47.38721, -9434.9052734375], [-123.21144, 47.39319, -8929.388671875], [-123.22423, 47.39082, -8560.5009765625], [-123.22023, 47.38721, -9434.9052734375]]], [[[-123.21144, 47.39319, -8929.388671875], [-123.22023, 47.38721, -9434.9052734375], [-123.20745, 47.38961, -9805.16796875], [-123.21144, 47.39319, -8929.388671875]]], [[[-123.19904, 47.39611, -9335.7060546875], [-123.21144, 47.39319, -8929.388671875], [-123.20745, 47.38961, -9805.16796875], [-123.19904, 47.39611, -9335.7060546875]]], [[[-123.19904, 47.39611, -9335.7060546875], [-123.20303, 47.3997, -8460.3291015625], [-123.21144, 47.39319, -8929.388671875], [-123.19904, 47.39611, -9335.7060546875]]], [[[-123.19904, 47.39611, -9335.7060546875], [-123.19069, 47.40277, -8876.720703125], [-123.20303, 47.3997, -8460.3291015625], [-123.19904, 47.39611, -9335.7060546875]]], [[[-123.19069, 47.40277, -8876.720703125], [-123.19904, 47.39611, -9335.7060546875], [-123.18668, 47.39915, -9750.2939453125], [-123.19069, 47.40277, -8876.720703125]]], [[[-123.17773, 47.40504, -9235.9677734375], [-123.19069, 47.40277, -8876.720703125], [-123.18668, 47.39915, -9750.2939453125], [-123.17773, 47.40504, -9235.9677734375]]], [[[-123.16949, 47.41051, -8720.205078125], [-123.18174, 47.40866, -8362.1416015625], [-123.17773, 47.40504, -9235.9677734375], [-123.16949, 47.41051, -8720.205078125]]], [[[-123.16949, 47.41051, -8720.205078125], [-123.17773, 47.40504, -9235.9677734375], [-123.16551, 47.40692, -9595.6796875], [-123.16949, 47.41051, -8720.205078125]]], [[[-123.16949, 47.41051, -8720.205078125], [-123.16551, 47.40692, -9595.6796875], [-123.15817, 47.41192, -9148.4423828125], [-123.16949, 47.41051, -8720.205078125]]], [[[-123.16949, 47.41051, -8720.205078125], [-123.15817, 47.41192, -9148.4423828125], [-123.16217, 47.41551, -8273.615234375], [-123.16949, 47.41051, -8720.205078125]]], [[[-123.16551, 47.40692, -9595.6796875], [-123.15417, 47.40833, -10022.494140625], [-123.15817, 47.41192, -9148.4423828125], [-123.16551, 47.40692, -9595.6796875]]], [[[-123.16151, 47.40333, -10471.490234375], [-123.15417, 47.40833, -10022.494140625], [-123.16551, 47.40692, -9595.6796875], [-123.16151, 47.40333, -10471.490234375]]], [[[-123.16151, 47.40333, -10471.490234375], [-123.15017, 47.40475, -10896.8466796875], [-123.15417, 47.40833, -10022.494140625], [-123.16151, 47.40333, -10471.490234375]]], [[[-123.15752, 47.39974, -11346.5986328125], [-123.15017, 47.40475, -10896.8466796875], [-123.16151, 47.40333, -10471.490234375], [-123.15752, 47.39974, -11346.5986328125]]], [[[-123.15752, 47.39974, -11346.5986328125], [-123.14618, 47.40117, -11771.193359375], [-123.15017, 47.40475, -10896.8466796875], [-123.15752, 47.39974, -11346.5986328125]]], [[[-123.15752, 47.39974, -11346.5986328125], [-123.15353, 47.39615, -12221.23828125], [-123.14618, 47.40117, -11771.193359375], [-123.15752, 47.39974, -11346.5986328125]]], [[[-123.15353, 47.39615, -12221.23828125], [-123.15752, 47.39974, -11346.5986328125], [-123.16572, 47.3942, -11857.4248046875], [-123.15353, 47.39615, -12221.23828125]]], [[[-123.15353, 47.39615, -12221.23828125], [-123.16572, 47.3942, -11857.4248046875], [-123.16171, 47.39059, -12731.24609375], [-123.15353, 47.39615, -12221.23828125]]], [[[-123.14955, 47.39256, -13096.4541015625], [-123.15353, 47.39615, -12221.23828125], [-123.16171, 47.39059, -12731.24609375], [-123.14955, 47.39256, -13096.4541015625]]], [[[-123.15353, 47.39615, -12221.23828125], [-123.14955, 47.39256, -13096.4541015625], [-123.14218, 47.39759, -12645.4755859375], [-123.15353, 47.39615, -12221.23828125]]], [[[-123.15353, 47.39615, -12221.23828125], [-123.14218, 47.39759, -12645.4755859375], [-123.14618, 47.40117, -11771.193359375], [-123.15353, 47.39615, -12221.23828125]]], [[[-123.14955, 47.39256, -13096.4541015625], [-123.13819, 47.394, -13519.798828125], [-123.14218, 47.39759, -12645.4755859375], [-123.14955, 47.39256, -13096.4541015625]]], [[[-123.14955, 47.39256, -13096.4541015625], [-123.14556, 47.38897, -13971.771484375], [-123.13819, 47.394, -13519.798828125], [-123.14955, 47.39256, -13096.4541015625]]], [[[-123.14556, 47.38897, -13971.771484375], [-123.14955, 47.39256, -13096.4541015625], [-123.15771, 47.38698, -13605.0634765625], [-123.14556, 47.38897, -13971.771484375]]], [[[-123.14556, 47.38897, -13971.771484375], [-123.15771, 47.38698, -13605.0634765625], [-123.15371, 47.38336, -14478.8837890625], [-123.14556, 47.38897, -13971.771484375]]], [[[-123.14157, 47.38538, -14847.4375], [-123.14556, 47.38897, -13971.771484375], [-123.15371, 47.38336, -14478.8837890625], [-123.14157, 47.38538, -14847.4375]]], [[[-123.14556, 47.38897, -13971.771484375], [-123.14157, 47.38538, -14847.4375], [-123.1342, 47.39042, -14394.162109375], [-123.14556, 47.38897, -13971.771484375]]], [[[-123.14556, 47.38897, -13971.771484375], [-123.1342, 47.39042, -14394.162109375], [-123.13819, 47.394, -13519.798828125], [-123.14556, 47.38897, -13971.771484375]]], [[[-123.14157, 47.38538, -14847.4375], [-123.13021, 47.38684, -15268.984375], [-123.1342, 47.39042, -14394.162109375], [-123.14157, 47.38538, -14847.4375]]], [[[-123.14157, 47.38538, -14847.4375], [-123.13757, 47.38178, -15725.08203125], [-123.13021, 47.38684, -15268.984375], [-123.14157, 47.38538, -14847.4375]]], [[[-123.13757, 47.38178, -15725.08203125], [-123.14157, 47.38538, -14847.4375], [-123.1497, 47.37975, -15352.724609375], [-123.13757, 47.38178, -15725.08203125]]], [[[-123.13757, 47.38178, -15725.08203125], [-123.1497, 47.37975, -15352.724609375], [-123.14561, 47.37616, -16225.607421875], [-123.13757, 47.38178, -15725.08203125]]], [[[-123.13757, 47.38178, -15725.08203125], [-123.14561, 47.37616, -16225.607421875], [-123.13369, 47.37808, -16614.455078125], [-123.13757, 47.38178, -15725.08203125]]], [[[-123.13757, 47.38178, -15725.08203125], [-123.13369, 47.37808, -16614.455078125], [-123.12623, 47.38322, -16147.3310546875], [-123.13757, 47.38178, -15725.08203125]]], [[[-123.13757, 47.38178, -15725.08203125], [-123.12623, 47.38322, -16147.3310546875], [-123.13021, 47.38684, -15268.984375], [-123.13757, 47.38178, -15725.08203125]]], [[[-123.13369, 47.37808, -16614.455078125], [-123.12272, 47.37928, -17047.33984375], [-123.12623, 47.38322, -16147.3310546875], [-123.13369, 47.37808, -16614.455078125]]], [[[-123.13369, 47.37808, -16614.455078125], [-123.1313, 47.37373, -17518.49609375], [-123.12272, 47.37928, -17047.33984375], [-123.13369, 47.37808, -16614.455078125]]], [[[-123.13369, 47.37808, -16614.455078125], [-123.14221, 47.37247, -17085.037109375], [-123.1313, 47.37373, -17518.49609375], [-123.13369, 47.37808, -16614.455078125]]], [[[-123.13369, 47.37808, -16614.455078125], [-123.14561, 47.37616, -16225.607421875], [-123.14221, 47.37247, -17085.037109375], [-123.13369, 47.37808, -16614.455078125]]], [[[-123.14221, 47.37247, -17085.037109375], [-123.14561, 47.37616, -16225.607421875], [-123.15463, 47.37022, -16738.880859375], [-123.14221, 47.37247, -17085.037109375]]], [[[-123.14221, 47.37247, -17085.037109375], [-123.15463, 47.37022, -16738.880859375], [-123.15063, 47.3666, -17612.443359375], [-123.14221, 47.37247, -17085.037109375]]], [[[-123.14221, 47.37247, -17085.037109375], [-123.15063, 47.3666, -17612.443359375], [-123.13862, 47.36861, -17986.53515625], [-123.14221, 47.37247, -17085.037109375]]], [[[-123.1313, 47.37373, -17518.49609375], [-123.14221, 47.37247, -17085.037109375], [-123.13862, 47.36861, -17986.53515625], [-123.1313, 47.37373, -17518.49609375]]], [[[-123.1313, 47.37373, -17518.49609375], [-123.13862, 47.36861, -17986.53515625], [-123.12733, 47.37002, -18404.783203125], [-123.1313, 47.37373, -17518.49609375]]], [[[-123.1313, 47.37373, -17518.49609375], [-123.12733, 47.37002, -18404.783203125], [-123.11922, 47.37561, -17903.466796875], [-123.1313, 47.37373, -17518.49609375]]], [[[-123.12733, 47.37002, -18404.783203125], [-123.12339, 47.36637, -19280.833984375], [-123.11523, 47.37203, -18776.634765625], [-123.12733, 47.37002, -18404.783203125]]], [[[-123.12733, 47.37002, -18404.783203125], [-123.13862, 47.36861, -17986.53515625], [-123.13471, 47.36494, -18866.6171875], [-123.12733, 47.37002, -18404.783203125]]], [[[-123.12339, 47.36637, -19280.833984375], [-123.13471, 47.36494, -18866.6171875], [-123.1307, 47.36131, -19744.091796875], [-123.12339, 47.36637, -19280.833984375]]], [[[-123.12339, 47.36637, -19280.833984375], [-123.11928, 47.36284, -20147.884765625], [-123.11124, 47.36846, -19649.486328125], [-123.12339, 47.36637, -19280.833984375]]], [[[-123.11523, 47.37203, -18776.634765625], [-123.12339, 47.36637, -19280.833984375], [-123.11124, 47.36846, -19649.486328125], [-123.11523, 47.37203, -18776.634765625]]], [[[-123.11928, 47.36284, -20147.884765625], [-123.10681, 47.36522, -20497.08984375], [-123.11124, 47.36846, -19649.486328125], [-123.11928, 47.36284, -20147.884765625]]], [[[-123.11928, 47.36284, -20147.884765625], [-123.11373, 47.36016, -20983.8359375], [-123.10681, 47.36522, -20497.08984375], [-123.11928, 47.36284, -20147.884765625]]], [[[-123.11373, 47.36016, -20983.8359375], [-123.12617, 47.35777, -20628.724609375], [-123.12161, 47.35447, -21468.525390625], [-123.11373, 47.36016, -20983.8359375]]], [[[-123.11373, 47.36016, -20983.8359375], [-123.10974, 47.3565, -21863.103515625], [-123.10238, 47.3617, -21392.064453125], [-123.11373, 47.36016, -20983.8359375]]], [[[-123.10974, 47.3565, -21863.103515625], [-123.09877, 47.35781, -22291.453125], [-123.10238, 47.3617, -21392.064453125], [-123.10974, 47.3565, -21863.103515625]]], [[[-123.10974, 47.3565, -21863.103515625], [-123.10726, 47.35207, -22755.083984375], [-123.09877, 47.35781, -22291.453125], [-123.10974, 47.3565, -21863.103515625]]], [[[-123.09535, 47.35409, -23147.87890625], [-123.08672, 47.36065, -22675.41015625], [-123.09877, 47.35781, -22291.453125], [-123.09535, 47.35409, -23147.87890625]]], [[[-123.09535, 47.35409, -23147.87890625], [-123.08273, 47.35706, -23549.181640625], [-123.08672, 47.36065, -22675.41015625], [-123.09535, 47.35409, -23147.87890625]]], [[[-123.09535, 47.35409, -23147.87890625], [-123.09086, 47.35089, -23994.072265625], [-123.08273, 47.35706, -23549.181640625], [-123.09535, 47.35409, -23147.87890625]]], [[[-123.09086, 47.35089, -23994.072265625], [-123.07873, 47.35348, -24422.951171875], [-123.08273, 47.35706, -23549.181640625], [-123.09086, 47.35089, -23994.072265625]]], [[[-123.07873, 47.35348, -24422.951171875], [-123.09086, 47.35089, -23994.072265625], [-123.08635, 47.34743, -24884.19140625], [-123.07873, 47.35348, -24422.951171875]]], [[[-123.07873, 47.35348, -24422.951171875], [-123.08635, 47.34743, -24884.19140625], [-123.07457, 47.34996, -25295.70703125], [-123.07873, 47.35348, -24422.951171875]]], [[[-123.07873, 47.35348, -24422.951171875], [-123.07457, 47.34996, -25295.70703125], [-123.06607, 47.35622, -24812.10546875], [-123.07873, 47.35348, -24422.951171875]]], [[[-123.07873, 47.35348, -24422.951171875], [-123.06607, 47.35622, -24812.10546875], [-123.07007, 47.35982, -23938.66796875], [-123.07873, 47.35348, -24422.951171875]]], [[[-123.07873, 47.35348, -24422.951171875], [-123.07007, 47.35982, -23938.66796875], [-123.08273, 47.35706, -23549.181640625], [-123.07873, 47.35348, -24422.951171875]]], [[[-123.07406, 47.36341, -23065.228515625], [-123.08273, 47.35706, -23549.181640625], [-123.07007, 47.35982, -23938.66796875], [-123.07406, 47.36341, -23065.228515625]]], [[[-123.07406, 47.36341, -23065.228515625], [-123.08672, 47.36065, -22675.41015625], [-123.08273, 47.35706, -23549.181640625], [-123.07406, 47.36341, -23065.228515625]]], [[[-123.08672, 47.36065, -22675.41015625], [-123.07406, 47.36341, -23065.228515625], [-123.07806, 47.367, -22191.791015625], [-123.08672, 47.36065, -22675.41015625]]], [[[-123.07806, 47.367, -22191.791015625], [-123.09072, 47.36424, -21801.63671875], [-123.08672, 47.36065, -22675.41015625], [-123.07806, 47.367, -22191.791015625]]], [[[-123.09072, 47.36424, -21801.63671875], [-123.07806, 47.367, -22191.791015625], [-123.08206, 47.37059, -21318.353515625], [-123.09072, 47.36424, -21801.63671875]]], [[[-123.07406, 47.36341, -23065.228515625], [-123.06647, 47.37068, -22656.009765625], [-123.07806, 47.367, -22191.791015625], [-123.07406, 47.36341, -23065.228515625]]], [[[-123.07406, 47.36341, -23065.228515625], [-123.06246, 47.36707, -23528.693359375], [-123.06647, 47.37068, -22656.009765625], [-123.07406, 47.36341, -23065.228515625]]], [[[-123.07406, 47.36341, -23065.228515625], [-123.07007, 47.35982, -23938.66796875], [-123.06246, 47.36707, -23528.693359375], [-123.07406, 47.36341, -23065.228515625]]], [[[-123.05536, 47.37465, -23148.080078125], [-123.06647, 47.37068, -22656.009765625], [-123.06246, 47.36707, -23528.693359375], [-123.05536, 47.37465, -23148.080078125]]], [[[-123.06647, 47.37068, -22656.009765625], [-123.05536, 47.37465, -23148.080078125], [-123.05937, 47.37825, -22275.54296875], [-123.06647, 47.37068, -22656.009765625]]], [[[-123.05536, 47.37465, -23148.080078125], [-123.05047, 47.3833, -22880.908203125], [-123.05937, 47.37825, -22275.54296875], [-123.05536, 47.37465, -23148.080078125]]], [[[-123.05047, 47.3833, -22880.908203125], [-123.05536, 47.37465, -23148.080078125], [-123.04647, 47.37971, -23754.1484375], [-123.05047, 47.3833, -22880.908203125]]], [[[-123.04294, 47.38876, -23542.533203125], [-123.05047, 47.3833, -22880.908203125], [-123.04647, 47.37971, -23754.1484375], [-123.04294, 47.38876, -23542.533203125]]], [[[-123.05047, 47.3833, -22880.908203125], [-123.04294, 47.38876, -23542.533203125], [-123.04694, 47.39236, -22669.53515625], [-123.05047, 47.3833, -22880.908203125]]], [[[-123.04247, 47.37611, -24627.388671875], [-123.03894, 47.38516, -24415.53125], [-123.04647, 47.37971, -23754.1484375], [-123.04247, 47.37611, -24627.388671875]]], [[[-123.05134, 47.37104, -24020.615234375], [-123.04247, 47.37611, -24627.388671875], [-123.04647, 47.37971, -23754.1484375], [-123.05134, 47.37104, -24020.615234375]]], [[[-123.05134, 47.37104, -24020.615234375], [-123.04647, 47.37971, -23754.1484375], [-123.05536, 47.37465, -23148.080078125], [-123.05134, 47.37104, -24020.615234375]]], [[[-123.07457, 47.34996, -25295.70703125], [-123.06207, 47.35263, -25685.54296875], [-123.06607, 47.35622, -24812.10546875], [-123.07457, 47.34996, -25295.70703125]]], [[[-123.07457, 47.34996, -25295.70703125], [-123.07058, 47.34637, -26169.38671875], [-123.06207, 47.35263, -25685.54296875], [-123.07457, 47.34996, -25295.70703125]]], [[[-123.08235, 47.34384, -25760.291015625], [-123.07058, 47.34637, -26169.38671875], [-123.07457, 47.34996, -25295.70703125], [-123.08235, 47.34384, -25760.291015625]]], [[[-123.07837, 47.34025, -26635.841796875], [-123.07058, 47.34637, -26169.38671875], [-123.08235, 47.34384, -25760.291015625], [-123.07837, 47.34025, -26635.841796875]]], [[[-123.07434, 47.3366, -27523.400390625], [-123.06666, 47.34275, -27044.0703125], [-123.07837, 47.34025, -26635.841796875], [-123.07434, 47.3366, -27523.400390625]]], [[[-123.07434, 47.3366, -27523.400390625], [-123.06268, 47.33913, -27922.55078125], [-123.06666, 47.34275, -27044.0703125], [-123.07434, 47.3366, -27523.400390625]]], [[[-123.07018, 47.33262, -28476.533203125], [-123.06268, 47.33913, -27922.55078125], [-123.07434, 47.3366, -27523.400390625], [-123.07018, 47.33262, -28476.533203125]]], [[[-123.07018, 47.33262, -28476.533203125], [-123.05917, 47.33498, -28864.11328125], [-123.06268, 47.33913, -27922.55078125], [-123.07018, 47.33262, -28476.533203125]]], [[[-123.07018, 47.33262, -28476.533203125], [-123.06881, 47.32643, -29618.0859375], [-123.05917, 47.33498, -28864.11328125], [-123.07018, 47.33262, -28476.533203125]]], [[[-123.07714, 47.32766, -28880.103515625], [-123.06881, 47.32643, -29618.0859375], [-123.07018, 47.33262, -28476.533203125], [-123.07714, 47.32766, -28880.103515625]]], [[[-123.07714, 47.32766, -28880.103515625], [-123.08478, 47.32205, -29350.66015625], [-123.06881, 47.32643, -29618.0859375], [-123.07714, 47.32766, -28880.103515625]]], [[[-123.07714, 47.32766, -28880.103515625], [-123.08964, 47.32555, -28458.947265625], [-123.08478, 47.32205, -29350.66015625], [-123.07714, 47.32766, -28880.103515625]]], [[[-123.07714, 47.32766, -28880.103515625], [-123.08154, 47.3313, -27972.328125], [-123.08964, 47.32555, -28458.947265625], [-123.07714, 47.32766, -28880.103515625]]], [[[-123.08154, 47.3313, -27972.328125], [-123.07714, 47.32766, -28880.103515625], [-123.07018, 47.33262, -28476.533203125], [-123.08154, 47.3313, -27972.328125]]], [[[-123.08154, 47.3313, -27972.328125], [-123.07018, 47.33262, -28476.533203125], [-123.07434, 47.3366, -27523.400390625], [-123.08154, 47.3313, -27972.328125]]], [[[-123.08154, 47.3313, -27972.328125], [-123.07434, 47.3366, -27523.400390625], [-123.08564, 47.33493, -27090.76953125], [-123.08154, 47.3313, -27972.328125]]], [[[-123.08964, 47.32555, -28458.947265625], [-123.08154, 47.3313, -27972.328125], [-123.09364, 47.32916, -27585.14453125], [-123.08964, 47.32555, -28458.947265625]]], [[[-123.09364, 47.32916, -27585.14453125], [-123.08564, 47.33493, -27090.76953125], [-123.09763, 47.33278, -26711.3515625], [-123.09364, 47.32916, -27585.14453125]]], [[[-123.08564, 47.33493, -27090.76953125], [-123.07837, 47.34025, -26635.841796875], [-123.08966, 47.33855, -26215.125], [-123.08564, 47.33493, -27090.76953125]]], [[[-123.08564, 47.33493, -27090.76953125], [-123.07434, 47.3366, -27523.400390625], [-123.07837, 47.34025, -26635.841796875], [-123.08564, 47.33493, -27090.76953125]]], [[[-123.08966, 47.33855, -26215.125], [-123.07837, 47.34025, -26635.841796875], [-123.08235, 47.34384, -25760.291015625], [-123.08966, 47.33855, -26215.125]]], [[[-123.08966, 47.33855, -26215.125], [-123.10163, 47.33639, -25837.560546875], [-123.09763, 47.33278, -26711.3515625], [-123.08966, 47.33855, -26215.125]]], [[[-123.08964, 47.32555, -28458.947265625], [-123.09873, 47.31968, -28977.587890625], [-123.08478, 47.32205, -29350.66015625], [-123.08964, 47.32555, -28458.947265625]]], [[[-123.0815, 47.31848, -30181.7890625], [-123.06881, 47.32643, -29618.0859375], [-123.08478, 47.32205, -29350.66015625], [-123.0815, 47.31848, -30181.7890625]]], [[[-123.07157, 47.31955, -30590.095703125], [-123.07625, 47.31354, -31365.45703125], [-123.0638, 47.31765, -31464.046875], [-123.07157, 47.31955, -30590.095703125]]], [[[-123.06881, 47.32643, -29618.0859375], [-123.07157, 47.31955, -30590.095703125], [-123.06113, 47.32396, -30549.830078125], [-123.06881, 47.32643, -29618.0859375]]], [[[-123.06881, 47.32643, -29618.0859375], [-123.06113, 47.32396, -30549.830078125], [-123.05532, 47.33143, -29721.86328125], [-123.06881, 47.32643, -29618.0859375]]], [[[-123.06881, 47.32643, -29618.0859375], [-123.05532, 47.33143, -29721.86328125], [-123.05917, 47.33498, -28864.11328125], [-123.06881, 47.32643, -29618.0859375]]], [[[-123.04609, 47.33826, -29179.29296875], [-123.05917, 47.33498, -28864.11328125], [-123.05532, 47.33143, -29721.86328125], [-123.04609, 47.33826, -29179.29296875]]], [[[-123.05008, 47.34185, -28305.85546875], [-123.06268, 47.33913, -27922.55078125], [-123.05917, 47.33498, -28864.11328125], [-123.05008, 47.34185, -28305.85546875]]], [[[-123.06268, 47.33913, -27922.55078125], [-123.05008, 47.34185, -28305.85546875], [-123.05408, 47.34545, -27432.41796875], [-123.06268, 47.33913, -27922.55078125]]], [[[-123.06666, 47.34275, -27044.0703125], [-123.05408, 47.34545, -27432.41796875], [-123.05808, 47.34904, -26558.98046875], [-123.06666, 47.34275, -27044.0703125]]], [[[-123.07058, 47.34637, -26169.38671875], [-123.06666, 47.34275, -27044.0703125], [-123.05808, 47.34904, -26558.98046875], [-123.07058, 47.34637, -26169.38671875]]], [[[-123.07058, 47.34637, -26169.38671875], [-123.05808, 47.34904, -26558.98046875], [-123.06207, 47.35263, -25685.54296875], [-123.07058, 47.34637, -26169.38671875]]], [[[-123.05808, 47.34904, -26558.98046875], [-123.05043, 47.35627, -26146.744140625], [-123.06207, 47.35263, -25685.54296875], [-123.05808, 47.34904, -26558.98046875]]], [[[-123.05808, 47.34904, -26558.98046875], [-123.04643, 47.35267, -27019.427734375], [-123.05043, 47.35627, -26146.744140625], [-123.05808, 47.34904, -26558.98046875]]], [[[-123.05408, 47.34545, -27432.41796875], [-123.04242, 47.34906, -27892.109375], [-123.04643, 47.35267, -27019.427734375], [-123.05408, 47.34545, -27432.41796875]]], [[[-123.05008, 47.34185, -28305.85546875], [-123.04242, 47.34906, -27892.109375], [-123.05408, 47.34545, -27432.41796875], [-123.05008, 47.34185, -28305.85546875]]], [[[-123.05008, 47.34185, -28305.85546875], [-123.03841, 47.34546, -28764.79296875], [-123.04242, 47.34906, -27892.109375], [-123.05008, 47.34185, -28305.85546875]]], [[[-123.04609, 47.33826, -29179.29296875], [-123.03841, 47.34546, -28764.79296875], [-123.05008, 47.34185, -28305.85546875], [-123.04609, 47.33826, -29179.29296875]]], [[[-123.04609, 47.33826, -29179.29296875], [-123.03441, 47.34186, -29637.4765625], [-123.03841, 47.34546, -28764.79296875], [-123.04609, 47.33826, -29179.29296875]]], [[[-123.0421, 47.33467, -30052.4140625], [-123.03441, 47.34186, -29637.4765625], [-123.04609, 47.33826, -29179.29296875], [-123.0421, 47.33467, -30052.4140625]]], [[[-123.0421, 47.33467, -30052.4140625], [-123.0304, 47.33826, -30510.16015625], [-123.03441, 47.34186, -29637.4765625], [-123.0421, 47.33467, -30052.4140625]]], [[[-123.0421, 47.33467, -30052.4140625], [-123.03797, 47.33102, -30945.349609375], [-123.0304, 47.33826, -30510.16015625], [-123.0421, 47.33467, -30052.4140625]]], [[[-123.05021, 47.32831, -30584.302734375], [-123.03797, 47.33102, -30945.349609375], [-123.0421, 47.33467, -30052.4140625], [-123.05021, 47.32831, -30584.302734375]]], [[[-123.04335, 47.32574, -31463.140625], [-123.03797, 47.33102, -30945.349609375], [-123.05021, 47.32831, -30584.302734375], [-123.04335, 47.32574, -31463.140625]]], [[[-123.04335, 47.32574, -31463.140625], [-123.03346, 47.32559, -32139.9375], [-123.03797, 47.33102, -30945.349609375], [-123.04335, 47.32574, -31463.140625]]], [[[-123.03346, 47.32559, -32139.9375], [-123.04335, 47.32574, -31463.140625], [-123.04473, 47.32024, -32317.9765625], [-123.03346, 47.32559, -32139.9375]]], [[[-123.03346, 47.32559, -32139.9375], [-123.04473, 47.32024, -32317.9765625], [-123.03582, 47.31888, -33127.95703125], [-123.03346, 47.32559, -32139.9375]]], [[[-123.03346, 47.32559, -32139.9375], [-123.03582, 47.31888, -33127.95703125], [-123.02583, 47.32341, -33099.08203125], [-123.03346, 47.32559, -32139.9375]]], [[[-123.03346, 47.32559, -32139.9375], [-123.02583, 47.32341, -33099.08203125], [-123.0217, 47.33088, -32343.79296875], [-123.03346, 47.32559, -32139.9375]]], [[[-123.02659, 47.33411, -31442.197265625], [-123.03346, 47.32559, -32139.9375], [-123.0217, 47.33088, -32343.79296875], [-123.02659, 47.33411, -31442.197265625]]], [[[-123.03797, 47.33102, -30945.349609375], [-123.03346, 47.32559, -32139.9375], [-123.02659, 47.33411, -31442.197265625], [-123.03797, 47.33102, -30945.349609375]]], [[[-123.03797, 47.33102, -30945.349609375], [-123.02659, 47.33411, -31442.197265625], [-123.0304, 47.33826, -30510.16015625], [-123.03797, 47.33102, -30945.349609375]]], [[[-123.0304, 47.33826, -30510.16015625], [-123.02659, 47.33411, -31442.197265625], [-123.01927, 47.34221, -31000.90234375], [-123.0304, 47.33826, -30510.16015625]]], [[[-123.0304, 47.33826, -30510.16015625], [-123.01927, 47.34221, -31000.90234375], [-123.02328, 47.34582, -30128.3671875], [-123.0304, 47.33826, -30510.16015625]]], [[[-123.02328, 47.34582, -30128.3671875], [-123.03441, 47.34186, -29637.4765625], [-123.0304, 47.33826, -30510.16015625], [-123.02328, 47.34582, -30128.3671875]]], [[[-123.03441, 47.34186, -29637.4765625], [-123.02328, 47.34582, -30128.3671875], [-123.02729, 47.34942, -29255.83203125], [-123.03441, 47.34186, -29637.4765625]]], [[[-123.02729, 47.34942, -29255.83203125], [-123.03841, 47.34546, -28764.79296875], [-123.03441, 47.34186, -29637.4765625], [-123.02729, 47.34942, -29255.83203125]]], [[[-123.04242, 47.34906, -27892.109375], [-123.03841, 47.34546, -28764.79296875], [-123.0313, 47.35302, -28383.294921875], [-123.04242, 47.34906, -27892.109375]]], [[[-123.04242, 47.34906, -27892.109375], [-123.0313, 47.35302, -28383.294921875], [-123.0353, 47.35663, -27510.759765625], [-123.04242, 47.34906, -27892.109375]]], [[[-123.04643, 47.35267, -27019.427734375], [-123.04242, 47.34906, -27892.109375], [-123.0353, 47.35663, -27510.759765625], [-123.04643, 47.35267, -27019.427734375]]], [[[-123.04643, 47.35267, -27019.427734375], [-123.0353, 47.35663, -27510.759765625], [-123.03931, 47.36023, -26638.22265625], [-123.04643, 47.35267, -27019.427734375]]], [[[-123.05043, 47.35627, -26146.744140625], [-123.04643, 47.35267, -27019.427734375], [-123.03931, 47.36023, -26638.22265625], [-123.05043, 47.35627, -26146.744140625]]], [[[-123.05043, 47.35627, -26146.744140625], [-123.03931, 47.36023, -26638.22265625], [-123.04332, 47.36384, -25765.6875], [-123.05043, 47.35627, -26146.744140625]]], [[[-123.03931, 47.36023, -26638.22265625], [-123.03449, 47.36891, -26373.869140625], [-123.04332, 47.36384, -25765.6875], [-123.03931, 47.36023, -26638.22265625]]], [[[-123.03449, 47.36891, -26373.869140625], [-123.03931, 47.36023, -26638.22265625], [-123.03049, 47.36531, -27247.109375], [-123.03449, 47.36891, -26373.869140625]]], [[[-123.03449, 47.36891, -26373.869140625], [-123.02693, 47.37436, -27034.525390625], [-123.03094, 47.37796, -26161.52734375], [-123.03449, 47.36891, -26373.869140625]]], [[[-123.0353, 47.35663, -27510.759765625], [-123.03049, 47.36531, -27247.109375], [-123.03931, 47.36023, -26638.22265625], [-123.0353, 47.35663, -27510.759765625]]], [[[-123.02659, 47.33411, -31442.197265625], [-123.01501, 47.33845, -31921.380859375], [-123.01927, 47.34221, -31000.90234375], [-123.02659, 47.33411, -31442.197265625]]], [[[-123.01501, 47.33845, -31921.380859375], [-123.02659, 47.33411, -31442.197265625], [-123.0217, 47.33088, -32343.79296875], [-123.01501, 47.33845, -31921.380859375]]], [[[-123.0217, 47.33088, -32343.79296875], [-123.02583, 47.32341, -33099.08203125], [-123.01747, 47.32783, -33160.23046875], [-123.0217, 47.33088, -32343.79296875]]], [[[-123.03582, 47.31888, -33127.95703125], [-123.02683, 47.31751, -33935.515625], [-123.02583, 47.32341, -33099.08203125], [-123.03582, 47.31888, -33127.95703125]]], [[[-123.02683, 47.31751, -33935.515625], [-123.03582, 47.31888, -33127.95703125], [-123.03794, 47.31315, -33964.29296875], [-123.02683, 47.31751, -33935.515625]]], [[[-123.02683, 47.31751, -33935.515625], [-123.03794, 47.31315, -33964.29296875], [-123.02894, 47.31187, -34776.1953125], [-123.02683, 47.31751, -33935.515625]]], [[[-123.02683, 47.31751, -33935.515625], [-123.02894, 47.31187, -34776.1953125], [-123.0183, 47.31647, -34771.40234375], [-123.02683, 47.31751, -33935.515625]]], [[[-123.03794, 47.31315, -33964.29296875], [-123.04069, 47.30716, -34769.50390625], [-123.02894, 47.31187, -34776.1953125], [-123.03794, 47.31315, -33964.29296875]]], [[[-123.04685, 47.31435, -33143.046875], [-123.04966, 47.30845, -33956.93359375], [-123.03794, 47.31315, -33964.29296875], [-123.04685, 47.31435, -33143.046875]]], [[[-123.04685, 47.31435, -33143.046875], [-123.05794, 47.31006, -33112.0859375], [-123.04966, 47.30845, -33956.93359375], [-123.04685, 47.31435, -33143.046875]]], [[[-123.05522, 47.31594, -32296.826171875], [-123.05794, 47.31006, -33112.0859375], [-123.04685, 47.31435, -33143.046875], [-123.05522, 47.31594, -32296.826171875]]], [[[-123.06641, 47.31148, -32264.4375], [-123.05794, 47.31006, -33112.0859375], [-123.05522, 47.31594, -32296.826171875], [-123.06641, 47.31148, -32264.4375]]], [[[-123.06641, 47.31148, -32264.4375], [-123.06921, 47.30606, -33116.1171875], [-123.05794, 47.31006, -33112.0859375], [-123.06641, 47.31148, -32264.4375]]], [[[-123.079, 47.30767, -32346.93359375], [-123.06921, 47.30606, -33116.1171875], [-123.06641, 47.31148, -32264.4375], [-123.079, 47.30767, -32346.93359375]]], [[[-123.079, 47.30767, -32346.93359375], [-123.08312, 47.30154, -33132.453125], [-123.06921, 47.30606, -33116.1171875], [-123.079, 47.30767, -32346.93359375]]], [[[-123.09406, 47.30239, -32258.52734375], [-123.08312, 47.30154, -33132.453125], [-123.079, 47.30767, -32346.93359375], [-123.09406, 47.30239, -32258.52734375]]], [[[-123.08688, 47.30866, -31641.603515625], [-123.09406, 47.30239, -32258.52734375], [-123.079, 47.30767, -32346.93359375], [-123.08688, 47.30866, -31641.603515625]]], [[[-123.07625, 47.31354, -31365.45703125], [-123.08688, 47.30866, -31641.603515625], [-123.079, 47.30767, -32346.93359375], [-123.07625, 47.31354, -31365.45703125]]], [[[-123.08993, 47.31261, -30757.662109375], [-123.08688, 47.30866, -31641.603515625], [-123.07625, 47.31354, -31365.45703125], [-123.08993, 47.31261, -30757.662109375]]], [[[-123.07625, 47.31354, -31365.45703125], [-123.0815, 47.31848, -30181.7890625], [-123.08993, 47.31261, -30757.662109375], [-123.07625, 47.31354, -31365.45703125]]], [[[-123.09473, 47.31607, -29856.6875], [-123.08993, 47.31261, -30757.662109375], [-123.0815, 47.31848, -30181.7890625], [-123.09473, 47.31607, -29856.6875]]], [[[-123.07625, 47.31354, -31365.45703125], [-123.079, 47.30767, -32346.93359375], [-123.06641, 47.31148, -32264.4375], [-123.07625, 47.31354, -31365.45703125]]], [[[-123.0638, 47.31765, -31464.046875], [-123.07625, 47.31354, -31365.45703125], [-123.06641, 47.31148, -32264.4375], [-123.0638, 47.31765, -31464.046875]]], [[[-123.05318, 47.32182, -31457.833984375], [-123.0638, 47.31765, -31464.046875], [-123.05522, 47.31594, -32296.826171875], [-123.05318, 47.32182, -31457.833984375]]], [[[-123.06113, 47.32396, -30549.830078125], [-123.0638, 47.31765, -31464.046875], [-123.05318, 47.32182, -31457.833984375], [-123.06113, 47.32396, -30549.830078125]]], [[[-123.06113, 47.32396, -30549.830078125], [-123.05318, 47.32182, -31457.833984375], [-123.05021, 47.32831, -30584.302734375], [-123.06113, 47.32396, -30549.830078125]]], [[[-123.05532, 47.33143, -29721.86328125], [-123.06113, 47.32396, -30549.830078125], [-123.05021, 47.32831, -30584.302734375], [-123.05532, 47.33143, -29721.86328125]]], [[[-123.0421, 47.33467, -30052.4140625], [-123.05532, 47.33143, -29721.86328125], [-123.05021, 47.32831, -30584.302734375], [-123.0421, 47.33467, -30052.4140625]]], [[[-123.05532, 47.33143, -29721.86328125], [-123.0421, 47.33467, -30052.4140625], [-123.04609, 47.33826, -29179.29296875], [-123.05532, 47.33143, -29721.86328125]]], [[[-123.05021, 47.32831, -30584.302734375], [-123.05318, 47.32182, -31457.833984375], [-123.04335, 47.32574, -31463.140625], [-123.05021, 47.32831, -30584.302734375]]], [[[-123.05318, 47.32182, -31457.833984375], [-123.04473, 47.32024, -32317.9765625], [-123.04335, 47.32574, -31463.140625], [-123.05318, 47.32182, -31457.833984375]]], [[[-123.05318, 47.32182, -31457.833984375], [-123.05522, 47.31594, -32296.826171875], [-123.04473, 47.32024, -32317.9765625], [-123.05318, 47.32182, -31457.833984375]]], [[[-123.04473, 47.32024, -32317.9765625], [-123.05522, 47.31594, -32296.826171875], [-123.04685, 47.31435, -33143.046875], [-123.04473, 47.32024, -32317.9765625]]], [[[-123.04473, 47.32024, -32317.9765625], [-123.04685, 47.31435, -33143.046875], [-123.03582, 47.31888, -33127.95703125], [-123.04473, 47.32024, -32317.9765625]]], [[[-123.04685, 47.31435, -33143.046875], [-123.03794, 47.31315, -33964.29296875], [-123.03582, 47.31888, -33127.95703125], [-123.04685, 47.31435, -33143.046875]]], [[[-123.06921, 47.30606, -33116.1171875], [-123.08312, 47.30154, -33132.453125], [-123.07255, 47.30055, -33959.6640625], [-123.06921, 47.30606, -33116.1171875]]], [[[-123.06921, 47.30606, -33116.1171875], [-123.07255, 47.30055, -33959.6640625], [-123.06039, 47.30403, -33915.87890625], [-123.06921, 47.30606, -33116.1171875]]], [[[-123.05794, 47.31006, -33112.0859375], [-123.06921, 47.30606, -33116.1171875], [-123.06039, 47.30403, -33915.87890625], [-123.05794, 47.31006, -33112.0859375]]], [[[-123.05794, 47.31006, -33112.0859375], [-123.06039, 47.30403, -33915.87890625], [-123.04966, 47.30845, -33956.93359375], [-123.05794, 47.31006, -33112.0859375]]], [[[-123.09473, 47.31607, -29856.6875], [-123.09873, 47.31968, -28977.587890625], [-123.10749, 47.31347, -29470.29296875], [-123.09473, 47.31607, -29856.6875]]], [[[-123.08235, 47.34384, -25760.291015625], [-123.07457, 47.34996, -25295.70703125], [-123.08635, 47.34743, -24884.19140625], [-123.08235, 47.34384, -25760.291015625]]], [[[-123.09774, 47.34571, -24474.26953125], [-123.08635, 47.34743, -24884.19140625], [-123.09086, 47.35089, -23994.072265625], [-123.09774, 47.34571, -24474.26953125]]], [[[-123.15063, 47.3666, -17612.443359375], [-123.16318, 47.36377, -17214.107421875], [-123.15919, 47.36018, -18089.478515625], [-123.15063, 47.3666, -17612.443359375]]], [[[-123.16318, 47.36377, -17214.107421875], [-123.17164, 47.35733, -17687.201171875], [-123.15919, 47.36018, -18089.478515625], [-123.16318, 47.36377, -17214.107421875]]], [[[-123.16318, 47.36377, -17214.107421875], [-123.17561, 47.36091, -16811.421875], [-123.17164, 47.35733, -17687.201171875], [-123.16318, 47.36377, -17214.107421875]]], [[[-123.16716, 47.36737, -16338.7353515625], [-123.17561, 47.36091, -16811.421875], [-123.16318, 47.36377, -17214.107421875], [-123.16716, 47.36737, -16338.7353515625]]], [[[-123.16716, 47.36737, -16338.7353515625], [-123.17959, 47.3645, -15935.6435546875], [-123.17561, 47.36091, -16811.421875], [-123.16716, 47.36737, -16338.7353515625]]], [[[-123.16716, 47.36737, -16338.7353515625], [-123.17114, 47.37096, -15463.3623046875], [-123.17959, 47.3645, -15935.6435546875], [-123.16716, 47.36737, -16338.7353515625]]], [[[-123.15864, 47.37383, -15865.31640625], [-123.17114, 47.37096, -15463.3623046875], [-123.16716, 47.36737, -16338.7353515625], [-123.15864, 47.37383, -15865.31640625]]], [[[-123.16264, 47.37745, -14991.75], [-123.17114, 47.37096, -15463.3623046875], [-123.15864, 47.37383, -15865.31640625], [-123.16264, 47.37745, -14991.75]]], [[[-123.16264, 47.37745, -14991.75], [-123.17513, 47.37455, -14587.98828125], [-123.17114, 47.37096, -15463.3623046875], [-123.16264, 47.37745, -14991.75]]], [[[-123.16665, 47.38107, -14118.1796875], [-123.17513, 47.37455, -14587.98828125], [-123.16264, 47.37745, -14991.75], [-123.16665, 47.38107, -14118.1796875]]], [[[-123.16665, 47.38107, -14118.1796875], [-123.17911, 47.37815, -13712.6083984375], [-123.17513, 47.37455, -14587.98828125], [-123.16665, 47.38107, -14118.1796875]]], [[[-123.17065, 47.38469, -13244.60546875], [-123.17911, 47.37815, -13712.6083984375], [-123.16665, 47.38107, -14118.1796875], [-123.17065, 47.38469, -13244.60546875]]], [[[-123.17065, 47.38469, -13244.60546875], [-123.18309, 47.38174, -12837.2275390625], [-123.17911, 47.37815, -13712.6083984375], [-123.17065, 47.38469, -13244.60546875]]], [[[-123.17466, 47.3883, -12371.0322265625], [-123.18708, 47.38533, -11961.8505859375], [-123.18309, 47.38174, -12837.2275390625], [-123.17466, 47.3883, -12371.0322265625]]], [[[-123.17867, 47.39192, -11497.455078125], [-123.19107, 47.38892, -11086.4677734375], [-123.18708, 47.38533, -11961.8505859375], [-123.17867, 47.39192, -11497.455078125]]], [[[-123.18268, 47.39554, -10623.873046875], [-123.19107, 47.38892, -11086.4677734375], [-123.17867, 47.39192, -11497.455078125], [-123.18268, 47.39554, -10623.873046875]]], [[[-123.18268, 47.39554, -10623.873046875], [-123.19505, 47.39251, -10211.0849609375], [-123.19107, 47.38892, -11086.4677734375], [-123.18268, 47.39554, -10623.873046875]]], [[[-123.18268, 47.39554, -10623.873046875], [-123.18668, 47.39915, -9750.2939453125], [-123.19505, 47.39251, -10211.0849609375], [-123.18268, 47.39554, -10623.873046875]]], [[[-123.16551, 47.40692, -9595.6796875], [-123.17773, 47.40504, -9235.9677734375], [-123.17372, 47.40143, -10109.908203125], [-123.16551, 47.40692, -9595.6796875]]], [[[-123.16151, 47.40333, -10471.490234375], [-123.16551, 47.40692, -9595.6796875], [-123.17372, 47.40143, -10109.908203125], [-123.16151, 47.40333, -10471.490234375]]], [[[-123.16972, 47.39782, -10983.6875], [-123.16151, 47.40333, -10471.490234375], [-123.17372, 47.40143, -10109.908203125], [-123.16972, 47.39782, -10983.6875]]], [[[-123.15752, 47.39974, -11346.5986328125], [-123.16151, 47.40333, -10471.490234375], [-123.16972, 47.39782, -10983.6875], [-123.15752, 47.39974, -11346.5986328125]]], [[[-123.16572, 47.3942, -11857.4248046875], [-123.15752, 47.39974, -11346.5986328125], [-123.16972, 47.39782, -10983.6875], [-123.16572, 47.3942, -11857.4248046875]]], [[[-123.16572, 47.3942, -11857.4248046875], [-123.17867, 47.39192, -11497.455078125], [-123.17466, 47.3883, -12371.0322265625], [-123.16572, 47.3942, -11857.4248046875]]], [[[-123.16171, 47.39059, -12731.24609375], [-123.16572, 47.3942, -11857.4248046875], [-123.17466, 47.3883, -12371.0322265625], [-123.16171, 47.39059, -12731.24609375]]], [[[-123.16171, 47.39059, -12731.24609375], [-123.17466, 47.3883, -12371.0322265625], [-123.17065, 47.38469, -13244.60546875], [-123.16171, 47.39059, -12731.24609375]]], [[[-123.15771, 47.38698, -13605.0634765625], [-123.16171, 47.39059, -12731.24609375], [-123.17065, 47.38469, -13244.60546875], [-123.15771, 47.38698, -13605.0634765625]]], [[[-123.15771, 47.38698, -13605.0634765625], [-123.17065, 47.38469, -13244.60546875], [-123.16665, 47.38107, -14118.1796875], [-123.15771, 47.38698, -13605.0634765625]]], [[[-123.15371, 47.38336, -14478.8837890625], [-123.15771, 47.38698, -13605.0634765625], [-123.16665, 47.38107, -14118.1796875], [-123.15371, 47.38336, -14478.8837890625]]], [[[-123.1497, 47.37975, -15352.724609375], [-123.16264, 47.37745, -14991.75], [-123.15864, 47.37383, -15865.31640625], [-123.1497, 47.37975, -15352.724609375]]], [[[-123.14561, 47.37616, -16225.607421875], [-123.1497, 47.37975, -15352.724609375], [-123.15864, 47.37383, -15865.31640625], [-123.14561, 47.37616, -16225.607421875]]], [[[-123.14561, 47.37616, -16225.607421875], [-123.15864, 47.37383, -15865.31640625], [-123.15463, 47.37022, -16738.880859375], [-123.14561, 47.37616, -16225.607421875]]], [[[-123.15864, 47.37383, -15865.31640625], [-123.16716, 47.36737, -16338.7353515625], [-123.15463, 47.37022, -16738.880859375], [-123.15864, 47.37383, -15865.31640625]]], [[[-123.15463, 47.37022, -16738.880859375], [-123.16716, 47.36737, -16338.7353515625], [-123.16318, 47.36377, -17214.107421875], [-123.15463, 47.37022, -16738.880859375]]], [[[-123.16972, 47.39782, -10983.6875], [-123.18268, 47.39554, -10623.873046875], [-123.17867, 47.39192, -11497.455078125], [-123.16972, 47.39782, -10983.6875]]], [[[-123.17372, 47.40143, -10109.908203125], [-123.18268, 47.39554, -10623.873046875], [-123.16972, 47.39782, -10983.6875], [-123.17372, 47.40143, -10109.908203125]]], [[[-123.19505, 47.39251, -10211.0849609375], [-123.18668, 47.39915, -9750.2939453125], [-123.19904, 47.39611, -9335.7060546875], [-123.19505, 47.39251, -10211.0849609375]]], [[[-123.19904, 47.39611, -9335.7060546875], [-123.20745, 47.38961, -9805.16796875], [-123.19505, 47.39251, -10211.0849609375], [-123.19904, 47.39611, -9335.7060546875]]], [[[-123.19505, 47.39251, -10211.0849609375], [-123.20745, 47.38961, -9805.16796875], [-123.20347, 47.38602, -10680.94921875], [-123.19505, 47.39251, -10211.0849609375]]], [[[-123.19505, 47.39251, -10211.0849609375], [-123.20347, 47.38602, -10680.94921875], [-123.19107, 47.38892, -11086.4677734375], [-123.19505, 47.39251, -10211.0849609375]]], [[[-123.19107, 47.38892, -11086.4677734375], [-123.20347, 47.38602, -10680.94921875], [-123.19949, 47.38244, -11556.7314453125], [-123.19107, 47.38892, -11086.4677734375]]], [[[-123.18708, 47.38533, -11961.8505859375], [-123.19107, 47.38892, -11086.4677734375], [-123.19949, 47.38244, -11556.7314453125], [-123.18708, 47.38533, -11961.8505859375]]], [[[-123.18708, 47.38533, -11961.8505859375], [-123.19949, 47.38244, -11556.7314453125], [-123.19551, 47.37885, -12432.5126953125], [-123.18708, 47.38533, -11961.8505859375]]], [[[-123.18309, 47.38174, -12837.2275390625], [-123.18708, 47.38533, -11961.8505859375], [-123.19551, 47.37885, -12432.5126953125], [-123.18309, 47.38174, -12837.2275390625]]], [[[-123.18309, 47.38174, -12837.2275390625], [-123.19551, 47.37885, -12432.5126953125], [-123.19153, 47.37526, -13308.2958984375], [-123.18309, 47.38174, -12837.2275390625]]], [[[-123.17911, 47.37815, -13712.6083984375], [-123.18309, 47.38174, -12837.2275390625], [-123.19153, 47.37526, -13308.2958984375], [-123.17911, 47.37815, -13712.6083984375]]], [[[-123.17911, 47.37815, -13712.6083984375], [-123.19153, 47.37526, -13308.2958984375], [-123.18755, 47.37168, -14184.08203125], [-123.17911, 47.37815, -13712.6083984375]]], [[[-123.17513, 47.37455, -14587.98828125], [-123.17911, 47.37815, -13712.6083984375], [-123.18755, 47.37168, -14184.08203125], [-123.17513, 47.37455, -14587.98828125]]], [[[-123.17513, 47.37455, -14587.98828125], [-123.18755, 47.37168, -14184.08203125], [-123.18357, 47.36809, -15059.8642578125], [-123.17513, 47.37455, -14587.98828125]]], [[[-123.17114, 47.37096, -15463.3623046875], [-123.17513, 47.37455, -14587.98828125], [-123.18357, 47.36809, -15059.8642578125], [-123.17114, 47.37096, -15463.3623046875]]], [[[-123.18357, 47.36809, -15059.8642578125], [-123.19225, 47.36198, -15555.7431640625], [-123.17959, 47.3645, -15935.6435546875], [-123.18357, 47.36809, -15059.8642578125]]], [[[-123.18357, 47.36809, -15059.8642578125], [-123.19625, 47.36558, -14681.337890625], [-123.19225, 47.36198, -15555.7431640625], [-123.18357, 47.36809, -15059.8642578125]]], [[[-123.18755, 47.37168, -14184.08203125], [-123.19625, 47.36558, -14681.337890625], [-123.18357, 47.36809, -15059.8642578125], [-123.18755, 47.37168, -14184.08203125]]], [[[-123.18755, 47.37168, -14184.08203125], [-123.20025, 47.36919, -13806.9296875], [-123.19625, 47.36558, -14681.337890625], [-123.18755, 47.37168, -14184.08203125]]], [[[-123.19153, 47.37526, -13308.2958984375], [-123.20025, 47.36919, -13806.9296875], [-123.18755, 47.37168, -14184.08203125], [-123.19153, 47.37526, -13308.2958984375]]], [[[-123.19153, 47.37526, -13308.2958984375], [-123.20424, 47.37279, -12932.5234375], [-123.20025, 47.36919, -13806.9296875], [-123.19153, 47.37526, -13308.2958984375]]], [[[-123.19551, 47.37885, -12432.5126953125], [-123.20424, 47.37279, -12932.5234375], [-123.19153, 47.37526, -13308.2958984375], [-123.19551, 47.37885, -12432.5126953125]]], [[[-123.19949, 47.38244, -11556.7314453125], [-123.20824, 47.3764, -12058.1181640625], [-123.19551, 47.37885, -12432.5126953125], [-123.19949, 47.38244, -11556.7314453125]]], [[[-123.19949, 47.38244, -11556.7314453125], [-123.21224, 47.38, -11183.7138671875], [-123.20824, 47.3764, -12058.1181640625], [-123.19949, 47.38244, -11556.7314453125]]], [[[-123.19949, 47.38244, -11556.7314453125], [-123.20347, 47.38602, -10680.94921875], [-123.21224, 47.38, -11183.7138671875], [-123.19949, 47.38244, -11556.7314453125]]], [[[-123.20347, 47.38602, -10680.94921875], [-123.21623, 47.38361, -10309.3095703125], [-123.21224, 47.38, -11183.7138671875], [-123.20347, 47.38602, -10680.94921875]]], [[[-123.20347, 47.38602, -10680.94921875], [-123.20745, 47.38961, -9805.16796875], [-123.21623, 47.38361, -10309.3095703125], [-123.20347, 47.38602, -10680.94921875]]], [[[-123.21623, 47.38361, -10309.3095703125], [-123.20745, 47.38961, -9805.16796875], [-123.22023, 47.38721, -9434.9052734375], [-123.21623, 47.38361, -10309.3095703125]]], [[[-123.20824, 47.3764, -12058.1181640625], [-123.21224, 47.38, -11183.7138671875], [-123.22132, 47.3745, -11720.84765625], [-123.20824, 47.3764, -12058.1181640625]]], [[[-123.20824, 47.3764, -12058.1181640625], [-123.22132, 47.3745, -11720.84765625], [-123.21733, 47.3709, -12596.06640625], [-123.20824, 47.3764, -12058.1181640625]]], [[[-123.20424, 47.37279, -12932.5234375], [-123.20824, 47.3764, -12058.1181640625], [-123.21733, 47.3709, -12596.06640625], [-123.20424, 47.37279, -12932.5234375]]], [[[-123.20424, 47.37279, -12932.5234375], [-123.21733, 47.3709, -12596.06640625], [-123.21334, 47.36731, -13471.2861328125], [-123.20424, 47.37279, -12932.5234375]]], [[[-123.20025, 47.36919, -13806.9296875], [-123.20424, 47.37279, -12932.5234375], [-123.21334, 47.36731, -13471.2861328125], [-123.20025, 47.36919, -13806.9296875]]], [[[-123.20025, 47.36919, -13806.9296875], [-123.21334, 47.36731, -13471.2861328125], [-123.20935, 47.36372, -14346.505859375], [-123.20025, 47.36919, -13806.9296875]]], [[[-123.19625, 47.36558, -14681.337890625], [-123.20025, 47.36919, -13806.9296875], [-123.20935, 47.36372, -14346.505859375], [-123.19625, 47.36558, -14681.337890625]]], [[[-123.19225, 47.36198, -15555.7431640625], [-123.19625, 47.36558, -14681.337890625], [-123.20536, 47.36012, -15221.7265625], [-123.19225, 47.36198, -15555.7431640625]]], [[[-123.19225, 47.36198, -15555.7431640625], [-123.20536, 47.36012, -15221.7265625], [-123.20137, 47.35653, -16096.9462890625], [-123.19225, 47.36198, -15555.7431640625]]], [[[-123.18826, 47.35837, -16430.1484375], [-123.19225, 47.36198, -15555.7431640625], [-123.20137, 47.35653, -16096.9462890625], [-123.18826, 47.35837, -16430.1484375]]], [[[-123.17959, 47.3645, -15935.6435546875], [-123.18826, 47.35837, -16430.1484375], [-123.17561, 47.36091, -16811.421875], [-123.17959, 47.3645, -15935.6435546875]]], [[[-123.17561, 47.36091, -16811.421875], [-123.18826, 47.35837, -16430.1484375], [-123.18427, 47.35477, -17304.552734375], [-123.17561, 47.36091, -16811.421875]]], [[[-123.17164, 47.35733, -17687.201171875], [-123.17561, 47.36091, -16811.421875], [-123.18427, 47.35477, -17304.552734375], [-123.17164, 47.35733, -17687.201171875]]], [[[-123.17164, 47.35733, -17687.201171875], [-123.18427, 47.35477, -17304.552734375], [-123.18027, 47.35116, -18178.958984375], [-123.17164, 47.35733, -17687.201171875]]], [[[-123.16766, 47.35374, -18562.978515625], [-123.17164, 47.35733, -17687.201171875], [-123.18027, 47.35116, -18178.958984375], [-123.16766, 47.35374, -18562.978515625]]], [[[-123.15919, 47.36018, -18089.478515625], [-123.17164, 47.35733, -17687.201171875], [-123.16766, 47.35374, -18562.978515625], [-123.15919, 47.36018, -18089.478515625]]], [[[-123.15919, 47.36018, -18089.478515625], [-123.16766, 47.35374, -18562.978515625], [-123.15521, 47.35659, -18964.8515625], [-123.15919, 47.36018, -18089.478515625]]], [[[-123.15521, 47.35659, -18964.8515625], [-123.16766, 47.35374, -18562.978515625], [-123.16368, 47.35015, -19438.755859375], [-123.15521, 47.35659, -18964.8515625]]], [[[-123.15521, 47.35659, -18964.8515625], [-123.16368, 47.35015, -19438.755859375], [-123.15123, 47.35299, -19840.248046875], [-123.15521, 47.35659, -18964.8515625]]], [[[-123.15123, 47.35299, -19840.248046875], [-123.15971, 47.34656, -20314.533203125], [-123.14725, 47.3494, -20715.62109375], [-123.15123, 47.35299, -19840.248046875]]], [[[-123.14327, 47.34581, -21590.9921875], [-123.15176, 47.33939, -22066.087890625], [-123.13929, 47.34221, -22466.361328125], [-123.14327, 47.34581, -21590.9921875]]], [[[-123.13929, 47.34221, -22466.361328125], [-123.15176, 47.33939, -22066.087890625], [-123.14778, 47.3358, -22941.865234375], [-123.13929, 47.34221, -22466.361328125]]], [[[-123.13929, 47.34221, -22466.361328125], [-123.14778, 47.3358, -22941.865234375], [-123.13531, 47.33862, -23341.73046875], [-123.13929, 47.34221, -22466.361328125]]], [[[-123.12662, 47.34489, -22853.873046875], [-123.13929, 47.34221, -22466.361328125], [-123.13531, 47.33862, -23341.73046875], [-123.12662, 47.34489, -22853.873046875]]], [[[-123.12269, 47.34123, -23728.5], [-123.12662, 47.34489, -22853.873046875], [-123.13531, 47.33862, -23341.73046875], [-123.12269, 47.34123, -23728.5]]], [[[-123.12269, 47.34123, -23728.5], [-123.13531, 47.33862, -23341.73046875], [-123.13133, 47.33503, -24217.109375], [-123.12269, 47.34123, -23728.5]]], [[[-123.11862, 47.33765, -24601.009765625], [-123.13133, 47.33503, -24217.109375], [-123.12736, 47.33143, -25092.48828125], [-123.11862, 47.33765, -24601.009765625]]], [[[-123.13531, 47.33862, -23341.73046875], [-123.14381, 47.33221, -23817.642578125], [-123.13133, 47.33503, -24217.109375], [-123.13531, 47.33862, -23341.73046875]]], [[[-123.13531, 47.33862, -23341.73046875], [-123.14778, 47.3358, -22941.865234375], [-123.14381, 47.33221, -23817.642578125], [-123.13531, 47.33862, -23341.73046875]]], [[[-123.14381, 47.33221, -23817.642578125], [-123.14778, 47.3358, -22941.865234375], [-123.15632, 47.32952, -23425.37890625], [-123.14381, 47.33221, -23817.642578125]]], [[[-123.14381, 47.33221, -23817.642578125], [-123.15632, 47.32952, -23425.37890625], [-123.15233, 47.32591, -24299.783203125], [-123.14381, 47.33221, -23817.642578125]]], [[[-123.14778, 47.3358, -22941.865234375], [-123.16031, 47.33313, -22550.9765625], [-123.15632, 47.32952, -23425.37890625], [-123.14778, 47.3358, -22941.865234375]]], [[[-123.15176, 47.33939, -22066.087890625], [-123.1643, 47.33673, -21676.57421875], [-123.16031, 47.33313, -22550.9765625], [-123.15176, 47.33939, -22066.087890625]]], [[[-123.15573, 47.34298, -21190.310546875], [-123.15971, 47.34656, -20314.533203125], [-123.1683, 47.34034, -20802.171875], [-123.15573, 47.34298, -21190.310546875]]], [[[-123.15971, 47.34656, -20314.533203125], [-123.16368, 47.35015, -19438.755859375], [-123.17229, 47.34395, -19927.767578125], [-123.15971, 47.34656, -20314.533203125]]], [[[-123.16766, 47.35374, -18562.978515625], [-123.18027, 47.35116, -18178.958984375], [-123.17628, 47.34755, -19053.36328125], [-123.16766, 47.35374, -18562.978515625]]], [[[-123.18027, 47.35116, -18178.958984375], [-123.18941, 47.34575, -18722.607421875], [-123.17628, 47.34755, -19053.36328125], [-123.18027, 47.35116, -18178.958984375]]], [[[-123.18427, 47.35477, -17304.552734375], [-123.1934, 47.34934, -17847.38671875], [-123.18027, 47.35116, -18178.958984375], [-123.18427, 47.35477, -17304.552734375]]], [[[-123.18427, 47.35477, -17304.552734375], [-123.18826, 47.35837, -16430.1484375], [-123.19739, 47.35294, -16972.166015625], [-123.18427, 47.35477, -17304.552734375]]], [[[-123.1934, 47.34934, -17847.38671875], [-123.19739, 47.35294, -16972.166015625], [-123.20643, 47.34745, -17509.162109375], [-123.1934, 47.34934, -17847.38671875]]], [[[-123.1934, 47.34934, -17847.38671875], [-123.20643, 47.34745, -17509.162109375], [-123.20243, 47.34384, -18383.580078125], [-123.1934, 47.34934, -17847.38671875]]], [[[-123.18941, 47.34575, -18722.607421875], [-123.1934, 47.34934, -17847.38671875], [-123.20243, 47.34384, -18383.580078125], [-123.18941, 47.34575, -18722.607421875]]], [[[-123.18543, 47.34216, -19597.828125], [-123.18941, 47.34575, -18722.607421875], [-123.19844, 47.34024, -19257.998046875], [-123.18543, 47.34216, -19597.828125]]], [[[-123.17229, 47.34395, -19927.767578125], [-123.18543, 47.34216, -19597.828125], [-123.18144, 47.33856, -20473.046875], [-123.17229, 47.34395, -19927.767578125]]], [[[-123.17229, 47.34395, -19927.767578125], [-123.18144, 47.33856, -20473.046875], [-123.1683, 47.34034, -20802.171875], [-123.17229, 47.34395, -19927.767578125]]], [[[-123.18144, 47.33856, -20473.046875], [-123.19445, 47.33663, -20132.416015625], [-123.19045, 47.33303, -21006.833984375], [-123.18144, 47.33856, -20473.046875]]], [[[-123.18174, 47.40866, -8362.1416015625], [-123.18565, 47.4123, -7487.3359375], [-123.1947, 47.40639, -8003.14892578125], [-123.18174, 47.40866, -8362.1416015625]]], [[[-123.18565, 47.4123, -7487.3359375], [-123.19871, 47.41, -7129.5771484375], [-123.1947, 47.40639, -8003.14892578125], [-123.18565, 47.4123, -7487.3359375]]], [[[-123.17744, 47.41774, -6961.6943359375], [-123.18966, 47.41591, -6613.51513671875], [-123.18565, 47.4123, -7487.3359375], [-123.17744, 47.41774, -6961.6943359375]]], [[[-123.20272, 47.41362, -6256.00439453125], [-123.211, 47.40688, -6709.57470703125], [-123.19871, 47.41, -7129.5771484375], [-123.20272, 47.41362, -6256.00439453125]]], [[[-123.20272, 47.41362, -6256.00439453125], [-123.20673, 47.41723, -5382.43115234375], [-123.21499, 47.41047, -5834.1982421875], [-123.20272, 47.41362, -6256.00439453125]]], [[[-123.20673, 47.41723, -5382.43115234375], [-123.21898, 47.41406, -4958.8212890625], [-123.21499, 47.41047, -5834.1982421875], [-123.20673, 47.41723, -5382.43115234375]]], [[[-123.21499, 47.41047, -5834.1982421875], [-123.21898, 47.41406, -4958.8212890625], [-123.22737, 47.40754, -5426.27099609375], [-123.21499, 47.41047, -5834.1982421875]]], [[[-123.20701, 47.40329, -7584.95166015625], [-123.211, 47.40688, -6709.57470703125], [-123.2194, 47.40037, -7177.82958984375], [-123.20701, 47.40329, -7584.95166015625]]], [[[-123.19871, 47.41, -7129.5771484375], [-123.211, 47.40688, -6709.57470703125], [-123.20701, 47.40329, -7584.95166015625], [-123.19871, 47.41, -7129.5771484375]]], [[[-123.19871, 47.41, -7129.5771484375], [-123.20701, 47.40329, -7584.95166015625], [-123.1947, 47.40639, -8003.14892578125], [-123.19871, 47.41, -7129.5771484375]]], [[[-123.1947, 47.40639, -8003.14892578125], [-123.20303, 47.3997, -8460.3291015625], [-123.19069, 47.40277, -8876.720703125], [-123.1947, 47.40639, -8003.14892578125]]], [[[-123.20303, 47.3997, -8460.3291015625], [-123.21542, 47.39678, -8053.609375], [-123.21144, 47.39319, -8929.388671875], [-123.20303, 47.3997, -8460.3291015625]]], [[[-123.21542, 47.39678, -8053.609375], [-123.22423, 47.39082, -8560.5009765625], [-123.21144, 47.39319, -8929.388671875], [-123.21542, 47.39678, -8053.609375]]], [[[-123.2194, 47.40037, -7177.82958984375], [-123.22823, 47.39442, -7686.0966796875], [-123.21542, 47.39678, -8053.609375], [-123.2194, 47.40037, -7177.82958984375]]], [[[-123.23223, 47.39803, -6811.6923828125], [-123.22339, 47.40395, -6302.05029296875], [-123.23623, 47.40163, -5937.2880859375], [-123.23223, 47.39803, -6811.6923828125]]], [[[-123.22823, 47.39442, -7686.0966796875], [-123.23223, 47.39803, -6811.6923828125], [-123.24128, 47.39246, -7344.75048828125], [-123.22823, 47.39442, -7686.0966796875]]], [[[-123.22823, 47.39442, -7686.0966796875], [-123.24128, 47.39246, -7344.75048828125], [-123.23728, 47.38886, -8219.9697265625], [-123.22823, 47.39442, -7686.0966796875]]], [[[-123.22423, 47.39082, -8560.5009765625], [-123.23728, 47.38886, -8219.9697265625], [-123.23329, 47.38527, -9095.189453125], [-123.22423, 47.39082, -8560.5009765625]]], [[[-123.2464, 47.38349, -8764.98046875], [-123.23728, 47.38886, -8219.9697265625], [-123.2504, 47.38709, -7890.56298828125], [-123.2464, 47.38349, -8764.98046875]]], [[[-123.22531, 47.37809, -10845.6279296875], [-123.2293, 47.38168, -9970.408203125], [-123.2384, 47.37628, -10513.81640625], [-123.22531, 47.37809, -10845.6279296875]]], [[[-123.22531, 47.37809, -10845.6279296875], [-123.2384, 47.37628, -10513.81640625], [-123.2344, 47.37268, -11388.2353515625], [-123.22531, 47.37809, -10845.6279296875]]], [[[-123.2384, 47.37628, -10513.81640625], [-123.24703, 47.37025, -11012.892578125], [-123.2344, 47.37268, -11388.2353515625], [-123.2384, 47.37628, -10513.81640625]]], [[[-123.2384, 47.37628, -10513.81640625], [-123.25103, 47.37385, -10138.0029296875], [-123.24703, 47.37025, -11012.892578125], [-123.2384, 47.37628, -10513.81640625]]], [[[-123.2424, 47.37989, -9639.3984375], [-123.25502, 47.37745, -9263.11328125], [-123.25103, 47.37385, -10138.0029296875], [-123.2424, 47.37989, -9639.3984375]]], [[[-123.2304, 47.36907, -12262.6533203125], [-123.24304, 47.36666, -11887.783203125], [-123.23905, 47.36306, -12762.6728515625], [-123.2304, 47.36907, -12262.6533203125]]], [[[-123.22641, 47.36547, -13137.0712890625], [-123.23905, 47.36306, -12762.6728515625], [-123.23505, 47.35946, -13637.5625], [-123.22641, 47.36547, -13137.0712890625]]], [[[-123.22241, 47.36187, -14011.4892578125], [-123.22641, 47.36547, -13137.0712890625], [-123.23505, 47.35946, -13637.5625], [-123.22241, 47.36187, -14011.4892578125]]], [[[-123.22241, 47.36187, -14011.4892578125], [-123.23505, 47.35946, -13637.5625], [-123.23106, 47.35586, -14512.453125], [-123.22241, 47.36187, -14011.4892578125]]], [[[-123.21841, 47.35826, -14885.9072265625], [-123.23106, 47.35586, -14512.453125], [-123.22707, 47.35227, -15387.3427734375], [-123.21841, 47.35826, -14885.9072265625]]], [[[-123.21442, 47.35466, -15760.3251953125], [-123.22707, 47.35227, -15387.3427734375], [-123.22308, 47.34867, -16262.232421875], [-123.21442, 47.35466, -15760.3251953125]]], [[[-123.21042, 47.35105, -16634.7421875], [-123.22308, 47.34867, -16262.232421875], [-123.21909, 47.34507, -17137.123046875], [-123.21042, 47.35105, -16634.7421875]]], [[[-123.25326, 47.40323, -4719.09228515625], [-123.25725, 47.40682, -3843.873046875], [-123.26641, 47.40151, -4392.890625], [-123.25326, 47.40323, -4719.09228515625]]], [[[-123.22285, 47.41777, -4074.598876953125], [-123.22709, 47.42137, -3178.076171875], [-123.23534, 47.41471, -3674.711669921875], [-123.22285, 47.41777, -4074.598876953125]]], [[[-123.22737, 47.40754, -5426.27099609375], [-123.21898, 47.41406, -4958.8212890625], [-123.23136, 47.41112, -4550.4912109375], [-123.22737, 47.40754, -5426.27099609375]]], [[[-123.22737, 47.40754, -5426.27099609375], [-123.24023, 47.40524, -5062.8837890625], [-123.23623, 47.40163, -5937.2880859375], [-123.22737, 47.40754, -5426.27099609375]]], [[[-123.24424, 47.40884, -4188.47900390625], [-123.25326, 47.40323, -4719.09228515625], [-123.24023, 47.40524, -5062.8837890625], [-123.24424, 47.40884, -4188.47900390625]]], [[[-123.23136, 47.41112, -4550.4912109375], [-123.24424, 47.40884, -4188.47900390625], [-123.24023, 47.40524, -5062.8837890625], [-123.23136, 47.41112, -4550.4912109375]]], [[[-123.25236, 47.41632, -2383.30078125], [-123.25511, 47.4216, -1289.4766845703125], [-123.26475, 47.41438, -2044.395263671875], [-123.25236, 47.41632, -2383.30078125]]], [[[-123.26641, 47.40151, -4392.890625], [-123.25725, 47.40682, -3843.873046875], [-123.27041, 47.40511, -3518.47265625], [-123.26641, 47.40151, -4392.890625]]], [[[-123.27101, 47.39183, -5763.552734375], [-123.2624, 47.3979, -5267.30859375], [-123.275, 47.39543, -4888.6630859375], [-123.27101, 47.39183, -5763.552734375]]], [[[-123.2584, 47.3943, -6141.7265625], [-123.2624, 47.3979, -5267.30859375], [-123.27101, 47.39183, -5763.552734375], [-123.2584, 47.3943, -6141.7265625]]], [[[-123.2544, 47.3907, -7016.14453125], [-123.26701, 47.38823, -6638.44287109375], [-123.26301, 47.38464, -7513.3330078125], [-123.2544, 47.3907, -7016.14453125]]], [[[-123.27441, 47.40871, -2644.054443359375], [-123.27846, 47.41238, -1755.34375], [-123.287, 47.40621, -2263.992919921875], [-123.27441, 47.40871, -2644.054443359375]]], [[[-123.27846, 47.41238, -1755.34375], [-123.28123, 47.41717, -734.2312622070312], [-123.291, 47.40981, -1389.10302734375], [-123.27846, 47.41238, -1755.34375]]], [[[-123.26912, 47.41761, -1220.2320556640625], [-123.28123, 47.41717, -734.2312622070312], [-123.27846, 47.41238, -1755.34375], [-123.26912, 47.41761, -1220.2320556640625]]], [[[-123.28123, 47.41717, -734.2312622070312], [-123.29104, 47.41719, -121.85986328125], [-123.295, 47.4134, -514.2130126953125], [-123.28123, 47.41717, -734.2312622070312]]], [[[-123.11599, 47.30707, -29946.76171875], [-123.10749, 47.31347, -29470.29296875], [-123.11998, 47.31068, -29072.3203125], [-123.11599, 47.30707, -29946.76171875]]], [[[-123.11599, 47.30707, -29946.76171875], [-123.1284, 47.30427, -29546.208984375], [-123.12442, 47.30066, -30420.609375], [-123.11599, 47.30707, -29946.76171875]]], [[[-123.12442, 47.30066, -30420.609375], [-123.13764, 47.29902, -30100.455078125], [-123.13366, 47.29543, -30975.673828125], [-123.12442, 47.30066, -30420.609375]]], [[[-123.00863, 47.32209, -34780.4296875], [-123.00932, 47.31599, -35586.5703125], [-122.99955, 47.3223, -35592.40234375], [-123.00863, 47.32209, -34780.4296875]]], [[[-123.00086, 47.32881, -34702.6328125], [-123.00863, 47.32209, -34780.4296875], [-122.99955, 47.3223, -35592.40234375], [-123.00086, 47.32881, -34702.6328125]]], [[[-123.00086, 47.32881, -34702.6328125], [-122.99955, 47.3223, -35592.40234375], [-122.99304, 47.33027, -35577.16796875], [-123.00086, 47.32881, -34702.6328125]]], [[[-122.99536, 47.33635, -34702.52734375], [-123.00086, 47.32881, -34702.6328125], [-122.99304, 47.33027, -35577.16796875], [-122.99536, 47.33635, -34702.52734375]]], [[[-122.99496, 47.34549, -34022.48828125], [-122.99053, 47.34372, -34814.04296875], [-122.98741, 47.35098, -34678.14453125], [-122.99496, 47.34549, -34022.48828125]]], [[[-122.99053, 47.34372, -34814.04296875], [-122.9881, 47.33878, -35563.84765625], [-122.9834, 47.34737, -35550.828125], [-122.99053, 47.34372, -34814.04296875]]], [[[-123.02293, 47.37076, -27907.5234375], [-123.01545, 47.3762, -28569.3671875], [-123.01946, 47.3798, -27696.68359375], [-123.02293, 47.37076, -27907.5234375]]], [[[-123.05895, 47.40316, -20050.541015625], [-123.06246, 47.3941, -20261.1875], [-123.05495, 47.39956, -20923.5390625], [-123.05895, 47.40316, -20050.541015625]]], [[[-123.07046, 47.40129, -18514.70703125], [-123.06296, 47.40676, -19177.544921875], [-123.06696, 47.41035, -18304.546875], [-123.07046, 47.40129, -18514.70703125]]], [[[-123.09046, 47.41927, -14148.5087890625], [-123.08646, 47.41568, -15021.7490234375], [-123.08299, 47.42475, -14812.556640625], [-123.09046, 47.41927, -14148.5087890625]]], [[[-123.09446, 47.42287, -13275.26953125], [-123.09046, 47.41927, -14148.5087890625], [-123.087, 47.42835, -13939.55859375], [-123.09446, 47.42287, -13275.26953125]]], [[[-123.09846, 47.42647, -12402.0302734375], [-123.09101, 47.43194, -13066.5615234375], [-123.09502, 47.43554, -12193.5634765625], [-123.09846, 47.42647, -12402.0302734375]]], [[[-123.07498, 47.41755, -16558.55078125], [-123.06759, 47.42302, -17224.490234375], [-123.07161, 47.42662, -16351.8076171875], [-123.07498, 47.41755, -16558.55078125]]], [[[-123.06696, 47.41035, -18304.546875], [-123.06358, 47.41942, -18097.173828125], [-123.07097, 47.41395, -17431.548828125], [-123.06696, 47.41035, -18304.546875]]], [[[-123.12608, 47.41009, -11710.537109375], [-123.11864, 47.41748, -11311.1259765625], [-123.13009, 47.41368, -10837.1005859375], [-123.12608, 47.41009, -11710.537109375]]], [[[-123.09856, 47.39948, -15674.5380859375], [-123.08747, 47.40347, -16167.7919921875], [-123.09148, 47.40707, -15295.255859375], [-123.09856, 47.39948, -15674.5380859375]]], [[[-123.09455, 47.39588, -16547.220703125], [-123.08345, 47.39987, -17040.326171875], [-123.08747, 47.40347, -16167.7919921875], [-123.09455, 47.39588, -16547.220703125]]], [[[-123.17366, 47.42746, -5497.8544921875], [-123.16317, 47.42933, -5949.49365234375], [-123.17108, 47.43346, -4722.73388671875], [-123.17366, 47.42746, -5497.8544921875]]], [[[-123.15012, 47.43163, -6469.904296875], [-123.14275, 47.43907, -6075.02392578125], [-123.15526, 47.4351, -5522.369140625], [-123.15012, 47.43163, -6469.904296875]]], [[[-123.15526, 47.4351, -5522.369140625], [-123.14275, 47.43907, -6075.02392578125], [-123.14677, 47.44267, -5202.34228515625], [-123.15526, 47.4351, -5522.369140625]]], [[[-123.15526, 47.4351, -5522.369140625], [-123.14677, 47.44267, -5202.34228515625], [-123.15814, 47.43881, -4723.0341796875], [-123.15526, 47.4351, -5522.369140625]]], [[[-123.1623, 47.44216, -3872.9296875], [-123.17108, 47.43346, -4722.73388671875], [-123.15814, 47.43881, -4723.0341796875], [-123.1623, 47.44216, -3872.9296875]]], [[[-123.15556, 47.44966, -3417.51904296875], [-123.1623, 47.44216, -3872.9296875], [-123.15079, 47.44627, -4329.65966796875], [-123.15556, 47.44966, -3417.51904296875]]], [[[-123.15556, 47.44966, -3417.51904296875], [-123.15079, 47.44627, -4329.65966796875], [-123.14374, 47.45388, -3952.291015625], [-123.15556, 47.44966, -3417.51904296875]]], [[[-123.15556, 47.44966, -3417.51904296875], [-123.14374, 47.45388, -3952.291015625], [-123.14779, 47.45749, -3075.664794921875], [-123.15556, 47.44966, -3417.51904296875]]], [[[-123.15957, 47.45342, -2522.93603515625], [-123.15556, 47.44966, -3417.51904296875], [-123.14779, 47.45749, -3075.664794921875], [-123.15957, 47.45342, -2522.93603515625]]], [[[-123.16921, 47.44513, -2892.25244140625], [-123.15957, 47.45342, -2522.93603515625], [-123.16942, 47.45052, -2039.8660888671875], [-123.16921, 47.44513, -2892.25244140625]]], [[[-123.16921, 47.44513, -2892.25244140625], [-123.16942, 47.45052, -2039.8660888671875], [-123.1802, 47.44554, -2077.9033203125], [-123.16921, 47.44513, -2892.25244140625]]], [[[-123.18116, 47.43976, -2962.351806640625], [-123.16921, 47.44513, -2892.25244140625], [-123.1802, 47.44554, -2077.9033203125], [-123.18116, 47.43976, -2962.351806640625]]], [[[-123.17256, 47.43858, -3762.25146484375], [-123.16921, 47.44513, -2892.25244140625], [-123.18116, 47.43976, -2962.351806640625], [-123.17256, 47.43858, -3762.25146484375]]], [[[-123.18411, 47.43338, -3771.204345703125], [-123.18116, 47.43976, -2962.351806640625], [-123.19353, 47.43501, -2921.09765625], [-123.18411, 47.43338, -3771.204345703125]]], [[[-123.19353, 47.43501, -2921.09765625], [-123.18116, 47.43976, -2962.351806640625], [-123.19036, 47.44079, -2114.626220703125], [-123.19353, 47.43501, -2921.09765625]]], [[[-123.19353, 47.43501, -2921.09765625], [-123.19036, 47.44079, -2114.626220703125], [-123.20278, 47.43692, -2065.628173828125], [-123.19353, 47.43501, -2921.09765625]]], [[[-123.19036, 47.44079, -2114.626220703125], [-123.19892, 47.44251, -1252.3665771484375], [-123.20278, 47.43692, -2065.628173828125], [-123.19036, 47.44079, -2114.626220703125]]], [[[-123.16942, 47.45052, -2039.8660888671875], [-123.16514, 47.45761, -1426.0479736328125], [-123.17781, 47.45148, -1245.5047607421875], [-123.16942, 47.45052, -2039.8660888671875]]], [[[-123.15957, 47.45342, -2522.93603515625], [-123.16514, 47.45761, -1426.0479736328125], [-123.16942, 47.45052, -2039.8660888671875], [-123.15957, 47.45342, -2522.93603515625]]], [[[-123.15957, 47.45342, -2522.93603515625], [-123.14779, 47.45749, -3075.664794921875], [-123.1525, 47.46102, -2144.488037109375], [-123.15957, 47.45342, -2522.93603515625]]], [[[-123.16514, 47.45761, -1426.0479736328125], [-123.16458, 47.46416, -575.3386840820312], [-123.17518, 47.45761, -517.6728515625], [-123.16514, 47.45761, -1426.0479736328125]]], [[[-123.189, 47.44683, -1242.876953125], [-123.18696, 47.45267, -425.151611328125], [-123.19733, 47.4484, -373.4532775878906], [-123.189, 47.44683, -1242.876953125]]], [[[-123.19892, 47.44251, -1252.3665771484375], [-123.189, 47.44683, -1242.876953125], [-123.19733, 47.4484, -373.4532775878906], [-123.19892, 47.44251, -1252.3665771484375]]], [[[-123.19892, 47.44251, -1252.3665771484375], [-123.19733, 47.4484, -373.4532775878906], [-123.20826, 47.44388, -492.50018310546875], [-123.19892, 47.44251, -1252.3665771484375]]], [[[-123.1525, 47.46102, -2144.488037109375], [-123.14636, 47.46961, -1947.652587890625], [-123.15553, 47.46551, -1283.61669921875], [-123.1525, 47.46102, -2144.488037109375]]], [[[-123.18116, 47.43976, -2962.351806640625], [-123.1802, 47.44554, -2077.9033203125], [-123.19036, 47.44079, -2114.626220703125], [-123.18116, 47.43976, -2962.351806640625]]], [[[-123.14374, 47.45388, -3952.291015625], [-123.13852, 47.46242, -3669.631591796875], [-123.14779, 47.45749, -3075.664794921875], [-123.14374, 47.45388, -3952.291015625]]], [[[-123.14374, 47.45388, -3952.291015625], [-123.13451, 47.45882, -4542.87158203125], [-123.13852, 47.46242, -3669.631591796875], [-123.14374, 47.45388, -3952.291015625]]], [[[-123.15079, 47.44627, -4329.65966796875], [-123.13972, 47.45028, -4824.82763671875], [-123.14374, 47.45388, -3952.291015625], [-123.15079, 47.44627, -4329.65966796875]]], [[[-123.14677, 47.44267, -5202.34228515625], [-123.14275, 47.43907, -6075.02392578125], [-123.1357, 47.44668, -5697.36328125], [-123.14677, 47.44267, -5202.34228515625]]], [[[-123.14332, 47.4788, -1687.7967529296875], [-123.13995, 47.4878, -1516.201416015625], [-123.14903, 47.4813, -648.5804443359375], [-123.14332, 47.4788, -1687.7967529296875]]], [[[-123.14977, 47.4731, -1170.4522705078125], [-123.14903, 47.4813, -648.5804443359375], [-123.15592, 47.47253, -475.24212646484375], [-123.14977, 47.4731, -1170.4522705078125]]], [[[-123.14903, 47.4813, -648.5804443359375], [-123.14397, 47.4914, -643.5187377929688], [-123.14815, 47.48893, -201.36158752441406], [-123.14903, 47.4813, -648.5804443359375]]], [[[-123.14397, 47.4914, -643.5187377929688], [-123.148, 47.495, 229.16400146484375], [-123.14815, 47.48893, -201.36158752441406], [-123.14397, 47.4914, -643.5187377929688]]], [[[-123.14815, 47.48893, -201.36158752441406], [-123.148, 47.495, 229.16400146484375], [-123.15234, 47.48645, 240.445556640625], [-123.14815, 47.48893, -201.36158752441406]]]]}}]}