{"type": "FeatureCollection", "features": [{"type": "Feature", "properties": {"name": "Ahtanum Creek", "CFM_ID": 2, "region": "Backarc_WA", "primary_state/province": "WA", "secondary_state/province": null, "avg_dip": 20, "dip_dir": "S", "rake": 90, "slip_sense": "Reverse", "fault_level": 3, "NSHM23_sliprates": null, "QFFDAgeCatBin": "late Quaternary", "QFFDAgeBin": "<130,000", "upper_depth": 0.4, "upper_depth_constraint": "topography", "lower_depth": -22.0, "lower_depth_constraint": "SDL", "3D_model_constraints": "trace extended at constant dip", "reference": "WGS (2025)", "nshm23_id": null, "lineage": null, "usgs_qffd_#": "564", "comments": "WA DNR CC_15,16,17", "id": "2"}, "geometry": {"type": "MultiPolygon", "coordinates": [[[[-120.39756, 46.42592, -4143.16259766], [-120.39844, 46.43435, -3797.828125], [-120.40995, 46.42995, -4124.45898438], [-120.39756, 46.42592, -4143.16259766]]], [[[-120.50333, 46.1195, -17061.38085938], [-120.51564, 46.11479, -17273.18945312], [-120.50245, 46.11109, -17405.51367188], [-120.50333, 46.1195, -17061.38085938]]], [[[-120.4093, 46.42153, -4469.73046875], [-120.39756, 46.42592, -4143.16259766], [-120.40995, 46.42995, -4124.45898438], [-120.4093, 46.42153, -4469.73046875]]], [[[-120.4093, 46.42153, -4469.73046875], [-120.39668, 46.41748, -4488.49755859], [-120.39756, 46.42592, -4143.16259766], [-120.4093, 46.42153, -4469.73046875]]], [[[-120.40832, 46.4131, -4813.96777344], [-120.39668, 46.41748, -4488.49755859], [-120.4093, 46.42153, -4469.73046875], [-120.40832, 46.4131, -4813.96777344]]], [[[-120.50245, 46.11109, -17405.51367188], [-120.51564, 46.11479, -17273.18945312], [-120.51478, 46.10639, -17617.12304688], [-120.50245, 46.11109, -17405.51367188]]], [[[-120.40832, 46.4131, -4813.96777344], [-120.3958, 46.40905, -4833.83251953], [-120.39668, 46.41748, -4488.49755859], [-120.40832, 46.4131, -4813.96777344]]], [[[-120.40729, 46.40466, -5158.59912109], [-120.3958, 46.40905, -4833.83251953], [-120.40832, 46.4131, -4813.96777344], [-120.40729, 46.40466, -5158.59912109]]], [[[-120.40729, 46.40466, -5158.59912109], [-120.39491, 46.40061, -5179.16699219], [-120.3958, 46.40905, -4833.83251953], [-120.40729, 46.40466, -5158.59912109]]], [[[-120.40665, 46.39623, -5503.91845703], [-120.39491, 46.40061, -5179.16699219], [-120.40729, 46.40466, -5158.59912109], [-120.40665, 46.39623, -5503.91845703]]], [[[-120.40665, 46.39623, -5503.91845703], [-120.39403, 46.39218, -5524.50195312], [-120.39491, 46.40061, -5179.16699219], [-120.40665, 46.39623, -5503.91845703]]], [[[-120.43826, 46.1113, -17260.88671875], [-120.4378, 46.10288, -17609.03125], [-120.42569, 46.10717, -17330.3984375], [-120.43826, 46.1113, -17260.88671875]]], [[[-120.40567, 46.3878, -5848.24316406], [-120.39403, 46.39218, -5524.50195312], [-120.40665, 46.39623, -5503.91845703], [-120.40567, 46.3878, -5848.24316406]]], [[[-120.50333, 46.1195, -17061.38085938], [-120.5165, 46.12319, -16929.2578125], [-120.51564, 46.11479, -17273.18945312], [-120.50333, 46.1195, -17061.38085938]]], [[[-120.40567, 46.3878, -5848.24316406], [-120.39315, 46.38374, -5869.83691406], [-120.39403, 46.39218, -5524.50195312], [-120.40567, 46.3878, -5848.24316406]]], [[[-120.40464, 46.37936, -6192.74023438], [-120.39315, 46.38374, -5869.83691406], [-120.40567, 46.3878, -5848.24316406], [-120.40464, 46.37936, -6192.74023438]]], [[[-120.44047, 46.12818, -16575.33398438], [-120.43959, 46.11976, -16919.09179688], [-120.42785, 46.12421, -16636.78320312], [-120.44047, 46.12818, -16575.33398438]]], [[[-120.40464, 46.37936, -6192.74023438], [-120.39227, 46.37531, -6215.17138672], [-120.39315, 46.38374, -5869.83691406], [-120.40464, 46.37936, -6192.74023438]]], [[[-120.52865, 46.11821, -17054.95898438], [-120.54044, 46.11297, -17096.046875], [-120.52778, 46.10981, -17398.65234375], [-120.52865, 46.11821, -17054.95898438]]], [[[-120.404, 46.37093, -6538.12304688], [-120.39227, 46.37531, -6215.17138672], [-120.40464, 46.37936, -6192.74023438], [-120.404, 46.37093, -6538.12304688]]], [[[-120.45953, 46.07681, -18783.98828125], [-120.44722, 46.07296, -18942.73632812], [-120.44765, 46.08175, -18582.99609375], [-120.45953, 46.07681, -18783.98828125]]], [[[-120.404, 46.37093, -6538.12304688], [-120.39138, 46.36687, -6560.50634766], [-120.39227, 46.37531, -6215.17138672], [-120.404, 46.37093, -6538.12304688]]], [[[-120.43693, 46.09446, -17953.19140625], [-120.4356, 46.08599, -18295.109375], [-120.42404, 46.09069, -18003.77148438], [-120.43693, 46.09446, -17953.19140625]]], [[[-120.40303, 46.3625, -6882.51953125], [-120.39138, 46.36687, -6560.50634766], [-120.404, 46.37093, -6538.12304688], [-120.40303, 46.3625, -6882.51953125]]], [[[-120.40303, 46.3625, -6882.51953125], [-120.3905, 46.35843, -6905.84130859], [-120.39138, 46.36687, -6560.50634766], [-120.40303, 46.3625, -6882.51953125]]], [[[-120.40199, 46.35406, -7226.88183594], [-120.3905, 46.35843, -6905.84130859], [-120.40303, 46.3625, -6882.51953125], [-120.40199, 46.35406, -7226.88183594]]], [[[-120.5088, 46.05479, -19733.4140625], [-120.52253, 46.05911, -19474.14453125], [-120.51992, 46.04979, -19874.90429688], [-120.5088, 46.05479, -19733.4140625]]], [[[-120.40199, 46.35406, -7226.88183594], [-120.38962, 46.35, -7251.17578125], [-120.3905, 46.35843, -6905.84130859], [-120.40199, 46.35406, -7226.88183594]]], [[[-120.40134, 46.34563, -7572.33837891], [-120.38962, 46.35, -7251.17578125], [-120.40199, 46.35406, -7226.88183594], [-120.40134, 46.34563, -7572.33837891]]], [[[-120.40134, 46.34563, -7572.33837891], [-120.38874, 46.34156, -7596.51074219], [-120.38962, 46.35, -7251.17578125], [-120.40134, 46.34563, -7572.33837891]]], [[[-120.40039, 46.3372, -7916.79589844], [-120.38874, 46.34156, -7596.51074219], [-120.40134, 46.34563, -7572.33837891], [-120.40039, 46.3372, -7916.79589844]]], [[[-120.48795, 46.09913, -17867.27734375], [-120.47435, 46.09704, -17917.73828125], [-120.47517, 46.10543, -17574.63671875], [-120.48795, 46.09913, -17867.27734375]]], [[[-120.51273, 46.21189, -13279.34667969], [-120.51358, 46.22029, -12935.43652344], [-120.52596, 46.21558, -13145.99121094], [-120.51273, 46.21189, -13279.34667969]]], [[[-120.4509, 46.51457, -717.17889404], [-120.43816, 46.51468, -686.56341553], [-120.44453, 46.52312, -344.07815552], [-120.4509, 46.51457, -717.17889404]]], [[[-120.41764, 46.14628, -15764.93066406], [-120.41654, 46.13755, -16122.24804688], [-120.40487, 46.14262, -15901.83398438], [-120.41764, 46.14628, -15764.93066406]]], [[[-120.40039, 46.3372, -7916.79589844], [-120.38786, 46.33313, -7941.84570312], [-120.38874, 46.34156, -7596.51074219], [-120.40039, 46.3372, -7916.79589844]]], [[[-120.49497, 46.1664, -15115.80957031], [-120.50845, 46.16989, -14998.57421875], [-120.50758, 46.16149, -15342.3828125], [-120.49497, 46.1664, -15115.80957031]]], [[[-120.39893, 46.2058, -13319.22851562], [-120.41084, 46.20128, -13502.96484375], [-120.39811, 46.19784, -13644.58203125], [-120.39893, 46.2058, -13319.22851562]]], [[[-120.52348, 46.06781, -19117.12109375], [-120.51135, 46.07279, -18992.85742188], [-120.52434, 46.07621, -18773.42578125], [-120.52348, 46.06781, -19117.12109375]]], [[[-120.48696, 46.21509, -13091.4375], [-120.49942, 46.20825, -13403.72265625], [-120.48597, 46.20652, -13441.61621094], [-120.48696, 46.21509, -13091.4375]]], [[[-120.39934, 46.32876, -8261.02441406], [-120.38786, 46.33313, -7941.84570312], [-120.40039, 46.3372, -7916.79589844], [-120.39934, 46.32876, -8261.02441406]]], [[[-120.47978, 46.14752, -15853.90820312], [-120.46757, 46.15266, -15681.76464844], [-120.48062, 46.15594, -15509.421875], [-120.47978, 46.14752, -15853.90820312]]], [[[-120.48429, 46.18982, -14124.70703125], [-120.48335, 46.18119, -14477.31445312], [-120.47123, 46.18642, -14300.75292969], [-120.48429, 46.18982, -14124.70703125]]], [[[-120.41238, 46.09567, -17831.90234375], [-120.3996, 46.09199, -17971.8359375], [-120.40028, 46.1, -17643.734375], [-120.41238, 46.09567, -17831.90234375]]], [[[-120.39934, 46.32876, -8261.02441406], [-120.38698, 46.32469, -8287.18066406], [-120.38786, 46.33313, -7941.84570312], [-120.39934, 46.32876, -8261.02441406]]], [[[-120.47903, 46.13917, -16195.61816406], [-120.46669, 46.14427, -16024.62597656], [-120.47978, 46.14752, -15853.90820312], [-120.47903, 46.13917, -16195.61816406]]], [[[-120.42375, 46.20462, -13382.09179688], [-120.41084, 46.20128, -13502.96484375], [-120.41185, 46.20931, -13175.31835938], [-120.42375, 46.20462, -13382.09179688]]], [[[-120.39869, 46.32033, -8606.5546875], [-120.38698, 46.32469, -8287.18066406], [-120.39934, 46.32876, -8261.02441406], [-120.39869, 46.32033, -8606.5546875]]], [[[-120.50758, 46.16149, -15342.3828125], [-120.50845, 46.16989, -14998.57421875], [-120.5208, 46.16519, -15209.58984375], [-120.50758, 46.16149, -15342.3828125]]], [[[-120.40291, 46.12532, -16608.53515625], [-120.39105, 46.12988, -16421.75390625], [-120.40393, 46.13338, -16279.49804688], [-120.40291, 46.12532, -16608.53515625]]], [[[-120.39869, 46.32033, -8606.5546875], [-120.3861, 46.31626, -8632.51464844], [-120.38698, 46.32469, -8287.18066406], [-120.39869, 46.32033, -8606.5546875]]], [[[-120.42835, 46.13246, -16297.42871094], [-120.41579, 46.12868, -16483.6328125], [-120.41654, 46.13755, -16122.24804688], [-120.42835, 46.13246, -16297.42871094]]], [[[-120.39775, 46.3119, -8951.07324219], [-120.3861, 46.31626, -8632.51464844], [-120.39869, 46.32033, -8606.5546875], [-120.39775, 46.3119, -8951.07324219]]], [[[-120.49681, 46.18304, -14435.03320312], [-120.50931, 46.17829, -14654.55957031], [-120.49592, 46.1747, -14776.37402344], [-120.49681, 46.18304, -14435.03320312]]], [[[-120.41391, 46.11226, -17154.87304688], [-120.41313, 46.10344, -17514.90429688], [-120.40129, 46.1081, -17313.00585938], [-120.41391, 46.11226, -17154.87304688]]], [[[-120.39775, 46.3119, -8951.07324219], [-120.38522, 46.30782, -8977.84960938], [-120.3861, 46.31626, -8632.51464844], [-120.39775, 46.3119, -8951.07324219]]], [[[-120.49847, 46.19991, -13744.94335938], [-120.51102, 46.19509, -13967.03125], [-120.49758, 46.19154, -14087.2890625], [-120.49847, 46.19991, -13744.94335938]]], [[[-120.45833, 46.18289, -14447.07226562], [-120.47025, 46.17796, -14646.97265625], [-120.45753, 46.17432, -14797.46582031], [-120.45833, 46.18289, -14447.07226562]]], [[[-120.39669, 46.30346, -9295.16699219], [-120.38522, 46.30782, -8977.84960938], [-120.39775, 46.3119, -8951.07324219], [-120.39669, 46.30346, -9295.16699219]]], [[[-120.49681, 46.18304, -14435.03320312], [-120.51015, 46.18669, -14310.84863281], [-120.50931, 46.17829, -14654.55957031], [-120.49681, 46.18304, -14435.03320312]]], [[[-120.39669, 46.30346, -9295.16699219], [-120.38434, 46.29939, -9323.18457031], [-120.38522, 46.30782, -8977.84960938], [-120.39669, 46.30346, -9295.16699219]]], [[[-120.49592, 46.1747, -14776.37402344], [-120.50931, 46.17829, -14654.55957031], [-120.50845, 46.16989, -14998.57421875], [-120.49592, 46.1747, -14776.37402344]]], [[[-120.48889, 46.10759, -17521.4140625], [-120.47517, 46.10543, -17574.63671875], [-120.47632, 46.11394, -17226.98632812], [-120.48889, 46.10759, -17521.4140625]]], [[[-120.5364, 46.19381, -13961.71875], [-120.53727, 46.20221, -13618.02539062], [-120.54908, 46.19697, -13657.45214844], [-120.5364, 46.19381, -13961.71875]]], [[[-120.48174, 46.51743, -668.90570068], [-120.47229, 46.52365, -340.76245117], [-120.48885, 46.52532, -403.46386719], [-120.48174, 46.51743, -668.90570068]]], [[[-120.41391, 46.11226, -17154.87304688], [-120.40129, 46.1081, -17313.00585938], [-120.40226, 46.11735, -16935.02929688], [-120.41391, 46.11226, -17154.87304688]]], [[[-120.39605, 46.29503, -9640.77148438], [-120.38434, 46.29939, -9323.18457031], [-120.39669, 46.30346, -9295.16699219], [-120.39605, 46.29503, -9640.77148438]]], [[[-120.50758, 46.16149, -15342.3828125], [-120.51994, 46.15679, -15553.5234375], [-120.50674, 46.15309, -15686.18164062], [-120.50758, 46.16149, -15342.3828125]]], [[[-120.48719, 46.09074, -18210.65625], [-120.49989, 46.08589, -18437.19335938], [-120.48642, 46.08228, -18557.1015625], [-120.48719, 46.09074, -18210.65625]]], [[[-120.38967, 46.11328, -17100.04296875], [-120.37672, 46.1095, -17225.3046875], [-120.37756, 46.11793, -16880.29882812], [-120.38967, 46.11328, -17100.04296875]]], [[[-120.42245, 46.31053, -9036.80175781], [-120.40949, 46.30704, -9181.57714844], [-120.41077, 46.31559, -8831.57519531], [-120.42245, 46.31053, -9036.80175781]]], [[[-120.41654, 46.13755, -16122.24804688], [-120.41579, 46.12868, -16483.6328125], [-120.40393, 46.13338, -16279.49804688], [-120.41654, 46.13755, -16122.24804688]]], [[[-120.39605, 46.29503, -9640.77148438], [-120.38346, 46.29095, -9668.51953125], [-120.38434, 46.29939, -9323.18457031], [-120.39605, 46.29503, -9640.77148438]]], [[[-120.42569, 46.10717, -17330.3984375], [-120.41313, 46.10344, -17514.90429688], [-120.41391, 46.11226, -17154.87304688], [-120.42569, 46.10717, -17330.3984375]]], [[[-120.39512, 46.2866, -9985.35058594], [-120.38346, 46.29095, -9668.51953125], [-120.39605, 46.29503, -9640.77148438], [-120.39512, 46.2866, -9985.35058594]]], [[[-120.39512, 46.2866, -9985.35058594], [-120.38258, 46.28252, -10013.85449219], [-120.38346, 46.29095, -9668.51953125], [-120.39512, 46.2866, -9985.35058594]]], [[[-120.4252, 46.0989, -17670.37695312], [-120.41238, 46.09567, -17831.90234375], [-120.41313, 46.10344, -17514.90429688], [-120.4252, 46.0989, -17670.37695312]]], [[[-120.39405, 46.27817, -10329.31152344], [-120.38258, 46.28252, -10013.85449219], [-120.39512, 46.2866, -9985.35058594], [-120.39405, 46.27817, -10329.31152344]]], [[[-120.39405, 46.27817, -10329.31152344], [-120.3817, 46.27408, -10359.18945312], [-120.38258, 46.28252, -10013.85449219], [-120.39405, 46.27817, -10329.31152344]]], [[[-120.49327, 46.1495, -15807.21875], [-120.48062, 46.15594, -15509.421875], [-120.49413, 46.15797, -15460.8046875], [-120.49327, 46.1495, -15807.21875]]], [[[-120.3934, 46.26973, -10674.98925781], [-120.3817, 46.27408, -10359.18945312], [-120.39405, 46.27817, -10329.31152344], [-120.3934, 46.26973, -10674.98925781]]], [[[-120.47807, 46.13062, -16545.13867188], [-120.4649, 46.12737, -16716.203125], [-120.4659, 46.13585, -16368.76269531], [-120.47807, 46.13062, -16545.13867188]]], [[[-120.49758, 46.19154, -14087.2890625], [-120.48507, 46.19821, -13781.2734375], [-120.49847, 46.19991, -13744.94335938], [-120.49758, 46.19154, -14087.2890625]]], [[[-120.3934, 46.26973, -10674.98925781], [-120.38082, 46.26565, -10704.5234375], [-120.3817, 46.27408, -10359.18945312], [-120.3934, 46.26973, -10674.98925781]]], [[[-120.39248, 46.2613, -11019.62890625], [-120.38082, 46.26565, -10704.5234375], [-120.3934, 46.26973, -10674.98925781], [-120.39248, 46.2613, -11019.62890625]]], [[[-120.49592, 46.1747, -14776.37402344], [-120.50845, 46.16989, -14998.57421875], [-120.49497, 46.1664, -15115.80957031], [-120.49592, 46.1747, -14776.37402344]]], [[[-120.39248, 46.2613, -11019.62890625], [-120.37994, 46.25721, -11049.85839844], [-120.38082, 46.26565, -10704.5234375], [-120.39248, 46.2613, -11019.62890625]]], [[[-120.3914, 46.25287, -11363.45605469], [-120.37994, 46.25721, -11049.85839844], [-120.39248, 46.2613, -11019.62890625], [-120.3914, 46.25287, -11363.45605469]]], [[[-120.41844, 46.15399, -15450.07617188], [-120.40555, 46.15064, -15573.33789062], [-120.40656, 46.15866, -15245.97558594], [-120.41844, 46.15399, -15450.07617188]]], [[[-120.3914, 46.25287, -11363.45605469], [-120.37906, 46.24877, -11395.19335938], [-120.37994, 46.25721, -11049.85839844], [-120.3914, 46.25287, -11363.45605469]]], [[[-120.50674, 46.15309, -15686.18164062], [-120.51908, 46.14839, -15897.45703125], [-120.50588, 46.14469, -16030.11816406], [-120.50674, 46.15309, -15686.18164062]]], [[[-120.40393, 46.13338, -16279.49804688], [-120.3923, 46.13857, -16066.48828125], [-120.40487, 46.14262, -15901.83398438], [-120.40393, 46.13338, -16279.49804688]]], [[[-120.39076, 46.24443, -11709.20703125], [-120.37906, 46.24877, -11395.19335938], [-120.3914, 46.25287, -11363.45605469], [-120.39076, 46.24443, -11709.20703125]]], [[[-120.42404, 46.09069, -18003.77148438], [-120.41238, 46.09567, -17831.90234375], [-120.4252, 46.0989, -17670.37695312], [-120.42404, 46.09069, -18003.77148438]]], [[[-120.39076, 46.24443, -11709.20703125], [-120.37818, 46.24034, -11740.52832031], [-120.37906, 46.24877, -11395.19335938], [-120.39076, 46.24443, -11709.20703125]]], [[[-120.48984, 46.1159, -17181.45898438], [-120.47632, 46.11394, -17226.98632812], [-120.47718, 46.12223, -16888.35742188], [-120.48984, 46.1159, -17181.45898438]]], [[[-120.54159, 46.24422, -11899.55859375], [-120.54245, 46.25262, -11555.86523438], [-120.55427, 46.24737, -11594.29492188], [-120.54159, 46.24422, -11899.55859375]]], [[[-120.62447, 46.45349, -2560.86254883], [-120.6128, 46.45853, -2459.62597656], [-120.62534, 46.46189, -2216.67163086], [-120.62447, 46.45349, -2560.86254883]]], [[[-120.38985, 46.236, -12053.90722656], [-120.37818, 46.24034, -11740.52832031], [-120.39076, 46.24443, -11709.20703125], [-120.38985, 46.236, -12053.90722656]]], [[[-120.41579, 46.12868, -16483.6328125], [-120.40291, 46.12532, -16608.53515625], [-120.40393, 46.13338, -16279.49804688], [-120.41579, 46.12868, -16483.6328125]]], [[[-120.38985, 46.236, -12053.90722656], [-120.37731, 46.2319, -12085.86328125], [-120.37818, 46.24034, -11740.52832031], [-120.38985, 46.236, -12053.90722656]]], [[[-120.48889, 46.10759, -17521.4140625], [-120.47632, 46.11394, -17226.98632812], [-120.48984, 46.1159, -17181.45898438], [-120.48889, 46.10759, -17521.4140625]]], [[[-120.54159, 46.24422, -11899.55859375], [-120.55427, 46.24737, -11594.29492188], [-120.55341, 46.23897, -11938.15527344], [-120.54159, 46.24422, -11899.55859375]]], [[[-120.47229, 46.52365, -340.76245117], [-120.45764, 46.52254, -394.72866821], [-120.46391, 46.53066, -45.60798264], [-120.47229, 46.52365, -340.76245117]]], [[[-120.37731, 46.2319, -12085.86328125], [-120.38985, 46.236, -12053.90722656], [-120.38876, 46.22757, -12397.60253906], [-120.37731, 46.2319, -12085.86328125]]], [[[-120.47517, 46.10543, -17574.63671875], [-120.46322, 46.11055, -17403.79882812], [-120.47632, 46.11394, -17226.98632812], [-120.47517, 46.10543, -17574.63671875]]], [[[-120.40342, 46.24844, -11576.39550781], [-120.39076, 46.24443, -11709.20703125], [-120.3914, 46.25287, -11363.45605469], [-120.40342, 46.24844, -11576.39550781]]], [[[-120.38876, 46.22757, -12397.60253906], [-120.37643, 46.22347, -12431.19726562], [-120.37731, 46.2319, -12085.86328125], [-120.38876, 46.22757, -12397.60253906]]], [[[-120.41313, 46.10344, -17514.90429688], [-120.41238, 46.09567, -17831.90234375], [-120.40028, 46.1, -17643.734375], [-120.41313, 46.10344, -17514.90429688]]], [[[-120.37643, 46.22347, -12431.19726562], [-120.38876, 46.22757, -12397.60253906], [-120.38811, 46.21913, -12743.42578125], [-120.37643, 46.22347, -12431.19726562]]], [[[-120.46134, 46.09367, -18094.38476562], [-120.46054, 46.08525, -18438.40039062], [-120.44852, 46.08986, -18251.52734375], [-120.46134, 46.09367, -18094.38476562]]], [[[-120.48719, 46.09074, -18210.65625], [-120.47369, 46.08869, -18259.49609375], [-120.47435, 46.09704, -17917.73828125], [-120.48719, 46.09074, -18210.65625]]], [[[-120.48762, 46.01147, -21471.45898438], [-120.48403, 46.00309, -21805.890625], [-120.47499, 46.0103, -21491.21289062], [-120.48762, 46.01147, -21471.45898438]]], [[[-120.43725, 46.21719, -12837.48730469], [-120.42559, 46.22222, -12663.27050781], [-120.43847, 46.22541, -12504.25976562], [-120.43725, 46.21719, -12837.48730469]]], [[[-120.40608, 46.27375, -10542.32421875], [-120.40549, 46.26502, -10898.69824219], [-120.3934, 46.26973, -10674.98925781], [-120.40608, 46.27375, -10542.32421875]]], [[[-120.37555, 46.21503, -12776.53222656], [-120.37643, 46.22347, -12431.19726562], [-120.38811, 46.21913, -12743.42578125], [-120.37555, 46.21503, -12776.53222656]]], [[[-120.47235, 46.08017, -18607.11132812], [-120.47369, 46.08869, -18259.49609375], [-120.48642, 46.08228, -18557.1015625], [-120.47235, 46.08017, -18607.11132812]]], [[[-120.50087, 46.01159, -21499.20117188], [-120.50648, 46.00494, -21761.734375], [-120.49608, 46.00428, -21785.859375], [-120.50087, 46.01159, -21499.20117188]]], [[[-120.38722, 46.2107, -13088.18554688], [-120.37555, 46.21503, -12776.53222656], [-120.38811, 46.21913, -12743.42578125], [-120.38722, 46.2107, -13088.18554688]]], [[[-120.50101, 46.22508, -12715.30371094], [-120.51443, 46.22869, -12591.59277344], [-120.51358, 46.22029, -12935.43652344], [-120.50101, 46.22508, -12715.30371094]]], [[[-120.41844, 46.15399, -15450.07617188], [-120.41764, 46.14628, -15764.93066406], [-120.40555, 46.15064, -15573.33789062], [-120.41844, 46.15399, -15450.07617188]]], [[[-120.38722, 46.2107, -13088.18554688], [-120.37467, 46.2066, -13121.8671875], [-120.37555, 46.21503, -12776.53222656], [-120.38722, 46.2107, -13088.18554688]]], [[[-120.39282, 46.14722, -15713.16992188], [-120.3802, 46.14323, -15846.08007812], [-120.38086, 46.15167, -15500.11035156], [-120.39282, 46.14722, -15713.16992188]]], [[[-120.38612, 46.20227, -13431.74902344], [-120.37467, 46.2066, -13121.8671875], [-120.38722, 46.2107, -13088.18554688], [-120.38612, 46.20227, -13431.74902344]]], [[[-120.47435, 46.09704, -17917.73828125], [-120.46134, 46.09367, -18094.38476562], [-120.4622, 46.10211, -17749.28515625], [-120.47435, 46.09704, -17917.73828125]]], [[[-120.46402, 46.11897, -17059.48828125], [-120.45119, 46.11516, -17216.79492188], [-120.45219, 46.12373, -16866.35742188], [-120.46402, 46.11897, -17059.48828125]]], [[[-120.38612, 46.20227, -13431.74902344], [-120.37379, 46.19816, -13467.20214844], [-120.37467, 46.2066, -13121.8671875], [-120.38612, 46.20227, -13431.74902344]]], [[[-120.38547, 46.19383, -13777.64355469], [-120.37379, 46.19816, -13467.20214844], [-120.38612, 46.20227, -13431.74902344], [-120.38547, 46.19383, -13777.64355469]]], [[[-120.41764, 46.14628, -15764.93066406], [-120.42931, 46.14129, -15937.2265625], [-120.41654, 46.13755, -16122.24804688], [-120.41764, 46.14628, -15764.93066406]]], [[[-120.38547, 46.19383, -13777.64355469], [-120.37292, 46.18973, -13812.53710938], [-120.37379, 46.19816, -13467.20214844], [-120.38547, 46.19383, -13777.64355469]]], [[[-120.40949, 46.30704, -9181.57714844], [-120.40874, 46.29905, -9508.2578125], [-120.39669, 46.30346, -9295.16699219], [-120.40949, 46.30704, -9181.57714844]]], [[[-120.38459, 46.1854, -14122.46484375], [-120.37292, 46.18973, -13812.53710938], [-120.38547, 46.19383, -13777.64355469], [-120.38459, 46.1854, -14122.46484375]]], [[[-120.5528, 46.47595, -2483.9777832], [-120.55374, 46.48434, -2140.05004883], [-120.56587, 46.47941, -2276.14282227], [-120.5528, 46.47595, -2483.9777832]]], [[[-120.51221, 46.08119, -18648.92578125], [-120.52434, 46.07621, -18773.42578125], [-120.51135, 46.07279, -18992.85742188], [-120.51221, 46.08119, -18648.92578125]]], [[[-120.47827, 46.25387, -11542.14453125], [-120.46553, 46.25022, -11693.68457031], [-120.46633, 46.2588, -11342.79003906], [-120.47827, 46.25387, -11542.14453125]]], [[[-120.41238, 46.09567, -17831.90234375], [-120.41127, 46.08698, -18187.6875], [-120.3996, 46.09199, -17971.8359375], [-120.41238, 46.09567, -17831.90234375]]], [[[-120.38459, 46.1854, -14122.46484375], [-120.37204, 46.18129, -14157.87207031], [-120.37292, 46.18973, -13812.53710938], [-120.38459, 46.1854, -14122.46484375]]], [[[-120.46937, 46.16958, -14989.796875], [-120.46855, 46.16112, -15335.55273438], [-120.45653, 46.16576, -15147.52734375], [-120.46937, 46.16958, -14989.796875]]], [[[-120.37204, 46.18129, -14157.87207031], [-120.38459, 46.1854, -14122.46484375], [-120.38349, 46.17697, -14465.9140625], [-120.37204, 46.18129, -14157.87207031]]], [[[-120.44765, 46.08175, -18582.99609375], [-120.46054, 46.08525, -18438.40039062], [-120.45953, 46.07681, -18783.98828125], [-120.44765, 46.08175, -18582.99609375]]], [[[-120.52434, 46.07621, -18773.42578125], [-120.5252, 46.08461, -18429.73242188], [-120.537, 46.07937, -18471.484375], [-120.52434, 46.07621, -18773.42578125]]], [[[-120.48094, 46.27917, -10507.33105469], [-120.48002, 46.27073, -10852.5], [-120.4682, 46.27552, -10659.29882812], [-120.48094, 46.27917, -10507.33105469]]], [[[-120.40285, 46.23973, -11932.25878906], [-120.38985, 46.236, -12053.90722656], [-120.39076, 46.24443, -11709.20703125], [-120.40285, 46.23973, -11932.25878906]]], [[[-120.38349, 46.17697, -14465.9140625], [-120.37116, 46.17285, -14503.20605469], [-120.37204, 46.18129, -14157.87207031], [-120.38349, 46.17697, -14465.9140625]]], [[[-120.53078, 46.48841, -1945.84533691], [-120.53773, 46.49638, -1626.54248047], [-120.5438, 46.48898, -1939.97436523], [-120.53078, 46.48841, -1945.84533691]]], [[[-120.40226, 46.11735, -16935.02929688], [-120.39018, 46.12191, -16747.56835938], [-120.40291, 46.12532, -16608.53515625], [-120.40226, 46.11735, -16935.02929688]]], [[[-120.37116, 46.17285, -14503.20605469], [-120.38349, 46.17697, -14465.9140625], [-120.38283, 46.16853, -14811.86230469], [-120.37116, 46.17285, -14503.20605469]]], [[[-120.47632, 46.11394, -17226.98632812], [-120.46402, 46.11897, -17059.48828125], [-120.47718, 46.12223, -16888.35742188], [-120.47632, 46.11394, -17226.98632812]]], [[[-120.4649, 46.12737, -16716.203125], [-120.45219, 46.12373, -16866.35742188], [-120.45302, 46.13232, -16514.9921875], [-120.4649, 46.12737, -16716.203125]]], [[[-120.37029, 46.16442, -14848.54101562], [-120.37116, 46.17285, -14503.20605469], [-120.38283, 46.16853, -14811.86230469], [-120.37029, 46.16442, -14848.54101562]]], [[[-120.38811, 46.21913, -12743.42578125], [-120.40022, 46.21444, -12965.8203125], [-120.38722, 46.2107, -13088.18554688], [-120.38811, 46.21913, -12743.42578125]]], [[[-120.38197, 46.1601, -15156.74414062], [-120.37029, 46.16442, -14848.54101562], [-120.38283, 46.16853, -14811.86230469], [-120.38197, 46.1601, -15156.74414062]]], [[[-120.47872, 46.4939, -1625.69689941], [-120.46654, 46.4882, -1774.8651123], [-120.46819, 46.49957, -1313.58007812], [-120.47872, 46.4939, -1625.69689941]]], [[[-120.40156, 46.23111, -12284.8359375], [-120.38876, 46.22757, -12397.60253906], [-120.38985, 46.236, -12053.90722656], [-120.40156, 46.23111, -12284.8359375]]], [[[-120.38197, 46.1601, -15156.74414062], [-120.36941, 46.15598, -15193.87597656], [-120.37029, 46.16442, -14848.54101562], [-120.38197, 46.1601, -15156.74414062]]], [[[-120.54012, 46.48088, -2267.17382812], [-120.55374, 46.48434, -2140.05004883], [-120.5528, 46.47595, -2483.9777832], [-120.54012, 46.48088, -2267.17382812]]], [[[-120.47718, 46.12223, -16888.35742188], [-120.47807, 46.13062, -16545.13867188], [-120.49092, 46.12427, -16839.61914062], [-120.47718, 46.12223, -16888.35742188]]], [[[-120.40555, 46.15064, -15573.33789062], [-120.39282, 46.14722, -15713.16992188], [-120.39367, 46.15519, -15387.64648438], [-120.40555, 46.15064, -15573.33789062]]], [[[-120.38086, 46.15167, -15500.11035156], [-120.36941, 46.15598, -15193.87597656], [-120.38197, 46.1601, -15156.74414062], [-120.38086, 46.15167, -15500.11035156]]], [[[-120.47369, 46.08869, -18259.49609375], [-120.46134, 46.09367, -18094.38476562], [-120.47435, 46.09704, -17917.73828125], [-120.47369, 46.08869, -18259.49609375]]], [[[-120.47499, 46.0103, -21491.21289062], [-120.48403, 46.00309, -21805.890625], [-120.47151, 46.00189, -21826.50585938], [-120.47499, 46.0103, -21491.21289062]]], [[[-120.4468, 46.42462, -4395.94433594], [-120.44574, 46.41565, -4762.63037109], [-120.43408, 46.42078, -4529.61914062], [-120.4468, 46.42462, -4395.94433594]]], [[[-120.40487, 46.14262, -15901.83398438], [-120.39282, 46.14722, -15713.16992188], [-120.40555, 46.15064, -15573.33789062], [-120.40487, 46.14262, -15901.83398438]]], [[[-120.38086, 46.15167, -15500.11035156], [-120.36853, 46.14755, -15539.2109375], [-120.36941, 46.15598, -15193.87597656], [-120.38086, 46.15167, -15500.11035156]]], [[[-120.47235, 46.08017, -18607.11132812], [-120.4709, 46.07216, -18935.86132812], [-120.45953, 46.07681, -18783.98828125], [-120.47235, 46.08017, -18607.11132812]]], [[[-120.3802, 46.14323, -15846.08007812], [-120.36853, 46.14755, -15539.2109375], [-120.38086, 46.15167, -15500.11035156], [-120.3802, 46.14323, -15846.08007812]]], [[[-120.49942, 46.20825, -13403.72265625], [-120.51273, 46.21189, -13279.34667969], [-120.51189, 46.20349, -13623.01074219], [-120.49942, 46.20825, -13403.72265625]]], [[[-120.41018, 46.19328, -13830.78027344], [-120.39811, 46.19784, -13644.58203125], [-120.41084, 46.20128, -13502.96484375], [-120.41018, 46.19328, -13830.78027344]]], [[[-120.39105, 46.12988, -16421.75390625], [-120.37824, 46.12638, -16534.30664062], [-120.37934, 46.1348, -16191.02441406], [-120.39105, 46.12988, -16421.75390625]]], [[[-120.3802, 46.14323, -15846.08007812], [-120.36766, 46.13911, -15884.54589844], [-120.36853, 46.14755, -15539.2109375], [-120.3802, 46.14323, -15846.08007812]]], [[[-120.37934, 46.1348, -16191.02441406], [-120.36766, 46.13911, -15884.54589844], [-120.3802, 46.14323, -15846.08007812], [-120.37934, 46.1348, -16191.02441406]]], [[[-120.4659, 46.13585, -16368.76269531], [-120.45302, 46.13232, -16514.9921875], [-120.45385, 46.14046, -16182.28222656], [-120.4659, 46.13585, -16368.76269531]]], [[[-120.37934, 46.1348, -16191.02441406], [-120.36678, 46.13068, -16229.87988281], [-120.36766, 46.13911, -15884.54589844], [-120.37934, 46.1348, -16191.02441406]]], [[[-120.5035, 46.25043, -11677.97851562], [-120.51616, 46.24548, -11903.95019531], [-120.50275, 46.24193, -12026.09863281], [-120.5035, 46.25043, -11677.97851562]]], [[[-120.46054, 46.08525, -18438.40039062], [-120.44765, 46.08175, -18582.99609375], [-120.44852, 46.08986, -18251.52734375], [-120.46054, 46.08525, -18438.40039062]]], [[[-120.44168, 46.25895, -11132.35546875], [-120.42908, 46.25522, -11315.24609375], [-120.42979, 46.26396, -10958.78417969], [-120.44168, 46.25895, -11132.35546875]]], [[[-120.41764, 46.14628, -15764.93066406], [-120.40487, 46.14262, -15901.83398438], [-120.40555, 46.15064, -15573.33789062], [-120.41764, 46.14628, -15764.93066406]]], [[[-120.37824, 46.12638, -16534.30664062], [-120.36678, 46.13068, -16229.87988281], [-120.37934, 46.1348, -16191.02441406], [-120.37824, 46.12638, -16534.30664062]]], [[[-120.37824, 46.12638, -16534.30664062], [-120.36591, 46.12224, -16575.21484375], [-120.36678, 46.13068, -16229.87988281], [-120.37824, 46.12638, -16534.30664062]]], [[[-120.37824, 46.12638, -16534.30664062], [-120.37756, 46.11793, -16880.29882812], [-120.36591, 46.12224, -16575.21484375], [-120.37824, 46.12638, -16534.30664062]]], [[[-120.50203, 46.23345, -12373.0859375], [-120.51443, 46.22869, -12591.59277344], [-120.50101, 46.22508, -12715.30371094], [-120.50203, 46.23345, -12373.0859375]]], [[[-120.39893, 46.2058, -13319.22851562], [-120.41185, 46.20931, -13175.31835938], [-120.41084, 46.20128, -13502.96484375], [-120.39893, 46.2058, -13319.22851562]]], [[[-120.39018, 46.12191, -16747.56835938], [-120.37756, 46.11793, -16880.29882812], [-120.37824, 46.12638, -16534.30664062], [-120.39018, 46.12191, -16747.56835938]]], [[[-120.4449, 46.17036, -14851.20996094], [-120.45653, 46.16576, -15147.52734375], [-120.44358, 46.16191, -15192.67871094], [-120.4449, 46.17036, -14851.20996094]]], [[[-120.39018, 46.12191, -16747.56835938], [-120.38967, 46.11328, -17100.04296875], [-120.37756, 46.11793, -16880.29882812], [-120.39018, 46.12191, -16747.56835938]]], [[[-120.54012, 46.48088, -2267.17382812], [-120.5438, 46.48898, -1939.97436523], [-120.55374, 46.48434, -2140.05004883], [-120.54012, 46.48088, -2267.17382812]]], [[[-120.40874, 46.29905, -9508.2578125], [-120.39605, 46.29503, -9640.77148438], [-120.39669, 46.30346, -9295.16699219], [-120.40874, 46.29905, -9508.2578125]]], [[[-120.40226, 46.11735, -16935.02929688], [-120.38967, 46.11328, -17100.04296875], [-120.39018, 46.12191, -16747.56835938], [-120.40226, 46.11735, -16935.02929688]]], [[[-120.5045, 46.25882, -11335.18457031], [-120.51702, 46.25389, -11560.01953125], [-120.5035, 46.25043, -11677.97851562], [-120.5045, 46.25882, -11335.18457031]]], [[[-120.52348, 46.06781, -19117.12109375], [-120.52434, 46.07621, -18773.42578125], [-120.53613, 46.07098, -18815.34375], [-120.52348, 46.06781, -19117.12109375]]], [[[-120.4659, 46.13585, -16368.76269531], [-120.4649, 46.12737, -16716.203125], [-120.45302, 46.13232, -16514.9921875], [-120.4659, 46.13585, -16368.76269531]]], [[[-120.40129, 46.1081, -17313.00585938], [-120.38967, 46.11328, -17100.04296875], [-120.40226, 46.11735, -16935.02929688], [-120.40129, 46.1081, -17313.00585938]]], [[[-120.47517, 46.10543, -17574.63671875], [-120.4622, 46.10211, -17749.28515625], [-120.46322, 46.11055, -17403.79882812], [-120.47517, 46.10543, -17574.63671875]]], [[[-120.40813, 46.29031, -9865.13671875], [-120.39512, 46.2866, -9985.35058594], [-120.39605, 46.29503, -9640.77148438], [-120.40813, 46.29031, -9865.13671875]]], [[[-120.40129, 46.1081, -17313.00585938], [-120.38843, 46.10458, -17455.84960938], [-120.38967, 46.11328, -17100.04296875], [-120.40129, 46.1081, -17313.00585938]]], [[[-120.52434, 46.07621, -18773.42578125], [-120.51221, 46.08119, -18648.92578125], [-120.5252, 46.08461, -18429.73242188], [-120.52434, 46.07621, -18773.42578125]]], [[[-120.49567, 46.29933, -9646.49414062], [-120.4827, 46.29603, -9817.69824219], [-120.48359, 46.3045, -9471.37304688], [-120.49567, 46.29933, -9646.49414062]]], [[[-120.4449, 46.17036, -14851.20996094], [-120.43314, 46.17481, -14570.54785156], [-120.44578, 46.17874, -14508.71484375], [-120.4449, 46.17036, -14851.20996094]]], [[[-120.40028, 46.1, -17643.734375], [-120.38843, 46.10458, -17455.84960938], [-120.40129, 46.1081, -17313.00585938], [-120.40028, 46.1, -17643.734375]]], [[[-120.47235, 46.08017, -18607.11132812], [-120.45953, 46.07681, -18783.98828125], [-120.46054, 46.08525, -18438.40039062], [-120.47235, 46.08017, -18607.11132812]]], [[[-120.4092, 46.18394, -14212.36621094], [-120.3963, 46.18049, -14353.51855469], [-120.39758, 46.18915, -13999.38085938], [-120.4092, 46.18394, -14212.36621094]]], [[[-120.40028, 46.1, -17643.734375], [-120.38754, 46.0966, -17781.98046875], [-120.38843, 46.10458, -17455.84960938], [-120.40028, 46.1, -17643.734375]]], [[[-120.49238, 46.1411, -16150.64355469], [-120.47903, 46.13917, -16195.61816406], [-120.47978, 46.14752, -15853.90820312], [-120.49238, 46.1411, -16150.64355469]]], [[[-120.48541, 46.32132, -8783.50292969], [-120.4846, 46.31288, -9128.22851562], [-120.47253, 46.31753, -8941.14453125], [-120.48541, 46.32132, -8783.50292969]]], [[[-120.40076, 46.22314, -12610.47949219], [-120.38811, 46.21913, -12743.42578125], [-120.38876, 46.22757, -12397.60253906], [-120.40076, 46.22314, -12610.47949219]]], [[[-120.3996, 46.09199, -17971.8359375], [-120.38754, 46.0966, -17781.98046875], [-120.40028, 46.1, -17643.734375], [-120.3996, 46.09199, -17971.8359375]]], [[[-120.53786, 46.08777, -18127.625], [-120.54952, 46.08253, -18166.68945312], [-120.537, 46.07937, -18471.484375], [-120.53786, 46.08777, -18127.625]]], [[[-120.46188, 46.21634, -13079.30957031], [-120.45023, 46.22094, -12784.25878906], [-120.46287, 46.22492, -12728.21582031], [-120.46188, 46.21634, -13079.30957031]]], [[[-120.41739, 46.383, -6077.27734375], [-120.40464, 46.37936, -6192.74023438], [-120.40567, 46.3878, -5848.24316406], [-120.41739, 46.383, -6077.27734375]]], [[[-120.3996, 46.09199, -17971.8359375], [-120.38703, 46.08799, -18133.59765625], [-120.38754, 46.0966, -17781.98046875], [-120.3996, 46.09199, -17971.8359375]]], [[[-120.5438, 46.48898, -1939.97436523], [-120.53773, 46.49638, -1626.54248047], [-120.55302, 46.4956, -1682.47241211], [-120.5438, 46.48898, -1939.97436523]]], [[[-120.39866, 46.08282, -18346.50585938], [-120.38703, 46.08799, -18133.59765625], [-120.3996, 46.09199, -17971.8359375], [-120.39866, 46.08282, -18346.50585938]]], [[[-120.5438, 46.48898, -1939.97436523], [-120.55302, 46.4956, -1682.47241211], [-120.55374, 46.48434, -2140.05004883], [-120.5438, 46.48898, -1939.97436523]]], [[[-120.48168, 46.16451, -15159.34179688], [-120.46855, 46.16112, -15335.55273438], [-120.46937, 46.16958, -14989.796875], [-120.48168, 46.16451, -15159.34179688]]], [[[-120.39866, 46.08282, -18346.50585938], [-120.38582, 46.07928, -18489.93945312], [-120.38703, 46.08799, -18133.59765625], [-120.39866, 46.08282, -18346.50585938]]], [[[-120.49174, 46.51159, -1004.53540039], [-120.50819, 46.512, -975.67840576], [-120.50028, 46.50427, -1306.48706055], [-120.49174, 46.51159, -1004.53540039]]], [[[-120.40874, 46.29905, -9508.2578125], [-120.40813, 46.29031, -9865.13671875], [-120.39605, 46.29503, -9640.77148438], [-120.40874, 46.29905, -9508.2578125]]], [[[-120.39764, 46.07468, -18678.9375], [-120.38582, 46.07928, -18489.93945312], [-120.39866, 46.08282, -18346.50585938], [-120.39764, 46.07468, -18678.9375]]], [[[-120.54217, 46.12977, -16408.328125], [-120.54303, 46.13817, -16064.46875], [-120.5547, 46.13293, -16103.34570312], [-120.54217, 46.12977, -16408.328125]]], [[[-120.48727, 46.33816, -8094.18847656], [-120.4863, 46.32973, -8439.16503906], [-120.47437, 46.33466, -8240.73339844], [-120.48727, 46.33816, -8094.18847656]]], [[[-120.41407, 46.34965, -7440.13769531], [-120.40134, 46.34563, -7572.33837891], [-120.40199, 46.35406, -7226.88183594], [-120.41407, 46.34965, -7440.13769531]]], [[[-120.39764, 46.07468, -18678.9375], [-120.38491, 46.07129, -18816.40039062], [-120.38582, 46.07928, -18489.93945312], [-120.39764, 46.07468, -18678.9375]]], [[[-120.55031, 46.51295, -965.00244141], [-120.55831, 46.52139, -619.48590088], [-120.56318, 46.51234, -963.44134521], [-120.55031, 46.51295, -965.00244141]]], [[[-120.49238, 46.1411, -16150.64355469], [-120.49327, 46.1495, -15807.21875], [-120.50588, 46.14469, -16030.11816406], [-120.49238, 46.1411, -16150.64355469]]], [[[-120.43941, 46.47133, -2462.70483398], [-120.43838, 46.46231, -2831.12866211], [-120.42666, 46.46733, -2630.01464844], [-120.43941, 46.47133, -2462.70483398]]], [[[-120.39764, 46.07468, -18678.9375], [-120.39696, 46.06669, -19006.12109375], [-120.38491, 46.07129, -18816.40039062], [-120.39764, 46.07468, -18678.9375]]], [[[-120.53678, 46.5129, -947.5491333], [-120.52365, 46.51216, -956.04650879], [-120.52907, 46.52052, -624.55621338], [-120.53678, 46.5129, -947.5491333]]], [[[-120.50623, 46.27544, -10655.14941406], [-120.50539, 46.26712, -10995.703125], [-120.493, 46.27406, -10679.47363281], [-120.50623, 46.27544, -10655.14941406]]], [[[-120.47235, 46.08017, -18607.11132812], [-120.48642, 46.08228, -18557.1015625], [-120.48536, 46.0738, -18903.55664062], [-120.47235, 46.08017, -18607.11132812]]], [[[-120.54217, 46.12977, -16408.328125], [-120.5547, 46.13293, -16103.34570312], [-120.55384, 46.12453, -16447.23632812], [-120.54217, 46.12977, -16408.328125]]], [[[-120.48995, 46.36346, -7059.52832031], [-120.48891, 46.35503, -7404.65771484], [-120.47705, 46.35995, -7206.21044922], [-120.48995, 46.36346, -7059.52832031]]], [[[-120.41474, 46.35769, -7111.66503906], [-120.41407, 46.34965, -7440.13769531], [-120.40199, 46.35406, -7226.88183594], [-120.41474, 46.35769, -7111.66503906]]], [[[-120.39764, 46.07468, -18678.9375], [-120.40974, 46.07035, -18865.97070312], [-120.39696, 46.06669, -19006.12109375], [-120.39764, 46.07468, -18678.9375]]], [[[-120.53872, 46.09617, -17783.765625], [-120.53958, 46.10457, -17439.90625], [-120.55124, 46.09933, -17478.90820312], [-120.53872, 46.09617, -17783.765625]]], [[[-120.4762, 46.35133, -7558.87451172], [-120.46348, 46.34738, -7616.1171875], [-120.46448, 46.35582, -7272.23242188], [-120.4762, 46.35133, -7558.87451172]]], [[[-120.52048, 46.28748, -10184.71289062], [-120.53286, 46.28278, -10394.52246094], [-120.51962, 46.27908, -10528.56054688], [-120.52048, 46.28748, -10184.71289062]]], [[[-120.39764, 46.07468, -18678.9375], [-120.41049, 46.07813, -18548.50195312], [-120.40974, 46.07035, -18865.97070312], [-120.39764, 46.07468, -18678.9375]]], [[[-120.5519, 46.46756, -2827.98876953], [-120.5528, 46.47595, -2483.9777832], [-120.565, 46.47101, -2619.83618164], [-120.5519, 46.46756, -2827.98876953]]], [[[-120.49156, 46.13272, -16493.59375], [-120.49092, 46.12427, -16839.61914062], [-120.47807, 46.13062, -16545.13867188], [-120.49156, 46.13272, -16493.59375]]], [[[-120.47705, 46.35995, -7206.21044922], [-120.46448, 46.35582, -7272.23242188], [-120.465, 46.36437, -6919.40673828], [-120.47705, 46.35995, -7206.21044922]]], [[[-120.48062, 46.15594, -15509.421875], [-120.46855, 46.16112, -15335.55273438], [-120.48168, 46.16451, -15159.34179688], [-120.48062, 46.15594, -15509.421875]]], [[[-120.41049, 46.07813, -18548.50195312], [-120.39764, 46.07468, -18678.9375], [-120.39866, 46.08282, -18346.50585938], [-120.41049, 46.07813, -18548.50195312]]], [[[-120.53786, 46.08777, -18127.625], [-120.55038, 46.09093, -17822.79882812], [-120.54952, 46.08253, -18166.68945312], [-120.53786, 46.08777, -18127.625]]], [[[-120.42666, 46.46733, -2630.01464844], [-120.42535, 46.45893, -2974.16699219], [-120.41361, 46.4637, -2745.41772461], [-120.42666, 46.46733, -2630.01464844]]], [[[-120.52566, 46.33788, -8121.62890625], [-120.53891, 46.34157, -7986.98925781], [-120.53804, 46.33317, -8330.92285156], [-120.52566, 46.33788, -8121.62890625]]], [[[-120.41127, 46.08698, -18187.6875], [-120.41049, 46.07813, -18548.50195312], [-120.39866, 46.08282, -18346.50585938], [-120.41127, 46.08698, -18187.6875]]], [[[-120.42303, 46.08187, -18363.27148438], [-120.41049, 46.07813, -18548.50195312], [-120.41127, 46.08698, -18187.6875], [-120.42303, 46.08187, -18363.27148438]]], [[[-120.50539, 46.26712, -10995.703125], [-120.50623, 46.27544, -10655.14941406], [-120.51877, 46.27068, -10872.41503906], [-120.50539, 46.26712, -10995.703125]]], [[[-120.49156, 46.13272, -16493.59375], [-120.50416, 46.12789, -16717.79492188], [-120.49092, 46.12427, -16839.61914062], [-120.49156, 46.13272, -16493.59375]]], [[[-120.48193, 46.28758, -10163.16015625], [-120.48094, 46.27917, -10507.33105469], [-120.469, 46.2841, -10308.04101562], [-120.48193, 46.28758, -10163.16015625]]], [[[-120.40685, 46.28173, -10216.00390625], [-120.39405, 46.27817, -10329.31152344], [-120.39512, 46.2866, -9985.35058594], [-120.40685, 46.28173, -10216.00390625]]], [[[-120.42255, 46.07359, -18703.97851562], [-120.41049, 46.07813, -18548.50195312], [-120.42303, 46.08187, -18363.27148438], [-120.42255, 46.07359, -18703.97851562]]], [[[-120.54351, 46.50472, -1292.80078125], [-120.5308, 46.50451, -1285.07824707], [-120.53678, 46.5129, -947.5491333], [-120.54351, 46.50472, -1292.80078125]]], [[[-120.50416, 46.12789, -16717.79492188], [-120.50502, 46.13629, -16373.96582031], [-120.51736, 46.13159, -16585.32421875], [-120.50416, 46.12789, -16717.79492188]]], [[[-120.48002, 46.27073, -10852.5], [-120.47925, 46.26228, -11197.75292969], [-120.46717, 46.26691, -11011.203125], [-120.48002, 46.27073, -10852.5]]], [[[-120.4649, 46.12737, -16716.203125], [-120.46402, 46.11897, -17059.48828125], [-120.45219, 46.12373, -16866.35742188], [-120.4649, 46.12737, -16716.203125]]], [[[-120.42255, 46.07359, -18703.97851562], [-120.40974, 46.07035, -18865.97070312], [-120.41049, 46.07813, -18548.50195312], [-120.42255, 46.07359, -18703.97851562]]], [[[-120.57773, 46.47415, -2310.09008789], [-120.59034, 46.4773, -2003.82446289], [-120.58946, 46.4689, -2347.71508789], [-120.57773, 46.47415, -2310.09008789]]], [[[-120.53958, 46.10457, -17439.90625], [-120.52778, 46.10981, -17398.65234375], [-120.54044, 46.11297, -17096.046875], [-120.53958, 46.10457, -17439.90625]]], [[[-120.47794, 46.36818, -6869.92480469], [-120.465, 46.36437, -6919.40673828], [-120.46615, 46.37268, -6582.13037109], [-120.47794, 46.36818, -6869.92480469]]], [[[-120.46757, 46.15266, -15681.76464844], [-120.45485, 46.14902, -15832.04101562], [-120.45566, 46.15759, -15481.61328125], [-120.46757, 46.15266, -15681.76464844]]], [[[-120.4214, 46.06538, -19037.3046875], [-120.40974, 46.07035, -18865.97070312], [-120.42255, 46.07359, -18703.97851562], [-120.4214, 46.06538, -19037.3046875]]], [[[-120.55031, 46.51295, -965.00244141], [-120.55563, 46.50482, -1302.58996582], [-120.54351, 46.50472, -1292.80078125], [-120.55031, 46.51295, -965.00244141]]], [[[-120.43141, 46.3955, -5563.05566406], [-120.41941, 46.40025, -5372.06542969], [-120.43209, 46.40388, -5219.84082031], [-120.43141, 46.3955, -5563.05566406]]], [[[-120.4214, 46.06538, -19037.3046875], [-120.40863, 46.06169, -19220.5078125], [-120.40974, 46.07035, -18865.97070312], [-120.4214, 46.06538, -19037.3046875]]], [[[-120.46518, 46.47857, -2165.96191406], [-120.45319, 46.48329, -1998.9128418], [-120.46654, 46.4882, -1774.8651123], [-120.46518, 46.47857, -2165.96191406]]], [[[-120.55297, 46.11613, -16791.12695312], [-120.56545, 46.11932, -16496.17382812], [-120.56458, 46.11092, -16840.18554688], [-120.55297, 46.11613, -16791.12695312]]], [[[-120.41626, 46.489, -1711.14355469], [-120.42932, 46.49262, -1596.39648438], [-120.42801, 46.48424, -1939.8223877], [-120.41626, 46.489, -1711.14355469]]], [[[-120.4214, 46.06538, -19037.3046875], [-120.42034, 46.05653, -19397.68554688], [-120.40863, 46.06169, -19220.5078125], [-120.4214, 46.06538, -19037.3046875]]], [[[-120.53958, 46.10457, -17439.90625], [-120.55211, 46.10773, -17135.01757812], [-120.55124, 46.09933, -17478.90820312], [-120.53958, 46.10457, -17439.90625]]], [[[-120.49622, 46.42254, -4643.23828125], [-120.49537, 46.41399, -4992.61083984], [-120.48335, 46.41872, -4802.83447266], [-120.49622, 46.42254, -4643.23828125]]], [[[-120.4622, 46.10211, -17749.28515625], [-120.44952, 46.09844, -17900.796875], [-120.45032, 46.10705, -17548.3203125], [-120.4622, 46.10211, -17749.28515625]]], [[[-120.43293, 46.06064, -19330.97265625], [-120.42034, 46.05653, -19397.68554688], [-120.4214, 46.06538, -19037.3046875], [-120.43293, 46.06064, -19330.97265625]]], [[[-120.50837, 46.49657, -1600.68139648], [-120.50028, 46.50427, -1306.48706055], [-120.51622, 46.5043, -1262.55419922], [-120.50837, 46.49657, -1600.68139648]]], [[[-120.41077, 46.31559, -8831.57519531], [-120.40949, 46.30704, -9181.57714844], [-120.39775, 46.3119, -8951.07324219], [-120.41077, 46.31559, -8831.57519531]]], [[[-120.43293, 46.06064, -19330.97265625], [-120.43293, 46.05199, -19692.77734375], [-120.42034, 46.05653, -19397.68554688], [-120.43293, 46.06064, -19330.97265625]]], [[[-120.56671, 46.48777, -1934.43835449], [-120.5786, 46.48255, -1966.23059082], [-120.56587, 46.47941, -2276.14282227], [-120.56671, 46.48777, -1934.43835449]]], [[[-120.51822, 46.13999, -16241.390625], [-120.51908, 46.14839, -15897.45703125], [-120.53123, 46.14341, -16023.87988281], [-120.51822, 46.13999, -16241.390625]]], [[[-120.41361, 46.4637, -2745.41772461], [-120.40198, 46.46809, -2416.48901367], [-120.41462, 46.47213, -2401.35668945], [-120.41361, 46.4637, -2745.41772461]]], [[[-120.44453, 46.05658, -19612.11523438], [-120.43293, 46.05199, -19692.77734375], [-120.43293, 46.06064, -19330.97265625], [-120.44453, 46.05658, -19612.11523438]]], [[[-120.4042, 46.25642, -11250.42480469], [-120.3914, 46.25287, -11363.45605469], [-120.39248, 46.2613, -11019.62890625], [-120.4042, 46.25642, -11250.42480469]]], [[[-120.44453, 46.05658, -19612.11523438], [-120.44846, 46.04927, -19912.67578125], [-120.43293, 46.05199, -19692.77734375], [-120.44453, 46.05658, -19612.11523438]]], [[[-120.40549, 46.26502, -10898.69824219], [-120.39248, 46.2613, -11019.62890625], [-120.3934, 46.26973, -10674.98925781], [-120.40549, 46.26502, -10898.69824219]]], [[[-120.45768, 46.05766, -19566.6640625], [-120.44846, 46.04927, -19912.67578125], [-120.44453, 46.05658, -19612.11523438], [-120.45768, 46.05766, -19566.6640625]]], [[[-120.56587, 46.47941, -2276.14282227], [-120.57773, 46.47415, -2310.09008789], [-120.565, 46.47101, -2619.83618164], [-120.56587, 46.47941, -2276.14282227]]], [[[-120.55297, 46.11613, -16791.12695312], [-120.55384, 46.12453, -16447.23632812], [-120.56545, 46.11932, -16496.17382812], [-120.55297, 46.11613, -16791.12695312]]], [[[-120.49083, 46.37195, -6712.24853516], [-120.48995, 46.36346, -7059.52832031], [-120.47794, 46.36818, -6869.92480469], [-120.49083, 46.37195, -6712.24853516]]], [[[-120.39367, 46.15519, -15387.64648438], [-120.39282, 46.14722, -15713.16992188], [-120.38086, 46.15167, -15500.11035156], [-120.39367, 46.15519, -15387.64648438]]], [[[-120.45768, 46.05766, -19566.6640625], [-120.46461, 46.0497, -19866.57617188], [-120.44846, 46.04927, -19912.67578125], [-120.45768, 46.05766, -19566.6640625]]], [[[-120.52414, 46.49648, -1601.97790527], [-120.50837, 46.49657, -1600.68139648], [-120.51622, 46.5043, -1262.55419922], [-120.52414, 46.49648, -1601.97790527]]], [[[-120.54217, 46.12977, -16408.328125], [-120.55384, 46.12453, -16447.23632812], [-120.54131, 46.12137, -16752.1875], [-120.54217, 46.12977, -16408.328125]]], [[[-120.48245, 46.41052, -5138.07519531], [-120.46985, 46.40643, -5204.23144531], [-120.47039, 46.41495, -4852.55664062], [-120.48245, 46.41052, -5138.07519531]]], [[[-120.38985, 46.236, -12053.90722656], [-120.40285, 46.23973, -11932.25878906], [-120.40156, 46.23111, -12284.8359375], [-120.38985, 46.236, -12053.90722656]]], [[[-120.46461, 46.0497, -19866.57617188], [-120.45768, 46.05766, -19566.6640625], [-120.47172, 46.05817, -19510.4140625], [-120.46461, 46.0497, -19866.57617188]]], [[[-120.55211, 46.10773, -17135.01757812], [-120.56372, 46.10253, -17184.1953125], [-120.55124, 46.09933, -17478.90820312], [-120.55211, 46.10773, -17135.01757812]]], [[[-120.49413, 46.15797, -15460.8046875], [-120.48168, 46.16451, -15159.34179688], [-120.49497, 46.1664, -15115.80957031], [-120.49413, 46.15797, -15460.8046875]]], [[[-120.47172, 46.05817, -19510.4140625], [-120.48059, 46.05095, -19833.1328125], [-120.46461, 46.0497, -19866.57617188], [-120.47172, 46.05817, -19510.4140625]]], [[[-120.56671, 46.48777, -1934.43835449], [-120.55302, 46.4956, -1682.47241211], [-120.56645, 46.49511, -1645.77966309], [-120.56671, 46.48777, -1934.43835449]]], [[[-120.51822, 46.13999, -16241.390625], [-120.53123, 46.14341, -16023.87988281], [-120.53037, 46.13501, -16367.57324219], [-120.51822, 46.13999, -16241.390625]]], [[[-120.461, 46.2082, -13412.06152344], [-120.4489, 46.21252, -13124.36132812], [-120.46188, 46.21634, -13079.30957031], [-120.461, 46.2082, -13412.06152344]]], [[[-120.46937, 46.16958, -14989.796875], [-120.45653, 46.16576, -15147.52734375], [-120.45753, 46.17432, -14797.46582031], [-120.46937, 46.16958, -14989.796875]]], [[[-120.47172, 46.05817, -19510.4140625], [-120.48838, 46.05912, -19509.27539062], [-120.48059, 46.05095, -19833.1328125], [-120.47172, 46.05817, -19510.4140625]]], [[[-120.55374, 46.48434, -2140.05004883], [-120.56671, 46.48777, -1934.43835449], [-120.56587, 46.47941, -2276.14282227], [-120.55374, 46.48434, -2140.05004883]]], [[[-120.52479, 46.32948, -8465.4765625], [-120.53804, 46.33317, -8330.92285156], [-120.53718, 46.32477, -8674.85644531], [-120.52479, 46.32948, -8465.4765625]]], [[[-120.47942, 46.06568, -19221.66796875], [-120.48838, 46.05912, -19509.27539062], [-120.47172, 46.05817, -19510.4140625], [-120.47942, 46.06568, -19221.66796875]]], [[[-120.54369, 46.52087, -629.34960938], [-120.53617, 46.52838, -311.97317505], [-120.54908, 46.52927, -292.63290405], [-120.54369, 46.52087, -629.34960938]]], [[[-120.48984, 46.1159, -17181.45898438], [-120.49092, 46.12427, -16839.61914062], [-120.50333, 46.1195, -17061.38085938], [-120.48984, 46.1159, -17181.45898438]]], [[[-120.45108, 46.46622, -2696.99853516], [-120.45045, 46.4577, -3044.28735352], [-120.43838, 46.46231, -2831.12866211], [-120.45108, 46.46622, -2696.99853516]]], [[[-120.52652, 46.34628, -7777.78466797], [-120.53977, 46.34997, -7643.05615234], [-120.53891, 46.34157, -7986.98925781], [-120.52652, 46.34628, -7777.78466797]]], [[[-120.4973, 46.06896, -19128.81445312], [-120.48838, 46.05912, -19509.27539062], [-120.47942, 46.06568, -19221.66796875], [-120.4973, 46.06896, -19128.81445312]]], [[[-120.49156, 46.13272, -16493.59375], [-120.47807, 46.13062, -16545.13867188], [-120.47903, 46.13917, -16195.61816406], [-120.49156, 46.13272, -16493.59375]]], [[[-120.46633, 46.2588, -11342.79003906], [-120.45378, 46.25465, -11406.62207031], [-120.45423, 46.26313, -11056.06347656], [-120.46633, 46.2588, -11342.79003906]]], [[[-120.49497, 46.1664, -15115.80957031], [-120.48244, 46.17291, -14815.81835938], [-120.49592, 46.1747, -14776.37402344], [-120.49497, 46.1664, -15115.80957031]]], [[[-120.4973, 46.06896, -19128.81445312], [-120.50025, 46.06138, -19444.79882812], [-120.48838, 46.05912, -19509.27539062], [-120.4973, 46.06896, -19128.81445312]]], [[[-120.49156, 46.13272, -16493.59375], [-120.47903, 46.13917, -16195.61816406], [-120.49238, 46.1411, -16150.64355469], [-120.49156, 46.13272, -16493.59375]]], [[[-120.4682, 46.27552, -10659.29882812], [-120.45554, 46.27154, -10716.52734375], [-120.45645, 46.27996, -10372.54199219], [-120.4682, 46.27552, -10659.29882812]]], [[[-120.40949, 46.30704, -9181.57714844], [-120.39669, 46.30346, -9295.16699219], [-120.39775, 46.3119, -8951.07324219], [-120.40949, 46.30704, -9181.57714844]]], [[[-120.4973, 46.06896, -19128.81445312], [-120.51117, 46.06444, -19331.5703125], [-120.50025, 46.06138, -19444.79882812], [-120.4973, 46.06896, -19128.81445312]]], [[[-120.53078, 46.48841, -1945.84533691], [-120.52414, 46.49648, -1601.97790527], [-120.53773, 46.49638, -1626.54248047], [-120.53078, 46.48841, -1945.84533691]]], [[[-120.52951, 46.12661, -16711.265625], [-120.53037, 46.13501, -16367.57324219], [-120.54217, 46.12977, -16408.328125], [-120.52951, 46.12661, -16711.265625]]], [[[-120.45108, 46.46622, -2696.99853516], [-120.43838, 46.46231, -2831.12866211], [-120.43941, 46.47133, -2462.70483398], [-120.45108, 46.46622, -2696.99853516]]], [[[-120.51117, 46.06444, -19331.5703125], [-120.4973, 46.06896, -19128.81445312], [-120.51135, 46.07279, -18992.85742188], [-120.51117, 46.06444, -19331.5703125]]], [[[-120.51822, 46.13999, -16241.390625], [-120.53037, 46.13501, -16367.57324219], [-120.51736, 46.13159, -16585.32421875], [-120.51822, 46.13999, -16241.390625]]], [[[-120.45319, 46.48329, -1998.9128418], [-120.45212, 46.47523, -2328.90283203], [-120.4401, 46.47983, -2114.61010742], [-120.45319, 46.48329, -1998.9128418]]], [[[-120.41077, 46.31559, -8831.57519531], [-120.39775, 46.3119, -8951.07324219], [-120.39869, 46.32033, -8606.5546875], [-120.41077, 46.31559, -8831.57519531]]], [[[-120.51117, 46.06444, -19331.5703125], [-120.51135, 46.07279, -18992.85742188], [-120.52348, 46.06781, -19117.12109375], [-120.51117, 46.06444, -19331.5703125]]], [[[-120.46379, 46.47014, -2506.87353516], [-120.46316, 46.46135, -2867.50097656], [-120.45108, 46.46622, -2696.99853516], [-120.46379, 46.47014, -2506.87353516]]], [[[-120.51736, 46.13159, -16585.32421875], [-120.53037, 46.13501, -16367.57324219], [-120.52951, 46.12661, -16711.265625], [-120.51736, 46.13159, -16585.32421875]]], [[[-120.48516, 46.43585, -4102.20068359], [-120.47306, 46.44028, -3817.20043945], [-120.48604, 46.44403, -3767.95556641], [-120.48516, 46.43585, -4102.20068359]]], [[[-120.41871, 46.39146, -5730.86621094], [-120.40567, 46.3878, -5848.24316406], [-120.40665, 46.39623, -5503.91845703], [-120.41871, 46.39146, -5730.86621094]]], [[[-120.51117, 46.06444, -19331.5703125], [-120.52348, 46.06781, -19117.12109375], [-120.52253, 46.05911, -19474.14453125], [-120.51117, 46.06444, -19331.5703125]]], [[[-120.48783, 46.46117, -3066.78955078], [-120.47521, 46.4571, -3133.12060547], [-120.47575, 46.46559, -2783.08081055], [-120.48783, 46.46117, -3066.78955078]]], [[[-120.40549, 46.26502, -10898.69824219], [-120.4042, 46.25642, -11250.42480469], [-120.39248, 46.2613, -11019.62890625], [-120.40549, 46.26502, -10898.69824219]]], [[[-120.5088, 46.05479, -19733.4140625], [-120.51117, 46.06444, -19331.5703125], [-120.52253, 46.05911, -19474.14453125], [-120.5088, 46.05479, -19733.4140625]]], [[[-120.47872, 46.4939, -1625.69689941], [-120.48488, 46.50284, -1307.86486816], [-120.49386, 46.49578, -1651.93286133], [-120.47872, 46.4939, -1625.69689941]]], [[[-120.537, 46.07937, -18471.484375], [-120.54865, 46.07413, -18510.58007812], [-120.53613, 46.07098, -18815.34375], [-120.537, 46.07937, -18471.484375]]], [[[-120.47827, 46.25387, -11542.14453125], [-120.47738, 46.24547, -11885.58203125], [-120.46553, 46.25022, -11693.68457031], [-120.47827, 46.25387, -11542.14453125]]], [[[-120.41739, 46.383, -6077.27734375], [-120.41674, 46.37495, -6406.08105469], [-120.40464, 46.37936, -6192.74023438], [-120.41739, 46.383, -6077.27734375]]], [[[-120.50025, 46.06138, -19444.79882812], [-120.51117, 46.06444, -19331.5703125], [-120.5088, 46.05479, -19733.4140625], [-120.50025, 46.06138, -19444.79882812]]], [[[-120.565, 46.47101, -2619.83618164], [-120.57686, 46.46575, -2653.94946289], [-120.56413, 46.46261, -2963.52954102], [-120.565, 46.47101, -2619.83618164]]], [[[-120.49092, 46.12427, -16839.61914062], [-120.50416, 46.12789, -16717.79492188], [-120.50333, 46.1195, -17061.38085938], [-120.49092, 46.12427, -16839.61914062]]], [[[-120.49264, 46.38876, -6024.81835938], [-120.4916, 46.38033, -6369.88134766], [-120.47974, 46.38525, -6171.67578125], [-120.49264, 46.38876, -6024.81835938]]], [[[-120.52048, 46.28748, -10184.71289062], [-120.53372, 46.29118, -10050.58984375], [-120.53286, 46.28278, -10394.52246094], [-120.52048, 46.28748, -10184.71289062]]], [[[-120.49566, 46.05131, -19851.47070312], [-120.50025, 46.06138, -19444.79882812], [-120.5088, 46.05479, -19733.4140625], [-120.49566, 46.05131, -19851.47070312]]], [[[-120.50837, 46.49657, -1600.68139648], [-120.49386, 46.49578, -1651.93286133], [-120.50028, 46.50427, -1306.48706055], [-120.50837, 46.49657, -1600.68139648]]], [[[-120.51822, 46.13999, -16241.390625], [-120.50588, 46.14469, -16030.11816406], [-120.51908, 46.14839, -15897.45703125], [-120.51822, 46.13999, -16241.390625]]], [[[-120.46606, 46.5153, -660.86468506], [-120.47229, 46.52365, -340.76245117], [-120.48174, 46.51743, -668.90570068], [-120.46606, 46.5153, -660.86468506]]], [[[-120.49566, 46.05131, -19851.47070312], [-120.48838, 46.05912, -19509.27539062], [-120.50025, 46.06138, -19444.79882812], [-120.49566, 46.05131, -19851.47070312]]], [[[-120.46379, 46.47014, -2506.87353516], [-120.47575, 46.46559, -2783.08081055], [-120.46316, 46.46135, -2867.50097656], [-120.46379, 46.47014, -2506.87353516]]], [[[-120.50539, 46.26712, -10995.703125], [-120.51877, 46.27068, -10872.41503906], [-120.51792, 46.26228, -11216.54003906], [-120.50539, 46.26712, -10995.703125]]], [[[-120.54217, 46.12977, -16408.328125], [-120.53037, 46.13501, -16367.57324219], [-120.54303, 46.13817, -16064.46875], [-120.54217, 46.12977, -16408.328125]]], [[[-120.497, 46.43093, -4300.13525391], [-120.49622, 46.42254, -4643.23828125], [-120.48427, 46.42721, -4455.89404297], [-120.497, 46.43093, -4300.13525391]]], [[[-120.39076, 46.24443, -11709.20703125], [-120.40342, 46.24844, -11576.39550781], [-120.40285, 46.23973, -11932.25878906], [-120.39076, 46.24443, -11709.20703125]]], [[[-120.48838, 46.05912, -19509.27539062], [-120.49566, 46.05131, -19851.47070312], [-120.48059, 46.05095, -19833.1328125], [-120.48838, 46.05912, -19509.27539062]]], [[[-120.5519, 46.46756, -2827.98876953], [-120.565, 46.47101, -2619.83618164], [-120.56413, 46.46261, -2963.52954102], [-120.5519, 46.46756, -2827.98876953]]], [[[-120.49566, 46.05131, -19851.47070312], [-120.48807, 46.043, -20172.09570312], [-120.48059, 46.05095, -19833.1328125], [-120.49566, 46.05131, -19851.47070312]]], [[[-120.49758, 46.31623, -8955.79492188], [-120.48541, 46.32132, -8783.50292969], [-120.49836, 46.3246, -8613.11035156], [-120.49758, 46.31623, -8955.79492188]]], [[[-120.53872, 46.09617, -17783.765625], [-120.55038, 46.09093, -17822.79882812], [-120.53786, 46.08777, -18127.625], [-120.53872, 46.09617, -17783.765625]]], [[[-120.47166, 46.30944, -9271.91503906], [-120.45912, 46.30526, -9338.46289062], [-120.45956, 46.31379, -8985.59472656], [-120.47166, 46.30944, -9271.91503906]]], [[[-120.46757, 46.15266, -15681.76464844], [-120.46669, 46.14427, -16024.62597656], [-120.45485, 46.14902, -15832.04101562], [-120.46757, 46.15266, -15681.76464844]]], [[[-120.49566, 46.05131, -19851.47070312], [-120.50439, 46.04383, -20179.38867188], [-120.48807, 46.043, -20172.09570312], [-120.49566, 46.05131, -19851.47070312]]], [[[-120.57686, 46.46575, -2653.94946289], [-120.58946, 46.4689, -2347.71508789], [-120.58859, 46.4605, -2691.60595703], [-120.57686, 46.46575, -2653.94946289]]], [[[-120.41674, 46.37495, -6406.08105469], [-120.404, 46.37093, -6538.12304688], [-120.40464, 46.37936, -6192.74023438], [-120.41674, 46.37495, -6406.08105469]]], [[[-120.5088, 46.05479, -19733.4140625], [-120.50439, 46.04383, -20179.38867188], [-120.49566, 46.05131, -19851.47070312], [-120.5088, 46.05479, -19733.4140625]]], [[[-120.49156, 46.13272, -16493.59375], [-120.49238, 46.1411, -16150.64355469], [-120.50502, 46.13629, -16373.96582031], [-120.49156, 46.13272, -16493.59375]]], [[[-120.46188, 46.21634, -13079.30957031], [-120.47392, 46.21168, -13267.23632812], [-120.461, 46.2082, -13412.06152344], [-120.46188, 46.21634, -13079.30957031]]], [[[-120.41674, 46.37495, -6406.08105469], [-120.41606, 46.36617, -6764.45019531], [-120.404, 46.37093, -6538.12304688], [-120.41674, 46.37495, -6406.08105469]]], [[[-120.5088, 46.05479, -19733.4140625], [-120.51992, 46.04979, -19874.90429688], [-120.50439, 46.04383, -20179.38867188], [-120.5088, 46.05479, -19733.4140625]]], [[[-120.52253, 46.05911, -19474.14453125], [-120.53418, 46.05405, -19511.20507812], [-120.51992, 46.04979, -19874.90429688], [-120.52253, 46.05911, -19474.14453125]]], [[[-120.45439, 46.50036, -1303.29992676], [-120.44318, 46.50578, -1054.55981445], [-120.45883, 46.50756, -997.40960693], [-120.45439, 46.50036, -1303.29992676]]], [[[-120.50706, 46.28386, -10310.62597656], [-120.50795, 46.29227, -9966.68359375], [-120.52048, 46.28748, -10184.71289062], [-120.50706, 46.28386, -10310.62597656]]], [[[-120.52253, 46.05911, -19474.14453125], [-120.53527, 46.06258, -19159.203125], [-120.53418, 46.05405, -19511.20507812], [-120.52253, 46.05911, -19474.14453125]]], [[[-120.52348, 46.06781, -19117.12109375], [-120.53527, 46.06258, -19159.203125], [-120.52253, 46.05911, -19474.14453125], [-120.52348, 46.06781, -19117.12109375]]], [[[-120.50184, 46.35829, -7235.50195312], [-120.48995, 46.36346, -7059.52832031], [-120.50283, 46.36695, -6881.60546875], [-120.50184, 46.35829, -7235.50195312]]], [[[-120.49327, 46.1495, -15807.21875], [-120.47978, 46.14752, -15853.90820312], [-120.48062, 46.15594, -15509.421875], [-120.49327, 46.1495, -15807.21875]]], [[[-120.52348, 46.06781, -19117.12109375], [-120.53613, 46.07098, -18815.34375], [-120.53527, 46.06258, -19159.203125], [-120.52348, 46.06781, -19117.12109375]]], [[[-120.52434, 46.07621, -18773.42578125], [-120.537, 46.07937, -18471.484375], [-120.53613, 46.07098, -18815.34375], [-120.52434, 46.07621, -18773.42578125]]], [[[-120.47658, 46.23697, -12232.87304688], [-120.4756, 46.22857, -12577.015625], [-120.46366, 46.2335, -12377.53320312], [-120.47658, 46.23697, -12232.87304688]]], [[[-120.537, 46.07937, -18471.484375], [-120.54952, 46.08253, -18166.68945312], [-120.54865, 46.07413, -18510.58007812], [-120.537, 46.07937, -18471.484375]]], [[[-120.4846, 46.31288, -9128.22851562], [-120.48359, 46.3045, -9471.37304688], [-120.47166, 46.30944, -9271.91503906], [-120.4846, 46.31288, -9128.22851562]]], [[[-120.53872, 46.09617, -17783.765625], [-120.55124, 46.09933, -17478.90820312], [-120.55038, 46.09093, -17822.79882812], [-120.53872, 46.09617, -17783.765625]]], [[[-120.4401, 46.47983, -2114.61010742], [-120.43941, 46.47133, -2462.70483398], [-120.42743, 46.47614, -2270.1640625], [-120.4401, 46.47983, -2114.61010742]]], [[[-120.50539, 46.26712, -10995.703125], [-120.51792, 46.26228, -11216.54003906], [-120.5045, 46.25882, -11335.18457031], [-120.50539, 46.26712, -10995.703125]]], [[[-120.52692, 46.10141, -17742.34570312], [-120.53958, 46.10457, -17439.90625], [-120.53872, 46.09617, -17783.765625], [-120.52692, 46.10141, -17742.34570312]]], [[[-120.49537, 46.41399, -4992.61083984], [-120.4943, 46.40561, -5335.89160156], [-120.48245, 46.41052, -5138.07519531], [-120.49537, 46.41399, -4992.61083984]]], [[[-120.52778, 46.10981, -17398.65234375], [-120.53958, 46.10457, -17439.90625], [-120.52692, 46.10141, -17742.34570312], [-120.52778, 46.10981, -17398.65234375]]], [[[-120.4863, 46.32973, -8439.16503906], [-120.48541, 46.32132, -8783.50292969], [-120.47355, 46.32607, -8591.81445312], [-120.4863, 46.32973, -8439.16503906]]], [[[-120.53958, 46.10457, -17439.90625], [-120.54044, 46.11297, -17096.046875], [-120.55211, 46.10773, -17135.01757812], [-120.53958, 46.10457, -17439.90625]]], [[[-120.50623, 46.27544, -10655.14941406], [-120.50706, 46.28386, -10310.62597656], [-120.51962, 46.27908, -10528.56054688], [-120.50623, 46.27544, -10655.14941406]]], [[[-120.44112, 46.48775, -1791.47949219], [-120.42801, 46.48424, -1939.8223877], [-120.42932, 46.49262, -1596.39648438], [-120.44112, 46.48775, -1791.47949219]]], [[[-120.55211, 46.10773, -17135.01757812], [-120.56458, 46.11092, -16840.18554688], [-120.56372, 46.10253, -17184.1953125], [-120.55211, 46.10773, -17135.01757812]]], [[[-120.49889, 46.44789, -3606.23608398], [-120.49812, 46.43935, -3955.05102539], [-120.48604, 46.44403, -3767.95556641], [-120.49889, 46.44789, -3606.23608398]]], [[[-120.55297, 46.11613, -16791.12695312], [-120.56458, 46.11092, -16840.18554688], [-120.55211, 46.10773, -17135.01757812], [-120.55297, 46.11613, -16791.12695312]]], [[[-120.46255, 46.4532, -3202.39233398], [-120.45045, 46.4577, -3044.28735352], [-120.46316, 46.46135, -2867.50097656], [-120.46255, 46.4532, -3202.39233398]]], [[[-120.54131, 46.12137, -16752.1875], [-120.55384, 46.12453, -16447.23632812], [-120.55297, 46.11613, -16791.12695312], [-120.54131, 46.12137, -16752.1875]]], [[[-120.45045, 46.4577, -3044.28735352], [-120.46255, 46.4532, -3202.39233398], [-120.44946, 46.44992, -3362.45800781], [-120.45045, 46.4577, -3044.28735352]]], [[[-120.50588, 46.14469, -16030.11816406], [-120.51822, 46.13999, -16241.390625], [-120.50502, 46.13629, -16373.96582031], [-120.50588, 46.14469, -16030.11816406]]], [[[-120.47925, 46.26228, -11197.75292969], [-120.47827, 46.25387, -11542.14453125], [-120.46633, 46.2588, -11342.79003906], [-120.47925, 46.26228, -11197.75292969]]], [[[-120.49238, 46.1411, -16150.64355469], [-120.50588, 46.14469, -16030.11816406], [-120.50502, 46.13629, -16373.96582031], [-120.49238, 46.1411, -16150.64355469]]], [[[-120.48427, 46.42721, -4455.89404297], [-120.47152, 46.42321, -4517.21777344], [-120.47259, 46.43179, -4168.33496094], [-120.48427, 46.42721, -4455.89404297]]], [[[-120.49238, 46.1411, -16150.64355469], [-120.47978, 46.14752, -15853.90820312], [-120.49327, 46.1495, -15807.21875], [-120.49238, 46.1411, -16150.64355469]]], [[[-120.48157, 46.40192, -5489.8671875], [-120.46882, 46.39798, -5548.109375], [-120.46985, 46.40643, -5204.23144531], [-120.48157, 46.40192, -5489.8671875]]], [[[-120.49156, 46.13272, -16493.59375], [-120.50502, 46.13629, -16373.96582031], [-120.50416, 46.12789, -16717.79492188], [-120.49156, 46.13272, -16493.59375]]], [[[-120.47306, 46.44028, -3817.20043945], [-120.48516, 46.43585, -4102.20068359], [-120.47259, 46.43179, -4168.33496094], [-120.47306, 46.44028, -3817.20043945]]], [[[-120.50416, 46.12789, -16717.79492188], [-120.51736, 46.13159, -16585.32421875], [-120.5165, 46.12319, -16929.2578125], [-120.50416, 46.12789, -16717.79492188]]], [[[-120.48062, 46.39348, -5835.07617188], [-120.46769, 46.38967, -5885.38964844], [-120.46882, 46.39798, -5548.109375], [-120.48062, 46.39348, -5835.07617188]]], [[[-120.50416, 46.12789, -16717.79492188], [-120.5165, 46.12319, -16929.2578125], [-120.50333, 46.1195, -17061.38085938], [-120.50416, 46.12789, -16717.79492188]]], [[[-120.461, 46.2082, -13412.06152344], [-120.44845, 46.20405, -13474.40625], [-120.4489, 46.21252, -13124.36132812], [-120.461, 46.2082, -13412.06152344]]], [[[-120.48984, 46.1159, -17181.45898438], [-120.47718, 46.12223, -16888.35742188], [-120.49092, 46.12427, -16839.61914062], [-120.48984, 46.1159, -17181.45898438]]], [[[-120.52682, 46.22398, -12802.05761719], [-120.539, 46.21902, -12930.63867188], [-120.52596, 46.21558, -13145.99121094], [-120.52682, 46.22398, -12802.05761719]]], [[[-120.45764, 46.52254, -394.72866821], [-120.44453, 46.52312, -344.07815552], [-120.45138, 46.53072, -52.9000206], [-120.45764, 46.52254, -394.72866821]]], [[[-120.48795, 46.09913, -17867.27734375], [-120.47517, 46.10543, -17574.63671875], [-120.48889, 46.10759, -17521.4140625], [-120.48795, 46.09913, -17867.27734375]]], [[[-120.539, 46.21902, -12930.63867188], [-120.53986, 46.22742, -12586.9453125], [-120.55167, 46.22217, -12625.87402344], [-120.539, 46.21902, -12930.63867188]]], [[[-120.56645, 46.49511, -1645.77966309], [-120.5788, 46.49897, -1314.96704102], [-120.57944, 46.49092, -1623.89807129], [-120.56645, 46.49511, -1645.77966309]]], [[[-120.48795, 46.09913, -17867.27734375], [-120.48719, 46.09074, -18210.65625], [-120.47435, 46.09704, -17917.73828125], [-120.48795, 46.09913, -17867.27734375]]], [[[-120.60201, 46.47207, -2047.72192383], [-120.61455, 46.47532, -1771.13305664], [-120.61367, 46.46692, -2115.37963867], [-120.60201, 46.47207, -2047.72192383]]], [[[-120.48719, 46.09074, -18210.65625], [-120.48795, 46.09913, -17867.27734375], [-120.50073, 46.09429, -18093.18945312], [-120.48719, 46.09074, -18210.65625]]], [[[-120.36066, 46.07163, -18647.22460938], [-120.37299, 46.07578, -18602.703125], [-120.3723, 46.06733, -18948.73828125], [-120.36066, 46.07163, -18647.22460938]]], [[[-120.42004, 46.40831, -5042.90087891], [-120.40729, 46.40466, -5158.59912109], [-120.40832, 46.4131, -4813.96777344], [-120.42004, 46.40831, -5042.90087891]]], [[[-120.48719, 46.09074, -18210.65625], [-120.50073, 46.09429, -18093.18945312], [-120.49989, 46.08589, -18437.19335938], [-120.48719, 46.09074, -18210.65625]]], [[[-120.38582, 46.07928, -18489.93945312], [-120.37299, 46.07578, -18602.703125], [-120.3741, 46.08419, -18259.5859375], [-120.38582, 46.07928, -18489.93945312]]], [[[-120.4388, 46.34871, -7496.49853516], [-120.43775, 46.3398, -7861.03564453], [-120.42609, 46.34495, -7629.94140625], [-120.4388, 46.34871, -7496.49853516]]], [[[-120.48719, 46.09074, -18210.65625], [-120.48642, 46.08228, -18557.1015625], [-120.47369, 46.08869, -18259.49609375], [-120.48719, 46.09074, -18210.65625]]], [[[-120.39432, 46.04139, -20040.11132812], [-120.38222, 46.04596, -19851.86914062], [-120.39497, 46.04931, -19715.77539062], [-120.39432, 46.04139, -20040.11132812]]], [[[-120.42136, 46.41675, -4697.24951172], [-120.42004, 46.40831, -5042.90087891], [-120.40832, 46.4131, -4813.96777344], [-120.42136, 46.41675, -4697.24951172]]], [[[-120.47369, 46.08869, -18259.49609375], [-120.46054, 46.08525, -18438.40039062], [-120.46134, 46.09367, -18094.38476562], [-120.47369, 46.08869, -18259.49609375]]], [[[-120.54606, 46.04893, -19542.25390625], [-120.55766, 46.04373, -19592.27148438], [-120.54512, 46.03994, -19910.72070312], [-120.54606, 46.04893, -19542.25390625]]], [[[-120.44782, 46.31841, -8703.2421875], [-120.4351, 46.31453, -8893.14453125], [-120.43614, 46.32341, -8529.97167969], [-120.44782, 46.31841, -8703.2421875]]], [[[-120.4622, 46.10211, -17749.28515625], [-120.46134, 46.09367, -18094.38476562], [-120.44952, 46.09844, -17900.796875], [-120.4622, 46.10211, -17749.28515625]]], [[[-120.47369, 46.08869, -18259.49609375], [-120.47235, 46.08017, -18607.11132812], [-120.46054, 46.08525, -18438.40039062], [-120.47369, 46.08869, -18259.49609375]]], [[[-120.52553, 46.03185, -20504.93945312], [-120.53067, 46.02344, -20769.875], [-120.51575, 46.02644, -20841.63671875], [-120.52553, 46.03185, -20504.93945312]]], [[[-120.47235, 46.08017, -18607.11132812], [-120.48536, 46.0738, -18903.55664062], [-120.4709, 46.07216, -18935.86132812], [-120.47235, 46.08017, -18607.11132812]]], [[[-120.50275, 46.24193, -12026.09863281], [-120.51531, 46.23708, -12247.86328125], [-120.50203, 46.23345, -12373.0859375], [-120.50275, 46.24193, -12026.09863281]]], [[[-120.46134, 46.09367, -18094.38476562], [-120.44852, 46.08986, -18251.52734375], [-120.44952, 46.09844, -17900.796875], [-120.46134, 46.09367, -18094.38476562]]], [[[-120.47435, 46.09704, -17917.73828125], [-120.4622, 46.10211, -17749.28515625], [-120.47517, 46.10543, -17574.63671875], [-120.47435, 46.09704, -17917.73828125]]], [[[-120.49942, 46.20825, -13403.72265625], [-120.51189, 46.20349, -13623.01074219], [-120.49847, 46.19991, -13744.94335938], [-120.49942, 46.20825, -13403.72265625]]], [[[-120.47632, 46.11394, -17226.98632812], [-120.46322, 46.11055, -17403.79882812], [-120.46402, 46.11897, -17059.48828125], [-120.47632, 46.11394, -17226.98632812]]], [[[-120.47718, 46.12223, -16888.35742188], [-120.46402, 46.11897, -17059.48828125], [-120.4649, 46.12737, -16716.203125], [-120.47718, 46.12223, -16888.35742188]]], [[[-120.47718, 46.12223, -16888.35742188], [-120.4649, 46.12737, -16716.203125], [-120.47807, 46.13062, -16545.13867188], [-120.47718, 46.12223, -16888.35742188]]], [[[-120.47807, 46.13062, -16545.13867188], [-120.4659, 46.13585, -16368.76269531], [-120.47903, 46.13917, -16195.61816406], [-120.47807, 46.13062, -16545.13867188]]], [[[-120.47903, 46.13917, -16195.61816406], [-120.4659, 46.13585, -16368.76269531], [-120.46669, 46.14427, -16024.62597656], [-120.47903, 46.13917, -16195.61816406]]], [[[-120.42294, 46.19692, -13696.62695312], [-120.41018, 46.19328, -13830.78027344], [-120.41084, 46.20128, -13502.96484375], [-120.42294, 46.19692, -13696.62695312]]], [[[-120.47978, 46.14752, -15853.90820312], [-120.46669, 46.14427, -16024.62597656], [-120.46757, 46.15266, -15681.76464844], [-120.47978, 46.14752, -15853.90820312]]], [[[-120.49327, 46.1495, -15807.21875], [-120.49413, 46.15797, -15460.8046875], [-120.50674, 46.15309, -15686.18164062], [-120.49327, 46.1495, -15807.21875]]], [[[-120.49327, 46.1495, -15807.21875], [-120.50674, 46.15309, -15686.18164062], [-120.50588, 46.14469, -16030.11816406], [-120.49327, 46.1495, -15807.21875]]], [[[-120.50674, 46.15309, -15686.18164062], [-120.51994, 46.15679, -15553.5234375], [-120.51908, 46.14839, -15897.45703125], [-120.50674, 46.15309, -15686.18164062]]], [[[-120.50758, 46.16149, -15342.3828125], [-120.5208, 46.16519, -15209.58984375], [-120.51994, 46.15679, -15553.5234375], [-120.50758, 46.16149, -15342.3828125]]], [[[-120.49758, 46.19154, -14087.2890625], [-120.51015, 46.18669, -14310.84863281], [-120.49681, 46.18304, -14435.03320312], [-120.49758, 46.19154, -14087.2890625]]], [[[-120.49758, 46.19154, -14087.2890625], [-120.51102, 46.19509, -13967.03125], [-120.51015, 46.18669, -14310.84863281], [-120.49758, 46.19154, -14087.2890625]]], [[[-120.49847, 46.19991, -13744.94335938], [-120.51189, 46.20349, -13623.01074219], [-120.51102, 46.19509, -13967.03125], [-120.49847, 46.19991, -13744.94335938]]], [[[-120.50025, 46.21665, -13060.15234375], [-120.51273, 46.21189, -13279.34667969], [-120.49942, 46.20825, -13403.72265625], [-120.50025, 46.21665, -13060.15234375]]], [[[-120.50025, 46.21665, -13060.15234375], [-120.51358, 46.22029, -12935.43652344], [-120.51273, 46.21189, -13279.34667969], [-120.50025, 46.21665, -13060.15234375]]], [[[-120.50101, 46.22508, -12715.30371094], [-120.51358, 46.22029, -12935.43652344], [-120.50025, 46.21665, -13060.15234375], [-120.50101, 46.22508, -12715.30371094]]], [[[-120.50203, 46.23345, -12373.0859375], [-120.51531, 46.23708, -12247.86328125], [-120.51443, 46.22869, -12591.59277344], [-120.50203, 46.23345, -12373.0859375]]], [[[-120.50275, 46.24193, -12026.09863281], [-120.51616, 46.24548, -11903.95019531], [-120.51531, 46.23708, -12247.86328125], [-120.50275, 46.24193, -12026.09863281]]], [[[-120.5035, 46.25043, -11677.97851562], [-120.51702, 46.25389, -11560.01953125], [-120.51616, 46.24548, -11903.95019531], [-120.5035, 46.25043, -11677.97851562]]], [[[-120.39893, 46.2058, -13319.22851562], [-120.38722, 46.2107, -13088.18554688], [-120.40022, 46.21444, -12965.8203125], [-120.39893, 46.2058, -13319.22851562]]], [[[-120.5045, 46.25882, -11335.18457031], [-120.51792, 46.26228, -11216.54003906], [-120.51702, 46.25389, -11560.01953125], [-120.5045, 46.25882, -11335.18457031]]], [[[-120.50623, 46.27544, -10655.14941406], [-120.493, 46.27406, -10679.47363281], [-120.49393, 46.2824, -10338.58886719], [-120.50623, 46.27544, -10655.14941406]]], [[[-120.50623, 46.27544, -10655.14941406], [-120.49393, 46.2824, -10338.58886719], [-120.50706, 46.28386, -10310.62597656], [-120.50623, 46.27544, -10655.14941406]]], [[[-120.50623, 46.27544, -10655.14941406], [-120.51962, 46.27908, -10528.56054688], [-120.51877, 46.27068, -10872.41503906], [-120.50623, 46.27544, -10655.14941406]]], [[[-120.47421, 46.44852, -3482.85986328], [-120.47306, 46.44028, -3817.20043945], [-120.46112, 46.44484, -3539.96777344], [-120.47421, 46.44852, -3482.85986328]]], [[[-120.51962, 46.27908, -10528.56054688], [-120.532, 46.27438, -10738.45605469], [-120.51877, 46.27068, -10872.41503906], [-120.51962, 46.27908, -10528.56054688]]], [[[-120.4401, 46.47983, -2114.61010742], [-120.42743, 46.47614, -2270.1640625], [-120.42801, 46.48424, -1939.8223877], [-120.4401, 46.47983, -2114.61010742]]], [[[-120.532, 46.27438, -10738.45605469], [-120.51962, 46.27908, -10528.56054688], [-120.53286, 46.28278, -10394.52246094], [-120.532, 46.27438, -10738.45605469]]], [[[-120.43743, 46.45451, -3149.68652344], [-120.42535, 46.45893, -2974.16699219], [-120.43838, 46.46231, -2831.12866211], [-120.43743, 46.45451, -3149.68652344]]], [[[-120.532, 46.27438, -10738.45605469], [-120.53286, 46.28278, -10394.52246094], [-120.54505, 46.27782, -10524.78417969], [-120.532, 46.27438, -10738.45605469]]], [[[-120.43941, 46.47133, -2462.70483398], [-120.42666, 46.46733, -2630.01464844], [-120.42743, 46.47614, -2270.1640625], [-120.43941, 46.47133, -2462.70483398]]], [[[-120.532, 46.27438, -10738.45605469], [-120.54505, 46.27782, -10524.78417969], [-120.54418, 46.26942, -10868.47851562], [-120.532, 46.27438, -10738.45605469]]], [[[-120.42535, 46.45893, -2974.16699219], [-120.41261, 46.45525, -3090.3190918], [-120.41361, 46.4637, -2745.41772461], [-120.42535, 46.45893, -2974.16699219]]], [[[-120.53113, 46.26598, -11082.38964844], [-120.532, 46.27438, -10738.45605469], [-120.54418, 46.26942, -10868.47851562], [-120.53113, 46.26598, -11082.38964844]]], [[[-120.56562, 46.50262, -1345.7208252], [-120.57651, 46.50781, -1000.43579102], [-120.5788, 46.49897, -1314.96704102], [-120.56562, 46.50262, -1345.7208252]]], [[[-120.51877, 46.27068, -10872.41503906], [-120.532, 46.27438, -10738.45605469], [-120.53113, 46.26598, -11082.38964844], [-120.51877, 46.27068, -10872.41503906]]], [[[-120.45045, 46.4577, -3044.28735352], [-120.43743, 46.45451, -3149.68652344], [-120.43838, 46.46231, -2831.12866211], [-120.45045, 46.4577, -3044.28735352]]], [[[-120.51792, 46.26228, -11216.54003906], [-120.51877, 46.27068, -10872.41503906], [-120.53113, 46.26598, -11082.38964844], [-120.51792, 46.26228, -11216.54003906]]], [[[-120.41361, 46.4637, -2745.41772461], [-120.4011, 46.45966, -2761.82373047], [-120.40198, 46.46809, -2416.48901367], [-120.41361, 46.4637, -2745.41772461]]], [[[-120.51792, 46.26228, -11216.54003906], [-120.53113, 46.26598, -11082.38964844], [-120.53027, 46.25758, -11426.32421875], [-120.51792, 46.26228, -11216.54003906]]], [[[-120.55831, 46.52139, -619.48590088], [-120.56153, 46.52983, -263.37945557], [-120.5729, 46.52587, -342.54373169], [-120.55831, 46.52139, -619.48590088]]], [[[-120.51702, 46.25389, -11560.01953125], [-120.51792, 46.26228, -11216.54003906], [-120.53027, 46.25758, -11426.32421875], [-120.51702, 46.25389, -11560.01953125]]], [[[-120.55831, 46.52139, -619.48590088], [-120.54908, 46.52927, -292.63290405], [-120.56153, 46.52983, -263.37945557], [-120.55831, 46.52139, -619.48590088]]], [[[-120.51702, 46.25389, -11560.01953125], [-120.53027, 46.25758, -11426.32421875], [-120.52941, 46.24918, -11770.2578125], [-120.51702, 46.25389, -11560.01953125]]], [[[-120.51616, 46.24548, -11903.95019531], [-120.51702, 46.25389, -11560.01953125], [-120.52941, 46.24918, -11770.2578125], [-120.51616, 46.24548, -11903.95019531]]], [[[-120.43218, 46.52238, -380.44873047], [-120.41992, 46.52256, -339.67062378], [-120.42706, 46.53075, -29.84952164], [-120.43218, 46.52238, -380.44873047]]], [[[-120.51616, 46.24548, -11903.95019531], [-120.52941, 46.24918, -11770.2578125], [-120.52855, 46.24078, -12114.19140625], [-120.51616, 46.24548, -11903.95019531]]], [[[-120.51531, 46.23708, -12247.86328125], [-120.51616, 46.24548, -11903.95019531], [-120.52855, 46.24078, -12114.19140625], [-120.51531, 46.23708, -12247.86328125]]], [[[-120.62622, 46.47028, -1872.48046875], [-120.61455, 46.47532, -1771.13305664], [-120.6271, 46.47868, -1528.28942871], [-120.62622, 46.47028, -1872.48046875]]], [[[-120.51531, 46.23708, -12247.86328125], [-120.52855, 46.24078, -12114.19140625], [-120.52768, 46.23238, -12458.12402344], [-120.51531, 46.23708, -12247.86328125]]], [[[-120.51443, 46.22869, -12591.59277344], [-120.51531, 46.23708, -12247.86328125], [-120.52768, 46.23238, -12458.12402344], [-120.51443, 46.22869, -12591.59277344]]], [[[-120.57651, 46.50781, -1000.43579102], [-120.58751, 46.51275, -645.98309326], [-120.59101, 46.50298, -980.64428711], [-120.57651, 46.50781, -1000.43579102]]], [[[-120.51443, 46.22869, -12591.59277344], [-120.52768, 46.23238, -12458.12402344], [-120.52682, 46.22398, -12802.05761719], [-120.51443, 46.22869, -12591.59277344]]], [[[-120.51358, 46.22029, -12935.43652344], [-120.51443, 46.22869, -12591.59277344], [-120.52682, 46.22398, -12802.05761719], [-120.51358, 46.22029, -12935.43652344]]], [[[-120.47877, 46.53147, -59.44584274], [-120.47009, 46.53802, 271.26507568], [-120.48269, 46.54016, 273.53369141], [-120.47877, 46.53147, -59.44584274]]], [[[-120.51358, 46.22029, -12935.43652344], [-120.52682, 46.22398, -12802.05761719], [-120.52596, 46.21558, -13145.99121094], [-120.51358, 46.22029, -12935.43652344]]], [[[-120.51273, 46.21189, -13279.34667969], [-120.52596, 46.21558, -13145.99121094], [-120.5251, 46.20718, -13489.92480469], [-120.51273, 46.21189, -13279.34667969]]], [[[-120.51189, 46.20349, -13623.01074219], [-120.51273, 46.21189, -13279.34667969], [-120.5251, 46.20718, -13489.92480469], [-120.51189, 46.20349, -13623.01074219]]], [[[-120.62447, 46.45349, -2560.86254883], [-120.62534, 46.46189, -2216.67163086], [-120.63696, 46.45683, -2310.671875], [-120.62447, 46.45349, -2560.86254883]]], [[[-120.51189, 46.20349, -13623.01074219], [-120.5251, 46.20718, -13489.92480469], [-120.52424, 46.19878, -13833.85644531], [-120.51189, 46.20349, -13623.01074219]]], [[[-120.51102, 46.19509, -13967.03125], [-120.51189, 46.20349, -13623.01074219], [-120.52424, 46.19878, -13833.85644531], [-120.51102, 46.19509, -13967.03125]]], [[[-120.58527, 46.52211, -309.48156738], [-120.58751, 46.51275, -645.98309326], [-120.57385, 46.51714, -672.40600586], [-120.58527, 46.52211, -309.48156738]]], [[[-120.51102, 46.19509, -13967.03125], [-120.52424, 46.19878, -13833.85644531], [-120.52338, 46.19038, -14177.79003906], [-120.51102, 46.19509, -13967.03125]]], [[[-120.39758, 46.18915, -13999.38085938], [-120.38459, 46.1854, -14122.46484375], [-120.38547, 46.19383, -13777.64355469], [-120.39758, 46.18915, -13999.38085938]]], [[[-120.51015, 46.18669, -14310.84863281], [-120.51102, 46.19509, -13967.03125], [-120.52338, 46.19038, -14177.79003906], [-120.51015, 46.18669, -14310.84863281]]], [[[-120.44453, 46.52312, -344.07815552], [-120.43805, 46.5308, -29.86368179], [-120.45138, 46.53072, -52.9000206], [-120.44453, 46.52312, -344.07815552]]], [[[-120.51015, 46.18669, -14310.84863281], [-120.52338, 46.19038, -14177.79003906], [-120.52252, 46.18199, -14521.72460938], [-120.51015, 46.18669, -14310.84863281]]], [[[-120.44578, 46.17874, -14508.71484375], [-120.45753, 46.17432, -14797.46582031], [-120.4449, 46.17036, -14851.20996094], [-120.44578, 46.17874, -14508.71484375]]], [[[-120.50931, 46.17829, -14654.55957031], [-120.51015, 46.18669, -14310.84863281], [-120.52252, 46.18199, -14521.72460938], [-120.50931, 46.17829, -14654.55957031]]], [[[-120.60113, 46.46367, -2391.73266602], [-120.58946, 46.4689, -2347.71508789], [-120.60201, 46.47207, -2047.72192383], [-120.60113, 46.46367, -2391.73266602]]], [[[-120.50931, 46.17829, -14654.55957031], [-120.52252, 46.18199, -14521.72460938], [-120.52166, 46.17359, -14865.65625], [-120.50931, 46.17829, -14654.55957031]]], [[[-120.50845, 46.16989, -14998.57421875], [-120.50931, 46.17829, -14654.55957031], [-120.52166, 46.17359, -14865.65625], [-120.50845, 46.16989, -14998.57421875]]], [[[-120.50845, 46.16989, -14998.57421875], [-120.52166, 46.17359, -14865.65625], [-120.5208, 46.16519, -15209.58984375], [-120.50845, 46.16989, -14998.57421875]]], [[[-120.41018, 46.19328, -13830.78027344], [-120.42294, 46.19692, -13696.62695312], [-120.42184, 46.18811, -14056.87109375], [-120.41018, 46.19328, -13830.78027344]]], [[[-120.52166, 46.17359, -14865.65625], [-120.53382, 46.16861, -14992.79980469], [-120.5208, 46.16519, -15209.58984375], [-120.52166, 46.17359, -14865.65625]]], [[[-120.56562, 46.50262, -1345.7208252], [-120.5788, 46.49897, -1314.96704102], [-120.56645, 46.49511, -1645.77966309], [-120.56562, 46.50262, -1345.7208252]]], [[[-120.52166, 46.17359, -14865.65625], [-120.53468, 46.17701, -14649.10546875], [-120.53382, 46.16861, -14992.79980469], [-120.52166, 46.17359, -14865.65625]]], [[[-120.52252, 46.18199, -14521.72460938], [-120.53468, 46.17701, -14649.10546875], [-120.52166, 46.17359, -14865.65625], [-120.52252, 46.18199, -14521.72460938]]], [[[-120.57944, 46.49092, -1623.89807129], [-120.5788, 46.49897, -1314.96704102], [-120.59207, 46.49407, -1317.0592041], [-120.57944, 46.49092, -1623.89807129]]], [[[-120.52252, 46.18199, -14521.72460938], [-120.53554, 46.18541, -14305.41210938], [-120.53468, 46.17701, -14649.10546875], [-120.52252, 46.18199, -14521.72460938]]], [[[-120.60376, 46.48887, -1359.70043945], [-120.6163, 46.49212, -1082.64013672], [-120.61543, 46.48372, -1426.88659668], [-120.60376, 46.48887, -1359.70043945]]], [[[-120.52338, 46.19038, -14177.79003906], [-120.53554, 46.18541, -14305.41210938], [-120.52252, 46.18199, -14521.72460938], [-120.52338, 46.19038, -14177.79003906]]], [[[-120.58751, 46.51275, -645.98309326], [-120.57651, 46.50781, -1000.43579102], [-120.57385, 46.51714, -672.40600586], [-120.58751, 46.51275, -645.98309326]]], [[[-120.52338, 46.19038, -14177.79003906], [-120.5364, 46.19381, -13961.71875], [-120.53554, 46.18541, -14305.41210938], [-120.52338, 46.19038, -14177.79003906]]], [[[-120.62359, 46.44509, -2905.05371094], [-120.63608, 46.44843, -2655.1328125], [-120.6352, 46.44003, -2999.59375], [-120.62359, 46.44509, -2905.05371094]]], [[[-120.52424, 46.19878, -13833.85644531], [-120.5364, 46.19381, -13961.71875], [-120.52338, 46.19038, -14177.79003906], [-120.52424, 46.19878, -13833.85644531]]], [[[-120.60929, 46.42494, -3836.61181641], [-120.62183, 46.42829, -3593.43579102], [-120.62096, 46.4199, -3937.62695312], [-120.60929, 46.42494, -3836.61181641]]], [[[-120.52424, 46.19878, -13833.85644531], [-120.53727, 46.20221, -13618.02539062], [-120.5364, 46.19381, -13961.71875], [-120.52424, 46.19878, -13833.85644531]]], [[[-120.57773, 46.47415, -2310.09008789], [-120.5786, 46.48255, -1966.23059082], [-120.59034, 46.4773, -2003.82446289], [-120.57773, 46.47415, -2310.09008789]]], [[[-120.5251, 46.20718, -13489.92480469], [-120.53727, 46.20221, -13618.02539062], [-120.52424, 46.19878, -13833.85644531], [-120.5251, 46.20718, -13489.92480469]]], [[[-120.5788, 46.49897, -1314.96704102], [-120.59101, 46.50298, -980.64428711], [-120.59207, 46.49407, -1317.0592041], [-120.5788, 46.49897, -1314.96704102]]], [[[-120.5251, 46.20718, -13489.92480469], [-120.53813, 46.21062, -13274.33203125], [-120.53727, 46.20221, -13618.02539062], [-120.5251, 46.20718, -13489.92480469]]], [[[-120.5786, 46.48255, -1966.23059082], [-120.57944, 46.49092, -1623.89807129], [-120.59121, 46.4857, -1659.93359375], [-120.5786, 46.48255, -1966.23059082]]], [[[-120.52596, 46.21558, -13145.99121094], [-120.53813, 46.21062, -13274.33203125], [-120.5251, 46.20718, -13489.92480469], [-120.52596, 46.21558, -13145.99121094]]], [[[-120.59101, 46.50298, -980.64428711], [-120.60239, 46.50801, -620.72808838], [-120.60431, 46.49791, -993.96582031], [-120.59101, 46.50298, -980.64428711]]], [[[-120.52596, 46.21558, -13145.99121094], [-120.539, 46.21902, -12930.63867188], [-120.53813, 46.21062, -13274.33203125], [-120.52596, 46.21558, -13145.99121094]]], [[[-120.61455, 46.47532, -1771.13305664], [-120.62622, 46.47028, -1872.48046875], [-120.61367, 46.46692, -2115.37963867], [-120.61455, 46.47532, -1771.13305664]]], [[[-120.52682, 46.22398, -12802.05761719], [-120.53986, 46.22742, -12586.9453125], [-120.539, 46.21902, -12930.63867188], [-120.52682, 46.22398, -12802.05761719]]], [[[-120.52768, 46.23238, -12458.12402344], [-120.53986, 46.22742, -12586.9453125], [-120.52682, 46.22398, -12802.05761719], [-120.52768, 46.23238, -12458.12402344]]], [[[-120.56318, 46.51234, -963.44134521], [-120.56562, 46.50262, -1345.7208252], [-120.55563, 46.50482, -1302.58996582], [-120.56318, 46.51234, -963.44134521]]], [[[-120.52768, 46.23238, -12458.12402344], [-120.54072, 46.23582, -12243.25195312], [-120.53986, 46.22742, -12586.9453125], [-120.52768, 46.23238, -12458.12402344]]], [[[-120.44453, 46.52312, -344.07815552], [-120.43218, 46.52238, -380.44873047], [-120.43805, 46.5308, -29.86368179], [-120.44453, 46.52312, -344.07815552]]], [[[-120.52855, 46.24078, -12114.19140625], [-120.54072, 46.23582, -12243.25195312], [-120.52768, 46.23238, -12458.12402344], [-120.52855, 46.24078, -12114.19140625]]], [[[-120.60026, 46.45527, -2735.74316406], [-120.60113, 46.46367, -2391.73266602], [-120.6128, 46.45853, -2459.62597656], [-120.60026, 46.45527, -2735.74316406]]], [[[-120.52855, 46.24078, -12114.19140625], [-120.54159, 46.24422, -11899.55859375], [-120.54072, 46.23582, -12243.25195312], [-120.52855, 46.24078, -12114.19140625]]], [[[-120.60026, 46.45527, -2735.74316406], [-120.6128, 46.45853, -2459.62597656], [-120.61192, 46.45013, -2803.87255859], [-120.60026, 46.45527, -2735.74316406]]], [[[-120.52941, 46.24918, -11770.2578125], [-120.54159, 46.24422, -11899.55859375], [-120.52855, 46.24078, -12114.19140625], [-120.52941, 46.24918, -11770.2578125]]], [[[-120.62359, 46.44509, -2905.05371094], [-120.62447, 46.45349, -2560.86254883], [-120.63608, 46.44843, -2655.1328125], [-120.62359, 46.44509, -2905.05371094]]], [[[-120.52941, 46.24918, -11770.2578125], [-120.54245, 46.25262, -11555.86523438], [-120.54159, 46.24422, -11899.55859375], [-120.52941, 46.24918, -11770.2578125]]], [[[-120.60431, 46.49791, -993.96582031], [-120.61638, 46.50096, -727.24633789], [-120.6163, 46.49212, -1082.64013672], [-120.60431, 46.49791, -993.96582031]]], [[[-120.53027, 46.25758, -11426.32421875], [-120.54245, 46.25262, -11555.86523438], [-120.52941, 46.24918, -11770.2578125], [-120.53027, 46.25758, -11426.32421875]]], [[[-120.43816, 46.51468, -686.56341553], [-120.4509, 46.51457, -717.17889404], [-120.44318, 46.50578, -1054.55981445], [-120.43816, 46.51468, -686.56341553]]], [[[-120.53027, 46.25758, -11426.32421875], [-120.54332, 46.26102, -11212.171875], [-120.54245, 46.25262, -11555.86523438], [-120.53027, 46.25758, -11426.32421875]]], [[[-120.53113, 46.26598, -11082.38964844], [-120.54332, 46.26102, -11212.171875], [-120.53027, 46.25758, -11426.32421875], [-120.53113, 46.26598, -11082.38964844]]], [[[-120.62183, 46.42829, -3593.43579102], [-120.62271, 46.43669, -3249.24487305], [-120.63432, 46.43163, -3344.05444336], [-120.62183, 46.42829, -3593.43579102]]], [[[-120.53113, 46.26598, -11082.38964844], [-120.54418, 46.26942, -10868.47851562], [-120.54332, 46.26102, -11212.171875], [-120.53113, 46.26598, -11082.38964844]]], [[[-120.54332, 46.26102, -11212.171875], [-120.54418, 46.26942, -10868.47851562], [-120.556, 46.26416, -10906.57617188], [-120.54332, 46.26102, -11212.171875]]], [[[-120.61017, 46.43333, -3492.36547852], [-120.61104, 46.44173, -3148.11889648], [-120.62271, 46.43669, -3249.24487305], [-120.61017, 46.43333, -3492.36547852]]], [[[-120.54332, 46.26102, -11212.171875], [-120.556, 46.26416, -10906.57617188], [-120.55514, 46.25577, -11250.43554688], [-120.54332, 46.26102, -11212.171875]]], [[[-120.54245, 46.25262, -11555.86523438], [-120.54332, 46.26102, -11212.171875], [-120.55514, 46.25577, -11250.43554688], [-120.54245, 46.25262, -11555.86523438]]], [[[-120.54245, 46.25262, -11555.86523438], [-120.55514, 46.25577, -11250.43554688], [-120.55427, 46.24737, -11594.29492188], [-120.54245, 46.25262, -11555.86523438]]], [[[-120.50819, 46.512, -975.67840576], [-120.49905, 46.51948, -683.65789795], [-120.51495, 46.51986, -634.2074585], [-120.50819, 46.512, -975.67840576]]], [[[-120.54072, 46.23582, -12243.25195312], [-120.54159, 46.24422, -11899.55859375], [-120.55341, 46.23897, -11938.15527344], [-120.54072, 46.23582, -12243.25195312]]], [[[-120.60113, 46.46367, -2391.73266602], [-120.61367, 46.46692, -2115.37963867], [-120.6128, 46.45853, -2459.62597656], [-120.60113, 46.46367, -2391.73266602]]], [[[-120.54072, 46.23582, -12243.25195312], [-120.55341, 46.23897, -11938.15527344], [-120.55254, 46.23057, -12282.01464844], [-120.54072, 46.23582, -12243.25195312]]], [[[-120.6128, 46.45853, -2459.62597656], [-120.62447, 46.45349, -2560.86254883], [-120.61192, 46.45013, -2803.87255859], [-120.6128, 46.45853, -2459.62597656]]], [[[-120.53986, 46.22742, -12586.9453125], [-120.54072, 46.23582, -12243.25195312], [-120.55254, 46.23057, -12282.01464844], [-120.53986, 46.22742, -12586.9453125]]], [[[-120.57944, 46.49092, -1623.89807129], [-120.59207, 46.49407, -1317.0592041], [-120.59121, 46.4857, -1659.93359375], [-120.57944, 46.49092, -1623.89807129]]], [[[-120.53986, 46.22742, -12586.9453125], [-120.55254, 46.23057, -12282.01464844], [-120.55167, 46.22217, -12625.87402344], [-120.53986, 46.22742, -12586.9453125]]], [[[-120.56318, 46.51234, -963.44134521], [-120.57385, 46.51714, -672.40600586], [-120.57651, 46.50781, -1000.43579102], [-120.56318, 46.51234, -963.44134521]]], [[[-120.539, 46.21902, -12930.63867188], [-120.55167, 46.22217, -12625.87402344], [-120.55081, 46.21377, -12969.73339844], [-120.539, 46.21902, -12930.63867188]]], [[[-120.59034, 46.4773, -2003.82446289], [-120.60288, 46.48047, -1703.71118164], [-120.60201, 46.47207, -2047.72192383], [-120.59034, 46.4773, -2003.82446289]]], [[[-120.53813, 46.21062, -13274.33203125], [-120.539, 46.21902, -12930.63867188], [-120.55081, 46.21377, -12969.73339844], [-120.53813, 46.21062, -13274.33203125]]], [[[-120.60239, 46.50801, -620.72808838], [-120.58751, 46.51275, -645.98309326], [-120.59849, 46.51786, -287.25088501], [-120.60239, 46.50801, -620.72808838]]], [[[-120.53813, 46.21062, -13274.33203125], [-120.55081, 46.21377, -12969.73339844], [-120.54994, 46.20537, -13313.59277344], [-120.53813, 46.21062, -13274.33203125]]], [[[-120.5788, 46.49897, -1314.96704102], [-120.57651, 46.50781, -1000.43579102], [-120.59101, 46.50298, -980.64428711], [-120.5788, 46.49897, -1314.96704102]]], [[[-120.53727, 46.20221, -13618.02539062], [-120.53813, 46.21062, -13274.33203125], [-120.54994, 46.20537, -13313.59277344], [-120.53727, 46.20221, -13618.02539062]]], [[[-120.49905, 46.51948, -683.65789795], [-120.50591, 46.52767, -347.86193848], [-120.51495, 46.51986, -634.2074585], [-120.49905, 46.51948, -683.65789795]]], [[[-120.53727, 46.20221, -13618.02539062], [-120.54994, 46.20537, -13313.59277344], [-120.54908, 46.19697, -13657.45214844], [-120.53727, 46.20221, -13618.02539062]]], [[[-120.59034, 46.4773, -2003.82446289], [-120.60201, 46.47207, -2047.72192383], [-120.58946, 46.4689, -2347.71508789], [-120.59034, 46.4773, -2003.82446289]]], [[[-120.5364, 46.19381, -13961.71875], [-120.54908, 46.19697, -13657.45214844], [-120.54822, 46.18857, -14001.31152344], [-120.5364, 46.19381, -13961.71875]]], [[[-120.52907, 46.52052, -624.55621338], [-120.53617, 46.52838, -311.97317505], [-120.54369, 46.52087, -629.34960938], [-120.52907, 46.52052, -624.55621338]]], [[[-120.53554, 46.18541, -14305.41210938], [-120.5364, 46.19381, -13961.71875], [-120.54822, 46.18857, -14001.31152344], [-120.53554, 46.18541, -14305.41210938]]], [[[-120.46391, 46.53066, -45.60798264], [-120.4572, 46.53898, 270.19656372], [-120.47009, 46.53802, 271.26507568], [-120.46391, 46.53066, -45.60798264]]], [[[-120.53554, 46.18541, -14305.41210938], [-120.54822, 46.18857, -14001.31152344], [-120.54735, 46.18017, -14345.17089844], [-120.53554, 46.18541, -14305.41210938]]], [[[-120.54908, 46.52927, -292.63290405], [-120.54148, 46.53672, 24.06708336], [-120.55355, 46.53765, 44.79672623], [-120.54908, 46.52927, -292.63290405]]], [[[-120.53468, 46.17701, -14649.10546875], [-120.53554, 46.18541, -14305.41210938], [-120.54735, 46.18017, -14345.17089844], [-120.53468, 46.17701, -14649.10546875]]], [[[-120.6271, 46.47868, -1528.28942871], [-120.6396, 46.48202, -1277.28930664], [-120.63872, 46.47362, -1621.75024414], [-120.6271, 46.47868, -1528.28942871]]], [[[-120.53468, 46.17701, -14649.10546875], [-120.54735, 46.18017, -14345.17089844], [-120.54649, 46.17177, -14689.03027344], [-120.53468, 46.17701, -14649.10546875]]], [[[-120.56318, 46.51234, -963.44134521], [-120.57651, 46.50781, -1000.43579102], [-120.56562, 46.50262, -1345.7208252], [-120.56318, 46.51234, -963.44134521]]], [[[-120.54649, 46.17177, -14689.03027344], [-120.53382, 46.16861, -14992.79980469], [-120.53468, 46.17701, -14649.10546875], [-120.54649, 46.17177, -14689.03027344]]], [[[-120.61543, 46.48372, -1426.88659668], [-120.6163, 46.49212, -1082.64013672], [-120.62798, 46.48708, -1184.0982666], [-120.61543, 46.48372, -1426.88659668]]], [[[-120.53382, 46.16861, -14992.79980469], [-120.54649, 46.17177, -14689.03027344], [-120.54562, 46.16337, -15032.88964844], [-120.53382, 46.16861, -14992.79980469]]], [[[-120.62622, 46.47028, -1872.48046875], [-120.6271, 46.47868, -1528.28942871], [-120.63872, 46.47362, -1621.75024414], [-120.62622, 46.47028, -1872.48046875]]], [[[-120.53295, 46.16021, -15336.49316406], [-120.53382, 46.16861, -14992.79980469], [-120.54562, 46.16337, -15032.88964844], [-120.53295, 46.16021, -15336.49316406]]], [[[-120.60239, 46.50801, -620.72808838], [-120.61784, 46.50906, -390.00247192], [-120.61638, 46.50096, -727.24633789], [-120.60239, 46.50801, -620.72808838]]], [[[-120.5208, 46.16519, -15209.58984375], [-120.53382, 46.16861, -14992.79980469], [-120.53295, 46.16021, -15336.49316406], [-120.5208, 46.16519, -15209.58984375]]], [[[-120.56373, 46.53799, 77.02494049], [-120.5721, 46.54397, 358.44229126], [-120.57321, 46.53494, 19.42104912], [-120.56373, 46.53799, 77.02494049]]], [[[-120.5208, 46.16519, -15209.58984375], [-120.53295, 46.16021, -15336.49316406], [-120.51994, 46.15679, -15553.5234375], [-120.5208, 46.16519, -15209.58984375]]], [[[-120.62359, 46.44509, -2905.05371094], [-120.61104, 46.44173, -3148.11889648], [-120.61192, 46.45013, -2803.87255859], [-120.62359, 46.44509, -2905.05371094]]], [[[-120.51994, 46.15679, -15553.5234375], [-120.53295, 46.16021, -15336.49316406], [-120.53209, 46.15181, -15680.18652344], [-120.51994, 46.15679, -15553.5234375]]], [[[-120.63032, 46.51197, -166.30340576], [-120.64312, 46.5156, 100.55414581], [-120.64224, 46.50721, -243.90672302], [-120.63032, 46.51197, -166.30340576]]], [[[-120.51908, 46.14839, -15897.45703125], [-120.51994, 46.15679, -15553.5234375], [-120.53209, 46.15181, -15680.18652344], [-120.51908, 46.14839, -15897.45703125]]], [[[-120.51908, 46.14839, -15897.45703125], [-120.53209, 46.15181, -15680.18652344], [-120.53123, 46.14341, -16023.87988281], [-120.51908, 46.14839, -15897.45703125]]], [[[-120.39811, 46.19784, -13644.58203125], [-120.39758, 46.18915, -13999.38085938], [-120.38547, 46.19383, -13777.64355469], [-120.39811, 46.19784, -13644.58203125]]], [[[-120.53209, 46.15181, -15680.18652344], [-120.5439, 46.14657, -15720.609375], [-120.53123, 46.14341, -16023.87988281], [-120.53209, 46.15181, -15680.18652344]]], [[[-120.61543, 46.48372, -1426.88659668], [-120.62798, 46.48708, -1184.0982666], [-120.6271, 46.47868, -1528.28942871], [-120.61543, 46.48372, -1426.88659668]]], [[[-120.5439, 46.14657, -15720.609375], [-120.53209, 46.15181, -15680.18652344], [-120.54476, 46.15497, -15376.75], [-120.5439, 46.14657, -15720.609375]]], [[[-120.3963, 46.18049, -14353.51855469], [-120.38459, 46.1854, -14122.46484375], [-120.39758, 46.18915, -13999.38085938], [-120.3963, 46.18049, -14353.51855469]]], [[[-120.5439, 46.14657, -15720.609375], [-120.54476, 46.15497, -15376.75], [-120.55643, 46.14973, -15415.56347656], [-120.5439, 46.14657, -15720.609375]]], [[[-120.6163, 46.49212, -1082.64013672], [-120.61638, 46.50096, -727.24633789], [-120.62886, 46.49548, -839.90722656], [-120.6163, 46.49212, -1082.64013672]]], [[[-120.5439, 46.14657, -15720.609375], [-120.55643, 46.14973, -15415.56347656], [-120.55557, 46.14133, -15759.45507812], [-120.5439, 46.14657, -15720.609375]]], [[[-120.61784, 46.50906, -390.00247192], [-120.60239, 46.50801, -620.72808838], [-120.6105, 46.51484, -246.36320496], [-120.61784, 46.50906, -390.00247192]]], [[[-120.54303, 46.13817, -16064.46875], [-120.5439, 46.14657, -15720.609375], [-120.55557, 46.14133, -15759.45507812], [-120.54303, 46.13817, -16064.46875]]], [[[-120.62145, 46.51948, 58.44069672], [-120.63032, 46.51197, -166.30340576], [-120.61784, 46.50906, -390.00247192], [-120.62145, 46.51948, 58.44069672]]], [[[-120.54303, 46.13817, -16064.46875], [-120.53123, 46.14341, -16023.87988281], [-120.5439, 46.14657, -15720.609375], [-120.54303, 46.13817, -16064.46875]]], [[[-120.60431, 46.49791, -993.96582031], [-120.6163, 46.49212, -1082.64013672], [-120.60376, 46.48887, -1359.70043945], [-120.60431, 46.49791, -993.96582031]]], [[[-120.53123, 46.14341, -16023.87988281], [-120.54303, 46.13817, -16064.46875], [-120.53037, 46.13501, -16367.57324219], [-120.53123, 46.14341, -16023.87988281]]], [[[-120.46391, 46.53066, -45.60798264], [-120.47009, 46.53802, 271.26507568], [-120.47877, 46.53147, -59.44584274], [-120.46391, 46.53066, -45.60798264]]], [[[-120.54303, 46.13817, -16064.46875], [-120.55557, 46.14133, -15759.45507812], [-120.5547, 46.13293, -16103.34570312], [-120.54303, 46.13817, -16064.46875]]], [[[-120.55557, 46.14133, -15759.45507812], [-120.56718, 46.13612, -15808.15234375], [-120.5547, 46.13293, -16103.34570312], [-120.55557, 46.14133, -15759.45507812]]], [[[-120.62622, 46.47028, -1872.48046875], [-120.63872, 46.47362, -1621.75024414], [-120.63784, 46.46522, -1966.21105957], [-120.62622, 46.47028, -1872.48046875]]], [[[-120.56718, 46.13612, -15808.15234375], [-120.55557, 46.14133, -15759.45507812], [-120.56805, 46.14452, -15464.14160156], [-120.56718, 46.13612, -15808.15234375]]], [[[-120.50591, 46.52767, -347.86193848], [-120.49246, 46.53384, -80.08438873], [-120.50289, 46.53608, -5.0934453], [-120.50591, 46.52767, -347.86193848]]], [[[-120.56718, 46.13612, -15808.15234375], [-120.56805, 46.14452, -15464.14160156], [-120.57966, 46.1394, -15540.99121094], [-120.56718, 46.13612, -15808.15234375]]], [[[-120.56718, 46.13612, -15808.15234375], [-120.57966, 46.1394, -15540.99121094], [-120.57879, 46.13101, -15885.23730469], [-120.56718, 46.13612, -15808.15234375]]], [[[-120.56373, 46.53799, 77.02494049], [-120.56153, 46.52983, -263.37945557], [-120.55355, 46.53765, 44.79672623], [-120.56373, 46.53799, 77.02494049]]], [[[-120.56631, 46.12772, -16152.16308594], [-120.56718, 46.13612, -15808.15234375], [-120.57879, 46.13101, -15885.23730469], [-120.56631, 46.12772, -16152.16308594]]], [[[-120.52839, 46.53574, 2.98653603], [-120.51433, 46.5356, 1.59657085], [-120.52077, 46.54306, 321.50494385], [-120.52839, 46.53574, 2.98653603]]], [[[-120.5547, 46.13293, -16103.34570312], [-120.56718, 46.13612, -15808.15234375], [-120.56631, 46.12772, -16152.16308594], [-120.5547, 46.13293, -16103.34570312]]], [[[-120.55384, 46.12453, -16447.23632812], [-120.5547, 46.13293, -16103.34570312], [-120.56631, 46.12772, -16152.16308594], [-120.55384, 46.12453, -16447.23632812]]], [[[-120.56373, 46.53799, 77.02494049], [-120.57321, 46.53494, 19.42104912], [-120.56153, 46.52983, -263.37945557], [-120.56373, 46.53799, 77.02494049]]], [[[-120.55384, 46.12453, -16447.23632812], [-120.56631, 46.12772, -16152.16308594], [-120.56545, 46.11932, -16496.17382812], [-120.55384, 46.12453, -16447.23632812]]], [[[-120.57321, 46.53494, 19.42104912], [-120.58378, 46.54007, 377.38864136], [-120.58428, 46.53108, 30.13816261], [-120.57321, 46.53494, 19.42104912]]], [[[-120.56631, 46.12772, -16152.16308594], [-120.57792, 46.12261, -16229.484375], [-120.56545, 46.11932, -16496.17382812], [-120.56631, 46.12772, -16152.16308594]]], [[[-120.50591, 46.52767, -347.86193848], [-120.50289, 46.53608, -5.0934453], [-120.51433, 46.5356, 1.59657085], [-120.50591, 46.52767, -347.86193848]]], [[[-120.56631, 46.12772, -16152.16308594], [-120.57879, 46.13101, -15885.23730469], [-120.57792, 46.12261, -16229.484375], [-120.56631, 46.12772, -16152.16308594]]], [[[-120.58751, 46.51275, -645.98309326], [-120.58527, 46.52211, -309.48156738], [-120.59849, 46.51786, -287.25088501], [-120.58751, 46.51275, -645.98309326]]], [[[-120.57792, 46.12261, -16229.484375], [-120.57879, 46.13101, -15885.23730469], [-120.59039, 46.12596, -15984.31445312], [-120.57792, 46.12261, -16229.484375]]], [[[-120.57792, 46.12261, -16229.484375], [-120.59039, 46.12596, -15984.31445312], [-120.58952, 46.11756, -16328.50488281], [-120.57792, 46.12261, -16229.484375]]], [[[-120.60929, 46.42494, -3836.61181641], [-120.61017, 46.43333, -3492.36547852], [-120.62183, 46.42829, -3593.43579102], [-120.60929, 46.42494, -3836.61181641]]], [[[-120.57706, 46.11421, -16573.73046875], [-120.57792, 46.12261, -16229.484375], [-120.58952, 46.11756, -16328.50488281], [-120.57706, 46.11421, -16573.73046875]]], [[[-120.56373, 46.53799, 77.02494049], [-120.55944, 46.54593, 378.85665894], [-120.5721, 46.54397, 358.44229126], [-120.56373, 46.53799, 77.02494049]]], [[[-120.56545, 46.11932, -16496.17382812], [-120.57792, 46.12261, -16229.484375], [-120.57706, 46.11421, -16573.73046875], [-120.56545, 46.11932, -16496.17382812]]], [[[-120.61784, 46.50906, -390.00247192], [-120.63032, 46.51197, -166.30340576], [-120.6297, 46.50388, -495.64871216], [-120.61784, 46.50906, -390.00247192]]], [[[-120.56458, 46.11092, -16840.18554688], [-120.56545, 46.11932, -16496.17382812], [-120.57706, 46.11421, -16573.73046875], [-120.56458, 46.11092, -16840.18554688]]], [[[-120.6297, 46.50388, -495.64871216], [-120.63032, 46.51197, -166.30340576], [-120.64224, 46.50721, -243.90672302], [-120.6297, 46.50388, -495.64871216]]], [[[-120.56458, 46.11092, -16840.18554688], [-120.57706, 46.11421, -16573.73046875], [-120.57619, 46.10581, -16917.9765625], [-120.56458, 46.11092, -16840.18554688]]], [[[-120.51433, 46.5356, 1.59657085], [-120.50787, 46.54393, 317.94223022], [-120.52077, 46.54306, 321.50494385], [-120.51433, 46.5356, 1.59657085]]], [[[-120.56372, 46.10253, -17184.1953125], [-120.56458, 46.11092, -16840.18554688], [-120.57619, 46.10581, -16917.9765625], [-120.56372, 46.10253, -17184.1953125]]], [[[-120.62886, 46.49548, -839.90722656], [-120.64136, 46.49881, -588.36761475], [-120.64048, 46.49041, -932.82843018], [-120.62886, 46.49548, -839.90722656]]], [[[-120.56372, 46.10253, -17184.1953125], [-120.57619, 46.10581, -16917.9765625], [-120.57532, 46.09741, -17262.22265625], [-120.56372, 46.10253, -17184.1953125]]], [[[-120.61784, 46.50906, -390.00247192], [-120.6297, 46.50388, -495.64871216], [-120.61638, 46.50096, -727.24633789], [-120.61784, 46.50906, -390.00247192]]], [[[-120.56285, 46.09413, -17528.20703125], [-120.56372, 46.10253, -17184.1953125], [-120.57532, 46.09741, -17262.22265625], [-120.56285, 46.09413, -17528.20703125]]], [[[-120.62008, 46.4115, -4281.81787109], [-120.62096, 46.4199, -3937.62695312], [-120.63256, 46.41484, -4032.97631836], [-120.62008, 46.4115, -4281.81787109]]], [[[-120.55124, 46.09933, -17478.90820312], [-120.56372, 46.10253, -17184.1953125], [-120.56285, 46.09413, -17528.20703125], [-120.55124, 46.09933, -17478.90820312]]], [[[-120.6297, 46.50388, -495.64871216], [-120.64224, 46.50721, -243.90672302], [-120.64136, 46.49881, -588.36761475], [-120.6297, 46.50388, -495.64871216]]], [[[-120.55124, 46.09933, -17478.90820312], [-120.56285, 46.09413, -17528.20703125], [-120.55038, 46.09093, -17822.79882812], [-120.55124, 46.09933, -17478.90820312]]], [[[-120.644, 46.524, 445.01501465], [-120.64312, 46.5156, 100.55414581], [-120.63394, 46.51849, 128.91181946], [-120.644, 46.524, 445.01501465]]], [[[-120.55038, 46.09093, -17822.79882812], [-120.56285, 46.09413, -17528.20703125], [-120.56198, 46.08573, -17872.21679688], [-120.55038, 46.09093, -17822.79882812]]], [[[-120.47877, 46.53147, -59.44584274], [-120.48269, 46.54016, 273.53369141], [-120.49246, 46.53384, -80.08438873], [-120.47877, 46.53147, -59.44584274]]], [[[-120.54952, 46.08253, -18166.68945312], [-120.55038, 46.09093, -17822.79882812], [-120.56198, 46.08573, -17872.21679688], [-120.54952, 46.08253, -18166.68945312]]], [[[-120.62359, 46.44509, -2905.05371094], [-120.6352, 46.44003, -2999.59375], [-120.62271, 46.43669, -3249.24487305], [-120.62359, 46.44509, -2905.05371094]]], [[[-120.54952, 46.08253, -18166.68945312], [-120.56198, 46.08573, -17872.21679688], [-120.56112, 46.07733, -18216.22851562], [-120.54952, 46.08253, -18166.68945312]]], [[[-120.62534, 46.46189, -2216.67163086], [-120.63784, 46.46522, -1966.21105957], [-120.63696, 46.45683, -2310.671875], [-120.62534, 46.46189, -2216.67163086]]], [[[-120.54865, 46.07413, -18510.58007812], [-120.54952, 46.08253, -18166.68945312], [-120.56112, 46.07733, -18216.22851562], [-120.54865, 46.07413, -18510.58007812]]], [[[-120.62534, 46.46189, -2216.67163086], [-120.61367, 46.46692, -2115.37963867], [-120.62622, 46.47028, -1872.48046875], [-120.62534, 46.46189, -2216.67163086]]], [[[-120.54865, 46.07413, -18510.58007812], [-120.56112, 46.07733, -18216.22851562], [-120.56025, 46.06893, -18560.23828125], [-120.54865, 46.07413, -18510.58007812]]], [[[-120.54865, 46.07413, -18510.58007812], [-120.56025, 46.06893, -18560.23828125], [-120.54779, 46.06573, -18854.47070312], [-120.54865, 46.07413, -18510.58007812]]], [[[-120.62145, 46.51948, 58.44069672], [-120.63394, 46.51849, 128.91181946], [-120.63032, 46.51197, -166.30340576], [-120.62145, 46.51948, 58.44069672]]], [[[-120.54865, 46.07413, -18510.58007812], [-120.54779, 46.06573, -18854.47070312], [-120.53613, 46.07098, -18815.34375], [-120.54865, 46.07413, -18510.58007812]]], [[[-120.60239, 46.50801, -620.72808838], [-120.59849, 46.51786, -287.25088501], [-120.6105, 46.51484, -246.36320496], [-120.60239, 46.50801, -620.72808838]]], [[[-120.53527, 46.06258, -19159.203125], [-120.53613, 46.07098, -18815.34375], [-120.54779, 46.06573, -18854.47070312], [-120.53527, 46.06258, -19159.203125]]], [[[-120.62447, 46.45349, -2560.86254883], [-120.62359, 46.44509, -2905.05371094], [-120.61192, 46.45013, -2803.87255859], [-120.62447, 46.45349, -2560.86254883]]], [[[-120.53527, 46.06258, -19159.203125], [-120.54779, 46.06573, -18854.47070312], [-120.54693, 46.05733, -19198.36132812], [-120.53527, 46.06258, -19159.203125]]], [[[-120.62271, 46.43669, -3249.24487305], [-120.6352, 46.44003, -2999.59375], [-120.63432, 46.43163, -3344.05444336], [-120.62271, 46.43669, -3249.24487305]]], [[[-120.53418, 46.05405, -19511.20507812], [-120.53527, 46.06258, -19159.203125], [-120.54693, 46.05733, -19198.36132812], [-120.53418, 46.05405, -19511.20507812]]], [[[-120.53418, 46.05405, -19511.20507812], [-120.54693, 46.05733, -19198.36132812], [-120.54606, 46.04893, -19542.25390625], [-120.53418, 46.05405, -19511.20507812]]], [[[-120.61367, 46.46692, -2115.37963867], [-120.62534, 46.46189, -2216.67163086], [-120.6128, 46.45853, -2459.62597656], [-120.61367, 46.46692, -2115.37963867]]], [[[-120.53327, 46.04552, -19861.04492188], [-120.53418, 46.05405, -19511.20507812], [-120.54606, 46.04893, -19542.25390625], [-120.53327, 46.04552, -19861.04492188]]], [[[-120.62534, 46.46189, -2216.67163086], [-120.62622, 46.47028, -1872.48046875], [-120.63784, 46.46522, -1966.21105957], [-120.62534, 46.46189, -2216.67163086]]], [[[-120.53327, 46.04552, -19861.04492188], [-120.51992, 46.04979, -19874.90429688], [-120.53418, 46.05405, -19511.20507812], [-120.53327, 46.04552, -19861.04492188]]], [[[-120.52126, 46.528, -298.98278809], [-120.51433, 46.5356, 1.59657085], [-120.52839, 46.53574, 2.98653603], [-120.52126, 46.528, -298.98278809]]], [[[-120.51992, 46.04979, -19874.90429688], [-120.53327, 46.04552, -19861.04492188], [-120.52007, 46.04083, -20230.95117188], [-120.51992, 46.04979, -19874.90429688]]], [[[-120.50439, 46.04383, -20179.38867188], [-120.51992, 46.04979, -19874.90429688], [-120.52007, 46.04083, -20230.95117188], [-120.50439, 46.04383, -20179.38867188]]], [[[-120.6271, 46.47868, -1528.28942871], [-120.62798, 46.48708, -1184.0982666], [-120.6396, 46.48202, -1277.28930664], [-120.6271, 46.47868, -1528.28942871]]], [[[-120.50439, 46.04383, -20179.38867188], [-120.52007, 46.04083, -20230.95117188], [-120.50963, 46.03483, -20537.19140625], [-120.50439, 46.04383, -20179.38867188]]], [[[-120.62886, 46.49548, -839.90722656], [-120.64048, 46.49041, -932.82843018], [-120.62798, 46.48708, -1184.0982666], [-120.62886, 46.49548, -839.90722656]]], [[[-120.50439, 46.04383, -20179.38867188], [-120.50963, 46.03483, -20537.19140625], [-120.49471, 46.03522, -20511.26757812], [-120.50439, 46.04383, -20179.38867188]]], [[[-120.59207, 46.49407, -1317.0592041], [-120.60431, 46.49791, -993.96582031], [-120.60376, 46.48887, -1359.70043945], [-120.59207, 46.49407, -1317.0592041]]], [[[-120.48807, 46.043, -20172.09570312], [-120.50439, 46.04383, -20179.38867188], [-120.49471, 46.03522, -20511.26757812], [-120.48807, 46.043, -20172.09570312]]], [[[-120.55583, 46.02686, -20284.25976562], [-120.55616, 46.01797, -20633.02929688], [-120.5448, 46.02076, -20672.44921875], [-120.55583, 46.02686, -20284.25976562]]], [[[-120.48807, 46.043, -20172.09570312], [-120.49471, 46.03522, -20511.26757812], [-120.48022, 46.03499, -20489.83984375], [-120.48807, 46.043, -20172.09570312]]], [[[-120.62886, 46.49548, -839.90722656], [-120.61638, 46.50096, -727.24633789], [-120.6297, 46.50388, -495.64871216], [-120.62886, 46.49548, -839.90722656]]], [[[-120.47346, 46.04293, -20141.15625], [-120.48807, 46.043, -20172.09570312], [-120.48022, 46.03499, -20489.83984375], [-120.47346, 46.04293, -20141.15625]]], [[[-120.41728, 46.49742, -1367.17077637], [-120.40552, 46.50183, -1035.14978027], [-120.41793, 46.50585, -1021.9588623], [-120.41728, 46.49742, -1367.17077637]]], [[[-120.47346, 46.04293, -20141.15625], [-120.48059, 46.05095, -19833.1328125], [-120.48807, 46.043, -20172.09570312], [-120.47346, 46.04293, -20141.15625]]], [[[-120.48059, 46.05095, -19833.1328125], [-120.47346, 46.04293, -20141.15625], [-120.46461, 46.0497, -19866.57617188], [-120.48059, 46.05095, -19833.1328125]]], [[[-120.46461, 46.0497, -19866.57617188], [-120.47346, 46.04293, -20141.15625], [-120.45792, 46.04187, -20206.36914062], [-120.46461, 46.0497, -19866.57617188]]], [[[-120.46461, 46.0497, -19866.57617188], [-120.45792, 46.04187, -20206.36914062], [-120.44846, 46.04927, -19912.67578125], [-120.46461, 46.0497, -19866.57617188]]], [[[-120.44448, 46.04126, -20239.00585938], [-120.44846, 46.04927, -19912.67578125], [-120.45792, 46.04187, -20206.36914062], [-120.44448, 46.04126, -20239.00585938]]], [[[-120.60288, 46.48047, -1703.71118164], [-120.60376, 46.48887, -1359.70043945], [-120.61543, 46.48372, -1426.88659668], [-120.60288, 46.48047, -1703.71118164]]], [[[-120.5448, 46.02076, -20672.44921875], [-120.55616, 46.01797, -20633.02929688], [-120.54733, 46.01149, -21003.7265625], [-120.5448, 46.02076, -20672.44921875]]], [[[-120.44846, 46.04927, -19912.67578125], [-120.44448, 46.04126, -20239.00585938], [-120.43246, 46.04311, -20059.91992188], [-120.44846, 46.04927, -19912.67578125]]], [[[-120.63394, 46.51849, 128.91181946], [-120.64312, 46.5156, 100.55414581], [-120.63032, 46.51197, -166.30340576], [-120.63394, 46.51849, 128.91181946]]], [[[-120.55616, 46.01797, -20633.02929688], [-120.56751, 46.02182, -20361.0390625], [-120.56724, 46.01374, -20687.22460938], [-120.55616, 46.01797, -20633.02929688]]], [[[-120.43246, 46.04311, -20059.91992188], [-120.43293, 46.05199, -19692.77734375], [-120.44846, 46.04927, -19912.67578125], [-120.43246, 46.04311, -20059.91992188]]], [[[-120.60929, 46.5231, 66.45081329], [-120.59624, 46.52692, 38.44536209], [-120.60695, 46.53202, 391.56329346], [-120.60929, 46.5231, 66.45081329]]], [[[-120.43293, 46.05199, -19692.77734375], [-120.43246, 46.04311, -20059.91992188], [-120.41991, 46.04828, -19737.63671875], [-120.43293, 46.05199, -19692.77734375]]], [[[-120.55355, 46.53765, 44.79672623], [-120.56153, 46.52983, -263.37945557], [-120.54908, 46.52927, -292.63290405], [-120.55355, 46.53765, 44.79672623]]], [[[-120.558, 46.00843, -20989.078125], [-120.55616, 46.01797, -20633.02929688], [-120.56724, 46.01374, -20687.22460938], [-120.558, 46.00843, -20989.078125]]], [[[-120.43293, 46.05199, -19692.77734375], [-120.41991, 46.04828, -19737.63671875], [-120.42034, 46.05653, -19397.68554688], [-120.43293, 46.05199, -19692.77734375]]], [[[-120.56844, 46.00581, -20995.18945312], [-120.558, 46.00843, -20989.078125], [-120.56724, 46.01374, -20687.22460938], [-120.56844, 46.00581, -20995.18945312]]], [[[-120.41991, 46.04828, -19737.63671875], [-120.40781, 46.0528, -19583.45703125], [-120.42034, 46.05653, -19397.68554688], [-120.41991, 46.04828, -19737.63671875]]], [[[-120.41991, 46.04828, -19737.63671875], [-120.40711, 46.04504, -19900.08007812], [-120.40781, 46.0528, -19583.45703125], [-120.41991, 46.04828, -19737.63671875]]], [[[-120.4301, 46.50144, -1236.12219238], [-120.41728, 46.49742, -1367.17077637], [-120.41793, 46.50585, -1021.9588623], [-120.4301, 46.50144, -1236.12219238]]], [[[-120.419, 46.03999, -20075.7109375], [-120.40711, 46.04504, -19900.08007812], [-120.41991, 46.04828, -19737.63671875], [-120.419, 46.03999, -20075.7109375]]], [[[-120.54148, 46.53672, 24.06708336], [-120.54655, 46.54504, 359.74182129], [-120.55355, 46.53765, 44.79672623], [-120.54148, 46.53672, 24.06708336]]], [[[-120.419, 46.03999, -20075.7109375], [-120.40607, 46.03646, -20250.98632812], [-120.40711, 46.04504, -19900.08007812], [-120.419, 46.03999, -20075.7109375]]], [[[-120.60201, 46.47207, -2047.72192383], [-120.60288, 46.48047, -1703.71118164], [-120.61455, 46.47532, -1771.13305664], [-120.60201, 46.47207, -2047.72192383]]], [[[-120.41669, 46.03127, -20427.80664062], [-120.40607, 46.03646, -20250.98632812], [-120.419, 46.03999, -20075.7109375], [-120.41669, 46.03127, -20427.80664062]]], [[[-120.41992, 46.52256, -339.67062378], [-120.43218, 46.52238, -380.44873047], [-120.42057, 46.51464, -669.20574951], [-120.41992, 46.52256, -339.67062378]]], [[[-120.41669, 46.03127, -20427.80664062], [-120.40565, 46.02675, -20645.66601562], [-120.40607, 46.03646, -20250.98632812], [-120.41669, 46.03127, -20427.80664062]]], [[[-120.58527, 46.52211, -309.48156738], [-120.57385, 46.51714, -672.40600586], [-120.5729, 46.52587, -342.54373169], [-120.58527, 46.52211, -309.48156738]]], [[[-120.41669, 46.03127, -20427.80664062], [-120.42021, 46.02267, -20803.67382812], [-120.40565, 46.02675, -20645.66601562], [-120.41669, 46.03127, -20427.80664062]]], [[[-120.41793, 46.50585, -1021.9588623], [-120.4064, 46.51027, -689.81494141], [-120.42057, 46.51464, -669.20574951], [-120.41793, 46.50585, -1021.9588623]]], [[[-120.41669, 46.03127, -20427.80664062], [-120.42815, 46.03244, -20466.26171875], [-120.42021, 46.02267, -20803.67382812], [-120.41669, 46.03127, -20427.80664062]]], [[[-120.41669, 46.03127, -20427.80664062], [-120.419, 46.03999, -20075.7109375], [-120.42815, 46.03244, -20466.26171875], [-120.41669, 46.03127, -20427.80664062]]], [[[-120.52839, 46.53574, 2.98653603], [-120.52077, 46.54306, 321.50494385], [-120.53366, 46.54405, 333.80230713], [-120.52839, 46.53574, 2.98653603]]], [[[-120.43246, 46.04311, -20059.91992188], [-120.42815, 46.03244, -20466.26171875], [-120.419, 46.03999, -20075.7109375], [-120.43246, 46.04311, -20059.91992188]]], [[[-120.59121, 46.4857, -1659.93359375], [-120.60376, 46.48887, -1359.70043945], [-120.60288, 46.48047, -1703.71118164], [-120.59121, 46.4857, -1659.93359375]]], [[[-120.43246, 46.04311, -20059.91992188], [-120.419, 46.03999, -20075.7109375], [-120.41991, 46.04828, -19737.63671875], [-120.43246, 46.04311, -20059.91992188]]], [[[-120.42815, 46.03244, -20466.26171875], [-120.43246, 46.04311, -20059.91992188], [-120.43975, 46.03285, -20561.19921875], [-120.42815, 46.03244, -20466.26171875]]], [[[-120.6163, 46.49212, -1082.64013672], [-120.62886, 46.49548, -839.90722656], [-120.62798, 46.48708, -1184.0982666], [-120.6163, 46.49212, -1082.64013672]]], [[[-120.42815, 46.03244, -20466.26171875], [-120.43975, 46.03285, -20561.19921875], [-120.43452, 46.02376, -20888.703125], [-120.42815, 46.03244, -20466.26171875]]], [[[-120.42815, 46.03244, -20466.26171875], [-120.43452, 46.02376, -20888.703125], [-120.42021, 46.02267, -20803.67382812], [-120.42815, 46.03244, -20466.26171875]]], [[[-120.58527, 46.52211, -309.48156738], [-120.5729, 46.52587, -342.54373169], [-120.58428, 46.53108, 30.13816261], [-120.58527, 46.52211, -309.48156738]]], [[[-120.558, 46.00843, -20989.078125], [-120.54733, 46.01149, -21003.7265625], [-120.55616, 46.01797, -20633.02929688], [-120.558, 46.00843, -20989.078125]]], [[[-120.43182, 46.01472, -21241.73828125], [-120.42021, 46.02267, -20803.67382812], [-120.43452, 46.02376, -20888.703125], [-120.43182, 46.01472, -21241.73828125]]], [[[-120.43182, 46.01472, -21241.73828125], [-120.41932, 46.01339, -21183.34570312], [-120.42021, 46.02267, -20803.67382812], [-120.43182, 46.01472, -21241.73828125]]], [[[-120.57321, 46.53494, 19.42104912], [-120.5721, 46.54397, 358.44229126], [-120.58378, 46.54007, 377.38864136], [-120.57321, 46.53494, 19.42104912]]], [[[-120.41932, 46.01339, -21183.34570312], [-120.43182, 46.01472, -21241.73828125], [-120.43082, 46.00629, -21585.42382812], [-120.41932, 46.01339, -21183.34570312]]], [[[-120.41932, 46.01339, -21183.34570312], [-120.43082, 46.00629, -21585.42382812], [-120.42163, 46.00433, -21580.47070312], [-120.41932, 46.01339, -21183.34570312]]], [[[-120.41728, 46.49742, -1367.17077637], [-120.40463, 46.4934, -1380.48449707], [-120.40552, 46.50183, -1035.14978027], [-120.41728, 46.49742, -1367.17077637]]], [[[-120.55583, 46.02686, -20284.25976562], [-120.56839, 46.03022, -20016.42578125], [-120.56751, 46.02182, -20361.0390625], [-120.55583, 46.02686, -20284.25976562]]], [[[-120.42163, 46.00433, -21580.47070312], [-120.40867, 46.00969, -21327.11328125], [-120.41932, 46.01339, -21183.34570312], [-120.42163, 46.00433, -21580.47070312]]], [[[-120.58527, 46.52211, -309.48156738], [-120.58428, 46.53108, 30.13816261], [-120.59624, 46.52692, 38.44536209], [-120.58527, 46.52211, -309.48156738]]], [[[-120.40867, 46.00969, -21327.11328125], [-120.42163, 46.00433, -21580.47070312], [-120.41232, 46.00095, -21669.83203125], [-120.40867, 46.00969, -21327.11328125]]], [[[-120.41793, 46.50585, -1021.9588623], [-120.40552, 46.50183, -1035.14978027], [-120.4064, 46.51027, -689.81494141], [-120.41793, 46.50585, -1021.9588623]]], [[[-120.41232, 46.00095, -21669.83203125], [-120.40059, 46.0021, -21658.84960938], [-120.40867, 46.00969, -21327.11328125], [-120.41232, 46.00095, -21669.83203125]]], [[[-120.45138, 46.53072, -52.9000206], [-120.4572, 46.53898, 270.19656372], [-120.46391, 46.53066, -45.60798264], [-120.45138, 46.53072, -52.9000206]]], [[[-120.45792, 46.04187, -20206.36914062], [-120.46649, 46.03501, -20457.1015625], [-120.45235, 46.03333, -20564.44726562], [-120.45792, 46.04187, -20206.36914062]]], [[[-120.40059, 46.0021, -21658.84960938], [-120.41232, 46.00095, -21669.83203125], [-120.40358, 45.99505, -21936.453125], [-120.40059, 46.0021, -21658.84960938]]], [[[-120.644, 46.524, 445.01501465], [-120.63394, 46.51849, 128.91181946], [-120.63135, 46.52595, 402.24349976], [-120.644, 46.524, 445.01501465]]], [[[-120.40059, 46.0021, -21658.84960938], [-120.40358, 45.99505, -21936.453125], [-120.39327, 45.99509, -21944.91015625], [-120.40059, 46.0021, -21658.84960938]]], [[[-120.59624, 46.52692, 38.44536209], [-120.58428, 46.53108, 30.13816261], [-120.59527, 46.53591, 379.47973633], [-120.59624, 46.52692, 38.44536209]]], [[[-120.40059, 46.0021, -21658.84960938], [-120.39327, 45.99509, -21944.91015625], [-120.38709, 46.00261, -21618.79492188], [-120.40059, 46.0021, -21658.84960938]]], [[[-120.60288, 46.48047, -1703.71118164], [-120.61543, 46.48372, -1426.88659668], [-120.61455, 46.47532, -1771.13305664], [-120.60288, 46.48047, -1703.71118164]]], [[[-120.39472, 46.00988, -21340.38671875], [-120.40059, 46.0021, -21658.84960938], [-120.38709, 46.00261, -21618.79492188], [-120.39472, 46.00988, -21340.38671875]]], [[[-120.40867, 46.00969, -21327.11328125], [-120.40059, 46.0021, -21658.84960938], [-120.39472, 46.00988, -21340.38671875], [-120.40867, 46.00969, -21327.11328125]]], [[[-120.39472, 46.00988, -21340.38671875], [-120.40443, 46.01799, -21004.42382812], [-120.40867, 46.00969, -21327.11328125], [-120.39472, 46.00988, -21340.38671875]]], [[[-120.39039, 46.01621, -21065.40625], [-120.40443, 46.01799, -21004.42382812], [-120.39472, 46.00988, -21340.38671875], [-120.39039, 46.01621, -21065.40625]]], [[[-120.50591, 46.52767, -347.86193848], [-120.51433, 46.5356, 1.59657085], [-120.52126, 46.528, -298.98278809], [-120.50591, 46.52767, -347.86193848]]], [[[-120.43975, 46.03285, -20561.19921875], [-120.43246, 46.04311, -20059.91992188], [-120.44448, 46.04126, -20239.00585938], [-120.43975, 46.03285, -20561.19921875]]], [[[-120.39236, 46.02399, -20751.18164062], [-120.40443, 46.01799, -21004.42382812], [-120.39039, 46.01621, -21065.40625], [-120.39236, 46.02399, -20751.18164062]]], [[[-120.55355, 46.53765, 44.79672623], [-120.54655, 46.54504, 359.74182129], [-120.55944, 46.54593, 378.85665894], [-120.55355, 46.53765, 44.79672623]]], [[[-120.39236, 46.02399, -20751.18164062], [-120.40565, 46.02675, -20645.66601562], [-120.40443, 46.01799, -21004.42382812], [-120.39236, 46.02399, -20751.18164062]]], [[[-120.45138, 46.53072, -52.9000206], [-120.43805, 46.5308, -29.86368179], [-120.44431, 46.53802, 270.97094727], [-120.45138, 46.53072, -52.9000206]]], [[[-120.44448, 46.04126, -20239.00585938], [-120.45235, 46.03333, -20564.44726562], [-120.43975, 46.03285, -20561.19921875], [-120.44448, 46.04126, -20239.00585938]]], [[[-120.40565, 46.02675, -20645.66601562], [-120.39236, 46.02399, -20751.18164062], [-120.39342, 46.03227, -20413.32421875], [-120.40565, 46.02675, -20645.66601562]]], [[[-120.58428, 46.53108, 30.13816261], [-120.58378, 46.54007, 377.38864136], [-120.59527, 46.53591, 379.47973633], [-120.58428, 46.53108, 30.13816261]]], [[[-120.40607, 46.03646, -20250.98632812], [-120.40565, 46.02675, -20645.66601562], [-120.39342, 46.03227, -20413.32421875], [-120.40607, 46.03646, -20250.98632812]]], [[[-120.55583, 46.02686, -20284.25976562], [-120.56751, 46.02182, -20361.0390625], [-120.55616, 46.01797, -20633.02929688], [-120.55583, 46.02686, -20284.25976562]]], [[[-120.40607, 46.03646, -20250.98632812], [-120.39342, 46.03227, -20413.32421875], [-120.39432, 46.04139, -20040.11132812], [-120.40607, 46.03646, -20250.98632812]]], [[[-120.43805, 46.5308, -29.86368179], [-120.43141, 46.53897, 294.0954895], [-120.44431, 46.53802, 270.97094727], [-120.43805, 46.5308, -29.86368179]]], [[[-120.40711, 46.04504, -19900.08007812], [-120.40607, 46.03646, -20250.98632812], [-120.39432, 46.04139, -20040.11132812], [-120.40711, 46.04504, -19900.08007812]]], [[[-120.40711, 46.04504, -19900.08007812], [-120.39432, 46.04139, -20040.11132812], [-120.39497, 46.04931, -19715.77539062], [-120.40711, 46.04504, -19900.08007812]]], [[[-120.40781, 46.0528, -19583.45703125], [-120.40711, 46.04504, -19900.08007812], [-120.39497, 46.04931, -19715.77539062], [-120.40781, 46.0528, -19583.45703125]]], [[[-120.56153, 46.52983, -263.37945557], [-120.57321, 46.53494, 19.42104912], [-120.5729, 46.52587, -342.54373169], [-120.56153, 46.52983, -263.37945557]]], [[[-120.5448, 46.02076, -20672.44921875], [-120.54733, 46.01149, -21003.7265625], [-120.53514, 46.01489, -21042.22851562], [-120.5448, 46.02076, -20672.44921875]]], [[[-120.40781, 46.0528, -19583.45703125], [-120.39497, 46.04931, -19715.77539062], [-120.39603, 46.05754, -19380.00195312], [-120.40781, 46.0528, -19583.45703125]]], [[[-120.55355, 46.53765, 44.79672623], [-120.55944, 46.54593, 378.85665894], [-120.56373, 46.53799, 77.02494049], [-120.55355, 46.53765, 44.79672623]]], [[[-120.51822, 46.13999, -16241.390625], [-120.51736, 46.13159, -16585.32421875], [-120.50502, 46.13629, -16373.96582031], [-120.51822, 46.13999, -16241.390625]]], [[[-120.40781, 46.0528, -19583.45703125], [-120.39603, 46.05754, -19380.00195312], [-120.40863, 46.06169, -19220.5078125], [-120.40781, 46.0528, -19583.45703125]]], [[[-120.58527, 46.52211, -309.48156738], [-120.59624, 46.52692, 38.44536209], [-120.59849, 46.51786, -287.25088501], [-120.58527, 46.52211, -309.48156738]]], [[[-120.40781, 46.0528, -19583.45703125], [-120.40863, 46.06169, -19220.5078125], [-120.42034, 46.05653, -19397.68554688], [-120.40781, 46.0528, -19583.45703125]]], [[[-120.51495, 46.51986, -634.2074585], [-120.50591, 46.52767, -347.86193848], [-120.52126, 46.528, -298.98278809], [-120.51495, 46.51986, -634.2074585]]], [[[-120.39696, 46.06669, -19006.12109375], [-120.40863, 46.06169, -19220.5078125], [-120.39603, 46.05754, -19380.00195312], [-120.39696, 46.06669, -19006.12109375]]], [[[-120.42057, 46.51464, -669.20574951], [-120.40729, 46.5187, -344.48019409], [-120.41992, 46.52256, -339.67062378], [-120.42057, 46.51464, -669.20574951]]], [[[-120.40863, 46.06169, -19220.5078125], [-120.39696, 46.06669, -19006.12109375], [-120.40974, 46.07035, -18865.97070312], [-120.40863, 46.06169, -19220.5078125]]], [[[-120.61543, 46.48372, -1426.88659668], [-120.6271, 46.47868, -1528.28942871], [-120.61455, 46.47532, -1771.13305664], [-120.61543, 46.48372, -1426.88659668]]], [[[-120.39696, 46.06669, -19006.12109375], [-120.39603, 46.05754, -19380.00195312], [-120.3844, 46.0627, -19167.15234375], [-120.39696, 46.06669, -19006.12109375]]], [[[-120.43218, 46.52238, -380.44873047], [-120.42706, 46.53075, -29.84952164], [-120.43805, 46.5308, -29.86368179], [-120.43218, 46.52238, -380.44873047]]], [[[-120.39696, 46.06669, -19006.12109375], [-120.3844, 46.0627, -19167.15234375], [-120.38491, 46.07129, -18816.40039062], [-120.39696, 46.06669, -19006.12109375]]], [[[-120.43025, 46.50925, -918.03240967], [-120.41793, 46.50585, -1021.9588623], [-120.42057, 46.51464, -669.20574951], [-120.43025, 46.50925, -918.03240967]]], [[[-120.3844, 46.0627, -19167.15234375], [-120.3723, 46.06733, -18948.73828125], [-120.38491, 46.07129, -18816.40039062], [-120.3844, 46.0627, -19167.15234375]]], [[[-120.41261, 46.45525, -3090.3190918], [-120.4011, 46.45966, -2761.82373047], [-120.41361, 46.4637, -2745.41772461], [-120.41261, 46.45525, -3090.3190918]]], [[[-120.3844, 46.0627, -19167.15234375], [-120.37148, 46.05889, -19293.86914062], [-120.3723, 46.06733, -18948.73828125], [-120.3844, 46.0627, -19167.15234375]]], [[[-120.3844, 46.0627, -19167.15234375], [-120.3832, 46.05397, -19524.0234375], [-120.37148, 46.05889, -19293.86914062], [-120.3844, 46.0627, -19167.15234375]]], [[[-120.45845, 46.4195, -4574.72753906], [-120.44574, 46.41565, -4762.63037109], [-120.4468, 46.42462, -4395.94433594], [-120.45845, 46.4195, -4574.72753906]]], [[[-120.3844, 46.0627, -19167.15234375], [-120.39603, 46.05754, -19380.00195312], [-120.3832, 46.05397, -19524.0234375], [-120.3844, 46.0627, -19167.15234375]]], [[[-120.41992, 46.52256, -339.67062378], [-120.40729, 46.5187, -344.48019409], [-120.40817, 46.52713, 0.53968084], [-120.41992, 46.52256, -339.67062378]]], [[[-120.39497, 46.04931, -19715.77539062], [-120.3832, 46.05397, -19524.0234375], [-120.39603, 46.05754, -19380.00195312], [-120.39497, 46.04931, -19715.77539062]]], [[[-120.4227, 46.43362, -4008.53417969], [-120.42208, 46.42555, -4338.11083984], [-120.40995, 46.42995, -4124.45898438], [-120.4227, 46.43362, -4008.53417969]]], [[[-120.3832, 46.05397, -19524.0234375], [-120.39497, 46.04931, -19715.77539062], [-120.38222, 46.04596, -19851.86914062], [-120.3832, 46.05397, -19524.0234375]]], [[[-120.3832, 46.05397, -19524.0234375], [-120.38222, 46.04596, -19851.86914062], [-120.37038, 46.05048, -19636.90429688], [-120.3832, 46.05397, -19524.0234375]]], [[[-120.4388, 46.34871, -7496.49853516], [-120.42609, 46.34495, -7629.94140625], [-120.42676, 46.35324, -7290.07519531], [-120.4388, 46.34871, -7496.49853516]]], [[[-120.3832, 46.05397, -19524.0234375], [-120.37038, 46.05048, -19636.90429688], [-120.37148, 46.05889, -19293.86914062], [-120.3832, 46.05397, -19524.0234375]]], [[[-120.37038, 46.05048, -19636.90429688], [-120.35891, 46.05475, -19337.89257812], [-120.37148, 46.05889, -19293.86914062], [-120.37038, 46.05048, -19636.90429688]]], [[[-120.46085, 46.32213, -8648.66699219], [-120.45956, 46.31379, -8985.59472656], [-120.44782, 46.31841, -8703.2421875], [-120.46085, 46.32213, -8648.66699219]]], [[[-120.37038, 46.05048, -19636.90429688], [-120.35804, 46.04632, -19683.22851562], [-120.35891, 46.05475, -19337.89257812], [-120.37038, 46.05048, -19636.90429688]]], [[[-120.44973, 46.33483, -8034.09912109], [-120.43775, 46.3398, -7861.03564453], [-120.45045, 46.34366, -7672.07763672], [-120.44973, 46.33483, -8034.09912109]]], [[[-120.37038, 46.05048, -19636.90429688], [-120.36967, 46.04203, -19982.95703125], [-120.35804, 46.04632, -19683.22851562], [-120.37038, 46.05048, -19636.90429688]]], [[[-120.42057, 46.51464, -669.20574951], [-120.4064, 46.51027, -689.81494141], [-120.40729, 46.5187, -344.48019409], [-120.42057, 46.51464, -669.20574951]]], [[[-120.38222, 46.04596, -19851.86914062], [-120.36967, 46.04203, -19982.95703125], [-120.37038, 46.05048, -19636.90429688], [-120.38222, 46.04596, -19851.86914062]]], [[[-120.38222, 46.04596, -19851.86914062], [-120.38176, 46.03741, -20200.70898438], [-120.36967, 46.04203, -19982.95703125], [-120.38222, 46.04596, -19851.86914062]]], [[[-120.45956, 46.31379, -8985.59472656], [-120.45912, 46.30526, -9338.46289062], [-120.44703, 46.30956, -9065.62792969], [-120.45956, 46.31379, -8985.59472656]]], [[[-120.39432, 46.04139, -20040.11132812], [-120.38176, 46.03741, -20200.70898438], [-120.38222, 46.04596, -19851.86914062], [-120.39432, 46.04139, -20040.11132812]]], [[[-120.39342, 46.03227, -20413.32421875], [-120.38176, 46.03741, -20200.70898438], [-120.39432, 46.04139, -20040.11132812], [-120.39342, 46.03227, -20413.32421875]]], [[[-120.59849, 46.51786, -287.25088501], [-120.60929, 46.5231, 66.45081329], [-120.6105, 46.51484, -246.36320496], [-120.59849, 46.51786, -287.25088501]]], [[[-120.53067, 46.02344, -20769.875], [-120.53514, 46.01489, -21042.22851562], [-120.52068, 46.01763, -21135.8046875], [-120.53067, 46.02344, -20769.875]]], [[[-120.39342, 46.03227, -20413.32421875], [-120.38059, 46.02867, -20558.10546875], [-120.38176, 46.03741, -20200.70898438], [-120.39342, 46.03227, -20413.32421875]]], [[[-120.62886, 46.49548, -839.90722656], [-120.6297, 46.50388, -495.64871216], [-120.64136, 46.49881, -588.36761475], [-120.62886, 46.49548, -839.90722656]]], [[[-120.39236, 46.02399, -20751.18164062], [-120.38059, 46.02867, -20558.10546875], [-120.39342, 46.03227, -20413.32421875], [-120.39236, 46.02399, -20751.18164062]]], [[[-120.45241, 46.36013, -7000.76953125], [-120.44041, 46.36508, -6828.24267578], [-120.45311, 46.36895, -6639.08496094], [-120.45241, 46.36013, -7000.76953125]]], [[[-120.39236, 46.02399, -20751.18164062], [-120.37953, 46.02032, -20899.40234375], [-120.38059, 46.02867, -20558.10546875], [-120.39236, 46.02399, -20751.18164062]]], [[[-120.59624, 46.52692, 38.44536209], [-120.59527, 46.53591, 379.47973633], [-120.60695, 46.53202, 391.56329346], [-120.59624, 46.52692, 38.44536209]]], [[[-120.39236, 46.02399, -20751.18164062], [-120.39039, 46.01621, -21065.40625], [-120.37953, 46.02032, -20899.40234375], [-120.39236, 46.02399, -20751.18164062]]], [[[-120.45177, 46.35196, -7336.24755859], [-120.4388, 46.34871, -7496.49853516], [-120.43974, 46.35648, -7178.83007812], [-120.45177, 46.35196, -7336.24755859]]], [[[-120.39039, 46.01621, -21065.40625], [-120.3797, 46.01043, -21302.08984375], [-120.37953, 46.02032, -20899.40234375], [-120.39039, 46.01621, -21065.40625]]], [[[-120.45578, 46.39425, -5606.09228516], [-120.44307, 46.39037, -5795.43359375], [-120.44412, 46.39932, -5429.47851562], [-120.45578, 46.39425, -5606.09228516]]], [[[-120.39039, 46.01621, -21065.40625], [-120.39472, 46.00988, -21340.38671875], [-120.3797, 46.01043, -21302.08984375], [-120.39039, 46.01621, -21065.40625]]], [[[-120.44777, 46.43238, -4078.46679688], [-120.43476, 46.4292, -4184.76708984], [-120.43572, 46.43702, -3865.47583008], [-120.44777, 46.43238, -4078.46679688]]], [[[-120.39472, 46.00988, -21340.38671875], [-120.38709, 46.00261, -21618.79492188], [-120.3797, 46.01043, -21302.08984375], [-120.39472, 46.00988, -21340.38671875]]], [[[-120.37409, 46.00182, -21655.96875], [-120.3797, 46.01043, -21302.08984375], [-120.38709, 46.00261, -21618.79492188], [-120.37409, 46.00182, -21655.96875]]], [[[-120.45045, 46.34366, -7672.07763672], [-120.43775, 46.3398, -7861.03564453], [-120.4388, 46.34871, -7496.49853516], [-120.45045, 46.34366, -7672.07763672]]], [[[-120.3797, 46.01043, -21302.08984375], [-120.37409, 46.00182, -21655.96875], [-120.36615, 46.00822, -21364.74609375], [-120.3797, 46.01043, -21302.08984375]]], [[[-120.41707, 46.53015, -13.69849777], [-120.409, 46.535, 322.66000366], [-120.41936, 46.5381, 304.70901489], [-120.41707, 46.53015, -13.69849777]]], [[[-120.36615, 46.00822, -21364.74609375], [-120.36725, 46.01663, -21021.98828125], [-120.3797, 46.01043, -21302.08984375], [-120.36615, 46.00822, -21364.74609375]]], [[[-120.41196, 46.44683, -3435.54321289], [-120.39933, 46.44279, -3452.49316406], [-120.40021, 46.45122, -3107.15844727], [-120.41196, 46.44683, -3435.54321289]]], [[[-120.36615, 46.00822, -21364.74609375], [-120.35454, 46.01257, -21064.56640625], [-120.36725, 46.01663, -21021.98828125], [-120.36615, 46.00822, -21364.74609375]]], [[[-120.41707, 46.53015, -13.69849777], [-120.40817, 46.52713, 0.53968084], [-120.409, 46.535, 322.66000366], [-120.41707, 46.53015, -13.69849777]]], [[[-120.36615, 46.00822, -21364.74609375], [-120.35367, 46.00415, -21409.484375], [-120.35454, 46.01257, -21064.56640625], [-120.36615, 46.00822, -21364.74609375]]], [[[-120.36615, 46.00822, -21364.74609375], [-120.36239, 45.99951, -21709.10742188], [-120.35367, 46.00415, -21409.484375], [-120.36615, 46.00822, -21364.74609375]]], [[[-120.36239, 45.99951, -21709.10742188], [-120.36615, 46.00822, -21364.74609375], [-120.37409, 46.00182, -21655.96875], [-120.36239, 45.99951, -21709.10742188]]], [[[-120.45509, 46.38544, -5967.42724609], [-120.44243, 46.38174, -6146.86376953], [-120.44307, 46.39037, -5795.43359375], [-120.45509, 46.38544, -5967.42724609]]], [[[-120.36239, 45.99951, -21709.10742188], [-120.37409, 46.00182, -21655.96875], [-120.36935, 45.99399, -21963.61328125], [-120.36239, 45.99951, -21709.10742188]]], [[[-120.4227, 46.43362, -4008.53417969], [-120.43476, 46.4292, -4184.76708984], [-120.42208, 46.42555, -4338.11083984], [-120.4227, 46.43362, -4008.53417969]]], [[[-120.36239, 45.99951, -21709.10742188], [-120.36935, 45.99399, -21963.61328125], [-120.35975, 45.99271, -21971.8515625], [-120.36239, 45.99951, -21709.10742188]]], [[[-120.44041, 46.36508, -6828.24267578], [-120.42774, 46.36112, -6968.421875], [-120.42875, 46.37022, -6596.49658203], [-120.44041, 46.36508, -6828.24267578]]], [[[-120.36239, 45.99951, -21709.10742188], [-120.35975, 45.99271, -21971.8515625], [-120.35629, 45.9946, -21858.921875], [-120.36239, 45.99951, -21709.10742188]]], [[[-120.43408, 46.42078, -4529.61914062], [-120.42208, 46.42555, -4338.11083984], [-120.43476, 46.4292, -4184.76708984], [-120.43408, 46.42078, -4529.61914062]]], [[[-120.36239, 45.99951, -21709.10742188], [-120.35629, 45.9946, -21858.921875], [-120.35287, 45.99643, -21725.63671875], [-120.36239, 45.99951, -21709.10742188]]], [[[-120.36239, 45.99951, -21709.10742188], [-120.35287, 45.99643, -21725.63671875], [-120.35367, 46.00415, -21409.484375], [-120.36239, 45.99951, -21709.10742188]]], [[[-120.45045, 46.34366, -7672.07763672], [-120.4388, 46.34871, -7496.49853516], [-120.45177, 46.35196, -7336.24755859], [-120.45045, 46.34366, -7672.07763672]]], [[[-120.35287, 45.99643, -21725.63671875], [-120.35629, 45.9946, -21858.921875], [-120.35223, 45.99022, -21979.6171875], [-120.35287, 45.99643, -21725.63671875]]], [[[-120.41626, 46.489, -1711.14355469], [-120.40463, 46.4934, -1380.48449707], [-120.41728, 46.49742, -1367.17077637], [-120.41626, 46.489, -1711.14355469]]], [[[-120.35629, 45.9946, -21858.921875], [-120.35975, 45.99271, -21971.8515625], [-120.35223, 45.99022, -21979.6171875], [-120.35629, 45.9946, -21858.921875]]], [[[-120.59121, 46.4857, -1659.93359375], [-120.59207, 46.49407, -1317.0592041], [-120.60376, 46.48887, -1359.70043945], [-120.59121, 46.4857, -1659.93359375]]], [[[-120.37409, 46.00182, -21655.96875], [-120.38113, 45.9944, -21954.515625], [-120.36935, 45.99399, -21963.61328125], [-120.37409, 46.00182, -21655.96875]]], [[[-120.41261, 46.45525, -3090.3190918], [-120.40021, 46.45122, -3107.15844727], [-120.4011, 46.45966, -2761.82373047], [-120.41261, 46.45525, -3090.3190918]]], [[[-120.38709, 46.00261, -21618.79492188], [-120.38113, 45.9944, -21954.515625], [-120.37409, 46.00182, -21655.96875], [-120.38709, 46.00261, -21618.79492188]]], [[[-120.40198, 46.46809, -2416.48901367], [-120.40286, 46.47653, -2071.15405273], [-120.41462, 46.47213, -2401.35668945], [-120.40198, 46.46809, -2416.48901367]]], [[[-120.53067, 46.02344, -20769.875], [-120.5448, 46.02076, -20672.44921875], [-120.53514, 46.01489, -21042.22851562], [-120.53067, 46.02344, -20769.875]]], [[[-120.38709, 46.00261, -21618.79492188], [-120.39327, 45.99509, -21944.91015625], [-120.38113, 45.9944, -21954.515625], [-120.38709, 46.00261, -21618.79492188]]], [[[-120.35454, 46.01257, -21064.56640625], [-120.35542, 46.02101, -20719.23242188], [-120.36725, 46.01663, -21021.98828125], [-120.35454, 46.01257, -21064.56640625]]], [[[-120.41707, 46.53015, -13.69849777], [-120.41936, 46.5381, 304.70901489], [-120.42706, 46.53075, -29.84952164], [-120.41707, 46.53015, -13.69849777]]], [[[-120.36776, 46.02518, -20671.10351562], [-120.36725, 46.01663, -21021.98828125], [-120.35542, 46.02101, -20719.23242188], [-120.36776, 46.02518, -20671.10351562]]], [[[-120.37953, 46.02032, -20899.40234375], [-120.36725, 46.01663, -21021.98828125], [-120.36776, 46.02518, -20671.10351562], [-120.37953, 46.02032, -20899.40234375]]], [[[-120.43025, 46.50925, -918.03240967], [-120.44318, 46.50578, -1054.55981445], [-120.4301, 46.50144, -1236.12219238], [-120.43025, 46.50925, -918.03240967]]], [[[-120.36725, 46.01663, -21021.98828125], [-120.37953, 46.02032, -20899.40234375], [-120.3797, 46.01043, -21302.08984375], [-120.36725, 46.01663, -21021.98828125]]], [[[-120.41196, 46.44683, -3435.54321289], [-120.40021, 46.45122, -3107.15844727], [-120.41261, 46.45525, -3090.3190918], [-120.41196, 46.44683, -3435.54321289]]], [[[-120.38059, 46.02867, -20558.10546875], [-120.37953, 46.02032, -20899.40234375], [-120.36776, 46.02518, -20671.10351562], [-120.38059, 46.02867, -20558.10546875]]], [[[-120.46181, 46.33052, -8306.22558594], [-120.46085, 46.32213, -8648.66699219], [-120.4491, 46.32665, -8369.8515625], [-120.46181, 46.33052, -8306.22558594]]], [[[-120.38059, 46.02867, -20558.10546875], [-120.36776, 46.02518, -20671.10351562], [-120.36887, 46.03359, -20328.15039062], [-120.38059, 46.02867, -20558.10546875]]], [[[-120.42706, 46.53075, -29.84952164], [-120.41992, 46.52256, -339.67062378], [-120.41707, 46.53015, -13.69849777], [-120.42706, 46.53075, -29.84952164]]], [[[-120.38176, 46.03741, -20200.70898438], [-120.38059, 46.02867, -20558.10546875], [-120.36887, 46.03359, -20328.15039062], [-120.38176, 46.03741, -20200.70898438]]], [[[-120.38176, 46.03741, -20200.70898438], [-120.36887, 46.03359, -20328.15039062], [-120.36967, 46.04203, -19982.95703125], [-120.38176, 46.03741, -20200.70898438]]], [[[-120.36887, 46.03359, -20328.15039062], [-120.35716, 46.03788, -20028.5625], [-120.36967, 46.04203, -19982.95703125], [-120.36887, 46.03359, -20328.15039062]]], [[[-120.53617, 46.52838, -311.97317505], [-120.52126, 46.528, -298.98278809], [-120.52839, 46.53574, 2.98653603], [-120.53617, 46.52838, -311.97317505]]], [[[-120.36887, 46.03359, -20328.15039062], [-120.35629, 46.02945, -20373.8984375], [-120.35716, 46.03788, -20028.5625], [-120.36887, 46.03359, -20328.15039062]]], [[[-120.36776, 46.02518, -20671.10351562], [-120.35629, 46.02945, -20373.8984375], [-120.36887, 46.03359, -20328.15039062], [-120.36776, 46.02518, -20671.10351562]]], [[[-120.45554, 46.27154, -10716.52734375], [-120.45423, 46.26313, -11056.06347656], [-120.44254, 46.26778, -10771.37402344], [-120.45554, 46.27154, -10716.52734375]]], [[[-120.36776, 46.02518, -20671.10351562], [-120.35542, 46.02101, -20719.23242188], [-120.35629, 46.02945, -20373.8984375], [-120.36776, 46.02518, -20671.10351562]]], [[[-120.51433, 46.5356, 1.59657085], [-120.50289, 46.53608, -5.0934453], [-120.50787, 46.54393, 317.94223022], [-120.51433, 46.5356, 1.59657085]]], [[[-120.35716, 46.03788, -20028.5625], [-120.35804, 46.04632, -19683.22851562], [-120.36967, 46.04203, -19982.95703125], [-120.35716, 46.03788, -20028.5625]]], [[[-120.37148, 46.05889, -19293.86914062], [-120.35891, 46.05475, -19337.89257812], [-120.35978, 46.06319, -18992.55859375], [-120.37148, 46.05889, -19293.86914062]]], [[[-120.42343, 46.31967, -8663.38964844], [-120.41077, 46.31559, -8831.57519531], [-120.4114, 46.32435, -8474.19628906], [-120.42343, 46.31967, -8663.38964844]]], [[[-120.37148, 46.05889, -19293.86914062], [-120.35978, 46.06319, -18992.55859375], [-120.3723, 46.06733, -18948.73828125], [-120.37148, 46.05889, -19293.86914062]]], [[[-120.41992, 46.52256, -339.67062378], [-120.40817, 46.52713, 0.53968084], [-120.41707, 46.53015, -13.69849777], [-120.41992, 46.52256, -339.67062378]]], [[[-120.35978, 46.06319, -18992.55859375], [-120.36066, 46.07163, -18647.22460938], [-120.3723, 46.06733, -18948.73828125], [-120.35978, 46.06319, -18992.55859375]]], [[[-120.37299, 46.07578, -18602.703125], [-120.36066, 46.07163, -18647.22460938], [-120.36153, 46.08006, -18301.88867188], [-120.37299, 46.07578, -18602.703125]]], [[[-120.44645, 46.30134, -9403.43847656], [-120.43441, 46.30585, -9247.08691406], [-120.44703, 46.30956, -9065.62792969], [-120.44645, 46.30134, -9403.43847656]]], [[[-120.3741, 46.08419, -18259.5859375], [-120.37299, 46.07578, -18602.703125], [-120.36153, 46.08006, -18301.88867188], [-120.3741, 46.08419, -18259.5859375]]], [[[-120.43141, 46.3955, -5563.05566406], [-120.41871, 46.39146, -5730.86621094], [-120.41941, 46.40025, -5372.06542969], [-120.43141, 46.3955, -5563.05566406]]], [[[-120.37299, 46.07578, -18602.703125], [-120.38582, 46.07928, -18489.93945312], [-120.38491, 46.07129, -18816.40039062], [-120.37299, 46.07578, -18602.703125]]], [[[-120.44574, 46.41565, -4762.63037109], [-120.43306, 46.41172, -4899.81396484], [-120.43408, 46.42078, -4529.61914062], [-120.44574, 46.41565, -4762.63037109]]], [[[-120.38491, 46.07129, -18816.40039062], [-120.3723, 46.06733, -18948.73828125], [-120.37299, 46.07578, -18602.703125], [-120.38491, 46.07129, -18816.40039062]]], [[[-120.38703, 46.08799, -18133.59765625], [-120.38582, 46.07928, -18489.93945312], [-120.3741, 46.08419, -18259.5859375], [-120.38703, 46.08799, -18133.59765625]]], [[[-120.42475, 46.45085, -3304.15698242], [-120.42401, 46.44204, -3663.63232422], [-120.41196, 46.44683, -3435.54321289], [-120.42475, 46.45085, -3304.15698242]]], [[[-120.38703, 46.08799, -18133.59765625], [-120.3741, 46.08419, -18259.5859375], [-120.37493, 46.09263, -17914.51757812], [-120.38703, 46.08799, -18133.59765625]]], [[[-120.45444, 46.37727, -6302.61767578], [-120.44243, 46.38174, -6146.86376953], [-120.45509, 46.38544, -5967.42724609], [-120.45444, 46.37727, -6302.61767578]]], [[[-120.38754, 46.0966, -17781.98046875], [-120.38703, 46.08799, -18133.59765625], [-120.37493, 46.09263, -17914.51757812], [-120.38754, 46.0966, -17781.98046875]]], [[[-120.4451, 46.40706, -5112.64355469], [-120.43209, 46.40388, -5219.84082031], [-120.43306, 46.41172, -4899.81396484], [-120.4451, 46.40706, -5112.64355469]]], [[[-120.38754, 46.0966, -17781.98046875], [-120.37493, 46.09263, -17914.51757812], [-120.37561, 46.10108, -17568.50390625], [-120.38754, 46.0966, -17781.98046875]]], [[[-120.43775, 46.3398, -7861.03564453], [-120.42509, 46.33582, -8002.71142578], [-120.42609, 46.34495, -7629.94140625], [-120.43775, 46.3398, -7861.03564453]]], [[[-120.38843, 46.10458, -17455.84960938], [-120.38754, 46.0966, -17781.98046875], [-120.37561, 46.10108, -17568.50390625], [-120.38843, 46.10458, -17455.84960938]]], [[[-120.38843, 46.10458, -17455.84960938], [-120.37561, 46.10108, -17568.50390625], [-120.37672, 46.1095, -17225.3046875], [-120.38843, 46.10458, -17455.84960938]]], [[[-120.45578, 46.39425, -5606.09228516], [-120.44412, 46.39932, -5429.47851562], [-120.45711, 46.40258, -5268.95263672], [-120.45578, 46.39425, -5606.09228516]]], [[[-120.38967, 46.11328, -17100.04296875], [-120.38843, 46.10458, -17455.84960938], [-120.37672, 46.1095, -17225.3046875], [-120.38967, 46.11328, -17100.04296875]]], [[[-120.43614, 46.32341, -8529.97167969], [-120.4351, 46.31453, -8893.14453125], [-120.42343, 46.31967, -8663.38964844], [-120.43614, 46.32341, -8529.97167969]]], [[[-120.37756, 46.11793, -16880.29882812], [-120.37672, 46.1095, -17225.3046875], [-120.36503, 46.1138, -16920.55078125], [-120.37756, 46.11793, -16880.29882812]]], [[[-120.43974, 46.35648, -7178.83007812], [-120.42676, 46.35324, -7290.07519531], [-120.42774, 46.36112, -6968.421875], [-120.43974, 46.35648, -7178.83007812]]], [[[-120.37756, 46.11793, -16880.29882812], [-120.36503, 46.1138, -16920.55078125], [-120.36591, 46.12224, -16575.21484375], [-120.37756, 46.11793, -16880.29882812]]], [[[-120.45988, 46.42789, -4235.83886719], [-120.4468, 46.42462, -4395.94433594], [-120.44777, 46.43238, -4078.46679688], [-120.45988, 46.42789, -4235.83886719]]], [[[-120.36416, 46.10537, -17265.88476562], [-120.36503, 46.1138, -16920.55078125], [-120.37672, 46.1095, -17225.3046875], [-120.36416, 46.10537, -17265.88476562]]], [[[-120.44782, 46.31841, -8703.2421875], [-120.43614, 46.32341, -8529.97167969], [-120.4491, 46.32665, -8369.8515625], [-120.44782, 46.31841, -8703.2421875]]], [[[-120.37561, 46.10108, -17568.50390625], [-120.36416, 46.10537, -17265.88476562], [-120.37672, 46.1095, -17225.3046875], [-120.37561, 46.10108, -17568.50390625]]], [[[-120.43775, 46.3398, -7861.03564453], [-120.43707, 46.33117, -8212.90917969], [-120.42509, 46.33582, -8002.71142578], [-120.43775, 46.3398, -7861.03564453]]], [[[-120.37561, 46.10108, -17568.50390625], [-120.36328, 46.09693, -17611.21875], [-120.36416, 46.10537, -17265.88476562], [-120.37561, 46.10108, -17568.50390625]]], [[[-120.42609, 46.34495, -7629.94140625], [-120.41341, 46.34088, -7798.01318359], [-120.41407, 46.34965, -7440.13769531], [-120.42609, 46.34495, -7629.94140625]]], [[[-120.37493, 46.09263, -17914.51757812], [-120.36328, 46.09693, -17611.21875], [-120.37561, 46.10108, -17568.50390625], [-120.37493, 46.09263, -17914.51757812]]], [[[-120.45845, 46.4195, -4574.72753906], [-120.4468, 46.42462, -4395.94433594], [-120.45988, 46.42789, -4235.83886719], [-120.45845, 46.4195, -4574.72753906]]], [[[-120.37493, 46.09263, -17914.51757812], [-120.36241, 46.0885, -17956.5546875], [-120.36328, 46.09693, -17611.21875], [-120.37493, 46.09263, -17914.51757812]]], [[[-120.45311, 46.36895, -6639.08496094], [-120.44146, 46.37402, -6463.06347656], [-120.45444, 46.37727, -6302.61767578], [-120.45311, 46.36895, -6639.08496094]]], [[[-120.3741, 46.08419, -18259.5859375], [-120.36241, 46.0885, -17956.5546875], [-120.37493, 46.09263, -17914.51757812], [-120.3741, 46.08419, -18259.5859375]]], [[[-120.46047, 46.43605, -3900.82250977], [-120.44841, 46.44094, -3729.83789062], [-120.46112, 46.44484, -3539.96777344], [-120.46047, 46.43605, -3900.82250977]]], [[[-120.3741, 46.08419, -18259.5859375], [-120.36153, 46.08006, -18301.88867188], [-120.36241, 46.0885, -17956.5546875], [-120.3741, 46.08419, -18259.5859375]]], [[[-120.45444, 46.37727, -6302.61767578], [-120.44146, 46.37402, -6463.06347656], [-120.44243, 46.38174, -6146.86376953], [-120.45444, 46.37727, -6302.61767578]]], [[[-120.42021, 46.02267, -20803.67382812], [-120.40443, 46.01799, -21004.42382812], [-120.40565, 46.02675, -20645.66601562], [-120.42021, 46.02267, -20803.67382812]]], [[[-120.45645, 46.27996, -10372.54199219], [-120.45554, 46.27154, -10716.52734375], [-120.44378, 46.27603, -10437.04296875], [-120.45645, 46.27996, -10372.54199219]]], [[[-120.42021, 46.02267, -20803.67382812], [-120.41932, 46.01339, -21183.34570312], [-120.40443, 46.01799, -21004.42382812], [-120.42021, 46.02267, -20803.67382812]]], [[[-120.60929, 46.5231, 66.45081329], [-120.60695, 46.53202, 391.56329346], [-120.61914, 46.52896, 419.3067627], [-120.60929, 46.5231, 66.45081329]]], [[[-120.40443, 46.01799, -21004.42382812], [-120.41932, 46.01339, -21183.34570312], [-120.40867, 46.00969, -21327.11328125], [-120.40443, 46.01799, -21004.42382812]]], [[[-120.41232, 46.00095, -21669.83203125], [-120.41272, 45.99464, -21924.17578125], [-120.40358, 45.99505, -21936.453125], [-120.41232, 46.00095, -21669.83203125]]], [[[-120.41232, 46.00095, -21669.83203125], [-120.42155, 45.99648, -21908.56835938], [-120.41272, 45.99464, -21924.17578125], [-120.41232, 46.00095, -21669.83203125]]], [[[-120.4491, 46.32665, -8369.8515625], [-120.43614, 46.32341, -8529.97167969], [-120.43707, 46.33117, -8212.90917969], [-120.4491, 46.32665, -8369.8515625]]], [[[-120.42163, 46.00433, -21580.47070312], [-120.42155, 45.99648, -21908.56835938], [-120.41232, 46.00095, -21669.83203125], [-120.42163, 46.00433, -21580.47070312]]], [[[-120.42004, 46.40831, -5042.90087891], [-120.43209, 46.40388, -5219.84082031], [-120.41941, 46.40025, -5372.06542969], [-120.42004, 46.40831, -5042.90087891]]], [[[-120.42163, 46.00433, -21580.47070312], [-120.43021, 45.99881, -21892.53710938], [-120.42155, 45.99648, -21908.56835938], [-120.42163, 46.00433, -21580.47070312]]], [[[-120.50289, 46.53608, -5.0934453], [-120.495, 46.543, 280.09161377], [-120.50787, 46.54393, 317.94223022], [-120.50289, 46.53608, -5.0934453]]], [[[-120.42163, 46.00433, -21580.47070312], [-120.43082, 46.00629, -21585.42382812], [-120.43021, 45.99881, -21892.53710938], [-120.42163, 46.00433, -21580.47070312]]], [[[-120.42875, 46.37022, -6596.49658203], [-120.41606, 46.36617, -6764.45019531], [-120.41674, 46.37495, -6406.08105469], [-120.42875, 46.37022, -6596.49658203]]], [[[-120.43082, 46.00629, -21585.42382812], [-120.43842, 46.00117, -21876.71875], [-120.43021, 45.99881, -21892.53710938], [-120.43082, 46.00629, -21585.42382812]]], [[[-120.44146, 46.37402, -6463.06347656], [-120.42875, 46.37022, -6596.49658203], [-120.42942, 46.37856, -6254.94140625], [-120.44146, 46.37402, -6463.06347656]]], [[[-120.43082, 46.00629, -21585.42382812], [-120.44034, 46.00768, -21612.0625], [-120.43842, 46.00117, -21876.71875], [-120.43082, 46.00629, -21585.42382812]]], [[[-120.45711, 46.40258, -5268.95263672], [-120.44412, 46.39932, -5429.47851562], [-120.4451, 46.40706, -5112.64355469], [-120.45711, 46.40258, -5268.95263672]]], [[[-120.44034, 46.00768, -21612.0625], [-120.43082, 46.00629, -21585.42382812], [-120.43182, 46.01472, -21241.73828125], [-120.44034, 46.00768, -21612.0625]]], [[[-120.41096, 46.4384, -3779.69238281], [-120.39933, 46.44279, -3452.49316406], [-120.41196, 46.44683, -3435.54321289], [-120.41096, 46.4384, -3779.69238281]]], [[[-120.44448, 46.04126, -20239.00585938], [-120.45792, 46.04187, -20206.36914062], [-120.45235, 46.03333, -20564.44726562], [-120.44448, 46.04126, -20239.00585938]]], [[[-120.43182, 46.01472, -21241.73828125], [-120.443, 46.01583, -21279.45507812], [-120.44034, 46.00768, -21612.0625], [-120.43182, 46.01472, -21241.73828125]]], [[[-120.62145, 46.51948, 58.44069672], [-120.61914, 46.52896, 419.3067627], [-120.63135, 46.52595, 402.24349976], [-120.62145, 46.51948, 58.44069672]]], [[[-120.43452, 46.02376, -20888.703125], [-120.443, 46.01583, -21279.45507812], [-120.43182, 46.01472, -21241.73828125], [-120.43452, 46.02376, -20888.703125]]], [[[-120.45241, 46.36013, -7000.76953125], [-120.43974, 46.35648, -7178.83007812], [-120.44041, 46.36508, -6828.24267578], [-120.45241, 46.36013, -7000.76953125]]], [[[-120.56724, 46.01374, -20687.22460938], [-120.57884, 46.00841, -20796.09179688], [-120.56844, 46.00581, -20995.18945312], [-120.56724, 46.01374, -20687.22460938]]], [[[-120.43452, 46.02376, -20888.703125], [-120.4472, 46.0246, -20921.69335938], [-120.443, 46.01583, -21279.45507812], [-120.43452, 46.02376, -20888.703125]]], [[[-120.43452, 46.02376, -20888.703125], [-120.43975, 46.03285, -20561.19921875], [-120.4472, 46.0246, -20921.69335938], [-120.43452, 46.02376, -20888.703125]]], [[[-120.42401, 46.44204, -3663.63232422], [-120.41096, 46.4384, -3779.69238281], [-120.41196, 46.44683, -3435.54321289], [-120.42401, 46.44204, -3663.63232422]]], [[[-120.45235, 46.03333, -20564.44726562], [-120.4472, 46.0246, -20921.69335938], [-120.43975, 46.03285, -20561.19921875], [-120.45235, 46.03333, -20564.44726562]]], [[[-120.45177, 46.35196, -7336.24755859], [-120.43974, 46.35648, -7178.83007812], [-120.45241, 46.36013, -7000.76953125], [-120.45177, 46.35196, -7336.24755859]]], [[[-120.45235, 46.03333, -20564.44726562], [-120.46086, 46.02641, -20823.43554688], [-120.4472, 46.0246, -20921.69335938], [-120.45235, 46.03333, -20564.44726562]]], [[[-120.44777, 46.43238, -4078.46679688], [-120.4468, 46.42462, -4395.94433594], [-120.43476, 46.4292, -4184.76708984], [-120.44777, 46.43238, -4078.46679688]]], [[[-120.46649, 46.03501, -20457.1015625], [-120.46086, 46.02641, -20823.43554688], [-120.45235, 46.03333, -20564.44726562], [-120.46649, 46.03501, -20457.1015625]]], [[[-120.41941, 46.40025, -5372.06542969], [-120.40665, 46.39623, -5503.91845703], [-120.40729, 46.40466, -5158.59912109], [-120.41941, 46.40025, -5372.06542969]]], [[[-120.46649, 46.03501, -20457.1015625], [-120.47346, 46.02696, -20798.69726562], [-120.46086, 46.02641, -20823.43554688], [-120.46649, 46.03501, -20457.1015625]]], [[[-120.45778, 46.41075, -4934.10351562], [-120.44574, 46.41565, -4762.63037109], [-120.45845, 46.4195, -4574.72753906], [-120.45778, 46.41075, -4934.10351562]]], [[[-120.48022, 46.03499, -20489.83984375], [-120.47346, 46.02696, -20798.69726562], [-120.46649, 46.03501, -20457.1015625], [-120.48022, 46.03499, -20489.83984375]]], [[[-120.43476, 46.4292, -4184.76708984], [-120.4227, 46.43362, -4008.53417969], [-120.43572, 46.43702, -3865.47583008], [-120.43476, 46.4292, -4184.76708984]]], [[[-120.48022, 46.03499, -20489.83984375], [-120.48688, 46.02709, -20824.9375], [-120.47346, 46.02696, -20798.69726562], [-120.48022, 46.03499, -20489.83984375]]], [[[-120.45509, 46.38544, -5967.42724609], [-120.44307, 46.39037, -5795.43359375], [-120.45578, 46.39425, -5606.09228516], [-120.45509, 46.38544, -5967.42724609]]], [[[-120.49471, 46.03522, -20511.26757812], [-120.48688, 46.02709, -20824.9375], [-120.48022, 46.03499, -20489.83984375], [-120.49471, 46.03522, -20511.26757812]]], [[[-120.41547, 46.24383, -11763.77148438], [-120.40342, 46.24844, -11576.39550781], [-120.41615, 46.25192, -11432.62988281], [-120.41547, 46.24383, -11763.77148438]]], [[[-120.49471, 46.03522, -20511.26757812], [-120.50125, 46.02745, -20845.65429688], [-120.48688, 46.02709, -20824.9375], [-120.49471, 46.03522, -20511.26757812]]], [[[-120.54148, 46.53672, 24.06708336], [-120.53366, 46.54405, 333.80230713], [-120.54655, 46.54504, 359.74182129], [-120.54148, 46.53672, 24.06708336]]], [[[-120.50963, 46.03483, -20537.19140625], [-120.50125, 46.02745, -20845.65429688], [-120.49471, 46.03522, -20511.26757812], [-120.50963, 46.03483, -20537.19140625]]], [[[-120.44243, 46.38174, -6146.86376953], [-120.44146, 46.37402, -6463.06347656], [-120.42942, 46.37856, -6254.94140625], [-120.44243, 46.38174, -6146.86376953]]], [[[-120.51996, 46.41017, -5143.51708984], [-120.50724, 46.40888, -5167.01074219], [-120.50816, 46.41759, -4810.46142578], [-120.51996, 46.41017, -5143.51708984]]], [[[-120.50963, 46.03483, -20537.19140625], [-120.51575, 46.02644, -20841.63671875], [-120.50125, 46.02745, -20845.65429688], [-120.50963, 46.03483, -20537.19140625]]], [[[-120.44146, 46.37402, -6463.06347656], [-120.44041, 46.36508, -6828.24267578], [-120.42875, 46.37022, -6596.49658203], [-120.44146, 46.37402, -6463.06347656]]], [[[-120.51736, 46.38482, -6180.54931641], [-120.50455, 46.38352, -6203.88623047], [-120.50553, 46.39216, -5850.75048828], [-120.51736, 46.38482, -6180.54931641]]], [[[-120.50963, 46.03483, -20537.19140625], [-120.52553, 46.03185, -20504.93945312], [-120.51575, 46.02644, -20841.63671875], [-120.50963, 46.03483, -20537.19140625]]], [[[-120.52007, 46.04083, -20230.95117188], [-120.52553, 46.03185, -20504.93945312], [-120.50963, 46.03483, -20537.19140625], [-120.52007, 46.04083, -20230.95117188]]], [[[-120.42942, 46.37856, -6254.94140625], [-120.41739, 46.383, -6077.27734375], [-120.4304, 46.38642, -5934.16308594], [-120.42942, 46.37856, -6254.94140625]]], [[[-120.47346, 46.04293, -20141.15625], [-120.48022, 46.03499, -20489.83984375], [-120.46649, 46.03501, -20457.1015625], [-120.47346, 46.04293, -20141.15625]]], [[[-120.52007, 46.04083, -20230.95117188], [-120.5335, 46.03682, -20201.01171875], [-120.52553, 46.03185, -20504.93945312], [-120.52007, 46.04083, -20230.95117188]]], [[[-120.6105, 46.51484, -246.36320496], [-120.62145, 46.51948, 58.44069672], [-120.61784, 46.50906, -390.00247192], [-120.6105, 46.51484, -246.36320496]]], [[[-120.52357, 46.44373, -3770.46484375], [-120.53687, 46.44707, -3651.55444336], [-120.53602, 46.43868, -3995.39160156], [-120.52357, 46.44373, -3770.46484375]]], [[[-120.5335, 46.03682, -20201.01171875], [-120.52007, 46.04083, -20230.95117188], [-120.53327, 46.04552, -19861.04492188], [-120.5335, 46.03682, -20201.01171875]]], [[[-120.42146, 46.30256, -9362.3125], [-120.40949, 46.30704, -9181.57714844], [-120.42245, 46.31053, -9036.80175781], [-120.42146, 46.30256, -9362.3125]]], [[[-120.53327, 46.04552, -19861.04492188], [-120.54512, 46.03994, -19910.72070312], [-120.5335, 46.03682, -20201.01171875], [-120.53327, 46.04552, -19861.04492188]]], [[[-120.60431, 46.49791, -993.96582031], [-120.60239, 46.50801, -620.72808838], [-120.61638, 46.50096, -727.24633789], [-120.60431, 46.49791, -993.96582031]]], [[[-120.53327, 46.04552, -19861.04492188], [-120.54606, 46.04893, -19542.25390625], [-120.54512, 46.03994, -19910.72070312], [-120.53327, 46.04552, -19861.04492188]]], [[[-120.44519, 46.29307, -9738.35644531], [-120.43352, 46.29808, -9564.80273438], [-120.44645, 46.30134, -9403.43847656], [-120.44519, 46.29307, -9738.35644531]]], [[[-120.5183, 46.39331, -5833.28564453], [-120.50637, 46.40058, -5506.07080078], [-120.51911, 46.40173, -5488.56005859], [-120.5183, 46.39331, -5833.28564453]]], [[[-120.54606, 46.04893, -19542.25390625], [-120.55853, 46.05213, -19248.25976562], [-120.55766, 46.04373, -19592.27148438], [-120.54606, 46.04893, -19542.25390625]]], [[[-120.54693, 46.05733, -19198.36132812], [-120.55853, 46.05213, -19248.25976562], [-120.54606, 46.04893, -19542.25390625], [-120.54693, 46.05733, -19198.36132812]]], [[[-120.41715, 46.25994, -11105.41113281], [-120.4042, 46.25642, -11250.42480469], [-120.40549, 46.26502, -10898.69824219], [-120.41715, 46.25994, -11105.41113281]]], [[[-120.54693, 46.05733, -19198.36132812], [-120.55939, 46.06053, -18904.25], [-120.55853, 46.05213, -19248.25976562], [-120.54693, 46.05733, -19198.36132812]]], [[[-120.54779, 46.06573, -18854.47070312], [-120.55939, 46.06053, -18904.25], [-120.54693, 46.05733, -19198.36132812], [-120.54779, 46.06573, -18854.47070312]]], [[[-120.44412, 46.39932, -5429.47851562], [-120.44307, 46.39037, -5795.43359375], [-120.43141, 46.3955, -5563.05566406], [-120.44412, 46.39932, -5429.47851562]]], [[[-120.54779, 46.06573, -18854.47070312], [-120.56025, 46.06893, -18560.23828125], [-120.55939, 46.06053, -18904.25], [-120.54779, 46.06573, -18854.47070312]]], [[[-120.61017, 46.43333, -3492.36547852], [-120.62271, 46.43669, -3249.24487305], [-120.62183, 46.42829, -3593.43579102], [-120.61017, 46.43333, -3492.36547852]]], [[[-120.57185, 46.06382, -18639.20898438], [-120.55939, 46.06053, -18904.25], [-120.56025, 46.06893, -18560.23828125], [-120.57185, 46.06382, -18639.20898438]]], [[[-120.44703, 46.30956, -9065.62792969], [-120.43441, 46.30585, -9247.08691406], [-120.4351, 46.31453, -8893.14453125], [-120.44703, 46.30956, -9065.62792969]]], [[[-120.51554, 46.47467, -2479.70703125], [-120.52664, 46.46944, -2719.12988281], [-120.51377, 46.46726, -2780.35717773], [-120.51554, 46.47467, -2479.70703125]]], [[[-120.55939, 46.06053, -18904.25], [-120.57185, 46.06382, -18639.20898438], [-120.57099, 46.05542, -18983.45507812], [-120.55939, 46.06053, -18904.25]]], [[[-120.42078, 46.29439, -9696.84277344], [-120.40813, 46.29031, -9865.13671875], [-120.40874, 46.29905, -9508.2578125], [-120.42078, 46.29439, -9696.84277344]]], [[[-120.51377, 46.46726, -2780.35717773], [-120.52541, 46.46061, -3080.12841797], [-120.51272, 46.45918, -3110.27490234], [-120.51377, 46.46726, -2780.35717773]]], [[[-120.55853, 46.05213, -19248.25976562], [-120.55939, 46.06053, -18904.25], [-120.57099, 46.05542, -18983.45507812], [-120.55853, 46.05213, -19248.25976562]]], [[[-120.42409, 46.32792, -8325.21191406], [-120.4114, 46.32435, -8474.19628906], [-120.41209, 46.33238, -8146.05126953], [-120.42409, 46.32792, -8325.21191406]]], [[[-120.55853, 46.05213, -19248.25976562], [-120.57099, 46.05542, -18983.45507812], [-120.57012, 46.04702, -19327.70117188], [-120.55853, 46.05213, -19248.25976562]]], [[[-120.4451, 46.40706, -5112.64355469], [-120.44412, 46.39932, -5429.47851562], [-120.43209, 46.40388, -5219.84082031], [-120.4451, 46.40706, -5112.64355469]]], [[[-120.55766, 46.04373, -19592.27148438], [-120.55853, 46.05213, -19248.25976562], [-120.57012, 46.04702, -19327.70117188], [-120.55766, 46.04373, -19592.27148438]]], [[[-120.44112, 46.25072, -11470.64941406], [-120.45378, 46.25465, -11406.62207031], [-120.45289, 46.24624, -11750.35742188], [-120.44112, 46.25072, -11470.64941406]]], [[[-120.55766, 46.04373, -19592.27148438], [-120.57012, 46.04702, -19327.70117188], [-120.56926, 46.03863, -19671.94921875], [-120.55766, 46.04373, -19592.27148438]]], [[[-120.44168, 46.25895, -11132.35546875], [-120.45423, 46.26313, -11056.06347656], [-120.45378, 46.25465, -11406.62207031], [-120.44168, 46.25895, -11132.35546875]]], [[[-120.52088, 46.41861, -4798.11767578], [-120.53428, 46.42188, -4683.12890625], [-120.53341, 46.41348, -5026.96630859], [-120.52088, 46.41861, -4798.11767578]]], [[[-120.55626, 46.03503, -19955.14257812], [-120.55766, 46.04373, -19592.27148438], [-120.56926, 46.03863, -19671.94921875], [-120.55626, 46.03503, -19955.14257812]]], [[[-120.43707, 46.33117, -8212.90917969], [-120.42409, 46.32792, -8325.21191406], [-120.42509, 46.33582, -8002.71142578], [-120.43707, 46.33117, -8212.90917969]]], [[[-120.55016, 46.45076, -3515.85571289], [-120.53687, 46.44707, -3651.55444336], [-120.53775, 46.45548, -3307.62255859], [-120.55016, 46.45076, -3515.85571289]]], [[[-120.55626, 46.03503, -19955.14257812], [-120.54512, 46.03994, -19910.72070312], [-120.55766, 46.04373, -19592.27148438], [-120.55626, 46.03503, -19955.14257812]]], [[[-120.44703, 46.30956, -9065.62792969], [-120.4351, 46.31453, -8893.14453125], [-120.44782, 46.31841, -8703.2421875], [-120.44703, 46.30956, -9065.62792969]]], [[[-120.52541, 46.46061, -3080.12841797], [-120.52664, 46.46944, -2719.12988281], [-120.5386, 46.46387, -2963.86401367], [-120.52541, 46.46061, -3080.12841797]]], [[[-120.54512, 46.03994, -19910.72070312], [-120.55626, 46.03503, -19955.14257812], [-120.54218, 46.02992, -20348.31445312], [-120.54512, 46.03994, -19910.72070312]]], [[[-120.43901, 46.23365, -12165.71484375], [-120.42642, 46.2299, -12349.31347656], [-120.42714, 46.23867, -11991.59179688], [-120.43901, 46.23365, -12165.71484375]]], [[[-120.51097, 46.44277, -3781.4777832], [-120.51177, 46.45105, -3442.43896484], [-120.52357, 46.44373, -3770.46484375], [-120.51097, 46.44277, -3781.4777832]]], [[[-120.54218, 46.02992, -20348.31445312], [-120.5335, 46.03682, -20201.01171875], [-120.54512, 46.03994, -19910.72070312], [-120.54218, 46.02992, -20348.31445312]]], [[[-120.42208, 46.42555, -4338.11083984], [-120.42136, 46.41675, -4697.24951172], [-120.4093, 46.42153, -4469.73046875], [-120.42208, 46.42555, -4338.11083984]]], [[[-120.5335, 46.03682, -20201.01171875], [-120.54218, 46.02992, -20348.31445312], [-120.52553, 46.03185, -20504.93945312], [-120.5335, 46.03682, -20201.01171875]]], [[[-120.42714, 46.23867, -11991.59179688], [-120.42642, 46.2299, -12349.31347656], [-120.41451, 46.23458, -12142.31640625], [-120.42714, 46.23867, -11991.59179688]]], [[[-120.52553, 46.03185, -20504.93945312], [-120.54218, 46.02992, -20348.31445312], [-120.53067, 46.02344, -20769.875], [-120.52553, 46.03185, -20504.93945312]]], [[[-120.51575, 46.02644, -20841.63671875], [-120.53067, 46.02344, -20769.875], [-120.52068, 46.01763, -21135.8046875], [-120.51575, 46.02644, -20841.63671875]]], [[[-120.43614, 46.32341, -8529.97167969], [-120.42343, 46.31967, -8663.38964844], [-120.42409, 46.32792, -8325.21191406], [-120.43614, 46.32341, -8529.97167969]]], [[[-120.51575, 46.02644, -20841.63671875], [-120.52068, 46.01763, -21135.8046875], [-120.50747, 46.01936, -21173.66015625], [-120.51575, 46.02644, -20841.63671875]]], [[[-120.44307, 46.39037, -5795.43359375], [-120.44243, 46.38174, -6146.86376953], [-120.4304, 46.38642, -5934.16308594], [-120.44307, 46.39037, -5795.43359375]]], [[[-120.50125, 46.02745, -20845.65429688], [-120.51575, 46.02644, -20841.63671875], [-120.50747, 46.01936, -21173.66015625], [-120.50125, 46.02745, -20845.65429688]]], [[[-120.4304, 46.38642, -5934.16308594], [-120.41871, 46.39146, -5730.86621094], [-120.43141, 46.3955, -5563.05566406], [-120.4304, 46.38642, -5934.16308594]]], [[[-120.52541, 46.46061, -3080.12841797], [-120.53775, 46.45548, -3307.62255859], [-120.5244, 46.45217, -3425.33422852], [-120.52541, 46.46061, -3080.12841797]]], [[[-120.50125, 46.02745, -20845.65429688], [-120.50747, 46.01936, -21173.66015625], [-120.4944, 46.0195, -21156.53515625], [-120.50125, 46.02745, -20845.65429688]]], [[[-120.43306, 46.41172, -4899.81396484], [-120.42004, 46.40831, -5042.90087891], [-120.42136, 46.41675, -4697.24951172], [-120.43306, 46.41172, -4899.81396484]]], [[[-120.5183, 46.39331, -5833.28564453], [-120.50553, 46.39216, -5850.75048828], [-120.50637, 46.40058, -5506.07080078], [-120.5183, 46.39331, -5833.28564453]]], [[[-120.48688, 46.02709, -20824.9375], [-120.50125, 46.02745, -20845.65429688], [-120.4944, 46.0195, -21156.53515625], [-120.48688, 46.02709, -20824.9375]]], [[[-120.48688, 46.02709, -20824.9375], [-120.4944, 46.0195, -21156.53515625], [-120.48058, 46.01906, -21143.63085938], [-120.48688, 46.02709, -20824.9375]]], [[[-120.47346, 46.02696, -20798.69726562], [-120.48688, 46.02709, -20824.9375], [-120.48058, 46.01906, -21143.63085938], [-120.47346, 46.02696, -20798.69726562]]], [[[-120.42004, 46.40831, -5042.90087891], [-120.41941, 46.40025, -5372.06542969], [-120.40729, 46.40466, -5158.59912109], [-120.42004, 46.40831, -5042.90087891]]], [[[-120.51996, 46.41017, -5143.51708984], [-120.53341, 46.41348, -5026.96630859], [-120.53255, 46.40508, -5370.82470703], [-120.51996, 46.41017, -5143.51708984]]], [[[-120.47346, 46.02696, -20798.69726562], [-120.48058, 46.01906, -21143.63085938], [-120.46804, 46.01831, -21141.13671875], [-120.47346, 46.02696, -20798.69726562]]], [[[-120.42208, 46.42555, -4338.11083984], [-120.4093, 46.42153, -4469.73046875], [-120.40995, 46.42995, -4124.45898438], [-120.42208, 46.42555, -4338.11083984]]], [[[-120.5244, 46.45217, -3425.33422852], [-120.53687, 46.44707, -3651.55444336], [-120.52357, 46.44373, -3770.46484375], [-120.5244, 46.45217, -3425.33422852]]], [[[-120.46086, 46.02641, -20823.43554688], [-120.47346, 46.02696, -20798.69726562], [-120.46804, 46.01831, -21141.13671875], [-120.46086, 46.02641, -20823.43554688]]], [[[-120.41283, 46.21856, -12797.26074219], [-120.40076, 46.22314, -12610.47949219], [-120.41349, 46.2266, -12467.79492188], [-120.41283, 46.21856, -12797.26074219]]], [[[-120.46086, 46.02641, -20823.43554688], [-120.46804, 46.01831, -21141.13671875], [-120.4561, 46.01766, -21193.90429688], [-120.46086, 46.02641, -20823.43554688]]], [[[-120.44412, 46.39932, -5429.47851562], [-120.43141, 46.3955, -5563.05566406], [-120.43209, 46.40388, -5219.84082031], [-120.44412, 46.39932, -5429.47851562]]], [[[-120.4472, 46.0246, -20921.69335938], [-120.46086, 46.02641, -20823.43554688], [-120.4561, 46.01766, -21193.90429688], [-120.4472, 46.0246, -20921.69335938]]], [[[-120.4472, 46.0246, -20921.69335938], [-120.4561, 46.01766, -21193.90429688], [-120.443, 46.01583, -21279.45507812], [-120.4472, 46.0246, -20921.69335938]]], [[[-120.46232, 46.33907, -7953.41894531], [-120.46181, 46.33052, -8306.22558594], [-120.44973, 46.33483, -8034.09912109], [-120.46232, 46.33907, -7953.41894531]]], [[[-120.4561, 46.01766, -21193.90429688], [-120.45139, 46.00903, -21558.015625], [-120.443, 46.01583, -21279.45507812], [-120.4561, 46.01766, -21193.90429688]]], [[[-120.44645, 46.30134, -9403.43847656], [-120.43352, 46.29808, -9564.80273438], [-120.43441, 46.30585, -9247.08691406], [-120.44645, 46.30134, -9403.43847656]]], [[[-120.4561, 46.01766, -21193.90429688], [-120.46344, 46.00955, -21499.3671875], [-120.45139, 46.00903, -21558.015625], [-120.4561, 46.01766, -21193.90429688]]], [[[-120.44041, 46.36508, -6828.24267578], [-120.43974, 46.35648, -7178.83007812], [-120.42774, 46.36112, -6968.421875], [-120.44041, 46.36508, -6828.24267578]]], [[[-120.52178, 46.42698, -4455.77490234], [-120.53517, 46.43028, -4339.12109375], [-120.53428, 46.42188, -4683.12890625], [-120.52178, 46.42698, -4455.77490234]]], [[[-120.46804, 46.01831, -21141.13671875], [-120.46344, 46.00955, -21499.3671875], [-120.4561, 46.01766, -21193.90429688], [-120.46804, 46.01831, -21141.13671875]]], [[[-120.42245, 46.31053, -9036.80175781], [-120.41077, 46.31559, -8831.57519531], [-120.42343, 46.31967, -8663.38964844], [-120.42245, 46.31053, -9036.80175781]]], [[[-120.51177, 46.45105, -3442.43896484], [-120.51272, 46.45918, -3110.27490234], [-120.5244, 46.45217, -3425.33422852], [-120.51177, 46.45105, -3442.43896484]]], [[[-120.46804, 46.01831, -21141.13671875], [-120.47499, 46.0103, -21491.21289062], [-120.46344, 46.00955, -21499.3671875], [-120.46804, 46.01831, -21141.13671875]]], [[[-120.42343, 46.31967, -8663.38964844], [-120.4114, 46.32435, -8474.19628906], [-120.42409, 46.32792, -8325.21191406], [-120.42343, 46.31967, -8663.38964844]]], [[[-120.51996, 46.41017, -5143.51708984], [-120.50816, 46.41759, -4810.46142578], [-120.52088, 46.41861, -4798.11767578], [-120.51996, 46.41017, -5143.51708984]]], [[[-120.48058, 46.01906, -21143.63085938], [-120.47499, 46.0103, -21491.21289062], [-120.46804, 46.01831, -21141.13671875], [-120.48058, 46.01906, -21143.63085938]]], [[[-120.42409, 46.32792, -8325.21191406], [-120.41209, 46.33238, -8146.05126953], [-120.42509, 46.33582, -8002.71142578], [-120.42409, 46.32792, -8325.21191406]]], [[[-120.48058, 46.01906, -21143.63085938], [-120.48762, 46.01147, -21471.45898438], [-120.47499, 46.0103, -21491.21289062], [-120.48058, 46.01906, -21143.63085938]]], [[[-120.43209, 46.40388, -5219.84082031], [-120.42004, 46.40831, -5042.90087891], [-120.43306, 46.41172, -4899.81396484], [-120.43209, 46.40388, -5219.84082031]]], [[[-120.52357, 46.44373, -3770.46484375], [-120.51177, 46.45105, -3442.43896484], [-120.5244, 46.45217, -3425.33422852], [-120.52357, 46.44373, -3770.46484375]]], [[[-120.4944, 46.0195, -21156.53515625], [-120.48762, 46.01147, -21471.45898438], [-120.48058, 46.01906, -21143.63085938], [-120.4944, 46.0195, -21156.53515625]]], [[[-120.42509, 46.33582, -8002.71142578], [-120.41209, 46.33238, -8146.05126953], [-120.41341, 46.34088, -7798.01318359], [-120.42509, 46.33582, -8002.71142578]]], [[[-120.51554, 46.47467, -2479.70703125], [-120.52594, 46.47953, -2304.05517578], [-120.52664, 46.46944, -2719.12988281], [-120.51554, 46.47467, -2479.70703125]]], [[[-120.4944, 46.0195, -21156.53515625], [-120.50087, 46.01159, -21499.20117188], [-120.48762, 46.01147, -21471.45898438], [-120.4944, 46.0195, -21156.53515625]]], [[[-120.50747, 46.01936, -21173.66015625], [-120.50087, 46.01159, -21499.20117188], [-120.4944, 46.0195, -21156.53515625], [-120.50747, 46.01936, -21173.66015625]]], [[[-120.43352, 46.29808, -9564.80273438], [-120.42078, 46.29439, -9696.84277344], [-120.42146, 46.30256, -9362.3125], [-120.43352, 46.29808, -9564.80273438]]], [[[-120.50087, 46.01159, -21499.20117188], [-120.50747, 46.01936, -21173.66015625], [-120.51252, 46.01099, -21483.89257812], [-120.50087, 46.01159, -21499.20117188]]], [[[-120.43306, 46.41172, -4899.81396484], [-120.42136, 46.41675, -4697.24951172], [-120.43408, 46.42078, -4529.61914062], [-120.43306, 46.41172, -4899.81396484]]], [[[-120.52541, 46.46061, -3080.12841797], [-120.5244, 46.45217, -3425.33422852], [-120.51272, 46.45918, -3110.27490234], [-120.52541, 46.46061, -3080.12841797]]], [[[-120.50087, 46.01159, -21499.20117188], [-120.51252, 46.01099, -21483.89257812], [-120.50648, 46.00494, -21761.734375], [-120.50087, 46.01159, -21499.20117188]]], [[[-120.51911, 46.40173, -5488.56005859], [-120.50637, 46.40058, -5506.07080078], [-120.50724, 46.40888, -5167.01074219], [-120.51911, 46.40173, -5488.56005859]]], [[[-120.50087, 46.01159, -21499.20117188], [-120.49608, 46.00428, -21785.859375], [-120.48762, 46.01147, -21471.45898438], [-120.50087, 46.01159, -21499.20117188]]], [[[-120.42609, 46.34495, -7629.94140625], [-120.41407, 46.34965, -7440.13769531], [-120.42676, 46.35324, -7290.07519531], [-120.42609, 46.34495, -7629.94140625]]], [[[-120.48762, 46.01147, -21471.45898438], [-120.49608, 46.00428, -21785.859375], [-120.48403, 46.00309, -21805.890625], [-120.48762, 46.01147, -21471.45898438]]], [[[-120.42942, 46.37856, -6254.94140625], [-120.41674, 46.37495, -6406.08105469], [-120.41739, 46.383, -6077.27734375], [-120.42942, 46.37856, -6254.94140625]]], [[[-120.47499, 46.0103, -21491.21289062], [-120.47151, 46.00189, -21826.50585938], [-120.46344, 46.00955, -21499.3671875], [-120.47499, 46.0103, -21491.21289062]]], [[[-120.4304, 46.38642, -5934.16308594], [-120.41739, 46.383, -6077.27734375], [-120.41871, 46.39146, -5730.86621094], [-120.4304, 46.38642, -5934.16308594]]], [[[-120.52088, 46.41861, -4798.11767578], [-120.50816, 46.41759, -4810.46142578], [-120.50907, 46.4259, -4470.93212891], [-120.52088, 46.41861, -4798.11767578]]], [[[-120.46344, 46.00955, -21499.3671875], [-120.47151, 46.00189, -21826.50585938], [-120.45893, 46.00135, -21846.06054688], [-120.46344, 46.00955, -21499.3671875]]], [[[-120.43441, 46.30585, -9247.08691406], [-120.43352, 46.29808, -9564.80273438], [-120.42146, 46.30256, -9362.3125], [-120.43441, 46.30585, -9247.08691406]]], [[[-120.52178, 46.42698, -4455.77490234], [-120.50998, 46.43413, -4134.48779297], [-120.52271, 46.43532, -4114.84423828], [-120.52178, 46.42698, -4455.77490234]]], [[[-120.46344, 46.00955, -21499.3671875], [-120.45893, 46.00135, -21846.06054688], [-120.45139, 46.00903, -21558.015625], [-120.46344, 46.00955, -21499.3671875]]], [[[-120.43352, 46.29808, -9564.80273438], [-120.43245, 46.28924, -9925.96679688], [-120.42078, 46.29439, -9696.84277344], [-120.43352, 46.29808, -9564.80273438]]], [[[-120.51571, 46.36796, -6870.25292969], [-120.50283, 46.36695, -6881.60546875], [-120.50371, 46.37524, -6542.49072266], [-120.51571, 46.36796, -6870.25292969]]], [[[-120.45139, 46.00903, -21558.015625], [-120.45893, 46.00135, -21846.06054688], [-120.44745, 46.00158, -21862.64453125], [-120.45139, 46.00903, -21558.015625]]], [[[-120.44034, 46.00768, -21612.0625], [-120.45139, 46.00903, -21558.015625], [-120.44745, 46.00158, -21862.64453125], [-120.44034, 46.00768, -21612.0625]]], [[[-120.4351, 46.31453, -8893.14453125], [-120.42245, 46.31053, -9036.80175781], [-120.42343, 46.31967, -8663.38964844], [-120.4351, 46.31453, -8893.14453125]]], [[[-120.45139, 46.00903, -21558.015625], [-120.44034, 46.00768, -21612.0625], [-120.443, 46.01583, -21279.45507812], [-120.45139, 46.00903, -21558.015625]]], [[[-120.51911, 46.40173, -5488.56005859], [-120.53255, 46.40508, -5370.82470703], [-120.5317, 46.39668, -5714.69433594], [-120.51911, 46.40173, -5488.56005859]]], [[[-120.44034, 46.00768, -21612.0625], [-120.44745, 46.00158, -21862.64453125], [-120.43842, 46.00117, -21876.71875], [-120.44034, 46.00768, -21612.0625]]], [[[-120.51252, 46.01099, -21483.89257812], [-120.51685, 46.00375, -21739.40820312], [-120.50648, 46.00494, -21761.734375], [-120.51252, 46.01099, -21483.89257812]]], [[[-120.51736, 46.38482, -6180.54931641], [-120.53083, 46.38828, -6058.54492188], [-120.52997, 46.37988, -6402.39208984], [-120.51736, 46.38482, -6180.54931641]]], [[[-120.51252, 46.01099, -21483.89257812], [-120.52559, 46.00941, -21392.609375], [-120.51685, 46.00375, -21739.40820312], [-120.51252, 46.01099, -21483.89257812]]], [[[-120.46553, 46.25022, -11693.68457031], [-120.45378, 46.25465, -11406.62207031], [-120.46633, 46.2588, -11342.79003906], [-120.46553, 46.25022, -11693.68457031]]], [[[-120.52541, 46.46061, -3080.12841797], [-120.5386, 46.46387, -2963.86401367], [-120.53775, 46.45548, -3307.62255859], [-120.52541, 46.46061, -3080.12841797]]], [[[-120.51252, 46.01099, -21483.89257812], [-120.52068, 46.01763, -21135.8046875], [-120.52559, 46.00941, -21392.609375], [-120.51252, 46.01099, -21483.89257812]]], [[[-120.41547, 46.24383, -11763.77148438], [-120.40285, 46.23973, -11932.25878906], [-120.40342, 46.24844, -11576.39550781], [-120.41547, 46.24383, -11763.77148438]]], [[[-120.50747, 46.01936, -21173.66015625], [-120.52068, 46.01763, -21135.8046875], [-120.51252, 46.01099, -21483.89257812], [-120.50747, 46.01936, -21173.66015625]]], [[[-120.47355, 46.32607, -8591.81445312], [-120.46181, 46.33052, -8306.22558594], [-120.47437, 46.33466, -8240.73339844], [-120.47355, 46.32607, -8591.81445312]]], [[[-120.53514, 46.01489, -21042.22851562], [-120.52559, 46.00941, -21392.609375], [-120.52068, 46.01763, -21135.8046875], [-120.53514, 46.01489, -21042.22851562]]], [[[-120.42676, 46.35324, -7290.07519531], [-120.41474, 46.35769, -7111.66503906], [-120.42774, 46.36112, -6968.421875], [-120.42676, 46.35324, -7290.07519531]]], [[[-120.53514, 46.01489, -21042.22851562], [-120.53787, 46.00578, -21362.7265625], [-120.52559, 46.00941, -21392.609375], [-120.53514, 46.01489, -21042.22851562]]], [[[-120.52088, 46.41861, -4798.11767578], [-120.50907, 46.4259, -4470.93212891], [-120.52178, 46.42698, -4455.77490234], [-120.52088, 46.41861, -4798.11767578]]], [[[-120.54733, 46.01149, -21003.7265625], [-120.53787, 46.00578, -21362.7265625], [-120.53514, 46.01489, -21042.22851562], [-120.54733, 46.01149, -21003.7265625]]], [[[-120.41349, 46.2266, -12467.79492188], [-120.42642, 46.2299, -12349.31347656], [-120.42559, 46.22222, -12663.27050781], [-120.41349, 46.2266, -12467.79492188]]], [[[-120.54733, 46.01149, -21003.7265625], [-120.54933, 46.00226, -21342.92773438], [-120.53787, 46.00578, -21362.7265625], [-120.54733, 46.01149, -21003.7265625]]], [[[-120.4188, 46.27724, -10397.46972656], [-120.40608, 46.27375, -10542.32421875], [-120.40685, 46.28173, -10216.00390625], [-120.4188, 46.27724, -10397.46972656]]], [[[-120.558, 46.00843, -20989.078125], [-120.54933, 46.00226, -21342.92773438], [-120.54733, 46.01149, -21003.7265625], [-120.558, 46.00843, -20989.078125]]], [[[-120.46232, 46.33907, -7953.41894531], [-120.44973, 46.33483, -8034.09912109], [-120.45045, 46.34366, -7672.07763672], [-120.46232, 46.33907, -7953.41894531]]], [[[-120.558, 46.00843, -20989.078125], [-120.56108, 45.99927, -21324.40429688], [-120.54933, 46.00226, -21342.92773438], [-120.558, 46.00843, -20989.078125]]], [[[-120.4198, 46.28523, -10071.109375], [-120.40685, 46.28173, -10216.00390625], [-120.40813, 46.29031, -9865.13671875], [-120.4198, 46.28523, -10071.109375]]], [[[-120.56844, 46.00581, -20995.18945312], [-120.56108, 45.99927, -21324.40429688], [-120.558, 46.00843, -20989.078125], [-120.56844, 46.00581, -20995.18945312]]], [[[-120.41349, 46.2266, -12467.79492188], [-120.40156, 46.23111, -12284.8359375], [-120.41451, 46.23458, -12142.31640625], [-120.41349, 46.2266, -12467.79492188]]], [[[-120.51224, 46.33426, -8248.80273438], [-120.52566, 46.33788, -8121.62890625], [-120.52479, 46.32948, -8465.4765625], [-120.51224, 46.33426, -8248.80273438]]], [[[-120.56844, 46.00581, -20995.18945312], [-120.57586, 45.99858, -21217.52734375], [-120.56108, 45.99927, -21324.40429688], [-120.56844, 46.00581, -20995.18945312]]], [[[-120.46615, 46.37268, -6582.13037109], [-120.45311, 46.36895, -6639.08496094], [-120.45444, 46.37727, -6302.61767578], [-120.46615, 46.37268, -6582.13037109]]], [[[-120.5244, 46.45217, -3425.33422852], [-120.53775, 46.45548, -3307.62255859], [-120.53687, 46.44707, -3651.55444336], [-120.5244, 46.45217, -3425.33422852]]], [[[-120.57586, 45.99858, -21217.52734375], [-120.56844, 46.00581, -20995.18945312], [-120.57884, 46.00841, -20796.09179688], [-120.57586, 45.99858, -21217.52734375]]], [[[-120.57586, 45.99858, -21217.52734375], [-120.57884, 46.00841, -20796.09179688], [-120.58978, 46.00337, -20911.55859375], [-120.57586, 45.99858, -21217.52734375]]], [[[-120.57586, 45.99858, -21217.52734375], [-120.58978, 46.00337, -20911.55859375], [-120.58891, 45.99498, -21256.01953125], [-120.57586, 45.99858, -21217.52734375]]], [[[-120.52271, 46.43532, -4114.84423828], [-120.51097, 46.44277, -3781.4777832], [-120.52357, 46.44373, -3770.46484375], [-120.52271, 46.43532, -4114.84423828]]], [[[-120.57586, 45.99858, -21217.52734375], [-120.58891, 45.99498, -21256.01953125], [-120.58227, 45.99166, -21433.90820312], [-120.57586, 45.99858, -21217.52734375]]], [[[-120.43847, 46.22541, -12504.25976562], [-120.42642, 46.2299, -12349.31347656], [-120.43901, 46.23365, -12165.71484375], [-120.43847, 46.22541, -12504.25976562]]], [[[-120.57586, 45.99858, -21217.52734375], [-120.58227, 45.99166, -21433.90820312], [-120.57566, 45.9884, -21626.91796875], [-120.57586, 45.99858, -21217.52734375]]], [[[-120.45645, 46.27996, -10372.54199219], [-120.44378, 46.27603, -10437.04296875], [-120.44435, 46.28426, -10098.99316406], [-120.45645, 46.27996, -10372.54199219]]], [[[-120.51224, 46.33426, -8248.80273438], [-120.50018, 46.34157, -7919.32958984], [-120.51308, 46.34276, -7901.30175781], [-120.51224, 46.33426, -8248.80273438]]], [[[-120.57586, 45.99858, -21217.52734375], [-120.57566, 45.9884, -21626.91796875], [-120.56335, 45.9905, -21652.69140625], [-120.57586, 45.99858, -21217.52734375]]], [[[-120.4198, 46.28523, -10071.109375], [-120.40813, 46.29031, -9865.13671875], [-120.42078, 46.29439, -9696.84277344], [-120.4198, 46.28523, -10071.109375]]], [[[-120.51142, 46.32585, -8592.98535156], [-120.49836, 46.3246, -8613.11035156], [-120.49929, 46.33292, -8273.05273438], [-120.51142, 46.32585, -8592.98535156]]], [[[-120.56108, 45.99927, -21324.40429688], [-120.57586, 45.99858, -21217.52734375], [-120.56335, 45.9905, -21652.69140625], [-120.56108, 45.99927, -21324.40429688]]], [[[-120.46448, 46.35582, -7272.23242188], [-120.45177, 46.35196, -7336.24755859], [-120.45241, 46.36013, -7000.76953125], [-120.46448, 46.35582, -7272.23242188]]], [[[-120.51142, 46.32585, -8592.98535156], [-120.49929, 46.33292, -8273.05273438], [-120.51224, 46.33426, -8248.80273438], [-120.51142, 46.32585, -8592.98535156]]], [[[-120.56108, 45.99927, -21324.40429688], [-120.56335, 45.9905, -21652.69140625], [-120.5513, 45.99319, -21676.82226562], [-120.56108, 45.99927, -21324.40429688]]], [[[-120.45956, 46.31379, -8985.59472656], [-120.44703, 46.30956, -9065.62792969], [-120.44782, 46.31841, -8703.2421875], [-120.45956, 46.31379, -8985.59472656]]], [[[-120.56108, 45.99927, -21324.40429688], [-120.5513, 45.99319, -21676.82226562], [-120.54933, 46.00226, -21342.92773438], [-120.56108, 45.99927, -21324.40429688]]], [[[-120.46985, 46.29221, -9976.5234375], [-120.4582, 46.29683, -9682.69921875], [-120.47087, 46.30081, -9624.90429688], [-120.46985, 46.29221, -9976.5234375]]], [[[-120.54933, 46.00226, -21342.92773438], [-120.5513, 45.99319, -21676.82226562], [-120.53963, 45.99664, -21698.66796875], [-120.54933, 46.00226, -21342.92773438]]], [[[-120.43847, 46.22541, -12504.25976562], [-120.42559, 46.22222, -12663.27050781], [-120.42642, 46.2299, -12349.31347656], [-120.43847, 46.22541, -12504.25976562]]], [[[-120.54933, 46.00226, -21342.92773438], [-120.53963, 45.99664, -21698.66796875], [-120.53787, 46.00578, -21362.7265625], [-120.54933, 46.00226, -21342.92773438]]], [[[-120.42774, 46.36112, -6968.421875], [-120.41606, 46.36617, -6764.45019531], [-120.42875, 46.37022, -6596.49658203], [-120.42774, 46.36112, -6968.421875]]], [[[-120.51477, 46.35954, -7214.65527344], [-120.50184, 46.35829, -7235.50195312], [-120.50283, 46.36695, -6881.60546875], [-120.51477, 46.35954, -7214.65527344]]], [[[-120.52811, 46.00031, -21719.6796875], [-120.53787, 46.00578, -21362.7265625], [-120.53963, 45.99664, -21698.66796875], [-120.52811, 46.00031, -21719.6796875]]], [[[-120.47437, 46.33466, -8240.73339844], [-120.46232, 46.33907, -7953.41894531], [-120.47525, 46.34287, -7904.73095703], [-120.47437, 46.33466, -8240.73339844]]], [[[-120.51053, 46.31747, -8935.75390625], [-120.49836, 46.3246, -8613.11035156], [-120.51142, 46.32585, -8592.98535156], [-120.51053, 46.31747, -8935.75390625]]], [[[-120.52559, 46.00941, -21392.609375], [-120.53787, 46.00578, -21362.7265625], [-120.52811, 46.00031, -21719.6796875], [-120.52559, 46.00941, -21392.609375]]], [[[-120.47253, 46.31753, -8941.14453125], [-120.46085, 46.32213, -8648.66699219], [-120.47355, 46.32607, -8591.81445312], [-120.47253, 46.31753, -8941.14453125]]], [[[-120.52559, 46.00941, -21392.609375], [-120.52811, 46.00031, -21719.6796875], [-120.51685, 46.00375, -21739.40820312], [-120.52559, 46.00941, -21392.609375]]], [[[-120.47166, 46.30944, -9271.91503906], [-120.45956, 46.31379, -8985.59472656], [-120.47253, 46.31753, -8941.14453125], [-120.47166, 46.30944, -9271.91503906]]], [[[-120.51224, 46.33426, -8248.80273438], [-120.49929, 46.33292, -8273.05273438], [-120.50018, 46.34157, -7919.32958984], [-120.51224, 46.33426, -8248.80273438]]], [[[-120.58804, 45.98658, -21600.48046875], [-120.57566, 45.9884, -21626.91796875], [-120.58227, 45.99166, -21433.90820312], [-120.58804, 45.98658, -21600.48046875]]], [[[-120.48062, 46.39348, -5835.07617188], [-120.46882, 46.39798, -5548.109375], [-120.48157, 46.40192, -5489.8671875], [-120.48062, 46.39348, -5835.07617188]]], [[[-120.51142, 46.32585, -8592.98535156], [-120.52479, 46.32948, -8465.4765625], [-120.52393, 46.32108, -8809.32617188], [-120.51142, 46.32585, -8592.98535156]]], [[[-120.58804, 45.98658, -21600.48046875], [-120.58227, 45.99166, -21433.90820312], [-120.58891, 45.99498, -21256.01953125], [-120.58804, 45.98658, -21600.48046875]]], [[[-120.46348, 46.34738, -7616.1171875], [-120.45045, 46.34366, -7672.07763672], [-120.45177, 46.35196, -7336.24755859], [-120.46348, 46.34738, -7616.1171875]]], [[[-120.57884, 46.00841, -20796.09179688], [-120.59064, 46.01177, -20567.09765625], [-120.58978, 46.00337, -20911.55859375], [-120.57884, 46.00841, -20796.09179688]]], [[[-120.41349, 46.2266, -12467.79492188], [-120.40076, 46.22314, -12610.47949219], [-120.40156, 46.23111, -12284.8359375], [-120.41349, 46.2266, -12467.79492188]]], [[[-120.50998, 46.43413, -4134.48779297], [-120.51097, 46.44277, -3781.4777832], [-120.52271, 46.43532, -4114.84423828], [-120.50998, 46.43413, -4134.48779297]]], [[[-120.57884, 46.00841, -20796.09179688], [-120.5791, 46.01678, -20458.796875], [-120.59064, 46.01177, -20567.09765625], [-120.57884, 46.00841, -20796.09179688]]], [[[-120.43847, 46.22541, -12504.25976562], [-120.45111, 46.22935, -12440.70507812], [-120.45023, 46.22094, -12784.25878906], [-120.43847, 46.22541, -12504.25976562]]], [[[-120.56724, 46.01374, -20687.22460938], [-120.5791, 46.01678, -20458.796875], [-120.57884, 46.00841, -20796.09179688], [-120.56724, 46.01374, -20687.22460938]]], [[[-120.42509, 46.33582, -8002.71142578], [-120.41341, 46.34088, -7798.01318359], [-120.42609, 46.34495, -7629.94140625], [-120.42509, 46.33582, -8002.71142578]]], [[[-120.51911, 46.40173, -5488.56005859], [-120.50724, 46.40888, -5167.01074219], [-120.51996, 46.41017, -5143.51708984], [-120.51911, 46.40173, -5488.56005859]]], [[[-120.56751, 46.02182, -20361.0390625], [-120.5791, 46.01678, -20458.796875], [-120.56724, 46.01374, -20687.22460938], [-120.56751, 46.02182, -20361.0390625]]], [[[-120.4188, 46.27724, -10397.46972656], [-120.40685, 46.28173, -10216.00390625], [-120.4198, 46.28523, -10071.109375], [-120.4188, 46.27724, -10397.46972656]]], [[[-120.52541, 46.46061, -3080.12841797], [-120.51377, 46.46726, -2780.35717773], [-120.52664, 46.46944, -2719.12988281], [-120.52541, 46.46061, -3080.12841797]]], [[[-120.56751, 46.02182, -20361.0390625], [-120.57997, 46.02518, -20114.60742188], [-120.5791, 46.01678, -20458.796875], [-120.56751, 46.02182, -20361.0390625]]], [[[-120.41451, 46.23458, -12142.31640625], [-120.40285, 46.23973, -11932.25878906], [-120.41547, 46.24383, -11763.77148438], [-120.41451, 46.23458, -12142.31640625]]], [[[-120.56839, 46.03022, -20016.42578125], [-120.57997, 46.02518, -20114.60742188], [-120.56751, 46.02182, -20361.0390625], [-120.56839, 46.03022, -20016.42578125]]], [[[-120.41715, 46.25994, -11105.41113281], [-120.40549, 46.26502, -10898.69824219], [-120.41812, 46.26911, -10730.30175781], [-120.41715, 46.25994, -11105.41113281]]], [[[-120.53602, 46.43868, -3995.39160156], [-120.5493, 46.44236, -3859.7890625], [-120.54843, 46.43396, -4203.72412109], [-120.53602, 46.43868, -3995.39160156]]], [[[-120.57997, 46.02518, -20114.60742188], [-120.56839, 46.03022, -20016.42578125], [-120.58084, 46.03358, -19770.41601562], [-120.57997, 46.02518, -20114.60742188]]], [[[-120.57997, 46.02518, -20114.60742188], [-120.58084, 46.03358, -19770.41601562], [-120.59238, 46.02857, -19878.17578125], [-120.57997, 46.02518, -20114.60742188]]], [[[-120.41451, 46.23458, -12142.31640625], [-120.40156, 46.23111, -12284.8359375], [-120.40285, 46.23973, -11932.25878906], [-120.41451, 46.23458, -12142.31640625]]], [[[-120.57997, 46.02518, -20114.60742188], [-120.59238, 46.02857, -19878.17578125], [-120.59151, 46.02017, -20222.63671875], [-120.57997, 46.02518, -20114.60742188]]], [[[-120.41283, 46.21856, -12797.26074219], [-120.42448, 46.21339, -13024.20507812], [-120.41185, 46.20931, -13175.31835938], [-120.41283, 46.21856, -12797.26074219]]], [[[-120.50795, 46.29227, -9966.68359375], [-120.52135, 46.29588, -9840.8671875], [-120.52048, 46.28748, -10184.71289062], [-120.50795, 46.29227, -9966.68359375]]], [[[-120.5791, 46.01678, -20458.796875], [-120.57997, 46.02518, -20114.60742188], [-120.59151, 46.02017, -20222.63671875], [-120.5791, 46.01678, -20458.796875]]], [[[-120.41615, 46.25192, -11432.62988281], [-120.40342, 46.24844, -11576.39550781], [-120.4042, 46.25642, -11250.42480469], [-120.41615, 46.25192, -11432.62988281]]], [[[-120.5791, 46.01678, -20458.796875], [-120.59151, 46.02017, -20222.63671875], [-120.59064, 46.01177, -20567.09765625], [-120.5791, 46.01678, -20458.796875]]], [[[-120.51308, 46.34276, -7901.30175781], [-120.50102, 46.34994, -7576.95654297], [-120.51396, 46.35113, -7558.90380859], [-120.51308, 46.34276, -7901.30175781]]], [[[-120.58084, 46.03358, -19770.41601562], [-120.59325, 46.03696, -19533.71484375], [-120.59238, 46.02857, -19878.17578125], [-120.58084, 46.03358, -19770.41601562]]], [[[-120.41615, 46.25192, -11432.62988281], [-120.4042, 46.25642, -11250.42480469], [-120.41715, 46.25994, -11105.41113281], [-120.41615, 46.25192, -11432.62988281]]], [[[-120.58084, 46.03358, -19770.41601562], [-120.5817, 46.04198, -19426.22460938], [-120.59325, 46.03696, -19533.71484375], [-120.58084, 46.03358, -19770.41601562]]], [[[-120.44946, 46.44992, -3362.45800781], [-120.44841, 46.44094, -3729.83789062], [-120.43674, 46.44605, -3496.18530273], [-120.44946, 46.44992, -3362.45800781]]], [[[-120.56926, 46.03863, -19671.94921875], [-120.5817, 46.04198, -19426.22460938], [-120.58084, 46.03358, -19770.41601562], [-120.56926, 46.03863, -19671.94921875]]], [[[-120.42475, 46.45085, -3304.15698242], [-120.41196, 46.44683, -3435.54321289], [-120.41261, 46.45525, -3090.3190918], [-120.42475, 46.45085, -3304.15698242]]], [[[-120.57012, 46.04702, -19327.70117188], [-120.5817, 46.04198, -19426.22460938], [-120.56926, 46.03863, -19671.94921875], [-120.57012, 46.04702, -19327.70117188]]], [[[-120.46455, 46.24163, -12044.81933594], [-120.45157, 46.23782, -12090.30664062], [-120.45289, 46.24624, -11750.35742188], [-120.46455, 46.24163, -12044.81933594]]], [[[-120.51396, 46.35113, -7558.90380859], [-120.50102, 46.34994, -7576.95654297], [-120.50184, 46.35829, -7235.50195312], [-120.51396, 46.35113, -7558.90380859]]], [[[-120.57012, 46.04702, -19327.70117188], [-120.58257, 46.05038, -19082.03320312], [-120.5817, 46.04198, -19426.22460938], [-120.57012, 46.04702, -19327.70117188]]], [[[-120.46366, 46.2335, -12377.53320312], [-120.45157, 46.23782, -12090.30664062], [-120.46455, 46.24163, -12044.81933594], [-120.46366, 46.2335, -12377.53320312]]], [[[-120.57099, 46.05542, -18983.45507812], [-120.58257, 46.05038, -19082.03320312], [-120.57012, 46.04702, -19327.70117188], [-120.57099, 46.05542, -18983.45507812]]], [[[-120.42875, 46.37022, -6596.49658203], [-120.41674, 46.37495, -6406.08105469], [-120.42942, 46.37856, -6254.94140625], [-120.42875, 46.37022, -6596.49658203]]], [[[-120.53687, 46.44707, -3651.55444336], [-120.55016, 46.45076, -3515.85571289], [-120.5493, 46.44236, -3859.7890625], [-120.53687, 46.44707, -3651.55444336]]], [[[-120.58257, 46.05038, -19082.03320312], [-120.57099, 46.05542, -18983.45507812], [-120.58344, 46.05878, -18737.84179688], [-120.58257, 46.05038, -19082.03320312]]], [[[-120.43707, 46.33117, -8212.90917969], [-120.43614, 46.32341, -8529.97167969], [-120.42409, 46.32792, -8325.21191406], [-120.43707, 46.33117, -8212.90917969]]], [[[-120.58257, 46.05038, -19082.03320312], [-120.58344, 46.05878, -18737.84179688], [-120.59499, 46.05376, -18844.79296875], [-120.58257, 46.05038, -19082.03320312]]], [[[-120.46985, 46.40643, -5204.23144531], [-120.45711, 46.40258, -5268.95263672], [-120.45778, 46.41075, -4934.10351562], [-120.46985, 46.40643, -5204.23144531]]], [[[-120.58257, 46.05038, -19082.03320312], [-120.59499, 46.05376, -18844.79296875], [-120.59412, 46.04536, -19189.25390625], [-120.58257, 46.05038, -19082.03320312]]], [[[-120.46047, 46.43605, -3900.82250977], [-120.44777, 46.43238, -4078.46679688], [-120.44841, 46.44094, -3729.83789062], [-120.46047, 46.43605, -3900.82250977]]], [[[-120.52664, 46.46944, -2719.12988281], [-120.52594, 46.47953, -2304.05517578], [-120.53887, 46.4727, -2601.37402344], [-120.52664, 46.46944, -2719.12988281]]], [[[-120.5817, 46.04198, -19426.22460938], [-120.58257, 46.05038, -19082.03320312], [-120.59412, 46.04536, -19189.25390625], [-120.5817, 46.04198, -19426.22460938]]], [[[-120.45023, 46.22094, -12784.25878906], [-120.43725, 46.21719, -12837.48730469], [-120.43847, 46.22541, -12504.25976562], [-120.45023, 46.22094, -12784.25878906]]], [[[-120.55892, 46.41221, -5025.68994141], [-120.57076, 46.40695, -5060.96582031], [-120.55805, 46.40381, -5369.38330078], [-120.55892, 46.41221, -5025.68994141]]], [[[-120.5817, 46.04198, -19426.22460938], [-120.59412, 46.04536, -19189.25390625], [-120.59325, 46.03696, -19533.71484375], [-120.5817, 46.04198, -19426.22460938]]], [[[-120.46633, 46.2588, -11342.79003906], [-120.45423, 46.26313, -11056.06347656], [-120.46717, 46.26691, -11011.203125], [-120.46633, 46.2588, -11342.79003906]]], [[[-120.58344, 46.05878, -18737.84179688], [-120.59586, 46.06216, -18500.33203125], [-120.59499, 46.05376, -18844.79296875], [-120.58344, 46.05878, -18737.84179688]]], [[[-120.4569, 46.28844, -10021.82617188], [-120.44435, 46.28426, -10098.99316406], [-120.44519, 46.29307, -9738.35644531], [-120.4569, 46.28844, -10021.82617188]]], [[[-120.55016, 46.45076, -3515.85571289], [-120.55103, 46.45916, -3171.92211914], [-120.56326, 46.45421, -3307.22290039], [-120.55016, 46.45076, -3515.85571289]]], [[[-120.58344, 46.05878, -18737.84179688], [-120.58431, 46.06717, -18393.65234375], [-120.59586, 46.06216, -18500.33203125], [-120.58344, 46.05878, -18737.84179688]]], [[[-120.4682, 46.27552, -10659.29882812], [-120.45645, 46.27996, -10372.54199219], [-120.469, 46.2841, -10308.04101562], [-120.4682, 46.27552, -10659.29882812]]], [[[-120.51396, 46.35113, -7558.90380859], [-120.52738, 46.35468, -7433.93408203], [-120.52652, 46.34628, -7777.78466797], [-120.51396, 46.35113, -7558.90380859]]], [[[-120.57185, 46.06382, -18639.20898438], [-120.58431, 46.06717, -18393.65234375], [-120.58344, 46.05878, -18737.84179688], [-120.57185, 46.06382, -18639.20898438]]], [[[-120.47794, 46.36818, -6869.92480469], [-120.46615, 46.37268, -6582.13037109], [-120.47889, 46.37663, -6524.37402344], [-120.47794, 46.36818, -6869.92480469]]], [[[-120.57272, 46.07222, -18294.96289062], [-120.58431, 46.06717, -18393.65234375], [-120.57185, 46.06382, -18639.20898438], [-120.57272, 46.07222, -18294.96289062]]], [[[-120.46717, 46.26691, -11011.203125], [-120.45554, 46.27154, -10716.52734375], [-120.4682, 46.27552, -10659.29882812], [-120.46717, 46.26691, -11011.203125]]], [[[-120.57272, 46.07222, -18294.96289062], [-120.58518, 46.07557, -18049.4609375], [-120.58431, 46.06717, -18393.65234375], [-120.57272, 46.07222, -18294.96289062]]], [[[-120.47152, 46.42321, -4517.21777344], [-120.47039, 46.41495, -4852.55664062], [-120.45845, 46.4195, -4574.72753906], [-120.47152, 46.42321, -4517.21777344]]], [[[-120.57272, 46.07222, -18294.96289062], [-120.57359, 46.08062, -17950.71679688], [-120.58518, 46.07557, -18049.4609375], [-120.57272, 46.07222, -18294.96289062]]], [[[-120.52664, 46.46944, -2719.12988281], [-120.53887, 46.4727, -2601.37402344], [-120.5386, 46.46387, -2963.86401367], [-120.52664, 46.46944, -2719.12988281]]], [[[-120.57272, 46.07222, -18294.96289062], [-120.56112, 46.07733, -18216.22851562], [-120.57359, 46.08062, -17950.71679688], [-120.57272, 46.07222, -18294.96289062]]], [[[-120.44946, 46.44992, -3362.45800781], [-120.43674, 46.44605, -3496.18530273], [-120.43743, 46.45451, -3149.68652344], [-120.44946, 46.44992, -3362.45800781]]], [[[-120.51655, 46.37633, -6527.77685547], [-120.50371, 46.37524, -6542.49072266], [-120.50455, 46.38352, -6203.88623047], [-120.51655, 46.37633, -6527.77685547]]], [[[-120.56112, 46.07733, -18216.22851562], [-120.57272, 46.07222, -18294.96289062], [-120.56025, 46.06893, -18560.23828125], [-120.56112, 46.07733, -18216.22851562]]], [[[-120.46085, 46.32213, -8648.66699219], [-120.44782, 46.31841, -8703.2421875], [-120.4491, 46.32665, -8369.8515625], [-120.46085, 46.32213, -8648.66699219]]], [[[-120.57185, 46.06382, -18639.20898438], [-120.56025, 46.06893, -18560.23828125], [-120.57272, 46.07222, -18294.96289062], [-120.57185, 46.06382, -18639.20898438]]], [[[-120.62183, 46.42829, -3593.43579102], [-120.63432, 46.43163, -3344.05444336], [-120.63344, 46.42324, -3688.51538086], [-120.62183, 46.42829, -3593.43579102]]], [[[-120.56198, 46.08573, -17872.21679688], [-120.57359, 46.08062, -17950.71679688], [-120.56112, 46.07733, -18216.22851562], [-120.56198, 46.08573, -17872.21679688]]], [[[-120.4491, 46.32665, -8369.8515625], [-120.43707, 46.33117, -8212.90917969], [-120.44973, 46.33483, -8034.09912109], [-120.4491, 46.32665, -8369.8515625]]], [[[-120.57359, 46.08062, -17950.71679688], [-120.56198, 46.08573, -17872.21679688], [-120.57445, 46.08901, -17606.46875], [-120.57359, 46.08062, -17950.71679688]]], [[[-120.43974, 46.35648, -7178.83007812], [-120.4388, 46.34871, -7496.49853516], [-120.42676, 46.35324, -7290.07519531], [-120.43974, 46.35648, -7178.83007812]]], [[[-120.57359, 46.08062, -17950.71679688], [-120.57445, 46.08901, -17606.46875], [-120.58604, 46.08397, -17705.26953125], [-120.57359, 46.08062, -17950.71679688]]], [[[-120.52839, 46.53574, 2.98653603], [-120.53366, 46.54405, 333.80230713], [-120.54148, 46.53672, 24.06708336], [-120.52839, 46.53574, 2.98653603]]], [[[-120.57359, 46.08062, -17950.71679688], [-120.58604, 46.08397, -17705.26953125], [-120.58518, 46.07557, -18049.4609375], [-120.57359, 46.08062, -17950.71679688]]], [[[-120.45711, 46.40258, -5268.95263672], [-120.4451, 46.40706, -5112.64355469], [-120.45778, 46.41075, -4934.10351562], [-120.45711, 46.40258, -5268.95263672]]], [[[-120.57424, 46.44055, -3685.52783203], [-120.56152, 46.43741, -3994.60986328], [-120.56239, 46.44581, -3650.91625977], [-120.57424, 46.44055, -3685.52783203]]], [[[-120.58604, 46.08397, -17705.26953125], [-120.5976, 46.07895, -17811.41015625], [-120.58518, 46.07557, -18049.4609375], [-120.58604, 46.08397, -17705.26953125]]], [[[-120.46615, 46.37268, -6582.13037109], [-120.465, 46.36437, -6919.40673828], [-120.45311, 46.36895, -6639.08496094], [-120.46615, 46.37268, -6582.13037109]]], [[[-120.58604, 46.08397, -17705.26953125], [-120.59847, 46.08735, -17466.94921875], [-120.5976, 46.07895, -17811.41015625], [-120.58604, 46.08397, -17705.26953125]]], [[[-120.58604, 46.08397, -17705.26953125], [-120.58691, 46.09237, -17361.078125], [-120.59847, 46.08735, -17466.94921875], [-120.58604, 46.08397, -17705.26953125]]], [[[-120.54843, 46.43396, -4203.72412109], [-120.56065, 46.42901, -4338.30322266], [-120.54756, 46.42556, -4547.65576172], [-120.54843, 46.43396, -4203.72412109]]], [[[-120.58604, 46.08397, -17705.26953125], [-120.57445, 46.08901, -17606.46875], [-120.58691, 46.09237, -17361.078125], [-120.58604, 46.08397, -17705.26953125]]], [[[-120.57532, 46.09741, -17262.22265625], [-120.58691, 46.09237, -17361.078125], [-120.57445, 46.08901, -17606.46875], [-120.57532, 46.09741, -17262.22265625]]], [[[-120.45111, 46.22935, -12440.70507812], [-120.43847, 46.22541, -12504.25976562], [-120.43901, 46.23365, -12165.71484375], [-120.45111, 46.22935, -12440.70507812]]], [[[-120.5183, 46.39331, -5833.28564453], [-120.5317, 46.39668, -5714.69433594], [-120.53083, 46.38828, -6058.54492188], [-120.5183, 46.39331, -5833.28564453]]], [[[-120.57532, 46.09741, -17262.22265625], [-120.58778, 46.10077, -17016.88671875], [-120.58691, 46.09237, -17361.078125], [-120.57532, 46.09741, -17262.22265625]]], [[[-120.47039, 46.41495, -4852.55664062], [-120.45778, 46.41075, -4934.10351562], [-120.45845, 46.4195, -4574.72753906], [-120.47039, 46.41495, -4852.55664062]]], [[[-120.57619, 46.10581, -16917.9765625], [-120.58778, 46.10077, -17016.88671875], [-120.57532, 46.09741, -17262.22265625], [-120.57619, 46.10581, -16917.9765625]]], [[[-120.47259, 46.43179, -4168.33496094], [-120.45988, 46.42789, -4235.83886719], [-120.46047, 46.43605, -3900.82250977], [-120.47259, 46.43179, -4168.33496094]]], [[[-120.57619, 46.10581, -16917.9765625], [-120.58865, 46.10917, -16672.6953125], [-120.58778, 46.10077, -17016.88671875], [-120.57619, 46.10581, -16917.9765625]]], [[[-120.63394, 46.51849, 128.91181946], [-120.62145, 46.51948, 58.44069672], [-120.63135, 46.52595, 402.24349976], [-120.63394, 46.51849, 128.91181946]]], [[[-120.57706, 46.11421, -16573.73046875], [-120.58865, 46.10917, -16672.6953125], [-120.57619, 46.10581, -16917.9765625], [-120.57706, 46.11421, -16573.73046875]]], [[[-120.46287, 46.22492, -12728.21582031], [-120.45111, 46.22935, -12440.70507812], [-120.46366, 46.2335, -12377.53320312], [-120.46287, 46.22492, -12728.21582031]]], [[[-120.57706, 46.11421, -16573.73046875], [-120.58952, 46.11756, -16328.50488281], [-120.58865, 46.10917, -16672.6953125], [-120.57706, 46.11421, -16573.73046875]]], [[[-120.62008, 46.4115, -4281.81787109], [-120.63256, 46.41484, -4032.97631836], [-120.63168, 46.40644, -4377.43701172], [-120.62008, 46.4115, -4281.81787109]]], [[[-120.58865, 46.10917, -16672.6953125], [-120.58952, 46.11756, -16328.50488281], [-120.60108, 46.11254, -16433.56835938], [-120.58865, 46.10917, -16672.6953125]]], [[[-120.50883, 46.30065, -9624.04980469], [-120.49663, 46.30764, -9306.74804688], [-120.50965, 46.30906, -9279.79101562], [-120.50883, 46.30065, -9624.04980469]]], [[[-120.58865, 46.10917, -16672.6953125], [-120.60108, 46.11254, -16433.56835938], [-120.60021, 46.10414, -16778.02929688], [-120.58865, 46.10917, -16672.6953125]]], [[[-120.469, 46.2841, -10308.04101562], [-120.4569, 46.28844, -10021.82617188], [-120.46985, 46.29221, -9976.5234375], [-120.469, 46.2841, -10308.04101562]]], [[[-120.51571, 46.36796, -6870.25292969], [-120.52911, 46.37148, -6746.23925781], [-120.52824, 46.36308, -7090.08691406], [-120.51571, 46.36796, -6870.25292969]]], [[[-120.58778, 46.10077, -17016.88671875], [-120.58865, 46.10917, -16672.6953125], [-120.60021, 46.10414, -16778.02929688], [-120.58778, 46.10077, -17016.88671875]]], [[[-120.48427, 46.42721, -4455.89404297], [-120.47259, 46.43179, -4168.33496094], [-120.48516, 46.43585, -4102.20068359], [-120.48427, 46.42721, -4455.89404297]]], [[[-120.50795, 46.29227, -9966.68359375], [-120.50883, 46.30065, -9624.04980469], [-120.52135, 46.29588, -9840.8671875], [-120.50795, 46.29227, -9966.68359375]]], [[[-120.58778, 46.10077, -17016.88671875], [-120.60021, 46.10414, -16778.02929688], [-120.59934, 46.09575, -17122.48828125], [-120.58778, 46.10077, -17016.88671875]]], [[[-120.46448, 46.35582, -7272.23242188], [-120.46348, 46.34738, -7616.1171875], [-120.45177, 46.35196, -7336.24755859], [-120.46448, 46.35582, -7272.23242188]]], [[[-120.51571, 46.36796, -6870.25292969], [-120.50371, 46.37524, -6542.49072266], [-120.51655, 46.37633, -6527.77685547], [-120.51571, 46.36796, -6870.25292969]]], [[[-120.58691, 46.09237, -17361.078125], [-120.58778, 46.10077, -17016.88671875], [-120.59934, 46.09575, -17122.48828125], [-120.58691, 46.09237, -17361.078125]]], [[[-120.45988, 46.42789, -4235.83886719], [-120.44777, 46.43238, -4078.46679688], [-120.46047, 46.43605, -3900.82250977], [-120.45988, 46.42789, -4235.83886719]]], [[[-120.55016, 46.45076, -3515.85571289], [-120.56239, 46.44581, -3650.91625977], [-120.5493, 46.44236, -3859.7890625], [-120.55016, 46.45076, -3515.85571289]]], [[[-120.58691, 46.09237, -17361.078125], [-120.59934, 46.09575, -17122.48828125], [-120.59847, 46.08735, -17466.94921875], [-120.58691, 46.09237, -17361.078125]]], [[[-120.58952, 46.11756, -16328.50488281], [-120.60195, 46.12094, -16089.10644531], [-120.60108, 46.11254, -16433.56835938], [-120.58952, 46.11756, -16328.50488281]]], [[[-120.51053, 46.31747, -8935.75390625], [-120.49758, 46.31623, -8955.79492188], [-120.49836, 46.3246, -8613.11035156], [-120.51053, 46.31747, -8935.75390625]]], [[[-120.59039, 46.12596, -15984.31445312], [-120.60195, 46.12094, -16089.10644531], [-120.58952, 46.11756, -16328.50488281], [-120.59039, 46.12596, -15984.31445312]]], [[[-120.45912, 46.30526, -9338.46289062], [-120.44645, 46.30134, -9403.43847656], [-120.44703, 46.30956, -9065.62792969], [-120.45912, 46.30526, -9338.46289062]]], [[[-120.59039, 46.12596, -15984.31445312], [-120.60282, 46.12934, -15744.64550781], [-120.60195, 46.12094, -16089.10644531], [-120.59039, 46.12596, -15984.31445312]]], [[[-120.465, 46.36437, -6919.40673828], [-120.46448, 46.35582, -7272.23242188], [-120.45241, 46.36013, -7000.76953125], [-120.465, 46.36437, -6919.40673828]]], [[[-120.59126, 46.13436, -15640.12304688], [-120.60282, 46.12934, -15744.64550781], [-120.59039, 46.12596, -15984.31445312], [-120.59126, 46.13436, -15640.12304688]]], [[[-120.50173, 46.47312, -2573.87304688], [-120.51554, 46.47467, -2479.70703125], [-120.51377, 46.46726, -2780.35717773], [-120.50173, 46.47312, -2573.87304688]]], [[[-120.59126, 46.13436, -15640.12304688], [-120.60369, 46.13773, -15400.18457031], [-120.60282, 46.12934, -15744.64550781], [-120.59126, 46.13436, -15640.12304688]]], [[[-120.59126, 46.13436, -15640.12304688], [-120.59213, 46.14276, -15295.93164062], [-120.60369, 46.13773, -15400.18457031], [-120.59126, 46.13436, -15640.12304688]]], [[[-120.43901, 46.23365, -12165.71484375], [-120.45157, 46.23782, -12090.30664062], [-120.45111, 46.22935, -12440.70507812], [-120.43901, 46.23365, -12165.71484375]]], [[[-120.50795, 46.29227, -9966.68359375], [-120.4949, 46.29096, -9988.96582031], [-120.49567, 46.29933, -9646.49414062], [-120.50795, 46.29227, -9966.68359375]]], [[[-120.59126, 46.13436, -15640.12304688], [-120.57966, 46.1394, -15540.99121094], [-120.59213, 46.14276, -15295.93164062], [-120.59126, 46.13436, -15640.12304688]]], [[[-120.46181, 46.33052, -8306.22558594], [-120.4491, 46.32665, -8369.8515625], [-120.44973, 46.33483, -8034.09912109], [-120.46181, 46.33052, -8306.22558594]]], [[[-120.51308, 46.34276, -7901.30175781], [-120.50018, 46.34157, -7919.32958984], [-120.50102, 46.34994, -7576.95654297], [-120.51308, 46.34276, -7901.30175781]]], [[[-120.57966, 46.1394, -15540.99121094], [-120.59126, 46.13436, -15640.12304688], [-120.57879, 46.13101, -15885.23730469], [-120.57966, 46.1394, -15540.99121094]]], [[[-120.465, 46.36437, -6919.40673828], [-120.45241, 46.36013, -7000.76953125], [-120.45311, 46.36895, -6639.08496094], [-120.465, 46.36437, -6919.40673828]]], [[[-120.51477, 46.35954, -7214.65527344], [-120.52824, 46.36308, -7090.08691406], [-120.52738, 46.35468, -7433.93408203], [-120.51477, 46.35954, -7214.65527344]]], [[[-120.57879, 46.13101, -15885.23730469], [-120.59126, 46.13436, -15640.12304688], [-120.59039, 46.12596, -15984.31445312], [-120.57879, 46.13101, -15885.23730469]]], [[[-120.43572, 46.43702, -3865.47583008], [-120.42401, 46.44204, -3663.63232422], [-120.43674, 46.44605, -3496.18530273], [-120.43572, 46.43702, -3865.47583008]]], [[[-120.58053, 46.1478, -15196.74414062], [-120.59213, 46.14276, -15295.93164062], [-120.57966, 46.1394, -15540.99121094], [-120.58053, 46.1478, -15196.74414062]]], [[[-120.46112, 46.44484, -3539.96777344], [-120.44946, 46.44992, -3362.45800781], [-120.46255, 46.4532, -3202.39233398], [-120.46112, 46.44484, -3539.96777344]]], [[[-120.59213, 46.14276, -15295.93164062], [-120.58053, 46.1478, -15196.74414062], [-120.593, 46.15116, -14951.74121094], [-120.59213, 46.14276, -15295.93164062]]], [[[-120.43725, 46.21719, -12837.48730469], [-120.45023, 46.22094, -12784.25878906], [-120.4489, 46.21252, -13124.36132812], [-120.43725, 46.21719, -12837.48730469]]], [[[-120.57424, 46.44055, -3685.52783203], [-120.58685, 46.4437, -3379.38745117], [-120.58597, 46.4353, -3723.27807617], [-120.57424, 46.44055, -3685.52783203]]], [[[-120.59213, 46.14276, -15295.93164062], [-120.593, 46.15116, -14951.74121094], [-120.60456, 46.14613, -15055.72363281], [-120.59213, 46.14276, -15295.93164062]]], [[[-120.43725, 46.21719, -12837.48730469], [-120.42448, 46.21339, -13024.20507812], [-120.42559, 46.22222, -12663.27050781], [-120.43725, 46.21719, -12837.48730469]]], [[[-120.59213, 46.14276, -15295.93164062], [-120.60456, 46.14613, -15055.72363281], [-120.60369, 46.13773, -15400.18457031], [-120.59213, 46.14276, -15295.93164062]]], [[[-120.45378, 46.25465, -11406.62207031], [-120.44112, 46.25072, -11470.64941406], [-120.44168, 46.25895, -11132.35546875], [-120.45378, 46.25465, -11406.62207031]]], [[[-120.593, 46.15116, -14951.74121094], [-120.60543, 46.15453, -14711.26269531], [-120.60456, 46.14613, -15055.72363281], [-120.593, 46.15116, -14951.74121094]]], [[[-120.45289, 46.24624, -11750.35742188], [-120.43989, 46.24249, -11804.39746094], [-120.44112, 46.25072, -11470.64941406], [-120.45289, 46.24624, -11750.35742188]]], [[[-120.56239, 46.44581, -3650.91625977], [-120.57511, 46.44895, -3341.66821289], [-120.57424, 46.44055, -3685.52783203], [-120.56239, 46.44581, -3650.91625977]]], [[[-120.59387, 46.15956, -14607.54980469], [-120.60543, 46.15453, -14711.26269531], [-120.593, 46.15116, -14951.74121094], [-120.59387, 46.15956, -14607.54980469]]], [[[-120.48157, 46.40192, -5489.8671875], [-120.46985, 46.40643, -5204.23144531], [-120.48245, 46.41052, -5138.07519531], [-120.48157, 46.40192, -5489.8671875]]], [[[-120.59387, 46.15956, -14607.54980469], [-120.6063, 46.16293, -14366.80273438], [-120.60543, 46.15453, -14711.26269531], [-120.59387, 46.15956, -14607.54980469]]], [[[-120.43725, 46.21719, -12837.48730469], [-120.4489, 46.21252, -13124.36132812], [-120.43634, 46.20835, -13198.55664062], [-120.43725, 46.21719, -12837.48730469]]], [[[-120.5802, 46.2621, -10647.99121094], [-120.59183, 46.25698, -10721.54101562], [-120.57933, 46.25371, -10992.00195312], [-120.5802, 46.2621, -10647.99121094]]], [[[-120.59474, 46.16795, -14263.35839844], [-120.6063, 46.16293, -14366.80273438], [-120.59387, 46.15956, -14607.54980469], [-120.59474, 46.16795, -14263.35839844]]], [[[-120.57076, 46.40695, -5060.96582031], [-120.55892, 46.41221, -5025.68994141], [-120.57163, 46.41535, -4717.10595703], [-120.57076, 46.40695, -5060.96582031]]], [[[-120.59474, 46.16795, -14263.35839844], [-120.60718, 46.17132, -14022.34179688], [-120.6063, 46.16293, -14366.80273438], [-120.59474, 46.16795, -14263.35839844]]], [[[-120.53631, 46.31637, -9018.7890625], [-120.53718, 46.32477, -8674.85644531], [-120.54937, 46.31981, -8806.31738281], [-120.53631, 46.31637, -9018.7890625]]], [[[-120.59561, 46.17635, -13919.16796875], [-120.60718, 46.17132, -14022.34179688], [-120.59474, 46.16795, -14263.35839844], [-120.59561, 46.17635, -13919.16796875]]], [[[-120.59561, 46.17635, -13919.16796875], [-120.60805, 46.17972, -13677.88085938], [-120.60718, 46.17132, -14022.34179688], [-120.59561, 46.17635, -13919.16796875]]], [[[-120.5493, 46.44236, -3859.7890625], [-120.56152, 46.43741, -3994.60986328], [-120.54843, 46.43396, -4203.72412109], [-120.5493, 46.44236, -3859.7890625]]], [[[-120.59648, 46.18475, -13574.9765625], [-120.60805, 46.17972, -13677.88085938], [-120.59561, 46.17635, -13919.16796875], [-120.59648, 46.18475, -13574.9765625]]], [[[-120.43674, 46.44605, -3496.18530273], [-120.42401, 46.44204, -3663.63232422], [-120.42475, 46.45085, -3304.15698242], [-120.43674, 46.44605, -3496.18530273]]], [[[-120.55284, 46.35341, -7431.54394531], [-120.56555, 46.35656, -7124.12255859], [-120.56468, 46.34816, -7467.98193359], [-120.55284, 46.35341, -7431.54394531]]], [[[-120.59648, 46.18475, -13574.9765625], [-120.60892, 46.18812, -13333.41992188], [-120.60805, 46.17972, -13677.88085938], [-120.59648, 46.18475, -13574.9765625]]], [[[-120.59735, 46.19315, -13230.78515625], [-120.60892, 46.18812, -13333.41992188], [-120.59648, 46.18475, -13574.9765625], [-120.59735, 46.19315, -13230.78515625]]], [[[-120.53891, 46.34157, -7986.98925781], [-120.53977, 46.34997, -7643.05615234], [-120.55197, 46.34501, -7775.23730469], [-120.53891, 46.34157, -7986.98925781]]], [[[-120.59735, 46.19315, -13230.78515625], [-120.60979, 46.19652, -12988.95898438], [-120.60892, 46.18812, -13333.41992188], [-120.59735, 46.19315, -13230.78515625]]], [[[-120.54496, 46.40037, -5579.45605469], [-120.54583, 46.40876, -5235.52246094], [-120.55805, 46.40381, -5369.38330078], [-120.54496, 46.40037, -5579.45605469]]], [[[-120.59822, 46.20155, -12886.59472656], [-120.60979, 46.19652, -12988.95898438], [-120.59735, 46.19315, -13230.78515625], [-120.59822, 46.20155, -12886.59472656]]], [[[-120.55371, 46.36181, -7087.85058594], [-120.56555, 46.35656, -7124.12255859], [-120.55284, 46.35341, -7431.54394531], [-120.55371, 46.36181, -7087.85058594]]], [[[-120.59822, 46.20155, -12886.59472656], [-120.61067, 46.20491, -12644.49804688], [-120.60979, 46.19652, -12988.95898438], [-120.59822, 46.20155, -12886.59472656]]], [[[-120.44841, 46.44094, -3729.83789062], [-120.43572, 46.43702, -3865.47583008], [-120.43674, 46.44605, -3496.18530273], [-120.44841, 46.44094, -3729.83789062]]], [[[-120.5991, 46.20995, -12542.40332031], [-120.61067, 46.20491, -12644.49804688], [-120.59822, 46.20155, -12886.59472656], [-120.5991, 46.20995, -12542.40332031]]], [[[-120.53718, 46.32477, -8674.85644531], [-120.53804, 46.33317, -8330.92285156], [-120.55024, 46.32821, -8462.62402344], [-120.53718, 46.32477, -8674.85644531]]], [[[-120.5991, 46.20995, -12542.40332031], [-120.61154, 46.21331, -12300.03710938], [-120.61067, 46.20491, -12644.49804688], [-120.5991, 46.20995, -12542.40332031]]], [[[-120.5677, 46.25892, -10944.984375], [-120.5802, 46.2621, -10647.99121094], [-120.57933, 46.25371, -10992.00195312], [-120.5677, 46.25892, -10944.984375]]], [[[-120.59997, 46.21834, -12198.21191406], [-120.61154, 46.21331, -12300.03710938], [-120.5991, 46.20995, -12542.40332031], [-120.59997, 46.21834, -12198.21191406]]], [[[-120.57511, 46.44895, -3341.66821289], [-120.56239, 46.44581, -3650.91625977], [-120.56326, 46.45421, -3307.22290039], [-120.57511, 46.44895, -3341.66821289]]], [[[-120.59997, 46.21834, -12198.21191406], [-120.61241, 46.22171, -11955.57617188], [-120.61154, 46.21331, -12300.03710938], [-120.59997, 46.21834, -12198.21191406]]], [[[-120.60084, 46.22674, -11854.02148438], [-120.61241, 46.22171, -11955.57617188], [-120.59997, 46.21834, -12198.21191406], [-120.60084, 46.22674, -11854.02148438]]], [[[-120.5493, 46.44236, -3859.7890625], [-120.56239, 46.44581, -3650.91625977], [-120.56152, 46.43741, -3994.60986328], [-120.5493, 46.44236, -3859.7890625]]], [[[-120.60084, 46.22674, -11854.02148438], [-120.61329, 46.2301, -11611.11523438], [-120.61241, 46.22171, -11955.57617188], [-120.60084, 46.22674, -11854.02148438]]], [[[-120.60171, 46.23514, -11509.83007812], [-120.61329, 46.2301, -11611.11523438], [-120.60084, 46.22674, -11854.02148438], [-120.60171, 46.23514, -11509.83007812]]], [[[-120.53459, 46.29958, -9706.65625], [-120.53545, 46.30797, -9362.72265625], [-120.54764, 46.30302, -9493.70410156], [-120.53459, 46.29958, -9706.65625]]], [[[-120.60171, 46.23514, -11509.83007812], [-120.61416, 46.2385, -11266.65429688], [-120.61329, 46.2301, -11611.11523438], [-120.60171, 46.23514, -11509.83007812]]], [[[-120.556, 46.26416, -10906.57617188], [-120.5677, 46.25892, -10944.984375], [-120.55514, 46.25577, -11250.43554688], [-120.556, 46.26416, -10906.57617188]]], [[[-120.60258, 46.24354, -11165.63964844], [-120.61416, 46.2385, -11266.65429688], [-120.60171, 46.23514, -11509.83007812], [-120.60258, 46.24354, -11165.63964844]]], [[[-120.46348, 46.34738, -7616.1171875], [-120.46232, 46.33907, -7953.41894531], [-120.45045, 46.34366, -7672.07763672], [-120.46348, 46.34738, -7616.1171875]]], [[[-120.55774, 46.28096, -10218.85742188], [-120.5703, 46.28412, -9913.31152344], [-120.56943, 46.27572, -10257.20214844], [-120.55774, 46.28096, -10218.85742188]]], [[[-120.60258, 46.24354, -11165.63964844], [-120.61504, 46.2469, -10922.19335938], [-120.61416, 46.2385, -11266.65429688], [-120.60258, 46.24354, -11165.63964844]]], [[[-120.50965, 46.30906, -9279.79101562], [-120.52307, 46.31268, -9153.17089844], [-120.52221, 46.30428, -9497.01855469], [-120.50965, 46.30906, -9279.79101562]]], [[[-120.60346, 46.25194, -10821.44824219], [-120.61504, 46.2469, -10922.19335938], [-120.60258, 46.24354, -11165.63964844], [-120.60346, 46.25194, -10821.44824219]]], [[[-120.54756, 46.42556, -4547.65576172], [-120.56065, 46.42901, -4338.30322266], [-120.55978, 46.42061, -4681.99658203], [-120.54756, 46.42556, -4547.65576172]]], [[[-120.60346, 46.25194, -10821.44824219], [-120.61591, 46.2553, -10577.73242188], [-120.61504, 46.2469, -10922.19335938], [-120.60346, 46.25194, -10821.44824219]]], [[[-120.43572, 46.43702, -3865.47583008], [-120.4227, 46.43362, -4008.53417969], [-120.42401, 46.44204, -3663.63232422], [-120.43572, 46.43702, -3865.47583008]]], [[[-120.5441, 46.39197, -5923.38916016], [-120.54496, 46.40037, -5579.45605469], [-120.55718, 46.39541, -5713.07666016], [-120.5441, 46.39197, -5923.38916016]]], [[[-120.60433, 46.26033, -10477.25683594], [-120.61591, 46.2553, -10577.73242188], [-120.60346, 46.25194, -10821.44824219], [-120.60433, 46.26033, -10477.25683594]]], [[[-120.60433, 46.26033, -10477.25683594], [-120.61678, 46.26369, -10233.27148438], [-120.61591, 46.2553, -10577.73242188], [-120.60433, 46.26033, -10477.25683594]]], [[[-120.47039, 46.41495, -4852.55664062], [-120.46985, 46.40643, -5204.23144531], [-120.45778, 46.41075, -4934.10351562], [-120.47039, 46.41495, -4852.55664062]]], [[[-120.60433, 46.26033, -10477.25683594], [-120.6052, 46.26873, -10133.06640625], [-120.61678, 46.26369, -10233.27148438], [-120.60433, 46.26033, -10477.25683594]]], [[[-120.60433, 46.26033, -10477.25683594], [-120.5927, 46.26538, -10377.29394531], [-120.6052, 46.26873, -10133.06640625], [-120.60433, 46.26033, -10477.25683594]]], [[[-120.59183, 46.25698, -10721.54101562], [-120.5927, 46.26538, -10377.29394531], [-120.60433, 46.26033, -10477.25683594], [-120.59183, 46.25698, -10721.54101562]]], [[[-120.5802, 46.2621, -10647.99121094], [-120.5927, 46.26538, -10377.29394531], [-120.59183, 46.25698, -10721.54101562], [-120.5802, 46.2621, -10647.99121094]]], [[[-120.58107, 46.2705, -10303.98046875], [-120.5927, 46.26538, -10377.29394531], [-120.5802, 46.2621, -10647.99121094], [-120.58107, 46.2705, -10303.98046875]]], [[[-120.58107, 46.2705, -10303.98046875], [-120.59357, 46.27377, -10033.04785156], [-120.5927, 46.26538, -10377.29394531], [-120.58107, 46.2705, -10303.98046875]]], [[[-120.58107, 46.2705, -10303.98046875], [-120.58194, 46.2789, -9959.96875], [-120.59357, 46.27377, -10033.04785156], [-120.58107, 46.2705, -10303.98046875]]], [[[-120.56857, 46.26732, -10601.09277344], [-120.58107, 46.2705, -10303.98046875], [-120.5802, 46.2621, -10647.99121094], [-120.56857, 46.26732, -10601.09277344]]], [[[-120.56943, 46.27572, -10257.20214844], [-120.58194, 46.2789, -9959.96875], [-120.58107, 46.2705, -10303.98046875], [-120.56943, 46.27572, -10257.20214844]]], [[[-120.55631, 46.38701, -6056.77001953], [-120.56815, 46.38176, -6092.54394531], [-120.55544, 46.37861, -6400.46337891], [-120.55631, 46.38701, -6056.77001953]]], [[[-120.5703, 46.28412, -9913.31152344], [-120.58194, 46.2789, -9959.96875], [-120.56943, 46.27572, -10257.20214844], [-120.5703, 46.28412, -9913.31152344]]], [[[-120.55427, 46.24737, -11594.29492188], [-120.56596, 46.24212, -11632.765625], [-120.55341, 46.23897, -11938.15527344], [-120.55427, 46.24737, -11594.29492188]]], [[[-120.5703, 46.28412, -9913.31152344], [-120.58281, 46.2873, -9615.95800781], [-120.58194, 46.2789, -9959.96875], [-120.5703, 46.28412, -9913.31152344]]], [[[-120.55514, 46.25577, -11250.43554688], [-120.56683, 46.25052, -11288.875], [-120.55427, 46.24737, -11594.29492188], [-120.55514, 46.25577, -11250.43554688]]], [[[-120.57117, 46.29252, -9569.42089844], [-120.58281, 46.2873, -9615.95800781], [-120.5703, 46.28412, -9913.31152344], [-120.57117, 46.29252, -9569.42089844]]], [[[-120.5677, 46.25892, -10944.984375], [-120.56857, 46.26732, -10601.09277344], [-120.5802, 46.2621, -10647.99121094], [-120.5677, 46.25892, -10944.984375]]], [[[-120.57117, 46.29252, -9569.42089844], [-120.58368, 46.2957, -9271.94726562], [-120.58281, 46.2873, -9615.95800781], [-120.57117, 46.29252, -9569.42089844]]], [[[-120.57325, 46.19491, -13400.07714844], [-120.58574, 46.19819, -13131.265625], [-120.58487, 46.18979, -13475.51269531], [-120.57325, 46.19491, -13400.07714844]]], [[[-120.57204, 46.30092, -9225.53027344], [-120.58368, 46.2957, -9271.94726562], [-120.57117, 46.29252, -9569.42089844], [-120.57204, 46.30092, -9225.53027344]]], [[[-120.54735, 46.18017, -14345.17089844], [-120.55989, 46.18333, -14040.00097656], [-120.55903, 46.17493, -14383.89160156], [-120.54735, 46.18017, -14345.17089844]]], [[[-120.57204, 46.30092, -9225.53027344], [-120.58455, 46.3041, -8927.93652344], [-120.58368, 46.2957, -9271.94726562], [-120.57204, 46.30092, -9225.53027344]]], [[[-120.54591, 46.28622, -10181.09082031], [-120.55774, 46.28096, -10218.85742188], [-120.54505, 46.27782, -10524.78417969], [-120.54591, 46.28622, -10181.09082031]]], [[[-120.57291, 46.30932, -8881.63964844], [-120.58455, 46.3041, -8927.93652344], [-120.57204, 46.30092, -9225.53027344], [-120.57291, 46.30932, -8881.63964844]]], [[[-120.58922, 46.23178, -11754.28027344], [-120.57759, 46.23691, -11680.0234375], [-120.59009, 46.24018, -11410.03320312], [-120.58922, 46.23178, -11754.28027344]]], [[[-120.57291, 46.30932, -8881.63964844], [-120.58542, 46.3125, -8583.92578125], [-120.58455, 46.3041, -8927.93652344], [-120.57291, 46.30932, -8881.63964844]]], [[[-120.54237, 46.37517, -6611.25585938], [-120.54323, 46.38357, -6267.32275391], [-120.55544, 46.37861, -6400.46337891], [-120.54237, 46.37517, -6611.25585938]]], [[[-120.57378, 46.31771, -8537.74902344], [-120.58542, 46.3125, -8583.92578125], [-120.57291, 46.30932, -8881.63964844], [-120.57378, 46.31771, -8537.74902344]]], [[[-120.54908, 46.19697, -13657.45214844], [-120.56076, 46.19173, -13696.11035156], [-120.54822, 46.18857, -14001.31152344], [-120.54908, 46.19697, -13657.45214844]]], [[[-120.57378, 46.31771, -8537.74902344], [-120.58629, 46.3209, -8239.91503906], [-120.58542, 46.3125, -8583.92578125], [-120.57378, 46.31771, -8537.74902344]]], [[[-120.57465, 46.32611, -8193.85839844], [-120.58629, 46.3209, -8239.91503906], [-120.57378, 46.31771, -8537.74902344], [-120.57465, 46.32611, -8193.85839844]]], [[[-120.53372, 46.29118, -10050.58984375], [-120.53459, 46.29958, -9706.65625], [-120.54678, 46.29462, -9837.39746094], [-120.53372, 46.29118, -10050.58984375]]], [[[-120.57465, 46.32611, -8193.85839844], [-120.58716, 46.3293, -7895.90478516], [-120.58629, 46.3209, -8239.91503906], [-120.57465, 46.32611, -8193.85839844]]], [[[-120.56034, 46.30616, -9187.27929688], [-120.56121, 46.31456, -8843.41992188], [-120.57291, 46.30932, -8881.63964844], [-120.56034, 46.30616, -9187.27929688]]], [[[-120.57552, 46.33451, -7849.96728516], [-120.58716, 46.3293, -7895.90478516], [-120.57465, 46.32611, -8193.85839844], [-120.57552, 46.33451, -7849.96728516]]], [[[-120.55341, 46.23897, -11938.15527344], [-120.56596, 46.24212, -11632.765625], [-120.56509, 46.23372, -11976.65625], [-120.55341, 46.23897, -11938.15527344]]], [[[-120.57552, 46.33451, -7849.96728516], [-120.58804, 46.33769, -7551.89404297], [-120.58716, 46.3293, -7895.90478516], [-120.57552, 46.33451, -7849.96728516]]], [[[-120.56336, 46.21692, -12664.4375], [-120.57585, 46.22011, -12368.04492188], [-120.57499, 46.21171, -12712.05566406], [-120.56336, 46.21692, -12664.4375]]], [[[-120.57639, 46.34291, -7506.07617188], [-120.58804, 46.33769, -7551.89404297], [-120.57552, 46.33451, -7849.96728516], [-120.57639, 46.34291, -7506.07617188]]], [[[-120.55687, 46.27256, -10562.71679688], [-120.56857, 46.26732, -10601.09277344], [-120.556, 46.26416, -10906.57617188], [-120.55687, 46.27256, -10562.71679688]]], [[[-120.57639, 46.34291, -7506.07617188], [-120.58891, 46.34609, -7207.8828125], [-120.58804, 46.33769, -7551.89404297], [-120.57639, 46.34291, -7506.07617188]]], [[[-120.56978, 46.16132, -14776.12011719], [-120.58226, 46.1646, -14508.25195312], [-120.58139, 46.1562, -14852.49804688], [-120.56978, 46.16132, -14776.12011719]]], [[[-120.57726, 46.35131, -7162.18554688], [-120.58891, 46.34609, -7207.8828125], [-120.57639, 46.34291, -7506.07617188], [-120.57726, 46.35131, -7162.18554688]]], [[[-120.56596, 46.24212, -11632.765625], [-120.56683, 46.25052, -11288.875], [-120.57846, 46.24531, -11336.01269531], [-120.56596, 46.24212, -11632.765625]]], [[[-120.57726, 46.35131, -7162.18554688], [-120.58978, 46.35449, -6863.87207031], [-120.58891, 46.34609, -7207.8828125], [-120.57726, 46.35131, -7162.18554688]]], [[[-120.55816, 46.16653, -14727.78222656], [-120.55903, 46.17493, -14383.89160156], [-120.57065, 46.16972, -14432.109375], [-120.55816, 46.16653, -14727.78222656]]], [[[-120.57813, 46.35971, -6818.29492188], [-120.58978, 46.35449, -6863.87207031], [-120.57726, 46.35131, -7162.18554688], [-120.57813, 46.35971, -6818.29492188]]], [[[-120.55687, 46.27256, -10562.71679688], [-120.56943, 46.27572, -10257.20214844], [-120.56857, 46.26732, -10601.09277344], [-120.55687, 46.27256, -10562.71679688]]], [[[-120.57813, 46.35971, -6818.29492188], [-120.59065, 46.36289, -6519.86132812], [-120.58978, 46.35449, -6863.87207031], [-120.57813, 46.35971, -6818.29492188]]], [[[-120.55081, 46.21377, -12969.73339844], [-120.56336, 46.21692, -12664.4375], [-120.56249, 46.20852, -13008.328125], [-120.55081, 46.21377, -12969.73339844]]], [[[-120.579, 46.36811, -6474.40429688], [-120.59065, 46.36289, -6519.86132812], [-120.57813, 46.35971, -6818.29492188], [-120.579, 46.36811, -6474.40429688]]], [[[-120.579, 46.36811, -6474.40429688], [-120.59152, 46.37129, -6175.85058594], [-120.59065, 46.36289, -6519.86132812], [-120.579, 46.36811, -6474.40429688]]], [[[-120.57987, 46.37651, -6130.51318359], [-120.59152, 46.37129, -6175.85058594], [-120.579, 46.36811, -6474.40429688], [-120.57987, 46.37651, -6130.51318359]]], [[[-120.556, 46.26416, -10906.57617188], [-120.56857, 46.26732, -10601.09277344], [-120.5677, 46.25892, -10944.984375], [-120.556, 46.26416, -10906.57617188]]], [[[-120.57987, 46.37651, -6130.51318359], [-120.5924, 46.37969, -5831.83984375], [-120.59152, 46.37129, -6175.85058594], [-120.57987, 46.37651, -6130.51318359]]], [[[-120.56815, 46.38176, -6092.54394531], [-120.55631, 46.38701, -6056.77001953], [-120.56902, 46.39015, -5748.68457031], [-120.56815, 46.38176, -6092.54394531]]], [[[-120.58074, 46.38491, -5786.62255859], [-120.5924, 46.37969, -5831.83984375], [-120.57987, 46.37651, -6130.51318359], [-120.58074, 46.38491, -5786.62255859]]], [[[-120.56163, 46.20013, -13352.21972656], [-120.57412, 46.20331, -13056.06640625], [-120.57325, 46.19491, -13400.07714844], [-120.56163, 46.20013, -13352.21972656]]], [[[-120.58074, 46.38491, -5786.62255859], [-120.59327, 46.38809, -5487.82910156], [-120.5924, 46.37969, -5831.83984375], [-120.58074, 46.38491, -5786.62255859]]], [[[-120.58161, 46.39331, -5442.73193359], [-120.59327, 46.38809, -5487.82910156], [-120.58074, 46.38491, -5786.62255859], [-120.58161, 46.39331, -5442.73193359]]], [[[-120.50899, 46.48061, -2245.76049805], [-120.49148, 46.47906, -2335.85864258], [-120.50151, 46.48767, -1984.44165039], [-120.50899, 46.48061, -2245.76049805]]], [[[-120.55989, 46.18333, -14040.00097656], [-120.57238, 46.18652, -13744.08789062], [-120.57151, 46.17812, -14088.09863281], [-120.55989, 46.18333, -14040.00097656]]], [[[-120.58161, 46.39331, -5442.73193359], [-120.59414, 46.39648, -5143.81835938], [-120.59327, 46.38809, -5487.82910156], [-120.58161, 46.39331, -5442.73193359]]], [[[-120.56065, 46.42901, -4338.30322266], [-120.57337, 46.43215, -4029.38720703], [-120.5725, 46.42375, -4373.24658203], [-120.56065, 46.42901, -4338.30322266]]], [[[-120.58248, 46.40171, -5098.84130859], [-120.59414, 46.39648, -5143.81835938], [-120.58161, 46.39331, -5442.73193359], [-120.58248, 46.40171, -5098.84130859]]], [[[-120.55774, 46.28096, -10218.85742188], [-120.54591, 46.28622, -10181.09082031], [-120.5586, 46.28936, -9874.99804688], [-120.55774, 46.28096, -10218.85742188]]], [[[-120.58248, 46.40171, -5098.84130859], [-120.59502, 46.40488, -4799.80761719], [-120.59414, 46.39648, -5143.81835938], [-120.58248, 46.40171, -5098.84130859]]], [[[-120.55167, 46.22217, -12625.87402344], [-120.56423, 46.22532, -12320.546875], [-120.56336, 46.21692, -12664.4375], [-120.55167, 46.22217, -12625.87402344]]], [[[-120.58336, 46.4101, -4754.95019531], [-120.59502, 46.40488, -4799.80761719], [-120.58248, 46.40171, -5098.84130859], [-120.58336, 46.4101, -4754.95019531]]], [[[-120.54649, 46.17177, -14689.03027344], [-120.55816, 46.16653, -14727.78222656], [-120.54562, 46.16337, -15032.88964844], [-120.54649, 46.17177, -14689.03027344]]], [[[-120.58336, 46.4101, -4754.95019531], [-120.59589, 46.41328, -4455.796875], [-120.59502, 46.40488, -4799.80761719], [-120.58336, 46.4101, -4754.95019531]]], [[[-120.57585, 46.22011, -12368.04492188], [-120.58835, 46.22339, -12098.52636719], [-120.58748, 46.21499, -12442.7734375], [-120.57585, 46.22011, -12368.04492188]]], [[[-120.58423, 46.4185, -4411.05957031], [-120.59589, 46.41328, -4455.796875], [-120.58336, 46.4101, -4754.95019531], [-120.58423, 46.4185, -4411.05957031]]], [[[-120.53977, 46.34997, -7643.05615234], [-120.54064, 46.35837, -7299.12255859], [-120.55284, 46.35341, -7431.54394531], [-120.53977, 46.34997, -7643.05615234]]], [[[-120.59589, 46.41328, -4455.796875], [-120.58423, 46.4185, -4411.05957031], [-120.59676, 46.42168, -4111.78613281], [-120.59589, 46.41328, -4455.796875]]], [[[-120.56509, 46.23372, -11976.65625], [-120.57759, 46.23691, -11680.0234375], [-120.57672, 46.22851, -12024.03417969], [-120.56509, 46.23372, -11976.65625]]], [[[-120.59589, 46.41328, -4455.796875], [-120.59676, 46.42168, -4111.78613281], [-120.60842, 46.41654, -4180.85839844], [-120.59589, 46.41328, -4455.796875]]], [[[-120.55544, 46.37861, -6400.46337891], [-120.56815, 46.38176, -6092.54394531], [-120.56728, 46.37336, -6436.40332031], [-120.55544, 46.37861, -6400.46337891]]], [[[-120.59589, 46.41328, -4455.796875], [-120.60842, 46.41654, -4180.85839844], [-120.60754, 46.40814, -4525.10498047], [-120.59589, 46.41328, -4455.796875]]], [[[-120.56509, 46.23372, -11976.65625], [-120.56596, 46.24212, -11632.765625], [-120.57759, 46.23691, -11680.0234375], [-120.56509, 46.23372, -11976.65625]]], [[[-120.59502, 46.40488, -4799.80761719], [-120.59589, 46.41328, -4455.796875], [-120.60754, 46.40814, -4525.10498047], [-120.59502, 46.40488, -4799.80761719]]], [[[-120.54649, 46.17177, -14689.03027344], [-120.55903, 46.17493, -14383.89160156], [-120.55816, 46.16653, -14727.78222656], [-120.54649, 46.17177, -14689.03027344]]], [[[-120.59502, 46.40488, -4799.80761719], [-120.60754, 46.40814, -4525.10498047], [-120.60667, 46.39974, -4869.35107422], [-120.59502, 46.40488, -4799.80761719]]], [[[-120.56163, 46.20013, -13352.21972656], [-120.56249, 46.20852, -13008.328125], [-120.57412, 46.20331, -13056.06640625], [-120.56163, 46.20013, -13352.21972656]]], [[[-120.59414, 46.39648, -5143.81835938], [-120.59502, 46.40488, -4799.80761719], [-120.60667, 46.39974, -4869.35107422], [-120.59414, 46.39648, -5143.81835938]]], [[[-120.54764, 46.30302, -9493.70410156], [-120.56034, 46.30616, -9187.27929688], [-120.55947, 46.29776, -9531.13867188], [-120.54764, 46.30302, -9493.70410156]]], [[[-120.59414, 46.39648, -5143.81835938], [-120.60667, 46.39974, -4869.35107422], [-120.60579, 46.39134, -5213.59765625], [-120.59414, 46.39648, -5143.81835938]]], [[[-120.59183, 46.25698, -10721.54101562], [-120.60433, 46.26033, -10477.25683594], [-120.60346, 46.25194, -10821.44824219], [-120.59183, 46.25698, -10721.54101562]]], [[[-120.59327, 46.38809, -5487.82910156], [-120.59414, 46.39648, -5143.81835938], [-120.60579, 46.39134, -5213.59765625], [-120.59327, 46.38809, -5487.82910156]]], [[[-120.56034, 46.30616, -9187.27929688], [-120.54851, 46.31141, -9150.01074219], [-120.56121, 46.31456, -8843.41992188], [-120.56034, 46.30616, -9187.27929688]]], [[[-120.59327, 46.38809, -5487.82910156], [-120.60579, 46.39134, -5213.59765625], [-120.60492, 46.38295, -5557.84423828], [-120.59327, 46.38809, -5487.82910156]]], [[[-120.56034, 46.30616, -9187.27929688], [-120.57291, 46.30932, -8881.63964844], [-120.57204, 46.30092, -9225.53027344], [-120.56034, 46.30616, -9187.27929688]]], [[[-120.5924, 46.37969, -5831.83984375], [-120.59327, 46.38809, -5487.82910156], [-120.60492, 46.38295, -5557.84423828], [-120.5924, 46.37969, -5831.83984375]]], [[[-120.53545, 46.30797, -9362.72265625], [-120.53631, 46.31637, -9018.7890625], [-120.54851, 46.31141, -9150.01074219], [-120.53545, 46.30797, -9362.72265625]]], [[[-120.5924, 46.37969, -5831.83984375], [-120.60492, 46.38295, -5557.84423828], [-120.60405, 46.37455, -5902.09082031], [-120.5924, 46.37969, -5831.83984375]]], [[[-120.56891, 46.15292, -15120.13085938], [-120.58139, 46.1562, -14852.49804688], [-120.58053, 46.1478, -15196.74414062], [-120.56891, 46.15292, -15120.13085938]]], [[[-120.59152, 46.37129, -6175.85058594], [-120.5924, 46.37969, -5831.83984375], [-120.60405, 46.37455, -5902.09082031], [-120.59152, 46.37129, -6175.85058594]]], [[[-120.55167, 46.22217, -12625.87402344], [-120.56336, 46.21692, -12664.4375], [-120.55081, 46.21377, -12969.73339844], [-120.55167, 46.22217, -12625.87402344]]], [[[-120.59152, 46.37129, -6175.85058594], [-120.60405, 46.37455, -5902.09082031], [-120.60317, 46.36615, -6246.33691406], [-120.59152, 46.37129, -6175.85058594]]], [[[-120.57499, 46.21171, -12712.05566406], [-120.58748, 46.21499, -12442.7734375], [-120.58661, 46.20659, -12787.01953125], [-120.57499, 46.21171, -12712.05566406]]], [[[-120.59065, 46.36289, -6519.86132812], [-120.59152, 46.37129, -6175.85058594], [-120.60317, 46.36615, -6246.33691406], [-120.59065, 46.36289, -6519.86132812]]], [[[-120.56294, 46.33136, -8155.70068359], [-120.55111, 46.33661, -8118.93066406], [-120.56381, 46.33976, -7811.84130859], [-120.56294, 46.33136, -8155.70068359]]], [[[-120.59065, 46.36289, -6519.86132812], [-120.60317, 46.36615, -6246.33691406], [-120.6023, 46.35775, -6590.58349609], [-120.59065, 46.36289, -6519.86132812]]], [[[-120.56978, 46.16132, -14776.12011719], [-120.58139, 46.1562, -14852.49804688], [-120.56891, 46.15292, -15120.13085938], [-120.56978, 46.16132, -14776.12011719]]], [[[-120.58978, 46.35449, -6863.87207031], [-120.59065, 46.36289, -6519.86132812], [-120.6023, 46.35775, -6590.58349609], [-120.58978, 46.35449, -6863.87207031]]], [[[-120.58978, 46.35449, -6863.87207031], [-120.6023, 46.35775, -6590.58349609], [-120.60142, 46.34935, -6934.83007812], [-120.58978, 46.35449, -6863.87207031]]], [[[-120.56207, 46.32296, -8499.56054688], [-120.57465, 46.32611, -8193.85839844], [-120.57378, 46.31771, -8537.74902344], [-120.56207, 46.32296, -8499.56054688]]], [[[-120.58891, 46.34609, -7207.8828125], [-120.58978, 46.35449, -6863.87207031], [-120.60142, 46.34935, -6934.83007812], [-120.58891, 46.34609, -7207.8828125]]], [[[-120.57238, 46.18652, -13744.08789062], [-120.58487, 46.18979, -13475.51269531], [-120.584, 46.18139, -13819.75878906], [-120.57238, 46.18652, -13744.08789062]]], [[[-120.58891, 46.34609, -7207.8828125], [-120.60142, 46.34935, -6934.83007812], [-120.60055, 46.34096, -7279.07617188], [-120.58891, 46.34609, -7207.8828125]]], [[[-120.5573, 46.15813, -15071.67285156], [-120.56978, 46.16132, -14776.12011719], [-120.56891, 46.15292, -15120.13085938], [-120.5573, 46.15813, -15071.67285156]]], [[[-120.58804, 46.33769, -7551.89404297], [-120.58891, 46.34609, -7207.8828125], [-120.60055, 46.34096, -7279.07617188], [-120.58804, 46.33769, -7551.89404297]]], [[[-120.57065, 46.16972, -14432.109375], [-120.58313, 46.173, -14164.00488281], [-120.58226, 46.1646, -14508.25195312], [-120.57065, 46.16972, -14432.109375]]], [[[-120.58804, 46.33769, -7551.89404297], [-120.60055, 46.34096, -7279.07617188], [-120.59968, 46.33256, -7623.32275391], [-120.58804, 46.33769, -7551.89404297]]], [[[-120.56294, 46.33136, -8155.70068359], [-120.57552, 46.33451, -7849.96728516], [-120.57465, 46.32611, -8193.85839844], [-120.56294, 46.33136, -8155.70068359]]], [[[-120.58716, 46.3293, -7895.90478516], [-120.58804, 46.33769, -7551.89404297], [-120.59968, 46.33256, -7623.32275391], [-120.58716, 46.3293, -7895.90478516]]], [[[-120.56336, 46.21692, -12664.4375], [-120.56423, 46.22532, -12320.546875], [-120.57585, 46.22011, -12368.04492188], [-120.56336, 46.21692, -12664.4375]]], [[[-120.58716, 46.3293, -7895.90478516], [-120.59968, 46.33256, -7623.32275391], [-120.59881, 46.32416, -7967.56933594], [-120.58716, 46.3293, -7895.90478516]]], [[[-120.58748, 46.21499, -12442.7734375], [-120.59997, 46.21834, -12198.21191406], [-120.5991, 46.20995, -12542.40332031], [-120.58748, 46.21499, -12442.7734375]]], [[[-120.58629, 46.3209, -8239.91503906], [-120.58716, 46.3293, -7895.90478516], [-120.59881, 46.32416, -7967.56933594], [-120.58629, 46.3209, -8239.91503906]]], [[[-120.54476, 46.15497, -15376.75], [-120.5573, 46.15813, -15071.67285156], [-120.55643, 46.14973, -15415.56347656], [-120.54476, 46.15497, -15376.75]]], [[[-120.58629, 46.3209, -8239.91503906], [-120.59881, 46.32416, -7967.56933594], [-120.59793, 46.31576, -8311.81542969], [-120.58629, 46.3209, -8239.91503906]]], [[[-120.56805, 46.14452, -15464.14160156], [-120.56891, 46.15292, -15120.13085938], [-120.58053, 46.1478, -15196.74414062], [-120.56805, 46.14452, -15464.14160156]]], [[[-120.58542, 46.3125, -8583.92578125], [-120.58629, 46.3209, -8239.91503906], [-120.59793, 46.31576, -8311.81542969], [-120.58542, 46.3125, -8583.92578125]]], [[[-120.5573, 46.15813, -15071.67285156], [-120.55816, 46.16653, -14727.78222656], [-120.56978, 46.16132, -14776.12011719], [-120.5573, 46.15813, -15071.67285156]]], [[[-120.58542, 46.3125, -8583.92578125], [-120.59793, 46.31576, -8311.81542969], [-120.59706, 46.30737, -8656.0625], [-120.58542, 46.3125, -8583.92578125]]], [[[-120.58139, 46.1562, -14852.49804688], [-120.58226, 46.1646, -14508.25195312], [-120.59387, 46.15956, -14607.54980469], [-120.58139, 46.1562, -14852.49804688]]], [[[-120.58455, 46.3041, -8927.93652344], [-120.58542, 46.3125, -8583.92578125], [-120.59706, 46.30737, -8656.0625], [-120.58455, 46.3041, -8927.93652344]]], [[[-120.57933, 46.25371, -10992.00195312], [-120.59096, 46.24858, -11065.78710938], [-120.57846, 46.24531, -11336.01269531], [-120.57933, 46.25371, -10992.00195312]]], [[[-120.58455, 46.3041, -8927.93652344], [-120.59706, 46.30737, -8656.0625], [-120.59619, 46.29897, -9000.30859375], [-120.58455, 46.3041, -8927.93652344]]], [[[-120.5586, 46.28936, -9874.99804688], [-120.57117, 46.29252, -9569.42089844], [-120.5703, 46.28412, -9913.31152344], [-120.5586, 46.28936, -9874.99804688]]], [[[-120.58368, 46.2957, -9271.94726562], [-120.58455, 46.3041, -8927.93652344], [-120.59619, 46.29897, -9000.30859375], [-120.58368, 46.2957, -9271.94726562]]], [[[-120.55903, 46.17493, -14383.89160156], [-120.57151, 46.17812, -14088.09863281], [-120.57065, 46.16972, -14432.109375], [-120.55903, 46.17493, -14383.89160156]]], [[[-120.58368, 46.2957, -9271.94726562], [-120.59619, 46.29897, -9000.30859375], [-120.59532, 46.29057, -9344.5546875], [-120.58368, 46.2957, -9271.94726562]]], [[[-120.54562, 46.16337, -15032.88964844], [-120.55816, 46.16653, -14727.78222656], [-120.5573, 46.15813, -15071.67285156], [-120.54562, 46.16337, -15032.88964844]]], [[[-120.58281, 46.2873, -9615.95800781], [-120.58368, 46.2957, -9271.94726562], [-120.59532, 46.29057, -9344.5546875], [-120.58281, 46.2873, -9615.95800781]]], [[[-120.55514, 46.25577, -11250.43554688], [-120.5677, 46.25892, -10944.984375], [-120.56683, 46.25052, -11288.875], [-120.55514, 46.25577, -11250.43554688]]], [[[-120.58281, 46.2873, -9615.95800781], [-120.59532, 46.29057, -9344.5546875], [-120.59444, 46.28217, -9688.80175781], [-120.58281, 46.2873, -9615.95800781]]], [[[-120.55903, 46.17493, -14383.89160156], [-120.55989, 46.18333, -14040.00097656], [-120.57151, 46.17812, -14088.09863281], [-120.55903, 46.17493, -14383.89160156]]], [[[-120.58194, 46.2789, -9959.96875], [-120.58281, 46.2873, -9615.95800781], [-120.59444, 46.28217, -9688.80175781], [-120.58194, 46.2789, -9959.96875]]], [[[-120.53286, 46.28278, -10394.52246094], [-120.53372, 46.29118, -10050.58984375], [-120.54591, 46.28622, -10181.09082031], [-120.53286, 46.28278, -10394.52246094]]], [[[-120.58194, 46.2789, -9959.96875], [-120.59444, 46.28217, -9688.80175781], [-120.59357, 46.27377, -10033.04785156], [-120.58194, 46.2789, -9959.96875]]], [[[-120.46769, 46.38967, -5885.38964844], [-120.46717, 46.38113, -6238.23339844], [-120.45509, 46.38544, -5967.42724609], [-120.46769, 46.38967, -5885.38964844]]], [[[-120.57412, 46.20331, -13056.06640625], [-120.58661, 46.20659, -12787.01953125], [-120.58574, 46.19819, -13131.265625], [-120.57412, 46.20331, -13056.06640625]]], [[[-120.59444, 46.28217, -9688.80175781], [-120.60608, 46.27713, -9788.875], [-120.59357, 46.27377, -10033.04785156], [-120.59444, 46.28217, -9688.80175781]]], [[[-120.55989, 46.18333, -14040.00097656], [-120.56076, 46.19173, -13696.11035156], [-120.57238, 46.18652, -13744.08789062], [-120.55989, 46.18333, -14040.00097656]]], [[[-120.59444, 46.28217, -9688.80175781], [-120.60695, 46.28553, -9444.68359375], [-120.60608, 46.27713, -9788.875], [-120.59444, 46.28217, -9688.80175781]]], [[[-120.55081, 46.21377, -12969.73339844], [-120.56249, 46.20852, -13008.328125], [-120.54994, 46.20537, -13313.59277344], [-120.55081, 46.21377, -12969.73339844]]], [[[-120.59532, 46.29057, -9344.5546875], [-120.60695, 46.28553, -9444.68359375], [-120.59444, 46.28217, -9688.80175781], [-120.59532, 46.29057, -9344.5546875]]], [[[-120.58139, 46.1562, -14852.49804688], [-120.59387, 46.15956, -14607.54980469], [-120.593, 46.15116, -14951.74121094], [-120.58139, 46.1562, -14852.49804688]]], [[[-120.60695, 46.28553, -9444.68359375], [-120.59532, 46.29057, -9344.5546875], [-120.60782, 46.29393, -9100.49316406], [-120.60695, 46.28553, -9444.68359375]]], [[[-120.54562, 46.16337, -15032.88964844], [-120.5573, 46.15813, -15071.67285156], [-120.54476, 46.15497, -15376.75], [-120.54562, 46.16337, -15032.88964844]]], [[[-120.60695, 46.28553, -9444.68359375], [-120.60782, 46.29393, -9100.49316406], [-120.61941, 46.28889, -9199.88964844], [-120.60695, 46.28553, -9444.68359375]]], [[[-120.57846, 46.24531, -11336.01269531], [-120.59009, 46.24018, -11410.03320312], [-120.57759, 46.23691, -11680.0234375], [-120.57846, 46.24531, -11336.01269531]]], [[[-120.60695, 46.28553, -9444.68359375], [-120.61941, 46.28889, -9199.88964844], [-120.61853, 46.28049, -9544.35058594], [-120.60695, 46.28553, -9444.68359375]]], [[[-120.56249, 46.20852, -13008.328125], [-120.56336, 46.21692, -12664.4375], [-120.57499, 46.21171, -12712.05566406], [-120.56249, 46.20852, -13008.328125]]], [[[-120.60608, 46.27713, -9788.875], [-120.60695, 46.28553, -9444.68359375], [-120.61853, 46.28049, -9544.35058594], [-120.60608, 46.27713, -9788.875]]], [[[-120.57238, 46.18652, -13744.08789062], [-120.584, 46.18139, -13819.75878906], [-120.57151, 46.17812, -14088.09863281], [-120.57238, 46.18652, -13744.08789062]]], [[[-120.60608, 46.27713, -9788.875], [-120.61853, 46.28049, -9544.35058594], [-120.61766, 46.27209, -9888.81054688], [-120.60608, 46.27713, -9788.875]]], [[[-120.56076, 46.19173, -13696.11035156], [-120.57325, 46.19491, -13400.07714844], [-120.57238, 46.18652, -13744.08789062], [-120.56076, 46.19173, -13696.11035156]]], [[[-120.6052, 46.26873, -10133.06640625], [-120.60608, 46.27713, -9788.875], [-120.61766, 46.27209, -9888.81054688], [-120.6052, 46.26873, -10133.06640625]]], [[[-120.58574, 46.19819, -13131.265625], [-120.58661, 46.20659, -12787.01953125], [-120.59822, 46.20155, -12886.59472656], [-120.58574, 46.19819, -13131.265625]]], [[[-120.59357, 46.27377, -10033.04785156], [-120.60608, 46.27713, -9788.875], [-120.6052, 46.26873, -10133.06640625], [-120.59357, 46.27377, -10033.04785156]]], [[[-120.56249, 46.20852, -13008.328125], [-120.57499, 46.21171, -12712.05566406], [-120.57412, 46.20331, -13056.06640625], [-120.56249, 46.20852, -13008.328125]]], [[[-120.59357, 46.27377, -10033.04785156], [-120.6052, 46.26873, -10133.06640625], [-120.5927, 46.26538, -10377.29394531], [-120.59357, 46.27377, -10033.04785156]]], [[[-120.58661, 46.20659, -12787.01953125], [-120.58748, 46.21499, -12442.7734375], [-120.5991, 46.20995, -12542.40332031], [-120.58661, 46.20659, -12787.01953125]]], [[[-120.6052, 46.26873, -10133.06640625], [-120.61766, 46.27209, -9888.81054688], [-120.61678, 46.26369, -10233.27148438], [-120.6052, 46.26873, -10133.06640625]]], [[[-120.59009, 46.24018, -11410.03320312], [-120.59096, 46.24858, -11065.78710938], [-120.60258, 46.24354, -11165.63964844], [-120.59009, 46.24018, -11410.03320312]]], [[[-120.60782, 46.29393, -9100.49316406], [-120.62028, 46.29728, -8855.42871094], [-120.61941, 46.28889, -9199.88964844], [-120.60782, 46.29393, -9100.49316406]]], [[[-120.57424, 46.44055, -3685.52783203], [-120.58597, 46.4353, -3723.27807617], [-120.57337, 46.43215, -4029.38720703], [-120.57424, 46.44055, -3685.52783203]]], [[[-120.60782, 46.29393, -9100.49316406], [-120.6087, 46.30232, -8756.30175781], [-120.62028, 46.29728, -8855.42871094], [-120.60782, 46.29393, -9100.49316406]]], [[[-120.56815, 46.38176, -6092.54394531], [-120.56902, 46.39015, -5748.68457031], [-120.58074, 46.38491, -5786.62255859], [-120.56815, 46.38176, -6092.54394531]]], [[[-120.60782, 46.29393, -9100.49316406], [-120.59619, 46.29897, -9000.30859375], [-120.6087, 46.30232, -8756.30175781], [-120.60782, 46.29393, -9100.49316406]]], [[[-120.55947, 46.29776, -9531.13867188], [-120.56034, 46.30616, -9187.27929688], [-120.57204, 46.30092, -9225.53027344], [-120.55947, 46.29776, -9531.13867188]]], [[[-120.59619, 46.29897, -9000.30859375], [-120.60782, 46.29393, -9100.49316406], [-120.59532, 46.29057, -9344.5546875], [-120.59619, 46.29897, -9000.30859375]]], [[[-120.52414, 46.49648, -1601.97790527], [-120.5308, 46.50451, -1285.07824707], [-120.53773, 46.49638, -1626.54248047], [-120.52414, 46.49648, -1601.97790527]]], [[[-120.59706, 46.30737, -8656.0625], [-120.6087, 46.30232, -8756.30175781], [-120.59619, 46.29897, -9000.30859375], [-120.59706, 46.30737, -8656.0625]]], [[[-120.57759, 46.23691, -11680.0234375], [-120.58922, 46.23178, -11754.28027344], [-120.57672, 46.22851, -12024.03417969], [-120.57759, 46.23691, -11680.0234375]]], [[[-120.59706, 46.30737, -8656.0625], [-120.60957, 46.31072, -8412.11035156], [-120.6087, 46.30232, -8756.30175781], [-120.59706, 46.30737, -8656.0625]]], [[[-120.58139, 46.1562, -14852.49804688], [-120.593, 46.15116, -14951.74121094], [-120.58053, 46.1478, -15196.74414062], [-120.58139, 46.1562, -14852.49804688]]], [[[-120.59793, 46.31576, -8311.81542969], [-120.60957, 46.31072, -8412.11035156], [-120.59706, 46.30737, -8656.0625], [-120.59793, 46.31576, -8311.81542969]]], [[[-120.55254, 46.23057, -12282.01464844], [-120.56509, 46.23372, -11976.65625], [-120.56423, 46.22532, -12320.546875], [-120.55254, 46.23057, -12282.01464844]]], [[[-120.60957, 46.31072, -8412.11035156], [-120.59793, 46.31576, -8311.81542969], [-120.61045, 46.31912, -8067.91943359], [-120.60957, 46.31072, -8412.11035156]]], [[[-120.60957, 46.31072, -8412.11035156], [-120.61045, 46.31912, -8067.91943359], [-120.62204, 46.31408, -8166.50683594], [-120.60957, 46.31072, -8412.11035156]]], [[[-120.55978, 46.42061, -4681.99658203], [-120.57163, 46.41535, -4717.10595703], [-120.55892, 46.41221, -5025.68994141], [-120.55978, 46.42061, -4681.99658203]]], [[[-120.60957, 46.31072, -8412.11035156], [-120.62204, 46.31408, -8166.50683594], [-120.62116, 46.30568, -8510.96777344], [-120.60957, 46.31072, -8412.11035156]]], [[[-120.58685, 46.4437, -3379.38745117], [-120.59939, 46.44688, -3079.75415039], [-120.59851, 46.43848, -3423.76464844], [-120.58685, 46.4437, -3379.38745117]]], [[[-120.6087, 46.30232, -8756.30175781], [-120.60957, 46.31072, -8412.11035156], [-120.62116, 46.30568, -8510.96777344], [-120.6087, 46.30232, -8756.30175781]]], [[[-120.46379, 46.47014, -2506.87353516], [-120.46518, 46.47857, -2165.96191406], [-120.4771, 46.4742, -2435.23608398], [-120.46379, 46.47014, -2506.87353516]]], [[[-120.6087, 46.30232, -8756.30175781], [-120.62116, 46.30568, -8510.96777344], [-120.62028, 46.29728, -8855.42871094], [-120.6087, 46.30232, -8756.30175781]]], [[[-120.54937, 46.31981, -8806.31738281], [-120.56121, 46.31456, -8843.41992188], [-120.54851, 46.31141, -9150.01074219], [-120.54937, 46.31981, -8806.31738281]]], [[[-120.61045, 46.31912, -8067.91943359], [-120.62291, 46.32247, -7822.04589844], [-120.62204, 46.31408, -8166.50683594], [-120.61045, 46.31912, -8067.91943359]]], [[[-120.55544, 46.37861, -6400.46337891], [-120.56728, 46.37336, -6436.40332031], [-120.55458, 46.37021, -6744.15722656], [-120.55544, 46.37861, -6400.46337891]]], [[[-120.61045, 46.31912, -8067.91943359], [-120.61132, 46.32752, -7723.72851562], [-120.62291, 46.32247, -7822.04589844], [-120.61045, 46.31912, -8067.91943359]]], [[[-120.57325, 46.19491, -13400.07714844], [-120.58487, 46.18979, -13475.51269531], [-120.57238, 46.18652, -13744.08789062], [-120.57325, 46.19491, -13400.07714844]]], [[[-120.61045, 46.31912, -8067.91943359], [-120.59881, 46.32416, -7967.56933594], [-120.61132, 46.32752, -7723.72851562], [-120.61045, 46.31912, -8067.91943359]]], [[[-120.56285, 46.09413, -17528.20703125], [-120.57532, 46.09741, -17262.22265625], [-120.57445, 46.08901, -17606.46875], [-120.56285, 46.09413, -17528.20703125]]], [[[-120.59881, 46.32416, -7967.56933594], [-120.61045, 46.31912, -8067.91943359], [-120.59793, 46.31576, -8311.81542969], [-120.59881, 46.32416, -7967.56933594]]], [[[-120.57337, 46.43215, -4029.38720703], [-120.5851, 46.4269, -4067.16894531], [-120.5725, 46.42375, -4373.24658203], [-120.57337, 46.43215, -4029.38720703]]], [[[-120.59968, 46.33256, -7623.32275391], [-120.61132, 46.32752, -7723.72851562], [-120.59881, 46.32416, -7967.56933594], [-120.59968, 46.33256, -7623.32275391]]], [[[-120.58487, 46.18979, -13475.51269531], [-120.59735, 46.19315, -13230.78515625], [-120.59648, 46.18475, -13574.9765625], [-120.58487, 46.18979, -13475.51269531]]], [[[-120.59968, 46.33256, -7623.32275391], [-120.6122, 46.33592, -7379.53759766], [-120.61132, 46.32752, -7723.72851562], [-120.59968, 46.33256, -7623.32275391]]], [[[-120.56381, 46.33976, -7811.84130859], [-120.57639, 46.34291, -7506.07617188], [-120.57552, 46.33451, -7849.96728516], [-120.56381, 46.33976, -7811.84130859]]], [[[-120.60055, 46.34096, -7279.07617188], [-120.6122, 46.33592, -7379.53759766], [-120.59968, 46.33256, -7623.32275391], [-120.60055, 46.34096, -7279.07617188]]], [[[-120.56555, 46.35656, -7124.12255859], [-120.57813, 46.35971, -6818.29492188], [-120.57726, 46.35131, -7162.18554688], [-120.56555, 46.35656, -7124.12255859]]], [[[-120.6122, 46.33592, -7379.53759766], [-120.60055, 46.34096, -7279.07617188], [-120.61307, 46.34432, -7035.34619141], [-120.6122, 46.33592, -7379.53759766]]], [[[-120.57163, 46.41535, -4717.10595703], [-120.58423, 46.4185, -4411.05957031], [-120.58336, 46.4101, -4754.95019531], [-120.57163, 46.41535, -4717.10595703]]], [[[-120.6122, 46.33592, -7379.53759766], [-120.61307, 46.34432, -7035.34619141], [-120.62466, 46.33927, -7133.12402344], [-120.6122, 46.33592, -7379.53759766]]], [[[-120.58835, 46.22339, -12098.52636719], [-120.58922, 46.23178, -11754.28027344], [-120.60084, 46.22674, -11854.02148438], [-120.58835, 46.22339, -12098.52636719]]], [[[-120.6122, 46.33592, -7379.53759766], [-120.62466, 46.33927, -7133.12402344], [-120.62379, 46.33087, -7477.58496094], [-120.6122, 46.33592, -7379.53759766]]], [[[-120.59586, 46.06216, -18500.33203125], [-120.58431, 46.06717, -18393.65234375], [-120.59673, 46.07056, -18155.87109375], [-120.59586, 46.06216, -18500.33203125]]], [[[-120.61132, 46.32752, -7723.72851562], [-120.6122, 46.33592, -7379.53759766], [-120.62379, 46.33087, -7477.58496094], [-120.61132, 46.32752, -7723.72851562]]], [[[-120.61132, 46.32752, -7723.72851562], [-120.62379, 46.33087, -7477.58496094], [-120.62291, 46.32247, -7822.04589844], [-120.61132, 46.32752, -7723.72851562]]], [[[-120.55626, 46.03503, -19955.14257812], [-120.56839, 46.03022, -20016.42578125], [-120.55583, 46.02686, -20284.25976562], [-120.55626, 46.03503, -19955.14257812]]], [[[-120.61307, 46.34432, -7035.34619141], [-120.62554, 46.34766, -6788.66308594], [-120.62466, 46.33927, -7133.12402344], [-120.61307, 46.34432, -7035.34619141]]], [[[-120.55284, 46.35341, -7431.54394531], [-120.56468, 46.34816, -7467.98193359], [-120.55197, 46.34501, -7775.23730469], [-120.55284, 46.35341, -7431.54394531]]], [[[-120.61307, 46.34432, -7035.34619141], [-120.61395, 46.35271, -6691.15527344], [-120.62554, 46.34766, -6788.66308594], [-120.61307, 46.34432, -7035.34619141]]], [[[-120.5725, 46.42375, -4373.24658203], [-120.5851, 46.4269, -4067.16894531], [-120.58423, 46.4185, -4411.05957031], [-120.5725, 46.42375, -4373.24658203]]], [[[-120.61307, 46.34432, -7035.34619141], [-120.60142, 46.34935, -6934.83007812], [-120.61395, 46.35271, -6691.15527344], [-120.61307, 46.34432, -7035.34619141]]], [[[-120.56294, 46.33136, -8155.70068359], [-120.56381, 46.33976, -7811.84130859], [-120.57552, 46.33451, -7849.96728516], [-120.56294, 46.33136, -8155.70068359]]], [[[-120.60142, 46.34935, -6934.83007812], [-120.61307, 46.34432, -7035.34619141], [-120.60055, 46.34096, -7279.07617188], [-120.60142, 46.34935, -6934.83007812]]], [[[-120.56555, 46.35656, -7124.12255859], [-120.56642, 46.36496, -6780.26269531], [-120.57813, 46.35971, -6818.29492188], [-120.56555, 46.35656, -7124.12255859]]], [[[-120.6023, 46.35775, -6590.58349609], [-120.61395, 46.35271, -6691.15527344], [-120.60142, 46.34935, -6934.83007812], [-120.6023, 46.35775, -6590.58349609]]], [[[-120.57151, 46.17812, -14088.09863281], [-120.58313, 46.173, -14164.00488281], [-120.57065, 46.16972, -14432.109375], [-120.57151, 46.17812, -14088.09863281]]], [[[-120.6023, 46.35775, -6590.58349609], [-120.61482, 46.36111, -6346.96435547], [-120.61395, 46.35271, -6691.15527344], [-120.6023, 46.35775, -6590.58349609]]], [[[-120.57672, 46.22851, -12024.03417969], [-120.58922, 46.23178, -11754.28027344], [-120.58835, 46.22339, -12098.52636719], [-120.57672, 46.22851, -12024.03417969]]], [[[-120.60317, 46.36615, -6246.33691406], [-120.61482, 46.36111, -6346.96435547], [-120.6023, 46.35775, -6590.58349609], [-120.60317, 46.36615, -6246.33691406]]], [[[-120.56076, 46.19173, -13696.11035156], [-120.56163, 46.20013, -13352.21972656], [-120.57325, 46.19491, -13400.07714844], [-120.56076, 46.19173, -13696.11035156]]], [[[-120.61482, 46.36111, -6346.96435547], [-120.60317, 46.36615, -6246.33691406], [-120.6157, 46.36951, -6002.7734375], [-120.61482, 46.36111, -6346.96435547]]], [[[-120.47768, 46.48309, -2068.31176758], [-120.46518, 46.47857, -2165.96191406], [-120.46654, 46.4882, -1774.8651123], [-120.47768, 46.48309, -2068.31176758]]], [[[-120.61482, 46.36111, -6346.96435547], [-120.6157, 46.36951, -6002.7734375], [-120.62729, 46.36446, -6099.74169922], [-120.61482, 46.36111, -6346.96435547]]], [[[-120.56989, 46.39855, -5404.82519531], [-120.57076, 46.40695, -5060.96582031], [-120.58248, 46.40171, -5098.84130859], [-120.56989, 46.39855, -5404.82519531]]], [[[-120.61482, 46.36111, -6346.96435547], [-120.62729, 46.36446, -6099.74169922], [-120.62642, 46.35606, -6444.20214844], [-120.61482, 46.36111, -6346.96435547]]], [[[-120.56989, 46.39855, -5404.82519531], [-120.58248, 46.40171, -5098.84130859], [-120.58161, 46.39331, -5442.73193359], [-120.56989, 46.39855, -5404.82519531]]], [[[-120.61395, 46.35271, -6691.15527344], [-120.61482, 46.36111, -6346.96435547], [-120.62642, 46.35606, -6444.20214844], [-120.61395, 46.35271, -6691.15527344]]], [[[-120.50151, 46.48767, -1984.44165039], [-120.49148, 46.47906, -2335.85864258], [-120.48768, 46.48786, -1960.17260742], [-120.50151, 46.48767, -1984.44165039]]], [[[-120.61395, 46.35271, -6691.15527344], [-120.62642, 46.35606, -6444.20214844], [-120.62554, 46.34766, -6788.66308594], [-120.61395, 46.35271, -6691.15527344]]], [[[-120.6157, 46.36951, -6002.7734375], [-120.62817, 46.37286, -5755.28076172], [-120.62729, 46.36446, -6099.74169922], [-120.6157, 46.36951, -6002.7734375]]], [[[-120.56728, 46.37336, -6436.40332031], [-120.57987, 46.37651, -6130.51318359], [-120.579, 46.36811, -6474.40429688], [-120.56728, 46.37336, -6436.40332031]]], [[[-120.6157, 46.36951, -6002.7734375], [-120.61657, 46.37791, -5658.58203125], [-120.62817, 46.37286, -5755.28076172], [-120.6157, 46.36951, -6002.7734375]]], [[[-120.6157, 46.36951, -6002.7734375], [-120.60405, 46.37455, -5902.09082031], [-120.61657, 46.37791, -5658.58203125], [-120.6157, 46.36951, -6002.7734375]]], [[[-120.45919, 46.19107, -14112.57128906], [-120.44624, 46.18722, -14158.58203125], [-120.44756, 46.19567, -13816.88769531], [-120.45919, 46.19107, -14112.57128906]]], [[[-120.60405, 46.37455, -5902.09082031], [-120.6157, 46.36951, -6002.7734375], [-120.60317, 46.36615, -6246.33691406], [-120.60405, 46.37455, -5902.09082031]]], [[[-120.45919, 46.19107, -14112.57128906], [-120.47123, 46.18642, -14300.75292969], [-120.45833, 46.18289, -14447.07226562], [-120.45919, 46.19107, -14112.57128906]]], [[[-120.60492, 46.38295, -5557.84423828], [-120.61657, 46.37791, -5658.58203125], [-120.60405, 46.37455, -5902.09082031], [-120.60492, 46.38295, -5557.84423828]]], [[[-120.58313, 46.173, -14164.00488281], [-120.59561, 46.17635, -13919.16796875], [-120.59474, 46.16795, -14263.35839844], [-120.58313, 46.173, -14164.00488281]]], [[[-120.60492, 46.38295, -5557.84423828], [-120.61745, 46.3863, -5314.39111328], [-120.61657, 46.37791, -5658.58203125], [-120.60492, 46.38295, -5557.84423828]]], [[[-120.57065, 46.16972, -14432.109375], [-120.58226, 46.1646, -14508.25195312], [-120.56978, 46.16132, -14776.12011719], [-120.57065, 46.16972, -14432.109375]]], [[[-120.60579, 46.39134, -5213.59765625], [-120.61745, 46.3863, -5314.39111328], [-120.60492, 46.38295, -5557.84423828], [-120.60579, 46.39134, -5213.59765625]]], [[[-120.55024, 46.32821, -8462.62402344], [-120.56207, 46.32296, -8499.56054688], [-120.54937, 46.31981, -8806.31738281], [-120.55024, 46.32821, -8462.62402344]]], [[[-120.61745, 46.3863, -5314.39111328], [-120.60579, 46.39134, -5213.59765625], [-120.61832, 46.3947, -4970.20019531], [-120.61745, 46.3863, -5314.39111328]]], [[[-120.57076, 46.40695, -5060.96582031], [-120.58336, 46.4101, -4754.95019531], [-120.58248, 46.40171, -5098.84130859], [-120.57076, 46.40695, -5060.96582031]]], [[[-120.61745, 46.3863, -5314.39111328], [-120.61832, 46.3947, -4970.20019531], [-120.62993, 46.38965, -5066.35888672], [-120.61745, 46.3863, -5314.39111328]]], [[[-120.55718, 46.39541, -5713.07666016], [-120.56902, 46.39015, -5748.68457031], [-120.55631, 46.38701, -6056.77001953], [-120.55718, 46.39541, -5713.07666016]]], [[[-120.61745, 46.3863, -5314.39111328], [-120.62993, 46.38965, -5066.35888672], [-120.62905, 46.38125, -5410.81982422], [-120.61745, 46.3863, -5314.39111328]]], [[[-120.61657, 46.37791, -5658.58203125], [-120.61745, 46.3863, -5314.39111328], [-120.62905, 46.38125, -5410.81982422], [-120.61657, 46.37791, -5658.58203125]]], [[[-120.45919, 46.19107, -14112.57128906], [-120.45833, 46.18289, -14447.07226562], [-120.44624, 46.18722, -14158.58203125], [-120.45919, 46.19107, -14112.57128906]]], [[[-120.56642, 46.36496, -6780.26269531], [-120.56728, 46.37336, -6436.40332031], [-120.579, 46.36811, -6474.40429688], [-120.56642, 46.36496, -6780.26269531]]], [[[-120.61657, 46.37791, -5658.58203125], [-120.62905, 46.38125, -5410.81982422], [-120.62817, 46.37286, -5755.28076172], [-120.61657, 46.37791, -5658.58203125]]], [[[-120.61832, 46.3947, -4970.20019531], [-120.6308, 46.39805, -4721.89794922], [-120.62993, 46.38965, -5066.35888672], [-120.61832, 46.3947, -4970.20019531]]], [[[-120.43634, 46.20835, -13198.55664062], [-120.42375, 46.20462, -13382.09179688], [-120.42448, 46.21339, -13024.20507812], [-120.43634, 46.20835, -13198.55664062]]], [[[-120.55197, 46.34501, -7775.23730469], [-120.56381, 46.33976, -7811.84130859], [-120.55111, 46.33661, -8118.93066406], [-120.55197, 46.34501, -7775.23730469]]], [[[-120.61832, 46.3947, -4970.20019531], [-120.6192, 46.4031, -4626.00878906], [-120.6308, 46.39805, -4721.89794922], [-120.61832, 46.3947, -4970.20019531]]], [[[-120.61832, 46.3947, -4970.20019531], [-120.60667, 46.39974, -4869.35107422], [-120.6192, 46.4031, -4626.00878906], [-120.61832, 46.3947, -4970.20019531]]], [[[-120.41547, 46.24383, -11763.77148438], [-120.42824, 46.24752, -11629.65332031], [-120.42714, 46.23867, -11991.59179688], [-120.41547, 46.24383, -11763.77148438]]], [[[-120.60667, 46.39974, -4869.35107422], [-120.61832, 46.3947, -4970.20019531], [-120.60579, 46.39134, -5213.59765625], [-120.60667, 46.39974, -4869.35107422]]], [[[-120.60754, 46.40814, -4525.10498047], [-120.6192, 46.4031, -4626.00878906], [-120.60667, 46.39974, -4869.35107422], [-120.60754, 46.40814, -4525.10498047]]], [[[-120.43086, 46.27277, -10598.39746094], [-120.42979, 46.26396, -10958.78417969], [-120.41812, 46.26911, -10730.30175781], [-120.43086, 46.27277, -10598.39746094]]], [[[-120.57672, 46.22851, -12024.03417969], [-120.58835, 46.22339, -12098.52636719], [-120.57585, 46.22011, -12368.04492188], [-120.57672, 46.22851, -12024.03417969]]], [[[-120.60754, 46.40814, -4525.10498047], [-120.62008, 46.4115, -4281.81787109], [-120.6192, 46.4031, -4626.00878906], [-120.60754, 46.40814, -4525.10498047]]], [[[-120.57933, 46.25371, -10992.00195312], [-120.59183, 46.25698, -10721.54101562], [-120.59096, 46.24858, -11065.78710938], [-120.57933, 46.25371, -10992.00195312]]], [[[-120.60842, 46.41654, -4180.85839844], [-120.62008, 46.4115, -4281.81787109], [-120.60754, 46.40814, -4525.10498047], [-120.60842, 46.41654, -4180.85839844]]], [[[-120.57185, 46.06382, -18639.20898438], [-120.58344, 46.05878, -18737.84179688], [-120.57099, 46.05542, -18983.45507812], [-120.57185, 46.06382, -18639.20898438]]], [[[-120.60842, 46.41654, -4180.85839844], [-120.62096, 46.4199, -3937.62695312], [-120.62008, 46.4115, -4281.81787109], [-120.60842, 46.41654, -4180.85839844]]], [[[-120.60842, 46.41654, -4180.85839844], [-120.60929, 46.42494, -3836.61181641], [-120.62096, 46.4199, -3937.62695312], [-120.60842, 46.41654, -4180.85839844]]], [[[-120.44168, 46.25895, -11132.35546875], [-120.42979, 46.26396, -10958.78417969], [-120.44254, 46.26778, -10771.37402344], [-120.44168, 46.25895, -11132.35546875]]], [[[-120.59676, 46.42168, -4111.78613281], [-120.60929, 46.42494, -3836.61181641], [-120.60842, 46.41654, -4180.85839844], [-120.59676, 46.42168, -4111.78613281]]], [[[-120.47293, 46.20327, -13611.84570312], [-120.47204, 46.19488, -13954.67578125], [-120.46019, 46.19963, -13762.58203125], [-120.47293, 46.20327, -13611.84570312]]], [[[-120.59764, 46.43008, -3767.77539062], [-120.60929, 46.42494, -3836.61181641], [-120.59676, 46.42168, -4111.78613281], [-120.59764, 46.43008, -3767.77539062]]], [[[-120.59764, 46.43008, -3767.77539062], [-120.61017, 46.43333, -3492.36547852], [-120.60929, 46.42494, -3836.61181641], [-120.59764, 46.43008, -3767.77539062]]], [[[-120.43174, 46.28053, -10281.16992188], [-120.43086, 46.27277, -10598.39746094], [-120.4188, 46.27724, -10397.46972656], [-120.43174, 46.28053, -10281.16992188]]], [[[-120.59851, 46.43848, -3423.76464844], [-120.61017, 46.43333, -3492.36547852], [-120.59764, 46.43008, -3767.77539062], [-120.59851, 46.43848, -3423.76464844]]], [[[-120.45919, 46.19107, -14112.57128906], [-120.47204, 46.19488, -13954.67578125], [-120.47123, 46.18642, -14300.75292969], [-120.45919, 46.19107, -14112.57128906]]], [[[-120.59851, 46.43848, -3423.76464844], [-120.61104, 46.44173, -3148.11889648], [-120.61017, 46.43333, -3492.36547852], [-120.59851, 46.43848, -3423.76464844]]], [[[-120.42979, 46.26396, -10958.78417969], [-120.41715, 46.25994, -11105.41113281], [-120.41812, 46.26911, -10730.30175781], [-120.42979, 46.26396, -10958.78417969]]], [[[-120.59939, 46.44688, -3079.75415039], [-120.61104, 46.44173, -3148.11889648], [-120.59851, 46.43848, -3423.76464844], [-120.59939, 46.44688, -3079.75415039]]], [[[-120.43174, 46.28053, -10281.16992188], [-120.4188, 46.27724, -10397.46972656], [-120.4198, 46.28523, -10071.109375], [-120.43174, 46.28053, -10281.16992188]]], [[[-120.59939, 46.44688, -3079.75415039], [-120.61192, 46.45013, -2803.87255859], [-120.61104, 46.44173, -3148.11889648], [-120.59939, 46.44688, -3079.75415039]]], [[[-120.57163, 46.41535, -4717.10595703], [-120.5725, 46.42375, -4373.24658203], [-120.58423, 46.4185, -4411.05957031], [-120.57163, 46.41535, -4717.10595703]]], [[[-120.59939, 46.44688, -3079.75415039], [-120.60026, 46.45527, -2735.74316406], [-120.61192, 46.45013, -2803.87255859], [-120.59939, 46.44688, -3079.75415039]]], [[[-120.59939, 46.44688, -3079.75415039], [-120.58772, 46.4521, -3035.49658203], [-120.60026, 46.45527, -2735.74316406], [-120.59939, 46.44688, -3079.75415039]]], [[[-120.44845, 46.20405, -13474.40625], [-120.44756, 46.19567, -13816.88769531], [-120.43579, 46.20013, -13536.60058594], [-120.44845, 46.20405, -13474.40625]]], [[[-120.55458, 46.37021, -6744.15722656], [-120.56642, 46.36496, -6780.26269531], [-120.55371, 46.36181, -7087.85058594], [-120.55458, 46.37021, -6744.15722656]]], [[[-120.58685, 46.4437, -3379.38745117], [-120.58772, 46.4521, -3035.49658203], [-120.59939, 46.44688, -3079.75415039], [-120.58685, 46.4437, -3379.38745117]]], [[[-120.55805, 46.40381, -5369.38330078], [-120.56989, 46.39855, -5404.82519531], [-120.55718, 46.39541, -5713.07666016], [-120.55805, 46.40381, -5369.38330078]]], [[[-120.57511, 46.44895, -3341.66821289], [-120.58772, 46.4521, -3035.49658203], [-120.58685, 46.4437, -3379.38745117], [-120.57511, 46.44895, -3341.66821289]]], [[[-120.57599, 46.45735, -2997.80883789], [-120.58772, 46.4521, -3035.49658203], [-120.57511, 46.44895, -3341.66821289], [-120.57599, 46.45735, -2997.80883789]]], [[[-120.43245, 46.28924, -9925.96679688], [-120.4198, 46.28523, -10071.109375], [-120.42078, 46.29439, -9696.84277344], [-120.43245, 46.28924, -9925.96679688]]], [[[-120.58597, 46.4353, -3723.27807617], [-120.58685, 46.4437, -3379.38745117], [-120.59851, 46.43848, -3423.76464844], [-120.58597, 46.4353, -3723.27807617]]], [[[-120.57599, 46.45735, -2997.80883789], [-120.58859, 46.4605, -2691.60595703], [-120.58772, 46.4521, -3035.49658203], [-120.57599, 46.45735, -2997.80883789]]], [[[-120.58597, 46.4353, -3723.27807617], [-120.59851, 46.43848, -3423.76464844], [-120.59764, 46.43008, -3767.77539062], [-120.58597, 46.4353, -3723.27807617]]], [[[-120.57599, 46.45735, -2997.80883789], [-120.57686, 46.46575, -2653.94946289], [-120.58859, 46.4605, -2691.60595703], [-120.57599, 46.45735, -2997.80883789]]], [[[-120.57599, 46.45735, -2997.80883789], [-120.56413, 46.46261, -2963.52954102], [-120.57686, 46.46575, -2653.94946289], [-120.57599, 46.45735, -2997.80883789]]], [[[-120.56413, 46.46261, -2963.52954102], [-120.57599, 46.45735, -2997.80883789], [-120.56326, 46.45421, -3307.22290039], [-120.56413, 46.46261, -2963.52954102]]], [[[-120.42714, 46.23867, -11991.59179688], [-120.41451, 46.23458, -12142.31640625], [-120.41547, 46.24383, -11763.77148438], [-120.42714, 46.23867, -11991.59179688]]], [[[-120.55103, 46.45916, -3171.92211914], [-120.56413, 46.46261, -2963.52954102], [-120.56326, 46.45421, -3307.22290039], [-120.55103, 46.45916, -3171.92211914]]], [[[-120.47204, 46.19488, -13954.67578125], [-120.45919, 46.19107, -14112.57128906], [-120.46019, 46.19963, -13762.58203125], [-120.47204, 46.19488, -13954.67578125]]], [[[-120.55103, 46.45916, -3171.92211914], [-120.5519, 46.46756, -2827.98876953], [-120.56413, 46.46261, -2963.52954102], [-120.55103, 46.45916, -3171.92211914]]], [[[-120.48429, 46.18982, -14124.70703125], [-120.47123, 46.18642, -14300.75292969], [-120.47204, 46.19488, -13954.67578125], [-120.48429, 46.18982, -14124.70703125]]], [[[-120.5386, 46.46387, -2963.86401367], [-120.5519, 46.46756, -2827.98876953], [-120.55103, 46.45916, -3171.92211914], [-120.5386, 46.46387, -2963.86401367]]], [[[-120.53887, 46.4727, -2601.37402344], [-120.5519, 46.46756, -2827.98876953], [-120.5386, 46.46387, -2963.86401367], [-120.53887, 46.4727, -2601.37402344]]], [[[-120.44378, 46.27603, -10437.04296875], [-120.43174, 46.28053, -10281.16992188], [-120.44435, 46.28426, -10098.99316406], [-120.44378, 46.27603, -10437.04296875]]], [[[-120.5851, 46.4269, -4067.16894531], [-120.59764, 46.43008, -3767.77539062], [-120.59676, 46.42168, -4111.78613281], [-120.5851, 46.4269, -4067.16894531]]], [[[-120.53887, 46.4727, -2601.37402344], [-120.5528, 46.47595, -2483.9777832], [-120.5519, 46.46756, -2827.98876953], [-120.53887, 46.4727, -2601.37402344]]], [[[-120.53887, 46.4727, -2601.37402344], [-120.54012, 46.48088, -2267.17382812], [-120.5528, 46.47595, -2483.9777832], [-120.53887, 46.4727, -2601.37402344]]], [[[-120.44378, 46.27603, -10437.04296875], [-120.43086, 46.27277, -10598.39746094], [-120.43174, 46.28053, -10281.16992188], [-120.44378, 46.27603, -10437.04296875]]], [[[-120.55458, 46.37021, -6744.15722656], [-120.56728, 46.37336, -6436.40332031], [-120.56642, 46.36496, -6780.26269531], [-120.55458, 46.37021, -6744.15722656]]], [[[-120.54012, 46.48088, -2267.17382812], [-120.53887, 46.4727, -2601.37402344], [-120.52594, 46.47953, -2304.05517578], [-120.54012, 46.48088, -2267.17382812]]], [[[-120.54218, 46.02992, -20348.31445312], [-120.55626, 46.03503, -19955.14257812], [-120.55583, 46.02686, -20284.25976562], [-120.54218, 46.02992, -20348.31445312]]], [[[-120.52594, 46.47953, -2304.05517578], [-120.53078, 46.48841, -1945.84533691], [-120.54012, 46.48088, -2267.17382812], [-120.52594, 46.47953, -2304.05517578]]], [[[-120.5851, 46.4269, -4067.16894531], [-120.59676, 46.42168, -4111.78613281], [-120.58423, 46.4185, -4411.05957031], [-120.5851, 46.4269, -4067.16894531]]], [[[-120.52594, 46.47953, -2304.05517578], [-120.51661, 46.48811, -1929.35266113], [-120.53078, 46.48841, -1945.84533691], [-120.52594, 46.47953, -2304.05517578]]], [[[-120.55978, 46.42061, -4681.99658203], [-120.56065, 46.42901, -4338.30322266], [-120.5725, 46.42375, -4373.24658203], [-120.55978, 46.42061, -4681.99658203]]], [[[-120.52594, 46.47953, -2304.05517578], [-120.50899, 46.48061, -2245.76049805], [-120.51661, 46.48811, -1929.35266113], [-120.52594, 46.47953, -2304.05517578]]], [[[-120.56815, 46.38176, -6092.54394531], [-120.58074, 46.38491, -5786.62255859], [-120.57987, 46.37651, -6130.51318359], [-120.56815, 46.38176, -6092.54394531]]], [[[-120.51554, 46.47467, -2479.70703125], [-120.50899, 46.48061, -2245.76049805], [-120.52594, 46.47953, -2304.05517578], [-120.51554, 46.47467, -2479.70703125]]], [[[-120.50173, 46.47312, -2573.87304688], [-120.50899, 46.48061, -2245.76049805], [-120.51554, 46.47467, -2479.70703125], [-120.50173, 46.47312, -2573.87304688]]], [[[-120.45919, 46.19107, -14112.57128906], [-120.44756, 46.19567, -13816.88769531], [-120.46019, 46.19963, -13762.58203125], [-120.45919, 46.19107, -14112.57128906]]], [[[-120.50899, 46.48061, -2245.76049805], [-120.50173, 46.47312, -2573.87304688], [-120.49148, 46.47906, -2335.85864258], [-120.50899, 46.48061, -2245.76049805]]], [[[-120.59101, 46.50298, -980.64428711], [-120.58751, 46.51275, -645.98309326], [-120.60239, 46.50801, -620.72808838], [-120.59101, 46.50298, -980.64428711]]], [[[-120.50899, 46.48061, -2245.76049805], [-120.50151, 46.48767, -1984.44165039], [-120.51661, 46.48811, -1929.35266113], [-120.50899, 46.48061, -2245.76049805]]], [[[-120.50151, 46.48767, -1984.44165039], [-120.50837, 46.49657, -1600.68139648], [-120.51661, 46.48811, -1929.35266113], [-120.50151, 46.48767, -1984.44165039]]], [[[-120.50151, 46.48767, -1984.44165039], [-120.49386, 46.49578, -1651.93286133], [-120.50837, 46.49657, -1600.68139648], [-120.50151, 46.48767, -1984.44165039]]], [[[-120.46855, 46.16112, -15335.55273438], [-120.45566, 46.15759, -15481.61328125], [-120.45653, 46.16576, -15147.52734375], [-120.46855, 46.16112, -15335.55273438]]], [[[-120.48768, 46.48786, -1960.17260742], [-120.49386, 46.49578, -1651.93286133], [-120.50151, 46.48767, -1984.44165039], [-120.48768, 46.48786, -1960.17260742]]], [[[-120.43048, 46.1495, -15604.20410156], [-120.41844, 46.15399, -15450.07617188], [-120.43101, 46.15776, -15264.61523438], [-120.43048, 46.1495, -15604.20410156]]], [[[-120.48768, 46.48786, -1960.17260742], [-120.47872, 46.4939, -1625.69689941], [-120.49386, 46.49578, -1651.93286133], [-120.48768, 46.48786, -1960.17260742]]], [[[-120.47872, 46.4939, -1625.69689941], [-120.48768, 46.48786, -1960.17260742], [-120.47768, 46.48309, -2068.31176758], [-120.47872, 46.4939, -1625.69689941]]], [[[-120.49904, 46.07749, -18780.85351562], [-120.48642, 46.08228, -18557.1015625], [-120.49989, 46.08589, -18437.19335938], [-120.49904, 46.07749, -18780.85351562]]], [[[-120.47872, 46.4939, -1625.69689941], [-120.47768, 46.48309, -2068.31176758], [-120.46654, 46.4882, -1774.8651123], [-120.47872, 46.4939, -1625.69689941]]], [[[-120.47872, 46.4939, -1625.69689941], [-120.46819, 46.49957, -1313.58007812], [-120.48488, 46.50284, -1307.86486816], [-120.47872, 46.4939, -1625.69689941]]], [[[-120.49386, 46.49578, -1651.93286133], [-120.48488, 46.50284, -1307.86486816], [-120.50028, 46.50427, -1306.48706055], [-120.49386, 46.49578, -1651.93286133]]], [[[-120.39105, 46.12988, -16421.75390625], [-120.39018, 46.12191, -16747.56835938], [-120.37824, 46.12638, -16534.30664062], [-120.39105, 46.12988, -16421.75390625]]], [[[-120.51661, 46.48811, -1929.35266113], [-120.50837, 46.49657, -1600.68139648], [-120.52414, 46.49648, -1601.97790527], [-120.51661, 46.48811, -1929.35266113]]], [[[-120.45119, 46.11516, -17216.79492188], [-120.43826, 46.1113, -17260.88671875], [-120.43959, 46.11976, -16919.09179688], [-120.45119, 46.11516, -17216.79492188]]], [[[-120.51661, 46.48811, -1929.35266113], [-120.52414, 46.49648, -1601.97790527], [-120.53078, 46.48841, -1945.84533691], [-120.51661, 46.48811, -1929.35266113]]], [[[-120.4449, 46.17036, -14851.20996094], [-120.44358, 46.16191, -15192.67871094], [-120.43196, 46.1666, -14903.74023438], [-120.4449, 46.17036, -14851.20996094]]], [[[-120.5438, 46.48898, -1939.97436523], [-120.54012, 46.48088, -2267.17382812], [-120.53078, 46.48841, -1945.84533691], [-120.5438, 46.48898, -1939.97436523]]], [[[-120.52824, 46.36308, -7090.08691406], [-120.54064, 46.35837, -7299.12255859], [-120.52738, 46.35468, -7433.93408203], [-120.52824, 46.36308, -7090.08691406]]], [[[-120.5528, 46.47595, -2483.9777832], [-120.56587, 46.47941, -2276.14282227], [-120.565, 46.47101, -2619.83618164], [-120.5528, 46.47595, -2483.9777832]]], [[[-120.46855, 46.16112, -15335.55273438], [-120.46757, 46.15266, -15681.76464844], [-120.45566, 46.15759, -15481.61328125], [-120.46855, 46.16112, -15335.55273438]]], [[[-120.565, 46.47101, -2619.83618164], [-120.57773, 46.47415, -2310.09008789], [-120.57686, 46.46575, -2653.94946289], [-120.565, 46.47101, -2619.83618164]]], [[[-120.56587, 46.47941, -2276.14282227], [-120.5786, 46.48255, -1966.23059082], [-120.57773, 46.47415, -2310.09008789], [-120.56587, 46.47941, -2276.14282227]]], [[[-120.40608, 46.27375, -10542.32421875], [-120.3934, 46.26973, -10674.98925781], [-120.39405, 46.27817, -10329.31152344], [-120.40608, 46.27375, -10542.32421875]]], [[[-120.56671, 46.48777, -1934.43835449], [-120.57944, 46.49092, -1623.89807129], [-120.5786, 46.48255, -1966.23059082], [-120.56671, 46.48777, -1934.43835449]]], [[[-120.41341, 46.34088, -7798.01318359], [-120.41209, 46.33238, -8146.05126953], [-120.40039, 46.3372, -7916.79589844], [-120.41341, 46.34088, -7798.01318359]]], [[[-120.56671, 46.48777, -1934.43835449], [-120.56645, 46.49511, -1645.77966309], [-120.57944, 46.49092, -1623.89807129], [-120.56671, 46.48777, -1934.43835449]]], [[[-120.42029, 46.1716, -14730.8125], [-120.43196, 46.1666, -14903.74023438], [-120.41919, 46.16283, -15089.4765625], [-120.42029, 46.1716, -14730.8125]]], [[[-120.56671, 46.48777, -1934.43835449], [-120.55374, 46.48434, -2140.05004883], [-120.55302, 46.4956, -1682.47241211], [-120.56671, 46.48777, -1934.43835449]]], [[[-120.4449, 46.17036, -14851.20996094], [-120.43196, 46.1666, -14903.74023438], [-120.43314, 46.17481, -14570.54785156], [-120.4449, 46.17036, -14851.20996094]]], [[[-120.53773, 46.49638, -1626.54248047], [-120.54351, 46.50472, -1292.80078125], [-120.55302, 46.4956, -1682.47241211], [-120.53773, 46.49638, -1626.54248047]]], [[[-120.52393, 46.32108, -8809.32617188], [-120.53718, 46.32477, -8674.85644531], [-120.53631, 46.31637, -9018.7890625], [-120.52393, 46.32108, -8809.32617188]]], [[[-120.54351, 46.50472, -1292.80078125], [-120.53773, 46.49638, -1626.54248047], [-120.5308, 46.50451, -1285.07824707], [-120.54351, 46.50472, -1292.80078125]]], [[[-120.4114, 46.32435, -8474.19628906], [-120.39869, 46.32033, -8606.5546875], [-120.39934, 46.32876, -8261.02441406], [-120.4114, 46.32435, -8474.19628906]]], [[[-120.54351, 46.50472, -1292.80078125], [-120.53678, 46.5129, -947.5491333], [-120.55031, 46.51295, -965.00244141], [-120.54351, 46.50472, -1292.80078125]]], [[[-120.55031, 46.51295, -965.00244141], [-120.56318, 46.51234, -963.44134521], [-120.55563, 46.50482, -1302.58996582], [-120.55031, 46.51295, -965.00244141]]], [[[-120.55031, 46.51295, -965.00244141], [-120.54369, 46.52087, -629.34960938], [-120.55831, 46.52139, -619.48590088], [-120.55031, 46.51295, -965.00244141]]], [[[-120.55031, 46.51295, -965.00244141], [-120.53678, 46.5129, -947.5491333], [-120.54369, 46.52087, -629.34960938], [-120.55031, 46.51295, -965.00244141]]], [[[-120.49497, 46.1664, -15115.80957031], [-120.50758, 46.16149, -15342.3828125], [-120.49413, 46.15797, -15460.8046875], [-120.49497, 46.1664, -15115.80957031]]], [[[-120.53678, 46.5129, -947.5491333], [-120.52907, 46.52052, -624.55621338], [-120.54369, 46.52087, -629.34960938], [-120.53678, 46.5129, -947.5491333]]], [[[-120.48168, 46.16451, -15159.34179688], [-120.48244, 46.17291, -14815.81835938], [-120.49497, 46.1664, -15115.80957031], [-120.48168, 46.16451, -15159.34179688]]], [[[-120.53678, 46.5129, -947.5491333], [-120.5308, 46.50451, -1285.07824707], [-120.52365, 46.51216, -956.04650879], [-120.53678, 46.5129, -947.5491333]]], [[[-120.50706, 46.28386, -10310.62597656], [-120.52048, 46.28748, -10184.71289062], [-120.51962, 46.27908, -10528.56054688], [-120.50706, 46.28386, -10310.62597656]]], [[[-120.51622, 46.5043, -1262.55419922], [-120.52365, 46.51216, -956.04650879], [-120.5308, 46.50451, -1285.07824707], [-120.51622, 46.5043, -1262.55419922]]], [[[-120.52393, 46.32108, -8809.32617188], [-120.53631, 46.31637, -9018.7890625], [-120.52307, 46.31268, -9153.17089844], [-120.52393, 46.32108, -8809.32617188]]], [[[-120.51622, 46.5043, -1262.55419922], [-120.50819, 46.512, -975.67840576], [-120.52365, 46.51216, -956.04650879], [-120.51622, 46.5043, -1262.55419922]]], [[[-120.50028, 46.50427, -1306.48706055], [-120.50819, 46.512, -975.67840576], [-120.51622, 46.5043, -1262.55419922], [-120.50028, 46.50427, -1306.48706055]]], [[[-120.49174, 46.51159, -1004.53540039], [-120.49905, 46.51948, -683.65789795], [-120.50819, 46.512, -975.67840576], [-120.49174, 46.51159, -1004.53540039]]], [[[-120.53341, 46.41348, -5026.96630859], [-120.54583, 46.40876, -5235.52246094], [-120.53255, 46.40508, -5370.82470703], [-120.53341, 46.41348, -5026.96630859]]], [[[-120.49174, 46.51159, -1004.53540039], [-120.48174, 46.51743, -668.90570068], [-120.49905, 46.51948, -683.65789795], [-120.49174, 46.51159, -1004.53540039]]], [[[-120.41606, 46.36617, -6764.45019531], [-120.41474, 46.35769, -7111.66503906], [-120.40303, 46.3625, -6882.51953125], [-120.41606, 46.36617, -6764.45019531]]], [[[-120.49174, 46.51159, -1004.53540039], [-120.47552, 46.50892, -974.63684082], [-120.48174, 46.51743, -668.90570068], [-120.49174, 46.51159, -1004.53540039]]], [[[-120.52135, 46.29588, -9840.8671875], [-120.53459, 46.29958, -9706.65625], [-120.53372, 46.29118, -10050.58984375], [-120.52135, 46.29588, -9840.8671875]]], [[[-120.48488, 46.50284, -1307.86486816], [-120.47552, 46.50892, -974.63684082], [-120.49174, 46.51159, -1004.53540039], [-120.48488, 46.50284, -1307.86486816]]], [[[-120.48488, 46.50284, -1307.86486816], [-120.46819, 46.49957, -1313.58007812], [-120.47552, 46.50892, -974.63684082], [-120.48488, 46.50284, -1307.86486816]]], [[[-120.46819, 46.49957, -1313.58007812], [-120.45883, 46.50756, -997.40960693], [-120.47552, 46.50892, -974.63684082], [-120.46819, 46.49957, -1313.58007812]]], [[[-120.46819, 46.49957, -1313.58007812], [-120.45439, 46.50036, -1303.29992676], [-120.45883, 46.50756, -997.40960693], [-120.46819, 46.49957, -1313.58007812]]], [[[-120.5317, 46.39668, -5714.69433594], [-120.5441, 46.39197, -5923.38916016], [-120.53083, 46.38828, -6058.54492188], [-120.5317, 46.39668, -5714.69433594]]], [[[-120.45439, 46.50036, -1303.29992676], [-120.46819, 46.49957, -1313.58007812], [-120.45461, 46.49216, -1634.8638916], [-120.45439, 46.50036, -1303.29992676]]], [[[-120.45461, 46.49216, -1634.8638916], [-120.44208, 46.49661, -1429.16564941], [-120.45439, 46.50036, -1303.29992676], [-120.45461, 46.49216, -1634.8638916]]], [[[-120.52738, 46.35468, -7433.93408203], [-120.54064, 46.35837, -7299.12255859], [-120.53977, 46.34997, -7643.05615234], [-120.52738, 46.35468, -7433.93408203]]], [[[-120.45461, 46.49216, -1634.8638916], [-120.44112, 46.48775, -1791.47949219], [-120.44208, 46.49661, -1429.16564941], [-120.45461, 46.49216, -1634.8638916]]], [[[-120.52566, 46.33788, -8121.62890625], [-120.53804, 46.33317, -8330.92285156], [-120.52479, 46.32948, -8465.4765625], [-120.52566, 46.33788, -8121.62890625]]], [[[-120.45461, 46.49216, -1634.8638916], [-120.45319, 46.48329, -1998.9128418], [-120.44112, 46.48775, -1791.47949219], [-120.45461, 46.49216, -1634.8638916]]], [[[-120.52824, 46.36308, -7090.08691406], [-120.5415, 46.36677, -6955.18945312], [-120.54064, 46.35837, -7299.12255859], [-120.52824, 46.36308, -7090.08691406]]], [[[-120.45461, 46.49216, -1634.8638916], [-120.46654, 46.4882, -1774.8651123], [-120.45319, 46.48329, -1998.9128418], [-120.45461, 46.49216, -1634.8638916]]], [[[-120.46654, 46.4882, -1774.8651123], [-120.45461, 46.49216, -1634.8638916], [-120.46819, 46.49957, -1313.58007812], [-120.46654, 46.4882, -1774.8651123]]], [[[-120.46518, 46.47857, -2165.96191406], [-120.45212, 46.47523, -2328.90283203], [-120.45319, 46.48329, -1998.9128418], [-120.46518, 46.47857, -2165.96191406]]], [[[-120.52738, 46.35468, -7433.93408203], [-120.53977, 46.34997, -7643.05615234], [-120.52652, 46.34628, -7777.78466797], [-120.52738, 46.35468, -7433.93408203]]], [[[-120.46379, 46.47014, -2506.87353516], [-120.45212, 46.47523, -2328.90283203], [-120.46518, 46.47857, -2165.96191406], [-120.46379, 46.47014, -2506.87353516]]], [[[-120.46379, 46.47014, -2506.87353516], [-120.45108, 46.46622, -2696.99853516], [-120.45212, 46.47523, -2328.90283203], [-120.46379, 46.47014, -2506.87353516]]], [[[-120.47575, 46.46559, -2783.08081055], [-120.46379, 46.47014, -2506.87353516], [-120.4771, 46.4742, -2435.23608398], [-120.47575, 46.46559, -2783.08081055]]], [[[-120.41871, 46.39146, -5730.86621094], [-120.41739, 46.383, -6077.27734375], [-120.40567, 46.3878, -5848.24316406], [-120.41871, 46.39146, -5730.86621094]]], [[[-120.48873, 46.46959, -2722.45849609], [-120.47575, 46.46559, -2783.08081055], [-120.4771, 46.4742, -2435.23608398], [-120.48873, 46.46959, -2722.45849609]]], [[[-120.5317, 46.39668, -5714.69433594], [-120.54496, 46.40037, -5579.45605469], [-120.5441, 46.39197, -5923.38916016], [-120.5317, 46.39668, -5714.69433594]]], [[[-120.48873, 46.46959, -2722.45849609], [-120.48783, 46.46117, -3066.78955078], [-120.47575, 46.46559, -2783.08081055], [-120.48873, 46.46959, -2722.45849609]]], [[[-120.4114, 46.32435, -8474.19628906], [-120.41077, 46.31559, -8831.57519531], [-120.39869, 46.32033, -8606.5546875], [-120.4114, 46.32435, -8474.19628906]]], [[[-120.48873, 46.46959, -2722.45849609], [-120.50084, 46.46461, -2921.83129883], [-120.48783, 46.46117, -3066.78955078], [-120.48873, 46.46959, -2722.45849609]]], [[[-120.41606, 46.36617, -6764.45019531], [-120.40303, 46.3625, -6882.51953125], [-120.404, 46.37093, -6538.12304688], [-120.41606, 46.36617, -6764.45019531]]], [[[-120.50084, 46.46461, -2921.83129883], [-120.48873, 46.46959, -2722.45849609], [-120.50173, 46.47312, -2573.87304688], [-120.50084, 46.46461, -2921.83129883]]], [[[-120.41407, 46.34965, -7440.13769531], [-120.41341, 46.34088, -7798.01318359], [-120.40134, 46.34563, -7572.33837891], [-120.41407, 46.34965, -7440.13769531]]], [[[-120.51377, 46.46726, -2780.35717773], [-120.50084, 46.46461, -2921.83129883], [-120.50173, 46.47312, -2573.87304688], [-120.51377, 46.46726, -2780.35717773]]], [[[-120.53428, 46.42188, -4683.12890625], [-120.5467, 46.41716, -4891.58935547], [-120.53341, 46.41348, -5026.96630859], [-120.53428, 46.42188, -4683.12890625]]], [[[-120.51272, 46.45918, -3110.27490234], [-120.50084, 46.46461, -2921.83129883], [-120.51377, 46.46726, -2780.35717773], [-120.51272, 46.45918, -3110.27490234]]], [[[-120.51272, 46.45918, -3110.27490234], [-120.49968, 46.45624, -3264.96850586], [-120.50084, 46.46461, -2921.83129883], [-120.51272, 46.45918, -3110.27490234]]], [[[-120.52479, 46.32948, -8465.4765625], [-120.53718, 46.32477, -8674.85644531], [-120.52393, 46.32108, -8809.32617188], [-120.52479, 46.32948, -8465.4765625]]], [[[-120.51177, 46.45105, -3442.43896484], [-120.49968, 46.45624, -3264.96850586], [-120.51272, 46.45918, -3110.27490234], [-120.51177, 46.45105, -3442.43896484]]], [[[-120.51177, 46.45105, -3442.43896484], [-120.49889, 46.44789, -3606.23608398], [-120.49968, 46.45624, -3264.96850586], [-120.51177, 46.45105, -3442.43896484]]], [[[-120.51097, 46.44277, -3781.4777832], [-120.49889, 46.44789, -3606.23608398], [-120.51177, 46.45105, -3442.43896484], [-120.51097, 46.44277, -3781.4777832]]], [[[-120.51097, 46.44277, -3781.4777832], [-120.49812, 46.43935, -3955.05102539], [-120.49889, 46.44789, -3606.23608398], [-120.51097, 46.44277, -3781.4777832]]], [[[-120.50998, 46.43413, -4134.48779297], [-120.49812, 46.43935, -3955.05102539], [-120.51097, 46.44277, -3781.4777832], [-120.50998, 46.43413, -4134.48779297]]], [[[-120.50998, 46.43413, -4134.48779297], [-120.497, 46.43093, -4300.13525391], [-120.49812, 46.43935, -3955.05102539], [-120.50998, 46.43413, -4134.48779297]]], [[[-120.50907, 46.4259, -4470.93212891], [-120.497, 46.43093, -4300.13525391], [-120.50998, 46.43413, -4134.48779297], [-120.50907, 46.4259, -4470.93212891]]], [[[-120.50907, 46.4259, -4470.93212891], [-120.49622, 46.42254, -4643.23828125], [-120.497, 46.43093, -4300.13525391], [-120.50907, 46.4259, -4470.93212891]]], [[[-120.50816, 46.41759, -4810.46142578], [-120.49622, 46.42254, -4643.23828125], [-120.50907, 46.4259, -4470.93212891], [-120.50816, 46.41759, -4810.46142578]]], [[[-120.50816, 46.41759, -4810.46142578], [-120.49537, 46.41399, -4992.61083984], [-120.49622, 46.42254, -4643.23828125], [-120.50816, 46.41759, -4810.46142578]]], [[[-120.50724, 46.40888, -5167.01074219], [-120.49537, 46.41399, -4992.61083984], [-120.50816, 46.41759, -4810.46142578], [-120.50724, 46.40888, -5167.01074219]]], [[[-120.50724, 46.40888, -5167.01074219], [-120.4943, 46.40561, -5335.89160156], [-120.49537, 46.41399, -4992.61083984], [-120.50724, 46.40888, -5167.01074219]]], [[[-120.50637, 46.40058, -5506.07080078], [-120.4943, 46.40561, -5335.89160156], [-120.50724, 46.40888, -5167.01074219], [-120.50637, 46.40058, -5506.07080078]]], [[[-120.50637, 46.40058, -5506.07080078], [-120.49352, 46.39725, -5677.40087891], [-120.4943, 46.40561, -5335.89160156], [-120.50637, 46.40058, -5506.07080078]]], [[[-120.50553, 46.39216, -5850.75048828], [-120.49352, 46.39725, -5677.40087891], [-120.50637, 46.40058, -5506.07080078], [-120.50553, 46.39216, -5850.75048828]]], [[[-120.50553, 46.39216, -5850.75048828], [-120.49264, 46.38876, -6024.81835938], [-120.49352, 46.39725, -5677.40087891], [-120.50553, 46.39216, -5850.75048828]]], [[[-120.50455, 46.38352, -6203.88623047], [-120.49264, 46.38876, -6024.81835938], [-120.50553, 46.39216, -5850.75048828], [-120.50455, 46.38352, -6203.88623047]]], [[[-120.50455, 46.38352, -6203.88623047], [-120.4916, 46.38033, -6369.88134766], [-120.49264, 46.38876, -6024.81835938], [-120.50455, 46.38352, -6203.88623047]]], [[[-120.50371, 46.37524, -6542.49072266], [-120.4916, 46.38033, -6369.88134766], [-120.50455, 46.38352, -6203.88623047], [-120.50371, 46.37524, -6542.49072266]]], [[[-120.50371, 46.37524, -6542.49072266], [-120.49083, 46.37195, -6712.24853516], [-120.4916, 46.38033, -6369.88134766], [-120.50371, 46.37524, -6542.49072266]]], [[[-120.50283, 46.36695, -6881.60546875], [-120.49083, 46.37195, -6712.24853516], [-120.50371, 46.37524, -6542.49072266], [-120.50283, 46.36695, -6881.60546875]]], [[[-120.50283, 46.36695, -6881.60546875], [-120.48995, 46.36346, -7059.52832031], [-120.49083, 46.37195, -6712.24853516], [-120.50283, 46.36695, -6881.60546875]]], [[[-120.50184, 46.35829, -7235.50195312], [-120.48891, 46.35503, -7404.65771484], [-120.48995, 46.36346, -7059.52832031], [-120.50184, 46.35829, -7235.50195312]]], [[[-120.50102, 46.34994, -7576.95654297], [-120.48891, 46.35503, -7404.65771484], [-120.50184, 46.35829, -7235.50195312], [-120.50102, 46.34994, -7576.95654297]]], [[[-120.50102, 46.34994, -7576.95654297], [-120.48813, 46.34665, -7747.08398438], [-120.48891, 46.35503, -7404.65771484], [-120.50102, 46.34994, -7576.95654297]]], [[[-120.53083, 46.38828, -6058.54492188], [-120.54323, 46.38357, -6267.32275391], [-120.52997, 46.37988, -6402.39208984], [-120.53083, 46.38828, -6058.54492188]]], [[[-120.50018, 46.34157, -7919.32958984], [-120.48813, 46.34665, -7747.08398438], [-120.50102, 46.34994, -7576.95654297], [-120.50018, 46.34157, -7919.32958984]]], [[[-120.50018, 46.34157, -7919.32958984], [-120.48727, 46.33816, -8094.18847656], [-120.48813, 46.34665, -7747.08398438], [-120.50018, 46.34157, -7919.32958984]]], [[[-120.52911, 46.37148, -6746.23925781], [-120.54237, 46.37517, -6611.25585938], [-120.5415, 46.36677, -6955.18945312], [-120.52911, 46.37148, -6746.23925781]]], [[[-120.49929, 46.33292, -8273.05273438], [-120.48727, 46.33816, -8094.18847656], [-120.50018, 46.34157, -7919.32958984], [-120.49929, 46.33292, -8273.05273438]]], [[[-120.53255, 46.40508, -5370.82470703], [-120.54583, 46.40876, -5235.52246094], [-120.54496, 46.40037, -5579.45605469], [-120.53255, 46.40508, -5370.82470703]]], [[[-120.49929, 46.33292, -8273.05273438], [-120.4863, 46.32973, -8439.16503906], [-120.48727, 46.33816, -8094.18847656], [-120.49929, 46.33292, -8273.05273438]]], [[[-120.49836, 46.3246, -8613.11035156], [-120.4863, 46.32973, -8439.16503906], [-120.49929, 46.33292, -8273.05273438], [-120.49836, 46.3246, -8613.11035156]]], [[[-120.49836, 46.3246, -8613.11035156], [-120.48541, 46.32132, -8783.50292969], [-120.4863, 46.32973, -8439.16503906], [-120.49836, 46.3246, -8613.11035156]]], [[[-120.49758, 46.31623, -8955.79492188], [-120.4846, 46.31288, -9128.22851562], [-120.48541, 46.32132, -8783.50292969], [-120.49758, 46.31623, -8955.79492188]]], [[[-120.49663, 46.30764, -9306.74804688], [-120.4846, 46.31288, -9128.22851562], [-120.49758, 46.31623, -8955.79492188], [-120.49663, 46.30764, -9306.74804688]]], [[[-120.49663, 46.30764, -9306.74804688], [-120.48359, 46.3045, -9471.37304688], [-120.4846, 46.31288, -9128.22851562], [-120.49663, 46.30764, -9306.74804688]]], [[[-120.49567, 46.29933, -9646.49414062], [-120.48359, 46.3045, -9471.37304688], [-120.49663, 46.30764, -9306.74804688], [-120.49567, 46.29933, -9646.49414062]]], [[[-120.4949, 46.29096, -9988.96582031], [-120.4827, 46.29603, -9817.69824219], [-120.49567, 46.29933, -9646.49414062], [-120.4949, 46.29096, -9988.96582031]]], [[[-120.4949, 46.29096, -9988.96582031], [-120.48193, 46.28758, -10163.16015625], [-120.4827, 46.29603, -9817.69824219], [-120.4949, 46.29096, -9988.96582031]]], [[[-120.49393, 46.2824, -10338.58886719], [-120.48193, 46.28758, -10163.16015625], [-120.4949, 46.29096, -9988.96582031], [-120.49393, 46.2824, -10338.58886719]]], [[[-120.49393, 46.2824, -10338.58886719], [-120.48094, 46.27917, -10507.33105469], [-120.48193, 46.28758, -10163.16015625], [-120.49393, 46.2824, -10338.58886719]]], [[[-120.493, 46.27406, -10679.47363281], [-120.48094, 46.27917, -10507.33105469], [-120.49393, 46.2824, -10338.58886719], [-120.493, 46.27406, -10679.47363281]]], [[[-120.493, 46.27406, -10679.47363281], [-120.48002, 46.27073, -10852.5], [-120.48094, 46.27917, -10507.33105469], [-120.493, 46.27406, -10679.47363281]]], [[[-120.49228, 46.26568, -11022.85546875], [-120.48002, 46.27073, -10852.5], [-120.493, 46.27406, -10679.47363281], [-120.49228, 46.26568, -11022.85546875]]], [[[-120.49228, 46.26568, -11022.85546875], [-120.47925, 46.26228, -11197.75292969], [-120.48002, 46.27073, -10852.5], [-120.49228, 46.26568, -11022.85546875]]], [[[-120.49122, 46.25717, -11370.33203125], [-120.47925, 46.26228, -11197.75292969], [-120.49228, 46.26568, -11022.85546875], [-120.49122, 46.25717, -11370.33203125]]], [[[-120.49122, 46.25717, -11370.33203125], [-120.47827, 46.25387, -11542.14453125], [-120.47925, 46.26228, -11197.75292969], [-120.49122, 46.25717, -11370.33203125]]], [[[-120.49034, 46.24881, -11712.24902344], [-120.47827, 46.25387, -11542.14453125], [-120.49122, 46.25717, -11370.33203125], [-120.49034, 46.24881, -11712.24902344]]], [[[-120.49034, 46.24881, -11712.24902344], [-120.47738, 46.24547, -11885.58203125], [-120.47827, 46.25387, -11542.14453125], [-120.49034, 46.24881, -11712.24902344]]], [[[-120.48961, 46.24038, -12057.34179688], [-120.47738, 46.24547, -11885.58203125], [-120.49034, 46.24881, -11712.24902344], [-120.48961, 46.24038, -12057.34179688]]], [[[-120.48961, 46.24038, -12057.34179688], [-120.47658, 46.23697, -12232.87304688], [-120.47738, 46.24547, -11885.58203125], [-120.48961, 46.24038, -12057.34179688]]], [[[-120.48863, 46.23181, -12407.56347656], [-120.47658, 46.23697, -12232.87304688], [-120.48961, 46.24038, -12057.34179688], [-120.48863, 46.23181, -12407.56347656]]], [[[-120.48863, 46.23181, -12407.56347656], [-120.4756, 46.22857, -12577.015625], [-120.47658, 46.23697, -12232.87304688], [-120.48863, 46.23181, -12407.56347656]]], [[[-120.48773, 46.22345, -12749.36230469], [-120.4756, 46.22857, -12577.015625], [-120.48863, 46.23181, -12407.56347656], [-120.48773, 46.22345, -12749.36230469]]], [[[-120.48773, 46.22345, -12749.36230469], [-120.47471, 46.22017, -12920.27636719], [-120.4756, 46.22857, -12577.015625], [-120.48773, 46.22345, -12749.36230469]]], [[[-120.48696, 46.21509, -13091.4375], [-120.47471, 46.22017, -12920.27636719], [-120.48773, 46.22345, -12749.36230469], [-120.48696, 46.21509, -13091.4375]]], [[[-120.48696, 46.21509, -13091.4375], [-120.47392, 46.21168, -13267.23632812], [-120.47471, 46.22017, -12920.27636719], [-120.48696, 46.21509, -13091.4375]]], [[[-120.48696, 46.21509, -13091.4375], [-120.48597, 46.20652, -13441.61621094], [-120.47392, 46.21168, -13267.23632812], [-120.48696, 46.21509, -13091.4375]]], [[[-120.50025, 46.21665, -13060.15234375], [-120.49942, 46.20825, -13403.72265625], [-120.48696, 46.21509, -13091.4375], [-120.50025, 46.21665, -13060.15234375]]], [[[-120.48773, 46.22345, -12749.36230469], [-120.50025, 46.21665, -13060.15234375], [-120.48696, 46.21509, -13091.4375], [-120.48773, 46.22345, -12749.36230469]]], [[[-120.50101, 46.22508, -12715.30371094], [-120.50025, 46.21665, -13060.15234375], [-120.48773, 46.22345, -12749.36230469], [-120.50101, 46.22508, -12715.30371094]]], [[[-120.48863, 46.23181, -12407.56347656], [-120.50101, 46.22508, -12715.30371094], [-120.48773, 46.22345, -12749.36230469], [-120.48863, 46.23181, -12407.56347656]]], [[[-120.50203, 46.23345, -12373.0859375], [-120.50101, 46.22508, -12715.30371094], [-120.48863, 46.23181, -12407.56347656], [-120.50203, 46.23345, -12373.0859375]]], [[[-120.48961, 46.24038, -12057.34179688], [-120.50203, 46.23345, -12373.0859375], [-120.48863, 46.23181, -12407.56347656], [-120.48961, 46.24038, -12057.34179688]]], [[[-120.50275, 46.24193, -12026.09863281], [-120.50203, 46.23345, -12373.0859375], [-120.48961, 46.24038, -12057.34179688], [-120.50275, 46.24193, -12026.09863281]]], [[[-120.49034, 46.24881, -11712.24902344], [-120.50275, 46.24193, -12026.09863281], [-120.48961, 46.24038, -12057.34179688], [-120.49034, 46.24881, -11712.24902344]]], [[[-120.5035, 46.25043, -11677.97851562], [-120.50275, 46.24193, -12026.09863281], [-120.49034, 46.24881, -11712.24902344], [-120.5035, 46.25043, -11677.97851562]]], [[[-120.49122, 46.25717, -11370.33203125], [-120.5035, 46.25043, -11677.97851562], [-120.49034, 46.24881, -11712.24902344], [-120.49122, 46.25717, -11370.33203125]]], [[[-120.5045, 46.25882, -11335.18457031], [-120.5035, 46.25043, -11677.97851562], [-120.49122, 46.25717, -11370.33203125], [-120.5045, 46.25882, -11335.18457031]]], [[[-120.49228, 46.26568, -11022.85546875], [-120.5045, 46.25882, -11335.18457031], [-120.49122, 46.25717, -11370.33203125], [-120.49228, 46.26568, -11022.85546875]]], [[[-120.50539, 46.26712, -10995.703125], [-120.5045, 46.25882, -11335.18457031], [-120.49228, 46.26568, -11022.85546875], [-120.50539, 46.26712, -10995.703125]]], [[[-120.50539, 46.26712, -10995.703125], [-120.49228, 46.26568, -11022.85546875], [-120.493, 46.27406, -10679.47363281], [-120.50539, 46.26712, -10995.703125]]], [[[-120.48597, 46.20652, -13441.61621094], [-120.49942, 46.20825, -13403.72265625], [-120.49847, 46.19991, -13744.94335938], [-120.48597, 46.20652, -13441.61621094]]], [[[-120.48597, 46.20652, -13441.61621094], [-120.49847, 46.19991, -13744.94335938], [-120.48507, 46.19821, -13781.2734375], [-120.48597, 46.20652, -13441.61621094]]], [[[-120.47293, 46.20327, -13611.84570312], [-120.48597, 46.20652, -13441.61621094], [-120.48507, 46.19821, -13781.2734375], [-120.47293, 46.20327, -13611.84570312]]], [[[-120.48597, 46.20652, -13441.61621094], [-120.47293, 46.20327, -13611.84570312], [-120.47392, 46.21168, -13267.23632812], [-120.48597, 46.20652, -13441.61621094]]], [[[-120.47293, 46.20327, -13611.84570312], [-120.461, 46.2082, -13412.06152344], [-120.47392, 46.21168, -13267.23632812], [-120.47293, 46.20327, -13611.84570312]]], [[[-120.461, 46.2082, -13412.06152344], [-120.47293, 46.20327, -13611.84570312], [-120.46019, 46.19963, -13762.58203125], [-120.461, 46.2082, -13412.06152344]]], [[[-120.44845, 46.20405, -13474.40625], [-120.461, 46.2082, -13412.06152344], [-120.46019, 46.19963, -13762.58203125], [-120.44845, 46.20405, -13474.40625]]], [[[-120.46188, 46.21634, -13079.30957031], [-120.47471, 46.22017, -12920.27636719], [-120.47392, 46.21168, -13267.23632812], [-120.46188, 46.21634, -13079.30957031]]], [[[-120.47471, 46.22017, -12920.27636719], [-120.46188, 46.21634, -13079.30957031], [-120.46287, 46.22492, -12728.21582031], [-120.47471, 46.22017, -12920.27636719]]], [[[-120.4756, 46.22857, -12577.015625], [-120.47471, 46.22017, -12920.27636719], [-120.46287, 46.22492, -12728.21582031], [-120.4756, 46.22857, -12577.015625]]], [[[-120.4756, 46.22857, -12577.015625], [-120.46287, 46.22492, -12728.21582031], [-120.46366, 46.2335, -12377.53320312], [-120.4756, 46.22857, -12577.015625]]], [[[-120.47658, 46.23697, -12232.87304688], [-120.46366, 46.2335, -12377.53320312], [-120.46455, 46.24163, -12044.81933594], [-120.47658, 46.23697, -12232.87304688]]], [[[-120.47738, 46.24547, -11885.58203125], [-120.47658, 46.23697, -12232.87304688], [-120.46455, 46.24163, -12044.81933594], [-120.47738, 46.24547, -11885.58203125]]], [[[-120.47738, 46.24547, -11885.58203125], [-120.46455, 46.24163, -12044.81933594], [-120.46553, 46.25022, -11693.68457031], [-120.47738, 46.24547, -11885.58203125]]], [[[-120.47925, 46.26228, -11197.75292969], [-120.46633, 46.2588, -11342.79003906], [-120.46717, 46.26691, -11011.203125], [-120.47925, 46.26228, -11197.75292969]]], [[[-120.48002, 46.27073, -10852.5], [-120.46717, 46.26691, -11011.203125], [-120.4682, 46.27552, -10659.29882812], [-120.48002, 46.27073, -10852.5]]], [[[-120.48094, 46.27917, -10507.33105469], [-120.4682, 46.27552, -10659.29882812], [-120.469, 46.2841, -10308.04101562], [-120.48094, 46.27917, -10507.33105469]]], [[[-120.48193, 46.28758, -10163.16015625], [-120.469, 46.2841, -10308.04101562], [-120.46985, 46.29221, -9976.5234375], [-120.48193, 46.28758, -10163.16015625]]], [[[-120.4827, 46.29603, -9817.69824219], [-120.48193, 46.28758, -10163.16015625], [-120.46985, 46.29221, -9976.5234375], [-120.4827, 46.29603, -9817.69824219]]], [[[-120.4827, 46.29603, -9817.69824219], [-120.46985, 46.29221, -9976.5234375], [-120.47087, 46.30081, -9624.90429688], [-120.4827, 46.29603, -9817.69824219]]], [[[-120.48359, 46.3045, -9471.37304688], [-120.4827, 46.29603, -9817.69824219], [-120.47087, 46.30081, -9624.90429688], [-120.48359, 46.3045, -9471.37304688]]], [[[-120.48359, 46.3045, -9471.37304688], [-120.47087, 46.30081, -9624.90429688], [-120.47166, 46.30944, -9271.91503906], [-120.48359, 46.3045, -9471.37304688]]], [[[-120.4846, 46.31288, -9128.22851562], [-120.47166, 46.30944, -9271.91503906], [-120.47253, 46.31753, -8941.14453125], [-120.4846, 46.31288, -9128.22851562]]], [[[-120.48541, 46.32132, -8783.50292969], [-120.47253, 46.31753, -8941.14453125], [-120.47355, 46.32607, -8591.81445312], [-120.48541, 46.32132, -8783.50292969]]], [[[-120.4863, 46.32973, -8439.16503906], [-120.47355, 46.32607, -8591.81445312], [-120.47437, 46.33466, -8240.73339844], [-120.4863, 46.32973, -8439.16503906]]], [[[-120.48727, 46.33816, -8094.18847656], [-120.47437, 46.33466, -8240.73339844], [-120.47525, 46.34287, -7904.73095703], [-120.48727, 46.33816, -8094.18847656]]], [[[-120.48813, 46.34665, -7747.08398438], [-120.48727, 46.33816, -8094.18847656], [-120.47525, 46.34287, -7904.73095703], [-120.48813, 46.34665, -7747.08398438]]], [[[-120.48813, 46.34665, -7747.08398438], [-120.47525, 46.34287, -7904.73095703], [-120.4762, 46.35133, -7558.87451172], [-120.48813, 46.34665, -7747.08398438]]], [[[-120.48891, 46.35503, -7404.65771484], [-120.48813, 46.34665, -7747.08398438], [-120.4762, 46.35133, -7558.87451172], [-120.48891, 46.35503, -7404.65771484]]], [[[-120.53083, 46.38828, -6058.54492188], [-120.5441, 46.39197, -5923.38916016], [-120.54323, 46.38357, -6267.32275391], [-120.53083, 46.38828, -6058.54492188]]], [[[-120.48891, 46.35503, -7404.65771484], [-120.4762, 46.35133, -7558.87451172], [-120.47705, 46.35995, -7206.21044922], [-120.48891, 46.35503, -7404.65771484]]], [[[-120.48995, 46.36346, -7059.52832031], [-120.47705, 46.35995, -7206.21044922], [-120.47794, 46.36818, -6869.92480469], [-120.48995, 46.36346, -7059.52832031]]], [[[-120.49083, 46.37195, -6712.24853516], [-120.47794, 46.36818, -6869.92480469], [-120.47889, 46.37663, -6524.37402344], [-120.49083, 46.37195, -6712.24853516]]], [[[-120.4916, 46.38033, -6369.88134766], [-120.49083, 46.37195, -6712.24853516], [-120.47889, 46.37663, -6524.37402344], [-120.4916, 46.38033, -6369.88134766]]], [[[-120.4916, 46.38033, -6369.88134766], [-120.47889, 46.37663, -6524.37402344], [-120.47974, 46.38525, -6171.67578125], [-120.4916, 46.38033, -6369.88134766]]], [[[-120.49264, 46.38876, -6024.81835938], [-120.47974, 46.38525, -6171.67578125], [-120.48062, 46.39348, -5835.07617188], [-120.49264, 46.38876, -6024.81835938]]], [[[-120.49352, 46.39725, -5677.40087891], [-120.49264, 46.38876, -6024.81835938], [-120.48062, 46.39348, -5835.07617188], [-120.49352, 46.39725, -5677.40087891]]], [[[-120.49352, 46.39725, -5677.40087891], [-120.48062, 46.39348, -5835.07617188], [-120.48157, 46.40192, -5489.8671875], [-120.49352, 46.39725, -5677.40087891]]], [[[-120.4943, 46.40561, -5335.89160156], [-120.49352, 46.39725, -5677.40087891], [-120.48157, 46.40192, -5489.8671875], [-120.4943, 46.40561, -5335.89160156]]], [[[-120.4943, 46.40561, -5335.89160156], [-120.48157, 46.40192, -5489.8671875], [-120.48245, 46.41052, -5138.07519531], [-120.4943, 46.40561, -5335.89160156]]], [[[-120.49537, 46.41399, -4992.61083984], [-120.48245, 46.41052, -5138.07519531], [-120.48335, 46.41872, -4802.83447266], [-120.49537, 46.41399, -4992.61083984]]], [[[-120.49622, 46.42254, -4643.23828125], [-120.48335, 46.41872, -4802.83447266], [-120.48427, 46.42721, -4455.89404297], [-120.49622, 46.42254, -4643.23828125]]], [[[-120.497, 46.43093, -4300.13525391], [-120.48427, 46.42721, -4455.89404297], [-120.48516, 46.43585, -4102.20068359], [-120.497, 46.43093, -4300.13525391]]], [[[-120.49812, 46.43935, -3955.05102539], [-120.497, 46.43093, -4300.13525391], [-120.48516, 46.43585, -4102.20068359], [-120.49812, 46.43935, -3955.05102539]]], [[[-120.49812, 46.43935, -3955.05102539], [-120.48516, 46.43585, -4102.20068359], [-120.48604, 46.44403, -3767.95556641], [-120.49812, 46.43935, -3955.05102539]]], [[[-120.49889, 46.44789, -3606.23608398], [-120.48604, 46.44403, -3767.95556641], [-120.48693, 46.45256, -3418.89990234], [-120.49889, 46.44789, -3606.23608398]]], [[[-120.49968, 46.45624, -3264.96850586], [-120.49889, 46.44789, -3606.23608398], [-120.48693, 46.45256, -3418.89990234], [-120.49968, 46.45624, -3264.96850586]]], [[[-120.49968, 46.45624, -3264.96850586], [-120.48693, 46.45256, -3418.89990234], [-120.48783, 46.46117, -3066.78955078], [-120.49968, 46.45624, -3264.96850586]]], [[[-120.49968, 46.45624, -3264.96850586], [-120.48783, 46.46117, -3066.78955078], [-120.50084, 46.46461, -2921.83129883], [-120.49968, 46.45624, -3264.96850586]]], [[[-120.48693, 46.45256, -3418.89990234], [-120.47521, 46.4571, -3133.12060547], [-120.48783, 46.46117, -3066.78955078], [-120.48693, 46.45256, -3418.89990234]]], [[[-120.48693, 46.45256, -3418.89990234], [-120.47421, 46.44852, -3482.85986328], [-120.47521, 46.4571, -3133.12060547], [-120.48693, 46.45256, -3418.89990234]]], [[[-120.48604, 46.44403, -3767.95556641], [-120.47421, 46.44852, -3482.85986328], [-120.48693, 46.45256, -3418.89990234], [-120.48604, 46.44403, -3767.95556641]]], [[[-120.48604, 46.44403, -3767.95556641], [-120.47306, 46.44028, -3817.20043945], [-120.47421, 46.44852, -3482.85986328], [-120.48604, 46.44403, -3767.95556641]]], [[[-120.47306, 46.44028, -3817.20043945], [-120.47259, 46.43179, -4168.33496094], [-120.46047, 46.43605, -3900.82250977], [-120.47306, 46.44028, -3817.20043945]]], [[[-120.47306, 46.44028, -3817.20043945], [-120.46047, 46.43605, -3900.82250977], [-120.46112, 46.44484, -3539.96777344], [-120.47306, 46.44028, -3817.20043945]]], [[[-120.47421, 46.44852, -3482.85986328], [-120.46112, 46.44484, -3539.96777344], [-120.46255, 46.4532, -3202.39233398], [-120.47421, 46.44852, -3482.85986328]]], [[[-120.47521, 46.4571, -3133.12060547], [-120.47421, 46.44852, -3482.85986328], [-120.46255, 46.4532, -3202.39233398], [-120.47521, 46.4571, -3133.12060547]]], [[[-120.47521, 46.4571, -3133.12060547], [-120.46255, 46.4532, -3202.39233398], [-120.46316, 46.46135, -2867.50097656], [-120.47521, 46.4571, -3133.12060547]]], [[[-120.47521, 46.4571, -3133.12060547], [-120.46316, 46.46135, -2867.50097656], [-120.47575, 46.46559, -2783.08081055], [-120.47521, 46.4571, -3133.12060547]]], [[[-120.45045, 46.4577, -3044.28735352], [-120.44946, 46.44992, -3362.45800781], [-120.43743, 46.45451, -3149.68652344], [-120.45045, 46.4577, -3044.28735352]]], [[[-120.46316, 46.46135, -2867.50097656], [-120.45045, 46.4577, -3044.28735352], [-120.45108, 46.46622, -2696.99853516], [-120.46316, 46.46135, -2867.50097656]]], [[[-120.45108, 46.46622, -2696.99853516], [-120.43941, 46.47133, -2462.70483398], [-120.45212, 46.47523, -2328.90283203], [-120.45108, 46.46622, -2696.99853516]]], [[[-120.4401, 46.47983, -2114.61010742], [-120.45212, 46.47523, -2328.90283203], [-120.43941, 46.47133, -2462.70483398], [-120.4401, 46.47983, -2114.61010742]]], [[[-120.52307, 46.31268, -9153.17089844], [-120.53545, 46.30797, -9362.72265625], [-120.52221, 46.30428, -9497.01855469], [-120.52307, 46.31268, -9153.17089844]]], [[[-120.45319, 46.48329, -1998.9128418], [-120.4401, 46.47983, -2114.61010742], [-120.44112, 46.48775, -1791.47949219], [-120.45319, 46.48329, -1998.9128418]]], [[[-120.4401, 46.47983, -2114.61010742], [-120.42801, 46.48424, -1939.8223877], [-120.44112, 46.48775, -1791.47949219], [-120.4401, 46.47983, -2114.61010742]]], [[[-120.43838, 46.46231, -2831.12866211], [-120.42535, 46.45893, -2974.16699219], [-120.42666, 46.46733, -2630.01464844], [-120.43838, 46.46231, -2831.12866211]]], [[[-120.42535, 46.45893, -2974.16699219], [-120.43743, 46.45451, -3149.68652344], [-120.42475, 46.45085, -3304.15698242], [-120.42535, 46.45893, -2974.16699219]]], [[[-120.42535, 46.45893, -2974.16699219], [-120.42475, 46.45085, -3304.15698242], [-120.41261, 46.45525, -3090.3190918], [-120.42535, 46.45893, -2974.16699219]]], [[[-120.42666, 46.46733, -2630.01464844], [-120.41361, 46.4637, -2745.41772461], [-120.41462, 46.47213, -2401.35668945], [-120.42666, 46.46733, -2630.01464844]]], [[[-120.42666, 46.46733, -2630.01464844], [-120.41462, 46.47213, -2401.35668945], [-120.42743, 46.47614, -2270.1640625], [-120.42666, 46.46733, -2630.01464844]]], [[[-120.41462, 46.47213, -2401.35668945], [-120.41527, 46.48055, -2056.15429688], [-120.42743, 46.47614, -2270.1640625], [-120.41462, 46.47213, -2401.35668945]]], [[[-120.41527, 46.48055, -2056.15429688], [-120.41462, 46.47213, -2401.35668945], [-120.40286, 46.47653, -2071.15405273], [-120.41527, 46.48055, -2056.15429688]]], [[[-120.41527, 46.48055, -2056.15429688], [-120.40286, 46.47653, -2071.15405273], [-120.40375, 46.48496, -1725.81933594], [-120.41527, 46.48055, -2056.15429688]]], [[[-120.41527, 46.48055, -2056.15429688], [-120.40375, 46.48496, -1725.81933594], [-120.41626, 46.489, -1711.14355469], [-120.41527, 46.48055, -2056.15429688]]], [[[-120.42801, 46.48424, -1939.8223877], [-120.41527, 46.48055, -2056.15429688], [-120.41626, 46.489, -1711.14355469], [-120.42801, 46.48424, -1939.8223877]]], [[[-120.42801, 46.48424, -1939.8223877], [-120.42743, 46.47614, -2270.1640625], [-120.41527, 46.48055, -2056.15429688], [-120.42801, 46.48424, -1939.8223877]]], [[[-120.42932, 46.49262, -1596.39648438], [-120.41626, 46.489, -1711.14355469], [-120.41728, 46.49742, -1367.17077637], [-120.42932, 46.49262, -1596.39648438]]], [[[-120.4301, 46.50144, -1236.12219238], [-120.42932, 46.49262, -1596.39648438], [-120.41728, 46.49742, -1367.17077637], [-120.4301, 46.50144, -1236.12219238]]], [[[-120.44208, 46.49661, -1429.16564941], [-120.42932, 46.49262, -1596.39648438], [-120.4301, 46.50144, -1236.12219238], [-120.44208, 46.49661, -1429.16564941]]], [[[-120.44112, 46.48775, -1791.47949219], [-120.42932, 46.49262, -1596.39648438], [-120.44208, 46.49661, -1429.16564941], [-120.44112, 46.48775, -1791.47949219]]], [[[-120.44208, 46.49661, -1429.16564941], [-120.4301, 46.50144, -1236.12219238], [-120.44318, 46.50578, -1054.55981445], [-120.44208, 46.49661, -1429.16564941]]], [[[-120.45439, 46.50036, -1303.29992676], [-120.44208, 46.49661, -1429.16564941], [-120.44318, 46.50578, -1054.55981445], [-120.45439, 46.50036, -1303.29992676]]], [[[-120.4509, 46.51457, -717.17889404], [-120.45883, 46.50756, -997.40960693], [-120.44318, 46.50578, -1054.55981445], [-120.4509, 46.51457, -717.17889404]]], [[[-120.45883, 46.50756, -997.40960693], [-120.4509, 46.51457, -717.17889404], [-120.46606, 46.5153, -660.86468506], [-120.45883, 46.50756, -997.40960693]]], [[[-120.47552, 46.50892, -974.63684082], [-120.45883, 46.50756, -997.40960693], [-120.46606, 46.5153, -660.86468506], [-120.47552, 46.50892, -974.63684082]]], [[[-120.47552, 46.50892, -974.63684082], [-120.46606, 46.5153, -660.86468506], [-120.48174, 46.51743, -668.90570068], [-120.47552, 46.50892, -974.63684082]]], [[[-120.46606, 46.5153, -660.86468506], [-120.45764, 46.52254, -394.72866821], [-120.47229, 46.52365, -340.76245117], [-120.46606, 46.5153, -660.86468506]]], [[[-120.46606, 46.5153, -660.86468506], [-120.4509, 46.51457, -717.17889404], [-120.45764, 46.52254, -394.72866821], [-120.46606, 46.5153, -660.86468506]]], [[[-120.4509, 46.51457, -717.17889404], [-120.44453, 46.52312, -344.07815552], [-120.45764, 46.52254, -394.72866821], [-120.4509, 46.51457, -717.17889404]]], [[[-120.43816, 46.51468, -686.56341553], [-120.44318, 46.50578, -1054.55981445], [-120.43025, 46.50925, -918.03240967], [-120.43816, 46.51468, -686.56341553]]], [[[-120.43816, 46.51468, -686.56341553], [-120.43025, 46.50925, -918.03240967], [-120.42057, 46.51464, -669.20574951], [-120.43816, 46.51468, -686.56341553]]], [[[-120.43816, 46.51468, -686.56341553], [-120.42057, 46.51464, -669.20574951], [-120.43218, 46.52238, -380.44873047], [-120.43816, 46.51468, -686.56341553]]], [[[-120.44453, 46.52312, -344.07815552], [-120.43816, 46.51468, -686.56341553], [-120.43218, 46.52238, -380.44873047], [-120.44453, 46.52312, -344.07815552]]], [[[-120.45764, 46.52254, -394.72866821], [-120.45138, 46.53072, -52.9000206], [-120.46391, 46.53066, -45.60798264], [-120.45764, 46.52254, -394.72866821]]], [[[-120.47229, 46.52365, -340.76245117], [-120.46391, 46.53066, -45.60798264], [-120.47877, 46.53147, -59.44584274], [-120.47229, 46.52365, -340.76245117]]], [[[-120.48885, 46.52532, -403.46386719], [-120.47229, 46.52365, -340.76245117], [-120.47877, 46.53147, -59.44584274], [-120.48885, 46.52532, -403.46386719]]], [[[-120.48174, 46.51743, -668.90570068], [-120.48885, 46.52532, -403.46386719], [-120.49905, 46.51948, -683.65789795], [-120.48174, 46.51743, -668.90570068]]], [[[-120.49905, 46.51948, -683.65789795], [-120.48885, 46.52532, -403.46386719], [-120.50591, 46.52767, -347.86193848], [-120.49905, 46.51948, -683.65789795]]], [[[-120.50819, 46.512, -975.67840576], [-120.51495, 46.51986, -634.2074585], [-120.52365, 46.51216, -956.04650879], [-120.50819, 46.512, -975.67840576]]], [[[-120.52135, 46.29588, -9840.8671875], [-120.53372, 46.29118, -10050.58984375], [-120.52048, 46.28748, -10184.71289062], [-120.52135, 46.29588, -9840.8671875]]], [[[-120.52365, 46.51216, -956.04650879], [-120.51495, 46.51986, -634.2074585], [-120.52907, 46.52052, -624.55621338], [-120.52365, 46.51216, -956.04650879]]], [[[-120.52907, 46.52052, -624.55621338], [-120.51495, 46.51986, -634.2074585], [-120.52126, 46.528, -298.98278809], [-120.52907, 46.52052, -624.55621338]]], [[[-120.52907, 46.52052, -624.55621338], [-120.52126, 46.528, -298.98278809], [-120.53617, 46.52838, -311.97317505], [-120.52907, 46.52052, -624.55621338]]], [[[-120.55831, 46.52139, -619.48590088], [-120.54369, 46.52087, -629.34960938], [-120.54908, 46.52927, -292.63290405], [-120.55831, 46.52139, -619.48590088]]], [[[-120.55831, 46.52139, -619.48590088], [-120.5729, 46.52587, -342.54373169], [-120.57385, 46.51714, -672.40600586], [-120.55831, 46.52139, -619.48590088]]], [[[-120.56318, 46.51234, -963.44134521], [-120.55831, 46.52139, -619.48590088], [-120.57385, 46.51714, -672.40600586], [-120.56318, 46.51234, -963.44134521]]], [[[-120.56562, 46.50262, -1345.7208252], [-120.55302, 46.4956, -1682.47241211], [-120.55563, 46.50482, -1302.58996582], [-120.56562, 46.50262, -1345.7208252]]], [[[-120.56562, 46.50262, -1345.7208252], [-120.56645, 46.49511, -1645.77966309], [-120.55302, 46.4956, -1682.47241211], [-120.56562, 46.50262, -1345.7208252]]], [[[-120.41341, 46.34088, -7798.01318359], [-120.40039, 46.3372, -7916.79589844], [-120.40134, 46.34563, -7572.33837891], [-120.41341, 46.34088, -7798.01318359]]], [[[-120.5786, 46.48255, -1966.23059082], [-120.59121, 46.4857, -1659.93359375], [-120.59034, 46.4773, -2003.82446289], [-120.5786, 46.48255, -1966.23059082]]], [[[-120.57686, 46.46575, -2653.94946289], [-120.57773, 46.47415, -2310.09008789], [-120.58946, 46.4689, -2347.71508789], [-120.57686, 46.46575, -2653.94946289]]], [[[-120.58946, 46.4689, -2347.71508789], [-120.60113, 46.46367, -2391.73266602], [-120.58859, 46.4605, -2691.60595703], [-120.58946, 46.4689, -2347.71508789]]], [[[-120.60113, 46.46367, -2391.73266602], [-120.60201, 46.47207, -2047.72192383], [-120.61367, 46.46692, -2115.37963867], [-120.60113, 46.46367, -2391.73266602]]], [[[-120.60026, 46.45527, -2735.74316406], [-120.58859, 46.4605, -2691.60595703], [-120.60113, 46.46367, -2391.73266602], [-120.60026, 46.45527, -2735.74316406]]], [[[-120.58859, 46.4605, -2691.60595703], [-120.60026, 46.45527, -2735.74316406], [-120.58772, 46.4521, -3035.49658203], [-120.58859, 46.4605, -2691.60595703]]], [[[-120.62447, 46.45349, -2560.86254883], [-120.63696, 46.45683, -2310.671875], [-120.63608, 46.44843, -2655.1328125], [-120.62447, 46.45349, -2560.86254883]]], [[[-120.61104, 46.44173, -3148.11889648], [-120.62359, 46.44509, -2905.05371094], [-120.62271, 46.43669, -3249.24487305], [-120.61104, 46.44173, -3148.11889648]]], [[[-120.62183, 46.42829, -3593.43579102], [-120.63344, 46.42324, -3688.51538086], [-120.62096, 46.4199, -3937.62695312], [-120.62183, 46.42829, -3593.43579102]]], [[[-120.62096, 46.4199, -3937.62695312], [-120.63344, 46.42324, -3688.51538086], [-120.63256, 46.41484, -4032.97631836], [-120.62096, 46.4199, -3937.62695312]]], [[[-120.6192, 46.4031, -4626.00878906], [-120.62008, 46.4115, -4281.81787109], [-120.63168, 46.40644, -4377.43701172], [-120.6192, 46.4031, -4626.00878906]]], [[[-120.6192, 46.4031, -4626.00878906], [-120.63168, 46.40644, -4377.43701172], [-120.6308, 46.39805, -4721.89794922], [-120.6192, 46.4031, -4626.00878906]]], [[[-120.64048, 46.49041, -932.82843018], [-120.6396, 46.48202, -1277.28930664], [-120.62798, 46.48708, -1184.0982666], [-120.64048, 46.49041, -932.82843018]]], [[[-120.60929, 46.5231, 66.45081329], [-120.61914, 46.52896, 419.3067627], [-120.62145, 46.51948, 58.44069672], [-120.60929, 46.5231, 66.45081329]]], [[[-120.59849, 46.51786, -287.25088501], [-120.59624, 46.52692, 38.44536209], [-120.60929, 46.5231, 66.45081329], [-120.59849, 46.51786, -287.25088501]]], [[[-120.45792, 46.04187, -20206.36914062], [-120.47346, 46.04293, -20141.15625], [-120.46649, 46.03501, -20457.1015625], [-120.45792, 46.04187, -20206.36914062]]], [[[-120.5729, 46.52587, -342.54373169], [-120.57321, 46.53494, 19.42104912], [-120.58428, 46.53108, 30.13816261], [-120.5729, 46.52587, -342.54373169]]], [[[-120.50591, 46.52767, -347.86193848], [-120.48885, 46.52532, -403.46386719], [-120.49246, 46.53384, -80.08438873], [-120.50591, 46.52767, -347.86193848]]], [[[-120.48885, 46.52532, -403.46386719], [-120.47877, 46.53147, -59.44584274], [-120.49246, 46.53384, -80.08438873], [-120.48885, 46.52532, -403.46386719]]], [[[-120.45138, 46.53072, -52.9000206], [-120.44431, 46.53802, 270.97094727], [-120.4572, 46.53898, 270.19656372], [-120.45138, 46.53072, -52.9000206]]], [[[-120.42706, 46.53075, -29.84952164], [-120.43141, 46.53897, 294.0954895], [-120.43805, 46.5308, -29.86368179], [-120.42706, 46.53075, -29.84952164]]], [[[-120.42706, 46.53075, -29.84952164], [-120.41936, 46.5381, 304.70901489], [-120.43141, 46.53897, 294.0954895], [-120.42706, 46.53075, -29.84952164]]], [[[-120.41626, 46.489, -1711.14355469], [-120.40375, 46.48496, -1725.81933594], [-120.40463, 46.4934, -1380.48449707], [-120.41626, 46.489, -1711.14355469]]], [[[-120.43025, 46.50925, -918.03240967], [-120.4301, 46.50144, -1236.12219238], [-120.41793, 46.50585, -1021.9588623], [-120.43025, 46.50925, -918.03240967]]], [[[-120.48269, 46.54016, 273.53369141], [-120.495, 46.543, 280.09161377], [-120.49246, 46.53384, -80.08438873], [-120.48269, 46.54016, 273.53369141]]], [[[-120.50289, 46.53608, -5.0934453], [-120.49246, 46.53384, -80.08438873], [-120.495, 46.543, 280.09161377], [-120.50289, 46.53608, -5.0934453]]], [[[-120.38876, 46.22757, -12397.60253906], [-120.40156, 46.23111, -12284.8359375], [-120.40076, 46.22314, -12610.47949219], [-120.38876, 46.22757, -12397.60253906]]], [[[-120.53617, 46.52838, -311.97317505], [-120.52839, 46.53574, 2.98653603], [-120.54148, 46.53672, 24.06708336], [-120.53617, 46.52838, -311.97317505]]], [[[-120.54908, 46.52927, -292.63290405], [-120.53617, 46.52838, -311.97317505], [-120.54148, 46.53672, 24.06708336], [-120.54908, 46.52927, -292.63290405]]], [[[-120.6105, 46.51484, -246.36320496], [-120.60929, 46.5231, 66.45081329], [-120.62145, 46.51948, 58.44069672], [-120.6105, 46.51484, -246.36320496]]], [[[-120.60431, 46.49791, -993.96582031], [-120.59207, 46.49407, -1317.0592041], [-120.59101, 46.50298, -980.64428711], [-120.60431, 46.49791, -993.96582031]]], [[[-120.59121, 46.4857, -1659.93359375], [-120.60288, 46.48047, -1703.71118164], [-120.59034, 46.4773, -2003.82446289], [-120.59121, 46.4857, -1659.93359375]]], [[[-120.55302, 46.4956, -1682.47241211], [-120.54351, 46.50472, -1292.80078125], [-120.55563, 46.50482, -1302.58996582], [-120.55302, 46.4956, -1682.47241211]]], [[[-120.41096, 46.4384, -3779.69238281], [-120.39844, 46.43435, -3797.828125], [-120.39933, 46.44279, -3452.49316406], [-120.41096, 46.4384, -3779.69238281]]], [[[-120.39844, 46.43435, -3797.828125], [-120.41096, 46.4384, -3779.69238281], [-120.40995, 46.42995, -4124.45898438], [-120.39844, 46.43435, -3797.828125]]], [[[-120.4227, 46.43362, -4008.53417969], [-120.40995, 46.42995, -4124.45898438], [-120.41096, 46.4384, -3779.69238281], [-120.4227, 46.43362, -4008.53417969]]], [[[-120.45778, 46.41075, -4934.10351562], [-120.4451, 46.40706, -5112.64355469], [-120.44574, 46.41565, -4762.63037109], [-120.45778, 46.41075, -4934.10351562]]], [[[-120.45311, 46.36895, -6639.08496094], [-120.44041, 46.36508, -6828.24267578], [-120.44146, 46.37402, -6463.06347656], [-120.45311, 46.36895, -6639.08496094]]], [[[-120.44973, 46.33483, -8034.09912109], [-120.43707, 46.33117, -8212.90917969], [-120.43775, 46.3398, -7861.03564453], [-120.44973, 46.33483, -8034.09912109]]], [[[-120.43352, 46.29808, -9564.80273438], [-120.44519, 46.29307, -9738.35644531], [-120.43245, 46.28924, -9925.96679688], [-120.43352, 46.29808, -9564.80273438]]], [[[-120.43441, 46.30585, -9247.08691406], [-120.42146, 46.30256, -9362.3125], [-120.42245, 46.31053, -9036.80175781], [-120.43441, 46.30585, -9247.08691406]]], [[[-120.4351, 46.31453, -8893.14453125], [-120.43441, 46.30585, -9247.08691406], [-120.42245, 46.31053, -9036.80175781], [-120.4351, 46.31453, -8893.14453125]]], [[[-120.44243, 46.38174, -6146.86376953], [-120.42942, 46.37856, -6254.94140625], [-120.4304, 46.38642, -5934.16308594], [-120.44243, 46.38174, -6146.86376953]]], [[[-120.44307, 46.39037, -5795.43359375], [-120.4304, 46.38642, -5934.16308594], [-120.43141, 46.3955, -5563.05566406], [-120.44307, 46.39037, -5795.43359375]]], [[[-120.44574, 46.41565, -4762.63037109], [-120.4451, 46.40706, -5112.64355469], [-120.43306, 46.41172, -4899.81396484], [-120.44574, 46.41565, -4762.63037109]]], [[[-120.4468, 46.42462, -4395.94433594], [-120.43408, 46.42078, -4529.61914062], [-120.43476, 46.4292, -4184.76708984], [-120.4468, 46.42462, -4395.94433594]]], [[[-120.43408, 46.42078, -4529.61914062], [-120.42136, 46.41675, -4697.24951172], [-120.42208, 46.42555, -4338.11083984], [-120.43408, 46.42078, -4529.61914062]]], [[[-120.42136, 46.41675, -4697.24951172], [-120.40832, 46.4131, -4813.96777344], [-120.4093, 46.42153, -4469.73046875], [-120.42136, 46.41675, -4697.24951172]]], [[[-120.41941, 46.40025, -5372.06542969], [-120.41871, 46.39146, -5730.86621094], [-120.40665, 46.39623, -5503.91845703], [-120.41941, 46.40025, -5372.06542969]]], [[[-120.42774, 46.36112, -6968.421875], [-120.41474, 46.35769, -7111.66503906], [-120.41606, 46.36617, -6764.45019531], [-120.42774, 46.36112, -6968.421875]]], [[[-120.42676, 46.35324, -7290.07519531], [-120.41407, 46.34965, -7440.13769531], [-120.41474, 46.35769, -7111.66503906], [-120.42676, 46.35324, -7290.07519531]]], [[[-120.42146, 46.30256, -9362.3125], [-120.40874, 46.29905, -9508.2578125], [-120.40949, 46.30704, -9181.57714844], [-120.42146, 46.30256, -9362.3125]]], [[[-120.42078, 46.29439, -9696.84277344], [-120.40874, 46.29905, -9508.2578125], [-120.42146, 46.30256, -9362.3125], [-120.42078, 46.29439, -9696.84277344]]], [[[-120.51655, 46.37633, -6527.77685547], [-120.50455, 46.38352, -6203.88623047], [-120.51736, 46.38482, -6180.54931641], [-120.51655, 46.37633, -6527.77685547]]], [[[-120.41812, 46.26911, -10730.30175781], [-120.40608, 46.27375, -10542.32421875], [-120.4188, 46.27724, -10397.46972656], [-120.41812, 46.26911, -10730.30175781]]], [[[-120.50795, 46.29227, -9966.68359375], [-120.49567, 46.29933, -9646.49414062], [-120.50883, 46.30065, -9624.04980469], [-120.50795, 46.29227, -9966.68359375]]], [[[-120.41812, 46.26911, -10730.30175781], [-120.40549, 46.26502, -10898.69824219], [-120.40608, 46.27375, -10542.32421875], [-120.41812, 46.26911, -10730.30175781]]], [[[-120.52271, 46.43532, -4114.84423828], [-120.53517, 46.43028, -4339.12109375], [-120.52178, 46.42698, -4455.77490234], [-120.52271, 46.43532, -4114.84423828]]], [[[-120.41283, 46.21856, -12797.26074219], [-120.40022, 46.21444, -12965.8203125], [-120.40076, 46.22314, -12610.47949219], [-120.41283, 46.21856, -12797.26074219]]], [[[-120.41283, 46.21856, -12797.26074219], [-120.41185, 46.20931, -13175.31835938], [-120.40022, 46.21444, -12965.8203125], [-120.41283, 46.21856, -12797.26074219]]], [[[-120.51736, 46.38482, -6180.54931641], [-120.50553, 46.39216, -5850.75048828], [-120.5183, 46.39331, -5833.28564453], [-120.51736, 46.38482, -6180.54931641]]], [[[-120.41283, 46.21856, -12797.26074219], [-120.42559, 46.22222, -12663.27050781], [-120.42448, 46.21339, -13024.20507812], [-120.41283, 46.21856, -12797.26074219]]], [[[-120.42559, 46.22222, -12663.27050781], [-120.41283, 46.21856, -12797.26074219], [-120.41349, 46.2266, -12467.79492188], [-120.42559, 46.22222, -12663.27050781]]], [[[-120.42642, 46.2299, -12349.31347656], [-120.41349, 46.2266, -12467.79492188], [-120.41451, 46.23458, -12142.31640625], [-120.42642, 46.2299, -12349.31347656]]], [[[-120.54323, 46.38357, -6267.32275391], [-120.5441, 46.39197, -5923.38916016], [-120.55631, 46.38701, -6056.77001953], [-120.54323, 46.38357, -6267.32275391]]], [[[-120.43725, 46.21719, -12837.48730469], [-120.43634, 46.20835, -13198.55664062], [-120.42448, 46.21339, -13024.20507812], [-120.43725, 46.21719, -12837.48730469]]], [[[-120.51396, 46.35113, -7558.90380859], [-120.50184, 46.35829, -7235.50195312], [-120.51477, 46.35954, -7214.65527344], [-120.51396, 46.35113, -7558.90380859]]], [[[-120.45157, 46.23782, -12090.30664062], [-120.43901, 46.23365, -12165.71484375], [-120.43989, 46.24249, -11804.39746094], [-120.45157, 46.23782, -12090.30664062]]], [[[-120.45289, 46.24624, -11750.35742188], [-120.45157, 46.23782, -12090.30664062], [-120.43989, 46.24249, -11804.39746094], [-120.45289, 46.24624, -11750.35742188]]], [[[-120.46366, 46.2335, -12377.53320312], [-120.45111, 46.22935, -12440.70507812], [-120.45157, 46.23782, -12090.30664062], [-120.46366, 46.2335, -12377.53320312]]], [[[-120.46287, 46.22492, -12728.21582031], [-120.45023, 46.22094, -12784.25878906], [-120.45111, 46.22935, -12440.70507812], [-120.46287, 46.22492, -12728.21582031]]], [[[-120.46188, 46.21634, -13079.30957031], [-120.4489, 46.21252, -13124.36132812], [-120.45023, 46.22094, -12784.25878906], [-120.46188, 46.21634, -13079.30957031]]], [[[-120.46455, 46.24163, -12044.81933594], [-120.45289, 46.24624, -11750.35742188], [-120.46553, 46.25022, -11693.68457031], [-120.46455, 46.24163, -12044.81933594]]], [[[-120.46553, 46.25022, -11693.68457031], [-120.45289, 46.24624, -11750.35742188], [-120.45378, 46.25465, -11406.62207031], [-120.46553, 46.25022, -11693.68457031]]], [[[-120.46717, 46.26691, -11011.203125], [-120.45423, 46.26313, -11056.06347656], [-120.45554, 46.27154, -10716.52734375], [-120.46717, 46.26691, -11011.203125]]], [[[-120.469, 46.2841, -10308.04101562], [-120.45645, 46.27996, -10372.54199219], [-120.4569, 46.28844, -10021.82617188], [-120.469, 46.2841, -10308.04101562]]], [[[-120.46985, 46.29221, -9976.5234375], [-120.4569, 46.28844, -10021.82617188], [-120.4582, 46.29683, -9682.69921875], [-120.46985, 46.29221, -9976.5234375]]], [[[-120.47087, 46.30081, -9624.90429688], [-120.4582, 46.29683, -9682.69921875], [-120.45912, 46.30526, -9338.46289062], [-120.47087, 46.30081, -9624.90429688]]], [[[-120.5386, 46.46387, -2963.86401367], [-120.55103, 46.45916, -3171.92211914], [-120.53775, 46.45548, -3307.62255859], [-120.5386, 46.46387, -2963.86401367]]], [[[-120.47087, 46.30081, -9624.90429688], [-120.45912, 46.30526, -9338.46289062], [-120.47166, 46.30944, -9271.91503906], [-120.47087, 46.30081, -9624.90429688]]], [[[-120.47253, 46.31753, -8941.14453125], [-120.45956, 46.31379, -8985.59472656], [-120.46085, 46.32213, -8648.66699219], [-120.47253, 46.31753, -8941.14453125]]], [[[-120.47355, 46.32607, -8591.81445312], [-120.46085, 46.32213, -8648.66699219], [-120.46181, 46.33052, -8306.22558594], [-120.47355, 46.32607, -8591.81445312]]], [[[-120.47437, 46.33466, -8240.73339844], [-120.46181, 46.33052, -8306.22558594], [-120.46232, 46.33907, -7953.41894531], [-120.47437, 46.33466, -8240.73339844]]], [[[-120.47525, 46.34287, -7904.73095703], [-120.46232, 46.33907, -7953.41894531], [-120.46348, 46.34738, -7616.1171875], [-120.47525, 46.34287, -7904.73095703]]], [[[-120.47525, 46.34287, -7904.73095703], [-120.46348, 46.34738, -7616.1171875], [-120.4762, 46.35133, -7558.87451172], [-120.47525, 46.34287, -7904.73095703]]], [[[-120.4762, 46.35133, -7558.87451172], [-120.46448, 46.35582, -7272.23242188], [-120.47705, 46.35995, -7206.21044922], [-120.4762, 46.35133, -7558.87451172]]], [[[-120.51655, 46.37633, -6527.77685547], [-120.52997, 46.37988, -6402.39208984], [-120.52911, 46.37148, -6746.23925781], [-120.51655, 46.37633, -6527.77685547]]], [[[-120.47705, 46.35995, -7206.21044922], [-120.465, 46.36437, -6919.40673828], [-120.47794, 46.36818, -6869.92480469], [-120.47705, 46.35995, -7206.21044922]]], [[[-120.47889, 46.37663, -6524.37402344], [-120.46615, 46.37268, -6582.13037109], [-120.46717, 46.38113, -6238.23339844], [-120.47889, 46.37663, -6524.37402344]]], [[[-120.51308, 46.34276, -7901.30175781], [-120.52652, 46.34628, -7777.78466797], [-120.52566, 46.33788, -8121.62890625], [-120.51308, 46.34276, -7901.30175781]]], [[[-120.47889, 46.37663, -6524.37402344], [-120.46717, 46.38113, -6238.23339844], [-120.47974, 46.38525, -6171.67578125], [-120.47889, 46.37663, -6524.37402344]]], [[[-120.47974, 46.38525, -6171.67578125], [-120.46717, 46.38113, -6238.23339844], [-120.46769, 46.38967, -5885.38964844], [-120.47974, 46.38525, -6171.67578125]]], [[[-120.50965, 46.30906, -9279.79101562], [-120.49663, 46.30764, -9306.74804688], [-120.49758, 46.31623, -8955.79492188], [-120.50965, 46.30906, -9279.79101562]]], [[[-120.47974, 46.38525, -6171.67578125], [-120.46769, 46.38967, -5885.38964844], [-120.48062, 46.39348, -5835.07617188], [-120.47974, 46.38525, -6171.67578125]]], [[[-120.48245, 46.41052, -5138.07519531], [-120.47039, 46.41495, -4852.55664062], [-120.48335, 46.41872, -4802.83447266], [-120.48245, 46.41052, -5138.07519531]]], [[[-120.48335, 46.41872, -4802.83447266], [-120.47039, 46.41495, -4852.55664062], [-120.47152, 46.42321, -4517.21777344], [-120.48335, 46.41872, -4802.83447266]]], [[[-120.48335, 46.41872, -4802.83447266], [-120.47152, 46.42321, -4517.21777344], [-120.48427, 46.42721, -4455.89404297], [-120.48335, 46.41872, -4802.83447266]]], [[[-120.47259, 46.43179, -4168.33496094], [-120.47152, 46.42321, -4517.21777344], [-120.45988, 46.42789, -4235.83886719], [-120.47259, 46.43179, -4168.33496094]]], [[[-120.44946, 46.44992, -3362.45800781], [-120.46112, 46.44484, -3539.96777344], [-120.44841, 46.44094, -3729.83789062], [-120.44946, 46.44992, -3362.45800781]]], [[[-120.43674, 46.44605, -3496.18530273], [-120.42475, 46.45085, -3304.15698242], [-120.43743, 46.45451, -3149.68652344], [-120.43674, 46.44605, -3496.18530273]]], [[[-120.54843, 46.43396, -4203.72412109], [-120.56152, 46.43741, -3994.60986328], [-120.56065, 46.42901, -4338.30322266], [-120.54843, 46.43396, -4203.72412109]]], [[[-120.42401, 46.44204, -3663.63232422], [-120.4227, 46.43362, -4008.53417969], [-120.41096, 46.4384, -3779.69238281], [-120.42401, 46.44204, -3663.63232422]]], [[[-120.44841, 46.44094, -3729.83789062], [-120.44777, 46.43238, -4078.46679688], [-120.43572, 46.43702, -3865.47583008], [-120.44841, 46.44094, -3729.83789062]]], [[[-120.56152, 46.43741, -3994.60986328], [-120.57424, 46.44055, -3685.52783203], [-120.57337, 46.43215, -4029.38720703], [-120.56152, 46.43741, -3994.60986328]]], [[[-120.47152, 46.42321, -4517.21777344], [-120.45845, 46.4195, -4574.72753906], [-120.45988, 46.42789, -4235.83886719], [-120.47152, 46.42321, -4517.21777344]]], [[[-120.55016, 46.45076, -3515.85571289], [-120.53775, 46.45548, -3307.62255859], [-120.55103, 46.45916, -3171.92211914], [-120.55016, 46.45076, -3515.85571289]]], [[[-120.46985, 46.40643, -5204.23144531], [-120.46882, 46.39798, -5548.109375], [-120.45711, 46.40258, -5268.95263672], [-120.46985, 46.40643, -5204.23144531]]], [[[-120.46882, 46.39798, -5548.109375], [-120.45578, 46.39425, -5606.09228516], [-120.45711, 46.40258, -5268.95263672], [-120.46882, 46.39798, -5548.109375]]], [[[-120.55687, 46.27256, -10562.71679688], [-120.55774, 46.28096, -10218.85742188], [-120.56943, 46.27572, -10257.20214844], [-120.55687, 46.27256, -10562.71679688]]], [[[-120.46882, 46.39798, -5548.109375], [-120.46769, 46.38967, -5885.38964844], [-120.45578, 46.39425, -5606.09228516], [-120.46882, 46.39798, -5548.109375]]], [[[-120.50883, 46.30065, -9624.04980469], [-120.49567, 46.29933, -9646.49414062], [-120.49663, 46.30764, -9306.74804688], [-120.50883, 46.30065, -9624.04980469]]], [[[-120.46769, 46.38967, -5885.38964844], [-120.45509, 46.38544, -5967.42724609], [-120.45578, 46.39425, -5606.09228516], [-120.46769, 46.38967, -5885.38964844]]], [[[-120.46717, 46.38113, -6238.23339844], [-120.45444, 46.37727, -6302.61767578], [-120.45509, 46.38544, -5967.42724609], [-120.46717, 46.38113, -6238.23339844]]], [[[-120.56065, 46.42901, -4338.30322266], [-120.56152, 46.43741, -3994.60986328], [-120.57337, 46.43215, -4029.38720703], [-120.56065, 46.42901, -4338.30322266]]], [[[-120.46717, 46.38113, -6238.23339844], [-120.46615, 46.37268, -6582.13037109], [-120.45444, 46.37727, -6302.61767578], [-120.46717, 46.38113, -6238.23339844]]], [[[-120.45912, 46.30526, -9338.46289062], [-120.4582, 46.29683, -9682.69921875], [-120.44645, 46.30134, -9403.43847656], [-120.45912, 46.30526, -9338.46289062]]], [[[-120.50965, 46.30906, -9279.79101562], [-120.49758, 46.31623, -8955.79492188], [-120.51053, 46.31747, -8935.75390625], [-120.50965, 46.30906, -9279.79101562]]], [[[-120.4582, 46.29683, -9682.69921875], [-120.44519, 46.29307, -9738.35644531], [-120.44645, 46.30134, -9403.43847656], [-120.4582, 46.29683, -9682.69921875]]], [[[-120.4582, 46.29683, -9682.69921875], [-120.4569, 46.28844, -10021.82617188], [-120.44519, 46.29307, -9738.35644531], [-120.4582, 46.29683, -9682.69921875]]], [[[-120.4569, 46.28844, -10021.82617188], [-120.45645, 46.27996, -10372.54199219], [-120.44435, 46.28426, -10098.99316406], [-120.4569, 46.28844, -10021.82617188]]], [[[-120.45554, 46.27154, -10716.52734375], [-120.44254, 46.26778, -10771.37402344], [-120.44378, 46.27603, -10437.04296875], [-120.45554, 46.27154, -10716.52734375]]], [[[-120.45423, 46.26313, -11056.06347656], [-120.44168, 46.25895, -11132.35546875], [-120.44254, 46.26778, -10771.37402344], [-120.45423, 46.26313, -11056.06347656]]], [[[-120.43989, 46.24249, -11804.39746094], [-120.42824, 46.24752, -11629.65332031], [-120.44112, 46.25072, -11470.64941406], [-120.43989, 46.24249, -11804.39746094]]], [[[-120.43989, 46.24249, -11804.39746094], [-120.42714, 46.23867, -11991.59179688], [-120.42824, 46.24752, -11629.65332031], [-120.43989, 46.24249, -11804.39746094]]], [[[-120.43901, 46.23365, -12165.71484375], [-120.42714, 46.23867, -11991.59179688], [-120.43989, 46.24249, -11804.39746094], [-120.43901, 46.23365, -12165.71484375]]], [[[-120.42824, 46.24752, -11629.65332031], [-120.41547, 46.24383, -11763.77148438], [-120.41615, 46.25192, -11432.62988281], [-120.42824, 46.24752, -11629.65332031]]], [[[-120.41615, 46.25192, -11432.62988281], [-120.42908, 46.25522, -11315.24609375], [-120.42824, 46.24752, -11629.65332031], [-120.41615, 46.25192, -11432.62988281]]], [[[-120.42908, 46.25522, -11315.24609375], [-120.41615, 46.25192, -11432.62988281], [-120.41715, 46.25994, -11105.41113281], [-120.42908, 46.25522, -11315.24609375]]], [[[-120.42979, 46.26396, -10958.78417969], [-120.42908, 46.25522, -11315.24609375], [-120.41715, 46.25994, -11105.41113281], [-120.42979, 46.26396, -10958.78417969]]], [[[-120.44112, 46.25072, -11470.64941406], [-120.42908, 46.25522, -11315.24609375], [-120.44168, 46.25895, -11132.35546875], [-120.44112, 46.25072, -11470.64941406]]], [[[-120.44112, 46.25072, -11470.64941406], [-120.42824, 46.24752, -11629.65332031], [-120.42908, 46.25522, -11315.24609375], [-120.44112, 46.25072, -11470.64941406]]], [[[-120.43086, 46.27277, -10598.39746094], [-120.44254, 46.26778, -10771.37402344], [-120.42979, 46.26396, -10958.78417969], [-120.43086, 46.27277, -10598.39746094]]], [[[-120.44254, 46.26778, -10771.37402344], [-120.43086, 46.27277, -10598.39746094], [-120.44378, 46.27603, -10437.04296875], [-120.44254, 46.26778, -10771.37402344]]], [[[-120.44435, 46.28426, -10098.99316406], [-120.43174, 46.28053, -10281.16992188], [-120.43245, 46.28924, -9925.96679688], [-120.44435, 46.28426, -10098.99316406]]], [[[-120.44435, 46.28426, -10098.99316406], [-120.43245, 46.28924, -9925.96679688], [-120.44519, 46.29307, -9738.35644531], [-120.44435, 46.28426, -10098.99316406]]], [[[-120.43245, 46.28924, -9925.96679688], [-120.43174, 46.28053, -10281.16992188], [-120.4198, 46.28523, -10071.109375], [-120.43245, 46.28924, -9925.96679688]]], [[[-120.43086, 46.27277, -10598.39746094], [-120.41812, 46.26911, -10730.30175781], [-120.4188, 46.27724, -10397.46972656], [-120.43086, 46.27277, -10598.39746094]]], [[[-120.44845, 46.20405, -13474.40625], [-120.43634, 46.20835, -13198.55664062], [-120.4489, 46.21252, -13124.36132812], [-120.44845, 46.20405, -13474.40625]]], [[[-120.44845, 46.20405, -13474.40625], [-120.43579, 46.20013, -13536.60058594], [-120.43634, 46.20835, -13198.55664062], [-120.44845, 46.20405, -13474.40625]]], [[[-120.44845, 46.20405, -13474.40625], [-120.46019, 46.19963, -13762.58203125], [-120.44756, 46.19567, -13816.88769531], [-120.44845, 46.20405, -13474.40625]]], [[[-120.48507, 46.19821, -13781.2734375], [-120.47204, 46.19488, -13954.67578125], [-120.47293, 46.20327, -13611.84570312], [-120.48507, 46.19821, -13781.2734375]]], [[[-120.48429, 46.18982, -14124.70703125], [-120.47204, 46.19488, -13954.67578125], [-120.48507, 46.19821, -13781.2734375], [-120.48429, 46.18982, -14124.70703125]]], [[[-120.48429, 46.18982, -14124.70703125], [-120.49681, 46.18304, -14435.03320312], [-120.48335, 46.18119, -14477.31445312], [-120.48429, 46.18982, -14124.70703125]]], [[[-120.49758, 46.19154, -14087.2890625], [-120.49681, 46.18304, -14435.03320312], [-120.48429, 46.18982, -14124.70703125], [-120.49758, 46.19154, -14087.2890625]]], [[[-120.49758, 46.19154, -14087.2890625], [-120.48429, 46.18982, -14124.70703125], [-120.48507, 46.19821, -13781.2734375], [-120.49758, 46.19154, -14087.2890625]]], [[[-120.48335, 46.18119, -14477.31445312], [-120.49681, 46.18304, -14435.03320312], [-120.49592, 46.1747, -14776.37402344], [-120.48335, 46.18119, -14477.31445312]]], [[[-120.48335, 46.18119, -14477.31445312], [-120.49592, 46.1747, -14776.37402344], [-120.48244, 46.17291, -14815.81835938], [-120.48335, 46.18119, -14477.31445312]]], [[[-120.47025, 46.17796, -14646.97265625], [-120.48335, 46.18119, -14477.31445312], [-120.48244, 46.17291, -14815.81835938], [-120.47025, 46.17796, -14646.97265625]]], [[[-120.48335, 46.18119, -14477.31445312], [-120.47025, 46.17796, -14646.97265625], [-120.47123, 46.18642, -14300.75292969], [-120.48335, 46.18119, -14477.31445312]]], [[[-120.47025, 46.17796, -14646.97265625], [-120.45833, 46.18289, -14447.07226562], [-120.47123, 46.18642, -14300.75292969], [-120.47025, 46.17796, -14646.97265625]]], [[[-120.45833, 46.18289, -14447.07226562], [-120.45753, 46.17432, -14797.46582031], [-120.44578, 46.17874, -14508.71484375], [-120.45833, 46.18289, -14447.07226562]]], [[[-120.45833, 46.18289, -14447.07226562], [-120.44578, 46.17874, -14508.71484375], [-120.44624, 46.18722, -14158.58203125], [-120.45833, 46.18289, -14447.07226562]]], [[[-120.44578, 46.17874, -14508.71484375], [-120.43368, 46.18305, -14231.87890625], [-120.44624, 46.18722, -14158.58203125], [-120.44578, 46.17874, -14508.71484375]]], [[[-120.43368, 46.18305, -14231.87890625], [-120.44578, 46.17874, -14508.71484375], [-120.43314, 46.17481, -14570.54785156], [-120.43368, 46.18305, -14231.87890625]]], [[[-120.43368, 46.18305, -14231.87890625], [-120.43314, 46.17481, -14570.54785156], [-120.4211, 46.1793, -14416.38378906], [-120.43368, 46.18305, -14231.87890625]]], [[[-120.43368, 46.18305, -14231.87890625], [-120.4211, 46.1793, -14416.38378906], [-120.42184, 46.18811, -14056.87109375], [-120.43368, 46.18305, -14231.87890625]]], [[[-120.43368, 46.18305, -14231.87890625], [-120.42184, 46.18811, -14056.87109375], [-120.4346, 46.1919, -13870.42480469], [-120.43368, 46.18305, -14231.87890625]]], [[[-120.44624, 46.18722, -14158.58203125], [-120.43368, 46.18305, -14231.87890625], [-120.4346, 46.1919, -13870.42480469], [-120.44624, 46.18722, -14158.58203125]]], [[[-120.4346, 46.1919, -13870.42480469], [-120.44756, 46.19567, -13816.88769531], [-120.44624, 46.18722, -14158.58203125], [-120.4346, 46.1919, -13870.42480469]]], [[[-120.44756, 46.19567, -13816.88769531], [-120.4346, 46.1919, -13870.42480469], [-120.43579, 46.20013, -13536.60058594], [-120.44756, 46.19567, -13816.88769531]]], [[[-120.4346, 46.1919, -13870.42480469], [-120.42294, 46.19692, -13696.62695312], [-120.43579, 46.20013, -13536.60058594], [-120.4346, 46.1919, -13870.42480469]]], [[[-120.42294, 46.19692, -13696.62695312], [-120.4346, 46.1919, -13870.42480469], [-120.42184, 46.18811, -14056.87109375], [-120.42294, 46.19692, -13696.62695312]]], [[[-120.42294, 46.19692, -13696.62695312], [-120.41084, 46.20128, -13502.96484375], [-120.42375, 46.20462, -13382.09179688], [-120.42294, 46.19692, -13696.62695312]]], [[[-120.42375, 46.20462, -13382.09179688], [-120.43579, 46.20013, -13536.60058594], [-120.42294, 46.19692, -13696.62695312], [-120.42375, 46.20462, -13382.09179688]]], [[[-120.42375, 46.20462, -13382.09179688], [-120.43634, 46.20835, -13198.55664062], [-120.43579, 46.20013, -13536.60058594], [-120.42375, 46.20462, -13382.09179688]]], [[[-120.42375, 46.20462, -13382.09179688], [-120.41185, 46.20931, -13175.31835938], [-120.42448, 46.21339, -13024.20507812], [-120.42375, 46.20462, -13382.09179688]]], [[[-120.41185, 46.20931, -13175.31835938], [-120.39893, 46.2058, -13319.22851562], [-120.40022, 46.21444, -12965.8203125], [-120.41185, 46.20931, -13175.31835938]]], [[[-120.39893, 46.2058, -13319.22851562], [-120.38612, 46.20227, -13431.74902344], [-120.38722, 46.2107, -13088.18554688], [-120.39893, 46.2058, -13319.22851562]]], [[[-120.39893, 46.2058, -13319.22851562], [-120.39811, 46.19784, -13644.58203125], [-120.38612, 46.20227, -13431.74902344], [-120.39893, 46.2058, -13319.22851562]]], [[[-120.39811, 46.19784, -13644.58203125], [-120.41018, 46.19328, -13830.78027344], [-120.39758, 46.18915, -13999.38085938], [-120.39811, 46.19784, -13644.58203125]]], [[[-120.39811, 46.19784, -13644.58203125], [-120.38547, 46.19383, -13777.64355469], [-120.38612, 46.20227, -13431.74902344], [-120.39811, 46.19784, -13644.58203125]]], [[[-120.3963, 46.18049, -14353.51855469], [-120.38349, 46.17697, -14465.9140625], [-120.38459, 46.1854, -14122.46484375], [-120.3963, 46.18049, -14353.51855469]]], [[[-120.3963, 46.18049, -14353.51855469], [-120.39546, 46.17253, -14678.79199219], [-120.38349, 46.17697, -14465.9140625], [-120.3963, 46.18049, -14353.51855469]]], [[[-120.40819, 46.17596, -14538.14355469], [-120.39546, 46.17253, -14678.79199219], [-120.3963, 46.18049, -14353.51855469], [-120.40819, 46.17596, -14538.14355469]]], [[[-120.40753, 46.16798, -14864.74121094], [-120.39546, 46.17253, -14678.79199219], [-120.40819, 46.17596, -14538.14355469], [-120.40753, 46.16798, -14864.74121094]]], [[[-120.39546, 46.17253, -14678.79199219], [-120.40753, 46.16798, -14864.74121094], [-120.39494, 46.16386, -15032.93457031], [-120.39546, 46.17253, -14678.79199219]]], [[[-120.39546, 46.17253, -14678.79199219], [-120.39494, 46.16386, -15032.93457031], [-120.38283, 46.16853, -14811.86230469], [-120.39546, 46.17253, -14678.79199219]]], [[[-120.39546, 46.17253, -14678.79199219], [-120.38283, 46.16853, -14811.86230469], [-120.38349, 46.17697, -14465.9140625], [-120.39546, 46.17253, -14678.79199219]]], [[[-120.39494, 46.16386, -15032.93457031], [-120.38197, 46.1601, -15156.74414062], [-120.38283, 46.16853, -14811.86230469], [-120.39494, 46.16386, -15032.93457031]]], [[[-120.39494, 46.16386, -15032.93457031], [-120.39367, 46.15519, -15387.64648438], [-120.38197, 46.1601, -15156.74414062], [-120.39494, 46.16386, -15032.93457031]]], [[[-120.39494, 46.16386, -15032.93457031], [-120.40656, 46.15866, -15245.97558594], [-120.39367, 46.15519, -15387.64648438], [-120.39494, 46.16386, -15032.93457031]]], [[[-120.40656, 46.15866, -15245.97558594], [-120.39494, 46.16386, -15032.93457031], [-120.40753, 46.16798, -14864.74121094], [-120.40656, 46.15866, -15245.97558594]]], [[[-120.41919, 46.16283, -15089.4765625], [-120.40656, 46.15866, -15245.97558594], [-120.40753, 46.16798, -14864.74121094], [-120.41919, 46.16283, -15089.4765625]]], [[[-120.41919, 46.16283, -15089.4765625], [-120.41844, 46.15399, -15450.07617188], [-120.40656, 46.15866, -15245.97558594], [-120.41919, 46.16283, -15089.4765625]]], [[[-120.41919, 46.16283, -15089.4765625], [-120.43101, 46.15776, -15264.61523438], [-120.41844, 46.15399, -15450.07617188], [-120.41919, 46.16283, -15089.4765625]]], [[[-120.43101, 46.15776, -15264.61523438], [-120.41919, 46.16283, -15089.4765625], [-120.43196, 46.1666, -14903.74023438], [-120.43101, 46.15776, -15264.61523438]]], [[[-120.44358, 46.16191, -15192.67871094], [-120.43101, 46.15776, -15264.61523438], [-120.43196, 46.1666, -14903.74023438], [-120.44358, 46.16191, -15192.67871094]]], [[[-120.44358, 46.16191, -15192.67871094], [-120.44311, 46.15345, -15542.51269531], [-120.43101, 46.15776, -15264.61523438], [-120.44358, 46.16191, -15192.67871094]]], [[[-120.45566, 46.15759, -15481.61328125], [-120.44311, 46.15345, -15542.51269531], [-120.44358, 46.16191, -15192.67871094], [-120.45566, 46.15759, -15481.61328125]]], [[[-120.45485, 46.14902, -15832.04101562], [-120.44311, 46.15345, -15542.51269531], [-120.45566, 46.15759, -15481.61328125], [-120.45485, 46.14902, -15832.04101562]]], [[[-120.45485, 46.14902, -15832.04101562], [-120.44224, 46.14506, -15885.32617188], [-120.44311, 46.15345, -15542.51269531], [-120.45485, 46.14902, -15832.04101562]]], [[[-120.45385, 46.14046, -16182.28222656], [-120.44224, 46.14506, -15885.32617188], [-120.45485, 46.14902, -15832.04101562], [-120.45385, 46.14046, -16182.28222656]]], [[[-120.45385, 46.14046, -16182.28222656], [-120.44092, 46.1366, -16226.86230469], [-120.44224, 46.14506, -15885.32617188], [-120.45385, 46.14046, -16182.28222656]]], [[[-120.45302, 46.13232, -16514.9921875], [-120.44092, 46.1366, -16226.86230469], [-120.45385, 46.14046, -16182.28222656], [-120.45302, 46.13232, -16514.9921875]]], [[[-120.45302, 46.13232, -16514.9921875], [-120.44047, 46.12818, -16575.33398438], [-120.44092, 46.1366, -16226.86230469], [-120.45302, 46.13232, -16514.9921875]]], [[[-120.45219, 46.12373, -16866.35742188], [-120.44047, 46.12818, -16575.33398438], [-120.45302, 46.13232, -16514.9921875], [-120.45219, 46.12373, -16866.35742188]]], [[[-120.45219, 46.12373, -16866.35742188], [-120.43959, 46.11976, -16919.09179688], [-120.44047, 46.12818, -16575.33398438], [-120.45219, 46.12373, -16866.35742188]]], [[[-120.45119, 46.11516, -17216.79492188], [-120.43959, 46.11976, -16919.09179688], [-120.45219, 46.12373, -16866.35742188], [-120.45119, 46.11516, -17216.79492188]]], [[[-120.45032, 46.10705, -17548.3203125], [-120.43826, 46.1113, -17260.88671875], [-120.45119, 46.11516, -17216.79492188], [-120.45032, 46.10705, -17548.3203125]]], [[[-120.45032, 46.10705, -17548.3203125], [-120.4378, 46.10288, -17609.03125], [-120.43826, 46.1113, -17260.88671875], [-120.45032, 46.10705, -17548.3203125]]], [[[-120.44952, 46.09844, -17900.796875], [-120.4378, 46.10288, -17609.03125], [-120.45032, 46.10705, -17548.3203125], [-120.44952, 46.09844, -17900.796875]]], [[[-120.44952, 46.09844, -17900.796875], [-120.43693, 46.09446, -17953.19140625], [-120.4378, 46.10288, -17609.03125], [-120.44952, 46.09844, -17900.796875]]], [[[-120.44852, 46.08986, -18251.52734375], [-120.43693, 46.09446, -17953.19140625], [-120.44952, 46.09844, -17900.796875], [-120.44852, 46.08986, -18251.52734375]]], [[[-120.44852, 46.08986, -18251.52734375], [-120.4356, 46.08599, -18295.109375], [-120.43693, 46.09446, -17953.19140625], [-120.44852, 46.08986, -18251.52734375]]], [[[-120.44765, 46.08175, -18582.99609375], [-120.4356, 46.08599, -18295.109375], [-120.44852, 46.08986, -18251.52734375], [-120.44765, 46.08175, -18582.99609375]]], [[[-120.44765, 46.08175, -18582.99609375], [-120.43514, 46.07758, -18642.63671875], [-120.4356, 46.08599, -18295.109375], [-120.44765, 46.08175, -18582.99609375]]], [[[-120.44722, 46.07296, -18942.73632812], [-120.43514, 46.07758, -18642.63671875], [-120.44765, 46.08175, -18582.99609375], [-120.44722, 46.07296, -18942.73632812]]], [[[-120.44722, 46.07296, -18942.73632812], [-120.43428, 46.06916, -18987.30859375], [-120.43514, 46.07758, -18642.63671875], [-120.44722, 46.07296, -18942.73632812]]], [[[-120.44722, 46.07296, -18942.73632812], [-120.44623, 46.06458, -19285.39257812], [-120.43428, 46.06916, -18987.30859375], [-120.44722, 46.07296, -18942.73632812]]], [[[-120.46104, 46.06673, -19187.70117188], [-120.44623, 46.06458, -19285.39257812], [-120.44722, 46.07296, -18942.73632812], [-120.46104, 46.06673, -19187.70117188]]], [[[-120.46104, 46.06673, -19187.70117188], [-120.45768, 46.05766, -19566.6640625], [-120.44623, 46.06458, -19285.39257812], [-120.46104, 46.06673, -19187.70117188]]], [[[-120.46104, 46.06673, -19187.70117188], [-120.47172, 46.05817, -19510.4140625], [-120.45768, 46.05766, -19566.6640625], [-120.46104, 46.06673, -19187.70117188]]], [[[-120.47942, 46.06568, -19221.66796875], [-120.47172, 46.05817, -19510.4140625], [-120.46104, 46.06673, -19187.70117188], [-120.47942, 46.06568, -19221.66796875]]], [[[-120.4709, 46.07216, -18935.86132812], [-120.47942, 46.06568, -19221.66796875], [-120.46104, 46.06673, -19187.70117188], [-120.4709, 46.07216, -18935.86132812]]], [[[-120.48536, 46.0738, -18903.55664062], [-120.47942, 46.06568, -19221.66796875], [-120.4709, 46.07216, -18935.86132812], [-120.48536, 46.0738, -18903.55664062]]], [[[-120.48536, 46.0738, -18903.55664062], [-120.4973, 46.06896, -19128.81445312], [-120.47942, 46.06568, -19221.66796875], [-120.48536, 46.0738, -18903.55664062]]], [[[-120.48536, 46.0738, -18903.55664062], [-120.49904, 46.07749, -18780.85351562], [-120.4973, 46.06896, -19128.81445312], [-120.48536, 46.0738, -18903.55664062]]], [[[-120.48642, 46.08228, -18557.1015625], [-120.49904, 46.07749, -18780.85351562], [-120.48536, 46.0738, -18903.55664062], [-120.48642, 46.08228, -18557.1015625]]], [[[-120.49904, 46.07749, -18780.85351562], [-120.49989, 46.08589, -18437.19335938], [-120.51221, 46.08119, -18648.92578125], [-120.49904, 46.07749, -18780.85351562]]], [[[-120.49904, 46.07749, -18780.85351562], [-120.51221, 46.08119, -18648.92578125], [-120.51135, 46.07279, -18992.85742188], [-120.49904, 46.07749, -18780.85351562]]], [[[-120.4973, 46.06896, -19128.81445312], [-120.49904, 46.07749, -18780.85351562], [-120.51135, 46.07279, -18992.85742188], [-120.4973, 46.06896, -19128.81445312]]], [[[-120.49989, 46.08589, -18437.19335938], [-120.51306, 46.08959, -18304.99023438], [-120.51221, 46.08119, -18648.92578125], [-120.49989, 46.08589, -18437.19335938]]], [[[-120.49989, 46.08589, -18437.19335938], [-120.50073, 46.09429, -18093.18945312], [-120.51306, 46.08959, -18304.99023438], [-120.49989, 46.08589, -18437.19335938]]], [[[-120.50073, 46.09429, -18093.18945312], [-120.51392, 46.09799, -17961.05664062], [-120.51306, 46.08959, -18304.99023438], [-120.50073, 46.09429, -18093.18945312]]], [[[-120.50158, 46.10269, -17749.30859375], [-120.51392, 46.09799, -17961.05664062], [-120.50073, 46.09429, -18093.18945312], [-120.50158, 46.10269, -17749.30859375]]], [[[-120.51392, 46.09799, -17961.05664062], [-120.50158, 46.10269, -17749.30859375], [-120.51478, 46.10639, -17617.12304688], [-120.51392, 46.09799, -17961.05664062]]], [[[-120.51392, 46.09799, -17961.05664062], [-120.51478, 46.10639, -17617.12304688], [-120.52692, 46.10141, -17742.34570312], [-120.51392, 46.09799, -17961.05664062]]], [[[-120.51392, 46.09799, -17961.05664062], [-120.52692, 46.10141, -17742.34570312], [-120.52606, 46.09301, -18086.0390625], [-120.51392, 46.09799, -17961.05664062]]], [[[-120.51306, 46.08959, -18304.99023438], [-120.51392, 46.09799, -17961.05664062], [-120.52606, 46.09301, -18086.0390625], [-120.51306, 46.08959, -18304.99023438]]], [[[-120.51306, 46.08959, -18304.99023438], [-120.52606, 46.09301, -18086.0390625], [-120.5252, 46.08461, -18429.73242188], [-120.51306, 46.08959, -18304.99023438]]], [[[-120.51306, 46.08959, -18304.99023438], [-120.5252, 46.08461, -18429.73242188], [-120.51221, 46.08119, -18648.92578125], [-120.51306, 46.08959, -18304.99023438]]], [[[-120.5252, 46.08461, -18429.73242188], [-120.52606, 46.09301, -18086.0390625], [-120.53786, 46.08777, -18127.625], [-120.5252, 46.08461, -18429.73242188]]], [[[-120.5252, 46.08461, -18429.73242188], [-120.53786, 46.08777, -18127.625], [-120.537, 46.07937, -18471.484375], [-120.5252, 46.08461, -18429.73242188]]], [[[-120.52606, 46.09301, -18086.0390625], [-120.53872, 46.09617, -17783.765625], [-120.53786, 46.08777, -18127.625], [-120.52606, 46.09301, -18086.0390625]]], [[[-120.52692, 46.10141, -17742.34570312], [-120.53872, 46.09617, -17783.765625], [-120.52606, 46.09301, -18086.0390625], [-120.52692, 46.10141, -17742.34570312]]], [[[-120.51478, 46.10639, -17617.12304688], [-120.52778, 46.10981, -17398.65234375], [-120.52692, 46.10141, -17742.34570312], [-120.51478, 46.10639, -17617.12304688]]], [[[-120.51478, 46.10639, -17617.12304688], [-120.51564, 46.11479, -17273.18945312], [-120.52778, 46.10981, -17398.65234375], [-120.51478, 46.10639, -17617.12304688]]], [[[-120.51564, 46.11479, -17273.18945312], [-120.5165, 46.12319, -16929.2578125], [-120.52865, 46.11821, -17054.95898438], [-120.51564, 46.11479, -17273.18945312]]], [[[-120.51564, 46.11479, -17273.18945312], [-120.52865, 46.11821, -17054.95898438], [-120.52778, 46.10981, -17398.65234375], [-120.51564, 46.11479, -17273.18945312]]], [[[-120.52865, 46.11821, -17054.95898438], [-120.54131, 46.12137, -16752.1875], [-120.54044, 46.11297, -17096.046875], [-120.52865, 46.11821, -17054.95898438]]], [[[-120.52951, 46.12661, -16711.265625], [-120.54131, 46.12137, -16752.1875], [-120.52865, 46.11821, -17054.95898438], [-120.52951, 46.12661, -16711.265625]]], [[[-120.52951, 46.12661, -16711.265625], [-120.54217, 46.12977, -16408.328125], [-120.54131, 46.12137, -16752.1875], [-120.52951, 46.12661, -16711.265625]]], [[[-120.5165, 46.12319, -16929.2578125], [-120.52951, 46.12661, -16711.265625], [-120.52865, 46.11821, -17054.95898438], [-120.5165, 46.12319, -16929.2578125]]], [[[-120.51736, 46.13159, -16585.32421875], [-120.52951, 46.12661, -16711.265625], [-120.5165, 46.12319, -16929.2578125], [-120.51736, 46.13159, -16585.32421875]]], [[[-120.54044, 46.11297, -17096.046875], [-120.54131, 46.12137, -16752.1875], [-120.55297, 46.11613, -16791.12695312], [-120.54044, 46.11297, -17096.046875]]], [[[-120.54044, 46.11297, -17096.046875], [-120.55297, 46.11613, -16791.12695312], [-120.55211, 46.10773, -17135.01757812], [-120.54044, 46.11297, -17096.046875]]], [[[-120.48984, 46.1159, -17181.45898438], [-120.50333, 46.1195, -17061.38085938], [-120.50245, 46.11109, -17405.51367188], [-120.48984, 46.1159, -17181.45898438]]], [[[-120.48889, 46.10759, -17521.4140625], [-120.48984, 46.1159, -17181.45898438], [-120.50245, 46.11109, -17405.51367188], [-120.48889, 46.10759, -17521.4140625]]], [[[-120.48889, 46.10759, -17521.4140625], [-120.50245, 46.11109, -17405.51367188], [-120.50158, 46.10269, -17749.30859375], [-120.48889, 46.10759, -17521.4140625]]], [[[-120.48795, 46.09913, -17867.27734375], [-120.48889, 46.10759, -17521.4140625], [-120.50158, 46.10269, -17749.30859375], [-120.48795, 46.09913, -17867.27734375]]], [[[-120.48795, 46.09913, -17867.27734375], [-120.50158, 46.10269, -17749.30859375], [-120.50073, 46.09429, -18093.18945312], [-120.48795, 46.09913, -17867.27734375]]], [[[-120.50245, 46.11109, -17405.51367188], [-120.51478, 46.10639, -17617.12304688], [-120.50158, 46.10269, -17749.30859375], [-120.50245, 46.11109, -17405.51367188]]], [[[-120.4709, 46.07216, -18935.86132812], [-120.46104, 46.06673, -19187.70117188], [-120.45953, 46.07681, -18783.98828125], [-120.4709, 46.07216, -18935.86132812]]], [[[-120.44722, 46.07296, -18942.73632812], [-120.45953, 46.07681, -18783.98828125], [-120.46104, 46.06673, -19187.70117188], [-120.44722, 46.07296, -18942.73632812]]], [[[-120.44453, 46.05658, -19612.11523438], [-120.44623, 46.06458, -19285.39257812], [-120.45768, 46.05766, -19566.6640625], [-120.44453, 46.05658, -19612.11523438]]], [[[-120.44623, 46.06458, -19285.39257812], [-120.44453, 46.05658, -19612.11523438], [-120.43293, 46.06064, -19330.97265625], [-120.44623, 46.06458, -19285.39257812]]], [[[-120.44623, 46.06458, -19285.39257812], [-120.43293, 46.06064, -19330.97265625], [-120.43428, 46.06916, -18987.30859375], [-120.44623, 46.06458, -19285.39257812]]], [[[-120.43293, 46.06064, -19330.97265625], [-120.4214, 46.06538, -19037.3046875], [-120.43428, 46.06916, -18987.30859375], [-120.43293, 46.06064, -19330.97265625]]], [[[-120.4214, 46.06538, -19037.3046875], [-120.42255, 46.07359, -18703.97851562], [-120.43428, 46.06916, -18987.30859375], [-120.4214, 46.06538, -19037.3046875]]], [[[-120.42255, 46.07359, -18703.97851562], [-120.43514, 46.07758, -18642.63671875], [-120.43428, 46.06916, -18987.30859375], [-120.42255, 46.07359, -18703.97851562]]], [[[-120.43514, 46.07758, -18642.63671875], [-120.42255, 46.07359, -18703.97851562], [-120.42303, 46.08187, -18363.27148438], [-120.43514, 46.07758, -18642.63671875]]], [[[-120.42303, 46.08187, -18363.27148438], [-120.4356, 46.08599, -18295.109375], [-120.43514, 46.07758, -18642.63671875], [-120.42303, 46.08187, -18363.27148438]]], [[[-120.4356, 46.08599, -18295.109375], [-120.42303, 46.08187, -18363.27148438], [-120.42404, 46.09069, -18003.77148438], [-120.4356, 46.08599, -18295.109375]]], [[[-120.43693, 46.09446, -17953.19140625], [-120.42404, 46.09069, -18003.77148438], [-120.4252, 46.0989, -17670.37695312], [-120.43693, 46.09446, -17953.19140625]]], [[[-120.4378, 46.10288, -17609.03125], [-120.43693, 46.09446, -17953.19140625], [-120.4252, 46.0989, -17670.37695312], [-120.4378, 46.10288, -17609.03125]]], [[[-120.4378, 46.10288, -17609.03125], [-120.4252, 46.0989, -17670.37695312], [-120.42569, 46.10717, -17330.3984375], [-120.4378, 46.10288, -17609.03125]]], [[[-120.43826, 46.1113, -17260.88671875], [-120.42569, 46.10717, -17330.3984375], [-120.42668, 46.11599, -16970.25195312], [-120.43826, 46.1113, -17260.88671875]]], [[[-120.43959, 46.11976, -16919.09179688], [-120.43826, 46.1113, -17260.88671875], [-120.42668, 46.11599, -16970.25195312], [-120.43959, 46.11976, -16919.09179688]]], [[[-120.43959, 46.11976, -16919.09179688], [-120.42668, 46.11599, -16970.25195312], [-120.42785, 46.12421, -16636.78320312], [-120.43959, 46.11976, -16919.09179688]]], [[[-120.44047, 46.12818, -16575.33398438], [-120.42785, 46.12421, -16636.78320312], [-120.42835, 46.13246, -16297.42871094], [-120.44047, 46.12818, -16575.33398438]]], [[[-120.44092, 46.1366, -16226.86230469], [-120.44047, 46.12818, -16575.33398438], [-120.42835, 46.13246, -16297.42871094], [-120.44092, 46.1366, -16226.86230469]]], [[[-120.44092, 46.1366, -16226.86230469], [-120.42835, 46.13246, -16297.42871094], [-120.42931, 46.14129, -15937.2265625], [-120.44092, 46.1366, -16226.86230469]]], [[[-120.44224, 46.14506, -15885.32617188], [-120.44092, 46.1366, -16226.86230469], [-120.42931, 46.14129, -15937.2265625], [-120.44224, 46.14506, -15885.32617188]]], [[[-120.44224, 46.14506, -15885.32617188], [-120.42931, 46.14129, -15937.2265625], [-120.43048, 46.1495, -15604.20410156], [-120.44224, 46.14506, -15885.32617188]]], [[[-120.44311, 46.15345, -15542.51269531], [-120.44224, 46.14506, -15885.32617188], [-120.43048, 46.1495, -15604.20410156], [-120.44311, 46.15345, -15542.51269531]]], [[[-120.44311, 46.15345, -15542.51269531], [-120.43048, 46.1495, -15604.20410156], [-120.43101, 46.15776, -15264.61523438], [-120.44311, 46.15345, -15542.51269531]]], [[[-120.43048, 46.1495, -15604.20410156], [-120.41764, 46.14628, -15764.93066406], [-120.41844, 46.15399, -15450.07617188], [-120.43048, 46.1495, -15604.20410156]]], [[[-120.42931, 46.14129, -15937.2265625], [-120.41764, 46.14628, -15764.93066406], [-120.43048, 46.1495, -15604.20410156], [-120.42931, 46.14129, -15937.2265625]]], [[[-120.40555, 46.15064, -15573.33789062], [-120.39367, 46.15519, -15387.64648438], [-120.40656, 46.15866, -15245.97558594], [-120.40555, 46.15064, -15573.33789062]]], [[[-120.40487, 46.14262, -15901.83398438], [-120.3923, 46.13857, -16066.48828125], [-120.39282, 46.14722, -15713.16992188], [-120.40487, 46.14262, -15901.83398438]]], [[[-120.40393, 46.13338, -16279.49804688], [-120.39105, 46.12988, -16421.75390625], [-120.3923, 46.13857, -16066.48828125], [-120.40393, 46.13338, -16279.49804688]]], [[[-120.40291, 46.12532, -16608.53515625], [-120.39018, 46.12191, -16747.56835938], [-120.39105, 46.12988, -16421.75390625], [-120.40291, 46.12532, -16608.53515625]]], [[[-120.41502, 46.12099, -16797.83789062], [-120.40226, 46.11735, -16935.02929688], [-120.40291, 46.12532, -16608.53515625], [-120.41502, 46.12099, -16797.83789062]]], [[[-120.41502, 46.12099, -16797.83789062], [-120.41391, 46.11226, -17154.87304688], [-120.40226, 46.11735, -16935.02929688], [-120.41502, 46.12099, -16797.83789062]]], [[[-120.41502, 46.12099, -16797.83789062], [-120.42668, 46.11599, -16970.25195312], [-120.41391, 46.11226, -17154.87304688], [-120.41502, 46.12099, -16797.83789062]]], [[[-120.42668, 46.11599, -16970.25195312], [-120.41502, 46.12099, -16797.83789062], [-120.42785, 46.12421, -16636.78320312], [-120.42668, 46.11599, -16970.25195312]]], [[[-120.42785, 46.12421, -16636.78320312], [-120.41502, 46.12099, -16797.83789062], [-120.41579, 46.12868, -16483.6328125], [-120.42785, 46.12421, -16636.78320312]]], [[[-120.42785, 46.12421, -16636.78320312], [-120.41579, 46.12868, -16483.6328125], [-120.42835, 46.13246, -16297.42871094], [-120.42785, 46.12421, -16636.78320312]]], [[[-120.42835, 46.13246, -16297.42871094], [-120.41654, 46.13755, -16122.24804688], [-120.42931, 46.14129, -15937.2265625], [-120.42835, 46.13246, -16297.42871094]]], [[[-120.41654, 46.13755, -16122.24804688], [-120.40393, 46.13338, -16279.49804688], [-120.40487, 46.14262, -15901.83398438], [-120.41654, 46.13755, -16122.24804688]]], [[[-120.41579, 46.12868, -16483.6328125], [-120.41502, 46.12099, -16797.83789062], [-120.40291, 46.12532, -16608.53515625], [-120.41579, 46.12868, -16483.6328125]]], [[[-120.42569, 46.10717, -17330.3984375], [-120.41391, 46.11226, -17154.87304688], [-120.42668, 46.11599, -16970.25195312], [-120.42569, 46.10717, -17330.3984375]]], [[[-120.4252, 46.0989, -17670.37695312], [-120.41313, 46.10344, -17514.90429688], [-120.42569, 46.10717, -17330.3984375], [-120.4252, 46.0989, -17670.37695312]]], [[[-120.41238, 46.09567, -17831.90234375], [-120.42404, 46.09069, -18003.77148438], [-120.41127, 46.08698, -18187.6875], [-120.41238, 46.09567, -17831.90234375]]], [[[-120.41313, 46.10344, -17514.90429688], [-120.40028, 46.1, -17643.734375], [-120.40129, 46.1081, -17313.00585938], [-120.41313, 46.10344, -17514.90429688]]], [[[-120.41127, 46.08698, -18187.6875], [-120.39866, 46.08282, -18346.50585938], [-120.3996, 46.09199, -17971.8359375], [-120.41127, 46.08698, -18187.6875]]], [[[-120.42303, 46.08187, -18363.27148438], [-120.41127, 46.08698, -18187.6875], [-120.42404, 46.09069, -18003.77148438], [-120.42303, 46.08187, -18363.27148438]]], [[[-120.3923, 46.13857, -16066.48828125], [-120.39105, 46.12988, -16421.75390625], [-120.37934, 46.1348, -16191.02441406], [-120.3923, 46.13857, -16066.48828125]]], [[[-120.3923, 46.13857, -16066.48828125], [-120.37934, 46.1348, -16191.02441406], [-120.3802, 46.14323, -15846.08007812], [-120.3923, 46.13857, -16066.48828125]]], [[[-120.39282, 46.14722, -15713.16992188], [-120.3923, 46.13857, -16066.48828125], [-120.3802, 46.14323, -15846.08007812], [-120.39282, 46.14722, -15713.16992188]]], [[[-120.39367, 46.15519, -15387.64648438], [-120.38086, 46.15167, -15500.11035156], [-120.38197, 46.1601, -15156.74414062], [-120.39367, 46.15519, -15387.64648438]]], [[[-120.46322, 46.11055, -17403.79882812], [-120.4622, 46.10211, -17749.28515625], [-120.45032, 46.10705, -17548.3203125], [-120.46322, 46.11055, -17403.79882812]]], [[[-120.46322, 46.11055, -17403.79882812], [-120.45032, 46.10705, -17548.3203125], [-120.45119, 46.11516, -17216.79492188], [-120.46322, 46.11055, -17403.79882812]]], [[[-120.46402, 46.11897, -17059.48828125], [-120.46322, 46.11055, -17403.79882812], [-120.45119, 46.11516, -17216.79492188], [-120.46402, 46.11897, -17059.48828125]]], [[[-120.46669, 46.14427, -16024.62597656], [-120.4659, 46.13585, -16368.76269531], [-120.45385, 46.14046, -16182.28222656], [-120.46669, 46.14427, -16024.62597656]]], [[[-120.46669, 46.14427, -16024.62597656], [-120.45385, 46.14046, -16182.28222656], [-120.45485, 46.14902, -15832.04101562], [-120.46669, 46.14427, -16024.62597656]]], [[[-120.48062, 46.15594, -15509.421875], [-120.46757, 46.15266, -15681.76464844], [-120.46855, 46.16112, -15335.55273438], [-120.48062, 46.15594, -15509.421875]]], [[[-120.48062, 46.15594, -15509.421875], [-120.48168, 46.16451, -15159.34179688], [-120.49413, 46.15797, -15460.8046875], [-120.48062, 46.15594, -15509.421875]]], [[[-120.49413, 46.15797, -15460.8046875], [-120.50758, 46.16149, -15342.3828125], [-120.50674, 46.15309, -15686.18164062], [-120.49413, 46.15797, -15460.8046875]]], [[[-120.48168, 46.16451, -15159.34179688], [-120.46937, 46.16958, -14989.796875], [-120.48244, 46.17291, -14815.81835938], [-120.48168, 46.16451, -15159.34179688]]], [[[-120.47025, 46.17796, -14646.97265625], [-120.46937, 46.16958, -14989.796875], [-120.45753, 46.17432, -14797.46582031], [-120.47025, 46.17796, -14646.97265625]]], [[[-120.46937, 46.16958, -14989.796875], [-120.47025, 46.17796, -14646.97265625], [-120.48244, 46.17291, -14815.81835938], [-120.46937, 46.16958, -14989.796875]]], [[[-120.45653, 46.16576, -15147.52734375], [-120.4449, 46.17036, -14851.20996094], [-120.45753, 46.17432, -14797.46582031], [-120.45653, 46.16576, -15147.52734375]]], [[[-120.43196, 46.1666, -14903.74023438], [-120.42029, 46.1716, -14730.8125], [-120.43314, 46.17481, -14570.54785156], [-120.43196, 46.1666, -14903.74023438]]], [[[-120.42029, 46.1716, -14730.8125], [-120.41919, 46.16283, -15089.4765625], [-120.40753, 46.16798, -14864.74121094], [-120.42029, 46.1716, -14730.8125]]], [[[-120.42029, 46.1716, -14730.8125], [-120.40753, 46.16798, -14864.74121094], [-120.40819, 46.17596, -14538.14355469], [-120.42029, 46.1716, -14730.8125]]], [[[-120.4211, 46.1793, -14416.38378906], [-120.42029, 46.1716, -14730.8125], [-120.40819, 46.17596, -14538.14355469], [-120.4211, 46.1793, -14416.38378906]]], [[[-120.43314, 46.17481, -14570.54785156], [-120.42029, 46.1716, -14730.8125], [-120.4211, 46.1793, -14416.38378906], [-120.43314, 46.17481, -14570.54785156]]], [[[-120.4211, 46.1793, -14416.38378906], [-120.40819, 46.17596, -14538.14355469], [-120.4092, 46.18394, -14212.36621094], [-120.4211, 46.1793, -14416.38378906]]], [[[-120.4211, 46.1793, -14416.38378906], [-120.4092, 46.18394, -14212.36621094], [-120.42184, 46.18811, -14056.87109375], [-120.4211, 46.1793, -14416.38378906]]], [[[-120.41018, 46.19328, -13830.78027344], [-120.42184, 46.18811, -14056.87109375], [-120.4092, 46.18394, -14212.36621094], [-120.41018, 46.19328, -13830.78027344]]], [[[-120.4092, 46.18394, -14212.36621094], [-120.39758, 46.18915, -13999.38085938], [-120.41018, 46.19328, -13830.78027344], [-120.4092, 46.18394, -14212.36621094]]], [[[-120.4092, 46.18394, -14212.36621094], [-120.40819, 46.17596, -14538.14355469], [-120.3963, 46.18049, -14353.51855469], [-120.4092, 46.18394, -14212.36621094]]], [[[-120.45566, 46.15759, -15481.61328125], [-120.44358, 46.16191, -15192.67871094], [-120.45653, 46.16576, -15147.52734375], [-120.45566, 46.15759, -15481.61328125]]], [[[-120.38811, 46.21913, -12743.42578125], [-120.40076, 46.22314, -12610.47949219], [-120.40022, 46.21444, -12965.8203125], [-120.38811, 46.21913, -12743.42578125]]], [[[-120.4042, 46.25642, -11250.42480469], [-120.40342, 46.24844, -11576.39550781], [-120.3914, 46.25287, -11363.45605469], [-120.4042, 46.25642, -11250.42480469]]], [[[-120.40685, 46.28173, -10216.00390625], [-120.40608, 46.27375, -10542.32421875], [-120.39405, 46.27817, -10329.31152344], [-120.40685, 46.28173, -10216.00390625]]], [[[-120.40813, 46.29031, -9865.13671875], [-120.40685, 46.28173, -10216.00390625], [-120.39512, 46.2866, -9985.35058594], [-120.40813, 46.29031, -9865.13671875]]], [[[-120.41209, 46.33238, -8146.05126953], [-120.4114, 46.32435, -8474.19628906], [-120.39934, 46.32876, -8261.02441406], [-120.41209, 46.33238, -8146.05126953]]], [[[-120.41209, 46.33238, -8146.05126953], [-120.39934, 46.32876, -8261.02441406], [-120.40039, 46.3372, -7916.79589844], [-120.41209, 46.33238, -8146.05126953]]], [[[-120.41474, 46.35769, -7111.66503906], [-120.40199, 46.35406, -7226.88183594], [-120.40303, 46.3625, -6882.51953125], [-120.41474, 46.35769, -7111.66503906]]], [[[-120.50706, 46.28386, -10310.62597656], [-120.49393, 46.2824, -10338.58886719], [-120.4949, 46.29096, -9988.96582031], [-120.50706, 46.28386, -10310.62597656]]], [[[-120.50706, 46.28386, -10310.62597656], [-120.4949, 46.29096, -9988.96582031], [-120.50795, 46.29227, -9966.68359375], [-120.50706, 46.28386, -10310.62597656]]], [[[-120.52221, 46.30428, -9497.01855469], [-120.53459, 46.29958, -9706.65625], [-120.52135, 46.29588, -9840.8671875], [-120.52221, 46.30428, -9497.01855469]]], [[[-120.52221, 46.30428, -9497.01855469], [-120.53545, 46.30797, -9362.72265625], [-120.53459, 46.29958, -9706.65625], [-120.52221, 46.30428, -9497.01855469]]], [[[-120.52307, 46.31268, -9153.17089844], [-120.53631, 46.31637, -9018.7890625], [-120.53545, 46.30797, -9362.72265625], [-120.52307, 46.31268, -9153.17089844]]], [[[-120.52652, 46.34628, -7777.78466797], [-120.53891, 46.34157, -7986.98925781], [-120.52566, 46.33788, -8121.62890625], [-120.52652, 46.34628, -7777.78466797]]], [[[-120.52911, 46.37148, -6746.23925781], [-120.5415, 46.36677, -6955.18945312], [-120.52824, 46.36308, -7090.08691406], [-120.52911, 46.37148, -6746.23925781]]], [[[-120.52997, 46.37988, -6402.39208984], [-120.54237, 46.37517, -6611.25585938], [-120.52911, 46.37148, -6746.23925781], [-120.52997, 46.37988, -6402.39208984]]], [[[-120.52997, 46.37988, -6402.39208984], [-120.54323, 46.38357, -6267.32275391], [-120.54237, 46.37517, -6611.25585938], [-120.52997, 46.37988, -6402.39208984]]], [[[-120.53255, 46.40508, -5370.82470703], [-120.54496, 46.40037, -5579.45605469], [-120.5317, 46.39668, -5714.69433594], [-120.53255, 46.40508, -5370.82470703]]], [[[-120.53341, 46.41348, -5026.96630859], [-120.5467, 46.41716, -4891.58935547], [-120.54583, 46.40876, -5235.52246094], [-120.53341, 46.41348, -5026.96630859]]], [[[-120.53428, 46.42188, -4683.12890625], [-120.54756, 46.42556, -4547.65576172], [-120.5467, 46.41716, -4891.58935547], [-120.53428, 46.42188, -4683.12890625]]], [[[-120.53517, 46.43028, -4339.12109375], [-120.54756, 46.42556, -4547.65576172], [-120.53428, 46.42188, -4683.12890625], [-120.53517, 46.43028, -4339.12109375]]], [[[-120.53517, 46.43028, -4339.12109375], [-120.54843, 46.43396, -4203.72412109], [-120.54756, 46.42556, -4547.65576172], [-120.53517, 46.43028, -4339.12109375]]], [[[-120.53517, 46.43028, -4339.12109375], [-120.53602, 46.43868, -3995.39160156], [-120.54843, 46.43396, -4203.72412109], [-120.53517, 46.43028, -4339.12109375]]], [[[-120.52271, 46.43532, -4114.84423828], [-120.53602, 46.43868, -3995.39160156], [-120.53517, 46.43028, -4339.12109375], [-120.52271, 46.43532, -4114.84423828]]], [[[-120.52357, 46.44373, -3770.46484375], [-120.53602, 46.43868, -3995.39160156], [-120.52271, 46.43532, -4114.84423828], [-120.52357, 46.44373, -3770.46484375]]], [[[-120.50907, 46.4259, -4470.93212891], [-120.50998, 46.43413, -4134.48779297], [-120.52178, 46.42698, -4455.77490234], [-120.50907, 46.4259, -4470.93212891]]], [[[-120.51477, 46.35954, -7214.65527344], [-120.50283, 46.36695, -6881.60546875], [-120.51571, 46.36796, -6870.25292969], [-120.51477, 46.35954, -7214.65527344]]], [[[-120.50883, 46.30065, -9624.04980469], [-120.52221, 46.30428, -9497.01855469], [-120.52135, 46.29588, -9840.8671875], [-120.50883, 46.30065, -9624.04980469]]], [[[-120.50883, 46.30065, -9624.04980469], [-120.50965, 46.30906, -9279.79101562], [-120.52221, 46.30428, -9497.01855469], [-120.50883, 46.30065, -9624.04980469]]], [[[-120.50965, 46.30906, -9279.79101562], [-120.51053, 46.31747, -8935.75390625], [-120.52307, 46.31268, -9153.17089844], [-120.50965, 46.30906, -9279.79101562]]], [[[-120.51053, 46.31747, -8935.75390625], [-120.52393, 46.32108, -8809.32617188], [-120.52307, 46.31268, -9153.17089844], [-120.51053, 46.31747, -8935.75390625]]], [[[-120.51053, 46.31747, -8935.75390625], [-120.51142, 46.32585, -8592.98535156], [-120.52393, 46.32108, -8809.32617188], [-120.51053, 46.31747, -8935.75390625]]], [[[-120.51142, 46.32585, -8592.98535156], [-120.51224, 46.33426, -8248.80273438], [-120.52479, 46.32948, -8465.4765625], [-120.51142, 46.32585, -8592.98535156]]], [[[-120.51224, 46.33426, -8248.80273438], [-120.51308, 46.34276, -7901.30175781], [-120.52566, 46.33788, -8121.62890625], [-120.51224, 46.33426, -8248.80273438]]], [[[-120.51308, 46.34276, -7901.30175781], [-120.51396, 46.35113, -7558.90380859], [-120.52652, 46.34628, -7777.78466797], [-120.51308, 46.34276, -7901.30175781]]], [[[-120.51396, 46.35113, -7558.90380859], [-120.51477, 46.35954, -7214.65527344], [-120.52738, 46.35468, -7433.93408203], [-120.51396, 46.35113, -7558.90380859]]], [[[-120.51477, 46.35954, -7214.65527344], [-120.51571, 46.36796, -6870.25292969], [-120.52824, 46.36308, -7090.08691406], [-120.51477, 46.35954, -7214.65527344]]], [[[-120.51571, 46.36796, -6870.25292969], [-120.51655, 46.37633, -6527.77685547], [-120.52911, 46.37148, -6746.23925781], [-120.51571, 46.36796, -6870.25292969]]], [[[-120.51655, 46.37633, -6527.77685547], [-120.51736, 46.38482, -6180.54931641], [-120.52997, 46.37988, -6402.39208984], [-120.51655, 46.37633, -6527.77685547]]], [[[-120.51736, 46.38482, -6180.54931641], [-120.5183, 46.39331, -5833.28564453], [-120.53083, 46.38828, -6058.54492188], [-120.51736, 46.38482, -6180.54931641]]], [[[-120.5183, 46.39331, -5833.28564453], [-120.51911, 46.40173, -5488.56005859], [-120.5317, 46.39668, -5714.69433594], [-120.5183, 46.39331, -5833.28564453]]], [[[-120.51911, 46.40173, -5488.56005859], [-120.51996, 46.41017, -5143.51708984], [-120.53255, 46.40508, -5370.82470703], [-120.51911, 46.40173, -5488.56005859]]], [[[-120.51996, 46.41017, -5143.51708984], [-120.52088, 46.41861, -4798.11767578], [-120.53341, 46.41348, -5026.96630859], [-120.51996, 46.41017, -5143.51708984]]], [[[-120.52088, 46.41861, -4798.11767578], [-120.52178, 46.42698, -4455.77490234], [-120.53428, 46.42188, -4683.12890625], [-120.52088, 46.41861, -4798.11767578]]], [[[-120.53602, 46.43868, -3995.39160156], [-120.53687, 46.44707, -3651.55444336], [-120.5493, 46.44236, -3859.7890625], [-120.53602, 46.43868, -3995.39160156]]], [[[-120.55016, 46.45076, -3515.85571289], [-120.56326, 46.45421, -3307.22290039], [-120.56239, 46.44581, -3650.91625977], [-120.55016, 46.45076, -3515.85571289]]], [[[-120.5467, 46.41716, -4891.58935547], [-120.54756, 46.42556, -4547.65576172], [-120.55978, 46.42061, -4681.99658203], [-120.5467, 46.41716, -4891.58935547]]], [[[-120.5467, 46.41716, -4891.58935547], [-120.55978, 46.42061, -4681.99658203], [-120.55892, 46.41221, -5025.68994141], [-120.5467, 46.41716, -4891.58935547]]], [[[-120.54583, 46.40876, -5235.52246094], [-120.5467, 46.41716, -4891.58935547], [-120.55892, 46.41221, -5025.68994141], [-120.54583, 46.40876, -5235.52246094]]], [[[-120.54583, 46.40876, -5235.52246094], [-120.55892, 46.41221, -5025.68994141], [-120.55805, 46.40381, -5369.38330078], [-120.54583, 46.40876, -5235.52246094]]], [[[-120.54496, 46.40037, -5579.45605469], [-120.55805, 46.40381, -5369.38330078], [-120.55718, 46.39541, -5713.07666016], [-120.54496, 46.40037, -5579.45605469]]], [[[-120.5441, 46.39197, -5923.38916016], [-120.55718, 46.39541, -5713.07666016], [-120.55631, 46.38701, -6056.77001953], [-120.5441, 46.39197, -5923.38916016]]], [[[-120.54323, 46.38357, -6267.32275391], [-120.55631, 46.38701, -6056.77001953], [-120.55544, 46.37861, -6400.46337891], [-120.54323, 46.38357, -6267.32275391]]], [[[-120.54237, 46.37517, -6611.25585938], [-120.55544, 46.37861, -6400.46337891], [-120.55458, 46.37021, -6744.15722656], [-120.54237, 46.37517, -6611.25585938]]], [[[-120.5415, 46.36677, -6955.18945312], [-120.54237, 46.37517, -6611.25585938], [-120.55458, 46.37021, -6744.15722656], [-120.5415, 46.36677, -6955.18945312]]], [[[-120.5415, 46.36677, -6955.18945312], [-120.55458, 46.37021, -6744.15722656], [-120.55371, 46.36181, -7087.85058594], [-120.5415, 46.36677, -6955.18945312]]], [[[-120.54064, 46.35837, -7299.12255859], [-120.5415, 46.36677, -6955.18945312], [-120.55371, 46.36181, -7087.85058594], [-120.54064, 46.35837, -7299.12255859]]], [[[-120.54064, 46.35837, -7299.12255859], [-120.55371, 46.36181, -7087.85058594], [-120.55284, 46.35341, -7431.54394531], [-120.54064, 46.35837, -7299.12255859]]], [[[-120.53977, 46.34997, -7643.05615234], [-120.55284, 46.35341, -7431.54394531], [-120.55197, 46.34501, -7775.23730469], [-120.53977, 46.34997, -7643.05615234]]], [[[-120.53891, 46.34157, -7986.98925781], [-120.55197, 46.34501, -7775.23730469], [-120.55111, 46.33661, -8118.93066406], [-120.53891, 46.34157, -7986.98925781]]], [[[-120.53804, 46.33317, -8330.92285156], [-120.53891, 46.34157, -7986.98925781], [-120.55111, 46.33661, -8118.93066406], [-120.53804, 46.33317, -8330.92285156]]], [[[-120.53804, 46.33317, -8330.92285156], [-120.55111, 46.33661, -8118.93066406], [-120.55024, 46.32821, -8462.62402344], [-120.53804, 46.33317, -8330.92285156]]], [[[-120.53718, 46.32477, -8674.85644531], [-120.55024, 46.32821, -8462.62402344], [-120.54937, 46.31981, -8806.31738281], [-120.53718, 46.32477, -8674.85644531]]], [[[-120.53631, 46.31637, -9018.7890625], [-120.54937, 46.31981, -8806.31738281], [-120.54851, 46.31141, -9150.01074219], [-120.53631, 46.31637, -9018.7890625]]], [[[-120.53545, 46.30797, -9362.72265625], [-120.54851, 46.31141, -9150.01074219], [-120.54764, 46.30302, -9493.70410156], [-120.53545, 46.30797, -9362.72265625]]], [[[-120.53459, 46.29958, -9706.65625], [-120.54764, 46.30302, -9493.70410156], [-120.54678, 46.29462, -9837.39746094], [-120.53459, 46.29958, -9706.65625]]], [[[-120.53372, 46.29118, -10050.58984375], [-120.54678, 46.29462, -9837.39746094], [-120.54591, 46.28622, -10181.09082031], [-120.53372, 46.29118, -10050.58984375]]], [[[-120.53286, 46.28278, -10394.52246094], [-120.54591, 46.28622, -10181.09082031], [-120.54505, 46.27782, -10524.78417969], [-120.53286, 46.28278, -10394.52246094]]], [[[-120.55774, 46.28096, -10218.85742188], [-120.5586, 46.28936, -9874.99804688], [-120.5703, 46.28412, -9913.31152344], [-120.55774, 46.28096, -10218.85742188]]], [[[-120.54505, 46.27782, -10524.78417969], [-120.55774, 46.28096, -10218.85742188], [-120.55687, 46.27256, -10562.71679688], [-120.54505, 46.27782, -10524.78417969]]], [[[-120.54505, 46.27782, -10524.78417969], [-120.55687, 46.27256, -10562.71679688], [-120.54418, 46.26942, -10868.47851562], [-120.54505, 46.27782, -10524.78417969]]], [[[-120.54418, 46.26942, -10868.47851562], [-120.55687, 46.27256, -10562.71679688], [-120.556, 46.26416, -10906.57617188], [-120.54418, 46.26942, -10868.47851562]]], [[[-120.56943, 46.27572, -10257.20214844], [-120.58107, 46.2705, -10303.98046875], [-120.56857, 46.26732, -10601.09277344], [-120.56943, 46.27572, -10257.20214844]]], [[[-120.55427, 46.24737, -11594.29492188], [-120.56683, 46.25052, -11288.875], [-120.56596, 46.24212, -11632.765625], [-120.55427, 46.24737, -11594.29492188]]], [[[-120.55341, 46.23897, -11938.15527344], [-120.56509, 46.23372, -11976.65625], [-120.55254, 46.23057, -12282.01464844], [-120.55341, 46.23897, -11938.15527344]]], [[[-120.55254, 46.23057, -12282.01464844], [-120.56423, 46.22532, -12320.546875], [-120.55167, 46.22217, -12625.87402344], [-120.55254, 46.23057, -12282.01464844]]], [[[-120.56163, 46.20013, -13352.21972656], [-120.54994, 46.20537, -13313.59277344], [-120.56249, 46.20852, -13008.328125], [-120.56163, 46.20013, -13352.21972656]]], [[[-120.54994, 46.20537, -13313.59277344], [-120.56163, 46.20013, -13352.21972656], [-120.54908, 46.19697, -13657.45214844], [-120.54994, 46.20537, -13313.59277344]]], [[[-120.54908, 46.19697, -13657.45214844], [-120.56163, 46.20013, -13352.21972656], [-120.56076, 46.19173, -13696.11035156], [-120.54908, 46.19697, -13657.45214844]]], [[[-120.54822, 46.18857, -14001.31152344], [-120.56076, 46.19173, -13696.11035156], [-120.55989, 46.18333, -14040.00097656], [-120.54822, 46.18857, -14001.31152344]]], [[[-120.54822, 46.18857, -14001.31152344], [-120.55989, 46.18333, -14040.00097656], [-120.54735, 46.18017, -14345.17089844], [-120.54822, 46.18857, -14001.31152344]]], [[[-120.54735, 46.18017, -14345.17089844], [-120.55903, 46.17493, -14383.89160156], [-120.54649, 46.17177, -14689.03027344], [-120.54735, 46.18017, -14345.17089844]]], [[[-120.53295, 46.16021, -15336.49316406], [-120.54562, 46.16337, -15032.88964844], [-120.54476, 46.15497, -15376.75], [-120.53295, 46.16021, -15336.49316406]]], [[[-120.53295, 46.16021, -15336.49316406], [-120.54476, 46.15497, -15376.75], [-120.53209, 46.15181, -15680.18652344], [-120.53295, 46.16021, -15336.49316406]]], [[[-120.5573, 46.15813, -15071.67285156], [-120.56891, 46.15292, -15120.13085938], [-120.55643, 46.14973, -15415.56347656], [-120.5573, 46.15813, -15071.67285156]]], [[[-120.55816, 46.16653, -14727.78222656], [-120.57065, 46.16972, -14432.109375], [-120.56978, 46.16132, -14776.12011719], [-120.55816, 46.16653, -14727.78222656]]], [[[-120.56423, 46.22532, -12320.546875], [-120.57672, 46.22851, -12024.03417969], [-120.57585, 46.22011, -12368.04492188], [-120.56423, 46.22532, -12320.546875]]], [[[-120.56423, 46.22532, -12320.546875], [-120.56509, 46.23372, -11976.65625], [-120.57672, 46.22851, -12024.03417969], [-120.56423, 46.22532, -12320.546875]]], [[[-120.56596, 46.24212, -11632.765625], [-120.57846, 46.24531, -11336.01269531], [-120.57759, 46.23691, -11680.0234375], [-120.56596, 46.24212, -11632.765625]]], [[[-120.56683, 46.25052, -11288.875], [-120.57933, 46.25371, -10992.00195312], [-120.57846, 46.24531, -11336.01269531], [-120.56683, 46.25052, -11288.875]]], [[[-120.56683, 46.25052, -11288.875], [-120.5677, 46.25892, -10944.984375], [-120.57933, 46.25371, -10992.00195312], [-120.56683, 46.25052, -11288.875]]], [[[-120.57846, 46.24531, -11336.01269531], [-120.59096, 46.24858, -11065.78710938], [-120.59009, 46.24018, -11410.03320312], [-120.57846, 46.24531, -11336.01269531]]], [[[-120.57585, 46.22011, -12368.04492188], [-120.58748, 46.21499, -12442.7734375], [-120.57499, 46.21171, -12712.05566406], [-120.57585, 46.22011, -12368.04492188]]], [[[-120.57499, 46.21171, -12712.05566406], [-120.58661, 46.20659, -12787.01953125], [-120.57412, 46.20331, -13056.06640625], [-120.57499, 46.21171, -12712.05566406]]], [[[-120.57412, 46.20331, -13056.06640625], [-120.58574, 46.19819, -13131.265625], [-120.57325, 46.19491, -13400.07714844], [-120.57412, 46.20331, -13056.06640625]]], [[[-120.57151, 46.17812, -14088.09863281], [-120.584, 46.18139, -13819.75878906], [-120.58313, 46.173, -14164.00488281], [-120.57151, 46.17812, -14088.09863281]]], [[[-120.56805, 46.14452, -15464.14160156], [-120.55643, 46.14973, -15415.56347656], [-120.56891, 46.15292, -15120.13085938], [-120.56805, 46.14452, -15464.14160156]]], [[[-120.55643, 46.14973, -15415.56347656], [-120.56805, 46.14452, -15464.14160156], [-120.55557, 46.14133, -15759.45507812], [-120.55643, 46.14973, -15415.56347656]]], [[[-120.56805, 46.14452, -15464.14160156], [-120.58053, 46.1478, -15196.74414062], [-120.57966, 46.1394, -15540.99121094], [-120.56805, 46.14452, -15464.14160156]]], [[[-120.58226, 46.1646, -14508.25195312], [-120.59474, 46.16795, -14263.35839844], [-120.59387, 46.15956, -14607.54980469], [-120.58226, 46.1646, -14508.25195312]]], [[[-120.58226, 46.1646, -14508.25195312], [-120.58313, 46.173, -14164.00488281], [-120.59474, 46.16795, -14263.35839844], [-120.58226, 46.1646, -14508.25195312]]], [[[-120.58313, 46.173, -14164.00488281], [-120.584, 46.18139, -13819.75878906], [-120.59561, 46.17635, -13919.16796875], [-120.58313, 46.173, -14164.00488281]]], [[[-120.584, 46.18139, -13819.75878906], [-120.59648, 46.18475, -13574.9765625], [-120.59561, 46.17635, -13919.16796875], [-120.584, 46.18139, -13819.75878906]]], [[[-120.584, 46.18139, -13819.75878906], [-120.58487, 46.18979, -13475.51269531], [-120.59648, 46.18475, -13574.9765625], [-120.584, 46.18139, -13819.75878906]]], [[[-120.58487, 46.18979, -13475.51269531], [-120.58574, 46.19819, -13131.265625], [-120.59735, 46.19315, -13230.78515625], [-120.58487, 46.18979, -13475.51269531]]], [[[-120.58574, 46.19819, -13131.265625], [-120.59822, 46.20155, -12886.59472656], [-120.59735, 46.19315, -13230.78515625], [-120.58574, 46.19819, -13131.265625]]], [[[-120.58661, 46.20659, -12787.01953125], [-120.5991, 46.20995, -12542.40332031], [-120.59822, 46.20155, -12886.59472656], [-120.58661, 46.20659, -12787.01953125]]], [[[-120.58748, 46.21499, -12442.7734375], [-120.58835, 46.22339, -12098.52636719], [-120.59997, 46.21834, -12198.21191406], [-120.58748, 46.21499, -12442.7734375]]], [[[-120.58835, 46.22339, -12098.52636719], [-120.60084, 46.22674, -11854.02148438], [-120.59997, 46.21834, -12198.21191406], [-120.58835, 46.22339, -12098.52636719]]], [[[-120.58922, 46.23178, -11754.28027344], [-120.60171, 46.23514, -11509.83007812], [-120.60084, 46.22674, -11854.02148438], [-120.58922, 46.23178, -11754.28027344]]], [[[-120.58922, 46.23178, -11754.28027344], [-120.59009, 46.24018, -11410.03320312], [-120.60171, 46.23514, -11509.83007812], [-120.58922, 46.23178, -11754.28027344]]], [[[-120.59009, 46.24018, -11410.03320312], [-120.60258, 46.24354, -11165.63964844], [-120.60171, 46.23514, -11509.83007812], [-120.59009, 46.24018, -11410.03320312]]], [[[-120.59096, 46.24858, -11065.78710938], [-120.60346, 46.25194, -10821.44824219], [-120.60258, 46.24354, -11165.63964844], [-120.59096, 46.24858, -11065.78710938]]], [[[-120.59096, 46.24858, -11065.78710938], [-120.59183, 46.25698, -10721.54101562], [-120.60346, 46.25194, -10821.44824219], [-120.59096, 46.24858, -11065.78710938]]], [[[-120.5586, 46.28936, -9874.99804688], [-120.55947, 46.29776, -9531.13867188], [-120.57117, 46.29252, -9569.42089844], [-120.5586, 46.28936, -9874.99804688]]], [[[-120.54678, 46.29462, -9837.39746094], [-120.55947, 46.29776, -9531.13867188], [-120.5586, 46.28936, -9874.99804688], [-120.54678, 46.29462, -9837.39746094]]], [[[-120.54764, 46.30302, -9493.70410156], [-120.55947, 46.29776, -9531.13867188], [-120.54678, 46.29462, -9837.39746094], [-120.54764, 46.30302, -9493.70410156]]], [[[-120.54851, 46.31141, -9150.01074219], [-120.56034, 46.30616, -9187.27929688], [-120.54764, 46.30302, -9493.70410156], [-120.54851, 46.31141, -9150.01074219]]], [[[-120.55947, 46.29776, -9531.13867188], [-120.57204, 46.30092, -9225.53027344], [-120.57117, 46.29252, -9569.42089844], [-120.55947, 46.29776, -9531.13867188]]], [[[-120.56121, 46.31456, -8843.41992188], [-120.57378, 46.31771, -8537.74902344], [-120.57291, 46.30932, -8881.63964844], [-120.56121, 46.31456, -8843.41992188]]], [[[-120.56121, 46.31456, -8843.41992188], [-120.56207, 46.32296, -8499.56054688], [-120.57378, 46.31771, -8537.74902344], [-120.56121, 46.31456, -8843.41992188]]], [[[-120.54937, 46.31981, -8806.31738281], [-120.56207, 46.32296, -8499.56054688], [-120.56121, 46.31456, -8843.41992188], [-120.54937, 46.31981, -8806.31738281]]], [[[-120.55024, 46.32821, -8462.62402344], [-120.56294, 46.33136, -8155.70068359], [-120.56207, 46.32296, -8499.56054688], [-120.55024, 46.32821, -8462.62402344]]], [[[-120.55111, 46.33661, -8118.93066406], [-120.56294, 46.33136, -8155.70068359], [-120.55024, 46.32821, -8462.62402344], [-120.55111, 46.33661, -8118.93066406]]], [[[-120.56207, 46.32296, -8499.56054688], [-120.56294, 46.33136, -8155.70068359], [-120.57465, 46.32611, -8193.85839844], [-120.56207, 46.32296, -8499.56054688]]], [[[-120.56381, 46.33976, -7811.84130859], [-120.56468, 46.34816, -7467.98193359], [-120.57639, 46.34291, -7506.07617188], [-120.56381, 46.33976, -7811.84130859]]], [[[-120.55197, 46.34501, -7775.23730469], [-120.56468, 46.34816, -7467.98193359], [-120.56381, 46.33976, -7811.84130859], [-120.55197, 46.34501, -7775.23730469]]], [[[-120.56555, 46.35656, -7124.12255859], [-120.55371, 46.36181, -7087.85058594], [-120.56642, 46.36496, -6780.26269531], [-120.56555, 46.35656, -7124.12255859]]], [[[-120.56468, 46.34816, -7467.98193359], [-120.56555, 46.35656, -7124.12255859], [-120.57726, 46.35131, -7162.18554688], [-120.56468, 46.34816, -7467.98193359]]], [[[-120.56468, 46.34816, -7467.98193359], [-120.57726, 46.35131, -7162.18554688], [-120.57639, 46.34291, -7506.07617188], [-120.56468, 46.34816, -7467.98193359]]], [[[-120.56642, 46.36496, -6780.26269531], [-120.579, 46.36811, -6474.40429688], [-120.57813, 46.35971, -6818.29492188], [-120.56642, 46.36496, -6780.26269531]]], [[[-120.56728, 46.37336, -6436.40332031], [-120.56815, 46.38176, -6092.54394531], [-120.57987, 46.37651, -6130.51318359], [-120.56728, 46.37336, -6436.40332031]]], [[[-120.56902, 46.39015, -5748.68457031], [-120.58161, 46.39331, -5442.73193359], [-120.58074, 46.38491, -5786.62255859], [-120.56902, 46.39015, -5748.68457031]]], [[[-120.56902, 46.39015, -5748.68457031], [-120.56989, 46.39855, -5404.82519531], [-120.58161, 46.39331, -5442.73193359], [-120.56902, 46.39015, -5748.68457031]]], [[[-120.55718, 46.39541, -5713.07666016], [-120.56989, 46.39855, -5404.82519531], [-120.56902, 46.39015, -5748.68457031], [-120.55718, 46.39541, -5713.07666016]]], [[[-120.55805, 46.40381, -5369.38330078], [-120.57076, 46.40695, -5060.96582031], [-120.56989, 46.39855, -5404.82519531], [-120.55805, 46.40381, -5369.38330078]]], [[[-120.57076, 46.40695, -5060.96582031], [-120.57163, 46.41535, -4717.10595703], [-120.58336, 46.4101, -4754.95019531], [-120.57076, 46.40695, -5060.96582031]]], [[[-120.55978, 46.42061, -4681.99658203], [-120.5725, 46.42375, -4373.24658203], [-120.57163, 46.41535, -4717.10595703], [-120.55978, 46.42061, -4681.99658203]]], [[[-120.57337, 46.43215, -4029.38720703], [-120.58597, 46.4353, -3723.27807617], [-120.5851, 46.4269, -4067.16894531], [-120.57337, 46.43215, -4029.38720703]]], [[[-120.57511, 46.44895, -3341.66821289], [-120.58685, 46.4437, -3379.38745117], [-120.57424, 46.44055, -3685.52783203], [-120.57511, 46.44895, -3341.66821289]]], [[[-120.5851, 46.4269, -4067.16894531], [-120.58597, 46.4353, -3723.27807617], [-120.59764, 46.43008, -3767.77539062], [-120.5851, 46.4269, -4067.16894531]]], [[[-120.54678, 46.29462, -9837.39746094], [-120.5586, 46.28936, -9874.99804688], [-120.54591, 46.28622, -10181.09082031], [-120.54678, 46.29462, -9837.39746094]]], [[[-120.57599, 46.45735, -2997.80883789], [-120.57511, 46.44895, -3341.66821289], [-120.56326, 46.45421, -3307.22290039], [-120.57599, 46.45735, -2997.80883789]]], [[[-120.50173, 46.47312, -2573.87304688], [-120.48873, 46.46959, -2722.45849609], [-120.49148, 46.47906, -2335.85864258], [-120.50173, 46.47312, -2573.87304688]]], [[[-120.49148, 46.47906, -2335.85864258], [-120.48873, 46.46959, -2722.45849609], [-120.4771, 46.4742, -2435.23608398], [-120.49148, 46.47906, -2335.85864258]]], [[[-120.49148, 46.47906, -2335.85864258], [-120.4771, 46.4742, -2435.23608398], [-120.47768, 46.48309, -2068.31176758], [-120.49148, 46.47906, -2335.85864258]]], [[[-120.49148, 46.47906, -2335.85864258], [-120.47768, 46.48309, -2068.31176758], [-120.48768, 46.48786, -1960.17260742], [-120.49148, 46.47906, -2335.85864258]]], [[[-120.47768, 46.48309, -2068.31176758], [-120.4771, 46.4742, -2435.23608398], [-120.46518, 46.47857, -2165.96191406], [-120.47768, 46.48309, -2068.31176758]]], [[[-120.48488, 46.50284, -1307.86486816], [-120.49174, 46.51159, -1004.53540039], [-120.50028, 46.50427, -1306.48706055], [-120.48488, 46.50284, -1307.86486816]]], [[[-120.52414, 46.49648, -1601.97790527], [-120.51622, 46.5043, -1262.55419922], [-120.5308, 46.50451, -1285.07824707], [-120.52414, 46.49648, -1601.97790527]]], [[[-120.56285, 46.09413, -17528.20703125], [-120.57445, 46.08901, -17606.46875], [-120.56198, 46.08573, -17872.21679688], [-120.56285, 46.09413, -17528.20703125]]], [[[-120.58518, 46.07557, -18049.4609375], [-120.5976, 46.07895, -17811.41015625], [-120.59673, 46.07056, -18155.87109375], [-120.58518, 46.07557, -18049.4609375]]], [[[-120.58518, 46.07557, -18049.4609375], [-120.59673, 46.07056, -18155.87109375], [-120.58431, 46.06717, -18393.65234375], [-120.58518, 46.07557, -18049.4609375]]], [[[-120.56926, 46.03863, -19671.94921875], [-120.58084, 46.03358, -19770.41601562], [-120.56839, 46.03022, -20016.42578125], [-120.56926, 46.03863, -19671.94921875]]], [[[-120.55626, 46.03503, -19955.14257812], [-120.56926, 46.03863, -19671.94921875], [-120.56839, 46.03022, -20016.42578125], [-120.55626, 46.03503, -19955.14257812]]], [[[-120.54218, 46.02992, -20348.31445312], [-120.55583, 46.02686, -20284.25976562], [-120.5448, 46.02076, -20672.44921875], [-120.54218, 46.02992, -20348.31445312]]], [[[-120.54218, 46.02992, -20348.31445312], [-120.5448, 46.02076, -20672.44921875], [-120.53067, 46.02344, -20769.875], [-120.54218, 46.02992, -20348.31445312]]]]}}]}