{"type": "FeatureCollection", "features": [{"type": "Feature", "properties": {"name": "Cherry Creek", "CFM_ID": 30, "region": "ForearcIntraarc_WA", "primary_state/province": "WA", "secondary_state/province": null, "avg_dip": 90, "dip_dir": "vertical", "rake": 0, "slip_sense": "Sinistral", "fault_level": 3, "NSHM23_sliprates": null, "QFFDAgeCatBin": "latest Quaternary", "QFFDAgeBin": "<15,000", "upper_depth": 0.0, "upper_depth_constraint": "topography", "lower_depth": -13.0, "lower_depth_constraint": "SDL", "3D_model_constraints": "trace extended at constant dip", "reference": "WGS (2025)", "nshm23_id": null, "lineage": null, "usgs_qffd_#": "540", "comments": "WA DNR CC_18", "id": "30"}, "geometry": {"type": "MultiPolygon", "coordinates": [[[[-121.85574, 47.78926, -13761.376953125], [-121.8606, 47.7822, -13267.3232421875], [-121.8606, 47.7822, -14255.4296875], [-121.85574, 47.78926, -13761.376953125]]], [[[-121.84763, 47.80466, -16761.396484375], [-121.84287, 47.81326, -17394.669921875], [-121.84287, 47.81326, -16603.01953125], [-121.84763, 47.80466, -16761.396484375]]], [[[-121.88931, 47.75369, -27076.98828125], [-121.893, 47.75, -27594.87109375], [-121.88561, 47.75739, -27547.2109375], [-121.88931, 47.75369, -27076.98828125]]], [[[-121.85574, 47.78926, -14749.4833984375], [-121.85574, 47.78926, -13761.376953125], [-121.8606, 47.7822, -14255.4296875], [-121.85574, 47.78926, -14749.4833984375]]], [[[-121.83097, 47.83644, -12248.9482421875], [-121.82724, 47.84422, -12644.7734375], [-121.82724, 47.84422, -11853.1240234375], [-121.83097, 47.83644, -12248.9482421875]]], [[[-121.84308, 47.81285, -20187.642578125], [-121.83915, 47.82069, -21013.599609375], [-121.83899, 47.82102, -20165.44140625], [-121.84308, 47.81285, -20187.642578125]]], [[[-121.88654, 47.75646, -24136.498046875], [-121.88037, 47.76263, -24635.322265625], [-121.88008, 47.76292, -23642.443359375], [-121.88654, 47.75646, -24136.498046875]]], [[[-121.83899, 47.82102, -8290.7021484375], [-121.83551, 47.82886, -8686.5263671875], [-121.83551, 47.82886, -7894.87744140625], [-121.83899, 47.82102, -8290.7021484375]]], [[[-121.84763, 47.80466, -16761.396484375], [-121.84287, 47.81326, -16603.01953125], [-121.84738, 47.80512, -15757.16015625], [-121.84763, 47.80466, -16761.396484375]]], [[[-121.893, 47.75, -26606.763671875], [-121.893, 47.75, -27594.87109375], [-121.88931, 47.75369, -27076.98828125], [-121.893, 47.75, -26606.763671875]]], [[[-121.83097, 47.83644, -16207.1953125], [-121.83551, 47.82886, -15811.3701171875], [-121.83551, 47.82886, -16603.01953125], [-121.83097, 47.83644, -16207.1953125]]], [[[-121.87356, 47.76944, -24120.9296875], [-121.88008, 47.76292, -23642.443359375], [-121.88037, 47.76263, -24635.322265625], [-121.87356, 47.76944, -24120.9296875]]], [[[-121.88662, 47.75638, -26197.275390625], [-121.893, 47.75, -26606.763671875], [-121.88931, 47.75369, -27076.98828125], [-121.88662, 47.75638, -26197.275390625]]], [[[-121.85574, 47.78926, -14749.4833984375], [-121.8606, 47.7822, -14255.4296875], [-121.8606, 47.7822, -15243.537109375], [-121.85574, 47.78926, -14749.4833984375]]], [[[-121.81896, 47.85958, -18186.318359375], [-121.81896, 47.85958, -18977.966796875], [-121.81494, 47.86729, -18582.142578125], [-121.81896, 47.85958, -18186.318359375]]], [[[-121.83899, 47.82102, -13040.59765625], [-121.83551, 47.82886, -12644.7734375], [-121.83899, 47.82102, -12248.9482421875], [-121.83899, 47.82102, -13040.59765625]]], [[[-121.82287, 47.85201, -23368.34765625], [-121.81896, 47.85958, -23727.86328125], [-121.81896, 47.85958, -22936.21484375], [-121.82287, 47.85201, -23368.34765625]]], [[[-121.85574, 47.78926, -19690.017578125], [-121.85574, 47.78926, -18701.91015625], [-121.8606, 47.7822, -19195.962890625], [-121.85574, 47.78926, -19690.017578125]]], [[[-121.88662, 47.75638, -26197.275390625], [-121.893, 47.75, -25618.658203125], [-121.893, 47.75, -26606.763671875], [-121.88662, 47.75638, -26197.275390625]]], [[[-121.88654, 47.75646, -13267.3232421875], [-121.893, 47.75, -13761.376953125], [-121.88654, 47.75646, -14255.4296875], [-121.88654, 47.75646, -13267.3232421875]]], [[[-121.88635, 47.75665, -25149.91015625], [-121.893, 47.75, -25618.658203125], [-121.88662, 47.75638, -26197.275390625], [-121.88635, 47.75665, -25149.91015625]]], [[[-121.83097, 47.83644, -16998.84375], [-121.82724, 47.84422, -17394.669921875], [-121.82724, 47.84422, -16603.01953125], [-121.83097, 47.83644, -16998.84375]]], [[[-121.81494, 47.8673, -24975.41015625], [-121.81542, 47.86653, -25986.23046875], [-121.811, 47.875, -25311.162109375], [-121.81494, 47.8673, -24975.41015625]]], [[[-121.84724, 47.80536, -21012.98828125], [-121.84926, 47.80147, -22068.3984375], [-121.8445, 47.8103, -22042.75], [-121.84724, 47.80536, -21012.98828125]]], [[[-121.88635, 47.75665, -25149.91015625], [-121.893, 47.75, -24630.55078125], [-121.893, 47.75, -25618.658203125], [-121.88635, 47.75665, -25149.91015625]]], [[[-121.81896, 47.85958, -11061.474609375], [-121.81896, 47.85958, -11853.1240234375], [-121.81494, 47.86729, -11457.298828125], [-121.81896, 47.85958, -11061.474609375]]], [[[-121.88654, 47.75646, -12279.216796875], [-121.893, 47.75, -12773.26953125], [-121.88654, 47.75646, -13267.3232421875], [-121.88654, 47.75646, -12279.216796875]]], [[[-121.83551, 47.82886, -13436.4228515625], [-121.83097, 47.83644, -13832.2470703125], [-121.83097, 47.83644, -13040.59765625], [-121.83551, 47.82886, -13436.4228515625]]], [[[-121.88654, 47.75646, -24136.498046875], [-121.893, 47.75, -24630.55078125], [-121.88635, 47.75665, -25149.91015625], [-121.88654, 47.75646, -24136.498046875]]], [[[-121.82296, 47.85187, -16207.1953125], [-121.81896, 47.85958, -16603.01953125], [-121.81896, 47.85958, -15811.3701171875], [-121.82296, 47.85187, -16207.1953125]]], [[[-121.81896, 47.85958, -3936.630615234375], [-121.82296, 47.85187, -4332.455078125], [-121.81896, 47.85958, -4728.27978515625], [-121.81896, 47.85958, -3936.630615234375]]], [[[-121.88654, 47.75646, -11291.109375], [-121.893, 47.75, -10797.056640625], [-121.893, 47.75, -11785.1630859375], [-121.88654, 47.75646, -11291.109375]]], [[[-121.83551, 47.82886, -15019.720703125], [-121.83097, 47.83644, -15415.5458984375], [-121.83097, 47.83644, -14623.896484375], [-121.83551, 47.82886, -15019.720703125]]], [[[-121.8606, 47.7822, -14255.4296875], [-121.86681, 47.77567, -14749.4833984375], [-121.8606, 47.7822, -15243.537109375], [-121.8606, 47.7822, -14255.4296875]]], [[[-121.88654, 47.75646, -24136.498046875], [-121.893, 47.75, -23642.443359375], [-121.893, 47.75, -24630.55078125], [-121.88654, 47.75646, -24136.498046875]]], [[[-121.88654, 47.75646, -14255.4296875], [-121.893, 47.75, -13761.376953125], [-121.893, 47.75, -14749.4833984375], [-121.88654, 47.75646, -14255.4296875]]], [[[-121.82296, 47.85187, -9082.3515625], [-121.81896, 47.85958, -9478.17578125], [-121.81896, 47.85958, -8686.5263671875], [-121.82296, 47.85187, -9082.3515625]]], [[[-121.84761, 47.8047, -19772.505859375], [-121.85168, 47.79664, -19203.90625], [-121.85143, 47.79714, -20264.587890625], [-121.84761, 47.8047, -19772.505859375]]], [[[-121.83899, 47.82102, -15415.5458984375], [-121.83551, 47.82886, -15019.720703125], [-121.83899, 47.82102, -14623.896484375], [-121.83899, 47.82102, -15415.5458984375]]], [[[-121.8414, 47.81619, -26361.57421875], [-121.84589, 47.8078, -26408.841796875], [-121.84338, 47.81232, -27242.17578125], [-121.8414, 47.81619, -26361.57421875]]], [[[-121.88654, 47.75646, -23148.390625], [-121.893, 47.75, -23642.443359375], [-121.88654, 47.75646, -24136.498046875], [-121.88654, 47.75646, -23148.390625]]], [[[-121.86681, 47.77567, -14749.4833984375], [-121.86681, 47.77567, -13761.376953125], [-121.87362, 47.76938, -14255.4296875], [-121.86681, 47.77567, -14749.4833984375]]], [[[-121.81896, 47.85958, -4728.27978515625], [-121.81494, 47.86729, -5124.1044921875], [-121.81494, 47.86729, -4332.455078125], [-121.81896, 47.85958, -4728.27978515625]]], [[[-121.83899, 47.82102, -9082.3515625], [-121.83551, 47.82886, -8686.5263671875], [-121.83899, 47.82102, -8290.7021484375], [-121.83899, 47.82102, -9082.3515625]]], [[[-121.82296, 47.85187, -19373.79296875], [-121.82296, 47.85187, -20165.44140625], [-121.81896, 47.85958, -19769.6171875], [-121.82296, 47.85187, -19373.79296875]]], [[[-121.88654, 47.75646, -23148.390625], [-121.893, 47.75, -22654.337890625], [-121.893, 47.75, -23642.443359375], [-121.88654, 47.75646, -23148.390625]]], [[[-121.85254, 47.79502, -25603.673828125], [-121.85471, 47.79113, -26486.751953125], [-121.85026, 47.79947, -26451.54296875], [-121.85254, 47.79502, -25603.673828125]]], [[[-121.85558, 47.78955, -4319.203125], [-121.85796, 47.78572, -3397.939208984375], [-121.8611, 47.78154, -4239.02978515625], [-121.85558, 47.78955, -4319.203125]]], [[[-121.88654, 47.75646, -22160.283203125], [-121.893, 47.75, -22654.337890625], [-121.88654, 47.75646, -23148.390625], [-121.88654, 47.75646, -22160.283203125]]], [[[-121.83551, 47.82886, -19769.6171875], [-121.83097, 47.83644, -20165.44140625], [-121.83097, 47.83644, -19373.79296875], [-121.83551, 47.82886, -19769.6171875]]], [[[-121.81968, 47.85798, -26142.20703125], [-121.82145, 47.85428, -27007.90625], [-121.81763, 47.86257, -26964.576171875], [-121.81968, 47.85798, -26142.20703125]]], [[[-121.88654, 47.75646, -22160.283203125], [-121.893, 47.75, -21666.23046875], [-121.893, 47.75, -22654.337890625], [-121.88654, 47.75646, -22160.283203125]]], [[[-121.83097, 47.83644, -20957.091796875], [-121.82724, 47.84422, -20561.265625], [-121.83097, 47.83644, -20165.44140625], [-121.83097, 47.83644, -20957.091796875]]], [[[-121.81896, 47.85958, -12644.7734375], [-121.81494, 47.86729, -13040.59765625], [-121.81494, 47.86729, -12248.9482421875], [-121.81896, 47.85958, -12644.7734375]]], [[[-121.84287, 47.81326, -15811.3701171875], [-121.83899, 47.82102, -16207.1953125], [-121.83899, 47.82102, -15415.5458984375], [-121.84287, 47.81326, -15811.3701171875]]], [[[-121.83899, 47.82102, -7499.052734375], [-121.83551, 47.82886, -7103.22802734375], [-121.83902, 47.82096, -6709.498046875], [-121.83899, 47.82102, -7499.052734375]]], [[[-121.811, 47.875, -26102.8125], [-121.811, 47.875, -25311.162109375], [-121.81542, 47.86653, -25986.23046875], [-121.811, 47.875, -26102.8125]]], [[[-121.88008, 47.76292, -14749.4833984375], [-121.88008, 47.76292, -13761.376953125], [-121.88654, 47.75646, -14255.4296875], [-121.88008, 47.76292, -14749.4833984375]]], [[[-121.88654, 47.75646, -21172.177734375], [-121.893, 47.75, -21666.23046875], [-121.88654, 47.75646, -22160.283203125], [-121.88654, 47.75646, -21172.177734375]]], [[[-121.84662, 47.80648, -6040.61865234375], [-121.84428, 47.8107, -5123.40576171875], [-121.84895, 47.8021, -5197.65380859375], [-121.84662, 47.80648, -6040.61865234375]]], [[[-121.86681, 47.77567, -19690.017578125], [-121.87362, 47.76938, -20184.0703125], [-121.86681, 47.77567, -20678.123046875], [-121.86681, 47.77567, -19690.017578125]]], [[[-121.86031, 47.78259, -22193.625], [-121.86687, 47.77561, -22672.6484375], [-121.86105, 47.78161, -23117.30078125], [-121.86031, 47.78259, -22193.625]]], [[[-121.87362, 47.76938, -17219.75], [-121.88008, 47.76292, -16725.697265625], [-121.88008, 47.76292, -17713.802734375], [-121.87362, 47.76938, -17219.75]]], [[[-121.88654, 47.75646, -21172.177734375], [-121.893, 47.75, -20678.123046875], [-121.893, 47.75, -21666.23046875], [-121.88654, 47.75646, -21172.177734375]]], [[[-121.81896, 47.85958, -13436.4228515625], [-121.81494, 47.86729, -13832.2470703125], [-121.81494, 47.86729, -13040.59765625], [-121.81896, 47.85958, -13436.4228515625]]], [[[-121.88008, 47.76292, -12773.26953125], [-121.87362, 47.76938, -12279.216796875], [-121.88008, 47.76292, -11785.1630859375], [-121.88008, 47.76292, -12773.26953125]]], [[[-121.85167, 47.79667, -21304.28125], [-121.85561, 47.7895, -20757.06640625], [-121.85481, 47.79094, -21968.791015625], [-121.85167, 47.79667, -21304.28125]]], [[[-121.83097, 47.83644, -18582.142578125], [-121.82724, 47.84422, -18977.966796875], [-121.82724, 47.84422, -18186.318359375], [-121.83097, 47.83644, -18582.142578125]]], [[[-121.88654, 47.75646, -12279.216796875], [-121.893, 47.75, -11785.1630859375], [-121.893, 47.75, -12773.26953125], [-121.88654, 47.75646, -12279.216796875]]], [[[-121.87362, 47.76938, -22160.283203125], [-121.88008, 47.76292, -21666.23046875], [-121.88008, 47.76292, -22654.337890625], [-121.87362, 47.76938, -22160.283203125]]], [[[-121.88654, 47.75646, -20184.0703125], [-121.893, 47.75, -20678.123046875], [-121.88654, 47.75646, -21172.177734375], [-121.88654, 47.75646, -20184.0703125]]], [[[-121.85574, 47.78926, -14749.4833984375], [-121.85172, 47.79656, -14255.4296875], [-121.85574, 47.78926, -13761.376953125], [-121.85574, 47.78926, -14749.4833984375]]], [[[-121.87502, 47.76798, -24979.51171875], [-121.87937, 47.76363, -25741.166015625], [-121.87148, 47.77152, -25728.74609375], [-121.87502, 47.76798, -24979.51171875]]], [[[-121.85481, 47.79094, -21968.791015625], [-121.85562, 47.78949, -22984.8515625], [-121.85115, 47.79771, -22929.142578125], [-121.85481, 47.79094, -21968.791015625]]], [[[-121.83551, 47.82886, -19769.6171875], [-121.83551, 47.82886, -20561.265625], [-121.83097, 47.83644, -20165.44140625], [-121.83551, 47.82886, -19769.6171875]]], [[[-121.84654, 47.80664, -22949.765625], [-121.84862, 47.80277, -23834.2890625], [-121.84408, 47.81106, -23795.9765625], [-121.84654, 47.80664, -22949.765625]]], [[[-121.83899, 47.82102, -19373.79296875], [-121.83551, 47.82886, -19769.6171875], [-121.83551, 47.82886, -18977.966796875], [-121.83899, 47.82102, -19373.79296875]]], [[[-121.87485, 47.76816, -26618.279296875], [-121.87823, 47.76477, -27499.560546875], [-121.87083, 47.77215, -27451.841796875], [-121.87485, 47.76816, -26618.279296875]]], [[[-121.84224, 47.81452, -6012.43798828125], [-121.84012, 47.81875, -5139.7626953125], [-121.84428, 47.8107, -5123.40576171875], [-121.84224, 47.81452, -6012.43798828125]]], [[[-121.88654, 47.75646, -20184.0703125], [-121.893, 47.75, -19690.017578125], [-121.893, 47.75, -20678.123046875], [-121.88654, 47.75646, -20184.0703125]]], [[[-121.88008, 47.76292, -13761.376953125], [-121.88008, 47.76292, -12773.26953125], [-121.88654, 47.75646, -13267.3232421875], [-121.88008, 47.76292, -13761.376953125]]], [[[-121.88654, 47.75646, -10303.0029296875], [-121.893, 47.75, -10797.056640625], [-121.88654, 47.75646, -11291.109375], [-121.88654, 47.75646, -10303.0029296875]]], [[[-121.85143, 47.79714, -20264.587890625], [-121.85561, 47.7895, -20757.06640625], [-121.85167, 47.79667, -21304.28125], [-121.85143, 47.79714, -20264.587890625]]], [[[-121.85574, 47.78926, -16725.697265625], [-121.85574, 47.78926, -15737.58984375], [-121.8606, 47.7822, -16231.6435546875], [-121.85574, 47.78926, -16725.697265625]]], [[[-121.88654, 47.75646, -9314.896484375], [-121.893, 47.75, -8820.8427734375], [-121.893, 47.75, -9808.94921875], [-121.88654, 47.75646, -9314.896484375]]], [[[-121.88654, 47.75646, -20184.0703125], [-121.88654, 47.75646, -19195.962890625], [-121.893, 47.75, -19690.017578125], [-121.88654, 47.75646, -20184.0703125]]], [[[-121.83097, 47.83644, -18582.142578125], [-121.83551, 47.82886, -18977.966796875], [-121.83097, 47.83644, -19373.79296875], [-121.83097, 47.83644, -18582.142578125]]], [[[-121.84769, 47.80455, -13772.5263671875], [-121.84287, 47.81326, -13436.4228515625], [-121.84763, 47.80466, -12808.3701171875], [-121.84769, 47.80455, -13772.5263671875]]], [[[-121.86031, 47.78259, -22193.625], [-121.86681, 47.77567, -21666.23046875], [-121.86687, 47.77561, -22672.6484375], [-121.86031, 47.78259, -22193.625]]], [[[-121.8478, 47.80437, -18703.4921875], [-121.85172, 47.79656, -18207.857421875], [-121.85168, 47.79664, -19203.90625], [-121.8478, 47.80437, -18703.4921875]]], [[[-121.87362, 47.76938, -17219.75], [-121.87362, 47.76938, -16231.6435546875], [-121.88008, 47.76292, -16725.697265625], [-121.87362, 47.76938, -17219.75]]], [[[-121.88008, 47.76292, -19690.017578125], [-121.88654, 47.75646, -19195.962890625], [-121.88654, 47.75646, -20184.0703125], [-121.88008, 47.76292, -19690.017578125]]], [[[-121.88008, 47.76292, -14749.4833984375], [-121.88654, 47.75646, -14255.4296875], [-121.88654, 47.75646, -15243.537109375], [-121.88008, 47.76292, -14749.4833984375]]], [[[-121.87342, 47.76958, -23166.556640625], [-121.88008, 47.76292, -22654.337890625], [-121.88008, 47.76292, -23642.443359375], [-121.87342, 47.76958, -23166.556640625]]], [[[-121.88654, 47.75646, -8326.7890625], [-121.893, 47.75, -8820.8427734375], [-121.88654, 47.75646, -9314.896484375], [-121.88654, 47.75646, -8326.7890625]]], [[[-121.88008, 47.76292, -19690.017578125], [-121.88008, 47.76292, -18701.91015625], [-121.88654, 47.75646, -19195.962890625], [-121.88008, 47.76292, -19690.017578125]]], [[[-121.86681, 47.77567, -13761.376953125], [-121.87362, 47.76938, -13267.3232421875], [-121.87362, 47.76938, -14255.4296875], [-121.86681, 47.77567, -13761.376953125]]], [[[-121.87362, 47.76938, -13267.3232421875], [-121.88008, 47.76292, -13761.376953125], [-121.87362, 47.76938, -14255.4296875], [-121.87362, 47.76938, -13267.3232421875]]], [[[-121.85574, 47.78926, -18701.91015625], [-121.8606, 47.7822, -18207.857421875], [-121.8606, 47.7822, -19195.962890625], [-121.85574, 47.78926, -18701.91015625]]], [[[-121.82694, 47.84488, -23731.244140625], [-121.83092, 47.83653, -23645.46875], [-121.82866, 47.84101, -24496.478515625], [-121.82694, 47.84488, -23731.244140625]]], [[[-121.84777, 47.80442, -17720.578125], [-121.85172, 47.79656, -17219.75], [-121.85172, 47.79656, -18207.857421875], [-121.84777, 47.80442, -17720.578125]]], [[[-121.87362, 47.76938, -19195.962890625], [-121.88008, 47.76292, -18701.91015625], [-121.88008, 47.76292, -19690.017578125], [-121.87362, 47.76938, -19195.962890625]]], [[[-121.87362, 47.76938, -18207.857421875], [-121.88008, 47.76292, -18701.91015625], [-121.87362, 47.76938, -19195.962890625], [-121.87362, 47.76938, -18207.857421875]]], [[[-121.87362, 47.76938, -21172.177734375], [-121.88008, 47.76292, -21666.23046875], [-121.87362, 47.76938, -22160.283203125], [-121.87362, 47.76938, -21172.177734375]]], [[[-121.88654, 47.75646, -9314.896484375], [-121.893, 47.75, -9808.94921875], [-121.88654, 47.75646, -10303.0029296875], [-121.88654, 47.75646, -9314.896484375]]], [[[-121.88008, 47.76292, -18701.91015625], [-121.87362, 47.76938, -18207.857421875], [-121.88008, 47.76292, -17713.802734375], [-121.88008, 47.76292, -18701.91015625]]], [[[-121.88037, 47.76263, -24635.322265625], [-121.88654, 47.75646, -24136.498046875], [-121.88635, 47.75665, -25149.91015625], [-121.88037, 47.76263, -24635.322265625]]], [[[-121.85172, 47.79656, -18207.857421875], [-121.85574, 47.78926, -18701.91015625], [-121.85168, 47.79664, -19203.90625], [-121.85172, 47.79656, -18207.857421875]]], [[[-121.84926, 47.80147, -22068.3984375], [-121.84654, 47.80664, -22949.765625], [-121.8445, 47.8103, -22042.75], [-121.84926, 47.80147, -22068.3984375]]], [[[-121.85574, 47.78926, -16725.697265625], [-121.8606, 47.7822, -16231.6435546875], [-121.8606, 47.7822, -17219.75], [-121.85574, 47.78926, -16725.697265625]]], [[[-121.88654, 47.75646, -17219.75], [-121.893, 47.75, -17713.802734375], [-121.88654, 47.75646, -18207.857421875], [-121.88654, 47.75646, -17219.75]]], [[[-121.88008, 47.76292, -18701.91015625], [-121.88008, 47.76292, -17713.802734375], [-121.88654, 47.75646, -18207.857421875], [-121.88008, 47.76292, -18701.91015625]]], [[[-121.87362, 47.76938, -20184.0703125], [-121.87362, 47.76938, -19195.962890625], [-121.88008, 47.76292, -19690.017578125], [-121.87362, 47.76938, -20184.0703125]]], [[[-121.88654, 47.75646, -7338.6826171875], [-121.893, 47.75, -6844.62939453125], [-121.893, 47.75, -7832.73583984375], [-121.88654, 47.75646, -7338.6826171875]]], [[[-121.88008, 47.76292, -18701.91015625], [-121.88654, 47.75646, -18207.857421875], [-121.88654, 47.75646, -19195.962890625], [-121.88008, 47.76292, -18701.91015625]]], [[[-121.88008, 47.76292, -4868.41552734375], [-121.88008, 47.76292, -3880.30908203125], [-121.88654, 47.75646, -4374.3623046875], [-121.88008, 47.76292, -4868.41552734375]]], [[[-121.85574, 47.78926, -13761.376953125], [-121.85172, 47.79656, -13267.3232421875], [-121.85574, 47.78926, -12773.26953125], [-121.85574, 47.78926, -13761.376953125]]], [[[-121.85574, 47.78926, -16725.697265625], [-121.8606, 47.7822, -17219.75], [-121.85574, 47.78926, -17713.802734375], [-121.85574, 47.78926, -16725.697265625]]], [[[-121.85574, 47.78926, -18701.91015625], [-121.85172, 47.79656, -18207.857421875], [-121.85574, 47.78926, -17713.802734375], [-121.85574, 47.78926, -18701.91015625]]], [[[-121.88654, 47.75646, -11291.109375], [-121.893, 47.75, -11785.1630859375], [-121.88654, 47.75646, -12279.216796875], [-121.88654, 47.75646, -11291.109375]]], [[[-121.85574, 47.78926, -15737.58984375], [-121.85574, 47.78926, -16725.697265625], [-121.85167, 47.79666, -16231.4228515625], [-121.85574, 47.78926, -15737.58984375]]], [[[-121.88654, 47.75646, -18207.857421875], [-121.893, 47.75, -18701.91015625], [-121.88654, 47.75646, -19195.962890625], [-121.88654, 47.75646, -18207.857421875]]], [[[-121.83097, 47.83644, -17790.494140625], [-121.82724, 47.84422, -18186.318359375], [-121.82724, 47.84422, -17394.669921875], [-121.83097, 47.83644, -17790.494140625]]], [[[-121.86716, 47.77536, -26569.119140625], [-121.87083, 47.77215, -27451.841796875], [-121.86283, 47.77923, -27400.966796875], [-121.86716, 47.77536, -26569.119140625]]], [[[-121.88654, 47.75646, -18207.857421875], [-121.893, 47.75, -17713.802734375], [-121.893, 47.75, -18701.91015625], [-121.88654, 47.75646, -18207.857421875]]], [[[-121.88008, 47.76292, -12773.26953125], [-121.88654, 47.75646, -12279.216796875], [-121.88654, 47.75646, -13267.3232421875], [-121.88008, 47.76292, -12773.26953125]]], [[[-121.88654, 47.75646, -6350.57568359375], [-121.893, 47.75, -6844.62939453125], [-121.88654, 47.75646, -7338.6826171875], [-121.88654, 47.75646, -6350.57568359375]]], [[[-121.88654, 47.75646, -17219.75], [-121.893, 47.75, -16725.697265625], [-121.893, 47.75, -17713.802734375], [-121.88654, 47.75646, -17219.75]]], [[[-121.8529, 47.79437, -23876.1484375], [-121.85056, 47.79888, -24718.982421875], [-121.84862, 47.80277, -23834.2890625], [-121.8529, 47.79437, -23876.1484375]]], [[[-121.87362, 47.76938, -13267.3232421875], [-121.88008, 47.76292, -12773.26953125], [-121.88008, 47.76292, -13761.376953125], [-121.87362, 47.76938, -13267.3232421875]]], [[[-121.81896, 47.85958, -21352.916015625], [-121.82296, 47.85187, -21748.740234375], [-121.81896, 47.85958, -22144.564453125], [-121.81896, 47.85958, -21352.916015625]]], [[[-121.84724, 47.80536, -21012.98828125], [-121.8445, 47.8103, -22042.75], [-121.84267, 47.81365, -21188.462890625], [-121.84724, 47.80536, -21012.98828125]]], [[[-121.87356, 47.76944, -24120.9296875], [-121.88037, 47.76263, -24635.322265625], [-121.87502, 47.76798, -24979.51171875], [-121.87356, 47.76944, -24120.9296875]]], [[[-121.88654, 47.75646, -17219.75], [-121.88654, 47.75646, -16231.6435546875], [-121.893, 47.75, -16725.697265625], [-121.88654, 47.75646, -17219.75]]], [[[-121.88189, 47.76111, -26700.810546875], [-121.88561, 47.75739, -27547.2109375], [-121.87823, 47.76477, -27499.560546875], [-121.88189, 47.76111, -26700.810546875]]], [[[-121.88654, 47.75646, -5362.46923828125], [-121.893, 47.75, -5856.5224609375], [-121.88654, 47.75646, -6350.57568359375], [-121.88654, 47.75646, -5362.46923828125]]], [[[-121.8432, 47.81264, -18211.044921875], [-121.8478, 47.80437, -18703.4921875], [-121.84323, 47.81259, -19119.6328125], [-121.8432, 47.81264, -18211.044921875]]], [[[-121.88008, 47.76292, -16725.697265625], [-121.88654, 47.75646, -16231.6435546875], [-121.88654, 47.75646, -17219.75], [-121.88008, 47.76292, -16725.697265625]]], [[[-121.88008, 47.76292, -19690.017578125], [-121.88654, 47.75646, -20184.0703125], [-121.88008, 47.76292, -20678.123046875], [-121.88008, 47.76292, -19690.017578125]]], [[[-121.88008, 47.76292, -21666.23046875], [-121.88654, 47.75646, -21172.177734375], [-121.88654, 47.75646, -22160.283203125], [-121.88008, 47.76292, -21666.23046875]]], [[[-121.85143, 47.79714, -20264.587890625], [-121.85574, 47.78926, -19690.017578125], [-121.85561, 47.7895, -20757.06640625], [-121.85143, 47.79714, -20264.587890625]]], [[[-121.87362, 47.76938, -22160.283203125], [-121.88008, 47.76292, -22654.337890625], [-121.87342, 47.76958, -23166.556640625], [-121.87362, 47.76938, -22160.283203125]]], [[[-121.88008, 47.76292, -15737.58984375], [-121.88654, 47.75646, -16231.6435546875], [-121.88008, 47.76292, -16725.697265625], [-121.88008, 47.76292, -15737.58984375]]], [[[-121.88654, 47.75646, -6350.57568359375], [-121.893, 47.75, -5856.5224609375], [-121.893, 47.75, -6844.62939453125], [-121.88654, 47.75646, -6350.57568359375]]], [[[-121.87362, 47.76938, -20184.0703125], [-121.88008, 47.76292, -19690.017578125], [-121.88008, 47.76292, -20678.123046875], [-121.87362, 47.76938, -20184.0703125]]], [[[-121.88008, 47.76292, -15737.58984375], [-121.88654, 47.75646, -15243.537109375], [-121.88654, 47.75646, -16231.6435546875], [-121.88008, 47.76292, -15737.58984375]]], [[[-121.85562, 47.78949, -22984.8515625], [-121.8579, 47.7858, -23909.830078125], [-121.8529, 47.79437, -23876.1484375], [-121.85562, 47.78949, -22984.8515625]]], [[[-121.84761, 47.8047, -19772.505859375], [-121.84323, 47.81259, -19119.6328125], [-121.8478, 47.80437, -18703.4921875], [-121.84761, 47.8047, -19772.505859375]]], [[[-121.87362, 47.76938, -17219.75], [-121.88008, 47.76292, -17713.802734375], [-121.87362, 47.76938, -18207.857421875], [-121.87362, 47.76938, -17219.75]]], [[[-121.88008, 47.76292, -15737.58984375], [-121.88008, 47.76292, -14749.4833984375], [-121.88654, 47.75646, -15243.537109375], [-121.88008, 47.76292, -15737.58984375]]], [[[-121.86681, 47.77567, -18701.91015625], [-121.87362, 47.76938, -18207.857421875], [-121.87362, 47.76938, -19195.962890625], [-121.86681, 47.77567, -18701.91015625]]], [[[-121.88008, 47.76292, -15737.58984375], [-121.87362, 47.76938, -15243.537109375], [-121.88008, 47.76292, -14749.4833984375], [-121.88008, 47.76292, -15737.58984375]]], [[[-121.84769, 47.80455, -13772.5263671875], [-121.84763, 47.80466, -12808.3701171875], [-121.85172, 47.79656, -13267.3232421875], [-121.84769, 47.80455, -13772.5263671875]]], [[[-121.87362, 47.76938, -15243.537109375], [-121.88008, 47.76292, -15737.58984375], [-121.87362, 47.76938, -16231.6435546875], [-121.87362, 47.76938, -15243.537109375]]], [[[-121.85331, 47.79364, -5172.44384765625], [-121.85086, 47.79828, -4266.27978515625], [-121.85558, 47.78955, -4319.203125], [-121.85331, 47.79364, -5172.44384765625]]], [[[-121.84724, 47.80536, -21012.98828125], [-121.85143, 47.79714, -20264.587890625], [-121.85167, 47.79667, -21304.28125], [-121.84724, 47.80536, -21012.98828125]]], [[[-121.86681, 47.77567, -15737.58984375], [-121.87362, 47.76938, -15243.537109375], [-121.87362, 47.76938, -16231.6435546875], [-121.86681, 47.77567, -15737.58984375]]], [[[-121.85574, 47.78926, -12773.26953125], [-121.8606, 47.7822, -12279.216796875], [-121.8606, 47.7822, -13267.3232421875], [-121.85574, 47.78926, -12773.26953125]]], [[[-121.85574, 47.78926, -18701.91015625], [-121.85574, 47.78926, -17713.802734375], [-121.8606, 47.7822, -18207.857421875], [-121.85574, 47.78926, -18701.91015625]]], [[[-121.84763, 47.80466, -16761.396484375], [-121.85172, 47.79656, -17219.75], [-121.84777, 47.80442, -17720.578125], [-121.84763, 47.80466, -16761.396484375]]], [[[-121.86681, 47.77567, -15737.58984375], [-121.86681, 47.77567, -14749.4833984375], [-121.87362, 47.76938, -15243.537109375], [-121.86681, 47.77567, -15737.58984375]]], [[[-121.88008, 47.76292, -23642.443359375], [-121.88008, 47.76292, -22654.337890625], [-121.88654, 47.75646, -23148.390625], [-121.88008, 47.76292, -23642.443359375]]], [[[-121.8478, 47.80437, -18703.4921875], [-121.8432, 47.81264, -18211.044921875], [-121.84777, 47.80442, -17720.578125], [-121.8478, 47.80437, -18703.4921875]]], [[[-121.86681, 47.77567, -15737.58984375], [-121.8606, 47.7822, -15243.537109375], [-121.86681, 47.77567, -14749.4833984375], [-121.86681, 47.77567, -15737.58984375]]], [[[-121.84287, 47.81326, -14228.072265625], [-121.83899, 47.82102, -14623.896484375], [-121.83899, 47.82102, -13832.2470703125], [-121.84287, 47.81326, -14228.072265625]]], [[[-121.84761, 47.8047, -19772.505859375], [-121.84308, 47.81285, -20187.642578125], [-121.84323, 47.81259, -19119.6328125], [-121.84761, 47.8047, -19772.505859375]]], [[[-121.86681, 47.77567, -18701.91015625], [-121.86681, 47.77567, -17713.802734375], [-121.87362, 47.76938, -18207.857421875], [-121.86681, 47.77567, -18701.91015625]]], [[[-121.8606, 47.7822, -15243.537109375], [-121.86681, 47.77567, -15737.58984375], [-121.8606, 47.7822, -16231.6435546875], [-121.8606, 47.7822, -15243.537109375]]], [[[-121.88008, 47.76292, -13761.376953125], [-121.88654, 47.75646, -13267.3232421875], [-121.88654, 47.75646, -14255.4296875], [-121.88008, 47.76292, -13761.376953125]]], [[[-121.84761, 47.8047, -19772.505859375], [-121.84724, 47.80536, -21012.98828125], [-121.84308, 47.81285, -20187.642578125], [-121.84761, 47.8047, -19772.505859375]]], [[[-121.8606, 47.7822, -17219.75], [-121.8606, 47.7822, -16231.6435546875], [-121.86681, 47.77567, -16725.697265625], [-121.8606, 47.7822, -17219.75]]], [[[-121.85574, 47.78926, -15737.58984375], [-121.8606, 47.7822, -15243.537109375], [-121.8606, 47.7822, -16231.6435546875], [-121.85574, 47.78926, -15737.58984375]]], [[[-121.8611, 47.78154, -4239.02978515625], [-121.85979, 47.78328, -5256.98291015625], [-121.85558, 47.78955, -4319.203125], [-121.8611, 47.78154, -4239.02978515625]]], [[[-121.84323, 47.81259, -19119.6328125], [-121.84308, 47.81285, -20187.642578125], [-121.83899, 47.82102, -19373.79296875], [-121.84323, 47.81259, -19119.6328125]]], [[[-121.8606, 47.7822, -20184.0703125], [-121.86681, 47.77567, -20678.123046875], [-121.86022, 47.7827, -21227.625], [-121.8606, 47.7822, -20184.0703125]]], [[[-121.85574, 47.78926, -15737.58984375], [-121.85574, 47.78926, -14749.4833984375], [-121.8606, 47.7822, -15243.537109375], [-121.85574, 47.78926, -15737.58984375]]], [[[-121.83551, 47.82886, -16603.01953125], [-121.83551, 47.82886, -17394.669921875], [-121.83097, 47.83644, -16998.84375], [-121.83551, 47.82886, -16603.01953125]]], [[[-121.85172, 47.79656, -17219.75], [-121.85574, 47.78926, -16725.697265625], [-121.85574, 47.78926, -17713.802734375], [-121.85172, 47.79656, -17219.75]]], [[[-121.85574, 47.78926, -15737.58984375], [-121.85164, 47.79673, -15246.09375], [-121.85574, 47.78926, -14749.4833984375], [-121.85574, 47.78926, -15737.58984375]]], [[[-121.87485, 47.76816, -26618.279296875], [-121.88189, 47.76111, -26700.810546875], [-121.87823, 47.76477, -27499.560546875], [-121.87485, 47.76816, -26618.279296875]]], [[[-121.83899, 47.82102, -20165.44140625], [-121.83551, 47.82886, -20561.265625], [-121.83551, 47.82886, -19769.6171875], [-121.83899, 47.82102, -20165.44140625]]], [[[-121.86574, 47.7766, -23839.826171875], [-121.87356, 47.76944, -24120.9296875], [-121.86781, 47.77479, -24841.275390625], [-121.86574, 47.7766, -23839.826171875]]], [[[-121.85164, 47.79673, -15246.09375], [-121.85574, 47.78926, -15737.58984375], [-121.85167, 47.79666, -16231.4228515625], [-121.85164, 47.79673, -15246.09375]]], [[[-121.87937, 47.76363, -25741.166015625], [-121.88662, 47.75638, -26197.275390625], [-121.88189, 47.76111, -26700.810546875], [-121.87937, 47.76363, -25741.166015625]]], [[[-121.84738, 47.80512, -15757.16015625], [-121.85164, 47.79673, -15246.09375], [-121.85167, 47.79666, -16231.4228515625], [-121.84738, 47.80512, -15757.16015625]]], [[[-121.88008, 47.76292, -15737.58984375], [-121.88008, 47.76292, -16725.697265625], [-121.87362, 47.76938, -16231.6435546875], [-121.88008, 47.76292, -15737.58984375]]], [[[-121.84738, 47.80512, -15757.16015625], [-121.84769, 47.80457, -14740.4765625], [-121.85164, 47.79673, -15246.09375], [-121.84738, 47.80512, -15757.16015625]]], [[[-121.83551, 47.82886, -9478.17578125], [-121.83551, 47.82886, -10269.8251953125], [-121.83097, 47.83644, -9874.0009765625], [-121.83551, 47.82886, -9478.17578125]]], [[[-121.87362, 47.76938, -12279.216796875], [-121.88008, 47.76292, -12773.26953125], [-121.87362, 47.76938, -13267.3232421875], [-121.87362, 47.76938, -12279.216796875]]], [[[-121.86681, 47.77567, -21666.23046875], [-121.86681, 47.77567, -20678.123046875], [-121.87362, 47.76938, -21172.177734375], [-121.86681, 47.77567, -21666.23046875]]], [[[-121.84738, 47.80512, -15757.16015625], [-121.84287, 47.81326, -15019.720703125], [-121.84769, 47.80457, -14740.4765625], [-121.84738, 47.80512, -15757.16015625]]], [[[-121.88008, 47.76292, -7832.73583984375], [-121.88654, 47.75646, -7338.6826171875], [-121.88654, 47.75646, -8326.7890625], [-121.88008, 47.76292, -7832.73583984375]]], [[[-121.83551, 47.82886, -18186.318359375], [-121.83097, 47.83644, -18582.142578125], [-121.83097, 47.83644, -17790.494140625], [-121.83551, 47.82886, -18186.318359375]]], [[[-121.85574, 47.78926, -17713.802734375], [-121.8606, 47.7822, -17219.75], [-121.8606, 47.7822, -18207.857421875], [-121.85574, 47.78926, -17713.802734375]]], [[[-121.84287, 47.81326, -15019.720703125], [-121.84738, 47.80512, -15757.16015625], [-121.84287, 47.81326, -15811.3701171875], [-121.84287, 47.81326, -15019.720703125]]], [[[-121.83097, 47.83644, -10665.6494140625], [-121.82724, 47.84422, -11061.474609375], [-121.82724, 47.84422, -10269.8251953125], [-121.83097, 47.83644, -10665.6494140625]]], [[[-121.86687, 47.77561, -22672.6484375], [-121.87342, 47.76958, -23166.556640625], [-121.86574, 47.7766, -23839.826171875], [-121.86687, 47.77561, -22672.6484375]]], [[[-121.84287, 47.81326, -15019.720703125], [-121.84287, 47.81326, -15811.3701171875], [-121.83899, 47.82102, -15415.5458984375], [-121.84287, 47.81326, -15019.720703125]]], [[[-121.87362, 47.76938, -11291.109375], [-121.88008, 47.76292, -10797.056640625], [-121.88008, 47.76292, -11785.1630859375], [-121.87362, 47.76938, -11291.109375]]], [[[-121.83899, 47.82102, -20165.44140625], [-121.83915, 47.82069, -21013.599609375], [-121.83551, 47.82886, -20561.265625], [-121.83899, 47.82102, -20165.44140625]]], [[[-121.86681, 47.77567, -19690.017578125], [-121.86681, 47.77567, -18701.91015625], [-121.87362, 47.76938, -19195.962890625], [-121.86681, 47.77567, -19690.017578125]]], [[[-121.84287, 47.81326, -15019.720703125], [-121.83899, 47.82102, -15415.5458984375], [-121.83899, 47.82102, -14623.896484375], [-121.84287, 47.81326, -15019.720703125]]], [[[-121.88008, 47.76292, -8820.8427734375], [-121.88008, 47.76292, -7832.73583984375], [-121.88654, 47.75646, -8326.7890625], [-121.88008, 47.76292, -8820.8427734375]]], [[[-121.84763, 47.80466, -16761.396484375], [-121.84777, 47.80442, -17720.578125], [-121.84287, 47.81326, -17394.669921875], [-121.84763, 47.80466, -16761.396484375]]], [[[-121.84287, 47.81326, -14228.072265625], [-121.84287, 47.81326, -15019.720703125], [-121.83899, 47.82102, -14623.896484375], [-121.84287, 47.81326, -14228.072265625]]], [[[-121.8606, 47.7822, -18207.857421875], [-121.86681, 47.77567, -18701.91015625], [-121.8606, 47.7822, -19195.962890625], [-121.8606, 47.7822, -18207.857421875]]], [[[-121.84287, 47.81326, -14228.072265625], [-121.84769, 47.80457, -14740.4765625], [-121.84287, 47.81326, -15019.720703125], [-121.84287, 47.81326, -14228.072265625]]], [[[-121.84267, 47.81365, -21188.462890625], [-121.8445, 47.8103, -22042.75], [-121.83973, 47.81955, -21987.55078125], [-121.84267, 47.81365, -21188.462890625]]], [[[-121.85172, 47.79656, -18207.857421875], [-121.85172, 47.79656, -17219.75], [-121.85574, 47.78926, -17713.802734375], [-121.85172, 47.79656, -18207.857421875]]], [[[-121.84769, 47.80457, -14740.4765625], [-121.84287, 47.81326, -14228.072265625], [-121.84769, 47.80455, -13772.5263671875], [-121.84769, 47.80457, -14740.4765625]]], [[[-121.83559, 47.82867, -21365.44921875], [-121.83563, 47.82858, -22171.001953125], [-121.83101, 47.83638, -21793.162109375], [-121.83559, 47.82867, -21365.44921875]]], [[[-121.87937, 47.76363, -25741.166015625], [-121.87485, 47.76816, -26618.279296875], [-121.87148, 47.77152, -25728.74609375], [-121.87937, 47.76363, -25741.166015625]]], [[[-121.84769, 47.80457, -14740.4765625], [-121.84769, 47.80455, -13772.5263671875], [-121.85172, 47.79656, -14255.4296875], [-121.84769, 47.80457, -14740.4765625]]], [[[-121.86681, 47.77567, -19690.017578125], [-121.87362, 47.76938, -19195.962890625], [-121.87362, 47.76938, -20184.0703125], [-121.86681, 47.77567, -19690.017578125]]], [[[-121.84769, 47.80457, -14740.4765625], [-121.85172, 47.79656, -14255.4296875], [-121.85164, 47.79673, -15246.09375], [-121.84769, 47.80457, -14740.4765625]]], [[[-121.83973, 47.81955, -21987.55078125], [-121.83563, 47.82858, -22171.001953125], [-121.83559, 47.82867, -21365.44921875], [-121.83973, 47.81955, -21987.55078125]]], [[[-121.83097, 47.83644, -19373.79296875], [-121.82724, 47.84422, -19769.6171875], [-121.82724, 47.84422, -18977.966796875], [-121.83097, 47.83644, -19373.79296875]]], [[[-121.87502, 47.76798, -24979.51171875], [-121.88037, 47.76263, -24635.322265625], [-121.87937, 47.76363, -25741.166015625], [-121.87502, 47.76798, -24979.51171875]]], [[[-121.85172, 47.79656, -14255.4296875], [-121.85574, 47.78926, -14749.4833984375], [-121.85164, 47.79673, -15246.09375], [-121.85172, 47.79656, -14255.4296875]]], [[[-121.88189, 47.76111, -26700.810546875], [-121.88662, 47.75638, -26197.275390625], [-121.88561, 47.75739, -27547.2109375], [-121.88189, 47.76111, -26700.810546875]]], [[[-121.85168, 47.79664, -19203.90625], [-121.85574, 47.78926, -18701.91015625], [-121.85574, 47.78926, -19690.017578125], [-121.85168, 47.79664, -19203.90625]]], [[[-121.86687, 47.77561, -22672.6484375], [-121.87362, 47.76938, -22160.283203125], [-121.87342, 47.76958, -23166.556640625], [-121.86687, 47.77561, -22672.6484375]]], [[[-121.85481, 47.79094, -21968.791015625], [-121.86022, 47.7827, -21227.625], [-121.86031, 47.78259, -22193.625], [-121.85481, 47.79094, -21968.791015625]]], [[[-121.8606, 47.7822, -19195.962890625], [-121.86681, 47.77567, -18701.91015625], [-121.86681, 47.77567, -19690.017578125], [-121.8606, 47.7822, -19195.962890625]]], [[[-121.86681, 47.77567, -16725.697265625], [-121.87362, 47.76938, -17219.75], [-121.86681, 47.77567, -17713.802734375], [-121.86681, 47.77567, -16725.697265625]]], [[[-121.88654, 47.75646, -15243.537109375], [-121.893, 47.75, -14749.4833984375], [-121.893, 47.75, -15737.58984375], [-121.88654, 47.75646, -15243.537109375]]], [[[-121.8478, 47.80437, -18703.4921875], [-121.84777, 47.80442, -17720.578125], [-121.85172, 47.79656, -18207.857421875], [-121.8478, 47.80437, -18703.4921875]]], [[[-121.8432, 47.81264, -18211.044921875], [-121.83899, 47.82102, -18582.142578125], [-121.83899, 47.82102, -17790.494140625], [-121.8432, 47.81264, -18211.044921875]]], [[[-121.86681, 47.77567, -9808.94921875], [-121.86681, 47.77567, -8820.8427734375], [-121.87362, 47.76938, -9314.896484375], [-121.86681, 47.77567, -9808.94921875]]], [[[-121.83551, 47.82886, -15019.720703125], [-121.83551, 47.82886, -15811.3701171875], [-121.83097, 47.83644, -15415.5458984375], [-121.83551, 47.82886, -15019.720703125]]], [[[-121.88008, 47.76292, -16725.697265625], [-121.88654, 47.75646, -17219.75], [-121.88008, 47.76292, -17713.802734375], [-121.88008, 47.76292, -16725.697265625]]], [[[-121.86681, 47.77567, -14749.4833984375], [-121.8606, 47.7822, -14255.4296875], [-121.86681, 47.77567, -13761.376953125], [-121.86681, 47.77567, -14749.4833984375]]], [[[-121.84862, 47.80277, -23834.2890625], [-121.84622, 47.8072, -24680.302734375], [-121.84408, 47.81106, -23795.9765625], [-121.84862, 47.80277, -23834.2890625]]], [[[-121.85331, 47.79364, -5172.44384765625], [-121.85143, 47.79714, -6232.70751953125], [-121.84895, 47.8021, -5197.65380859375], [-121.85331, 47.79364, -5172.44384765625]]], [[[-121.83899, 47.82102, -19373.79296875], [-121.83899, 47.82102, -20165.44140625], [-121.83551, 47.82886, -19769.6171875], [-121.83899, 47.82102, -19373.79296875]]], [[[-121.8606, 47.7822, -20184.0703125], [-121.86681, 47.77567, -19690.017578125], [-121.86681, 47.77567, -20678.123046875], [-121.8606, 47.7822, -20184.0703125]]], [[[-121.86681, 47.77567, -14749.4833984375], [-121.87362, 47.76938, -14255.4296875], [-121.87362, 47.76938, -15243.537109375], [-121.86681, 47.77567, -14749.4833984375]]], [[[-121.87362, 47.76938, -14255.4296875], [-121.88008, 47.76292, -14749.4833984375], [-121.87362, 47.76938, -15243.537109375], [-121.87362, 47.76938, -14255.4296875]]], [[[-121.88008, 47.76292, -14749.4833984375], [-121.87362, 47.76938, -14255.4296875], [-121.88008, 47.76292, -13761.376953125], [-121.88008, 47.76292, -14749.4833984375]]], [[[-121.83097, 47.83644, -14623.896484375], [-121.82724, 47.84422, -15019.720703125], [-121.82724, 47.84422, -14228.072265625], [-121.83097, 47.83644, -14623.896484375]]], [[[-121.84287, 47.81326, -17394.669921875], [-121.83899, 47.82102, -17790.494140625], [-121.83899, 47.82102, -16998.84375], [-121.84287, 47.81326, -17394.669921875]]], [[[-121.85056, 47.79888, -24718.982421875], [-121.85254, 47.79502, -25603.673828125], [-121.84833, 47.80334, -25564.984375], [-121.85056, 47.79888, -24718.982421875]]], [[[-121.88654, 47.75646, -14255.4296875], [-121.893, 47.75, -14749.4833984375], [-121.88654, 47.75646, -15243.537109375], [-121.88654, 47.75646, -14255.4296875]]], [[[-121.83551, 47.82886, -13436.4228515625], [-121.83551, 47.82886, -14228.072265625], [-121.83097, 47.83644, -13832.2470703125], [-121.83551, 47.82886, -13436.4228515625]]], [[[-121.88008, 47.76292, -17713.802734375], [-121.88654, 47.75646, -17219.75], [-121.88654, 47.75646, -18207.857421875], [-121.88008, 47.76292, -17713.802734375]]], [[[-121.88654, 47.75646, -13267.3232421875], [-121.893, 47.75, -12773.26953125], [-121.893, 47.75, -13761.376953125], [-121.88654, 47.75646, -13267.3232421875]]], [[[-121.88008, 47.76292, -6844.62939453125], [-121.87362, 47.76938, -6350.57568359375], [-121.88008, 47.76292, -5856.5224609375], [-121.88008, 47.76292, -6844.62939453125]]], [[[-121.83097, 47.83644, -13832.2470703125], [-121.82724, 47.84422, -14228.072265625], [-121.82724, 47.84422, -13436.4228515625], [-121.83097, 47.83644, -13832.2470703125]]], [[[-121.8606, 47.7822, -20184.0703125], [-121.8606, 47.7822, -19195.962890625], [-121.86681, 47.77567, -19690.017578125], [-121.8606, 47.7822, -20184.0703125]]], [[[-121.88654, 47.75646, -10303.0029296875], [-121.893, 47.75, -9808.94921875], [-121.893, 47.75, -10797.056640625], [-121.88654, 47.75646, -10303.0029296875]]], [[[-121.84926, 47.80147, -22068.3984375], [-121.85481, 47.79094, -21968.791015625], [-121.85115, 47.79771, -22929.142578125], [-121.84926, 47.80147, -22068.3984375]]], [[[-121.83097, 47.83644, -15415.5458984375], [-121.82724, 47.84422, -15811.3701171875], [-121.82724, 47.84422, -15019.720703125], [-121.83097, 47.83644, -15415.5458984375]]], [[[-121.85167, 47.79667, -21304.28125], [-121.85481, 47.79094, -21968.791015625], [-121.84926, 47.80147, -22068.3984375], [-121.85167, 47.79667, -21304.28125]]], [[[-121.88654, 47.75646, -8326.7890625], [-121.893, 47.75, -7832.73583984375], [-121.893, 47.75, -8820.8427734375], [-121.88654, 47.75646, -8326.7890625]]], [[[-121.88654, 47.75646, -7338.6826171875], [-121.893, 47.75, -7832.73583984375], [-121.88654, 47.75646, -8326.7890625], [-121.88654, 47.75646, -7338.6826171875]]], [[[-121.83551, 47.82886, -11853.1240234375], [-121.83551, 47.82886, -12644.7734375], [-121.83097, 47.83644, -12248.9482421875], [-121.83551, 47.82886, -11853.1240234375]]], [[[-121.86022, 47.7827, -21227.625], [-121.86681, 47.77567, -21666.23046875], [-121.86031, 47.78259, -22193.625], [-121.86022, 47.7827, -21227.625]]], [[[-121.88654, 47.75646, -5362.46923828125], [-121.893, 47.75, -4868.41552734375], [-121.893, 47.75, -5856.5224609375], [-121.88654, 47.75646, -5362.46923828125]]], [[[-121.82296, 47.85187, -17790.494140625], [-121.81896, 47.85958, -18186.318359375], [-121.81896, 47.85958, -17394.669921875], [-121.82296, 47.85187, -17790.494140625]]], [[[-121.88654, 47.75646, -4374.3623046875], [-121.893, 47.75, -4868.41552734375], [-121.88654, 47.75646, -5362.46923828125], [-121.88654, 47.75646, -4374.3623046875]]], [[[-121.83092, 47.83653, -23645.46875], [-121.83574, 47.82834, -23654.91015625], [-121.83348, 47.83242, -24548.75], [-121.83092, 47.83653, -23645.46875]]], [[[-121.88654, 47.75646, -4374.3623046875], [-121.893, 47.75, -3880.30908203125], [-121.893, 47.75, -4868.41552734375], [-121.88654, 47.75646, -4374.3623046875]]], [[[-121.82296, 47.85187, -20957.091796875], [-121.81896, 47.85958, -21352.916015625], [-121.81896, 47.85958, -20561.265625], [-121.82296, 47.85187, -20957.091796875]]], [[[-121.88654, 47.75646, -3386.255615234375], [-121.893, 47.75, -3880.30908203125], [-121.88654, 47.75646, -4374.3623046875], [-121.88654, 47.75646, -3386.255615234375]]], [[[-121.83097, 47.83644, -6707.4033203125], [-121.82724, 47.84422, -6311.57861328125], [-121.83097, 47.83644, -5915.75390625], [-121.83097, 47.83644, -6707.4033203125]]], [[[-121.81896, 47.85958, -16603.01953125], [-121.81494, 47.86729, -16998.84375], [-121.81494, 47.86729, -16207.1953125], [-121.81896, 47.85958, -16603.01953125]]], [[[-121.88654, 47.75646, -3386.255615234375], [-121.893, 47.75, -2892.2021484375], [-121.893, 47.75, -3880.30908203125], [-121.88654, 47.75646, -3386.255615234375]]], [[[-121.83097, 47.83644, -14623.896484375], [-121.82724, 47.84422, -14228.072265625], [-121.83097, 47.83644, -13832.2470703125], [-121.83097, 47.83644, -14623.896484375]]], [[[-121.83574, 47.82834, -23654.91015625], [-121.83769, 47.82394, -24589.021484375], [-121.83348, 47.83242, -24548.75], [-121.83574, 47.82834, -23654.91015625]]], [[[-121.88654, 47.75646, -3386.255615234375], [-121.88654, 47.75646, -2398.14892578125], [-121.893, 47.75, -2892.2021484375], [-121.88654, 47.75646, -3386.255615234375]]], [[[-121.83097, 47.83644, -6707.4033203125], [-121.82724, 47.84422, -7103.22802734375], [-121.82724, 47.84422, -6311.57861328125], [-121.83097, 47.83644, -6707.4033203125]]], [[[-121.82669, 47.84545, -25311.71484375], [-121.82866, 47.84101, -24496.478515625], [-121.83072, 47.83684, -25384.212890625], [-121.82669, 47.84545, -25311.71484375]]], [[[-121.88654, 47.75646, -3386.255615234375], [-121.8802, 47.7628, -2897.765380859375], [-121.88654, 47.75646, -2398.14892578125], [-121.88654, 47.75646, -3386.255615234375]]], [[[-121.88008, 47.76292, -3880.30908203125], [-121.8802, 47.7628, -2897.765380859375], [-121.88654, 47.75646, -3386.255615234375], [-121.88008, 47.76292, -3880.30908203125]]], [[[-121.83097, 47.83644, -7499.052734375], [-121.82724, 47.84422, -7103.22802734375], [-121.83097, 47.83644, -6707.4033203125], [-121.83097, 47.83644, -7499.052734375]]], [[[-121.82296, 47.85187, -22540.390625], [-121.81896, 47.85958, -22936.21484375], [-121.81896, 47.85958, -22144.564453125], [-121.82296, 47.85187, -22540.390625]]], [[[-121.87345, 47.76955, -3373.67822265625], [-121.8802, 47.7628, -2897.765380859375], [-121.88008, 47.76292, -3880.30908203125], [-121.87345, 47.76955, -3373.67822265625]]], [[[-121.82296, 47.85187, -12248.9482421875], [-121.81896, 47.85958, -12644.7734375], [-121.81896, 47.85958, -11853.1240234375], [-121.82296, 47.85187, -12248.9482421875]]], [[[-121.87345, 47.76955, -3373.67822265625], [-121.87444, 47.76856, -2479.63134765625], [-121.8802, 47.7628, -2897.765380859375], [-121.87345, 47.76955, -3373.67822265625]]], [[[-121.83097, 47.83644, -7499.052734375], [-121.82724, 47.84422, -7894.87744140625], [-121.82724, 47.84422, -7103.22802734375], [-121.83097, 47.83644, -7499.052734375]]], [[[-121.81896, 47.85958, -22144.564453125], [-121.81494, 47.86729, -22540.390625], [-121.81494, 47.86729, -21748.740234375], [-121.81896, 47.85958, -22144.564453125]]], [[[-121.87345, 47.76955, -3373.67822265625], [-121.86754, 47.77502, -2519.33740234375], [-121.87444, 47.76856, -2479.63134765625], [-121.87345, 47.76955, -3373.67822265625]]], [[[-121.81494, 47.86729, -17790.494140625], [-121.81896, 47.85958, -17394.669921875], [-121.81896, 47.85958, -18186.318359375], [-121.81494, 47.86729, -17790.494140625]]], [[[-121.86558, 47.77675, -3544.22802734375], [-121.86754, 47.77502, -2519.33740234375], [-121.87345, 47.76955, -3373.67822265625], [-121.86558, 47.77675, -3544.22802734375]]], [[[-121.84175, 47.81551, -24642.4140625], [-121.84376, 47.81163, -25526.333984375], [-121.83946, 47.82009, -25479.740234375], [-121.84175, 47.81551, -24642.4140625]]], [[[-121.86558, 47.77675, -3544.22802734375], [-121.86063, 47.78216, -2542.740478515625], [-121.86754, 47.77502, -2519.33740234375], [-121.86558, 47.77675, -3544.22802734375]]], [[[-121.83985, 47.81931, -23750.962890625], [-121.83769, 47.82394, -24589.021484375], [-121.83574, 47.82834, -23654.91015625], [-121.83985, 47.81931, -23750.962890625]]], [[[-121.85796, 47.78572, -3397.939208984375], [-121.86063, 47.78216, -2542.740478515625], [-121.86558, 47.77675, -3544.22802734375], [-121.85796, 47.78572, -3397.939208984375]]], [[[-121.83097, 47.83644, -17790.494140625], [-121.82724, 47.84422, -17394.669921875], [-121.83097, 47.83644, -16998.84375], [-121.83097, 47.83644, -17790.494140625]]], [[[-121.82296, 47.85187, -13832.2470703125], [-121.81896, 47.85958, -14228.072265625], [-121.81896, 47.85958, -13436.4228515625], [-121.82296, 47.85187, -13832.2470703125]]], [[[-121.85796, 47.78572, -3397.939208984375], [-121.85513, 47.79036, -2514.65478515625], [-121.86063, 47.78216, -2542.740478515625], [-121.85796, 47.78572, -3397.939208984375]]], [[[-121.83097, 47.83644, -16998.84375], [-121.82724, 47.84422, -16603.01953125], [-121.83097, 47.83644, -16207.1953125], [-121.83097, 47.83644, -16998.84375]]], [[[-121.82296, 47.85187, -20957.091796875], [-121.81896, 47.85958, -20561.265625], [-121.82296, 47.85187, -20165.44140625], [-121.82296, 47.85187, -20957.091796875]]], [[[-121.85796, 47.78572, -3397.939208984375], [-121.85301, 47.79418, -3401.64111328125], [-121.85513, 47.79036, -2514.65478515625], [-121.85796, 47.78572, -3397.939208984375]]], [[[-121.82296, 47.85187, -20165.44140625], [-121.81896, 47.85958, -20561.265625], [-121.81896, 47.85958, -19769.6171875], [-121.82296, 47.85187, -20165.44140625]]], [[[-121.85558, 47.78955, -4319.203125], [-121.85301, 47.79418, -3401.64111328125], [-121.85796, 47.78572, -3397.939208984375], [-121.85558, 47.78955, -4319.203125]]], [[[-121.83946, 47.82009, -25479.740234375], [-121.83736, 47.82469, -26316.392578125], [-121.83563, 47.82858, -25427.974609375], [-121.83946, 47.82009, -25479.740234375]]], [[[-121.85086, 47.79828, -4266.27978515625], [-121.85301, 47.79418, -3401.64111328125], [-121.85558, 47.78955, -4319.203125], [-121.85086, 47.79828, -4266.27978515625]]], [[[-121.83092, 47.83653, -23645.46875], [-121.82694, 47.84488, -23731.244140625], [-121.82729, 47.8441, -22938.146484375], [-121.83092, 47.83653, -23645.46875]]], [[[-121.85086, 47.79828, -4266.27978515625], [-121.84883, 47.80235, -3398.875244140625], [-121.85301, 47.79418, -3401.64111328125], [-121.85086, 47.79828, -4266.27978515625]]], [[[-121.82694, 47.84488, -23731.244140625], [-121.8235, 47.85099, -24338.724609375], [-121.82287, 47.85201, -23368.34765625], [-121.82694, 47.84488, -23731.244140625]]], [[[-121.84658, 47.80656, -4258.96630859375], [-121.84883, 47.80235, -3398.875244140625], [-121.85086, 47.79828, -4266.27978515625], [-121.84658, 47.80656, -4258.96630859375]]], [[[-121.86781, 47.77479, -24841.275390625], [-121.87148, 47.77152, -25728.74609375], [-121.86341, 47.77864, -25680.44921875], [-121.86781, 47.77479, -24841.275390625]]], [[[-121.84658, 47.80656, -4258.96630859375], [-121.84435, 47.81057, -3387.1328125], [-121.84883, 47.80235, -3398.875244140625], [-121.84658, 47.80656, -4258.96630859375]]], [[[-121.82296, 47.85187, -18582.142578125], [-121.81896, 47.85958, -18977.966796875], [-121.81896, 47.85958, -18186.318359375], [-121.82296, 47.85187, -18582.142578125]]], [[[-121.84209, 47.81482, -4255.802734375], [-121.84435, 47.81057, -3387.1328125], [-121.84658, 47.80656, -4258.96630859375], [-121.84209, 47.81482, -4255.802734375]]], [[[-121.83097, 47.83644, -11457.298828125], [-121.82724, 47.84422, -11061.474609375], [-121.83097, 47.83644, -10665.6494140625], [-121.83097, 47.83644, -11457.298828125]]], [[[-121.81896, 47.85958, -19769.6171875], [-121.81494, 47.86729, -20165.44140625], [-121.81494, 47.86729, -19373.79296875], [-121.81896, 47.85958, -19769.6171875]]], [[[-121.84209, 47.81482, -4255.802734375], [-121.83991, 47.81918, -3392.446044921875], [-121.84435, 47.81057, -3387.1328125], [-121.84209, 47.81482, -4255.802734375]]], [[[-121.83097, 47.83644, -9874.0009765625], [-121.82724, 47.84422, -10269.8251953125], [-121.82724, 47.84422, -9478.17578125], [-121.83097, 47.83644, -9874.0009765625]]], [[[-121.82296, 47.85187, -14623.896484375], [-121.81896, 47.85958, -14228.072265625], [-121.82296, 47.85187, -13832.2470703125], [-121.82296, 47.85187, -14623.896484375]]], [[[-121.84209, 47.81482, -4255.802734375], [-121.83809, 47.82304, -4290.966796875], [-121.83991, 47.81918, -3392.446044921875], [-121.84209, 47.81482, -4255.802734375]]], [[[-121.83097, 47.83644, -8290.7021484375], [-121.82724, 47.84422, -8686.5263671875], [-121.82724, 47.84422, -7894.87744140625], [-121.83097, 47.83644, -8290.7021484375]]], [[[-121.82669, 47.84545, -25311.71484375], [-121.83072, 47.83684, -25384.212890625], [-121.82847, 47.84144, -26222.28515625], [-121.82669, 47.84545, -25311.71484375]]], [[[-121.84012, 47.81875, -5139.7626953125], [-121.83809, 47.82304, -4290.966796875], [-121.84209, 47.81482, -4255.802734375], [-121.84012, 47.81875, -5139.7626953125]]], [[[-121.82296, 47.85187, -13832.2470703125], [-121.81896, 47.85958, -13436.4228515625], [-121.82296, 47.85187, -13040.59765625], [-121.82296, 47.85187, -13832.2470703125]]], [[[-121.84012, 47.81875, -5139.7626953125], [-121.83586, 47.82806, -5246.8740234375], [-121.83809, 47.82304, -4290.966796875], [-121.84012, 47.81875, -5139.7626953125]]], [[[-121.82669, 47.84545, -25311.71484375], [-121.82847, 47.84144, -26222.28515625], [-121.82424, 47.84982, -26175.478515625], [-121.82669, 47.84545, -25311.71484375]]], [[[-121.83835, 47.82247, -5921.47900390625], [-121.83586, 47.82806, -5246.8740234375], [-121.84012, 47.81875, -5139.7626953125], [-121.83835, 47.82247, -5921.47900390625]]], [[[-121.83551, 47.82886, -7894.87744140625], [-121.83551, 47.82886, -8686.5263671875], [-121.83097, 47.83644, -8290.7021484375], [-121.83551, 47.82886, -7894.87744140625]]], [[[-121.85254, 47.79502, -25603.673828125], [-121.85026, 47.79947, -26451.54296875], [-121.84833, 47.80334, -25564.984375], [-121.85254, 47.79502, -25603.673828125]]], [[[-121.83835, 47.82247, -5921.47900390625], [-121.83537, 47.82917, -6263.38232421875], [-121.83586, 47.82806, -5246.8740234375], [-121.83835, 47.82247, -5921.47900390625]]], [[[-121.83097, 47.83644, -10665.6494140625], [-121.82724, 47.84422, -10269.8251953125], [-121.83097, 47.83644, -9874.0009765625], [-121.83097, 47.83644, -10665.6494140625]]], [[[-121.81494, 47.86729, -20957.091796875], [-121.81896, 47.85958, -20561.265625], [-121.81896, 47.85958, -21352.916015625], [-121.81494, 47.86729, -20957.091796875]]], [[[-121.83902, 47.82096, -6709.498046875], [-121.83537, 47.82917, -6263.38232421875], [-121.83835, 47.82247, -5921.47900390625], [-121.83902, 47.82096, -6709.498046875]]], [[[-121.83097, 47.83644, -15415.5458984375], [-121.82724, 47.84422, -15019.720703125], [-121.83097, 47.83644, -14623.896484375], [-121.83097, 47.83644, -15415.5458984375]]], [[[-121.82296, 47.85187, -11457.298828125], [-121.81896, 47.85958, -11061.474609375], [-121.82296, 47.85187, -10665.6494140625], [-121.82296, 47.85187, -11457.298828125]]], [[[-121.83902, 47.82096, -6709.498046875], [-121.83551, 47.82886, -7103.22802734375], [-121.83537, 47.82917, -6263.38232421875], [-121.83902, 47.82096, -6709.498046875]]], [[[-121.86681, 47.77567, -13761.376953125], [-121.8606, 47.7822, -13267.3232421875], [-121.86681, 47.77567, -12773.26953125], [-121.86681, 47.77567, -13761.376953125]]], [[[-121.83899, 47.82102, -7499.052734375], [-121.83551, 47.82886, -7894.87744140625], [-121.83551, 47.82886, -7103.22802734375], [-121.83899, 47.82102, -7499.052734375]]], [[[-121.81896, 47.85958, -11061.474609375], [-121.81494, 47.86729, -11457.298828125], [-121.81494, 47.86729, -10665.6494140625], [-121.81896, 47.85958, -11061.474609375]]], [[[-121.83899, 47.82102, -8290.7021484375], [-121.83551, 47.82886, -7894.87744140625], [-121.83899, 47.82102, -7499.052734375], [-121.83899, 47.82102, -8290.7021484375]]], [[[-121.83072, 47.83684, -25384.212890625], [-121.83309, 47.83306, -26269.66015625], [-121.82847, 47.84144, -26222.28515625], [-121.83072, 47.83684, -25384.212890625]]], [[[-121.83899, 47.82102, -9082.3515625], [-121.83551, 47.82886, -9478.17578125], [-121.83551, 47.82886, -8686.5263671875], [-121.83899, 47.82102, -9082.3515625]]], [[[-121.83348, 47.83242, -24548.75], [-121.83072, 47.83684, -25384.212890625], [-121.82866, 47.84101, -24496.478515625], [-121.83348, 47.83242, -24548.75]]], [[[-121.83899, 47.82102, -9874.0009765625], [-121.83551, 47.82886, -9478.17578125], [-121.83899, 47.82102, -9082.3515625], [-121.83899, 47.82102, -9874.0009765625]]], [[[-121.83899, 47.82102, -9874.0009765625], [-121.83551, 47.82886, -10269.8251953125], [-121.83551, 47.82886, -9478.17578125], [-121.83899, 47.82102, -9874.0009765625]]], [[[-121.81896, 47.85958, -12644.7734375], [-121.81896, 47.85958, -13436.4228515625], [-121.81494, 47.86729, -13040.59765625], [-121.81896, 47.85958, -12644.7734375]]], [[[-121.83899, 47.82102, -10665.6494140625], [-121.83551, 47.82886, -10269.8251953125], [-121.83899, 47.82102, -9874.0009765625], [-121.83899, 47.82102, -10665.6494140625]]], [[[-121.81494, 47.86729, -16207.1953125], [-121.81896, 47.85958, -15811.3701171875], [-121.81896, 47.85958, -16603.01953125], [-121.81494, 47.86729, -16207.1953125]]], [[[-121.83899, 47.82102, -10665.6494140625], [-121.83551, 47.82886, -11061.474609375], [-121.83551, 47.82886, -10269.8251953125], [-121.83899, 47.82102, -10665.6494140625]]], [[[-121.88662, 47.75638, -26197.275390625], [-121.88931, 47.75369, -27076.98828125], [-121.88561, 47.75739, -27547.2109375], [-121.88662, 47.75638, -26197.275390625]]], [[[-121.83899, 47.82102, -11457.298828125], [-121.83551, 47.82886, -11061.474609375], [-121.83899, 47.82102, -10665.6494140625], [-121.83899, 47.82102, -11457.298828125]]], [[[-121.82296, 47.85187, -5915.75390625], [-121.81896, 47.85958, -5519.92919921875], [-121.82296, 47.85187, -5124.1044921875], [-121.82296, 47.85187, -5915.75390625]]], [[[-121.83899, 47.82102, -11457.298828125], [-121.83551, 47.82886, -11853.1240234375], [-121.83551, 47.82886, -11061.474609375], [-121.83899, 47.82102, -11457.298828125]]], [[[-121.84287, 47.81326, -13436.4228515625], [-121.84287, 47.81326, -14228.072265625], [-121.83899, 47.82102, -13832.2470703125], [-121.84287, 47.81326, -13436.4228515625]]], [[[-121.83899, 47.82102, -12248.9482421875], [-121.83551, 47.82886, -11853.1240234375], [-121.83899, 47.82102, -11457.298828125], [-121.83899, 47.82102, -12248.9482421875]]], [[[-121.81896, 47.85958, -10269.8251953125], [-121.81494, 47.86729, -10665.6494140625], [-121.81494, 47.86729, -9874.0009765625], [-121.81896, 47.85958, -10269.8251953125]]], [[[-121.83899, 47.82102, -12248.9482421875], [-121.83551, 47.82886, -12644.7734375], [-121.83551, 47.82886, -11853.1240234375], [-121.83899, 47.82102, -12248.9482421875]]], [[[-121.83915, 47.82069, -21013.599609375], [-121.83973, 47.81955, -21987.55078125], [-121.83559, 47.82867, -21365.44921875], [-121.83915, 47.82069, -21013.599609375]]], [[[-121.83899, 47.82102, -13040.59765625], [-121.83551, 47.82886, -13436.4228515625], [-121.83551, 47.82886, -12644.7734375], [-121.83899, 47.82102, -13040.59765625]]], [[[-121.81896, 47.85958, -22144.564453125], [-121.81896, 47.85958, -22936.21484375], [-121.81494, 47.86729, -22540.390625], [-121.81896, 47.85958, -22144.564453125]]], [[[-121.83899, 47.82102, -13832.2470703125], [-121.83551, 47.82886, -13436.4228515625], [-121.83899, 47.82102, -13040.59765625], [-121.83899, 47.82102, -13832.2470703125]]], [[[-121.83559, 47.82867, -21365.44921875], [-121.83101, 47.83638, -21793.162109375], [-121.83097, 47.83644, -20957.091796875], [-121.83559, 47.82867, -21365.44921875]]], [[[-121.83899, 47.82102, -13832.2470703125], [-121.83551, 47.82886, -14228.072265625], [-121.83551, 47.82886, -13436.4228515625], [-121.83899, 47.82102, -13832.2470703125]]], [[[-121.85574, 47.78926, -13761.376953125], [-121.85574, 47.78926, -12773.26953125], [-121.8606, 47.7822, -13267.3232421875], [-121.85574, 47.78926, -13761.376953125]]], [[[-121.83899, 47.82102, -14623.896484375], [-121.83551, 47.82886, -14228.072265625], [-121.83899, 47.82102, -13832.2470703125], [-121.83899, 47.82102, -14623.896484375]]], [[[-121.81896, 47.85958, -19769.6171875], [-121.81896, 47.85958, -20561.265625], [-121.81494, 47.86729, -20165.44140625], [-121.81896, 47.85958, -19769.6171875]]], [[[-121.83899, 47.82102, -14623.896484375], [-121.83551, 47.82886, -15019.720703125], [-121.83551, 47.82886, -14228.072265625], [-121.83899, 47.82102, -14623.896484375]]], [[[-121.87502, 47.76798, -24979.51171875], [-121.86781, 47.77479, -24841.275390625], [-121.87356, 47.76944, -24120.9296875], [-121.87502, 47.76798, -24979.51171875]]], [[[-121.83899, 47.82102, -15415.5458984375], [-121.83551, 47.82886, -15811.3701171875], [-121.83551, 47.82886, -15019.720703125], [-121.83899, 47.82102, -15415.5458984375]]], [[[-121.81896, 47.85958, -21352.916015625], [-121.81896, 47.85958, -22144.564453125], [-121.81494, 47.86729, -21748.740234375], [-121.81896, 47.85958, -21352.916015625]]], [[[-121.83899, 47.82102, -16207.1953125], [-121.83551, 47.82886, -15811.3701171875], [-121.83899, 47.82102, -15415.5458984375], [-121.83899, 47.82102, -16207.1953125]]], [[[-121.81494, 47.86729, -16998.84375], [-121.81896, 47.85958, -16603.01953125], [-121.81896, 47.85958, -17394.669921875], [-121.81494, 47.86729, -16998.84375]]], [[[-121.83899, 47.82102, -16207.1953125], [-121.83551, 47.82886, -16603.01953125], [-121.83551, 47.82886, -15811.3701171875], [-121.83899, 47.82102, -16207.1953125]]], [[[-121.81896, 47.85958, -7103.22802734375], [-121.81494, 47.86729, -7499.052734375], [-121.81494, 47.86729, -6707.4033203125], [-121.81896, 47.85958, -7103.22802734375]]], [[[-121.83899, 47.82102, -16998.84375], [-121.83551, 47.82886, -16603.01953125], [-121.83899, 47.82102, -16207.1953125], [-121.83899, 47.82102, -16998.84375]]], [[[-121.82296, 47.85187, -4332.455078125], [-121.81896, 47.85958, -3936.630615234375], [-121.82295, 47.85188, -3525.861083984375], [-121.82296, 47.85187, -4332.455078125]]], [[[-121.83899, 47.82102, -16998.84375], [-121.83551, 47.82886, -17394.669921875], [-121.83551, 47.82886, -16603.01953125], [-121.83899, 47.82102, -16998.84375]]], [[[-121.83097, 47.83644, -20165.44140625], [-121.82724, 47.84422, -20561.265625], [-121.82724, 47.84422, -19769.6171875], [-121.83097, 47.83644, -20165.44140625]]], [[[-121.81896, 47.85958, -7894.87744140625], [-121.81896, 47.85958, -8686.5263671875], [-121.81494, 47.86729, -8290.7021484375], [-121.81896, 47.85958, -7894.87744140625]]], [[[-121.83899, 47.82102, -17790.494140625], [-121.83551, 47.82886, -17394.669921875], [-121.83899, 47.82102, -16998.84375], [-121.83899, 47.82102, -17790.494140625]]], [[[-121.81896, 47.85958, -6311.57861328125], [-121.81896, 47.85958, -7103.22802734375], [-121.81494, 47.86729, -6707.4033203125], [-121.81896, 47.85958, -6311.57861328125]]], [[[-121.83899, 47.82102, -17790.494140625], [-121.83551, 47.82886, -18186.318359375], [-121.83551, 47.82886, -17394.669921875], [-121.83899, 47.82102, -17790.494140625]]], [[[-121.82296, 47.85187, -6707.4033203125], [-121.81896, 47.85958, -7103.22802734375], [-121.81896, 47.85958, -6311.57861328125], [-121.82296, 47.85187, -6707.4033203125]]], [[[-121.83899, 47.82102, -18582.142578125], [-121.83551, 47.82886, -18186.318359375], [-121.83899, 47.82102, -17790.494140625], [-121.83899, 47.82102, -18582.142578125]]], [[[-121.81896, 47.85958, -9478.17578125], [-121.81494, 47.86729, -9874.0009765625], [-121.81494, 47.86729, -9082.3515625], [-121.81896, 47.85958, -9478.17578125]]], [[[-121.83899, 47.82102, -18582.142578125], [-121.83551, 47.82886, -18977.966796875], [-121.83551, 47.82886, -18186.318359375], [-121.83899, 47.82102, -18582.142578125]]], [[[-121.8606, 47.7822, -13267.3232421875], [-121.86681, 47.77567, -13761.376953125], [-121.8606, 47.7822, -14255.4296875], [-121.8606, 47.7822, -13267.3232421875]]], [[[-121.83899, 47.82102, -19373.79296875], [-121.83551, 47.82886, -18977.966796875], [-121.83899, 47.82102, -18582.142578125], [-121.83899, 47.82102, -19373.79296875]]], [[[-121.83899, 47.82102, -19373.79296875], [-121.84308, 47.81285, -20187.642578125], [-121.83899, 47.82102, -20165.44140625], [-121.83899, 47.82102, -19373.79296875]]], [[[-121.85471, 47.79113, -26486.751953125], [-121.86005, 47.78293, -26523.314453125], [-121.85689, 47.78719, -27361.107421875], [-121.85471, 47.79113, -26486.751953125]]], [[[-121.84761, 47.8047, -19772.505859375], [-121.85143, 47.79714, -20264.587890625], [-121.84724, 47.80536, -21012.98828125], [-121.84761, 47.8047, -19772.505859375]]], [[[-121.83551, 47.82886, -10269.8251953125], [-121.83551, 47.82886, -11061.474609375], [-121.83097, 47.83644, -10665.6494140625], [-121.83551, 47.82886, -10269.8251953125]]], [[[-121.87362, 47.76938, -10303.0029296875], [-121.88008, 47.76292, -9808.94921875], [-121.88008, 47.76292, -10797.056640625], [-121.87362, 47.76938, -10303.0029296875]]], [[[-121.84761, 47.8047, -19772.505859375], [-121.8478, 47.80437, -18703.4921875], [-121.85168, 47.79664, -19203.90625], [-121.84761, 47.8047, -19772.505859375]]], [[[-121.85115, 47.79771, -22929.142578125], [-121.8529, 47.79437, -23876.1484375], [-121.84862, 47.80277, -23834.2890625], [-121.85115, 47.79771, -22929.142578125]]], [[[-121.85143, 47.79714, -20264.587890625], [-121.85168, 47.79664, -19203.90625], [-121.85574, 47.78926, -19690.017578125], [-121.85143, 47.79714, -20264.587890625]]], [[[-121.84267, 47.81365, -21188.462890625], [-121.83973, 47.81955, -21987.55078125], [-121.83915, 47.82069, -21013.599609375], [-121.84267, 47.81365, -21188.462890625]]], [[[-121.84724, 47.80536, -21012.98828125], [-121.85167, 47.79667, -21304.28125], [-121.84926, 47.80147, -22068.3984375], [-121.84724, 47.80536, -21012.98828125]]], [[[-121.86681, 47.77567, -13761.376953125], [-121.86681, 47.77567, -12773.26953125], [-121.87362, 47.76938, -13267.3232421875], [-121.86681, 47.77567, -13761.376953125]]], [[[-121.84308, 47.81285, -20187.642578125], [-121.84724, 47.80536, -21012.98828125], [-121.84267, 47.81365, -21188.462890625], [-121.84308, 47.81285, -20187.642578125]]], [[[-121.84895, 47.8021, -5197.65380859375], [-121.84428, 47.8107, -5123.40576171875], [-121.84658, 47.80656, -4258.96630859375], [-121.84895, 47.8021, -5197.65380859375]]], [[[-121.84308, 47.81285, -20187.642578125], [-121.84267, 47.81365, -21188.462890625], [-121.83915, 47.82069, -21013.599609375], [-121.84308, 47.81285, -20187.642578125]]], [[[-121.88654, 47.75646, -21172.177734375], [-121.88008, 47.76292, -21666.23046875], [-121.88008, 47.76292, -20678.123046875], [-121.88654, 47.75646, -21172.177734375]]], [[[-121.83551, 47.82886, -19769.6171875], [-121.83097, 47.83644, -19373.79296875], [-121.83551, 47.82886, -18977.966796875], [-121.83551, 47.82886, -19769.6171875]]], [[[-121.83097, 47.83644, -11457.298828125], [-121.82724, 47.84422, -11853.1240234375], [-121.82724, 47.84422, -11061.474609375], [-121.83097, 47.83644, -11457.298828125]]], [[[-121.88008, 47.76292, -8820.8427734375], [-121.87362, 47.76938, -8326.7890625], [-121.88008, 47.76292, -7832.73583984375], [-121.88008, 47.76292, -8820.8427734375]]], [[[-121.83097, 47.83644, -18582.142578125], [-121.83551, 47.82886, -18186.318359375], [-121.83551, 47.82886, -18977.966796875], [-121.83097, 47.83644, -18582.142578125]]], [[[-121.86005, 47.78293, -26523.314453125], [-121.86716, 47.77536, -26569.119140625], [-121.86283, 47.77923, -27400.966796875], [-121.86005, 47.78293, -26523.314453125]]], [[[-121.83097, 47.83644, -17790.494140625], [-121.83551, 47.82886, -17394.669921875], [-121.83551, 47.82886, -18186.318359375], [-121.83097, 47.83644, -17790.494140625]]], [[[-121.82296, 47.85187, -8290.7021484375], [-121.81896, 47.85958, -8686.5263671875], [-121.81896, 47.85958, -7894.87744140625], [-121.82296, 47.85187, -8290.7021484375]]], [[[-121.83551, 47.82886, -17394.669921875], [-121.83097, 47.83644, -17790.494140625], [-121.83097, 47.83644, -16998.84375], [-121.83551, 47.82886, -17394.669921875]]], [[[-121.82296, 47.85187, -5124.1044921875], [-121.81896, 47.85958, -4728.27978515625], [-121.82296, 47.85187, -4332.455078125], [-121.82296, 47.85187, -5124.1044921875]]], [[[-121.83551, 47.82886, -16603.01953125], [-121.83097, 47.83644, -16998.84375], [-121.83097, 47.83644, -16207.1953125], [-121.83551, 47.82886, -16603.01953125]]], [[[-121.82296, 47.85187, -10665.6494140625], [-121.81896, 47.85958, -10269.8251953125], [-121.82296, 47.85187, -9874.0009765625], [-121.82296, 47.85187, -10665.6494140625]]], [[[-121.83551, 47.82886, -15811.3701171875], [-121.83097, 47.83644, -16207.1953125], [-121.83097, 47.83644, -15415.5458984375], [-121.83551, 47.82886, -15811.3701171875]]], [[[-121.88008, 47.76292, -9808.94921875], [-121.88008, 47.76292, -8820.8427734375], [-121.88654, 47.75646, -9314.896484375], [-121.88008, 47.76292, -9808.94921875]]], [[[-121.83551, 47.82886, -14228.072265625], [-121.83551, 47.82886, -15019.720703125], [-121.83097, 47.83644, -14623.896484375], [-121.83551, 47.82886, -14228.072265625]]], [[[-121.83915, 47.82069, -21013.599609375], [-121.83559, 47.82867, -21365.44921875], [-121.83551, 47.82886, -20561.265625], [-121.83915, 47.82069, -21013.599609375]]], [[[-121.83551, 47.82886, -14228.072265625], [-121.83097, 47.83644, -14623.896484375], [-121.83097, 47.83644, -13832.2470703125], [-121.83551, 47.82886, -14228.072265625]]], [[[-121.86665, 47.7758, -5833.08837890625], [-121.85979, 47.78328, -5256.98291015625], [-121.86666, 47.7758, -4793.87744140625], [-121.86665, 47.7758, -5833.08837890625]]], [[[-121.83551, 47.82886, -12644.7734375], [-121.83551, 47.82886, -13436.4228515625], [-121.83097, 47.83644, -13040.59765625], [-121.83551, 47.82886, -12644.7734375]]], [[[-121.82296, 47.85187, -9874.0009765625], [-121.81896, 47.85958, -10269.8251953125], [-121.81896, 47.85958, -9478.17578125], [-121.82296, 47.85187, -9874.0009765625]]], [[[-121.83551, 47.82886, -12644.7734375], [-121.83097, 47.83644, -13040.59765625], [-121.83097, 47.83644, -12248.9482421875], [-121.83551, 47.82886, -12644.7734375]]], [[[-121.81896, 47.85958, -6311.57861328125], [-121.81494, 47.86729, -6707.4033203125], [-121.81494, 47.86729, -5915.75390625], [-121.81896, 47.85958, -6311.57861328125]]], [[[-121.83551, 47.82886, -11853.1240234375], [-121.83097, 47.83644, -12248.9482421875], [-121.83097, 47.83644, -11457.298828125], [-121.83551, 47.82886, -11853.1240234375]]], [[[-121.84341, 47.81227, -6987.82763671875], [-121.83902, 47.82096, -6709.498046875], [-121.84224, 47.81452, -6012.43798828125], [-121.84341, 47.81227, -6987.82763671875]]], [[[-121.83551, 47.82886, -11061.474609375], [-121.83551, 47.82886, -11853.1240234375], [-121.83097, 47.83644, -11457.298828125], [-121.83551, 47.82886, -11061.474609375]]], [[[-121.81896, 47.85958, -19769.6171875], [-121.81494, 47.86729, -19373.79296875], [-121.81896, 47.85958, -18977.966796875], [-121.81896, 47.85958, -19769.6171875]]], [[[-121.83551, 47.82886, -11061.474609375], [-121.83097, 47.83644, -11457.298828125], [-121.83097, 47.83644, -10665.6494140625], [-121.83551, 47.82886, -11061.474609375]]], [[[-121.82296, 47.85187, -9082.3515625], [-121.81896, 47.85958, -8686.5263671875], [-121.82296, 47.85187, -8290.7021484375], [-121.82296, 47.85187, -9082.3515625]]], [[[-121.83551, 47.82886, -10269.8251953125], [-121.83097, 47.83644, -10665.6494140625], [-121.83097, 47.83644, -9874.0009765625], [-121.83551, 47.82886, -10269.8251953125]]], [[[-121.82296, 47.85187, -9874.0009765625], [-121.81896, 47.85958, -9478.17578125], [-121.82296, 47.85187, -9082.3515625], [-121.82296, 47.85187, -9874.0009765625]]], [[[-121.83551, 47.82886, -9478.17578125], [-121.83097, 47.83644, -9874.0009765625], [-121.83097, 47.83644, -9082.3515625], [-121.83551, 47.82886, -9478.17578125]]], [[[-121.83551, 47.82886, -8686.5263671875], [-121.83551, 47.82886, -9478.17578125], [-121.83097, 47.83644, -9082.3515625], [-121.83551, 47.82886, -8686.5263671875]]], [[[-121.81896, 47.85958, -9478.17578125], [-121.81896, 47.85958, -10269.8251953125], [-121.81494, 47.86729, -9874.0009765625], [-121.81896, 47.85958, -9478.17578125]]], [[[-121.83551, 47.82886, -8686.5263671875], [-121.83097, 47.83644, -9082.3515625], [-121.83097, 47.83644, -8290.7021484375], [-121.83551, 47.82886, -8686.5263671875]]], [[[-121.81896, 47.85958, -3936.630615234375], [-121.81494, 47.86729, -4332.455078125], [-121.81494, 47.86729, -3540.805908203125], [-121.81896, 47.85958, -3936.630615234375]]], [[[-121.83551, 47.82886, -7894.87744140625], [-121.83097, 47.83644, -8290.7021484375], [-121.83097, 47.83644, -7499.052734375], [-121.83551, 47.82886, -7894.87744140625]]], [[[-121.83551, 47.82886, -7103.22802734375], [-121.83551, 47.82886, -7894.87744140625], [-121.83097, 47.83644, -7499.052734375], [-121.83551, 47.82886, -7103.22802734375]]], [[[-121.82296, 47.85187, -8290.7021484375], [-121.81896, 47.85958, -7894.87744140625], [-121.82296, 47.85187, -7499.052734375], [-121.82296, 47.85187, -8290.7021484375]]], [[[-121.83551, 47.82886, -7103.22802734375], [-121.83097, 47.83644, -7499.052734375], [-121.83097, 47.83644, -6707.4033203125], [-121.83551, 47.82886, -7103.22802734375]]], [[[-121.83537, 47.82917, -6263.38232421875], [-121.83551, 47.82886, -7103.22802734375], [-121.83097, 47.83644, -6707.4033203125], [-121.83537, 47.82917, -6263.38232421875]]], [[[-121.82296, 47.85187, -5124.1044921875], [-121.81896, 47.85958, -5519.92919921875], [-121.81896, 47.85958, -4728.27978515625], [-121.82296, 47.85187, -5124.1044921875]]], [[[-121.83537, 47.82917, -6263.38232421875], [-121.83097, 47.83644, -6707.4033203125], [-121.83097, 47.83644, -5915.75390625], [-121.83537, 47.82917, -6263.38232421875]]], [[[-121.83537, 47.82917, -6263.38232421875], [-121.83097, 47.83644, -5915.75390625], [-121.83586, 47.82806, -5246.8740234375], [-121.83537, 47.82917, -6263.38232421875]]], [[[-121.82724, 47.84422, -4728.27978515625], [-121.82296, 47.85187, -5124.1044921875], [-121.82296, 47.85187, -4332.455078125], [-121.82724, 47.84422, -4728.27978515625]]], [[[-121.83097, 47.83644, -5915.75390625], [-121.83097, 47.83644, -5124.1044921875], [-121.83586, 47.82806, -5246.8740234375], [-121.83097, 47.83644, -5915.75390625]]], [[[-121.83097, 47.83644, -5915.75390625], [-121.82724, 47.84422, -5519.92919921875], [-121.83097, 47.83644, -5124.1044921875], [-121.83097, 47.83644, -5915.75390625]]], [[[-121.83097, 47.83644, -5915.75390625], [-121.82724, 47.84422, -6311.57861328125], [-121.82724, 47.84422, -5519.92919921875], [-121.83097, 47.83644, -5915.75390625]]], [[[-121.83097, 47.83644, -8290.7021484375], [-121.82724, 47.84422, -7894.87744140625], [-121.83097, 47.83644, -7499.052734375], [-121.83097, 47.83644, -8290.7021484375]]], [[[-121.83097, 47.83644, -9082.3515625], [-121.82724, 47.84422, -8686.5263671875], [-121.83097, 47.83644, -8290.7021484375], [-121.83097, 47.83644, -9082.3515625]]], [[[-121.83097, 47.83644, -9082.3515625], [-121.82724, 47.84422, -9478.17578125], [-121.82724, 47.84422, -8686.5263671875], [-121.83097, 47.83644, -9082.3515625]]], [[[-121.83097, 47.83644, -9874.0009765625], [-121.82724, 47.84422, -9478.17578125], [-121.83097, 47.83644, -9082.3515625], [-121.83097, 47.83644, -9874.0009765625]]], [[[-121.83097, 47.83644, -12248.9482421875], [-121.82724, 47.84422, -11853.1240234375], [-121.83097, 47.83644, -11457.298828125], [-121.83097, 47.83644, -12248.9482421875]]], [[[-121.83097, 47.83644, -13040.59765625], [-121.82724, 47.84422, -12644.7734375], [-121.83097, 47.83644, -12248.9482421875], [-121.83097, 47.83644, -13040.59765625]]], [[[-121.88008, 47.76292, -5856.5224609375], [-121.88654, 47.75646, -5362.46923828125], [-121.88654, 47.75646, -6350.57568359375], [-121.88008, 47.76292, -5856.5224609375]]], [[[-121.83097, 47.83644, -13040.59765625], [-121.82724, 47.84422, -13436.4228515625], [-121.82724, 47.84422, -12644.7734375], [-121.83097, 47.83644, -13040.59765625]]], [[[-121.83097, 47.83644, -13832.2470703125], [-121.82724, 47.84422, -13436.4228515625], [-121.83097, 47.83644, -13040.59765625], [-121.83097, 47.83644, -13832.2470703125]]], [[[-121.83097, 47.83644, -16207.1953125], [-121.82724, 47.84422, -15811.3701171875], [-121.83097, 47.83644, -15415.5458984375], [-121.83097, 47.83644, -16207.1953125]]], [[[-121.88008, 47.76292, -6844.62939453125], [-121.88654, 47.75646, -6350.57568359375], [-121.88654, 47.75646, -7338.6826171875], [-121.88008, 47.76292, -6844.62939453125]]], [[[-121.83097, 47.83644, -16207.1953125], [-121.82724, 47.84422, -16603.01953125], [-121.82724, 47.84422, -15811.3701171875], [-121.83097, 47.83644, -16207.1953125]]], [[[-121.83097, 47.83644, -18582.142578125], [-121.82724, 47.84422, -18186.318359375], [-121.83097, 47.83644, -17790.494140625], [-121.83097, 47.83644, -18582.142578125]]], [[[-121.83097, 47.83644, -19373.79296875], [-121.82724, 47.84422, -18977.966796875], [-121.83097, 47.83644, -18582.142578125], [-121.83097, 47.83644, -19373.79296875]]], [[[-121.83097, 47.83644, -19373.79296875], [-121.83097, 47.83644, -20165.44140625], [-121.82724, 47.84422, -19769.6171875], [-121.83097, 47.83644, -19373.79296875]]], [[[-121.83097, 47.83644, -20957.091796875], [-121.82724, 47.84422, -21352.916015625], [-121.82724, 47.84422, -20561.265625], [-121.83097, 47.83644, -20957.091796875]]], [[[-121.83101, 47.83638, -21793.162109375], [-121.82724, 47.84422, -21352.916015625], [-121.83097, 47.83644, -20957.091796875], [-121.83101, 47.83638, -21793.162109375]]], [[[-121.83101, 47.83638, -21793.162109375], [-121.82724, 47.84422, -22144.564453125], [-121.82724, 47.84422, -21352.916015625], [-121.83101, 47.83638, -21793.162109375]]], [[[-121.83101, 47.83638, -21793.162109375], [-121.83191, 47.83495, -22735.1171875], [-121.82724, 47.84422, -22144.564453125], [-121.83101, 47.83638, -21793.162109375]]], [[[-121.83563, 47.82858, -22171.001953125], [-121.83191, 47.83495, -22735.1171875], [-121.83101, 47.83638, -21793.162109375], [-121.83563, 47.82858, -22171.001953125]]], [[[-121.83563, 47.82858, -22171.001953125], [-121.83767, 47.824, -22865.69921875], [-121.83191, 47.83495, -22735.1171875], [-121.83563, 47.82858, -22171.001953125]]], [[[-121.83973, 47.81955, -21987.55078125], [-121.83767, 47.824, -22865.69921875], [-121.83563, 47.82858, -22171.001953125], [-121.83973, 47.81955, -21987.55078125]]], [[[-121.83973, 47.81955, -21987.55078125], [-121.84209, 47.81483, -22908.375], [-121.83767, 47.824, -22865.69921875], [-121.83973, 47.81955, -21987.55078125]]], [[[-121.8445, 47.8103, -22042.75], [-121.84209, 47.81483, -22908.375], [-121.83973, 47.81955, -21987.55078125], [-121.8445, 47.8103, -22042.75]]], [[[-121.84209, 47.81483, -22908.375], [-121.8445, 47.8103, -22042.75], [-121.84654, 47.80664, -22949.765625], [-121.84209, 47.81483, -22908.375]]], [[[-121.84209, 47.81483, -22908.375], [-121.84654, 47.80664, -22949.765625], [-121.84408, 47.81106, -23795.9765625], [-121.84209, 47.81483, -22908.375]]], [[[-121.84209, 47.81483, -22908.375], [-121.84408, 47.81106, -23795.9765625], [-121.83985, 47.81931, -23750.962890625], [-121.84209, 47.81483, -22908.375]]], [[[-121.83767, 47.824, -22865.69921875], [-121.84209, 47.81483, -22908.375], [-121.83985, 47.81931, -23750.962890625], [-121.83767, 47.824, -22865.69921875]]], [[[-121.83767, 47.824, -22865.69921875], [-121.83985, 47.81931, -23750.962890625], [-121.83574, 47.82834, -23654.91015625], [-121.83767, 47.824, -22865.69921875]]], [[[-121.83767, 47.824, -22865.69921875], [-121.83574, 47.82834, -23654.91015625], [-121.83191, 47.83495, -22735.1171875], [-121.83767, 47.824, -22865.69921875]]], [[[-121.83092, 47.83653, -23645.46875], [-121.83191, 47.83495, -22735.1171875], [-121.83574, 47.82834, -23654.91015625], [-121.83092, 47.83653, -23645.46875]]], [[[-121.83191, 47.83495, -22735.1171875], [-121.83092, 47.83653, -23645.46875], [-121.82729, 47.8441, -22938.146484375], [-121.83191, 47.83495, -22735.1171875]]], [[[-121.83191, 47.83495, -22735.1171875], [-121.82729, 47.8441, -22938.146484375], [-121.82724, 47.84422, -22144.564453125], [-121.83191, 47.83495, -22735.1171875]]], [[[-121.82724, 47.84422, -22144.564453125], [-121.82729, 47.8441, -22938.146484375], [-121.82296, 47.85187, -22540.390625], [-121.82724, 47.84422, -22144.564453125]]], [[[-121.82724, 47.84422, -22144.564453125], [-121.82296, 47.85187, -22540.390625], [-121.82296, 47.85187, -21748.740234375], [-121.82724, 47.84422, -22144.564453125]]], [[[-121.82296, 47.85187, -21748.740234375], [-121.82724, 47.84422, -21352.916015625], [-121.82724, 47.84422, -22144.564453125], [-121.82296, 47.85187, -21748.740234375]]], [[[-121.82724, 47.84422, -21352.916015625], [-121.82296, 47.85187, -21748.740234375], [-121.82296, 47.85187, -20957.091796875], [-121.82724, 47.84422, -21352.916015625]]], [[[-121.82724, 47.84422, -20561.265625], [-121.82724, 47.84422, -21352.916015625], [-121.82296, 47.85187, -20957.091796875], [-121.82724, 47.84422, -20561.265625]]], [[[-121.82724, 47.84422, -20561.265625], [-121.82296, 47.85187, -20957.091796875], [-121.82296, 47.85187, -20165.44140625], [-121.82724, 47.84422, -20561.265625]]], [[[-121.82724, 47.84422, -19769.6171875], [-121.82724, 47.84422, -20561.265625], [-121.82296, 47.85187, -20165.44140625], [-121.82724, 47.84422, -19769.6171875]]], [[[-121.82724, 47.84422, -19769.6171875], [-121.82296, 47.85187, -20165.44140625], [-121.82296, 47.85187, -19373.79296875], [-121.82724, 47.84422, -19769.6171875]]], [[[-121.82724, 47.84422, -19769.6171875], [-121.82296, 47.85187, -19373.79296875], [-121.82724, 47.84422, -18977.966796875], [-121.82724, 47.84422, -19769.6171875]]], [[[-121.82296, 47.85187, -18582.142578125], [-121.82724, 47.84422, -18977.966796875], [-121.82296, 47.85187, -19373.79296875], [-121.82296, 47.85187, -18582.142578125]]], [[[-121.82296, 47.85187, -18582.142578125], [-121.82724, 47.84422, -18186.318359375], [-121.82724, 47.84422, -18977.966796875], [-121.82296, 47.85187, -18582.142578125]]], [[[-121.82724, 47.84422, -18186.318359375], [-121.82296, 47.85187, -18582.142578125], [-121.82296, 47.85187, -17790.494140625], [-121.82724, 47.84422, -18186.318359375]]], [[[-121.82296, 47.85187, -17790.494140625], [-121.82724, 47.84422, -17394.669921875], [-121.82724, 47.84422, -18186.318359375], [-121.82296, 47.85187, -17790.494140625]]], [[[-121.82724, 47.84422, -17394.669921875], [-121.82296, 47.85187, -17790.494140625], [-121.82296, 47.85187, -16998.84375], [-121.82724, 47.84422, -17394.669921875]]], [[[-121.82724, 47.84422, -16603.01953125], [-121.82724, 47.84422, -17394.669921875], [-121.82296, 47.85187, -16998.84375], [-121.82724, 47.84422, -16603.01953125]]], [[[-121.82724, 47.84422, -16603.01953125], [-121.82296, 47.85187, -16998.84375], [-121.82296, 47.85187, -16207.1953125], [-121.82724, 47.84422, -16603.01953125]]], [[[-121.82296, 47.85187, -16207.1953125], [-121.82724, 47.84422, -15811.3701171875], [-121.82724, 47.84422, -16603.01953125], [-121.82296, 47.85187, -16207.1953125]]], [[[-121.82724, 47.84422, -15811.3701171875], [-121.82296, 47.85187, -16207.1953125], [-121.82296, 47.85187, -15415.5458984375], [-121.82724, 47.84422, -15811.3701171875]]], [[[-121.82296, 47.85187, -15415.5458984375], [-121.82724, 47.84422, -15019.720703125], [-121.82724, 47.84422, -15811.3701171875], [-121.82296, 47.85187, -15415.5458984375]]], [[[-121.82724, 47.84422, -15019.720703125], [-121.82296, 47.85187, -15415.5458984375], [-121.82296, 47.85187, -14623.896484375], [-121.82724, 47.84422, -15019.720703125]]], [[[-121.82296, 47.85187, -14623.896484375], [-121.82724, 47.84422, -14228.072265625], [-121.82724, 47.84422, -15019.720703125], [-121.82296, 47.85187, -14623.896484375]]], [[[-121.82724, 47.84422, -14228.072265625], [-121.82296, 47.85187, -14623.896484375], [-121.82296, 47.85187, -13832.2470703125], [-121.82724, 47.84422, -14228.072265625]]], [[[-121.82724, 47.84422, -13436.4228515625], [-121.82724, 47.84422, -14228.072265625], [-121.82296, 47.85187, -13832.2470703125], [-121.82724, 47.84422, -13436.4228515625]]], [[[-121.82724, 47.84422, -13436.4228515625], [-121.82296, 47.85187, -13832.2470703125], [-121.82296, 47.85187, -13040.59765625], [-121.82724, 47.84422, -13436.4228515625]]], [[[-121.82724, 47.84422, -12644.7734375], [-121.82724, 47.84422, -13436.4228515625], [-121.82296, 47.85187, -13040.59765625], [-121.82724, 47.84422, -12644.7734375]]], [[[-121.82724, 47.84422, -12644.7734375], [-121.82296, 47.85187, -13040.59765625], [-121.82296, 47.85187, -12248.9482421875], [-121.82724, 47.84422, -12644.7734375]]], [[[-121.82296, 47.85187, -12248.9482421875], [-121.82724, 47.84422, -11853.1240234375], [-121.82724, 47.84422, -12644.7734375], [-121.82296, 47.85187, -12248.9482421875]]], [[[-121.82724, 47.84422, -11853.1240234375], [-121.82296, 47.85187, -12248.9482421875], [-121.82296, 47.85187, -11457.298828125], [-121.82724, 47.84422, -11853.1240234375]]], [[[-121.82296, 47.85187, -11457.298828125], [-121.82724, 47.84422, -11061.474609375], [-121.82724, 47.84422, -11853.1240234375], [-121.82296, 47.85187, -11457.298828125]]], [[[-121.82724, 47.84422, -11061.474609375], [-121.82296, 47.85187, -11457.298828125], [-121.82296, 47.85187, -10665.6494140625], [-121.82724, 47.84422, -11061.474609375]]], [[[-121.82296, 47.85187, -10665.6494140625], [-121.82724, 47.84422, -10269.8251953125], [-121.82724, 47.84422, -11061.474609375], [-121.82296, 47.85187, -10665.6494140625]]], [[[-121.82724, 47.84422, -10269.8251953125], [-121.82296, 47.85187, -10665.6494140625], [-121.82296, 47.85187, -9874.0009765625], [-121.82724, 47.84422, -10269.8251953125]]], [[[-121.82724, 47.84422, -9478.17578125], [-121.82724, 47.84422, -10269.8251953125], [-121.82296, 47.85187, -9874.0009765625], [-121.82724, 47.84422, -9478.17578125]]], [[[-121.82724, 47.84422, -9478.17578125], [-121.82296, 47.85187, -9874.0009765625], [-121.82296, 47.85187, -9082.3515625], [-121.82724, 47.84422, -9478.17578125]]], [[[-121.82724, 47.84422, -8686.5263671875], [-121.82724, 47.84422, -9478.17578125], [-121.82296, 47.85187, -9082.3515625], [-121.82724, 47.84422, -8686.5263671875]]], [[[-121.82724, 47.84422, -8686.5263671875], [-121.82296, 47.85187, -9082.3515625], [-121.82296, 47.85187, -8290.7021484375], [-121.82724, 47.84422, -8686.5263671875]]], [[[-121.82296, 47.85187, -8290.7021484375], [-121.82724, 47.84422, -7894.87744140625], [-121.82724, 47.84422, -8686.5263671875], [-121.82296, 47.85187, -8290.7021484375]]], [[[-121.82724, 47.84422, -7894.87744140625], [-121.82296, 47.85187, -8290.7021484375], [-121.82296, 47.85187, -7499.052734375], [-121.82724, 47.84422, -7894.87744140625]]], [[[-121.82724, 47.84422, -7103.22802734375], [-121.82724, 47.84422, -7894.87744140625], [-121.82296, 47.85187, -7499.052734375], [-121.82724, 47.84422, -7103.22802734375]]], [[[-121.82724, 47.84422, -7103.22802734375], [-121.82296, 47.85187, -7499.052734375], [-121.82296, 47.85187, -6707.4033203125], [-121.82724, 47.84422, -7103.22802734375]]], [[[-121.82724, 47.84422, -6311.57861328125], [-121.82724, 47.84422, -7103.22802734375], [-121.82296, 47.85187, -6707.4033203125], [-121.82724, 47.84422, -6311.57861328125]]], [[[-121.82724, 47.84422, -6311.57861328125], [-121.82296, 47.85187, -6707.4033203125], [-121.82296, 47.85187, -5915.75390625], [-121.82724, 47.84422, -6311.57861328125]]], [[[-121.82296, 47.85187, -5915.75390625], [-121.82724, 47.84422, -5519.92919921875], [-121.82724, 47.84422, -6311.57861328125], [-121.82296, 47.85187, -5915.75390625]]], [[[-121.82724, 47.84422, -5519.92919921875], [-121.82296, 47.85187, -5915.75390625], [-121.82296, 47.85187, -5124.1044921875], [-121.82724, 47.84422, -5519.92919921875]]], [[[-121.82724, 47.84422, -4728.27978515625], [-121.82724, 47.84422, -5519.92919921875], [-121.82296, 47.85187, -5124.1044921875], [-121.82724, 47.84422, -4728.27978515625]]], [[[-121.83097, 47.83644, -5124.1044921875], [-121.82724, 47.84422, -5519.92919921875], [-121.82724, 47.84422, -4728.27978515625], [-121.83097, 47.83644, -5124.1044921875]]], [[[-121.83097, 47.83644, -5124.1044921875], [-121.82724, 47.84422, -4728.27978515625], [-121.83041, 47.83734, -4332.11083984375], [-121.83097, 47.83644, -5124.1044921875]]], [[[-121.83445, 47.83089, -4307.42138671875], [-121.83097, 47.83644, -5124.1044921875], [-121.83041, 47.83734, -4332.11083984375], [-121.83445, 47.83089, -4307.42138671875]]], [[[-121.83586, 47.82806, -5246.8740234375], [-121.83097, 47.83644, -5124.1044921875], [-121.83445, 47.83089, -4307.42138671875], [-121.83586, 47.82806, -5246.8740234375]]], [[[-121.83586, 47.82806, -5246.8740234375], [-121.83445, 47.83089, -4307.42138671875], [-121.83809, 47.82304, -4290.966796875], [-121.83586, 47.82806, -5246.8740234375]]], [[[-121.82296, 47.85187, -18582.142578125], [-121.81896, 47.85958, -18186.318359375], [-121.82296, 47.85187, -17790.494140625], [-121.82296, 47.85187, -18582.142578125]]], [[[-121.83809, 47.82304, -4290.966796875], [-121.83445, 47.83089, -4307.42138671875], [-121.8362, 47.8273, -3419.71240234375], [-121.83809, 47.82304, -4290.966796875]]], [[[-121.83809, 47.82304, -4290.966796875], [-121.8362, 47.8273, -3419.71240234375], [-121.83991, 47.81918, -3392.446044921875], [-121.83809, 47.82304, -4290.966796875]]], [[[-121.8362, 47.8273, -3419.71240234375], [-121.83789, 47.8235, -2526.91162109375], [-121.83991, 47.81918, -3392.446044921875], [-121.8362, 47.8273, -3419.71240234375]]], [[[-121.8362, 47.8273, -3419.71240234375], [-121.83411, 47.83143, -2549.641357421875], [-121.83789, 47.8235, -2526.91162109375], [-121.8362, 47.8273, -3419.71240234375]]], [[[-121.8362, 47.8273, -3419.71240234375], [-121.83149, 47.83562, -3439.19580078125], [-121.83411, 47.83143, -2549.641357421875], [-121.8362, 47.8273, -3419.71240234375]]], [[[-121.83445, 47.83089, -4307.42138671875], [-121.83149, 47.83562, -3439.19580078125], [-121.8362, 47.8273, -3419.71240234375], [-121.83445, 47.83089, -4307.42138671875]]], [[[-121.83445, 47.83089, -4307.42138671875], [-121.83041, 47.83734, -4332.11083984375], [-121.83149, 47.83562, -3439.19580078125], [-121.83445, 47.83089, -4307.42138671875]]], [[[-121.83041, 47.83734, -4332.11083984375], [-121.82724, 47.84422, -3936.630615234375], [-121.83149, 47.83562, -3439.19580078125], [-121.83041, 47.83734, -4332.11083984375]]], [[[-121.82724, 47.84422, -3936.630615234375], [-121.83041, 47.83734, -4332.11083984375], [-121.82724, 47.84422, -4728.27978515625], [-121.82724, 47.84422, -3936.630615234375]]], [[[-121.82724, 47.84422, -3936.630615234375], [-121.82724, 47.84422, -4728.27978515625], [-121.82296, 47.85187, -4332.455078125], [-121.82724, 47.84422, -3936.630615234375]]], [[[-121.82724, 47.84422, -3936.630615234375], [-121.82296, 47.85187, -4332.455078125], [-121.82295, 47.85188, -3525.861083984375], [-121.82724, 47.84422, -3936.630615234375]]], [[[-121.82724, 47.84422, -3936.630615234375], [-121.82295, 47.85188, -3525.861083984375], [-121.82727, 47.84414, -3164.57470703125], [-121.82724, 47.84422, -3936.630615234375]]], [[[-121.83149, 47.83562, -3439.19580078125], [-121.82724, 47.84422, -3936.630615234375], [-121.82727, 47.84414, -3164.57470703125], [-121.83149, 47.83562, -3439.19580078125]]], [[[-121.83149, 47.83562, -3439.19580078125], [-121.82727, 47.84414, -3164.57470703125], [-121.82925, 47.83969, -2546.797119140625], [-121.83149, 47.83562, -3439.19580078125]]], [[[-121.83149, 47.83562, -3439.19580078125], [-121.82925, 47.83969, -2546.797119140625], [-121.83411, 47.83143, -2549.641357421875], [-121.83149, 47.83562, -3439.19580078125]]], [[[-121.82925, 47.83969, -2546.797119140625], [-121.83163, 47.83539, -1675.8963623046875], [-121.83411, 47.83143, -2549.641357421875], [-121.82925, 47.83969, -2546.797119140625]]], [[[-121.82925, 47.83969, -2546.797119140625], [-121.82741, 47.84383, -1732.7542724609375], [-121.83163, 47.83539, -1675.8963623046875], [-121.82925, 47.83969, -2546.797119140625]]], [[[-121.82925, 47.83969, -2546.797119140625], [-121.82381, 47.85051, -2619.458740234375], [-121.82741, 47.84383, -1732.7542724609375], [-121.82925, 47.83969, -2546.797119140625]]], [[[-121.82727, 47.84414, -3164.57470703125], [-121.82381, 47.85051, -2619.458740234375], [-121.82925, 47.83969, -2546.797119140625], [-121.82727, 47.84414, -3164.57470703125]]], [[[-121.82727, 47.84414, -3164.57470703125], [-121.82295, 47.85188, -3525.861083984375], [-121.82381, 47.85051, -2619.458740234375], [-121.82727, 47.84414, -3164.57470703125]]], [[[-121.82295, 47.85188, -3525.861083984375], [-121.81896, 47.85958, -3144.981201171875], [-121.82381, 47.85051, -2619.458740234375], [-121.82295, 47.85188, -3525.861083984375]]], [[[-121.81896, 47.85958, -3144.981201171875], [-121.82295, 47.85188, -3525.861083984375], [-121.81896, 47.85958, -3936.630615234375], [-121.81896, 47.85958, -3144.981201171875]]], [[[-121.81896, 47.85958, -3144.981201171875], [-121.81896, 47.85958, -3936.630615234375], [-121.81494, 47.86729, -3540.805908203125], [-121.81896, 47.85958, -3144.981201171875]]], [[[-121.81896, 47.85958, -3144.981201171875], [-121.81494, 47.86729, -3540.805908203125], [-121.81494, 47.86729, -2749.15673828125], [-121.81896, 47.85958, -3144.981201171875]]], [[[-121.81896, 47.85958, -3144.981201171875], [-121.81494, 47.86729, -2749.15673828125], [-121.81914, 47.85919, -2362.33740234375], [-121.81896, 47.85958, -3144.981201171875]]], [[[-121.82381, 47.85051, -2619.458740234375], [-121.81896, 47.85958, -3144.981201171875], [-121.81914, 47.85919, -2362.33740234375], [-121.82381, 47.85051, -2619.458740234375]]], [[[-121.82381, 47.85051, -2619.458740234375], [-121.81914, 47.85919, -2362.33740234375], [-121.82297, 47.85185, -1716.118408203125], [-121.82381, 47.85051, -2619.458740234375]]], [[[-121.82381, 47.85051, -2619.458740234375], [-121.82297, 47.85185, -1716.118408203125], [-121.82741, 47.84383, -1732.7542724609375], [-121.82381, 47.85051, -2619.458740234375]]], [[[-121.82297, 47.85185, -1716.118408203125], [-121.82553, 47.84776, -838.2811279296875], [-121.82741, 47.84383, -1732.7542724609375], [-121.82297, 47.85185, -1716.118408203125]]], [[[-121.82297, 47.85185, -1716.118408203125], [-121.82036, 47.85644, -859.8120727539062], [-121.82553, 47.84776, -838.2811279296875], [-121.82297, 47.85185, -1716.118408203125]]], [[[-121.82297, 47.85185, -1716.118408203125], [-121.81871, 47.86016, -1610.6136474609375], [-121.82036, 47.85644, -859.8120727539062], [-121.82297, 47.85185, -1716.118408203125]]], [[[-121.81871, 47.86016, -1610.6136474609375], [-121.82297, 47.85185, -1716.118408203125], [-121.81914, 47.85919, -2362.33740234375], [-121.81871, 47.86016, -1610.6136474609375]]], [[[-121.81914, 47.85919, -2362.33740234375], [-121.81493, 47.86731, -1949.826171875], [-121.81871, 47.86016, -1610.6136474609375], [-121.81914, 47.85919, -2362.33740234375]]], [[[-121.81914, 47.85919, -2362.33740234375], [-121.81494, 47.86729, -2749.15673828125], [-121.81493, 47.86731, -1949.826171875], [-121.81914, 47.85919, -2362.33740234375]]], [[[-121.81493, 47.86731, -1949.826171875], [-121.81494, 47.86729, -2749.15673828125], [-121.811, 47.875, -2353.33203125], [-121.81493, 47.86731, -1949.826171875]]], [[[-121.81493, 47.86731, -1949.826171875], [-121.811, 47.875, -2353.33203125], [-121.811, 47.875, -1561.6826171875], [-121.81493, 47.86731, -1949.826171875]]], [[[-121.81551, 47.86638, -991.58447265625], [-121.81493, 47.86731, -1949.826171875], [-121.811, 47.875, -1561.6826171875], [-121.81551, 47.86638, -991.58447265625]]], [[[-121.81551, 47.86638, -991.58447265625], [-121.81871, 47.86016, -1610.6136474609375], [-121.81493, 47.86731, -1949.826171875], [-121.81551, 47.86638, -991.58447265625]]], [[[-121.81871, 47.86016, -1610.6136474609375], [-121.81551, 47.86638, -991.58447265625], [-121.82036, 47.85644, -859.8120727539062], [-121.81871, 47.86016, -1610.6136474609375]]], [[[-121.82036, 47.85644, -859.8120727539062], [-121.81551, 47.86638, -991.58447265625], [-121.81867, 47.86025, 12.070598602294922], [-121.82036, 47.85644, -859.8120727539062]]], [[[-121.82036, 47.85644, -859.8120727539062], [-121.81867, 47.86025, 12.070598602294922], [-121.82287, 47.85201, 11.286684036254883], [-121.82036, 47.85644, -859.8120727539062]]], [[[-121.82553, 47.84776, -838.2811279296875], [-121.82036, 47.85644, -859.8120727539062], [-121.82287, 47.85201, 11.286684036254883], [-121.82553, 47.84776, -838.2811279296875]]], [[[-121.82553, 47.84776, -838.2811279296875], [-121.82287, 47.85201, 11.286684036254883], [-121.8274, 47.84386, 43.25920486450195], [-121.82553, 47.84776, -838.2811279296875]]], [[[-121.82941, 47.83932, -797.7752685546875], [-121.82553, 47.84776, -838.2811279296875], [-121.8274, 47.84386, 43.25920486450195], [-121.82941, 47.83932, -797.7752685546875]]], [[[-121.82741, 47.84383, -1732.7542724609375], [-121.82553, 47.84776, -838.2811279296875], [-121.82941, 47.83932, -797.7752685546875], [-121.82741, 47.84383, -1732.7542724609375]]], [[[-121.83163, 47.83539, -1675.8963623046875], [-121.82741, 47.84383, -1732.7542724609375], [-121.82941, 47.83932, -797.7752685546875], [-121.83163, 47.83539, -1675.8963623046875]]], [[[-121.83163, 47.83539, -1675.8963623046875], [-121.82941, 47.83932, -797.7752685546875], [-121.83392, 47.83173, -783.7052612304688], [-121.83163, 47.83539, -1675.8963623046875]]], [[[-121.83603, 47.82769, -1656.5537109375], [-121.83163, 47.83539, -1675.8963623046875], [-121.83392, 47.83173, -783.7052612304688], [-121.83603, 47.82769, -1656.5537109375]]], [[[-121.83411, 47.83143, -2549.641357421875], [-121.83163, 47.83539, -1675.8963623046875], [-121.83603, 47.82769, -1656.5537109375], [-121.83411, 47.83143, -2549.641357421875]]], [[[-121.83789, 47.8235, -2526.91162109375], [-121.83411, 47.83143, -2549.641357421875], [-121.83603, 47.82769, -1656.5537109375], [-121.83789, 47.8235, -2526.91162109375]]], [[[-121.83789, 47.8235, -2526.91162109375], [-121.83603, 47.82769, -1656.5537109375], [-121.8399, 47.81919, -1665.28662109375], [-121.83789, 47.8235, -2526.91162109375]]], [[[-121.84203, 47.81493, -2523.891845703125], [-121.83789, 47.8235, -2526.91162109375], [-121.8399, 47.81919, -1665.28662109375], [-121.84203, 47.81493, -2523.891845703125]]], [[[-121.83991, 47.81918, -3392.446044921875], [-121.83789, 47.8235, -2526.91162109375], [-121.84203, 47.81493, -2523.891845703125], [-121.83991, 47.81918, -3392.446044921875]]], [[[-121.84435, 47.81057, -3387.1328125], [-121.83991, 47.81918, -3392.446044921875], [-121.84203, 47.81493, -2523.891845703125], [-121.84435, 47.81057, -3387.1328125]]], [[[-121.84435, 47.81057, -3387.1328125], [-121.84203, 47.81493, -2523.891845703125], [-121.84672, 47.80631, -2518.348388671875], [-121.84435, 47.81057, -3387.1328125]]], [[[-121.84883, 47.80235, -3398.875244140625], [-121.84435, 47.81057, -3387.1328125], [-121.84672, 47.80631, -2518.348388671875], [-121.84883, 47.80235, -3398.875244140625]]], [[[-121.84883, 47.80235, -3398.875244140625], [-121.84672, 47.80631, -2518.348388671875], [-121.85089, 47.79822, -2526.7939453125], [-121.84883, 47.80235, -3398.875244140625]]], [[[-121.85301, 47.79418, -3401.64111328125], [-121.84883, 47.80235, -3398.875244140625], [-121.85089, 47.79822, -2526.7939453125], [-121.85301, 47.79418, -3401.64111328125]]], [[[-121.85301, 47.79418, -3401.64111328125], [-121.85089, 47.79822, -2526.7939453125], [-121.85513, 47.79036, -2514.65478515625], [-121.85301, 47.79418, -3401.64111328125]]], [[[-121.85089, 47.79822, -2526.7939453125], [-121.8529, 47.79438, -1640.6229248046875], [-121.85513, 47.79036, -2514.65478515625], [-121.85089, 47.79822, -2526.7939453125]]], [[[-121.85089, 47.79822, -2526.7939453125], [-121.84894, 47.80213, -1642.9234619140625], [-121.8529, 47.79438, -1640.6229248046875], [-121.85089, 47.79822, -2526.7939453125]]], [[[-121.84672, 47.80631, -2518.348388671875], [-121.84894, 47.80213, -1642.9234619140625], [-121.85089, 47.79822, -2526.7939453125], [-121.84672, 47.80631, -2518.348388671875]]], [[[-121.84672, 47.80631, -2518.348388671875], [-121.84425, 47.81075, -1662.025634765625], [-121.84894, 47.80213, -1642.9234619140625], [-121.84672, 47.80631, -2518.348388671875]]], [[[-121.84203, 47.81493, -2523.891845703125], [-121.84425, 47.81075, -1662.025634765625], [-121.84672, 47.80631, -2518.348388671875], [-121.84203, 47.81493, -2523.891845703125]]], [[[-121.84203, 47.81493, -2523.891845703125], [-121.8399, 47.81919, -1665.28662109375], [-121.84425, 47.81075, -1662.025634765625], [-121.84203, 47.81493, -2523.891845703125]]], [[[-121.84425, 47.81075, -1662.025634765625], [-121.8399, 47.81919, -1665.28662109375], [-121.84201, 47.81499, -801.0089111328125], [-121.84425, 47.81075, -1662.025634765625]]], [[[-121.84425, 47.81075, -1662.025634765625], [-121.84201, 47.81499, -801.0089111328125], [-121.84651, 47.80669, -791.079833984375], [-121.84425, 47.81075, -1662.025634765625]]], [[[-121.84894, 47.80213, -1642.9234619140625], [-121.84425, 47.81075, -1662.025634765625], [-121.84651, 47.80669, -791.079833984375], [-121.84894, 47.80213, -1642.9234619140625]]], [[[-121.84894, 47.80213, -1642.9234619140625], [-121.84651, 47.80669, -791.079833984375], [-121.8509, 47.79821, -751.7643432617188], [-121.84894, 47.80213, -1642.9234619140625]]], [[[-121.8529, 47.79438, -1640.6229248046875], [-121.84894, 47.80213, -1642.9234619140625], [-121.8509, 47.79821, -751.7643432617188], [-121.8529, 47.79438, -1640.6229248046875]]], [[[-121.8529, 47.79438, -1640.6229248046875], [-121.8509, 47.79821, -751.7643432617188], [-121.85496, 47.79068, -744.869873046875], [-121.8529, 47.79438, -1640.6229248046875]]], [[[-121.85725, 47.78667, -1621.3731689453125], [-121.8529, 47.79438, -1640.6229248046875], [-121.85496, 47.79068, -744.869873046875], [-121.85725, 47.78667, -1621.3731689453125]]], [[[-121.85513, 47.79036, -2514.65478515625], [-121.8529, 47.79438, -1640.6229248046875], [-121.85725, 47.78667, -1621.3731689453125], [-121.85513, 47.79036, -2514.65478515625]]], [[[-121.85513, 47.79036, -2514.65478515625], [-121.85725, 47.78667, -1621.3731689453125], [-121.86063, 47.78216, -2542.740478515625], [-121.85513, 47.79036, -2514.65478515625]]], [[[-121.86354, 47.77853, -1629.216552734375], [-121.86063, 47.78216, -2542.740478515625], [-121.85725, 47.78667, -1621.3731689453125], [-121.86354, 47.77853, -1629.216552734375]]], [[[-121.86063, 47.78216, -2542.740478515625], [-121.86354, 47.77853, -1629.216552734375], [-121.86754, 47.77502, -2519.33740234375], [-121.86063, 47.78216, -2542.740478515625]]], [[[-121.87158, 47.77142, -1628.23681640625], [-121.86754, 47.77502, -2519.33740234375], [-121.86354, 47.77853, -1629.216552734375], [-121.87158, 47.77142, -1628.23681640625]]], [[[-121.86754, 47.77502, -2519.33740234375], [-121.87158, 47.77142, -1628.23681640625], [-121.87444, 47.76856, -2479.63134765625], [-121.86754, 47.77502, -2519.33740234375]]], [[[-121.87444, 47.76856, -2479.63134765625], [-121.87158, 47.77142, -1628.23681640625], [-121.87969, 47.76331, -1803.8397216796875], [-121.87444, 47.76856, -2479.63134765625]]], [[[-121.87444, 47.76856, -2479.63134765625], [-121.87969, 47.76331, -1803.8397216796875], [-121.8802, 47.7628, -2897.765380859375], [-121.87444, 47.76856, -2479.63134765625]]], [[[-121.87969, 47.76331, -1803.8397216796875], [-121.88654, 47.75646, -2398.14892578125], [-121.8802, 47.7628, -2897.765380859375], [-121.87969, 47.76331, -1803.8397216796875]]], [[[-121.87969, 47.76331, -1803.8397216796875], [-121.88672, 47.75628, -1437.7152099609375], [-121.88654, 47.75646, -2398.14892578125], [-121.87969, 47.76331, -1803.8397216796875]]], [[[-121.87969, 47.76331, -1803.8397216796875], [-121.88287, 47.76013, -781.0133666992188], [-121.88672, 47.75628, -1437.7152099609375], [-121.87969, 47.76331, -1803.8397216796875]]], [[[-121.88287, 47.76013, -781.0133666992188], [-121.87969, 47.76331, -1803.8397216796875], [-121.87522, 47.76778, -800.845458984375], [-121.88287, 47.76013, -781.0133666992188]]], [[[-121.88287, 47.76013, -781.0133666992188], [-121.87522, 47.76778, -800.845458984375], [-121.87854, 47.76446, 117.53933715820312], [-121.88287, 47.76013, -781.0133666992188]]], [[[-121.88287, 47.76013, -781.0133666992188], [-121.87854, 47.76446, 117.53933715820312], [-121.88577, 47.75723, 96.1488037109375], [-121.88287, 47.76013, -781.0133666992188]]], [[[-121.88287, 47.76013, -781.0133666992188], [-121.88577, 47.75723, 96.1488037109375], [-121.88938, 47.75362, -409.91998291015625], [-121.88287, 47.76013, -781.0133666992188]]], [[[-121.88287, 47.76013, -781.0133666992188], [-121.88938, 47.75362, -409.91998291015625], [-121.88672, 47.75628, -1437.7152099609375], [-121.88287, 47.76013, -781.0133666992188]]], [[[-121.893, 47.75, -915.98876953125], [-121.88672, 47.75628, -1437.7152099609375], [-121.88938, 47.75362, -409.91998291015625], [-121.893, 47.75, -915.98876953125]]], [[[-121.88672, 47.75628, -1437.7152099609375], [-121.893, 47.75, -915.98876953125], [-121.893, 47.75, -1904.095458984375], [-121.88672, 47.75628, -1437.7152099609375]]], [[[-121.88654, 47.75646, -2398.14892578125], [-121.88672, 47.75628, -1437.7152099609375], [-121.893, 47.75, -1904.095458984375], [-121.88654, 47.75646, -2398.14892578125]]], [[[-121.88654, 47.75646, -2398.14892578125], [-121.893, 47.75, -1904.095458984375], [-121.893, 47.75, -2892.2021484375], [-121.88654, 47.75646, -2398.14892578125]]], [[[-121.88938, 47.75362, -409.91998291015625], [-121.893, 47.75, 72.11799621582031], [-121.893, 47.75, -915.98876953125], [-121.88938, 47.75362, -409.91998291015625]]], [[[-121.88577, 47.75723, 96.1488037109375], [-121.893, 47.75, 72.11799621582031], [-121.88938, 47.75362, -409.91998291015625], [-121.88577, 47.75723, 96.1488037109375]]], [[[-121.87522, 47.76778, -800.845458984375], [-121.8713, 47.7717, 112.38111877441406], [-121.87854, 47.76446, 117.53933715820312], [-121.87522, 47.76778, -800.845458984375]]], [[[-121.87522, 47.76778, -800.845458984375], [-121.86747, 47.77509, -759.51171875], [-121.8713, 47.7717, 112.38111877441406], [-121.87522, 47.76778, -800.845458984375]]], [[[-121.87158, 47.77142, -1628.23681640625], [-121.86747, 47.77509, -759.51171875], [-121.87522, 47.76778, -800.845458984375], [-121.87158, 47.77142, -1628.23681640625]]], [[[-121.87158, 47.77142, -1628.23681640625], [-121.86354, 47.77853, -1629.216552734375], [-121.86747, 47.77509, -759.51171875], [-121.87158, 47.77142, -1628.23681640625]]], [[[-121.86354, 47.77853, -1629.216552734375], [-121.86041, 47.78245, -766.9203491210938], [-121.86747, 47.77509, -759.51171875], [-121.86354, 47.77853, -1629.216552734375]]], [[[-121.86354, 47.77853, -1629.216552734375], [-121.85725, 47.78667, -1621.3731689453125], [-121.86041, 47.78245, -766.9203491210938], [-121.86354, 47.77853, -1629.216552734375]]], [[[-121.85725, 47.78667, -1621.3731689453125], [-121.85496, 47.79068, -744.869873046875], [-121.86041, 47.78245, -766.9203491210938], [-121.85725, 47.78667, -1621.3731689453125]]], [[[-121.85496, 47.79068, -744.869873046875], [-121.85748, 47.78636, 97.68608856201172], [-121.86041, 47.78245, -766.9203491210938], [-121.85496, 47.79068, -744.869873046875]]], [[[-121.85496, 47.79068, -744.869873046875], [-121.85284, 47.79449, 143.9705047607422], [-121.85748, 47.78636, 97.68608856201172], [-121.85496, 47.79068, -744.869873046875]]], [[[-121.8509, 47.79821, -751.7643432617188], [-121.85284, 47.79449, 143.9705047607422], [-121.85496, 47.79068, -744.869873046875], [-121.8509, 47.79821, -751.7643432617188]]], [[[-121.8509, 47.79821, -751.7643432617188], [-121.84864, 47.80271, 83.2983627319336], [-121.85284, 47.79449, 143.9705047607422], [-121.8509, 47.79821, -751.7643432617188]]], [[[-121.84651, 47.80669, -791.079833984375], [-121.84864, 47.80271, 83.2983627319336], [-121.8509, 47.79821, -751.7643432617188], [-121.84651, 47.80669, -791.079833984375]]], [[[-121.84651, 47.80669, -791.079833984375], [-121.84417, 47.8109, 66.32730102539062], [-121.84864, 47.80271, 83.2983627319336], [-121.84651, 47.80669, -791.079833984375]]], [[[-121.84201, 47.81499, -801.0089111328125], [-121.84417, 47.8109, 66.32730102539062], [-121.84651, 47.80669, -791.079833984375], [-121.84201, 47.81499, -801.0089111328125]]], [[[-121.84201, 47.81499, -801.0089111328125], [-121.83993, 47.81914, 63.69936752319336], [-121.84417, 47.8109, 66.32730102539062], [-121.84201, 47.81499, -801.0089111328125]]], [[[-121.84201, 47.81499, -801.0089111328125], [-121.83795, 47.82337, -797.5244140625], [-121.83993, 47.81914, 63.69936752319336], [-121.84201, 47.81499, -801.0089111328125]]], [[[-121.8399, 47.81919, -1665.28662109375], [-121.83795, 47.82337, -797.5244140625], [-121.84201, 47.81499, -801.0089111328125], [-121.8399, 47.81919, -1665.28662109375]]], [[[-121.83603, 47.82769, -1656.5537109375], [-121.83795, 47.82337, -797.5244140625], [-121.8399, 47.81919, -1665.28662109375], [-121.83603, 47.82769, -1656.5537109375]]], [[[-121.83603, 47.82769, -1656.5537109375], [-121.83392, 47.83173, -783.7052612304688], [-121.83795, 47.82337, -797.5244140625], [-121.83603, 47.82769, -1656.5537109375]]], [[[-121.83795, 47.82337, -797.5244140625], [-121.83392, 47.83173, -783.7052612304688], [-121.83612, 47.82748, 73.21928405761719], [-121.83795, 47.82337, -797.5244140625]]], [[[-121.83795, 47.82337, -797.5244140625], [-121.83612, 47.82748, 73.21928405761719], [-121.83993, 47.81914, 63.69936752319336], [-121.83795, 47.82337, -797.5244140625]]], [[[-121.83392, 47.83173, -783.7052612304688], [-121.83149, 47.83561, 91.12581634521484], [-121.83612, 47.82748, 73.21928405761719], [-121.83392, 47.83173, -783.7052612304688]]], [[[-121.82941, 47.83932, -797.7752685546875], [-121.83149, 47.83561, 91.12581634521484], [-121.83392, 47.83173, -783.7052612304688], [-121.82941, 47.83932, -797.7752685546875]]], [[[-121.82941, 47.83932, -797.7752685546875], [-121.8274, 47.84386, 43.25920486450195], [-121.83149, 47.83561, 91.12581634521484], [-121.82941, 47.83932, -797.7752685546875]]], [[[-121.86041, 47.78245, -766.9203491210938], [-121.85748, 47.78636, 97.68608856201172], [-121.86343, 47.77862, 100.5167236328125], [-121.86041, 47.78245, -766.9203491210938]]], [[[-121.86041, 47.78245, -766.9203491210938], [-121.86343, 47.77862, 100.5167236328125], [-121.86747, 47.77509, -759.51171875], [-121.86041, 47.78245, -766.9203491210938]]], [[[-121.86747, 47.77509, -759.51171875], [-121.86343, 47.77862, 100.5167236328125], [-121.8713, 47.7717, 112.38111877441406], [-121.86747, 47.77509, -759.51171875]]], [[[-121.87158, 47.77142, -1628.23681640625], [-121.87522, 47.76778, -800.845458984375], [-121.87969, 47.76331, -1803.8397216796875], [-121.87158, 47.77142, -1628.23681640625]]], [[[-121.81551, 47.86638, -991.58447265625], [-121.81455, 47.86793, 16.547164916992188], [-121.81867, 47.86025, 12.070598602294922], [-121.81551, 47.86638, -991.58447265625]]], [[[-121.81551, 47.86638, -991.58447265625], [-121.81239, 47.87138, -376.7430725097656], [-121.81455, 47.86793, 16.547164916992188], [-121.81551, 47.86638, -991.58447265625]]], [[[-121.81551, 47.86638, -991.58447265625], [-121.811, 47.875, -770.0333251953125], [-121.81239, 47.87138, -376.7430725097656], [-121.81551, 47.86638, -991.58447265625]]], [[[-121.81551, 47.86638, -991.58447265625], [-121.811, 47.875, -1561.6826171875], [-121.811, 47.875, -770.0333251953125], [-121.81551, 47.86638, -991.58447265625]]], [[[-121.811, 47.875, 21.615999221801758], [-121.81239, 47.87138, -376.7430725097656], [-121.811, 47.875, -770.0333251953125], [-121.811, 47.875, 21.615999221801758]]], [[[-121.811, 47.875, 21.615999221801758], [-121.81455, 47.86793, 16.547164916992188], [-121.81239, 47.87138, -376.7430725097656], [-121.811, 47.875, 21.615999221801758]]], [[[-121.81494, 47.86729, -2749.15673828125], [-121.811, 47.875, -3144.981201171875], [-121.811, 47.875, -2353.33203125], [-121.81494, 47.86729, -2749.15673828125]]], [[[-121.81494, 47.86729, -2749.15673828125], [-121.81494, 47.86729, -3540.805908203125], [-121.811, 47.875, -3144.981201171875], [-121.81494, 47.86729, -2749.15673828125]]], [[[-121.81494, 47.86729, -3540.805908203125], [-121.811, 47.875, -3936.630615234375], [-121.811, 47.875, -3144.981201171875], [-121.81494, 47.86729, -3540.805908203125]]], [[[-121.81494, 47.86729, -4332.455078125], [-121.811, 47.875, -3936.630615234375], [-121.81494, 47.86729, -3540.805908203125], [-121.81494, 47.86729, -4332.455078125]]], [[[-121.81494, 47.86729, -4332.455078125], [-121.811, 47.875, -4728.27978515625], [-121.811, 47.875, -3936.630615234375], [-121.81494, 47.86729, -4332.455078125]]], [[[-121.81494, 47.86729, -5124.1044921875], [-121.811, 47.875, -4728.27978515625], [-121.81494, 47.86729, -4332.455078125], [-121.81494, 47.86729, -5124.1044921875]]], [[[-121.81494, 47.86729, -5124.1044921875], [-121.811, 47.875, -5519.92919921875], [-121.811, 47.875, -4728.27978515625], [-121.81494, 47.86729, -5124.1044921875]]], [[[-121.81494, 47.86729, -5915.75390625], [-121.811, 47.875, -5519.92919921875], [-121.81494, 47.86729, -5124.1044921875], [-121.81494, 47.86729, -5915.75390625]]], [[[-121.81494, 47.86729, -5915.75390625], [-121.811, 47.875, -6311.57861328125], [-121.811, 47.875, -5519.92919921875], [-121.81494, 47.86729, -5915.75390625]]], [[[-121.81494, 47.86729, -6707.4033203125], [-121.811, 47.875, -6311.57861328125], [-121.81494, 47.86729, -5915.75390625], [-121.81494, 47.86729, -6707.4033203125]]], [[[-121.81494, 47.86729, -6707.4033203125], [-121.811, 47.875, -7103.22802734375], [-121.811, 47.875, -6311.57861328125], [-121.81494, 47.86729, -6707.4033203125]]], [[[-121.81494, 47.86729, -7499.052734375], [-121.811, 47.875, -7103.22802734375], [-121.81494, 47.86729, -6707.4033203125], [-121.81494, 47.86729, -7499.052734375]]], [[[-121.81494, 47.86729, -7499.052734375], [-121.811, 47.875, -7894.87744140625], [-121.811, 47.875, -7103.22802734375], [-121.81494, 47.86729, -7499.052734375]]], [[[-121.81494, 47.86729, -8290.7021484375], [-121.811, 47.875, -7894.87744140625], [-121.81494, 47.86729, -7499.052734375], [-121.81494, 47.86729, -8290.7021484375]]], [[[-121.81494, 47.86729, -8290.7021484375], [-121.811, 47.875, -8686.5263671875], [-121.811, 47.875, -7894.87744140625], [-121.81494, 47.86729, -8290.7021484375]]], [[[-121.81494, 47.86729, -9082.3515625], [-121.811, 47.875, -8686.5263671875], [-121.81494, 47.86729, -8290.7021484375], [-121.81494, 47.86729, -9082.3515625]]], [[[-121.81494, 47.86729, -9082.3515625], [-121.811, 47.875, -9478.17578125], [-121.811, 47.875, -8686.5263671875], [-121.81494, 47.86729, -9082.3515625]]], [[[-121.81494, 47.86729, -9874.0009765625], [-121.811, 47.875, -9478.17578125], [-121.81494, 47.86729, -9082.3515625], [-121.81494, 47.86729, -9874.0009765625]]], [[[-121.81494, 47.86729, -9874.0009765625], [-121.811, 47.875, -10269.8251953125], [-121.811, 47.875, -9478.17578125], [-121.81494, 47.86729, -9874.0009765625]]], [[[-121.81494, 47.86729, -10665.6494140625], [-121.811, 47.875, -10269.8251953125], [-121.81494, 47.86729, -9874.0009765625], [-121.81494, 47.86729, -10665.6494140625]]], [[[-121.81494, 47.86729, -10665.6494140625], [-121.811, 47.875, -11061.474609375], [-121.811, 47.875, -10269.8251953125], [-121.81494, 47.86729, -10665.6494140625]]], [[[-121.81494, 47.86729, -11457.298828125], [-121.811, 47.875, -11061.474609375], [-121.81494, 47.86729, -10665.6494140625], [-121.81494, 47.86729, -11457.298828125]]], [[[-121.81494, 47.86729, -11457.298828125], [-121.811, 47.875, -11853.1240234375], [-121.811, 47.875, -11061.474609375], [-121.81494, 47.86729, -11457.298828125]]], [[[-121.81494, 47.86729, -12248.9482421875], [-121.811, 47.875, -11853.1240234375], [-121.81494, 47.86729, -11457.298828125], [-121.81494, 47.86729, -12248.9482421875]]], [[[-121.81494, 47.86729, -12248.9482421875], [-121.811, 47.875, -12644.7734375], [-121.811, 47.875, -11853.1240234375], [-121.81494, 47.86729, -12248.9482421875]]], [[[-121.81494, 47.86729, -13040.59765625], [-121.811, 47.875, -12644.7734375], [-121.81494, 47.86729, -12248.9482421875], [-121.81494, 47.86729, -13040.59765625]]], [[[-121.81494, 47.86729, -13040.59765625], [-121.811, 47.875, -13436.4228515625], [-121.811, 47.875, -12644.7734375], [-121.81494, 47.86729, -13040.59765625]]], [[[-121.81494, 47.86729, -13832.2470703125], [-121.811, 47.875, -13436.4228515625], [-121.81494, 47.86729, -13040.59765625], [-121.81494, 47.86729, -13832.2470703125]]], [[[-121.81494, 47.86729, -13832.2470703125], [-121.811, 47.875, -14228.072265625], [-121.811, 47.875, -13436.4228515625], [-121.81494, 47.86729, -13832.2470703125]]], [[[-121.81494, 47.86729, -14623.896484375], [-121.811, 47.875, -14228.072265625], [-121.81494, 47.86729, -13832.2470703125], [-121.81494, 47.86729, -14623.896484375]]], [[[-121.81494, 47.86729, -14623.896484375], [-121.811, 47.875, -15019.720703125], [-121.811, 47.875, -14228.072265625], [-121.81494, 47.86729, -14623.896484375]]], [[[-121.81494, 47.86729, -15415.5458984375], [-121.811, 47.875, -15019.720703125], [-121.81494, 47.86729, -14623.896484375], [-121.81494, 47.86729, -15415.5458984375]]], [[[-121.81494, 47.86729, -15415.5458984375], [-121.811, 47.875, -15811.3701171875], [-121.811, 47.875, -15019.720703125], [-121.81494, 47.86729, -15415.5458984375]]], [[[-121.81494, 47.86729, -16207.1953125], [-121.811, 47.875, -15811.3701171875], [-121.81494, 47.86729, -15415.5458984375], [-121.81494, 47.86729, -16207.1953125]]], [[[-121.81494, 47.86729, -16207.1953125], [-121.811, 47.875, -16603.01953125], [-121.811, 47.875, -15811.3701171875], [-121.81494, 47.86729, -16207.1953125]]], [[[-121.81494, 47.86729, -16998.84375], [-121.811, 47.875, -16603.01953125], [-121.81494, 47.86729, -16207.1953125], [-121.81494, 47.86729, -16998.84375]]], [[[-121.81494, 47.86729, -16998.84375], [-121.811, 47.875, -17394.669921875], [-121.811, 47.875, -16603.01953125], [-121.81494, 47.86729, -16998.84375]]], [[[-121.81494, 47.86729, -17790.494140625], [-121.811, 47.875, -17394.669921875], [-121.81494, 47.86729, -16998.84375], [-121.81494, 47.86729, -17790.494140625]]], [[[-121.81494, 47.86729, -17790.494140625], [-121.811, 47.875, -18186.318359375], [-121.811, 47.875, -17394.669921875], [-121.81494, 47.86729, -17790.494140625]]], [[[-121.81494, 47.86729, -18582.142578125], [-121.811, 47.875, -18186.318359375], [-121.81494, 47.86729, -17790.494140625], [-121.81494, 47.86729, -18582.142578125]]], [[[-121.81494, 47.86729, -18582.142578125], [-121.811, 47.875, -18977.966796875], [-121.811, 47.875, -18186.318359375], [-121.81494, 47.86729, -18582.142578125]]], [[[-121.81494, 47.86729, -19373.79296875], [-121.811, 47.875, -18977.966796875], [-121.81494, 47.86729, -18582.142578125], [-121.81494, 47.86729, -19373.79296875]]], [[[-121.81494, 47.86729, -19373.79296875], [-121.811, 47.875, -19769.6171875], [-121.811, 47.875, -18977.966796875], [-121.81494, 47.86729, -19373.79296875]]], [[[-121.811, 47.875, -19769.6171875], [-121.81494, 47.86729, -19373.79296875], [-121.81494, 47.86729, -20165.44140625], [-121.811, 47.875, -19769.6171875]]], [[[-121.81494, 47.86729, -20165.44140625], [-121.811, 47.875, -20561.265625], [-121.811, 47.875, -19769.6171875], [-121.81494, 47.86729, -20165.44140625]]], [[[-121.81494, 47.86729, -20957.091796875], [-121.811, 47.875, -20561.265625], [-121.81494, 47.86729, -20165.44140625], [-121.81494, 47.86729, -20957.091796875]]], [[[-121.81494, 47.86729, -20957.091796875], [-121.811, 47.875, -21352.916015625], [-121.811, 47.875, -20561.265625], [-121.81494, 47.86729, -20957.091796875]]], [[[-121.81494, 47.86729, -21748.740234375], [-121.811, 47.875, -21352.916015625], [-121.81494, 47.86729, -20957.091796875], [-121.81494, 47.86729, -21748.740234375]]], [[[-121.81494, 47.86729, -21748.740234375], [-121.811, 47.875, -22144.564453125], [-121.811, 47.875, -21352.916015625], [-121.81494, 47.86729, -21748.740234375]]], [[[-121.81494, 47.86729, -22540.390625], [-121.811, 47.875, -22144.564453125], [-121.81494, 47.86729, -21748.740234375], [-121.81494, 47.86729, -22540.390625]]], [[[-121.81494, 47.86729, -22540.390625], [-121.811, 47.875, -22936.21484375], [-121.811, 47.875, -22144.564453125], [-121.81494, 47.86729, -22540.390625]]], [[[-121.81494, 47.86729, -22540.390625], [-121.81494, 47.86729, -23332.0390625], [-121.811, 47.875, -22936.21484375], [-121.81494, 47.86729, -22540.390625]]], [[[-121.81896, 47.85958, -22936.21484375], [-121.81494, 47.86729, -23332.0390625], [-121.81494, 47.86729, -22540.390625], [-121.81896, 47.85958, -22936.21484375]]], [[[-121.81896, 47.85958, -23727.86328125], [-121.81494, 47.86729, -23332.0390625], [-121.81896, 47.85958, -22936.21484375], [-121.81896, 47.85958, -23727.86328125]]], [[[-121.81896, 47.85958, -23727.86328125], [-121.81494, 47.86729, -24123.6875], [-121.81494, 47.86729, -23332.0390625], [-121.81896, 47.85958, -23727.86328125]]], [[[-121.81898, 47.85954, -24524.73828125], [-121.81494, 47.86729, -24123.6875], [-121.81896, 47.85958, -23727.86328125], [-121.81898, 47.85954, -24524.73828125]]], [[[-121.81898, 47.85954, -24524.73828125], [-121.81494, 47.8673, -24975.41015625], [-121.81494, 47.86729, -24123.6875], [-121.81898, 47.85954, -24524.73828125]]], [[[-121.81898, 47.85954, -24524.73828125], [-121.81859, 47.86042, -25355.1171875], [-121.81494, 47.8673, -24975.41015625], [-121.81898, 47.85954, -24524.73828125]]], [[[-121.82205, 47.85331, -25277.1640625], [-121.81859, 47.86042, -25355.1171875], [-121.81898, 47.85954, -24524.73828125], [-121.82205, 47.85331, -25277.1640625]]], [[[-121.82205, 47.85331, -25277.1640625], [-121.81968, 47.85798, -26142.20703125], [-121.81859, 47.86042, -25355.1171875], [-121.82205, 47.85331, -25277.1640625]]], [[[-121.81968, 47.85798, -26142.20703125], [-121.82205, 47.85331, -25277.1640625], [-121.82424, 47.84982, -26175.478515625], [-121.81968, 47.85798, -26142.20703125]]], [[[-121.81968, 47.85798, -26142.20703125], [-121.82424, 47.84982, -26175.478515625], [-121.82145, 47.85428, -27007.90625], [-121.81968, 47.85798, -26142.20703125]]], [[[-121.81968, 47.85798, -26142.20703125], [-121.81763, 47.86257, -26964.576171875], [-121.81542, 47.86653, -25986.23046875], [-121.81968, 47.85798, -26142.20703125]]], [[[-121.81859, 47.86042, -25355.1171875], [-121.81968, 47.85798, -26142.20703125], [-121.81542, 47.86653, -25986.23046875], [-121.81859, 47.86042, -25355.1171875]]], [[[-121.81859, 47.86042, -25355.1171875], [-121.81542, 47.86653, -25986.23046875], [-121.81494, 47.8673, -24975.41015625], [-121.81859, 47.86042, -25355.1171875]]], [[[-121.81494, 47.8673, -24975.41015625], [-121.811, 47.875, -25311.162109375], [-121.811, 47.875, -24519.513671875], [-121.81494, 47.8673, -24975.41015625]]], [[[-121.81494, 47.8673, -24975.41015625], [-121.811, 47.875, -24519.513671875], [-121.81494, 47.86729, -24123.6875], [-121.81494, 47.8673, -24975.41015625]]], [[[-121.811, 47.875, -24519.513671875], [-121.811, 47.875, -23727.86328125], [-121.81494, 47.86729, -24123.6875], [-121.811, 47.875, -24519.513671875]]], [[[-121.811, 47.875, -23727.86328125], [-121.81494, 47.86729, -23332.0390625], [-121.81494, 47.86729, -24123.6875], [-121.811, 47.875, -23727.86328125]]], [[[-121.81494, 47.86729, -23332.0390625], [-121.811, 47.875, -23727.86328125], [-121.811, 47.875, -22936.21484375], [-121.81494, 47.86729, -23332.0390625]]], [[[-121.81542, 47.86653, -25986.23046875], [-121.81197, 47.87209, -26513.626953125], [-121.811, 47.875, -26102.8125], [-121.81542, 47.86653, -25986.23046875]]], [[[-121.81542, 47.86653, -25986.23046875], [-121.81367, 47.86933, -26924.443359375], [-121.81197, 47.87209, -26513.626953125], [-121.81542, 47.86653, -25986.23046875]]], [[[-121.81542, 47.86653, -25986.23046875], [-121.81763, 47.86257, -26964.576171875], [-121.81367, 47.86933, -26924.443359375], [-121.81542, 47.86653, -25986.23046875]]], [[[-121.81197, 47.87209, -26513.626953125], [-121.81367, 47.86933, -26924.443359375], [-121.811, 47.875, -26894.4609375], [-121.81197, 47.87209, -26513.626953125]]], [[[-121.811, 47.875, -26102.8125], [-121.81197, 47.87209, -26513.626953125], [-121.811, 47.875, -26894.4609375], [-121.811, 47.875, -26102.8125]]], [[[-121.82424, 47.84982, -26175.478515625], [-121.82643, 47.84604, -27057.71484375], [-121.82145, 47.85428, -27007.90625], [-121.82424, 47.84982, -26175.478515625]]], [[[-121.82847, 47.84144, -26222.28515625], [-121.82643, 47.84604, -27057.71484375], [-121.82424, 47.84982, -26175.478515625], [-121.82847, 47.84144, -26222.28515625]]], [[[-121.82847, 47.84144, -26222.28515625], [-121.8303, 47.83752, -27101.974609375], [-121.82643, 47.84604, -27057.71484375], [-121.82847, 47.84144, -26222.28515625]]], [[[-121.83309, 47.83306, -26269.66015625], [-121.8303, 47.83752, -27101.974609375], [-121.82847, 47.84144, -26222.28515625], [-121.83309, 47.83306, -26269.66015625]]], [[[-121.83309, 47.83306, -26269.66015625], [-121.83532, 47.82929, -27151.9921875], [-121.8303, 47.83752, -27101.974609375], [-121.83309, 47.83306, -26269.66015625]]], [[[-121.83736, 47.82469, -26316.392578125], [-121.83532, 47.82929, -27151.9921875], [-121.83309, 47.83306, -26269.66015625], [-121.83736, 47.82469, -26316.392578125]]], [[[-121.83736, 47.82469, -26316.392578125], [-121.83912, 47.82075, -27195.94140625], [-121.83532, 47.82929, -27151.9921875], [-121.83736, 47.82469, -26316.392578125]]], [[[-121.83736, 47.82469, -26316.392578125], [-121.8414, 47.81619, -26361.57421875], [-121.83912, 47.82075, -27195.94140625], [-121.83736, 47.82469, -26316.392578125]]], [[[-121.83946, 47.82009, -25479.740234375], [-121.8414, 47.81619, -26361.57421875], [-121.83736, 47.82469, -26316.392578125], [-121.83946, 47.82009, -25479.740234375]]], [[[-121.84376, 47.81163, -25526.333984375], [-121.8414, 47.81619, -26361.57421875], [-121.83946, 47.82009, -25479.740234375], [-121.84376, 47.81163, -25526.333984375]]], [[[-121.84376, 47.81163, -25526.333984375], [-121.84589, 47.8078, -26408.841796875], [-121.8414, 47.81619, -26361.57421875], [-121.84376, 47.81163, -25526.333984375]]], [[[-121.84833, 47.80334, -25564.984375], [-121.84589, 47.8078, -26408.841796875], [-121.84376, 47.81163, -25526.333984375], [-121.84833, 47.80334, -25564.984375]]], [[[-121.84589, 47.8078, -26408.841796875], [-121.84833, 47.80334, -25564.984375], [-121.85026, 47.79947, -26451.54296875], [-121.84589, 47.8078, -26408.841796875]]], [[[-121.84589, 47.8078, -26408.841796875], [-121.85026, 47.79947, -26451.54296875], [-121.84801, 47.80398, -27290.318359375], [-121.84589, 47.8078, -26408.841796875]]], [[[-121.84589, 47.8078, -26408.841796875], [-121.84801, 47.80398, -27290.318359375], [-121.84338, 47.81232, -27242.17578125], [-121.84589, 47.8078, -26408.841796875]]], [[[-121.8414, 47.81619, -26361.57421875], [-121.84338, 47.81232, -27242.17578125], [-121.83912, 47.82075, -27195.94140625], [-121.8414, 47.81619, -26361.57421875]]], [[[-121.85026, 47.79947, -26451.54296875], [-121.85226, 47.79554, -27328.291015625], [-121.84801, 47.80398, -27290.318359375], [-121.85026, 47.79947, -26451.54296875]]], [[[-121.85026, 47.79947, -26451.54296875], [-121.85471, 47.79113, -26486.751953125], [-121.85226, 47.79554, -27328.291015625], [-121.85026, 47.79947, -26451.54296875]]], [[[-121.85724, 47.78668, -25641.91796875], [-121.85471, 47.79113, -26486.751953125], [-121.85254, 47.79502, -25603.673828125], [-121.85724, 47.78668, -25641.91796875]]], [[[-121.85724, 47.78668, -25641.91796875], [-121.86005, 47.78293, -26523.314453125], [-121.85471, 47.79113, -26486.751953125], [-121.85724, 47.78668, -25641.91796875]]], [[[-121.86341, 47.77864, -25680.44921875], [-121.86005, 47.78293, -26523.314453125], [-121.85724, 47.78668, -25641.91796875], [-121.86341, 47.77864, -25680.44921875]]], [[[-121.86341, 47.77864, -25680.44921875], [-121.86716, 47.77536, -26569.119140625], [-121.86005, 47.78293, -26523.314453125], [-121.86341, 47.77864, -25680.44921875]]], [[[-121.87148, 47.77152, -25728.74609375], [-121.86716, 47.77536, -26569.119140625], [-121.86341, 47.77864, -25680.44921875], [-121.87148, 47.77152, -25728.74609375]]], [[[-121.87148, 47.77152, -25728.74609375], [-121.87485, 47.76816, -26618.279296875], [-121.86716, 47.77536, -26569.119140625], [-121.87148, 47.77152, -25728.74609375]]], [[[-121.87937, 47.76363, -25741.166015625], [-121.88189, 47.76111, -26700.810546875], [-121.87485, 47.76816, -26618.279296875], [-121.87937, 47.76363, -25741.166015625]]], [[[-121.87937, 47.76363, -25741.166015625], [-121.88635, 47.75665, -25149.91015625], [-121.88662, 47.75638, -26197.275390625], [-121.87937, 47.76363, -25741.166015625]]], [[[-121.87937, 47.76363, -25741.166015625], [-121.88037, 47.76263, -24635.322265625], [-121.88635, 47.75665, -25149.91015625], [-121.87937, 47.76363, -25741.166015625]]], [[[-121.87342, 47.76958, -23166.556640625], [-121.88008, 47.76292, -23642.443359375], [-121.87356, 47.76944, -24120.9296875], [-121.87342, 47.76958, -23166.556640625]]], [[[-121.87362, 47.76938, -21172.177734375], [-121.88008, 47.76292, -20678.123046875], [-121.88008, 47.76292, -21666.23046875], [-121.87362, 47.76938, -21172.177734375]]], [[[-121.87362, 47.76938, -20184.0703125], [-121.88008, 47.76292, -20678.123046875], [-121.87362, 47.76938, -21172.177734375], [-121.87362, 47.76938, -20184.0703125]]], [[[-121.86681, 47.77567, -18701.91015625], [-121.8606, 47.7822, -18207.857421875], [-121.86681, 47.77567, -17713.802734375], [-121.86681, 47.77567, -18701.91015625]]], [[[-121.86681, 47.77567, -17713.802734375], [-121.87362, 47.76938, -17219.75], [-121.87362, 47.76938, -18207.857421875], [-121.86681, 47.77567, -17713.802734375]]], [[[-121.86681, 47.77567, -16725.697265625], [-121.87362, 47.76938, -16231.6435546875], [-121.87362, 47.76938, -17219.75], [-121.86681, 47.77567, -16725.697265625]]], [[[-121.86681, 47.77567, -16725.697265625], [-121.86681, 47.77567, -15737.58984375], [-121.87362, 47.76938, -16231.6435546875], [-121.86681, 47.77567, -16725.697265625]]], [[[-121.86681, 47.77567, -15737.58984375], [-121.86681, 47.77567, -16725.697265625], [-121.8606, 47.7822, -16231.6435546875], [-121.86681, 47.77567, -15737.58984375]]], [[[-121.85574, 47.78926, -16725.697265625], [-121.85172, 47.79656, -17219.75], [-121.85167, 47.79666, -16231.4228515625], [-121.85574, 47.78926, -16725.697265625]]], [[[-121.84763, 47.80466, -16761.396484375], [-121.85167, 47.79666, -16231.4228515625], [-121.85172, 47.79656, -17219.75], [-121.84763, 47.80466, -16761.396484375]]], [[[-121.84763, 47.80466, -16761.396484375], [-121.84738, 47.80512, -15757.16015625], [-121.85167, 47.79666, -16231.4228515625], [-121.84763, 47.80466, -16761.396484375]]], [[[-121.84287, 47.81326, -17394.669921875], [-121.84777, 47.80442, -17720.578125], [-121.8432, 47.81264, -18211.044921875], [-121.84287, 47.81326, -17394.669921875]]], [[[-121.84287, 47.81326, -17394.669921875], [-121.8432, 47.81264, -18211.044921875], [-121.83899, 47.82102, -17790.494140625], [-121.84287, 47.81326, -17394.669921875]]], [[[-121.84287, 47.81326, -16603.01953125], [-121.84287, 47.81326, -17394.669921875], [-121.83899, 47.82102, -16998.84375], [-121.84287, 47.81326, -16603.01953125]]], [[[-121.84287, 47.81326, -16603.01953125], [-121.83899, 47.82102, -16998.84375], [-121.83899, 47.82102, -16207.1953125], [-121.84287, 47.81326, -16603.01953125]]], [[[-121.83899, 47.82102, -16207.1953125], [-121.84287, 47.81326, -15811.3701171875], [-121.84287, 47.81326, -16603.01953125], [-121.83899, 47.82102, -16207.1953125]]], [[[-121.84287, 47.81326, -15811.3701171875], [-121.84738, 47.80512, -15757.16015625], [-121.84287, 47.81326, -16603.01953125], [-121.84287, 47.81326, -15811.3701171875]]], [[[-121.83899, 47.82102, -18582.142578125], [-121.8432, 47.81264, -18211.044921875], [-121.84323, 47.81259, -19119.6328125], [-121.83899, 47.82102, -18582.142578125]]], [[[-121.84323, 47.81259, -19119.6328125], [-121.83899, 47.82102, -19373.79296875], [-121.83899, 47.82102, -18582.142578125], [-121.84323, 47.81259, -19119.6328125]]], [[[-121.8606, 47.7822, -17219.75], [-121.86681, 47.77567, -17713.802734375], [-121.8606, 47.7822, -18207.857421875], [-121.8606, 47.7822, -17219.75]]], [[[-121.8606, 47.7822, -17219.75], [-121.86681, 47.77567, -16725.697265625], [-121.86681, 47.77567, -17713.802734375], [-121.8606, 47.7822, -17219.75]]], [[[-121.85574, 47.78926, -19690.017578125], [-121.8606, 47.7822, -19195.962890625], [-121.8606, 47.7822, -20184.0703125], [-121.85574, 47.78926, -19690.017578125]]], [[[-121.85574, 47.78926, -19690.017578125], [-121.8606, 47.7822, -20184.0703125], [-121.85561, 47.7895, -20757.06640625], [-121.85574, 47.78926, -19690.017578125]]], [[[-121.86022, 47.7827, -21227.625], [-121.85561, 47.7895, -20757.06640625], [-121.8606, 47.7822, -20184.0703125], [-121.86022, 47.7827, -21227.625]]], [[[-121.85561, 47.7895, -20757.06640625], [-121.86022, 47.7827, -21227.625], [-121.85481, 47.79094, -21968.791015625], [-121.85561, 47.7895, -20757.06640625]]], [[[-121.84926, 47.80147, -22068.3984375], [-121.85115, 47.79771, -22929.142578125], [-121.84654, 47.80664, -22949.765625], [-121.84926, 47.80147, -22068.3984375]]], [[[-121.84862, 47.80277, -23834.2890625], [-121.84654, 47.80664, -22949.765625], [-121.85115, 47.79771, -22929.142578125], [-121.84862, 47.80277, -23834.2890625]]], [[[-121.84862, 47.80277, -23834.2890625], [-121.85056, 47.79888, -24718.982421875], [-121.84622, 47.8072, -24680.302734375], [-121.84862, 47.80277, -23834.2890625]]], [[[-121.8529, 47.79437, -23876.1484375], [-121.85502, 47.79056, -24763.5859375], [-121.85056, 47.79888, -24718.982421875], [-121.8529, 47.79437, -23876.1484375]]], [[[-121.8579, 47.7858, -23909.830078125], [-121.85502, 47.79056, -24763.5859375], [-121.8529, 47.79437, -23876.1484375], [-121.8579, 47.7858, -23909.830078125]]], [[[-121.8579, 47.7858, -23909.830078125], [-121.86062, 47.78218, -24766.005859375], [-121.85502, 47.79056, -24763.5859375], [-121.8579, 47.7858, -23909.830078125]]], [[[-121.8579, 47.7858, -23909.830078125], [-121.86574, 47.7766, -23839.826171875], [-121.86062, 47.78218, -24766.005859375], [-121.8579, 47.7858, -23909.830078125]]], [[[-121.86105, 47.78161, -23117.30078125], [-121.86574, 47.7766, -23839.826171875], [-121.8579, 47.7858, -23909.830078125], [-121.86105, 47.78161, -23117.30078125]]], [[[-121.86105, 47.78161, -23117.30078125], [-121.86687, 47.77561, -22672.6484375], [-121.86574, 47.7766, -23839.826171875], [-121.86105, 47.78161, -23117.30078125]]], [[[-121.86022, 47.7827, -21227.625], [-121.86681, 47.77567, -20678.123046875], [-121.86681, 47.77567, -21666.23046875], [-121.86022, 47.7827, -21227.625]]], [[[-121.87362, 47.76938, -20184.0703125], [-121.87362, 47.76938, -21172.177734375], [-121.86681, 47.77567, -20678.123046875], [-121.87362, 47.76938, -20184.0703125]]], [[[-121.86681, 47.77567, -21666.23046875], [-121.87362, 47.76938, -21172.177734375], [-121.87362, 47.76938, -22160.283203125], [-121.86681, 47.77567, -21666.23046875]]], [[[-121.86687, 47.77561, -22672.6484375], [-121.86681, 47.77567, -21666.23046875], [-121.87362, 47.76938, -22160.283203125], [-121.86687, 47.77561, -22672.6484375]]], [[[-121.86574, 47.7766, -23839.826171875], [-121.87342, 47.76958, -23166.556640625], [-121.87356, 47.76944, -24120.9296875], [-121.86574, 47.7766, -23839.826171875]]], [[[-121.86574, 47.7766, -23839.826171875], [-121.86781, 47.77479, -24841.275390625], [-121.86062, 47.78218, -24766.005859375], [-121.86574, 47.7766, -23839.826171875]]], [[[-121.86341, 47.77864, -25680.44921875], [-121.86062, 47.78218, -24766.005859375], [-121.86781, 47.77479, -24841.275390625], [-121.86341, 47.77864, -25680.44921875]]], [[[-121.86062, 47.78218, -24766.005859375], [-121.86341, 47.77864, -25680.44921875], [-121.85724, 47.78668, -25641.91796875], [-121.86062, 47.78218, -24766.005859375]]], [[[-121.85502, 47.79056, -24763.5859375], [-121.86062, 47.78218, -24766.005859375], [-121.85724, 47.78668, -25641.91796875], [-121.85502, 47.79056, -24763.5859375]]], [[[-121.85502, 47.79056, -24763.5859375], [-121.85724, 47.78668, -25641.91796875], [-121.85254, 47.79502, -25603.673828125], [-121.85502, 47.79056, -24763.5859375]]], [[[-121.85254, 47.79502, -25603.673828125], [-121.85056, 47.79888, -24718.982421875], [-121.85502, 47.79056, -24763.5859375], [-121.85254, 47.79502, -25603.673828125]]], [[[-121.84622, 47.8072, -24680.302734375], [-121.85056, 47.79888, -24718.982421875], [-121.84833, 47.80334, -25564.984375], [-121.84622, 47.8072, -24680.302734375]]], [[[-121.84622, 47.8072, -24680.302734375], [-121.84833, 47.80334, -25564.984375], [-121.84376, 47.81163, -25526.333984375], [-121.84622, 47.8072, -24680.302734375]]], [[[-121.84175, 47.81551, -24642.4140625], [-121.84622, 47.8072, -24680.302734375], [-121.84376, 47.81163, -25526.333984375], [-121.84175, 47.81551, -24642.4140625]]], [[[-121.84175, 47.81551, -24642.4140625], [-121.84408, 47.81106, -23795.9765625], [-121.84622, 47.8072, -24680.302734375], [-121.84175, 47.81551, -24642.4140625]]], [[[-121.84408, 47.81106, -23795.9765625], [-121.84175, 47.81551, -24642.4140625], [-121.83985, 47.81931, -23750.962890625], [-121.84408, 47.81106, -23795.9765625]]], [[[-121.83985, 47.81931, -23750.962890625], [-121.84175, 47.81551, -24642.4140625], [-121.83769, 47.82394, -24589.021484375], [-121.83985, 47.81931, -23750.962890625]]], [[[-121.83092, 47.83653, -23645.46875], [-121.83348, 47.83242, -24548.75], [-121.82866, 47.84101, -24496.478515625], [-121.83092, 47.83653, -23645.46875]]], [[[-121.82694, 47.84488, -23731.244140625], [-121.82287, 47.85201, -23368.34765625], [-121.82729, 47.8441, -22938.146484375], [-121.82694, 47.84488, -23731.244140625]]], [[[-121.82694, 47.84488, -23731.244140625], [-121.82866, 47.84101, -24496.478515625], [-121.8235, 47.85099, -24338.724609375], [-121.82694, 47.84488, -23731.244140625]]], [[[-121.82866, 47.84101, -24496.478515625], [-121.82669, 47.84545, -25311.71484375], [-121.8235, 47.85099, -24338.724609375], [-121.82866, 47.84101, -24496.478515625]]], [[[-121.82669, 47.84545, -25311.71484375], [-121.82424, 47.84982, -26175.478515625], [-121.82205, 47.85331, -25277.1640625], [-121.82669, 47.84545, -25311.71484375]]], [[[-121.8235, 47.85099, -24338.724609375], [-121.82669, 47.84545, -25311.71484375], [-121.82205, 47.85331, -25277.1640625], [-121.8235, 47.85099, -24338.724609375]]], [[[-121.8235, 47.85099, -24338.724609375], [-121.82205, 47.85331, -25277.1640625], [-121.81898, 47.85954, -24524.73828125], [-121.8235, 47.85099, -24338.724609375]]], [[[-121.8235, 47.85099, -24338.724609375], [-121.81898, 47.85954, -24524.73828125], [-121.81896, 47.85958, -23727.86328125], [-121.8235, 47.85099, -24338.724609375]]], [[[-121.82287, 47.85201, -23368.34765625], [-121.8235, 47.85099, -24338.724609375], [-121.81896, 47.85958, -23727.86328125], [-121.82287, 47.85201, -23368.34765625]]], [[[-121.82296, 47.85187, -22540.390625], [-121.82287, 47.85201, -23368.34765625], [-121.81896, 47.85958, -22936.21484375], [-121.82296, 47.85187, -22540.390625]]], [[[-121.82287, 47.85201, -23368.34765625], [-121.82296, 47.85187, -22540.390625], [-121.82729, 47.8441, -22938.146484375], [-121.82287, 47.85201, -23368.34765625]]], [[[-121.82296, 47.85187, -22540.390625], [-121.81896, 47.85958, -22144.564453125], [-121.82296, 47.85187, -21748.740234375], [-121.82296, 47.85187, -22540.390625]]], [[[-121.82296, 47.85187, -21748.740234375], [-121.81896, 47.85958, -21352.916015625], [-121.82296, 47.85187, -20957.091796875], [-121.82296, 47.85187, -21748.740234375]]], [[[-121.82296, 47.85187, -19373.79296875], [-121.81896, 47.85958, -19769.6171875], [-121.81896, 47.85958, -18977.966796875], [-121.82296, 47.85187, -19373.79296875]]], [[[-121.82296, 47.85187, -19373.79296875], [-121.81896, 47.85958, -18977.966796875], [-121.82296, 47.85187, -18582.142578125], [-121.82296, 47.85187, -19373.79296875]]], [[[-121.82296, 47.85187, -17790.494140625], [-121.81896, 47.85958, -17394.669921875], [-121.82296, 47.85187, -16998.84375], [-121.82296, 47.85187, -17790.494140625]]], [[[-121.82296, 47.85187, -16998.84375], [-121.81896, 47.85958, -17394.669921875], [-121.81896, 47.85958, -16603.01953125], [-121.82296, 47.85187, -16998.84375]]], [[[-121.82296, 47.85187, -16998.84375], [-121.81896, 47.85958, -16603.01953125], [-121.82296, 47.85187, -16207.1953125], [-121.82296, 47.85187, -16998.84375]]], [[[-121.82296, 47.85187, -16207.1953125], [-121.81896, 47.85958, -15811.3701171875], [-121.82296, 47.85187, -15415.5458984375], [-121.82296, 47.85187, -16207.1953125]]], [[[-121.82296, 47.85187, -15415.5458984375], [-121.81896, 47.85958, -15811.3701171875], [-121.81896, 47.85958, -15019.720703125], [-121.82296, 47.85187, -15415.5458984375]]], [[[-121.82296, 47.85187, -15415.5458984375], [-121.81896, 47.85958, -15019.720703125], [-121.82296, 47.85187, -14623.896484375], [-121.82296, 47.85187, -15415.5458984375]]], [[[-121.82296, 47.85187, -14623.896484375], [-121.81896, 47.85958, -15019.720703125], [-121.81896, 47.85958, -14228.072265625], [-121.82296, 47.85187, -14623.896484375]]], [[[-121.82296, 47.85187, -13040.59765625], [-121.81896, 47.85958, -13436.4228515625], [-121.81896, 47.85958, -12644.7734375], [-121.82296, 47.85187, -13040.59765625]]], [[[-121.82296, 47.85187, -13040.59765625], [-121.81896, 47.85958, -12644.7734375], [-121.82296, 47.85187, -12248.9482421875], [-121.82296, 47.85187, -13040.59765625]]], [[[-121.82296, 47.85187, -12248.9482421875], [-121.81896, 47.85958, -11853.1240234375], [-121.82296, 47.85187, -11457.298828125], [-121.82296, 47.85187, -12248.9482421875]]], [[[-121.82296, 47.85187, -11457.298828125], [-121.81896, 47.85958, -11853.1240234375], [-121.81896, 47.85958, -11061.474609375], [-121.82296, 47.85187, -11457.298828125]]], [[[-121.82296, 47.85187, -10665.6494140625], [-121.81896, 47.85958, -11061.474609375], [-121.81896, 47.85958, -10269.8251953125], [-121.82296, 47.85187, -10665.6494140625]]], [[[-121.82296, 47.85187, -7499.052734375], [-121.81896, 47.85958, -7894.87744140625], [-121.81896, 47.85958, -7103.22802734375], [-121.82296, 47.85187, -7499.052734375]]], [[[-121.82296, 47.85187, -7499.052734375], [-121.81896, 47.85958, -7103.22802734375], [-121.82296, 47.85187, -6707.4033203125], [-121.82296, 47.85187, -7499.052734375]]], [[[-121.82296, 47.85187, -6707.4033203125], [-121.81896, 47.85958, -6311.57861328125], [-121.82296, 47.85187, -5915.75390625], [-121.82296, 47.85187, -6707.4033203125]]], [[[-121.82296, 47.85187, -5915.75390625], [-121.81896, 47.85958, -6311.57861328125], [-121.81896, 47.85958, -5519.92919921875], [-121.82296, 47.85187, -5915.75390625]]], [[[-121.81896, 47.85958, -3936.630615234375], [-121.81896, 47.85958, -4728.27978515625], [-121.81494, 47.86729, -4332.455078125], [-121.81896, 47.85958, -3936.630615234375]]], [[[-121.81896, 47.85958, -4728.27978515625], [-121.81896, 47.85958, -5519.92919921875], [-121.81494, 47.86729, -5124.1044921875], [-121.81896, 47.85958, -4728.27978515625]]], [[[-121.81896, 47.85958, -5519.92919921875], [-121.81494, 47.86729, -5915.75390625], [-121.81494, 47.86729, -5124.1044921875], [-121.81896, 47.85958, -5519.92919921875]]], [[[-121.81494, 47.86729, -5915.75390625], [-121.81896, 47.85958, -5519.92919921875], [-121.81896, 47.85958, -6311.57861328125], [-121.81494, 47.86729, -5915.75390625]]], [[[-121.81896, 47.85958, -7103.22802734375], [-121.81896, 47.85958, -7894.87744140625], [-121.81494, 47.86729, -7499.052734375], [-121.81896, 47.85958, -7103.22802734375]]], [[[-121.81896, 47.85958, -7894.87744140625], [-121.81494, 47.86729, -8290.7021484375], [-121.81494, 47.86729, -7499.052734375], [-121.81896, 47.85958, -7894.87744140625]]], [[[-121.81896, 47.85958, -8686.5263671875], [-121.81494, 47.86729, -9082.3515625], [-121.81494, 47.86729, -8290.7021484375], [-121.81896, 47.85958, -8686.5263671875]]], [[[-121.81896, 47.85958, -8686.5263671875], [-121.81896, 47.85958, -9478.17578125], [-121.81494, 47.86729, -9082.3515625], [-121.81896, 47.85958, -8686.5263671875]]], [[[-121.81896, 47.85958, -10269.8251953125], [-121.81896, 47.85958, -11061.474609375], [-121.81494, 47.86729, -10665.6494140625], [-121.81896, 47.85958, -10269.8251953125]]], [[[-121.81896, 47.85958, -11853.1240234375], [-121.81494, 47.86729, -12248.9482421875], [-121.81494, 47.86729, -11457.298828125], [-121.81896, 47.85958, -11853.1240234375]]], [[[-121.81494, 47.86729, -12248.9482421875], [-121.81896, 47.85958, -11853.1240234375], [-121.81896, 47.85958, -12644.7734375], [-121.81494, 47.86729, -12248.9482421875]]], [[[-121.81896, 47.85958, -13436.4228515625], [-121.81896, 47.85958, -14228.072265625], [-121.81494, 47.86729, -13832.2470703125], [-121.81896, 47.85958, -13436.4228515625]]], [[[-121.81896, 47.85958, -14228.072265625], [-121.81494, 47.86729, -14623.896484375], [-121.81494, 47.86729, -13832.2470703125], [-121.81896, 47.85958, -14228.072265625]]], [[[-121.81896, 47.85958, -14228.072265625], [-121.81896, 47.85958, -15019.720703125], [-121.81494, 47.86729, -14623.896484375], [-121.81896, 47.85958, -14228.072265625]]], [[[-121.81896, 47.85958, -15019.720703125], [-121.81494, 47.86729, -15415.5458984375], [-121.81494, 47.86729, -14623.896484375], [-121.81896, 47.85958, -15019.720703125]]], [[[-121.81896, 47.85958, -15019.720703125], [-121.81896, 47.85958, -15811.3701171875], [-121.81494, 47.86729, -15415.5458984375], [-121.81896, 47.85958, -15019.720703125]]], [[[-121.81896, 47.85958, -15811.3701171875], [-121.81494, 47.86729, -16207.1953125], [-121.81494, 47.86729, -15415.5458984375], [-121.81896, 47.85958, -15811.3701171875]]], [[[-121.81896, 47.85958, -17394.669921875], [-121.81494, 47.86729, -17790.494140625], [-121.81494, 47.86729, -16998.84375], [-121.81896, 47.85958, -17394.669921875]]], [[[-121.81896, 47.85958, -18186.318359375], [-121.81494, 47.86729, -18582.142578125], [-121.81494, 47.86729, -17790.494140625], [-121.81896, 47.85958, -18186.318359375]]], [[[-121.81494, 47.86729, -18582.142578125], [-121.81896, 47.85958, -18977.966796875], [-121.81494, 47.86729, -19373.79296875], [-121.81494, 47.86729, -18582.142578125]]], [[[-121.81896, 47.85958, -20561.265625], [-121.81494, 47.86729, -20957.091796875], [-121.81494, 47.86729, -20165.44140625], [-121.81896, 47.85958, -20561.265625]]], [[[-121.81896, 47.85958, -21352.916015625], [-121.81494, 47.86729, -21748.740234375], [-121.81494, 47.86729, -20957.091796875], [-121.81896, 47.85958, -21352.916015625]]], [[[-121.83072, 47.83684, -25384.212890625], [-121.83563, 47.82858, -25427.974609375], [-121.83309, 47.83306, -26269.66015625], [-121.83072, 47.83684, -25384.212890625]]], [[[-121.83348, 47.83242, -24548.75], [-121.83563, 47.82858, -25427.974609375], [-121.83072, 47.83684, -25384.212890625], [-121.83348, 47.83242, -24548.75]]], [[[-121.83348, 47.83242, -24548.75], [-121.83769, 47.82394, -24589.021484375], [-121.83563, 47.82858, -25427.974609375], [-121.83348, 47.83242, -24548.75]]], [[[-121.83769, 47.82394, -24589.021484375], [-121.83946, 47.82009, -25479.740234375], [-121.83563, 47.82858, -25427.974609375], [-121.83769, 47.82394, -24589.021484375]]], [[[-121.83769, 47.82394, -24589.021484375], [-121.84175, 47.81551, -24642.4140625], [-121.83946, 47.82009, -25479.740234375], [-121.83769, 47.82394, -24589.021484375]]], [[[-121.83563, 47.82858, -25427.974609375], [-121.83736, 47.82469, -26316.392578125], [-121.83309, 47.83306, -26269.66015625], [-121.83563, 47.82858, -25427.974609375]]], [[[-121.86781, 47.77479, -24841.275390625], [-121.87502, 47.76798, -24979.51171875], [-121.87148, 47.77152, -25728.74609375], [-121.86781, 47.77479, -24841.275390625]]], [[[-121.85481, 47.79094, -21968.791015625], [-121.86031, 47.78259, -22193.625], [-121.85562, 47.78949, -22984.8515625], [-121.85481, 47.79094, -21968.791015625]]], [[[-121.8529, 47.79437, -23876.1484375], [-121.85115, 47.79771, -22929.142578125], [-121.85562, 47.78949, -22984.8515625], [-121.8529, 47.79437, -23876.1484375]]], [[[-121.8579, 47.7858, -23909.830078125], [-121.85562, 47.78949, -22984.8515625], [-121.86105, 47.78161, -23117.30078125], [-121.8579, 47.7858, -23909.830078125]]], [[[-121.85562, 47.78949, -22984.8515625], [-121.86031, 47.78259, -22193.625], [-121.86105, 47.78161, -23117.30078125], [-121.85562, 47.78949, -22984.8515625]]], [[[-121.88654, 47.75646, -21172.177734375], [-121.88008, 47.76292, -20678.123046875], [-121.88654, 47.75646, -20184.0703125], [-121.88654, 47.75646, -21172.177734375]]], [[[-121.88008, 47.76292, -22654.337890625], [-121.88008, 47.76292, -21666.23046875], [-121.88654, 47.75646, -22160.283203125], [-121.88008, 47.76292, -22654.337890625]]], [[[-121.88008, 47.76292, -22654.337890625], [-121.88654, 47.75646, -22160.283203125], [-121.88654, 47.75646, -23148.390625], [-121.88008, 47.76292, -22654.337890625]]], [[[-121.88008, 47.76292, -23642.443359375], [-121.88654, 47.75646, -23148.390625], [-121.88654, 47.75646, -24136.498046875], [-121.88008, 47.76292, -23642.443359375]]], [[[-121.86716, 47.77536, -26569.119140625], [-121.87485, 47.76816, -26618.279296875], [-121.87083, 47.77215, -27451.841796875], [-121.86716, 47.77536, -26569.119140625]]], [[[-121.86005, 47.78293, -26523.314453125], [-121.86283, 47.77923, -27400.966796875], [-121.85689, 47.78719, -27361.107421875], [-121.86005, 47.78293, -26523.314453125]]], [[[-121.85471, 47.79113, -26486.751953125], [-121.85689, 47.78719, -27361.107421875], [-121.85226, 47.79554, -27328.291015625], [-121.85471, 47.79113, -26486.751953125]]], [[[-121.83551, 47.82886, -20561.265625], [-121.83559, 47.82867, -21365.44921875], [-121.83097, 47.83644, -20957.091796875], [-121.83551, 47.82886, -20561.265625]]], [[[-121.83551, 47.82886, -20561.265625], [-121.83097, 47.83644, -20957.091796875], [-121.83097, 47.83644, -20165.44140625], [-121.83551, 47.82886, -20561.265625]]], [[[-121.84769, 47.80455, -13772.5263671875], [-121.84287, 47.81326, -14228.072265625], [-121.84287, 47.81326, -13436.4228515625], [-121.84769, 47.80455, -13772.5263671875]]], [[[-121.84769, 47.80455, -13772.5263671875], [-121.85172, 47.79656, -13267.3232421875], [-121.85172, 47.79656, -14255.4296875], [-121.84769, 47.80455, -13772.5263671875]]], [[[-121.85172, 47.79656, -13267.3232421875], [-121.85574, 47.78926, -13761.376953125], [-121.85172, 47.79656, -14255.4296875], [-121.85172, 47.79656, -13267.3232421875]]], [[[-121.88008, 47.76292, -12773.26953125], [-121.88008, 47.76292, -11785.1630859375], [-121.88654, 47.75646, -12279.216796875], [-121.88008, 47.76292, -12773.26953125]]], [[[-121.88008, 47.76292, -11785.1630859375], [-121.88654, 47.75646, -11291.109375], [-121.88654, 47.75646, -12279.216796875], [-121.88008, 47.76292, -11785.1630859375]]], [[[-121.88008, 47.76292, -11785.1630859375], [-121.88008, 47.76292, -10797.056640625], [-121.88654, 47.75646, -11291.109375], [-121.88008, 47.76292, -11785.1630859375]]], [[[-121.87362, 47.76938, -10303.0029296875], [-121.88008, 47.76292, -10797.056640625], [-121.87362, 47.76938, -11291.109375], [-121.87362, 47.76938, -10303.0029296875]]], [[[-121.87362, 47.76938, -9314.896484375], [-121.88008, 47.76292, -9808.94921875], [-121.87362, 47.76938, -10303.0029296875], [-121.87362, 47.76938, -9314.896484375]]], [[[-121.87362, 47.76938, -9314.896484375], [-121.88008, 47.76292, -8820.8427734375], [-121.88008, 47.76292, -9808.94921875], [-121.87362, 47.76938, -9314.896484375]]], [[[-121.87362, 47.76938, -8326.7890625], [-121.88008, 47.76292, -8820.8427734375], [-121.87362, 47.76938, -9314.896484375], [-121.87362, 47.76938, -8326.7890625]]], [[[-121.88008, 47.76292, -8820.8427734375], [-121.88654, 47.75646, -8326.7890625], [-121.88654, 47.75646, -9314.896484375], [-121.88008, 47.76292, -8820.8427734375]]], [[[-121.88008, 47.76292, -9808.94921875], [-121.88654, 47.75646, -9314.896484375], [-121.88654, 47.75646, -10303.0029296875], [-121.88008, 47.76292, -9808.94921875]]], [[[-121.88008, 47.76292, -10797.056640625], [-121.88008, 47.76292, -9808.94921875], [-121.88654, 47.75646, -10303.0029296875], [-121.88008, 47.76292, -10797.056640625]]], [[[-121.88008, 47.76292, -10797.056640625], [-121.88654, 47.75646, -10303.0029296875], [-121.88654, 47.75646, -11291.109375], [-121.88008, 47.76292, -10797.056640625]]], [[[-121.88008, 47.76292, -7832.73583984375], [-121.88008, 47.76292, -6844.62939453125], [-121.88654, 47.75646, -7338.6826171875], [-121.88008, 47.76292, -7832.73583984375]]], [[[-121.87362, 47.76938, -7338.6826171875], [-121.88008, 47.76292, -6844.62939453125], [-121.88008, 47.76292, -7832.73583984375], [-121.87362, 47.76938, -7338.6826171875]]], [[[-121.87362, 47.76938, -6350.57568359375], [-121.88008, 47.76292, -6844.62939453125], [-121.87362, 47.76938, -7338.6826171875], [-121.87362, 47.76938, -6350.57568359375]]], [[[-121.88008, 47.76292, -6844.62939453125], [-121.88008, 47.76292, -5856.5224609375], [-121.88654, 47.75646, -6350.57568359375], [-121.88008, 47.76292, -6844.62939453125]]], [[[-121.88008, 47.76292, -5856.5224609375], [-121.88008, 47.76292, -4868.41552734375], [-121.88654, 47.75646, -5362.46923828125], [-121.88008, 47.76292, -5856.5224609375]]], [[[-121.87362, 47.76938, -5362.46923828125], [-121.88008, 47.76292, -4868.41552734375], [-121.88008, 47.76292, -5856.5224609375], [-121.87362, 47.76938, -5362.46923828125]]], [[[-121.87322, 47.76978, -4325.76708984375], [-121.88008, 47.76292, -4868.41552734375], [-121.87362, 47.76938, -5362.46923828125], [-121.87322, 47.76978, -4325.76708984375]]], [[[-121.87322, 47.76978, -4325.76708984375], [-121.88008, 47.76292, -3880.30908203125], [-121.88008, 47.76292, -4868.41552734375], [-121.87322, 47.76978, -4325.76708984375]]], [[[-121.87322, 47.76978, -4325.76708984375], [-121.87345, 47.76955, -3373.67822265625], [-121.88008, 47.76292, -3880.30908203125], [-121.87322, 47.76978, -4325.76708984375]]], [[[-121.86558, 47.77675, -3544.22802734375], [-121.87345, 47.76955, -3373.67822265625], [-121.87322, 47.76978, -4325.76708984375], [-121.86558, 47.77675, -3544.22802734375]]], [[[-121.86666, 47.7758, -4793.87744140625], [-121.86558, 47.77675, -3544.22802734375], [-121.87322, 47.76978, -4325.76708984375], [-121.86666, 47.7758, -4793.87744140625]]], [[[-121.8611, 47.78154, -4239.02978515625], [-121.86558, 47.77675, -3544.22802734375], [-121.86666, 47.7758, -4793.87744140625], [-121.8611, 47.78154, -4239.02978515625]]], [[[-121.8611, 47.78154, -4239.02978515625], [-121.85796, 47.78572, -3397.939208984375], [-121.86558, 47.77675, -3544.22802734375], [-121.8611, 47.78154, -4239.02978515625]]], [[[-121.85979, 47.78328, -5256.98291015625], [-121.8611, 47.78154, -4239.02978515625], [-121.86666, 47.7758, -4793.87744140625], [-121.85979, 47.78328, -5256.98291015625]]], [[[-121.85979, 47.78328, -5256.98291015625], [-121.86665, 47.7758, -5833.08837890625], [-121.8606, 47.7822, -6350.57568359375], [-121.85979, 47.78328, -5256.98291015625]]], [[[-121.85578, 47.78919, -5876.29296875], [-121.85979, 47.78328, -5256.98291015625], [-121.8606, 47.7822, -6350.57568359375], [-121.85578, 47.78919, -5876.29296875]]], [[[-121.85578, 47.78919, -5876.29296875], [-121.85331, 47.79364, -5172.44384765625], [-121.85979, 47.78328, -5256.98291015625], [-121.85578, 47.78919, -5876.29296875]]], [[[-121.85143, 47.79714, -6232.70751953125], [-121.85331, 47.79364, -5172.44384765625], [-121.85578, 47.78919, -5876.29296875], [-121.85143, 47.79714, -6232.70751953125]]], [[[-121.85331, 47.79364, -5172.44384765625], [-121.84895, 47.8021, -5197.65380859375], [-121.85086, 47.79828, -4266.27978515625], [-121.85331, 47.79364, -5172.44384765625]]], [[[-121.85331, 47.79364, -5172.44384765625], [-121.85558, 47.78955, -4319.203125], [-121.85979, 47.78328, -5256.98291015625], [-121.85331, 47.79364, -5172.44384765625]]], [[[-121.84895, 47.8021, -5197.65380859375], [-121.84658, 47.80656, -4258.96630859375], [-121.85086, 47.79828, -4266.27978515625], [-121.84895, 47.8021, -5197.65380859375]]], [[[-121.84224, 47.81452, -6012.43798828125], [-121.84428, 47.8107, -5123.40576171875], [-121.84662, 47.80648, -6040.61865234375], [-121.84224, 47.81452, -6012.43798828125]]], [[[-121.84224, 47.81452, -6012.43798828125], [-121.83835, 47.82247, -5921.47900390625], [-121.84012, 47.81875, -5139.7626953125], [-121.84224, 47.81452, -6012.43798828125]]], [[[-121.83835, 47.82247, -5921.47900390625], [-121.84224, 47.81452, -6012.43798828125], [-121.83902, 47.82096, -6709.498046875], [-121.83835, 47.82247, -5921.47900390625]]], [[[-121.84341, 47.81227, -6987.82763671875], [-121.83899, 47.82102, -7499.052734375], [-121.83902, 47.82096, -6709.498046875], [-121.84341, 47.81227, -6987.82763671875]]], [[[-121.84293, 47.81315, -7870.40380859375], [-121.83899, 47.82102, -7499.052734375], [-121.84341, 47.81227, -6987.82763671875], [-121.84293, 47.81315, -7870.40380859375]]], [[[-121.84293, 47.81315, -7870.40380859375], [-121.83899, 47.82102, -8290.7021484375], [-121.83899, 47.82102, -7499.052734375], [-121.84293, 47.81315, -7870.40380859375]]], [[[-121.84293, 47.81315, -7870.40380859375], [-121.84297, 47.81307, -8671.9853515625], [-121.83899, 47.82102, -8290.7021484375], [-121.84293, 47.81315, -7870.40380859375]]], [[[-121.84297, 47.81307, -8671.9853515625], [-121.84293, 47.81315, -7870.40380859375], [-121.84744, 47.80501, -7859.1806640625], [-121.84297, 47.81307, -8671.9853515625]]], [[[-121.84744, 47.80501, -7859.1806640625], [-121.84769, 47.80455, -8852.431640625], [-121.84297, 47.81307, -8671.9853515625], [-121.84744, 47.80501, -7859.1806640625]]], [[[-121.84769, 47.80455, -8852.431640625], [-121.84744, 47.80501, -7859.1806640625], [-121.85172, 47.79656, -8326.7890625], [-121.84769, 47.80455, -8852.431640625]]], [[[-121.84769, 47.80455, -8852.431640625], [-121.85172, 47.79656, -8326.7890625], [-121.85172, 47.79656, -9314.896484375], [-121.84769, 47.80455, -8852.431640625]]], [[[-121.8477, 47.80454, -9819.9755859375], [-121.84769, 47.80455, -8852.431640625], [-121.85172, 47.79656, -9314.896484375], [-121.8477, 47.80454, -9819.9755859375]]], [[[-121.8477, 47.80454, -9819.9755859375], [-121.84295, 47.81309, -9471.5283203125], [-121.84769, 47.80455, -8852.431640625], [-121.8477, 47.80454, -9819.9755859375]]], [[[-121.8477, 47.80454, -9819.9755859375], [-121.84287, 47.81326, -10269.8251953125], [-121.84295, 47.81309, -9471.5283203125], [-121.8477, 47.80454, -9819.9755859375]]], [[[-121.84769, 47.80457, -10787.2109375], [-121.84287, 47.81326, -10269.8251953125], [-121.8477, 47.80454, -9819.9755859375], [-121.84769, 47.80457, -10787.2109375]]], [[[-121.84287, 47.81326, -10269.8251953125], [-121.84769, 47.80457, -10787.2109375], [-121.84287, 47.81326, -11061.474609375], [-121.84287, 47.81326, -10269.8251953125]]], [[[-121.84287, 47.81326, -10269.8251953125], [-121.84287, 47.81326, -11061.474609375], [-121.83899, 47.82102, -10665.6494140625], [-121.84287, 47.81326, -10269.8251953125]]], [[[-121.84287, 47.81326, -10269.8251953125], [-121.83899, 47.82102, -10665.6494140625], [-121.83899, 47.82102, -9874.0009765625], [-121.84287, 47.81326, -10269.8251953125]]], [[[-121.84295, 47.81309, -9471.5283203125], [-121.84287, 47.81326, -10269.8251953125], [-121.83899, 47.82102, -9874.0009765625], [-121.84295, 47.81309, -9471.5283203125]]], [[[-121.84295, 47.81309, -9471.5283203125], [-121.83899, 47.82102, -9874.0009765625], [-121.83899, 47.82102, -9082.3515625], [-121.84295, 47.81309, -9471.5283203125]]], [[[-121.83899, 47.82102, -9082.3515625], [-121.84297, 47.81307, -8671.9853515625], [-121.84295, 47.81309, -9471.5283203125], [-121.83899, 47.82102, -9082.3515625]]], [[[-121.84297, 47.81307, -8671.9853515625], [-121.83899, 47.82102, -9082.3515625], [-121.83899, 47.82102, -8290.7021484375], [-121.84297, 47.81307, -8671.9853515625]]], [[[-121.84297, 47.81307, -8671.9853515625], [-121.84769, 47.80455, -8852.431640625], [-121.84295, 47.81309, -9471.5283203125], [-121.84297, 47.81307, -8671.9853515625]]], [[[-121.84287, 47.81326, -11061.474609375], [-121.83899, 47.82102, -11457.298828125], [-121.83899, 47.82102, -10665.6494140625], [-121.84287, 47.81326, -11061.474609375]]], [[[-121.84287, 47.81326, -11061.474609375], [-121.84287, 47.81326, -11853.1240234375], [-121.83899, 47.82102, -11457.298828125], [-121.84287, 47.81326, -11061.474609375]]], [[[-121.84287, 47.81326, -11061.474609375], [-121.84738, 47.80512, -11803.1826171875], [-121.84287, 47.81326, -11853.1240234375], [-121.84287, 47.81326, -11061.474609375]]], [[[-121.84738, 47.80512, -11803.1826171875], [-121.84287, 47.81326, -11061.474609375], [-121.84769, 47.80457, -10787.2109375], [-121.84738, 47.80512, -11803.1826171875]]], [[[-121.84738, 47.80512, -11803.1826171875], [-121.84769, 47.80457, -10787.2109375], [-121.85164, 47.79673, -11293.5849609375], [-121.84738, 47.80512, -11803.1826171875]]], [[[-121.84738, 47.80512, -11803.1826171875], [-121.85164, 47.79673, -11293.5849609375], [-121.85167, 47.79666, -12278.9482421875], [-121.84738, 47.80512, -11803.1826171875]]], [[[-121.84763, 47.80466, -12808.3701171875], [-121.84738, 47.80512, -11803.1826171875], [-121.85167, 47.79666, -12278.9482421875], [-121.84763, 47.80466, -12808.3701171875]]], [[[-121.84738, 47.80512, -11803.1826171875], [-121.84763, 47.80466, -12808.3701171875], [-121.84287, 47.81326, -12644.7734375], [-121.84738, 47.80512, -11803.1826171875]]], [[[-121.84287, 47.81326, -11853.1240234375], [-121.84738, 47.80512, -11803.1826171875], [-121.84287, 47.81326, -12644.7734375], [-121.84287, 47.81326, -11853.1240234375]]], [[[-121.84287, 47.81326, -11853.1240234375], [-121.84287, 47.81326, -12644.7734375], [-121.83899, 47.82102, -12248.9482421875], [-121.84287, 47.81326, -11853.1240234375]]], [[[-121.84287, 47.81326, -11853.1240234375], [-121.83899, 47.82102, -12248.9482421875], [-121.83899, 47.82102, -11457.298828125], [-121.84287, 47.81326, -11853.1240234375]]], [[[-121.84287, 47.81326, -12644.7734375], [-121.83899, 47.82102, -13040.59765625], [-121.83899, 47.82102, -12248.9482421875], [-121.84287, 47.81326, -12644.7734375]]], [[[-121.84287, 47.81326, -12644.7734375], [-121.84287, 47.81326, -13436.4228515625], [-121.83899, 47.82102, -13040.59765625], [-121.84287, 47.81326, -12644.7734375]]], [[[-121.84287, 47.81326, -12644.7734375], [-121.84763, 47.80466, -12808.3701171875], [-121.84287, 47.81326, -13436.4228515625], [-121.84287, 47.81326, -12644.7734375]]], [[[-121.84287, 47.81326, -13436.4228515625], [-121.83899, 47.82102, -13832.2470703125], [-121.83899, 47.82102, -13040.59765625], [-121.84287, 47.81326, -13436.4228515625]]], [[[-121.84763, 47.80466, -12808.3701171875], [-121.85167, 47.79666, -12278.9482421875], [-121.85172, 47.79656, -13267.3232421875], [-121.84763, 47.80466, -12808.3701171875]]], [[[-121.85167, 47.79666, -12278.9482421875], [-121.85574, 47.78926, -12773.26953125], [-121.85172, 47.79656, -13267.3232421875], [-121.85167, 47.79666, -12278.9482421875]]], [[[-121.85574, 47.78926, -12773.26953125], [-121.85167, 47.79666, -12278.9482421875], [-121.85574, 47.78926, -11785.1630859375], [-121.85574, 47.78926, -12773.26953125]]], [[[-121.85574, 47.78926, -12773.26953125], [-121.85574, 47.78926, -11785.1630859375], [-121.8606, 47.7822, -12279.216796875], [-121.85574, 47.78926, -12773.26953125]]], [[[-121.8606, 47.7822, -12279.216796875], [-121.86681, 47.77567, -12773.26953125], [-121.8606, 47.7822, -13267.3232421875], [-121.8606, 47.7822, -12279.216796875]]], [[[-121.86681, 47.77567, -12773.26953125], [-121.8606, 47.7822, -12279.216796875], [-121.86681, 47.77567, -11785.1630859375], [-121.86681, 47.77567, -12773.26953125]]], [[[-121.86681, 47.77567, -12773.26953125], [-121.86681, 47.77567, -11785.1630859375], [-121.87362, 47.76938, -12279.216796875], [-121.86681, 47.77567, -12773.26953125]]], [[[-121.86681, 47.77567, -12773.26953125], [-121.87362, 47.76938, -12279.216796875], [-121.87362, 47.76938, -13267.3232421875], [-121.86681, 47.77567, -12773.26953125]]], [[[-121.86681, 47.77567, -11785.1630859375], [-121.87362, 47.76938, -11291.109375], [-121.87362, 47.76938, -12279.216796875], [-121.86681, 47.77567, -11785.1630859375]]], [[[-121.86681, 47.77567, -11785.1630859375], [-121.86681, 47.77567, -10797.056640625], [-121.87362, 47.76938, -11291.109375], [-121.86681, 47.77567, -11785.1630859375]]], [[[-121.8606, 47.7822, -11291.109375], [-121.86681, 47.77567, -10797.056640625], [-121.86681, 47.77567, -11785.1630859375], [-121.8606, 47.7822, -11291.109375]]], [[[-121.8606, 47.7822, -10303.0029296875], [-121.86681, 47.77567, -10797.056640625], [-121.8606, 47.7822, -11291.109375], [-121.8606, 47.7822, -10303.0029296875]]], [[[-121.86681, 47.77567, -10797.056640625], [-121.8606, 47.7822, -10303.0029296875], [-121.86681, 47.77567, -9808.94921875], [-121.86681, 47.77567, -10797.056640625]]], [[[-121.86681, 47.77567, -10797.056640625], [-121.86681, 47.77567, -9808.94921875], [-121.87362, 47.76938, -10303.0029296875], [-121.86681, 47.77567, -10797.056640625]]], [[[-121.86681, 47.77567, -10797.056640625], [-121.87362, 47.76938, -10303.0029296875], [-121.87362, 47.76938, -11291.109375], [-121.86681, 47.77567, -10797.056640625]]], [[[-121.86681, 47.77567, -9808.94921875], [-121.87362, 47.76938, -9314.896484375], [-121.87362, 47.76938, -10303.0029296875], [-121.86681, 47.77567, -9808.94921875]]], [[[-121.86681, 47.77567, -9808.94921875], [-121.8606, 47.7822, -9314.896484375], [-121.86681, 47.77567, -8820.8427734375], [-121.86681, 47.77567, -9808.94921875]]], [[[-121.8606, 47.7822, -9314.896484375], [-121.86681, 47.77567, -9808.94921875], [-121.8606, 47.7822, -10303.0029296875], [-121.8606, 47.7822, -9314.896484375]]], [[[-121.85574, 47.78926, -9808.94921875], [-121.8606, 47.7822, -9314.896484375], [-121.8606, 47.7822, -10303.0029296875], [-121.85574, 47.78926, -9808.94921875]]], [[[-121.85574, 47.78926, -9808.94921875], [-121.85574, 47.78926, -8820.8427734375], [-121.8606, 47.7822, -9314.896484375], [-121.85574, 47.78926, -9808.94921875]]], [[[-121.85574, 47.78926, -9808.94921875], [-121.85172, 47.79656, -9314.896484375], [-121.85574, 47.78926, -8820.8427734375], [-121.85574, 47.78926, -9808.94921875]]], [[[-121.85172, 47.79656, -9314.896484375], [-121.85574, 47.78926, -9808.94921875], [-121.85172, 47.79656, -10303.0029296875], [-121.85172, 47.79656, -9314.896484375]]], [[[-121.8477, 47.80454, -9819.9755859375], [-121.85172, 47.79656, -9314.896484375], [-121.85172, 47.79656, -10303.0029296875], [-121.8477, 47.80454, -9819.9755859375]]], [[[-121.84769, 47.80457, -10787.2109375], [-121.8477, 47.80454, -9819.9755859375], [-121.85172, 47.79656, -10303.0029296875], [-121.84769, 47.80457, -10787.2109375]]], [[[-121.84769, 47.80457, -10787.2109375], [-121.85172, 47.79656, -10303.0029296875], [-121.85164, 47.79673, -11293.5849609375], [-121.84769, 47.80457, -10787.2109375]]], [[[-121.85172, 47.79656, -10303.0029296875], [-121.85574, 47.78926, -10797.056640625], [-121.85164, 47.79673, -11293.5849609375], [-121.85172, 47.79656, -10303.0029296875]]], [[[-121.85574, 47.78926, -10797.056640625], [-121.85172, 47.79656, -10303.0029296875], [-121.85574, 47.78926, -9808.94921875], [-121.85574, 47.78926, -10797.056640625]]], [[[-121.85574, 47.78926, -10797.056640625], [-121.85574, 47.78926, -9808.94921875], [-121.8606, 47.7822, -10303.0029296875], [-121.85574, 47.78926, -10797.056640625]]], [[[-121.85574, 47.78926, -10797.056640625], [-121.8606, 47.7822, -10303.0029296875], [-121.8606, 47.7822, -11291.109375], [-121.85574, 47.78926, -10797.056640625]]], [[[-121.85574, 47.78926, -11785.1630859375], [-121.85574, 47.78926, -10797.056640625], [-121.8606, 47.7822, -11291.109375], [-121.85574, 47.78926, -11785.1630859375]]], [[[-121.85574, 47.78926, -11785.1630859375], [-121.85164, 47.79673, -11293.5849609375], [-121.85574, 47.78926, -10797.056640625], [-121.85574, 47.78926, -11785.1630859375]]], [[[-121.85164, 47.79673, -11293.5849609375], [-121.85574, 47.78926, -11785.1630859375], [-121.85167, 47.79666, -12278.9482421875], [-121.85164, 47.79673, -11293.5849609375]]], [[[-121.85574, 47.78926, -11785.1630859375], [-121.8606, 47.7822, -11291.109375], [-121.8606, 47.7822, -12279.216796875], [-121.85574, 47.78926, -11785.1630859375]]], [[[-121.8606, 47.7822, -11291.109375], [-121.86681, 47.77567, -11785.1630859375], [-121.8606, 47.7822, -12279.216796875], [-121.8606, 47.7822, -11291.109375]]], [[[-121.85172, 47.79656, -8326.7890625], [-121.85574, 47.78926, -8820.8427734375], [-121.85172, 47.79656, -9314.896484375], [-121.85172, 47.79656, -8326.7890625]]], [[[-121.85574, 47.78926, -8820.8427734375], [-121.85172, 47.79656, -8326.7890625], [-121.85574, 47.78926, -7832.73583984375], [-121.85574, 47.78926, -8820.8427734375]]], [[[-121.85574, 47.78926, -8820.8427734375], [-121.85574, 47.78926, -7832.73583984375], [-121.8606, 47.7822, -8326.7890625], [-121.85574, 47.78926, -8820.8427734375]]], [[[-121.85574, 47.78926, -8820.8427734375], [-121.8606, 47.7822, -8326.7890625], [-121.8606, 47.7822, -9314.896484375], [-121.85574, 47.78926, -8820.8427734375]]], [[[-121.8606, 47.7822, -8326.7890625], [-121.86681, 47.77567, -8820.8427734375], [-121.8606, 47.7822, -9314.896484375], [-121.8606, 47.7822, -8326.7890625]]], [[[-121.86681, 47.77567, -8820.8427734375], [-121.8606, 47.7822, -8326.7890625], [-121.86681, 47.77567, -7832.73583984375], [-121.86681, 47.77567, -8820.8427734375]]], [[[-121.86681, 47.77567, -8820.8427734375], [-121.86681, 47.77567, -7832.73583984375], [-121.87362, 47.76938, -8326.7890625], [-121.86681, 47.77567, -8820.8427734375]]], [[[-121.86681, 47.77567, -8820.8427734375], [-121.87362, 47.76938, -8326.7890625], [-121.87362, 47.76938, -9314.896484375], [-121.86681, 47.77567, -8820.8427734375]]], [[[-121.86681, 47.77567, -7832.73583984375], [-121.87362, 47.76938, -7338.6826171875], [-121.87362, 47.76938, -8326.7890625], [-121.86681, 47.77567, -7832.73583984375]]], [[[-121.86681, 47.77567, -7832.73583984375], [-121.86681, 47.77567, -6844.62939453125], [-121.87362, 47.76938, -7338.6826171875], [-121.86681, 47.77567, -7832.73583984375]]], [[[-121.86681, 47.77567, -7832.73583984375], [-121.8606, 47.7822, -7338.6826171875], [-121.86681, 47.77567, -6844.62939453125], [-121.86681, 47.77567, -7832.73583984375]]], [[[-121.8606, 47.7822, -7338.6826171875], [-121.86681, 47.77567, -7832.73583984375], [-121.8606, 47.7822, -8326.7890625], [-121.8606, 47.7822, -7338.6826171875]]], [[[-121.85574, 47.78926, -7832.73583984375], [-121.8606, 47.7822, -7338.6826171875], [-121.8606, 47.7822, -8326.7890625], [-121.85574, 47.78926, -7832.73583984375]]], [[[-121.85574, 47.78926, -7832.73583984375], [-121.85574, 47.78926, -6844.62939453125], [-121.8606, 47.7822, -7338.6826171875], [-121.85574, 47.78926, -7832.73583984375]]], [[[-121.85172, 47.79656, -7338.6826171875], [-121.85574, 47.78926, -6844.62939453125], [-121.85574, 47.78926, -7832.73583984375], [-121.85172, 47.79656, -7338.6826171875]]], [[[-121.85143, 47.79714, -6232.70751953125], [-121.85574, 47.78926, -6844.62939453125], [-121.85172, 47.79656, -7338.6826171875], [-121.85143, 47.79714, -6232.70751953125]]], [[[-121.85143, 47.79714, -6232.70751953125], [-121.85578, 47.78919, -5876.29296875], [-121.85574, 47.78926, -6844.62939453125], [-121.85143, 47.79714, -6232.70751953125]]], [[[-121.85574, 47.78926, -6844.62939453125], [-121.85578, 47.78919, -5876.29296875], [-121.8606, 47.7822, -6350.57568359375], [-121.85574, 47.78926, -6844.62939453125]]], [[[-121.85574, 47.78926, -6844.62939453125], [-121.8606, 47.7822, -6350.57568359375], [-121.8606, 47.7822, -7338.6826171875], [-121.85574, 47.78926, -6844.62939453125]]], [[[-121.8606, 47.7822, -6350.57568359375], [-121.86681, 47.77567, -6844.62939453125], [-121.8606, 47.7822, -7338.6826171875], [-121.8606, 47.7822, -6350.57568359375]]], [[[-121.8606, 47.7822, -6350.57568359375], [-121.86665, 47.7758, -5833.08837890625], [-121.86681, 47.77567, -6844.62939453125], [-121.8606, 47.7822, -6350.57568359375]]], [[[-121.86681, 47.77567, -6844.62939453125], [-121.86665, 47.7758, -5833.08837890625], [-121.87362, 47.76938, -6350.57568359375], [-121.86681, 47.77567, -6844.62939453125]]], [[[-121.86681, 47.77567, -6844.62939453125], [-121.87362, 47.76938, -6350.57568359375], [-121.87362, 47.76938, -7338.6826171875], [-121.86681, 47.77567, -6844.62939453125]]], [[[-121.86665, 47.7758, -5833.08837890625], [-121.87362, 47.76938, -5362.46923828125], [-121.87362, 47.76938, -6350.57568359375], [-121.86665, 47.7758, -5833.08837890625]]], [[[-121.86665, 47.7758, -5833.08837890625], [-121.86666, 47.7758, -4793.87744140625], [-121.87362, 47.76938, -5362.46923828125], [-121.86665, 47.7758, -5833.08837890625]]], [[[-121.86666, 47.7758, -4793.87744140625], [-121.87322, 47.76978, -4325.76708984375], [-121.87362, 47.76938, -5362.46923828125], [-121.86666, 47.7758, -4793.87744140625]]], [[[-121.87362, 47.76938, -5362.46923828125], [-121.88008, 47.76292, -5856.5224609375], [-121.87362, 47.76938, -6350.57568359375], [-121.87362, 47.76938, -5362.46923828125]]], [[[-121.84817, 47.80367, -6922.61328125], [-121.85143, 47.79714, -6232.70751953125], [-121.85172, 47.79656, -7338.6826171875], [-121.84817, 47.80367, -6922.61328125]]], [[[-121.85143, 47.79714, -6232.70751953125], [-121.84817, 47.80367, -6922.61328125], [-121.84662, 47.80648, -6040.61865234375], [-121.85143, 47.79714, -6232.70751953125]]], [[[-121.84662, 47.80648, -6040.61865234375], [-121.84895, 47.8021, -5197.65380859375], [-121.85143, 47.79714, -6232.70751953125], [-121.84662, 47.80648, -6040.61865234375]]], [[[-121.84341, 47.81227, -6987.82763671875], [-121.84662, 47.80648, -6040.61865234375], [-121.84817, 47.80367, -6922.61328125], [-121.84341, 47.81227, -6987.82763671875]]], [[[-121.84341, 47.81227, -6987.82763671875], [-121.84224, 47.81452, -6012.43798828125], [-121.84662, 47.80648, -6040.61865234375], [-121.84341, 47.81227, -6987.82763671875]]], [[[-121.84744, 47.80501, -7859.1806640625], [-121.84341, 47.81227, -6987.82763671875], [-121.84817, 47.80367, -6922.61328125], [-121.84744, 47.80501, -7859.1806640625]]], [[[-121.84744, 47.80501, -7859.1806640625], [-121.84293, 47.81315, -7870.40380859375], [-121.84341, 47.81227, -6987.82763671875], [-121.84744, 47.80501, -7859.1806640625]]], [[[-121.84744, 47.80501, -7859.1806640625], [-121.84817, 47.80367, -6922.61328125], [-121.85172, 47.79656, -7338.6826171875], [-121.84744, 47.80501, -7859.1806640625]]], [[[-121.84744, 47.80501, -7859.1806640625], [-121.85172, 47.79656, -7338.6826171875], [-121.85172, 47.79656, -8326.7890625], [-121.84744, 47.80501, -7859.1806640625]]], [[[-121.85172, 47.79656, -7338.6826171875], [-121.85574, 47.78926, -7832.73583984375], [-121.85172, 47.79656, -8326.7890625], [-121.85172, 47.79656, -7338.6826171875]]], [[[-121.87362, 47.76938, -7338.6826171875], [-121.88008, 47.76292, -7832.73583984375], [-121.87362, 47.76938, -8326.7890625], [-121.87362, 47.76938, -7338.6826171875]]], [[[-121.87362, 47.76938, -11291.109375], [-121.88008, 47.76292, -11785.1630859375], [-121.87362, 47.76938, -12279.216796875], [-121.87362, 47.76938, -11291.109375]]], [[[-121.84428, 47.8107, -5123.40576171875], [-121.84012, 47.81875, -5139.7626953125], [-121.84209, 47.81482, -4255.802734375], [-121.84428, 47.8107, -5123.40576171875]]], [[[-121.84428, 47.8107, -5123.40576171875], [-121.84209, 47.81482, -4255.802734375], [-121.84658, 47.80656, -4258.96630859375], [-121.84428, 47.8107, -5123.40576171875]]], [[[-121.88008, 47.76292, -4868.41552734375], [-121.88654, 47.75646, -4374.3623046875], [-121.88654, 47.75646, -5362.46923828125], [-121.88008, 47.76292, -4868.41552734375]]], [[[-121.88008, 47.76292, -3880.30908203125], [-121.88654, 47.75646, -3386.255615234375], [-121.88654, 47.75646, -4374.3623046875], [-121.88008, 47.76292, -3880.30908203125]]], [[[-121.88654, 47.75646, -15243.537109375], [-121.893, 47.75, -15737.58984375], [-121.88654, 47.75646, -16231.6435546875], [-121.88654, 47.75646, -15243.537109375]]], [[[-121.88654, 47.75646, -16231.6435546875], [-121.893, 47.75, -15737.58984375], [-121.893, 47.75, -16725.697265625], [-121.88654, 47.75646, -16231.6435546875]]], [[[-121.88654, 47.75646, -19195.962890625], [-121.893, 47.75, -18701.91015625], [-121.893, 47.75, -19690.017578125], [-121.88654, 47.75646, -19195.962890625]]]]}}]}