{"type": "FeatureCollection", "features": [{"type": "Feature", "properties": {"name": "Columbia Hills (west, center)", "CFM_ID": 34, "region": "Backarc_WA", "primary_state/province": "WA", "secondary_state/province": null, "avg_dip": 20, "dip_dir": "N", "rake": 90, "slip_sense": "Reverse", "fault_level": 3, "NSHM23_sliprates": null, "QFFDAgeCatBin": "undifferentiated Quaternary", "QFFDAgeBin": "<1.6 million", "upper_depth": 0.5, "upper_depth_constraint": "topography", "lower_depth": -19.8, "lower_depth_constraint": "SDL", "3D_model_constraints": "trace extended at constant dip", "reference": "WGS (2025)", "nshm23_id": null, "lineage": null, "usgs_qffd_#": "568", "comments": "WA DNR CC_270, 274", "id": "34"}, "geometry": {"type": "MultiPolygon", "coordinates": [[[[-121.00249, 46.1328, -17433.3046875], [-121.00665, 46.14153, -17805.7890625], [-121.01565, 46.13478, -17750.4453125], [-121.00249, 46.1328, -17433.3046875]]], [[[-120.71191, 45.7876, -1667.2322998], [-120.7237, 45.78427, -1653.61132812], [-120.71378, 45.7781, -1318.68530273], [-120.71191, 45.7876, -1667.2322998]]], [[[-120.89132, 45.70207, -706.43035889], [-120.89022, 45.69287, -385.24090576], [-120.88043, 45.69802, -350.17370605], [-120.89132, 45.70207, -706.43035889]]], [[[-121.00267, 46.00908, -13137.18652344], [-121.01629, 46.0096, -13393.73925781], [-121.01179, 46.00186, -13051.78808594], [-121.00267, 46.00908, -13137.18652344]]], [[[-120.73453, 45.88916, -5804.58203125], [-120.72116, 45.88873, -5537.64794922], [-120.72582, 45.89652, -5874.78466797], [-120.73453, 45.88916, -5804.58203125]]], [[[-120.71191, 45.7876, -1667.2322998], [-120.71378, 45.7781, -1318.68530273], [-120.70172, 45.78158, -1380.55236816], [-120.71191, 45.7876, -1667.2322998]]], [[[-120.99709, 46.07291, -15493.60644531], [-121.00058, 46.08193, -15860.52929688], [-121.01264, 46.07439, -15758.39746094], [-120.99709, 46.07291, -15493.60644531]]], [[[-121.10189, 46.02267, -14924.39941406], [-121.11138, 46.01638, -14598.60351562], [-121.09758, 46.01485, -14581.51953125], [-121.10189, 46.02267, -14924.39941406]]], [[[-120.92677, 46.16145, -18081.8984375], [-120.92477, 46.17051, -18410.8671875], [-120.93786, 46.16699, -18419.74414062], [-120.92677, 46.16145, -18081.8984375]]], [[[-120.80391, 45.99166, -10474.15429688], [-120.81331, 45.98479, -10236.16796875], [-120.79957, 45.98407, -10142.15234375], [-120.80391, 45.99166, -10474.15429688]]], [[[-120.92436, 45.74441, -2719.01977539], [-120.93784, 45.74535, -2844.53320312], [-120.93403, 45.73782, -2512.85205078], [-120.92436, 45.74441, -2719.01977539]]], [[[-121.03036, 45.84397, -7122.79394531], [-121.03976, 45.83745, -6828.63427734], [-121.02633, 45.83603, -6776.71435547], [-121.03036, 45.84397, -7122.79394531]]], [[[-120.70476, 45.83451, -3428.21557617], [-120.69589, 45.84172, -3484.1027832], [-120.70905, 45.84243, -3771.93432617], [-120.70476, 45.83451, -3428.21557617]]], [[[-121.15505, 46.07299, -17125.91992188], [-121.16009, 46.08092, -17472.50195312], [-121.16889, 46.07367, -17165.58984375], [-121.15505, 46.07299, -17125.91992188]]], [[[-120.8905, 46.2019, -19223.10546875], [-120.88087, 46.20169, -19179.11132812], [-120.88796, 46.20708, -19442.43359375], [-120.8905, 46.2019, -19223.10546875]]], [[[-120.96201, 46.17634, -19059.53515625], [-120.95452, 46.17829, -19019.98242188], [-120.96198, 46.18193, -19251.00390625], [-120.96201, 46.17634, -19059.53515625]]], [[[-120.99035, 45.81812, -5958.74072266], [-120.99957, 45.81155, -5639.04101562], [-120.98583, 45.80983, -5595.35205078], [-120.99035, 45.81812, -5958.74072266]]], [[[-120.88147, 46.1328, -16614.81054688], [-120.86806, 46.13199, -16382.22070312], [-120.87222, 46.14005, -16725.12890625], [-120.88147, 46.1328, -16614.81054688]]], [[[-121.16621, 46.08713, -17746.19921875], [-121.1716, 46.09246, -17982.42382812], [-121.17384, 46.08957, -17869.70507812], [-121.16621, 46.08713, -17746.19921875]]], [[[-120.93097, 46.15256, -17800.31835938], [-120.94176, 46.15841, -18133.82421875], [-120.94652, 46.14813, -17830.84375], [-120.93097, 46.15256, -17800.31835938]]], [[[-121.01179, 46.00186, -13051.78808594], [-121.02526, 46.00232, -13278.94238281], [-121.02122, 45.99485, -12953.4140625], [-121.01179, 46.00186, -13051.78808594]]], [[[-120.87708, 46.12481, -16267.39257812], [-120.86344, 46.12412, -16031.58398438], [-120.86806, 46.13199, -16382.22070312], [-120.87708, 46.12481, -16267.39257812]]], [[[-120.61154, 45.78269, -417.6479187], [-120.60953, 45.77258, -41.67156982], [-120.59849, 45.78266, -168.7953949], [-120.61154, 45.78269, -417.6479187]]], [[[-121.1013, 46.10455, -18058.70507812], [-121.1065, 46.11194, -18404.85546875], [-121.11485, 46.10533, -18358.02148438], [-121.1013, 46.10455, -18058.70507812]]], [[[-120.82544, 46.03091, -12181.70800781], [-120.83488, 46.024, -11945.43261719], [-120.82116, 46.0232, -11845.75488281], [-120.82544, 46.03091, -12181.70800781]]], [[[-121.12219, 46.09539, -18116.87890625], [-121.11284, 46.09187, -17866.15820312], [-121.11133, 46.09938, -18093.11914062], [-121.12219, 46.09539, -18116.87890625]]], [[[-120.91596, 46.19284, -19244.22070312], [-120.90644, 46.19806, -19313.79882812], [-120.91666, 46.19956, -19500.81835938], [-120.91596, 46.19284, -19244.22070312]]], [[[-120.96325, 46.12471, -16887.51757812], [-120.95531, 46.13199, -17185.71484375], [-120.97222, 46.13108, -17150.17773438], [-120.96325, 46.12471, -16887.51757812]]], [[[-120.70524, 45.8116, -2639.71826172], [-120.70149, 45.80411, -2317.98706055], [-120.69188, 45.81089, -2400.09057617], [-120.70524, 45.8116, -2639.71826172]]], [[[-121.02981, 46.01049, -13636.65136719], [-121.03892, 46.00326, -13498.48632812], [-121.02526, 46.00232, -13278.94238281], [-121.02981, 46.01049, -13636.65136719]]], [[[-120.92754, 45.79832, -4569.01953125], [-120.94092, 45.79908, -4871.41845703], [-120.93664, 45.79108, -4524.28662109], [-120.92754, 45.79832, -4569.01953125]]], [[[-121.024, 46.0485, -14854.58398438], [-121.03769, 46.04895, -15107.27050781], [-121.03309, 46.04125, -14765.41601562], [-121.024, 46.0485, -14854.58398438]]], [[[-120.71815, 45.83512, -3663.55249023], [-120.70476, 45.83451, -3428.21557617], [-120.70905, 45.84243, -3771.93432617], [-120.71815, 45.83512, -3663.55249023]]], [[[-121.01109, 46.11757, -17165.62304688], [-121.01456, 46.1262, -17486.66015625], [-121.02417, 46.11935, -17547.31640625], [-121.01109, 46.11757, -17165.62304688]]], [[[-121.02845, 46.057, -15223.29199219], [-121.02829, 46.06752, -15623.93261719], [-121.04105, 46.05813, -15481.03417969], [-121.02845, 46.057, -15223.29199219]]], [[[-121.04856, 46.08672, -16585.28710938], [-121.03602, 46.09319, -16731.07617188], [-121.05003, 46.09579, -16921.88476562], [-121.04856, 46.08672, -16585.28710938]]], [[[-121.04105, 46.05813, -15481.03417969], [-121.05524, 46.05789, -15695.62402344], [-121.0512, 46.04982, -15349.95996094], [-121.04105, 46.05813, -15481.03417969]]], [[[-120.71325, 45.85005, -4104.70556641], [-120.69992, 45.84961, -3829.94897461], [-120.70451, 45.85736, -4165.86865234], [-120.71325, 45.85005, -4104.70556641]]], [[[-120.90549, 46.15037, -17455.50195312], [-120.91405, 46.15756, -17798.80859375], [-120.91989, 46.14828, -17510.28125], [-120.90549, 46.15037, -17455.50195312]]], [[[-120.86862, 46.10934, -15594.97070312], [-120.86422, 46.10128, -15244.73730469], [-120.85516, 46.10847, -15359.90820312], [-120.86862, 46.10934, -15594.97070312]]], [[[-120.68037, 45.77067, -828.87866211], [-120.68199, 45.76145, -501.95526123], [-120.67049, 45.76437, -477.64562988], [-120.68037, 45.77067, -828.87866211]]], [[[-121.09256, 46.11059, -18103.26171875], [-121.1065, 46.11194, -18404.85546875], [-121.1013, 46.10455, -18058.70507812], [-121.09256, 46.11059, -18103.26171875]]], [[[-121.13848, 46.09085, -17916.06445312], [-121.12792, 46.0877, -17826.81835938], [-121.13198, 46.09722, -18251.1171875], [-121.13848, 46.09085, -17916.06445312]]], [[[-120.9237, 46.11708, -16381.02246094], [-120.93436, 46.12377, -16789.8828125], [-120.94001, 46.11553, -16471.93945312], [-120.9237, 46.11708, -16381.02246094]]], [[[-120.86186, 46.19228, -18643.32226562], [-120.84778, 46.19093, -18447.18945312], [-120.85335, 46.19907, -18815.44921875], [-120.86186, 46.19228, -18643.32226562]]], [[[-120.8693, 46.08653, -14671.828125], [-120.85996, 46.09355, -14908.31054688], [-120.87371, 46.09453, -15020.37109375], [-120.8693, 46.08653, -14671.828125]]], [[[-120.97222, 46.13108, -17150.17773438], [-120.96113, 46.14026, -17552.0078125], [-120.97878, 46.13862, -17459.08789062], [-120.97222, 46.13108, -17150.17773438]]], [[[-120.94562, 45.78384, -4438.66162109], [-120.93664, 45.79108, -4524.28662109], [-120.95001, 45.79179, -4786.70947266], [-120.94562, 45.78384, -4438.66162109]]], [[[-121.10377, 46.08607, -17507.54492188], [-121.09052, 46.08329, -17150.015625], [-121.08837, 46.09247, -17403.98828125], [-121.10377, 46.08607, -17507.54492188]]], [[[-121.04848, 46.07733, -16269.20214844], [-121.04856, 46.08672, -16585.28710938], [-121.06135, 46.08037, -16577.78320312], [-121.04848, 46.07733, -16269.20214844]]], [[[-121.04335, 46.01126, -13848.78320312], [-121.05668, 46.01163, -14133.40917969], [-121.05233, 46.00378, -13789.92578125], [-121.04335, 46.01126, -13848.78320312]]], [[[-121.01264, 46.07439, -15758.39746094], [-121.01284, 46.08523, -16188.59082031], [-121.02483, 46.07752, -16016.75097656], [-121.01264, 46.07439, -15758.39746094]]], [[[-120.9237, 46.11708, -16381.02246094], [-120.91026, 46.11311, -16087.07714844], [-120.91352, 46.12352, -16515.99023438], [-120.9237, 46.11708, -16381.02246094]]], [[[-120.69539, 45.79829, -2029.65905762], [-120.68697, 45.80338, -2049.90258789], [-120.70149, 45.80411, -2317.98706055], [-120.69539, 45.79829, -2029.65905762]]], [[[-121.12219, 46.09539, -18116.87890625], [-121.13198, 46.09722, -18251.1171875], [-121.12792, 46.0877, -17826.81835938], [-121.12219, 46.09539, -18116.87890625]]], [[[-121.0206, 46.0178, -13748.54785156], [-121.03411, 46.01832, -13978.58203125], [-121.02981, 46.01049, -13636.65136719], [-121.0206, 46.0178, -13748.54785156]]], [[[-120.99622, 45.78094, -4371.09619141], [-121.00978, 45.7823, -4416.60742188], [-121.00551, 45.77443, -4072.03198242], [-120.99622, 45.78094, -4371.09619141]]], [[[-120.88234, 46.11014, -15701.16894531], [-120.87298, 46.11711, -15934.14550781], [-120.88682, 46.11818, -16051.88769531], [-120.88234, 46.11014, -15701.16894531]]], [[[-120.96318, 46.1166, -16524.015625], [-120.96325, 46.12471, -16887.51757812], [-120.97669, 46.12157, -16701.41601562], [-120.96318, 46.1166, -16524.015625]]], [[[-120.93362, 46.14286, -17458.56640625], [-120.91989, 46.14828, -17510.28125], [-120.93097, 46.15256, -17800.31835938], [-120.93362, 46.14286, -17458.56640625]]], [[[-121.12219, 46.09539, -18116.87890625], [-121.12792, 46.0877, -17826.81835938], [-121.12083, 46.08941, -17877.1953125], [-121.12219, 46.09539, -18116.87890625]]], [[[-120.86186, 46.19228, -18643.32226562], [-120.85335, 46.19907, -18815.44921875], [-120.86881, 46.20184, -19079.19921875], [-120.86186, 46.19228, -18643.32226562]]], [[[-121.0391, 45.8597, -7810.06201172], [-121.04834, 45.8532, -7517.78515625], [-121.03475, 45.85181, -7465.31542969], [-121.0391, 45.8597, -7810.06201172]]], [[[-120.97823, 45.77225, -3922.73242188], [-120.99201, 45.77301, -4025.41821289], [-120.98752, 45.7652, -3684.12548828], [-120.97823, 45.77225, -3922.73242188]]], [[[-120.85996, 46.09355, -14908.31054688], [-120.8693, 46.08653, -14671.828125], [-120.85555, 46.08565, -14563.77246094], [-120.85996, 46.09355, -14908.31054688]]], [[[-121.09256, 46.11059, -18103.26171875], [-121.09766, 46.11841, -18454.6015625], [-121.1065, 46.11194, -18404.85546875], [-121.09256, 46.11059, -18103.26171875]]], [[[-120.99913, 46.16997, -18810.390625], [-121.00632, 46.16679, -18737.59375], [-120.99755, 46.16274, -18502.31640625], [-120.99913, 46.16997, -18810.390625]]], [[[-120.89065, 46.1259, -16388.43554688], [-120.88147, 46.1328, -16614.81054688], [-120.8949, 46.13351, -16720.03515625], [-120.89065, 46.1259, -16388.43554688]]], [[[-121.00043, 45.78882, -4715.12451172], [-121.01406, 45.79018, -4761.18261719], [-121.00978, 45.7823, -4416.60742188], [-121.00043, 45.78882, -4715.12451172]]], [[[-120.92048, 45.7365, -2378.38354492], [-120.93403, 45.73782, -2512.85205078], [-120.92958, 45.72951, -2148.73144531], [-120.92048, 45.7365, -2378.38354492]]], [[[-121.00495, 46.06727, -15418.41992188], [-121.01694, 46.06333, -15397.80957031], [-121.0037, 46.06075, -15149.45410156], [-121.00495, 46.06727, -15418.41992188]]], [[[-120.93275, 46.10819, -16164.19628906], [-120.91969, 46.10606, -15935.22753906], [-120.9237, 46.11708, -16381.02246094], [-120.93275, 46.10819, -16164.19628906]]], [[[-121.03309, 46.04125, -14765.41601562], [-121.04668, 46.04162, -14991.60742188], [-121.04264, 46.0342, -14668.42871094], [-121.03309, 46.04125, -14765.41601562]]], [[[-121.15327, 46.08942, -17794.49414062], [-121.16621, 46.08713, -17746.19921875], [-121.16009, 46.08092, -17472.50195312], [-121.15327, 46.08942, -17794.49414062]]], [[[-121.02179, 45.82822, -6435.22900391], [-121.03548, 45.82957, -6484.05908203], [-121.03119, 45.82169, -6139.48388672], [-121.02179, 45.82822, -6435.22900391]]], [[[-120.79863, 45.8858, -6330.265625], [-120.78513, 45.88484, -6115.67626953], [-120.78887, 45.89276, -6455.29394531], [-120.79863, 45.8858, -6330.265625]]], [[[-121.01469, 46.05512, -15068.08789062], [-121.01694, 46.06333, -15397.80957031], [-121.02845, 46.057, -15223.29199219], [-121.01469, 46.05512, -15068.08789062]]], [[[-120.96318, 46.1166, -16524.015625], [-120.94923, 46.12366, -16815.62304688], [-120.96325, 46.12471, -16887.51757812], [-120.96318, 46.1166, -16524.015625]]], [[[-120.6985, 45.79056, -1770.24560547], [-120.71191, 45.7876, -1667.2322998], [-120.70172, 45.78158, -1380.55236816], [-120.6985, 45.79056, -1770.24560547]]], [[[-120.88234, 46.11014, -15701.16894531], [-120.86862, 46.10934, -15594.97070312], [-120.87298, 46.11711, -15934.14550781], [-120.88234, 46.11014, -15701.16894531]]], [[[-121.0148, 45.88708, -9054.65820312], [-121.02461, 45.88105, -8716.55761719], [-121.01095, 45.87957, -8724.07324219], [-121.0148, 45.88708, -9054.65820312]]], [[[-120.87611, 46.17067, -17842.15625], [-120.88533, 46.16311, -17740.22460938], [-120.87181, 46.16262, -17489.875], [-120.87611, 46.17067, -17842.15625]]], [[[-121.12083, 46.08941, -17877.1953125], [-121.11941, 46.08082, -17522.14453125], [-121.11284, 46.09187, -17866.15820312], [-121.12083, 46.08941, -17877.1953125]]], [[[-120.9805, 45.99233, -12326.13574219], [-120.99435, 45.99318, -12450.94921875], [-120.98977, 45.98547, -12108.125], [-120.9805, 45.99233, -12326.13574219]]], [[[-121.05622, 46.03469, -14872.79785156], [-121.06025, 46.04254, -15210.86816406], [-121.0695, 46.03535, -15164.49316406], [-121.05622, 46.03469, -14872.79785156]]], [[[-121.08346, 46.11629, -18181.91992188], [-121.09766, 46.11841, -18454.6015625], [-121.09256, 46.11059, -18103.26171875], [-121.08346, 46.11629, -18181.91992188]]], [[[-121.10377, 46.08607, -17507.54492188], [-121.10061, 46.09533, -17745.39648438], [-121.11284, 46.09187, -17866.15820312], [-121.10377, 46.08607, -17507.54492188]]], [[[-120.9126, 46.16682, -18172.34960938], [-120.89791, 46.17391, -18328.77734375], [-120.91048, 46.17579, -18537.50585938], [-120.9126, 46.16682, -18172.34960938]]], [[[-120.9494, 45.69421, -585.9989624], [-120.95344, 45.70215, -932.03100586], [-120.96279, 45.69564, -626.27893066], [-120.9494, 45.69421, -585.9989624]]], [[[-120.86212, 46.02604, -12279.91894531], [-120.84847, 46.02504, -12094.87988281], [-120.85295, 46.03307, -12446.22265625], [-120.86212, 46.02604, -12279.91894531]]], [[[-121.09766, 46.11841, -18454.6015625], [-121.08346, 46.11629, -18181.91992188], [-121.08755, 46.1239, -18512.63671875], [-121.09766, 46.11841, -18454.6015625]]], [[[-121.08718, 46.04379, -15781.22949219], [-121.10078, 46.04484, -15953.90917969], [-121.0968, 46.03685, -15606.18164062], [-121.08718, 46.04379, -15781.22949219]]], [[[-120.61974, 45.82182, -1885.98388672], [-120.62883, 45.81458, -1810.01062012], [-120.61549, 45.81399, -1542.54626465], [-120.61974, 45.82182, -1885.98388672]]], [[[-120.77631, 46.01247, -10947.72753906], [-120.76681, 46.0194, -11129.9453125], [-120.78054, 46.02053, -11296.7734375], [-120.77631, 46.01247, -10947.72753906]]], [[[-120.71378, 45.7781, -1318.68530273], [-120.70346, 45.77244, -1003.95184326], [-120.70172, 45.78158, -1380.55236816], [-120.71378, 45.7781, -1318.68530273]]], [[[-120.87371, 46.09453, -15020.37109375], [-120.85996, 46.09355, -14908.31054688], [-120.86422, 46.10128, -15244.73730469], [-120.87371, 46.09453, -15020.37109375]]], [[[-121.05791, 46.11352, -17671.9453125], [-121.05006, 46.1189, -17849.484375], [-121.06263, 46.12247, -18060.37304688], [-121.05791, 46.11352, -17671.9453125]]], [[[-120.80538, 45.80259, -2755.07763672], [-120.81699, 45.7981, -2756.78173828], [-120.80595, 45.79275, -2395.61743164], [-120.80538, 45.80259, -2755.07763672]]], [[[-121.00653, 45.87129, -8360.77441406], [-121.02028, 45.87308, -8367.05371094], [-121.01576, 45.86486, -8007.10009766], [-121.00653, 45.87129, -8360.77441406]]], [[[-120.91117, 45.72078, -1683.4519043], [-120.90331, 45.7271, -1764.59008789], [-120.91581, 45.72868, -2032.09240723], [-120.91117, 45.72078, -1683.4519043]]], [[[-120.87604, 46.02641, -12465.53125], [-120.86212, 46.02604, -12279.91894531], [-120.86682, 46.0335, -12612.31738281], [-120.87604, 46.02641, -12465.53125]]], [[[-121.12711, 46.07044, -17022.00195312], [-121.13716, 46.06338, -16659.48828125], [-121.12347, 46.06219, -16656.88085938], [-121.12711, 46.07044, -17022.00195312]]], [[[-120.87298, 46.11711, -15934.14550781], [-120.86862, 46.10934, -15594.97070312], [-120.85941, 46.11653, -15705.57910156], [-120.87298, 46.11711, -15934.14550781]]], [[[-121.07512, 46.1222, -18258.20703125], [-121.08755, 46.1239, -18512.63671875], [-121.08346, 46.11629, -18181.91992188], [-121.07512, 46.1222, -18258.20703125]]], [[[-120.91953, 45.75954, -3150.02319336], [-120.92877, 45.75232, -3065.94262695], [-120.91537, 45.75163, -2807.78344727], [-120.91953, 45.75954, -3150.02319336]]], [[[-120.98843, 46.16885, -18821.1875], [-120.99913, 46.16997, -18810.390625], [-120.99755, 46.16274, -18502.31640625], [-120.98843, 46.16885, -18821.1875]]], [[[-120.89022, 45.69287, -385.24090576], [-120.88836, 45.68394, -42.98762131], [-120.87885, 45.68893, -23.35383987], [-120.89022, 45.69287, -385.24090576]]], [[[-121.0037, 46.06075, -15149.45410156], [-121.01694, 46.06333, -15397.80957031], [-121.01469, 46.05512, -15068.08789062], [-121.0037, 46.06075, -15149.45410156]]], [[[-121.08882, 46.10185, -17734.01171875], [-121.09256, 46.11059, -18103.26171875], [-121.1013, 46.10455, -18058.70507812], [-121.08882, 46.10185, -17734.01171875]]], [[[-121.0453, 46.06642, -15838.13671875], [-121.05978, 46.06485, -16010.88769531], [-121.05524, 46.05789, -15695.62402344], [-121.0453, 46.06642, -15838.13671875]]], [[[-120.93822, 46.09139, -15421.01855469], [-120.94653, 46.084, -15080.41308594], [-120.93346, 46.08335, -15068.31054688], [-120.93822, 46.09139, -15421.01855469]]], [[[-120.78684, 46.10438, -14468.21484375], [-120.78279, 46.09648, -14128.29589844], [-120.7736, 46.10365, -14249.74121094], [-120.78684, 46.10438, -14468.21484375]]], [[[-120.97338, 46.09739, -15741.91894531], [-120.96247, 46.10644, -16032.86425781], [-120.97842, 46.10526, -16092.54589844], [-120.97338, 46.09739, -15741.91894531]]], [[[-120.71378, 45.7781, -1318.68530273], [-120.7237, 45.78427, -1653.61132812], [-120.72503, 45.77471, -1305.39111328], [-120.71378, 45.7781, -1318.68530273]]], [[[-121.08882, 46.10185, -17734.01171875], [-121.07599, 46.09908, -17462.79492188], [-121.0797, 46.10781, -17826.42578125], [-121.08882, 46.10185, -17734.01171875]]], [[[-120.79271, 45.80578, -2881.32397461], [-120.80538, 45.80259, -2755.07763672], [-120.79454, 45.79649, -2409.23608398], [-120.79271, 45.80578, -2881.32397461]]], [[[-121.01575, 46.03265, -14168.55371094], [-121.02928, 46.0332, -14423.84765625], [-121.02463, 46.0253, -14074.43261719], [-121.01575, 46.03265, -14168.55371094]]], [[[-120.878, 46.10252, -15368.88085938], [-120.86862, 46.10934, -15594.97070312], [-120.88234, 46.11014, -15701.16894531], [-120.878, 46.10252, -15368.88085938]]], [[[-121.11645, 46.00147, -14000.85546875], [-121.12058, 46.00937, -14345.68164062], [-121.13004, 46.00282, -14064.71582031], [-121.11645, 46.00147, -14000.85546875]]], [[[-120.82652, 45.82074, -3703.10888672], [-120.83706, 45.81741, -3794.92089844], [-120.82675, 45.81319, -3440.52001953], [-120.82652, 45.82074, -3703.10888672]]], [[[-120.97802, 46.15356, -18151.50976562], [-120.99205, 46.15562, -18182.9765625], [-120.98566, 46.14699, -17805.73046875], [-120.97802, 46.15356, -18151.50976562]]], [[[-121.00249, 46.1328, -17433.3046875], [-121.01565, 46.13478, -17750.4453125], [-121.01456, 46.1262, -17486.66015625], [-121.00249, 46.1328, -17433.3046875]]], [[[-120.88147, 46.1328, -16614.81054688], [-120.87708, 46.12481, -16267.39257812], [-120.86806, 46.13199, -16382.22070312], [-120.88147, 46.1328, -16614.81054688]]], [[[-120.76267, 46.01205, -10809.04394531], [-120.77209, 46.00516, -10628.49121094], [-120.75846, 46.00414, -10466.96191406], [-120.76267, 46.01205, -10809.04394531]]], [[[-121.05791, 46.11352, -17671.9453125], [-121.06263, 46.12247, -18060.37304688], [-121.07032, 46.11535, -17943.14257812], [-121.05791, 46.11352, -17671.9453125]]], [[[-121.02188, 46.09482, -16631.86132812], [-121.02592, 46.08671, -16369.16894531], [-121.01284, 46.08523, -16188.59082031], [-121.02188, 46.09482, -16631.86132812]]], [[[-120.75681, 45.90551, -6727.84375], [-120.74324, 45.90507, -6497.30175781], [-120.74748, 45.91265, -6829.93554688], [-120.75681, 45.90551, -6727.84375]]], [[[-120.97349, 45.93085, -9963.11914062], [-120.98686, 45.9319, -10204.55566406], [-120.98231, 45.92353, -9839.234375], [-120.97349, 45.93085, -9963.11914062]]], [[[-120.878, 46.10252, -15368.88085938], [-120.86422, 46.10128, -15244.73730469], [-120.86862, 46.10934, -15594.97070312], [-120.878, 46.10252, -15368.88085938]]], [[[-121.07512, 46.1222, -18258.20703125], [-121.07849, 46.12942, -18563.60351562], [-121.08755, 46.1239, -18512.63671875], [-121.07512, 46.1222, -18258.20703125]]], [[[-120.91537, 45.75163, -2807.78344727], [-120.92877, 45.75232, -3065.94262695], [-120.92436, 45.74441, -2719.01977539], [-120.91537, 45.75163, -2807.78344727]]], [[[-120.99913, 46.16997, -18810.390625], [-120.98843, 46.16885, -18821.1875], [-120.99317, 46.1745, -19068.37890625], [-120.99913, 46.16997, -18810.390625]]], [[[-120.74775, 45.77746, -1712.19958496], [-120.73693, 45.77206, -1379.55029297], [-120.73501, 45.78123, -1662.64709473], [-120.74775, 45.77746, -1712.19958496]]], [[[-121.04264, 46.0342, -14668.42871094], [-121.04668, 46.04162, -14991.60742188], [-121.05622, 46.03469, -14872.79785156], [-121.04264, 46.0342, -14668.42871094]]], [[[-121.00724, 46.01693, -13484.72753906], [-121.0206, 46.0178, -13748.54785156], [-121.01629, 46.0096, -13393.73925781], [-121.00724, 46.01693, -13484.72753906]]], [[[-120.68411, 45.91646, -6257.62646484], [-120.67985, 45.90859, -5914.37646484], [-120.67086, 45.91579, -6007.23632812], [-120.68411, 45.91646, -6257.62646484]]], [[[-121.00495, 46.06727, -15418.41992188], [-121.01264, 46.07439, -15758.39746094], [-121.01694, 46.06333, -15397.80957031], [-121.00495, 46.06727, -15418.41992188]]], [[[-120.6985, 45.79056, -1770.24560547], [-120.70921, 45.79667, -2038.11560059], [-120.71191, 45.7876, -1667.2322998], [-120.6985, 45.79056, -1770.24560547]]], [[[-121.05351, 46.1049, -17299.74414062], [-121.05791, 46.11352, -17671.9453125], [-121.06642, 46.10667, -17578.0546875], [-121.05351, 46.1049, -17299.74414062]]], [[[-121.01179, 46.00186, -13051.78808594], [-121.01629, 46.0096, -13393.73925781], [-121.02526, 46.00232, -13278.94238281], [-121.01179, 46.00186, -13051.78808594]]], [[[-120.88796, 46.20708, -19442.43359375], [-120.89229, 46.2107, -19615.23242188], [-120.89897, 46.20522, -19363.65429688], [-120.88796, 46.20708, -19442.43359375]]], [[[-121.02845, 46.057, -15223.29199219], [-121.04105, 46.05813, -15481.03417969], [-121.03769, 46.04895, -15107.27050781], [-121.02845, 46.057, -15223.29199219]]], [[[-120.86186, 46.19228, -18643.32226562], [-120.87031, 46.18488, -18438.04296875], [-120.85725, 46.18411, -18286.62109375], [-120.86186, 46.19228, -18643.32226562]]], [[[-121.05534, 45.91406, -10115.953125], [-121.06462, 45.907, -9874.89746094], [-121.05077, 45.90567, -9749.39355469], [-121.05534, 45.91406, -10115.953125]]], [[[-121.00893, 45.80459, -5403.43408203], [-121.02262, 45.80594, -5450.33300781], [-121.01834, 45.79806, -5105.7578125], [-121.00893, 45.80459, -5403.43408203]]], [[[-121.03824, 45.88207, -8721.30761719], [-121.05185, 45.88335, -8842.29785156], [-121.04773, 45.87542, -8496.33496094], [-121.03824, 45.88207, -8721.30761719]]], [[[-121.04408, 46.11118, -17492.015625], [-121.05006, 46.1189, -17849.484375], [-121.05791, 46.11352, -17671.9453125], [-121.04408, 46.11118, -17492.015625]]], [[[-120.70921, 45.79667, -2038.11560059], [-120.6985, 45.79056, -1770.24560547], [-120.69539, 45.79829, -2029.65905762], [-120.70921, 45.79667, -2038.11560059]]], [[[-121.07512, 46.1222, -18258.20703125], [-121.06867, 46.12814, -18347.02148438], [-121.07849, 46.12942, -18563.60351562], [-121.07512, 46.1222, -18258.20703125]]], [[[-121.09052, 46.08329, -17150.015625], [-121.07696, 46.08104, -16819.875], [-121.0751, 46.08993, -17127.328125], [-121.09052, 46.08329, -17150.015625]]], [[[-120.68697, 45.80338, -2049.90258789], [-120.67408, 45.80184, -1745.26916504], [-120.67876, 45.81029, -2113.31738281], [-120.68697, 45.80338, -2049.90258789]]], [[[-120.77138, 46.02773, -11492.06445312], [-120.76681, 46.0194, -11129.9453125], [-120.75778, 46.02661, -11292.47949219], [-120.77138, 46.02773, -11492.06445312]]], [[[-121.10061, 46.09533, -17745.39648438], [-121.1013, 46.10455, -18058.70507812], [-121.11133, 46.09938, -18093.11914062], [-121.10061, 46.09533, -17745.39648438]]], [[[-121.00724, 46.01693, -13484.72753906], [-121.01629, 46.0096, -13393.73925781], [-121.00267, 46.00908, -13137.18652344], [-121.00724, 46.01693, -13484.72753906]]], [[[-120.65729, 45.79254, -1397.8223877], [-120.65175, 45.78521, -1066.93518066], [-120.64291, 45.79213, -1259.46374512], [-120.65729, 45.79254, -1397.8223877]]], [[[-120.99035, 45.81812, -5958.74072266], [-121.00408, 45.81918, -5975.02539062], [-120.99957, 45.81155, -5639.04101562], [-120.99035, 45.81812, -5958.74072266]]], [[[-121.06943, 46.0745, -16486.87109375], [-121.07696, 46.08104, -16819.875], [-121.08156, 46.07238, -16611.99804688], [-121.06943, 46.0745, -16486.87109375]]], [[[-120.87611, 46.17067, -17842.15625], [-120.86232, 46.16934, -17766.58203125], [-120.86712, 46.17739, -18119.59375], [-120.87611, 46.17067, -17842.15625]]], [[[-120.95535, 46.08934, -15270.41308594], [-120.94646, 46.09644, -15649.35253906], [-120.96009, 46.09744, -15627.51171875], [-120.95535, 46.08934, -15270.41308594]]], [[[-121.06867, 46.12814, -18347.02148438], [-121.07512, 46.1222, -18258.20703125], [-121.06263, 46.12247, -18060.37304688], [-121.06867, 46.12814, -18347.02148438]]], [[[-121.01668, 45.84261, -6997.2265625], [-121.03036, 45.84397, -7122.79394531], [-121.02633, 45.83603, -6776.71435547], [-121.01668, 45.84261, -6997.2265625]]], [[[-121.02417, 46.11935, -17547.31640625], [-121.03809, 46.12103, -17787.62890625], [-121.03163, 46.11199, -17382.79101562], [-121.02417, 46.11935, -17547.31640625]]], [[[-120.72354, 45.8208, -3089.71899414], [-120.70981, 45.81949, -2986.02490234], [-120.71389, 45.82737, -3326.17529297], [-120.72354, 45.8208, -3089.71899414]]], [[[-120.80266, 46.0375, -12029.609375], [-120.79876, 46.0296, -11682.04589844], [-120.78905, 46.03597, -11968.23046875], [-120.80266, 46.0375, -12029.609375]]], [[[-120.93786, 46.16699, -18419.74414062], [-120.9357, 46.17602, -18728.13476562], [-120.947, 46.17293, -18741.04101562], [-120.93786, 46.16699, -18419.74414062]]], [[[-121.03398, 45.87466, -8395.96386719], [-121.04773, 45.87542, -8496.33496094], [-121.04319, 45.86761, -8155.03271484], [-121.03398, 45.87466, -8395.96386719]]], [[[-120.69539, 45.79829, -2029.65905762], [-120.68386, 45.79456, -1714.671875], [-120.68697, 45.80338, -2049.90258789], [-120.69539, 45.79829, -2029.65905762]]], [[[-121.09147, 46.05178, -16128.05273438], [-121.10526, 46.05235, -16283.47949219], [-121.10078, 46.04484, -15953.90917969], [-121.09147, 46.05178, -16128.05273438]]], [[[-120.99755, 46.16274, -18502.31640625], [-120.99205, 46.15562, -18182.9765625], [-120.98032, 46.16252, -18541.2890625], [-120.99755, 46.16274, -18502.31640625]]], [[[-120.86862, 46.10934, -15594.97070312], [-120.85516, 46.10847, -15359.90820312], [-120.85941, 46.11653, -15705.57910156], [-120.86862, 46.10934, -15594.97070312]]], [[[-121.05185, 45.88335, -8842.29785156], [-121.05617, 45.89121, -9185.45605469], [-121.0655, 45.8847, -8896.0859375], [-121.05185, 45.88335, -8842.29785156]]], [[[-120.93401, 46.19442, -19401.58984375], [-120.92484, 46.18904, -19141.41796875], [-120.92485, 46.19644, -19455.56835938], [-120.93401, 46.19442, -19401.58984375]]], [[[-120.83012, 45.7456, -1412.65991211], [-120.82891, 45.7362, -1047.93469238], [-120.81803, 45.74278, -1119.54626465], [-120.83012, 45.7456, -1412.65991211]]], [[[-120.98843, 46.16885, -18821.1875], [-120.977, 46.17088, -18889.35546875], [-120.98379, 46.17599, -19124.97851562], [-120.98843, 46.16885, -18821.1875]]], [[[-120.90023, 45.68851, -348.21084595], [-120.90081, 45.6983, -722.5579834], [-120.91031, 45.69518, -649.10284424], [-120.90023, 45.68851, -348.21084595]]], [[[-121.06867, 46.12814, -18347.02148438], [-121.06263, 46.12247, -18060.37304688], [-121.06151, 46.13164, -18421.74804688], [-121.06867, 46.12814, -18347.02148438]]], [[[-120.72255, 45.84299, -4007.23852539], [-120.71815, 45.83512, -3663.55249023], [-120.70905, 45.84243, -3771.93432617], [-120.72255, 45.84299, -4007.23852539]]], [[[-120.79918, 46.0067, -10928.60351562], [-120.78993, 46.01385, -10995.65234375], [-120.80321, 46.01465, -11265.05566406], [-120.79918, 46.0067, -10928.60351562]]], [[[-120.93786, 46.16699, -18419.74414062], [-120.947, 46.17293, -18741.04101562], [-120.95305, 46.16465, -18507.625], [-120.93786, 46.16699, -18419.74414062]]], [[[-120.89034, 46.14834, -17294.73046875], [-120.88586, 46.14042, -16948.87695312], [-120.87651, 46.14756, -17056.54296875], [-120.89034, 46.14834, -17294.73046875]]], [[[-120.85996, 46.09355, -14908.31054688], [-120.84648, 46.09286, -14677.85351562], [-120.85056, 46.1007, -15012.62988281], [-120.85996, 46.09355, -14908.31054688]]], [[[-121.0078, 45.99399, -12713.45019531], [-121.02122, 45.99485, -12953.4140625], [-121.01684, 45.98667, -12596.97851562], [-121.0078, 45.99399, -12713.45019531]]], [[[-120.6649, 45.80912, -2106.87182617], [-120.65128, 45.80781, -1938.14587402], [-120.65581, 45.81615, -2300.49243164], [-120.6649, 45.80912, -2106.87182617]]], [[[-120.616, 45.79111, -783.19348145], [-120.60274, 45.7905, -512.23309326], [-120.60699, 45.79833, -855.6708374], [-120.616, 45.79111, -783.19348145]]], [[[-120.68386, 45.79456, -1714.671875], [-120.67408, 45.80184, -1745.26916504], [-120.68697, 45.80338, -2049.90258789], [-120.68386, 45.79456, -1714.671875]]], [[[-120.83068, 46.01648, -11617.60058594], [-120.81683, 46.01523, -11499.703125], [-120.82116, 46.0232, -11845.75488281], [-120.83068, 46.01648, -11617.60058594]]], [[[-120.98727, 46.08166, -15451.37988281], [-121.00058, 46.08193, -15860.52929688], [-120.99709, 46.07291, -15493.60644531], [-120.98727, 46.08166, -15451.37988281]]], [[[-121.06867, 46.12814, -18347.02148438], [-121.06151, 46.13164, -18421.74804688], [-121.07158, 46.13408, -18601.78125], [-121.06867, 46.12814, -18347.02148438]]], [[[-121.05617, 45.89121, -9185.45605469], [-121.06058, 45.89908, -9529.44921875], [-121.0698, 45.89258, -9240.66113281], [-121.05617, 45.89121, -9185.45605469]]], [[[-120.96774, 46.16659, -18708.74609375], [-120.96667, 46.15866, -18348.09960938], [-120.95305, 46.16465, -18507.625], [-120.96774, 46.16659, -18708.74609375]]], [[[-120.72931, 45.92637, -7206.21484375], [-120.71564, 45.9259, -7067.63476562], [-120.71965, 45.93323, -7386.11621094], [-120.72931, 45.92637, -7206.21484375]]], [[[-121.10061, 46.09533, -17745.39648438], [-121.08837, 46.09247, -17403.98828125], [-121.08882, 46.10185, -17734.01171875], [-121.10061, 46.09533, -17745.39648438]]], [[[-120.92877, 45.75232, -3065.94262695], [-120.93298, 45.76019, -3408.71142578], [-120.9425, 45.75333, -3191.80932617], [-120.92877, 45.75232, -3065.94262695]]], [[[-120.90022, 46.16444, -18007.58007812], [-120.9126, 46.16682, -18172.34960938], [-120.91405, 46.15756, -17798.80859375], [-120.90022, 46.16444, -18007.58007812]]], [[[-121.07761, 45.9306, -10905.63769531], [-121.09129, 45.93196, -10963.53808594], [-121.08699, 45.92408, -10618.96289062], [-121.07761, 45.9306, -10905.63769531]]], [[[-121.06479, 46.05067, -15567.50488281], [-121.06927, 46.05838, -15908.27636719], [-121.07814, 46.05113, -15852.59277344], [-121.06479, 46.05067, -15567.50488281]]], [[[-121.03479, 45.99542, -13158.86132812], [-121.04808, 45.99601, -13451.1953125], [-121.04373, 45.98808, -13105.03125], [-121.03479, 45.99542, -13158.86132812]]], [[[-120.73028, 45.73806, 27.2541275], [-120.72009, 45.7323, 271.68344116], [-120.71918, 45.74136, -24.31180763], [-120.73028, 45.73806, 27.2541275]]], [[[-120.91057, 45.76703, -3205.72607422], [-120.9149, 45.77474, -3544.65234375], [-120.92385, 45.76742, -3494.16845703], [-120.91057, 45.76703, -3205.72607422]]], [[[-120.74918, 46.01127, -10620.20214844], [-120.73965, 46.01825, -10704.28125], [-120.75306, 46.01877, -10942.55761719], [-120.74918, 46.01127, -10620.20214844]]], [[[-121.10363, 45.97781, -12967.50390625], [-121.10768, 45.98574, -13313.58105469], [-121.11711, 45.9792, -13030.98925781], [-121.10363, 45.97781, -12967.50390625]]], [[[-120.91596, 46.19284, -19244.22070312], [-120.91255, 46.18505, -18915.77539062], [-120.90356, 46.19088, -19021.83789062], [-120.91596, 46.19284, -19244.22070312]]], [[[-120.99755, 46.16274, -18502.31640625], [-120.98032, 46.16252, -18541.2890625], [-120.98843, 46.16885, -18821.1875], [-120.99755, 46.16274, -18502.31640625]]], [[[-121.01331, 46.10249, -16783.0234375], [-121.00502, 46.10909, -16735.26171875], [-121.01805, 46.11079, -17148.57617188], [-121.01331, 46.10249, -16783.0234375]]], [[[-121.06867, 46.12814, -18347.02148438], [-121.07158, 46.13408, -18601.78125], [-121.07849, 46.12942, -18563.60351562], [-121.06867, 46.12814, -18347.02148438]]], [[[-121.1013, 46.10455, -18058.70507812], [-121.11485, 46.10533, -18358.02148438], [-121.11133, 46.09938, -18093.11914062], [-121.1013, 46.10455, -18058.70507812]]], [[[-120.9126, 46.16682, -18172.34960938], [-120.92477, 46.17051, -18410.8671875], [-120.92677, 46.16145, -18081.8984375], [-120.9126, 46.16682, -18172.34960938]]], [[[-120.85859, 45.84053, -5057.09912109], [-120.8678, 45.8328, -5059.10400391], [-120.85414, 45.8329, -4711.81689453], [-120.85859, 45.84053, -5057.09912109]]], [[[-121.0751, 46.08993, -17127.328125], [-121.06313, 46.09751, -17206.0625], [-121.07599, 46.09908, -17462.79492188], [-121.0751, 46.08993, -17127.328125]]], [[[-120.9149, 45.77474, -3544.65234375], [-120.92816, 45.77543, -3842.54150391], [-120.92385, 45.76742, -3494.16845703], [-120.9149, 45.77474, -3544.65234375]]], [[[-120.91953, 45.75954, -3150.02319336], [-120.93298, 45.76019, -3408.71142578], [-120.92877, 45.75232, -3065.94262695], [-120.91953, 45.75954, -3150.02319336]]], [[[-121.03713, 45.90421, -9731.93945312], [-121.0416, 45.91235, -10088.65332031], [-121.05077, 45.90567, -9749.39355469], [-121.03713, 45.90421, -9731.93945312]]], [[[-121.06943, 46.0745, -16486.87109375], [-121.06135, 46.08037, -16577.78320312], [-121.07696, 46.08104, -16819.875], [-121.06943, 46.0745, -16486.87109375]]], [[[-120.77137, 45.88439, -5954.23681641], [-120.75764, 45.88333, -5814.34912109], [-120.76169, 45.89104, -6150.32714844], [-120.77137, 45.88439, -5954.23681641]]], [[[-120.977, 46.17088, -18889.35546875], [-120.97473, 46.17744, -19179.578125], [-120.98379, 46.17599, -19124.97851562], [-120.977, 46.17088, -18889.35546875]]], [[[-120.88533, 46.16311, -17740.22460938], [-120.90022, 46.16444, -18007.58007812], [-120.89606, 46.15647, -17663.44335938], [-120.88533, 46.16311, -17740.22460938]]], [[[-121.0512, 46.04982, -15349.95996094], [-121.06479, 46.05067, -15567.50488281], [-121.06025, 46.04254, -15210.86816406], [-121.0512, 46.04982, -15349.95996094]]], [[[-121.0398, 46.10237, -17115.3515625], [-121.03163, 46.11199, -17382.79101562], [-121.04408, 46.11118, -17492.015625], [-121.0398, 46.10237, -17115.3515625]]], [[[-120.72159, 45.79424, -2013.71313477], [-120.71191, 45.7876, -1667.2322998], [-120.70921, 45.79667, -2038.11560059], [-120.72159, 45.79424, -2013.71313477]]], [[[-120.70981, 45.81949, -2986.02490234], [-120.70524, 45.8116, -2639.71826172], [-120.69628, 45.81891, -2750.12109375], [-120.70981, 45.81949, -2986.02490234]]], [[[-120.85324, 45.77233, -2673.57739258], [-120.83998, 45.77016, -2441.16455078], [-120.84652, 45.77903, -2847.28955078], [-120.85324, 45.77233, -2673.57739258]]], [[[-120.70905, 45.84243, -3771.93432617], [-120.69992, 45.84961, -3829.94897461], [-120.71325, 45.85005, -4104.70556641], [-120.70905, 45.84243, -3771.93432617]]], [[[-120.90549, 46.15037, -17455.50195312], [-120.89606, 46.15647, -17663.44335938], [-120.91405, 46.15756, -17798.80859375], [-120.90549, 46.15037, -17455.50195312]]], [[[-120.99838, 46.0012, -12794.15332031], [-121.01179, 46.00186, -13051.78808594], [-121.0078, 45.99399, -12713.45019531], [-120.99838, 46.0012, -12794.15332031]]], [[[-120.96058, 46.08003, -14955.41992188], [-120.94653, 46.084, -15080.41308594], [-120.95535, 46.08934, -15270.41308594], [-120.96058, 46.08003, -14955.41992188]]], [[[-121.12711, 46.07044, -17022.00195312], [-121.13331, 46.07773, -17333.6484375], [-121.1417, 46.07181, -17029.38671875], [-121.12711, 46.07044, -17022.00195312]]], [[[-121.03706, 46.07424, -15965.32421875], [-121.02829, 46.06752, -15623.93261719], [-121.02483, 46.07752, -16016.75097656], [-121.03706, 46.07424, -15965.32421875]]], [[[-121.07158, 46.13408, -18601.78125], [-121.06151, 46.13164, -18421.74804688], [-121.06474, 46.13668, -18642.80273438], [-121.07158, 46.13408, -18601.78125]]], [[[-121.04602, 45.92052, -10446.53027344], [-121.05975, 45.92151, -10444.17675781], [-121.05534, 45.91406, -10115.953125], [-121.04602, 45.92052, -10446.53027344]]], [[[-121.01331, 46.10249, -16783.0234375], [-121.01805, 46.11079, -17148.57617188], [-121.02711, 46.10313, -16998.53320312], [-121.01331, 46.10249, -16783.0234375]]], [[[-120.95209, 46.11375, -16402.62304688], [-120.96318, 46.1166, -16524.015625], [-120.96247, 46.10644, -16032.86425781], [-120.95209, 46.11375, -16402.62304688]]], [[[-120.8889, 46.17034, -18042.984375], [-120.8832, 46.17907, -18199.41992188], [-120.89791, 46.17391, -18328.77734375], [-120.8889, 46.17034, -18042.984375]]], [[[-120.85619, 46.20713, -19143.33007812], [-120.86881, 46.20184, -19079.19921875], [-120.85335, 46.19907, -18815.44921875], [-120.85619, 46.20713, -19143.33007812]]], [[[-121.10594, 46.07695, -17236.13867188], [-121.1142, 46.06951, -17031.54492188], [-121.10071, 46.06774, -16831.83984375], [-121.10594, 46.07695, -17236.13867188]]], [[[-120.81699, 45.7981, -2756.78173828], [-120.82718, 45.80473, -3177.0090332], [-120.82917, 45.79457, -2896.94555664], [-120.81699, 45.7981, -2756.78173828]]], [[[-121.06151, 46.13164, -18421.74804688], [-121.05721, 46.13937, -18690.33203125], [-121.06474, 46.13668, -18642.80273438], [-121.06151, 46.13164, -18421.74804688]]], [[[-121.0751, 46.08993, -17127.328125], [-121.07599, 46.09908, -17462.79492188], [-121.08837, 46.09247, -17403.98828125], [-121.0751, 46.08993, -17127.328125]]], [[[-120.90177, 45.70669, -1048.29309082], [-120.89132, 45.70207, -706.43035889], [-120.89269, 45.71128, -1032.76025391], [-120.90177, 45.70669, -1048.29309082]]], [[[-120.84436, 46.01716, -11752.68652344], [-120.8401, 46.00966, -11424.09277344], [-120.83068, 46.01648, -11617.60058594], [-120.84436, 46.01716, -11752.68652344]]], [[[-120.96201, 46.17634, -19059.53515625], [-120.96778, 46.17882, -19220.90820312], [-120.96841, 46.17361, -19027.3125], [-120.96201, 46.17634, -19059.53515625]]], [[[-120.86624, 45.76843, -2564.49121094], [-120.86764, 45.75935, -2268.8737793], [-120.85391, 45.76408, -2355.04321289], [-120.86624, 45.76843, -2564.49121094]]], [[[-120.70794, 45.74511, -2.57084155], [-120.71918, 45.74136, -24.31180763], [-120.70856, 45.73615, 330.77999878], [-120.70794, 45.74511, -2.57084155]]], [[[-120.94562, 45.78384, -4438.66162109], [-120.95001, 45.79179, -4786.70947266], [-120.95916, 45.78485, -4575.56933594], [-120.94562, 45.78384, -4438.66162109]]], [[[-120.92877, 45.75232, -3065.94262695], [-120.9425, 45.75333, -3191.80932617], [-120.93784, 45.74535, -2844.53320312], [-120.92877, 45.75232, -3065.94262695]]], [[[-120.96417, 45.93811, -10047.88867188], [-120.97349, 45.93085, -9963.11914062], [-120.9599, 45.93027, -9706.29101562], [-120.96417, 45.93811, -10047.88867188]]], [[[-120.68697, 45.80338, -2049.90258789], [-120.67876, 45.81029, -2113.31738281], [-120.69188, 45.81089, -2400.09057617], [-120.68697, 45.80338, -2049.90258789]]], [[[-121.05524, 46.05789, -15695.62402344], [-121.04105, 46.05813, -15481.03417969], [-121.0453, 46.06642, -15838.13671875], [-121.05524, 46.05789, -15695.62402344]]], [[[-121.07336, 45.92273, -10561.8359375], [-121.08699, 45.92408, -10618.96289062], [-121.08269, 45.91621, -10274.38769531], [-121.07336, 45.92273, -10561.8359375]]], [[[-120.98977, 45.98547, -12108.125], [-120.99435, 45.99318, -12450.94921875], [-121.00326, 45.98585, -12357.04003906], [-120.98977, 45.98547, -12108.125]]], [[[-120.83876, 46.19823, -18576.09960938], [-120.82523, 46.19755, -18370.99414062], [-120.82954, 46.20538, -18714.43164062], [-120.83876, 46.19823, -18576.09960938]]], [[[-120.93447, 46.18492, -19057.86914062], [-120.93401, 46.19442, -19401.58984375], [-120.94404, 46.19003, -19347.41796875], [-120.93447, 46.18492, -19057.86914062]]], [[[-120.89065, 46.1259, -16388.43554688], [-120.87708, 46.12481, -16267.39257812], [-120.88147, 46.1328, -16614.81054688], [-120.89065, 46.1259, -16388.43554688]]], [[[-120.71762, 45.8579, -4448.84521484], [-120.73104, 45.85856, -4684.18066406], [-120.72665, 45.85073, -4342.13476562], [-120.71762, 45.8579, -4448.84521484]]], [[[-121.01575, 46.03265, -14168.55371094], [-121.01978, 46.04037, -14502.51171875], [-121.02928, 46.0332, -14423.84765625], [-121.01575, 46.03265, -14168.55371094]]], [[[-120.71965, 45.93323, -7386.11621094], [-120.70595, 45.93266, -7191.23144531], [-120.7106, 45.94041, -7536.52099609], [-120.71965, 45.93323, -7386.11621094]]], [[[-121.10594, 46.07695, -17236.13867188], [-121.10377, 46.08607, -17507.54492188], [-121.11941, 46.08082, -17522.14453125], [-121.10594, 46.07695, -17236.13867188]]], [[[-120.86422, 46.10128, -15244.73730469], [-120.85056, 46.1007, -15012.62988281], [-120.85516, 46.10847, -15359.90820312], [-120.86422, 46.10128, -15244.73730469]]], [[[-120.87031, 46.18488, -18438.04296875], [-120.88072, 46.18665, -18565.18359375], [-120.8832, 46.17907, -18199.41992188], [-120.87031, 46.18488, -18438.04296875]]], [[[-120.96201, 46.17634, -19059.53515625], [-120.96198, 46.18193, -19251.00390625], [-120.96778, 46.17882, -19220.90820312], [-120.96201, 46.17634, -19059.53515625]]], [[[-121.01337, 45.81241, -5745.30566406], [-121.01764, 45.82032, -6090.67382812], [-121.02691, 45.81381, -5794.90820312], [-121.01337, 45.81241, -5745.30566406]]], [[[-121.06151, 46.13164, -18421.74804688], [-121.05082, 46.13456, -18436.75390625], [-121.05721, 46.13937, -18690.33203125], [-121.06151, 46.13164, -18421.74804688]]], [[[-120.72116, 45.88873, -5537.64794922], [-120.73044, 45.88158, -5476.01904297], [-120.71735, 45.88086, -5191.12451172], [-120.72116, 45.88873, -5537.64794922]]], [[[-120.67049, 45.76437, -477.64562988], [-120.66071, 45.75931, -67.21684265], [-120.65809, 45.76848, -276.29190063], [-120.67049, 45.76437, -477.64562988]]], [[[-120.59, 45.767, 518.08001709], [-120.59826, 45.76988, 263.43325806], [-120.60227, 45.76493, 351.01971436], [-120.59, 45.767, 518.08001709]]], [[[-120.90857, 46.13337, -16830.25195312], [-120.89953, 46.14169, -17076.87695312], [-120.91119, 46.14172, -17176.10546875], [-120.90857, 46.13337, -16830.25195312]]], [[[-121.06151, 46.13164, -18421.74804688], [-121.05159, 46.12683, -18159.99023438], [-121.05082, 46.13456, -18436.75390625], [-121.06151, 46.13164, -18421.74804688]]], [[[-120.73403, 45.91225, -6563.59716797], [-120.74324, 45.90507, -6497.30175781], [-120.73011, 45.90429, -6213.83935547], [-120.73403, 45.91225, -6563.59716797]]], [[[-121.0751, 46.08993, -17127.328125], [-121.06185, 46.0885, -16871.08398438], [-121.06313, 46.09751, -17206.0625], [-121.0751, 46.08993, -17127.328125]]], [[[-120.8949, 46.13351, -16720.03515625], [-120.88586, 46.14042, -16948.87695312], [-120.89953, 46.14169, -17076.87695312], [-120.8949, 46.13351, -16720.03515625]]], [[[-120.80266, 46.0375, -12029.609375], [-120.78905, 46.03597, -11968.23046875], [-120.79339, 46.04422, -12325.31445312], [-120.80266, 46.0375, -12029.609375]]], [[[-121.06313, 46.09751, -17206.0625], [-121.06642, 46.10667, -17578.0546875], [-121.07599, 46.09908, -17462.79492188], [-121.06313, 46.09751, -17206.0625]]], [[[-120.71828, 45.97911, -8994.69824219], [-120.71408, 45.97123, -8652.36035156], [-120.70503, 45.97842, -8754.73828125], [-120.71828, 45.97911, -8994.69824219]]], [[[-121.0304, 45.98761, -12816.01855469], [-121.04373, 45.98808, -13105.03125], [-121.0395, 45.98026, -12765.18945312], [-121.0304, 45.98761, -12816.01855469]]], [[[-121.13331, 46.07773, -17333.6484375], [-121.12711, 46.07044, -17022.00195312], [-121.11941, 46.08082, -17522.14453125], [-121.13331, 46.07773, -17333.6484375]]], [[[-120.93664, 45.79108, -4524.28662109], [-120.94562, 45.78384, -4438.66162109], [-120.93236, 45.78306, -4176.16552734], [-120.93664, 45.79108, -4524.28662109]]], [[[-120.94177, 45.77586, -4095.78540039], [-120.95536, 45.77718, -4237.38476562], [-120.95086, 45.76886, -3872.85498047], [-120.94177, 45.77586, -4095.78540039]]], [[[-121.06642, 46.10667, -17578.0546875], [-121.07032, 46.11535, -17943.14257812], [-121.0797, 46.10781, -17826.42578125], [-121.06642, 46.10667, -17578.0546875]]], [[[-120.95452, 46.17829, -19019.98242188], [-120.94539, 46.18126, -19039.52148438], [-120.95395, 46.18559, -19294.08789062], [-120.95452, 46.17829, -19019.98242188]]], [[[-120.91986, 46.08227, -15024.15234375], [-120.93346, 46.08335, -15068.31054688], [-120.92961, 46.07562, -14730.39355469], [-120.91986, 46.08227, -15024.15234375]]], [[[-120.8905, 46.2019, -19223.10546875], [-120.88796, 46.20708, -19442.43359375], [-120.89897, 46.20522, -19363.65429688], [-120.8905, 46.2019, -19223.10546875]]], [[[-120.89953, 46.14169, -17076.87695312], [-120.89034, 46.14834, -17294.73046875], [-120.90549, 46.15037, -17455.50195312], [-120.89953, 46.14169, -17076.87695312]]], [[[-120.98727, 46.08166, -15451.37988281], [-120.97069, 46.08776, -15354.16308594], [-120.98345, 46.09021, -15638.67578125], [-120.98727, 46.08166, -15451.37988281]]], [[[-121.05003, 46.09579, -16921.88476562], [-121.06313, 46.09751, -17206.0625], [-121.06185, 46.0885, -16871.08398438], [-121.05003, 46.09579, -16921.88476562]]], [[[-120.96774, 46.16659, -18708.74609375], [-120.95875, 46.17126, -18830.41015625], [-120.96841, 46.17361, -19027.3125], [-120.96774, 46.16659, -18708.74609375]]], [[[-120.88796, 46.20708, -19442.43359375], [-120.8855, 46.21269, -19645.99414062], [-120.89229, 46.2107, -19615.23242188], [-120.88796, 46.20708, -19442.43359375]]], [[[-120.91119, 46.14172, -17176.10546875], [-120.90549, 46.15037, -17455.50195312], [-120.91989, 46.14828, -17510.28125], [-120.91119, 46.14172, -17176.10546875]]], [[[-120.88533, 46.16311, -17740.22460938], [-120.89606, 46.15647, -17663.44335938], [-120.88111, 46.15549, -17408.1015625], [-120.88533, 46.16311, -17740.22460938]]], [[[-121.05159, 46.12683, -18159.99023438], [-121.06151, 46.13164, -18421.74804688], [-121.06263, 46.12247, -18060.37304688], [-121.05159, 46.12683, -18159.99023438]]], [[[-120.85414, 45.8329, -4711.81689453], [-120.8442, 45.84096, -4699.14941406], [-120.85859, 45.84053, -5057.09912109], [-120.85414, 45.8329, -4711.81689453]]], [[[-120.83488, 46.024, -11945.43261719], [-120.82544, 46.03091, -12181.70800781], [-120.83916, 46.032, -12294.30664062], [-120.83488, 46.024, -11945.43261719]]], [[[-120.98566, 46.14699, -17805.73046875], [-120.99205, 46.15562, -18182.9765625], [-120.9988, 46.14769, -17929.76757812], [-120.98566, 46.14699, -17805.73046875]]], [[[-120.65979, 45.82344, -2617.11743164], [-120.65581, 45.81615, -2300.49243164], [-120.64626, 45.82313, -2420.73657227], [-120.65979, 45.82344, -2617.11743164]]], [[[-120.97909, 45.74941, -2994.93383789], [-120.9835, 45.75728, -3338.56542969], [-120.99268, 45.75079, -3038.3059082], [-120.97909, 45.74941, -2994.93383789]]], [[[-121.11053, 46.03853, -15619.50390625], [-121.1244, 46.03976, -15622.96484375], [-121.11972, 46.03194, -15281.77832031], [-121.11053, 46.03853, -15619.50390625]]], [[[-120.72686, 45.99473, -9678.07519531], [-120.73637, 45.98767, -9594.34667969], [-120.72278, 45.98686, -9338.04785156], [-120.72686, 45.99473, -9678.07519531]]], [[[-121.05006, 46.1189, -17849.484375], [-121.05159, 46.12683, -18159.99023438], [-121.06263, 46.12247, -18060.37304688], [-121.05006, 46.1189, -17849.484375]]], [[[-121.10597, 46.03017, -15253.24902344], [-121.11053, 46.03853, -15619.50390625], [-121.11972, 46.03194, -15281.77832031], [-121.10597, 46.03017, -15253.24902344]]], [[[-120.68386, 45.79456, -1714.671875], [-120.68727, 45.78552, -1460.63464355], [-120.67174, 45.79156, -1285.32434082], [-120.68386, 45.79456, -1714.671875]]], [[[-120.91581, 45.72868, -2032.09240723], [-120.92048, 45.7365, -2378.38354492], [-120.92958, 45.72951, -2148.73144531], [-120.91581, 45.72868, -2032.09240723]]], [[[-121.15088, 46.06447, -16753.31835938], [-121.16457, 46.06581, -16821.31835938], [-121.16025, 46.05794, -16476.7421875], [-121.15088, 46.06447, -16753.31835938]]], [[[-121.01264, 46.07439, -15758.39746094], [-121.00058, 46.08193, -15860.52929688], [-121.01284, 46.08523, -16188.59082031], [-121.01264, 46.07439, -15758.39746094]]], [[[-121.06479, 46.05067, -15567.50488281], [-121.05524, 46.05789, -15695.62402344], [-121.06927, 46.05838, -15908.27636719], [-121.06479, 46.05067, -15567.50488281]]], [[[-120.74775, 45.77746, -1712.19958496], [-120.75925, 45.77391, -1512.65661621], [-120.74829, 45.76827, -1286.97668457], [-120.74775, 45.77746, -1712.19958496]]], [[[-120.88586, 46.14042, -16948.87695312], [-120.88147, 46.1328, -16614.81054688], [-120.87222, 46.14005, -16725.12890625], [-120.88586, 46.14042, -16948.87695312]]], [[[-120.87371, 46.09453, -15020.37109375], [-120.86422, 46.10128, -15244.73730469], [-120.878, 46.10252, -15368.88085938], [-120.87371, 46.09453, -15020.37109375]]], [[[-121.05159, 46.12683, -18159.99023438], [-121.05006, 46.1189, -17849.484375], [-121.03809, 46.12103, -17787.62890625], [-121.05159, 46.12683, -18159.99023438]]], [[[-120.82652, 45.82074, -3703.10888672], [-120.82, 45.82736, -3853.43945312], [-120.83604, 45.82577, -4039.00024414], [-120.82652, 45.82074, -3703.10888672]]], [[[-121.05082, 46.13456, -18436.75390625], [-121.0483, 46.14333, -18745.81835938], [-121.05721, 46.13937, -18690.33203125], [-121.05082, 46.13456, -18436.75390625]]], [[[-120.80989, 46.09806, -14546.80957031], [-120.79635, 46.09743, -14372.85351562], [-120.80034, 46.10481, -14693.13671875], [-120.80989, 46.09806, -14546.80957031]]], [[[-120.8982, 46.18258, -18648.74023438], [-120.91255, 46.18505, -18915.77539062], [-120.91048, 46.17579, -18537.50585938], [-120.8982, 46.18258, -18648.74023438]]], [[[-121.13331, 46.07773, -17333.6484375], [-121.14684, 46.08215, -17484.94726562], [-121.1417, 46.07181, -17029.38671875], [-121.13331, 46.07773, -17333.6484375]]], [[[-120.98449, 46.07095, -15091.80078125], [-120.99709, 46.07291, -15493.60644531], [-120.99125, 46.06217, -15026.09472656], [-120.98449, 46.07095, -15091.80078125]]], [[[-120.65423, 45.77717, -709.05145264], [-120.64518, 45.77159, -481.89907837], [-120.63946, 45.78206, -845.13769531], [-120.65423, 45.77717, -709.05145264]]], [[[-121.11458, 46.04593, -15944.20996094], [-121.12822, 46.04738, -15958.54199219], [-121.1244, 46.03976, -15622.96484375], [-121.11458, 46.04593, -15944.20996094]]], [[[-120.91119, 46.14172, -17176.10546875], [-120.89953, 46.14169, -17076.87695312], [-120.90549, 46.15037, -17455.50195312], [-120.91119, 46.14172, -17176.10546875]]], [[[-121.00797, 45.82705, -6315.46240234], [-121.02179, 45.82822, -6435.22900391], [-121.01764, 45.82032, -6090.67382812], [-121.00797, 45.82705, -6315.46240234]]], [[[-121.05159, 46.12683, -18159.99023438], [-121.03809, 46.12103, -17787.62890625], [-121.04023, 46.13001, -18159.95117188], [-121.05159, 46.12683, -18159.99023438]]], [[[-120.90688, 46.05887, -14000.24023438], [-120.89718, 46.06557, -14166.234375], [-120.91114, 46.06635, -14327.09375], [-120.90688, 46.05887, -14000.24023438]]], [[[-120.77009, 45.78915, -2183.14746094], [-120.77035, 45.77976, -1780.53552246], [-120.75859, 45.78331, -1936.01220703], [-120.77009, 45.78915, -2183.14746094]]], [[[-120.71965, 45.93323, -7386.11621094], [-120.71564, 45.9259, -7067.63476562], [-120.70595, 45.93266, -7191.23144531], [-120.71965, 45.93323, -7386.11621094]]], [[[-120.91538, 46.09715, -15556.76855469], [-120.91038, 46.08913, -15197.25488281], [-120.90137, 46.09624, -15354.39648438], [-120.91538, 46.09715, -15556.76855469]]], [[[-120.89696, 45.76596, -2964.88427734], [-120.90616, 45.75881, -2848.26757812], [-120.8922, 45.75753, -2594.42651367], [-120.89696, 45.76596, -2964.88427734]]], [[[-121.05978, 46.06485, -16010.88769531], [-121.06927, 46.05838, -15908.27636719], [-121.05524, 46.05789, -15695.62402344], [-121.05978, 46.06485, -16010.88769531]]], [[[-120.90697, 45.71364, -1367.81408691], [-120.9134, 45.70432, -1061.37255859], [-120.90177, 45.70669, -1048.29309082], [-120.90697, 45.71364, -1367.81408691]]], [[[-120.842, 45.86609, -5561.23779297], [-120.82719, 45.86566, -5492.15380859], [-120.83119, 45.87354, -5840.93457031], [-120.842, 45.86609, -5561.23779297]]], [[[-120.61124, 45.80616, -1199.10852051], [-120.62029, 45.79892, -1125.40551758], [-120.60699, 45.79833, -855.6708374], [-120.61124, 45.80616, -1199.10852051]]], [[[-120.90621, 45.73538, -2092.51708984], [-120.91581, 45.72868, -2032.09240723], [-120.90331, 45.7271, -1764.59008789], [-120.90621, 45.73538, -2092.51708984]]], [[[-120.88072, 46.18665, -18565.18359375], [-120.88352, 46.19494, -18929.29101562], [-120.89087, 46.19022, -18710.953125], [-120.88072, 46.18665, -18565.18359375]]], [[[-120.73896, 45.89709, -6152.21923828], [-120.73011, 45.90429, -6213.83935547], [-120.74324, 45.90507, -6497.30175781], [-120.73896, 45.89709, -6152.21923828]]], [[[-120.8905, 46.2019, -19223.10546875], [-120.89897, 46.20522, -19363.65429688], [-120.89605, 46.19763, -19051.91796875], [-120.8905, 46.2019, -19223.10546875]]], [[[-120.87708, 46.12481, -16267.39257812], [-120.87298, 46.11711, -15934.14550781], [-120.86344, 46.12412, -16031.58398438], [-120.87708, 46.12481, -16267.39257812]]], [[[-120.70537, 45.95563, -7966.92919922], [-120.71478, 45.94863, -7888.96240234], [-120.70133, 45.94773, -7626.94677734], [-120.70537, 45.95563, -7966.92919922]]], [[[-120.89606, 46.15647, -17663.44335938], [-120.90549, 46.15037, -17455.50195312], [-120.89034, 46.14834, -17294.73046875], [-120.89606, 46.15647, -17663.44335938]]], [[[-121.05082, 46.13456, -18436.75390625], [-121.05159, 46.12683, -18159.99023438], [-121.04023, 46.13001, -18159.95117188], [-121.05082, 46.13456, -18436.75390625]]], [[[-121.04023, 46.13001, -18159.95117188], [-121.04006, 46.13862, -18483.06640625], [-121.05082, 46.13456, -18436.75390625], [-121.04023, 46.13001, -18159.95117188]]], [[[-120.977, 46.17088, -18889.35546875], [-120.98843, 46.16885, -18821.1875], [-120.98032, 46.16252, -18541.2890625], [-120.977, 46.17088, -18889.35546875]]], [[[-121.03411, 46.01832, -13978.58203125], [-121.04763, 46.01891, -14184.5546875], [-121.04335, 46.01126, -13848.78320312], [-121.03411, 46.01832, -13978.58203125]]], [[[-120.93713, 45.76818, -3755.23730469], [-120.95086, 45.76886, -3872.85498047], [-120.94652, 45.76143, -3549.38867188], [-120.93713, 45.76818, -3755.23730469]]], [[[-121.11941, 46.08082, -17522.14453125], [-121.13417, 46.08426, -17629.828125], [-121.13331, 46.07773, -17333.6484375], [-121.11941, 46.08082, -17522.14453125]]], [[[-121.05524, 46.05789, -15695.62402344], [-121.06479, 46.05067, -15567.50488281], [-121.0512, 46.04982, -15349.95996094], [-121.05524, 46.05789, -15695.62402344]]], [[[-121.00032, 46.10066, -16365.20507812], [-121.00502, 46.10909, -16735.26171875], [-121.01331, 46.10249, -16783.0234375], [-121.00032, 46.10066, -16365.20507812]]], [[[-121.10071, 46.06774, -16831.83984375], [-121.0876, 46.06621, -16533.91015625], [-121.09295, 46.07481, -16921.3359375], [-121.10071, 46.06774, -16831.83984375]]], [[[-120.78174, 45.76408, -1036.88867188], [-120.78159, 45.77357, -1408.07727051], [-120.7924, 45.7682, -1318.70629883], [-120.78174, 45.76408, -1036.88867188]]], [[[-120.74543, 45.78677, -2028.83752441], [-120.7566, 45.79254, -2368.99926758], [-120.75859, 45.78331, -1936.01220703], [-120.74543, 45.78677, -2028.83752441]]], [[[-120.93362, 46.14286, -17458.56640625], [-120.92224, 46.13818, -17163.16796875], [-120.91989, 46.14828, -17510.28125], [-120.93362, 46.14286, -17458.56640625]]], [[[-120.96841, 46.17361, -19027.3125], [-120.96778, 46.17882, -19220.90820312], [-120.97473, 46.17744, -19179.578125], [-120.96841, 46.17361, -19027.3125]]], [[[-120.92816, 45.77543, -3842.54150391], [-120.94177, 45.77586, -4095.78540039], [-120.93713, 45.76818, -3755.23730469], [-120.92816, 45.77543, -3842.54150391]]], [[[-120.80713, 45.75663, -1211.07885742], [-120.81803, 45.76194, -1728.44763184], [-120.81804, 45.75203, -1432.18310547], [-120.80713, 45.75663, -1211.07885742]]], [[[-120.93884, 45.72313, -1796.48596191], [-120.9433, 45.7313, -2154.1472168], [-120.95242, 45.72454, -1839.90429688], [-120.93884, 45.72313, -1796.48596191]]], [[[-121.13417, 46.08426, -17629.828125], [-121.12792, 46.0877, -17826.81835938], [-121.13848, 46.09085, -17916.06445312], [-121.13417, 46.08426, -17629.828125]]], [[[-120.93403, 45.73782, -2512.85205078], [-120.94765, 45.73935, -2507.0456543], [-120.9433, 45.7313, -2154.1472168], [-120.93403, 45.73782, -2512.85205078]]], [[[-120.70988, 45.96339, -8311.27148438], [-120.7188, 45.95598, -8208.9609375], [-120.70537, 45.95563, -7966.92919922], [-120.70988, 45.96339, -8311.27148438]]], [[[-121.10078, 46.04484, -15953.90917969], [-121.11458, 46.04593, -15944.20996094], [-121.11053, 46.03853, -15619.50390625], [-121.10078, 46.04484, -15953.90917969]]], [[[-120.70524, 45.8116, -2639.71826172], [-120.69188, 45.81089, -2400.09057617], [-120.69628, 45.81891, -2750.12109375], [-120.70524, 45.8116, -2639.71826172]]], [[[-121.04006, 46.13862, -18483.06640625], [-121.04023, 46.13001, -18159.95117188], [-121.02803, 46.13662, -18187.39453125], [-121.04006, 46.13862, -18483.06640625]]], [[[-120.87298, 46.11711, -15934.14550781], [-120.85941, 46.11653, -15705.57910156], [-120.86344, 46.12412, -16031.58398438], [-120.87298, 46.11711, -15934.14550781]]], [[[-120.69171, 45.83391, -3143.26098633], [-120.67792, 45.83281, -3137.30273438], [-120.68226, 45.84028, -3464.20263672], [-120.69171, 45.83391, -3143.26098633]]], [[[-120.9494, 45.69421, -585.9989624], [-120.93894, 45.70077, -797.37475586], [-120.95344, 45.70215, -932.03100586], [-120.9494, 45.69421, -585.9989624]]], [[[-121.0876, 46.06621, -16533.91015625], [-121.10071, 46.06774, -16831.83984375], [-121.09616, 46.05952, -16472.70117188], [-121.0876, 46.06621, -16533.91015625]]], [[[-120.6985, 45.79056, -1770.24560547], [-120.68727, 45.78552, -1460.63464355], [-120.68386, 45.79456, -1714.671875], [-120.6985, 45.79056, -1770.24560547]]], [[[-120.77297, 45.9827, -9635.58984375], [-120.75914, 45.98164, -9605.25976562], [-120.76354, 45.98914, -9933.72949219], [-120.77297, 45.9827, -9635.58984375]]], [[[-121.02986, 46.14614, -18529.6015625], [-121.04006, 46.13862, -18483.06640625], [-121.02803, 46.13662, -18187.39453125], [-121.02986, 46.14614, -18529.6015625]]], [[[-121.12347, 46.06219, -16656.88085938], [-121.13716, 46.06338, -16659.48828125], [-121.13284, 46.05575, -16325.2421875], [-121.12347, 46.06219, -16656.88085938]]], [[[-120.8889, 46.17034, -18042.984375], [-120.87611, 46.17067, -17842.15625], [-120.8832, 46.17907, -18199.41992188], [-120.8889, 46.17034, -18042.984375]]], [[[-120.91891, 45.78271, -3885.45825195], [-120.92342, 45.79045, -4229.29931641], [-120.93236, 45.78306, -4176.16552734], [-120.91891, 45.78271, -3885.45825195]]], [[[-121.08303, 46.03591, -15440.22363281], [-121.08718, 46.04379, -15781.22949219], [-121.0968, 46.03685, -15606.18164062], [-121.08303, 46.03591, -15440.22363281]]], [[[-120.88123, 45.70718, -662.03210449], [-120.89132, 45.70207, -706.43035889], [-120.88043, 45.69802, -350.17370605], [-120.88123, 45.70718, -662.03210449]]], [[[-121.10526, 46.05235, -16283.47949219], [-121.11907, 46.05408, -16301.11230469], [-121.11458, 46.04593, -15944.20996094], [-121.10526, 46.05235, -16283.47949219]]], [[[-121.12347, 46.06219, -16656.88085938], [-121.13284, 46.05575, -16325.2421875], [-121.11907, 46.05408, -16301.11230469], [-121.12347, 46.06219, -16656.88085938]]], [[[-120.98449, 46.07095, -15091.80078125], [-120.98727, 46.08166, -15451.37988281], [-120.99709, 46.07291, -15493.60644531], [-120.98449, 46.07095, -15091.80078125]]], [[[-120.81444, 45.8178, -3430.7409668], [-120.81588, 45.80803, -3089.12548828], [-120.80297, 45.81188, -3084.42700195], [-120.81444, 45.8178, -3430.7409668]]], [[[-120.91989, 46.14828, -17510.28125], [-120.91405, 46.15756, -17798.80859375], [-120.93097, 46.15256, -17800.31835938], [-120.91989, 46.14828, -17510.28125]]], [[[-121.0968, 46.03685, -15606.18164062], [-121.11053, 46.03853, -15619.50390625], [-121.10597, 46.03017, -15253.24902344], [-121.0968, 46.03685, -15606.18164062]]], [[[-120.99125, 46.06217, -15026.09472656], [-121.0037, 46.06075, -15149.45410156], [-121.00094, 46.05401, -14865.10253906], [-120.99125, 46.06217, -15026.09472656]]], [[[-120.73243, 45.95665, -8403.28222656], [-120.7419, 45.94977, -8221.76953125], [-120.72826, 45.94916, -8076.77636719], [-120.73243, 45.95665, -8403.28222656]]], [[[-121.02986, 46.14614, -18529.6015625], [-121.03983, 46.14804, -18796.49609375], [-121.04006, 46.13862, -18483.06640625], [-121.02986, 46.14614, -18529.6015625]]], [[[-120.7924, 45.7682, -1318.70629883], [-120.80332, 45.76488, -1391.16479492], [-120.79243, 45.75807, -962.67919922], [-120.7924, 45.7682, -1318.70629883]]], [[[-120.90644, 46.19806, -19313.79882812], [-120.90915, 46.20334, -19537.87695312], [-120.91666, 46.19956, -19500.81835938], [-120.90644, 46.19806, -19313.79882812]]], [[[-120.8889, 46.17034, -18042.984375], [-120.89791, 46.17391, -18328.77734375], [-120.90022, 46.16444, -18007.58007812], [-120.8889, 46.17034, -18042.984375]]], [[[-120.97986, 45.72716, -2004.58007812], [-120.97069, 45.73362, -2305.64990234], [-120.98413, 45.73503, -2349.15551758], [-120.97986, 45.72716, -2004.58007812]]], [[[-120.977, 46.17088, -18889.35546875], [-120.96841, 46.17361, -19027.3125], [-120.97473, 46.17744, -19179.578125], [-120.977, 46.17088, -18889.35546875]]], [[[-120.90616, 45.75881, -2848.26757812], [-120.91953, 45.75954, -3150.02319336], [-120.91537, 45.75163, -2807.78344727], [-120.90616, 45.75881, -2848.26757812]]], [[[-120.76822, 45.97492, -9298.91015625], [-120.76446, 45.96703, -8951.22558594], [-120.75463, 45.97335, -9245.23730469], [-120.76822, 45.97492, -9298.91015625]]], [[[-121.02986, 46.14614, -18529.6015625], [-121.03344, 46.15322, -18831.07421875], [-121.03983, 46.14804, -18796.49609375], [-121.02986, 46.14614, -18529.6015625]]], [[[-121.10078, 46.04484, -15953.90917969], [-121.11053, 46.03853, -15619.50390625], [-121.0968, 46.03685, -15606.18164062], [-121.10078, 46.04484, -15953.90917969]]], [[[-121.02829, 46.06752, -15623.93261719], [-121.0453, 46.06642, -15838.13671875], [-121.04105, 46.05813, -15481.03417969], [-121.02829, 46.06752, -15623.93261719]]], [[[-120.78268, 45.79187, -2293.78955078], [-120.79521, 45.78676, -2043.9621582], [-120.78268, 45.78267, -1843.69543457], [-120.78268, 45.79187, -2293.78955078]]], [[[-121.13417, 46.08426, -17629.828125], [-121.13848, 46.09085, -17916.06445312], [-121.14684, 46.08215, -17484.94726562], [-121.13417, 46.08426, -17629.828125]]], [[[-120.79305, 45.77777, -1681.16333008], [-120.80235, 45.77444, -1694.62805176], [-120.7924, 45.7682, -1318.70629883], [-120.79305, 45.77777, -1681.16333008]]], [[[-120.94176, 46.15841, -18133.82421875], [-120.92677, 46.16145, -18081.8984375], [-120.93786, 46.16699, -18419.74414062], [-120.94176, 46.15841, -18133.82421875]]], [[[-120.69992, 45.84961, -3829.94897461], [-120.69589, 45.84172, -3484.1027832], [-120.68615, 45.84809, -3800.85375977], [-120.69992, 45.84961, -3829.94897461]]], [[[-121.09147, 46.05178, -16128.05273438], [-121.09616, 46.05952, -16472.70117188], [-121.10526, 46.05235, -16283.47949219], [-121.09147, 46.05178, -16128.05273438]]], [[[-120.84786, 46.22229, -19549.00390625], [-120.84552, 46.22732, -19703.63085938], [-120.85002, 46.22843, -19794.234375], [-120.84786, 46.22229, -19549.00390625]]], [[[-120.96019, 45.7625, -3521.59423828], [-120.96455, 45.77058, -3875.37866211], [-120.97372, 45.76386, -3556.83935547], [-120.96019, 45.7625, -3521.59423828]]], [[[-120.76, 45.95916, -8608.87890625], [-120.74616, 45.95794, -8575.3046875], [-120.75085, 45.96576, -8918.55175781], [-120.76, 45.95916, -8608.87890625]]], [[[-121.04697, 45.89807, -9420.03515625], [-121.06058, 45.89908, -9529.44921875], [-121.05617, 45.89121, -9185.45605469], [-121.04697, 45.89807, -9420.03515625]]], [[[-121.04848, 46.07733, -16269.20214844], [-121.0453, 46.06642, -15838.13671875], [-121.03706, 46.07424, -15965.32421875], [-121.04848, 46.07733, -16269.20214844]]], [[[-120.67408, 45.80184, -1745.26916504], [-120.67174, 45.79156, -1285.32434082], [-120.66115, 45.80044, -1737.7121582], [-120.67408, 45.80184, -1745.26916504]]], [[[-121.14684, 46.08215, -17484.94726562], [-121.15327, 46.08942, -17794.49414062], [-121.16009, 46.08092, -17472.50195312], [-121.14684, 46.08215, -17484.94726562]]], [[[-120.89606, 46.15647, -17663.44335938], [-120.89034, 46.14834, -17294.73046875], [-120.88111, 46.15549, -17408.1015625], [-120.89606, 46.15647, -17663.44335938]]], [[[-121.02986, 46.14614, -18529.6015625], [-121.02211, 46.15431, -18510.22460938], [-121.03344, 46.15322, -18831.07421875], [-121.02986, 46.14614, -18529.6015625]]], [[[-120.75214, 46.06452, -12532.55273438], [-120.76119, 46.05736, -12415.89453125], [-120.74785, 46.0567, -12189.11523438], [-120.75214, 46.06452, -12532.55273438]]], [[[-120.98538, 46.1135, -16488.83984375], [-120.99863, 46.11554, -16771.73828125], [-120.99207, 46.10724, -16368.81738281], [-120.98538, 46.1135, -16488.83984375]]], [[[-121.02122, 45.99485, -12953.4140625], [-121.03479, 45.99542, -13158.86132812], [-121.0304, 45.98761, -12816.01855469], [-121.02122, 45.99485, -12953.4140625]]], [[[-121.11138, 46.01638, -14598.60351562], [-121.12515, 46.01718, -14687.03125], [-121.12058, 46.00937, -14345.68164062], [-121.11138, 46.01638, -14598.60351562]]], [[[-120.8889, 46.17034, -18042.984375], [-120.90022, 46.16444, -18007.58007812], [-120.88533, 46.16311, -17740.22460938], [-120.8889, 46.17034, -18042.984375]]], [[[-121.07814, 46.05113, -15852.59277344], [-121.08718, 46.04379, -15781.22949219], [-121.07373, 46.04315, -15503.91503906], [-121.07814, 46.05113, -15852.59277344]]], [[[-121.11645, 46.00147, -14000.85546875], [-121.13004, 46.00282, -14064.71582031], [-121.12573, 45.99495, -13720.140625], [-121.11645, 46.00147, -14000.85546875]]], [[[-121.01121, 46.02484, -13823.34179688], [-121.02463, 46.0253, -14074.43261719], [-121.0206, 46.0178, -13748.54785156], [-121.01121, 46.02484, -13823.34179688]]], [[[-120.81767, 45.78849, -2454.08544922], [-120.81934, 45.77853, -2173.17236328], [-120.80704, 45.78253, -2052.63110352], [-120.81767, 45.78849, -2454.08544922]]], [[[-121.07934, 46.0054, -14231.46679688], [-121.09307, 46.00657, -14218.32421875], [-121.08903, 45.99916, -13893.69433594], [-121.07934, 46.0054, -14231.46679688]]], [[[-120.92385, 45.76742, -3494.16845703], [-120.93298, 45.76019, -3408.71142578], [-120.91953, 45.75954, -3150.02319336], [-120.92385, 45.76742, -3494.16845703]]], [[[-120.9126, 46.16682, -18172.34960938], [-120.91048, 46.17579, -18537.50585938], [-120.92477, 46.17051, -18410.8671875], [-120.9126, 46.16682, -18172.34960938]]], [[[-121.06162, 45.99653, -13725.52246094], [-121.06575, 46.00437, -14064.74609375], [-121.0754, 45.99747, -13886.21484375], [-121.06162, 45.99653, -13725.52246094]]], [[[-120.93097, 46.15256, -17800.31835938], [-120.92677, 46.16145, -18081.8984375], [-120.94176, 46.15841, -18133.82421875], [-120.93097, 46.15256, -17800.31835938]]], [[[-120.7419, 45.94977, -8221.76953125], [-120.73243, 45.95665, -8403.28222656], [-120.74616, 45.95794, -8575.3046875], [-120.7419, 45.94977, -8221.76953125]]], [[[-121.02211, 46.15431, -18510.22460938], [-121.02986, 46.14614, -18529.6015625], [-121.01966, 46.14341, -18110.84960938], [-121.02211, 46.15431, -18510.22460938]]], [[[-121.10597, 46.03017, -15253.24902344], [-121.11972, 46.03194, -15281.77832031], [-121.11555, 46.02376, -14921.92675781], [-121.10597, 46.03017, -15253.24902344]]], [[[-120.8832, 46.17907, -18199.41992188], [-120.8982, 46.18258, -18648.74023438], [-120.89791, 46.17391, -18328.77734375], [-120.8832, 46.17907, -18199.41992188]]], [[[-120.70411, 45.76333, -658.81811523], [-120.69351, 45.75791, -350.14022827], [-120.69279, 45.7669, -740.96942139], [-120.70411, 45.76333, -658.81811523]]], [[[-121.06162, 45.99653, -13725.52246094], [-121.0754, 45.99747, -13886.21484375], [-121.07063, 45.98936, -13530.66503906], [-121.06162, 45.99653, -13725.52246094]]], [[[-120.71325, 45.85005, -4104.70556641], [-120.70451, 45.85736, -4165.86865234], [-120.71762, 45.8579, -4448.84521484], [-120.71325, 45.85005, -4104.70556641]]], [[[-120.97481, 45.74154, -2651.54736328], [-120.97909, 45.74941, -2994.93383789], [-120.98841, 45.74291, -2693.73071289], [-120.97481, 45.74154, -2651.54736328]]], [[[-121.07373, 46.04315, -15503.91503906], [-121.08718, 46.04379, -15781.22949219], [-121.08303, 46.03591, -15440.22363281], [-121.07373, 46.04315, -15503.91503906]]], [[[-121.02211, 46.15431, -18510.22460938], [-121.01966, 46.14341, -18110.84960938], [-121.01226, 46.14964, -18177.50585938], [-121.02211, 46.15431, -18510.22460938]]], [[[-120.75251, 46.04176, -11731.30957031], [-120.74839, 46.03386, -11390.41308594], [-120.73928, 46.04104, -11502.24023438], [-120.75251, 46.04176, -11731.30957031]]], [[[-121.06999, 46.01232, -14409.54589844], [-121.0746, 46.02009, -14754.05761719], [-121.08381, 46.01302, -14565.31152344], [-121.06999, 46.01232, -14409.54589844]]], [[[-120.97489, 46.07858, -15093.70019531], [-120.98449, 46.07095, -15091.80078125], [-120.97036, 46.07002, -14721.70117188], [-120.97489, 46.07858, -15093.70019531]]], [[[-121.10673, 46.00812, -14236.796875], [-121.12058, 46.00937, -14345.68164062], [-121.11645, 46.00147, -14000.85546875], [-121.10673, 46.00812, -14236.796875]]], [[[-120.85329, 45.73612, -1223.92504883], [-120.85559, 45.72733, -971.71697998], [-120.84118, 45.73146, -940.47497559], [-120.85329, 45.73612, -1223.92504883]]], [[[-121.07283, 46.06626, -16239.38574219], [-121.05978, 46.06485, -16010.88769531], [-121.05797, 46.07165, -16219.60058594], [-121.07283, 46.06626, -16239.38574219]]], [[[-120.95875, 46.17126, -18830.41015625], [-120.95305, 46.16465, -18507.625], [-120.947, 46.17293, -18741.04101562], [-120.95875, 46.17126, -18830.41015625]]], [[[-120.95418, 46.15534, -18191.25390625], [-120.95305, 46.16465, -18507.625], [-120.96667, 46.15866, -18348.09960938], [-120.95418, 46.15534, -18191.25390625]]], [[[-120.66421, 45.83157, -2970.24243164], [-120.65979, 45.82344, -2617.11743164], [-120.65067, 45.83056, -2751.13647461], [-120.66421, 45.83157, -2970.24243164]]], [[[-120.98658, 45.78772, -4598.07128906], [-120.97297, 45.78615, -4557.97802734], [-120.97751, 45.79449, -4923.31396484], [-120.98658, 45.78772, -4598.07128906]]], [[[-121.08993, 45.97699, -12871.4609375], [-121.10363, 45.97781, -12967.50390625], [-121.09908, 45.96999, -12625.85449219], [-121.08993, 45.97699, -12871.4609375]]], [[[-121.00495, 46.06727, -15418.41992188], [-120.99125, 46.06217, -15026.09472656], [-120.99709, 46.07291, -15493.60644531], [-121.00495, 46.06727, -15418.41992188]]], [[[-121.00624, 46.15498, -18276.3828125], [-121.02211, 46.15431, -18510.22460938], [-121.01226, 46.14964, -18177.50585938], [-121.00624, 46.15498, -18276.3828125]]], [[[-121.10284, 46.00035, -13894.875], [-121.08903, 45.99916, -13893.69433594], [-121.09307, 46.00657, -14218.32421875], [-121.10284, 46.00035, -13894.875]]], [[[-121.00893, 45.80459, -5403.43408203], [-121.01834, 45.79806, -5105.7578125], [-121.00491, 45.79666, -5057.55761719], [-121.00893, 45.80459, -5403.43408203]]], [[[-120.91411, 45.79746, -4340.33691406], [-120.92342, 45.79045, -4229.29931641], [-120.90991, 45.79002, -4013.75830078], [-120.91411, 45.79746, -4340.33691406]]], [[[-120.88072, 46.18665, -18565.18359375], [-120.87391, 46.19388, -18818.203125], [-120.88352, 46.19494, -18929.29101562], [-120.88072, 46.18665, -18565.18359375]]], [[[-121.05797, 46.07165, -16219.60058594], [-121.04848, 46.07733, -16269.20214844], [-121.06135, 46.08037, -16577.78320312], [-121.05797, 46.07165, -16219.60058594]]], [[[-121.07234, 45.94502, -11470.07324219], [-121.08209, 45.93845, -11248.45703125], [-121.06846, 45.93752, -11143.01171875], [-121.07234, 45.94502, -11470.07324219]]], [[[-120.95452, 46.17829, -19019.98242188], [-120.95875, 46.17126, -18830.41015625], [-120.947, 46.17293, -18741.04101562], [-120.95452, 46.17829, -19019.98242188]]], [[[-120.83706, 45.81741, -3794.92089844], [-120.84668, 45.81689, -4069.17919922], [-120.8409, 45.80891, -3658.89208984], [-120.83706, 45.81741, -3794.92089844]]], [[[-121.06999, 46.01232, -14409.54589844], [-121.08381, 46.01302, -14565.31152344], [-121.07934, 46.0054, -14231.46679688], [-121.06999, 46.01232, -14409.54589844]]], [[[-121.03769, 46.04895, -15107.27050781], [-121.0512, 46.04982, -15349.95996094], [-121.04668, 46.04162, -14991.60742188], [-121.03769, 46.04895, -15107.27050781]]], [[[-120.94176, 46.15841, -18133.82421875], [-120.95305, 46.16465, -18507.625], [-120.95418, 46.15534, -18191.25390625], [-120.94176, 46.15841, -18133.82421875]]], [[[-121.10189, 46.02267, -14924.39941406], [-121.10597, 46.03017, -15253.24902344], [-121.11555, 46.02376, -14921.92675781], [-121.10189, 46.02267, -14924.39941406]]], [[[-120.94516, 45.80687, -5211.07714844], [-120.9585, 45.8075, -5471.91162109], [-120.9544, 45.79959, -5129.05029297], [-120.94516, 45.80687, -5211.07714844]]], [[[-120.73344, 45.79084, -2005.77148438], [-120.73501, 45.78123, -1662.64709473], [-120.7237, 45.78427, -1653.61132812], [-120.73344, 45.79084, -2005.77148438]]], [[[-120.95778, 45.71, -1274.78198242], [-120.96212, 45.71789, -1619.26977539], [-120.97133, 45.7114, -1315.42956543], [-120.95778, 45.71, -1274.78198242]]], [[[-121.11972, 46.03194, -15281.77832031], [-121.13363, 46.03295, -15376.12402344], [-121.12926, 46.0251, -15033.12109375], [-121.11972, 46.03194, -15281.77832031]]], [[[-120.71378, 45.7781, -1318.68530273], [-120.72503, 45.77471, -1305.39111328], [-120.71488, 45.76878, -973.37017822], [-120.71378, 45.7781, -1318.68530273]]], [[[-120.74988, 45.98859, -9790.55566406], [-120.74541, 45.98043, -9435.90820312], [-120.73637, 45.98767, -9594.34667969], [-120.74988, 45.98859, -9790.55566406]]], [[[-121.11138, 46.01638, -14598.60351562], [-121.12058, 46.00937, -14345.68164062], [-121.10673, 46.00812, -14236.796875], [-121.11138, 46.01638, -14598.60351562]]], [[[-121.0825, 46.05909, -16199.55273438], [-121.09147, 46.05178, -16128.05273438], [-121.07814, 46.05113, -15852.59277344], [-121.0825, 46.05909, -16199.55273438]]], [[[-121.01275, 46.16152, -18604.66992188], [-121.02211, 46.15431, -18510.22460938], [-121.00624, 46.15498, -18276.3828125], [-121.01275, 46.16152, -18604.66992188]]], [[[-120.8982, 46.18258, -18648.74023438], [-120.90356, 46.19088, -19021.83789062], [-120.91255, 46.18505, -18915.77539062], [-120.8982, 46.18258, -18648.74023438]]], [[[-120.97338, 46.09739, -15741.91894531], [-120.98345, 46.09021, -15638.67578125], [-120.97069, 46.08776, -15354.16308594], [-120.97338, 46.09739, -15741.91894531]]], [[[-121.07234, 45.94502, -11470.07324219], [-121.07679, 45.95334, -11835.27148438], [-121.08613, 45.94637, -11594.24609375], [-121.07234, 45.94502, -11470.07324219]]], [[[-120.85482, 45.78616, -3207.7722168], [-120.86355, 45.77855, -2990.05639648], [-120.84652, 45.77903, -2847.28955078], [-120.85482, 45.78616, -3207.7722168]]], [[[-121.0825, 46.05909, -16199.55273438], [-121.09616, 46.05952, -16472.70117188], [-121.09147, 46.05178, -16128.05273438], [-121.0825, 46.05909, -16199.55273438]]], [[[-121.09489, 45.9621, -12281.40429688], [-121.1042, 45.95558, -11997.26367188], [-121.09061, 45.95419, -11935.91699219], [-121.09489, 45.9621, -12281.40429688]]], [[[-121.07814, 46.05113, -15852.59277344], [-121.09147, 46.05178, -16128.05273438], [-121.08718, 46.04379, -15781.22949219], [-121.07814, 46.05113, -15852.59277344]]], [[[-120.83604, 45.82577, -4039.00024414], [-120.85021, 45.82492, -4382.60693359], [-120.84668, 45.81689, -4069.17919922], [-120.83604, 45.82577, -4039.00024414]]], [[[-121.12058, 46.00937, -14345.68164062], [-121.13436, 46.0107, -14409.29101562], [-121.13004, 46.00282, -14064.71582031], [-121.12058, 46.00937, -14345.68164062]]], [[[-120.82652, 45.82074, -3703.10888672], [-120.82675, 45.81319, -3440.52001953], [-120.81444, 45.8178, -3430.7409668], [-120.82652, 45.82074, -3703.10888672]]], [[[-120.91405, 46.15756, -17798.80859375], [-120.9126, 46.16682, -18172.34960938], [-120.92677, 46.16145, -18081.8984375], [-120.91405, 46.15756, -17798.80859375]]], [[[-121.11211, 45.99357, -13655.86035156], [-121.12573, 45.99495, -13720.140625], [-121.12142, 45.98708, -13375.56542969], [-121.11211, 45.99357, -13655.86035156]]], [[[-121.08303, 46.03591, -15440.22363281], [-121.0968, 46.03685, -15606.18164062], [-121.09213, 46.0288, -15253.75585938], [-121.08303, 46.03591, -15440.22363281]]], [[[-120.77715, 45.99046, -9974.44335938], [-120.78616, 45.9833, -9904.88964844], [-120.77297, 45.9827, -9635.58984375], [-120.77715, 45.99046, -9974.44335938]]], [[[-121.04264, 46.0342, -14668.42871094], [-121.05185, 46.02699, -14533.67285156], [-121.03829, 46.02594, -14311.10449219], [-121.04264, 46.0342, -14668.42871094]]], [[[-121.02211, 46.15431, -18510.22460938], [-121.01275, 46.16152, -18604.66992188], [-121.0236, 46.16456, -18876.71875], [-121.02211, 46.15431, -18510.22460938]]], [[[-120.93298, 45.76019, -3408.71142578], [-120.94652, 45.76143, -3549.38867188], [-120.9425, 45.75333, -3191.80932617], [-120.93298, 45.76019, -3408.71142578]]], [[[-120.91841, 45.8055, -4690.49755859], [-120.92754, 45.79832, -4569.01953125], [-120.91411, 45.79746, -4340.33691406], [-120.91841, 45.8055, -4690.49755859]]], [[[-120.93236, 45.78306, -4176.16552734], [-120.94562, 45.78384, -4438.66162109], [-120.94177, 45.77586, -4095.78540039], [-120.93236, 45.78306, -4176.16552734]]], [[[-121.07373, 46.04315, -15503.91503906], [-121.08303, 46.03591, -15440.22363281], [-121.0695, 46.03535, -15164.49316406], [-121.07373, 46.04315, -15503.91503906]]], [[[-121.10284, 46.00035, -13894.875], [-121.11211, 45.99357, -13655.86035156], [-121.09824, 45.99265, -13558.671875], [-121.10284, 46.00035, -13894.875]]], [[[-120.96774, 46.16659, -18708.74609375], [-120.98032, 46.16252, -18541.2890625], [-120.96667, 46.15866, -18348.09960938], [-120.96774, 46.16659, -18708.74609375]]], [[[-120.77009, 45.78915, -2183.14746094], [-120.75859, 45.78331, -1936.01220703], [-120.7566, 45.79254, -2368.99926758], [-120.77009, 45.78915, -2183.14746094]]], [[[-120.74839, 46.03386, -11390.41308594], [-120.73499, 46.03321, -11158.80175781], [-120.73928, 46.04104, -11502.24023438], [-120.74839, 46.03386, -11390.41308594]]], [[[-120.81767, 45.78849, -2454.08544922], [-120.80704, 45.78253, -2052.63110352], [-120.80595, 45.79275, -2395.61743164], [-120.81767, 45.78849, -2454.08544922]]], [[[-120.89087, 46.19022, -18710.953125], [-120.8832, 46.17907, -18199.41992188], [-120.88072, 46.18665, -18565.18359375], [-120.89087, 46.19022, -18710.953125]]], [[[-121.03668, 46.08313, -16305.80566406], [-121.03602, 46.09319, -16731.07617188], [-121.04856, 46.08672, -16585.28710938], [-121.03668, 46.08313, -16305.80566406]]], [[[-120.99125, 46.06217, -15026.09472656], [-121.00094, 46.05401, -14865.10253906], [-120.98738, 46.05366, -14669.20605469], [-120.99125, 46.06217, -15026.09472656]]], [[[-120.75548, 45.95131, -8267.49316406], [-120.75154, 45.9435, -7924.51074219], [-120.7419, 45.94977, -8221.76953125], [-120.75548, 45.95131, -8267.49316406]]], [[[-121.07761, 45.9306, -10905.63769531], [-121.08209, 45.93845, -11248.45703125], [-121.09129, 45.93196, -10963.53808594], [-121.07761, 45.9306, -10905.63769531]]], [[[-121.05622, 46.03469, -14872.79785156], [-121.04668, 46.04162, -14991.60742188], [-121.06025, 46.04254, -15210.86816406], [-121.05622, 46.03469, -14872.79785156]]], [[[-121.02211, 46.15431, -18510.22460938], [-121.0236, 46.16456, -18876.71875], [-121.03015, 46.15912, -18841.609375], [-121.02211, 46.15431, -18510.22460938]]], [[[-121.09908, 45.96999, -12625.85449219], [-121.1085, 45.96345, -12341.83886719], [-121.09489, 45.9621, -12281.40429688], [-121.09908, 45.96999, -12625.85449219]]], [[[-121.06943, 46.0745, -16486.87109375], [-121.05797, 46.07165, -16219.60058594], [-121.06135, 46.08037, -16577.78320312], [-121.06943, 46.0745, -16486.87109375]]], [[[-121.04848, 46.07733, -16269.20214844], [-121.05797, 46.07165, -16219.60058594], [-121.0453, 46.06642, -15838.13671875], [-121.04848, 46.07733, -16269.20214844]]], [[[-121.10768, 45.98574, -13313.58105469], [-121.12142, 45.98708, -13375.56542969], [-121.11711, 45.9792, -13030.98925781], [-121.10768, 45.98574, -13313.58105469]]], [[[-120.88167, 45.72583, -1290.57568359], [-120.89496, 45.7203, -1372.21057129], [-120.88177, 45.71646, -972.23449707], [-120.88167, 45.72583, -1290.57568359]]], [[[-120.83706, 45.81741, -3794.92089844], [-120.83604, 45.82577, -4039.00024414], [-120.84668, 45.81689, -4069.17919922], [-120.83706, 45.81741, -3794.92089844]]], [[[-121.09061, 45.95419, -11935.91699219], [-121.09989, 45.94771, -11652.68847656], [-121.08613, 45.94637, -11594.24609375], [-121.09061, 45.95419, -11935.91699219]]], [[[-120.98538, 46.1135, -16488.83984375], [-120.97669, 46.12157, -16701.41601562], [-120.98972, 46.12158, -16840.63085938], [-120.98538, 46.1135, -16488.83984375]]], [[[-120.94176, 46.15841, -18133.82421875], [-120.93786, 46.16699, -18419.74414062], [-120.95305, 46.16465, -18507.625], [-120.94176, 46.15841, -18133.82421875]]], [[[-121.0746, 46.02009, -14754.05761719], [-121.08817, 46.02133, -14927.89355469], [-121.08381, 46.01302, -14565.31152344], [-121.0746, 46.02009, -14754.05761719]]], [[[-121.06185, 46.0885, -16871.08398438], [-121.07696, 46.08104, -16819.875], [-121.06135, 46.08037, -16577.78320312], [-121.06185, 46.0885, -16871.08398438]]], [[[-120.80235, 45.77444, -1694.62805176], [-120.80332, 45.76488, -1391.16479492], [-120.7924, 45.7682, -1318.70629883], [-120.80235, 45.77444, -1694.62805176]]], [[[-121.11555, 46.02376, -14921.92675781], [-121.12926, 46.0251, -15033.12109375], [-121.12515, 46.01718, -14687.03125], [-121.11555, 46.02376, -14921.92675781]]], [[[-120.70149, 45.80411, -2317.98706055], [-120.68697, 45.80338, -2049.90258789], [-120.69188, 45.81089, -2400.09057617], [-120.70149, 45.80411, -2317.98706055]]], [[[-120.97481, 45.74154, -2651.54736328], [-120.98413, 45.73503, -2349.15551758], [-120.97069, 45.73362, -2305.64990234], [-120.97481, 45.74154, -2651.54736328]]], [[[-120.9134, 45.70432, -1061.37255859], [-120.92884, 45.70648, -1071.32873535], [-120.92303, 45.69644, -632.96154785], [-120.9134, 45.70432, -1061.37255859]]], [[[-120.832, 45.71828, -361.06182861], [-120.82186, 45.71293, -98.88387299], [-120.81674, 45.72306, -418.71411133], [-120.832, 45.71828, -361.06182861]]], [[[-120.71478, 45.94863, -7888.96240234], [-120.72826, 45.94916, -8076.77636719], [-120.72421, 45.94162, -7750.40478516], [-120.71478, 45.94863, -7888.96240234]]], [[[-121.02211, 46.15431, -18510.22460938], [-121.03015, 46.15912, -18841.609375], [-121.03344, 46.15322, -18831.07421875], [-121.02211, 46.15431, -18510.22460938]]], [[[-120.73403, 45.91225, -6563.59716797], [-120.73011, 45.90429, -6213.83935547], [-120.72033, 45.91065, -6519.86132812], [-120.73403, 45.91225, -6563.59716797]]], [[[-121.08156, 46.07238, -16611.99804688], [-121.09295, 46.07481, -16921.3359375], [-121.0876, 46.06621, -16533.91015625], [-121.08156, 46.07238, -16611.99804688]]], [[[-120.947, 46.17293, -18741.04101562], [-120.9357, 46.17602, -18728.13476562], [-120.94539, 46.18126, -19039.52148438], [-120.947, 46.17293, -18741.04101562]]], [[[-120.67749, 45.78027, -1133.67675781], [-120.68037, 45.77067, -828.87866211], [-120.66864, 45.77356, -692.08953857], [-120.67749, 45.78027, -1133.67675781]]], [[[-121.12515, 46.01718, -14687.03125], [-121.13867, 46.01857, -14753.86621094], [-121.13436, 46.0107, -14409.29101562], [-121.12515, 46.01718, -14687.03125]]], [[[-121.0825, 46.05909, -16199.55273438], [-121.06927, 46.05838, -15908.27636719], [-121.07283, 46.06626, -16239.38574219], [-121.0825, 46.05909, -16199.55273438]]], [[[-120.96124, 45.74029, -2529.8293457], [-120.97069, 45.73362, -2305.64990234], [-120.95696, 45.73286, -2203.64501953], [-120.96124, 45.74029, -2529.8293457]]], [[[-120.75846, 46.00414, -10466.96191406], [-120.74479, 46.00301, -10262.86132812], [-120.74918, 46.01127, -10620.20214844], [-120.75846, 46.00414, -10466.96191406]]], [[[-120.8342, 46.19048, -18232.390625], [-120.84368, 46.18354, -18124.27929688], [-120.8301, 46.18259, -17891.86328125], [-120.8342, 46.19048, -18232.390625]]], [[[-121.01275, 46.16152, -18604.66992188], [-121.01527, 46.16953, -18925.7578125], [-121.0236, 46.16456, -18876.71875], [-121.01275, 46.16152, -18604.66992188]]], [[[-120.94542, 45.95204, -10429.54589844], [-120.94955, 45.95999, -10773.20996094], [-120.9591, 45.9531, -10613.08789062], [-120.94542, 45.95204, -10429.54589844]]], [[[-120.82652, 45.82074, -3703.10888672], [-120.81444, 45.8178, -3430.7409668], [-120.82, 45.82736, -3853.43945312], [-120.82652, 45.82074, -3703.10888672]]], [[[-120.92048, 45.7365, -2378.38354492], [-120.92436, 45.74441, -2719.01977539], [-120.93403, 45.73782, -2512.85205078], [-120.92048, 45.7365, -2378.38354492]]], [[[-121.01275, 46.16152, -18604.66992188], [-121.00632, 46.16679, -18737.59375], [-121.01527, 46.16953, -18925.7578125], [-121.01275, 46.16152, -18604.66992188]]], [[[-121.16621, 46.08713, -17746.19921875], [-121.17607, 46.08675, -17737.91015625], [-121.17287, 46.08091, -17482.27539062], [-121.16621, 46.08713, -17746.19921875]]], [[[-120.81444, 45.8178, -3430.7409668], [-120.82675, 45.81319, -3440.52001953], [-120.81588, 45.80803, -3089.12548828], [-120.81444, 45.8178, -3430.7409668]]], [[[-120.99755, 46.16274, -18502.31640625], [-121.00632, 46.16679, -18737.59375], [-121.01275, 46.16152, -18604.66992188], [-120.99755, 46.16274, -18502.31640625]]], [[[-121.11972, 46.03194, -15281.77832031], [-121.12926, 46.0251, -15033.12109375], [-121.11555, 46.02376, -14921.92675781], [-121.11972, 46.03194, -15281.77832031]]], [[[-120.87031, 46.18488, -18438.04296875], [-120.8832, 46.17907, -18199.41992188], [-120.86712, 46.17739, -18119.59375], [-120.87031, 46.18488, -18438.04296875]]], [[[-120.99435, 45.99318, -12450.94921875], [-120.99838, 46.0012, -12794.15332031], [-121.0078, 45.99399, -12713.45019531], [-120.99435, 45.99318, -12450.94921875]]], [[[-121.15327, 46.08942, -17794.49414062], [-121.15318, 46.0962, -18106.02539062], [-121.16239, 46.094, -18044.52148438], [-121.15327, 46.08942, -17794.49414062]]], [[[-120.90542, 45.78169, -3650.44946289], [-120.9149, 45.77474, -3544.65234375], [-120.90146, 45.77417, -3323.625], [-120.90542, 45.78169, -3650.44946289]]], [[[-121.02188, 46.09482, -16631.86132812], [-121.02711, 46.10313, -16998.53320312], [-121.03602, 46.09319, -16731.07617188], [-121.02188, 46.09482, -16631.86132812]]], [[[-120.83982, 45.83331, -4360.85449219], [-120.85414, 45.8329, -4711.81689453], [-120.85021, 45.82492, -4382.60693359], [-120.83982, 45.83331, -4360.85449219]]], [[[-120.90022, 46.16444, -18007.58007812], [-120.89791, 46.17391, -18328.77734375], [-120.9126, 46.16682, -18172.34960938], [-120.90022, 46.16444, -18007.58007812]]], [[[-120.95418, 46.15534, -18191.25390625], [-120.94652, 46.14813, -17830.84375], [-120.94176, 46.15841, -18133.82421875], [-120.95418, 46.15534, -18191.25390625]]], [[[-120.82718, 45.80473, -3177.0090332], [-120.81699, 45.7981, -2756.78173828], [-120.81588, 45.80803, -3089.12548828], [-120.82718, 45.80473, -3177.0090332]]], [[[-120.8377, 45.85821, -5215.75048828], [-120.84863, 45.84892, -5048.66308594], [-120.83373, 45.85024, -4870.65527344], [-120.8377, 45.85821, -5215.75048828]]], [[[-120.68386, 45.79456, -1714.671875], [-120.67174, 45.79156, -1285.32434082], [-120.67408, 45.80184, -1745.26916504], [-120.68386, 45.79456, -1714.671875]]], [[[-121.03314, 45.89684, -9408.65722656], [-121.04229, 45.89022, -9074.14550781], [-121.02863, 45.88851, -9043.39160156], [-121.03314, 45.89684, -9408.65722656]]], [[[-121.13804, 46.04083, -15720.39746094], [-121.1473, 46.03432, -15443.01660156], [-121.13363, 46.03295, -15376.12402344], [-121.13804, 46.04083, -15720.39746094]]], [[[-120.85652, 46.21645, -19457.52148438], [-120.84786, 46.22229, -19549.00390625], [-120.85755, 46.22447, -19764.87109375], [-120.85652, 46.21645, -19457.52148438]]], [[[-120.85414, 45.8329, -4711.81689453], [-120.8678, 45.8328, -5059.10400391], [-120.8636, 45.82533, -4730.83984375], [-120.85414, 45.8329, -4711.81689453]]], [[[-121.12926, 46.0251, -15033.12109375], [-121.14298, 46.02644, -15098.44140625], [-121.13867, 46.01857, -14753.86621094], [-121.12926, 46.0251, -15033.12109375]]], [[[-121.00326, 45.98585, -12357.04003906], [-121.01257, 45.97876, -12252.56738281], [-120.99904, 45.97838, -12029.50878906], [-121.00326, 45.98585, -12357.04003906]]], [[[-120.65067, 45.83056, -2751.13647461], [-120.64166, 45.83806, -2837.09936523], [-120.65521, 45.83888, -3113.82006836], [-120.65067, 45.83056, -2751.13647461]]], [[[-121.1473, 46.03432, -15443.01660156], [-121.13804, 46.04083, -15720.39746094], [-121.15162, 46.04219, -15787.59179688], [-121.1473, 46.03432, -15443.01660156]]], [[[-120.87611, 46.17067, -17842.15625], [-120.87181, 46.16262, -17489.875], [-120.86232, 46.16934, -17766.58203125], [-120.87611, 46.17067, -17842.15625]]], [[[-120.99913, 46.16997, -18810.390625], [-121.00746, 46.17276, -18974.87109375], [-121.00632, 46.16679, -18737.59375], [-120.99913, 46.16997, -18810.390625]]], [[[-121.10377, 46.08607, -17507.54492188], [-121.11284, 46.09187, -17866.15820312], [-121.11941, 46.08082, -17522.14453125], [-121.10377, 46.08607, -17507.54492188]]], [[[-120.95001, 45.79179, -4786.70947266], [-120.9638, 45.79268, -4916.13574219], [-120.95916, 45.78485, -4575.56933594], [-120.95001, 45.79179, -4786.70947266]]], [[[-121.06943, 46.0745, -16486.87109375], [-121.08156, 46.07238, -16611.99804688], [-121.07283, 46.06626, -16239.38574219], [-121.06943, 46.0745, -16486.87109375]]], [[[-121.17384, 46.08957, -17869.70507812], [-121.1716, 46.09246, -17982.42382812], [-121.17855, 46.09126, -17935.58007812], [-121.17384, 46.08957, -17869.70507812]]], [[[-120.79796, 45.75042, -814.26269531], [-120.79758, 45.74135, -517.3079834], [-120.7866, 45.74695, -479.64282227], [-120.79796, 45.75042, -814.26269531]]], [[[-121.07373, 46.04315, -15503.91503906], [-121.06025, 46.04254, -15210.86816406], [-121.06479, 46.05067, -15567.50488281], [-121.07373, 46.04315, -15503.91503906]]], [[[-121.14212, 46.04874, -16066.12988281], [-121.15593, 46.05006, -16132.16699219], [-121.15162, 46.04219, -15787.59179688], [-121.14212, 46.04874, -16066.12988281]]], [[[-121.06479, 46.05067, -15567.50488281], [-121.07814, 46.05113, -15852.59277344], [-121.07373, 46.04315, -15503.91503906], [-121.06479, 46.05067, -15567.50488281]]], [[[-120.95875, 46.17126, -18830.41015625], [-120.95452, 46.17829, -19019.98242188], [-120.96201, 46.17634, -19059.53515625], [-120.95875, 46.17126, -18830.41015625]]], [[[-121.17607, 46.08675, -17737.91015625], [-121.17384, 46.08957, -17869.70507812], [-121.17855, 46.09126, -17935.58007812], [-121.17607, 46.08675, -17737.91015625]]], [[[-121.0391, 45.8597, -7810.06201172], [-121.05263, 45.86108, -7862.36035156], [-121.04834, 45.8532, -7517.78515625], [-121.0391, 45.8597, -7810.06201172]]], [[[-120.6913, 45.77585, -1129.66601562], [-120.69279, 45.7669, -740.96942139], [-120.68037, 45.77067, -828.87866211], [-120.6913, 45.77585, -1129.66601562]]], [[[-121.0091, 46.09394, -16419.0234375], [-121.01331, 46.10249, -16783.0234375], [-121.02188, 46.09482, -16631.86132812], [-121.0091, 46.09394, -16419.0234375]]], [[[-120.96124, 45.74029, -2529.8293457], [-120.97481, 45.74154, -2651.54736328], [-120.97069, 45.73362, -2305.64990234], [-120.96124, 45.74029, -2529.8293457]]], [[[-120.76267, 46.01205, -10809.04394531], [-120.74918, 46.01127, -10620.20214844], [-120.75306, 46.01877, -10942.55761719], [-120.76267, 46.01205, -10809.04394531]]], [[[-121.14684, 46.08215, -17484.94726562], [-121.16009, 46.08092, -17472.50195312], [-121.15505, 46.07299, -17125.91992188], [-121.14684, 46.08215, -17484.94726562]]], [[[-121.07283, 46.06626, -16239.38574219], [-121.0876, 46.06621, -16533.91015625], [-121.0825, 46.05909, -16199.55273438], [-121.07283, 46.06626, -16239.38574219]]], [[[-120.99913, 46.16997, -18810.390625], [-121.00072, 46.17458, -19019.43164062], [-121.00746, 46.17276, -18974.87109375], [-120.99913, 46.16997, -18810.390625]]], [[[-121.11972, 46.03194, -15281.77832031], [-121.1244, 46.03976, -15622.96484375], [-121.13363, 46.03295, -15376.12402344], [-121.11972, 46.03194, -15281.77832031]]], [[[-120.8982, 46.18258, -18648.74023438], [-120.89087, 46.19022, -18710.953125], [-120.90356, 46.19088, -19021.83789062], [-120.8982, 46.18258, -18648.74023438]]], [[[-120.69351, 45.75791, -350.14022827], [-120.69654, 45.74903, -36.90848541], [-120.68344, 45.75229, -104.13950348], [-120.69351, 45.75791, -350.14022827]]], [[[-121.13284, 46.05575, -16325.2421875], [-121.14668, 46.05654, -16407.1328125], [-121.14212, 46.04874, -16066.12988281], [-121.13284, 46.05575, -16325.2421875]]], [[[-120.8248, 46.05391, -12974.8828125], [-120.81542, 46.06104, -13058.1640625], [-120.82902, 46.06146, -13305.51660156], [-120.8248, 46.05391, -12974.8828125]]], [[[-120.99913, 46.16997, -18810.390625], [-120.99317, 46.1745, -19068.37890625], [-121.00072, 46.17458, -19019.43164062], [-120.99913, 46.16997, -18810.390625]]], [[[-120.87717, 45.82574, -4939.55761719], [-120.8678, 45.8328, -5059.10400391], [-120.88133, 45.8338, -5287.75048828], [-120.87717, 45.82574, -4939.55761719]]], [[[-120.85619, 46.20713, -19143.33007812], [-120.85652, 46.21645, -19457.52148438], [-120.86702, 46.21101, -19385.69921875], [-120.85619, 46.20713, -19143.33007812]]], [[[-120.97295, 46.11214, -16303.77441406], [-120.96318, 46.1166, -16524.015625], [-120.97669, 46.12157, -16701.41601562], [-120.97295, 46.11214, -16303.77441406]]], [[[-121.05077, 45.90567, -9749.39355469], [-121.06058, 45.89908, -9529.44921875], [-121.04697, 45.89807, -9420.03515625], [-121.05077, 45.90567, -9749.39355469]]], [[[-120.75394, 45.85268, -4568.83398438], [-120.74032, 45.85165, -4433.63964844], [-120.74474, 45.85972, -4785.53564453], [-120.75394, 45.85268, -4568.83398438]]], [[[-120.81767, 45.78849, -2454.08544922], [-120.82917, 45.79457, -2896.94555664], [-120.82754, 45.78561, -2614.17944336], [-120.81767, 45.78849, -2454.08544922]]], [[[-120.86702, 46.21101, -19385.69921875], [-120.86688, 46.2197, -19727.99804688], [-120.87703, 46.21562, -19684.16601562], [-120.86702, 46.21101, -19385.69921875]]], [[[-120.73403, 45.91225, -6563.59716797], [-120.72033, 45.91065, -6519.86132812], [-120.72496, 45.91897, -6882.33007812], [-120.73403, 45.91225, -6563.59716797]]], [[[-121.03829, 46.02594, -14311.10449219], [-121.02463, 46.0253, -14074.43261719], [-121.02928, 46.0332, -14423.84765625], [-121.03829, 46.02594, -14311.10449219]]], [[[-121.05975, 45.92151, -10444.17675781], [-121.07336, 45.92273, -10561.8359375], [-121.06915, 45.9148, -10216.04492188], [-121.05975, 45.92151, -10444.17675781]]], [[[-121.06525, 46.02736, -14818.453125], [-121.07858, 46.0281, -15096.86816406], [-121.0746, 46.02009, -14754.05761719], [-121.06525, 46.02736, -14818.453125]]], [[[-120.99205, 46.15562, -18182.9765625], [-120.99755, 46.16274, -18502.31640625], [-121.00624, 46.15498, -18276.3828125], [-120.99205, 46.15562, -18182.9765625]]], [[[-121.05534, 45.91406, -10115.953125], [-121.06915, 45.9148, -10216.04492188], [-121.06462, 45.907, -9874.89746094], [-121.05534, 45.91406, -10115.953125]]], [[[-120.93081, 46.09902, -15749.63378906], [-120.91538, 46.09715, -15556.76855469], [-120.91969, 46.10606, -15935.22753906], [-120.93081, 46.09902, -15749.63378906]]], [[[-120.83909, 45.78595, -2958.49780273], [-120.84652, 45.77903, -2847.28955078], [-120.83219, 45.77753, -2549.36352539], [-120.83909, 45.78595, -2958.49780273]]], [[[-121.08882, 46.10185, -17734.01171875], [-121.0797, 46.10781, -17826.42578125], [-121.09256, 46.11059, -18103.26171875], [-121.08882, 46.10185, -17734.01171875]]], [[[-120.77009, 45.78915, -2183.14746094], [-120.78268, 45.78267, -1843.69543457], [-120.77035, 45.77976, -1780.53552246], [-120.77009, 45.78915, -2183.14746094]]], [[[-120.9988, 46.14769, -17929.76757812], [-120.99205, 46.15562, -18182.9765625], [-121.00624, 46.15498, -18276.3828125], [-120.9988, 46.14769, -17929.76757812]]], [[[-120.91538, 46.09715, -15556.76855469], [-120.90137, 46.09624, -15354.39648438], [-120.90564, 46.10427, -15703.43554688], [-120.91538, 46.09715, -15556.76855469]]], [[[-120.91215, 46.04415, -13351.50097656], [-120.89809, 46.04296, -13304.578125], [-120.90275, 46.05088, -13649.81542969], [-120.91215, 46.04415, -13351.50097656]]], [[[-120.82918, 45.84242, -4524.91894531], [-120.82516, 45.83473, -4189.78271484], [-120.81437, 45.84214, -4459.84912109], [-120.82918, 45.84242, -4524.91894531]]], [[[-120.86186, 46.19228, -18643.32226562], [-120.85725, 46.18411, -18286.62109375], [-120.84778, 46.19093, -18447.18945312], [-120.86186, 46.19228, -18643.32226562]]], [[[-120.89718, 46.06557, -14166.234375], [-120.90688, 46.05887, -14000.24023438], [-120.89333, 46.05794, -13839.25], [-120.89718, 46.06557, -14166.234375]]], [[[-121.01684, 45.98667, -12596.97851562], [-121.0304, 45.98761, -12816.01855469], [-121.02606, 45.97955, -12466.0078125], [-121.01684, 45.98667, -12596.97851562]]], [[[-121.00491, 45.79666, -5057.55761719], [-121.01406, 45.79018, -4761.18261719], [-121.00043, 45.78882, -4715.12451172], [-121.00491, 45.79666, -5057.55761719]]], [[[-120.89718, 46.06557, -14166.234375], [-120.89333, 46.05794, -13839.25], [-120.88349, 46.06489, -13977.85644531], [-120.89718, 46.06557, -14166.234375]]], [[[-121.07283, 46.06626, -16239.38574219], [-121.05797, 46.07165, -16219.60058594], [-121.06943, 46.0745, -16486.87109375], [-121.07283, 46.06626, -16239.38574219]]], [[[-120.76606, 45.89856, -6477.98486328], [-120.75681, 45.90551, -6727.84375], [-120.77057, 45.9069, -6841.56640625], [-120.76606, 45.89856, -6477.98486328]]], [[[-120.99435, 45.99318, -12450.94921875], [-121.0078, 45.99399, -12713.45019531], [-121.00326, 45.98585, -12357.04003906], [-120.99435, 45.99318, -12450.94921875]]], [[[-120.97802, 46.15356, -18151.50976562], [-120.98032, 46.16252, -18541.2890625], [-120.99205, 46.15562, -18182.9765625], [-120.97802, 46.15356, -18151.50976562]]], [[[-120.90275, 46.05088, -13649.81542969], [-120.89809, 46.04296, -13304.578125], [-120.88899, 46.04992, -13490.79589844], [-120.90275, 46.05088, -13649.81542969]]], [[[-120.91596, 46.19284, -19244.22070312], [-120.92484, 46.18904, -19141.41796875], [-120.91255, 46.18505, -18915.77539062], [-120.91596, 46.19284, -19244.22070312]]], [[[-120.81767, 45.78849, -2454.08544922], [-120.82754, 45.78561, -2614.17944336], [-120.81934, 45.77853, -2173.17236328], [-120.81767, 45.78849, -2454.08544922]]], [[[-120.84296, 46.20608, -18917.49023438], [-120.85335, 46.19907, -18815.44921875], [-120.83876, 46.19823, -18576.09960938], [-120.84296, 46.20608, -18917.49023438]]], [[[-120.70595, 45.93266, -7191.23144531], [-120.69698, 45.93993, -7284.48681641], [-120.7106, 45.94041, -7536.52099609], [-120.70595, 45.93266, -7191.23144531]]], [[[-120.88295, 46.08745, -14821.58300781], [-120.8693, 46.08653, -14671.828125], [-120.87371, 46.09453, -15020.37109375], [-120.88295, 46.08745, -14821.58300781]]], [[[-121.02592, 46.08671, -16369.16894531], [-121.03668, 46.08313, -16305.80566406], [-121.02483, 46.07752, -16016.75097656], [-121.02592, 46.08671, -16369.16894531]]], [[[-120.97802, 46.15356, -18151.50976562], [-120.96667, 46.15866, -18348.09960938], [-120.98032, 46.16252, -18541.2890625], [-120.97802, 46.15356, -18151.50976562]]], [[[-121.06915, 45.9148, -10216.04492188], [-121.08269, 45.91621, -10274.38769531], [-121.07839, 45.90833, -9929.8125], [-121.06915, 45.9148, -10216.04492188]]], [[[-120.91596, 46.19284, -19244.22070312], [-120.90356, 46.19088, -19021.83789062], [-120.90644, 46.19806, -19313.79882812], [-120.91596, 46.19284, -19244.22070312]]], [[[-120.89984, 45.81994, -4896.91894531], [-120.91321, 45.82069, -5155.72802734], [-120.90937, 45.8128, -4818.81396484], [-120.89984, 45.81994, -4896.91894531]]], [[[-120.90617, 46.08159, -14867.67382812], [-120.9021, 46.07338, -14517.078125], [-120.89273, 46.08046, -14665.20898438], [-120.90617, 46.08159, -14867.67382812]]], [[[-120.92477, 46.17051, -18410.8671875], [-120.91048, 46.17579, -18537.50585938], [-120.92311, 46.17934, -18719.26367188], [-120.92477, 46.17051, -18410.8671875]]], [[[-120.84786, 46.22229, -19549.00390625], [-120.85002, 46.22843, -19794.234375], [-120.85755, 46.22447, -19764.87109375], [-120.84786, 46.22229, -19549.00390625]]], [[[-120.88349, 46.06489, -13977.85644531], [-120.87444, 46.0721, -14150.75292969], [-120.88834, 46.07284, -14330.06347656], [-120.88349, 46.06489, -13977.85644531]]], [[[-120.93275, 46.10819, -16164.19628906], [-120.94668, 46.10501, -16018.83105469], [-120.93081, 46.09902, -15749.63378906], [-120.93275, 46.10819, -16164.19628906]]], [[[-120.75681, 45.90551, -6727.84375], [-120.75235, 45.89778, -6388.85595703], [-120.74324, 45.90507, -6497.30175781], [-120.75681, 45.90551, -6727.84375]]], [[[-121.05617, 45.89121, -9185.45605469], [-121.0698, 45.89258, -9240.66113281], [-121.0655, 45.8847, -8896.0859375], [-121.05617, 45.89121, -9185.45605469]]], [[[-120.90621, 45.73538, -2092.51708984], [-120.89429, 45.74021, -2000.3449707], [-120.91005, 45.74336, -2430.23144531], [-120.90621, 45.73538, -2092.51708984]]], [[[-120.96296, 46.14964, -17951.203125], [-120.96667, 46.15866, -18348.09960938], [-120.97802, 46.15356, -18151.50976562], [-120.96296, 46.14964, -17951.203125]]], [[[-121.01565, 46.13478, -17750.4453125], [-121.01966, 46.14341, -18110.84960938], [-121.02803, 46.13662, -18187.39453125], [-121.01565, 46.13478, -17750.4453125]]], [[[-120.92484, 46.18904, -19141.41796875], [-120.93401, 46.19442, -19401.58984375], [-120.93447, 46.18492, -19057.86914062], [-120.92484, 46.18904, -19141.41796875]]], [[[-120.87845, 45.78034, -3172.90966797], [-120.88804, 45.77314, -3092.94604492], [-120.875, 45.77259, -2849.2199707], [-120.87845, 45.78034, -3172.90966797]]], [[[-120.90275, 46.05088, -13649.81542969], [-120.89333, 46.05794, -13839.25], [-120.90688, 46.05887, -14000.24023438], [-120.90275, 46.05088, -13649.81542969]]], [[[-120.94646, 46.09644, -15649.35253906], [-120.94668, 46.10501, -16018.83105469], [-120.96009, 46.09744, -15627.51171875], [-120.94646, 46.09644, -15649.35253906]]], [[[-120.8301, 46.18259, -17891.86328125], [-120.81661, 46.18191, -17684.11914062], [-120.82092, 46.18973, -18027.55664062], [-120.8301, 46.18259, -17891.86328125]]], [[[-120.91986, 46.08227, -15024.15234375], [-120.90617, 46.08159, -14867.67382812], [-120.91038, 46.08913, -15197.25488281], [-120.91986, 46.08227, -15024.15234375]]], [[[-120.91596, 46.19284, -19244.22070312], [-120.92485, 46.19644, -19455.56835938], [-120.92484, 46.18904, -19141.41796875], [-120.91596, 46.19284, -19244.22070312]]], [[[-120.68321, 45.8182, -2457.16625977], [-120.67876, 45.81029, -2113.31738281], [-120.6696, 45.81684, -2446.58959961], [-120.68321, 45.8182, -2457.16625977]]], [[[-120.89718, 46.06557, -14166.234375], [-120.88349, 46.06489, -13977.85644531], [-120.88834, 46.07284, -14330.06347656], [-120.89718, 46.06557, -14166.234375]]], [[[-120.93786, 46.16699, -18419.74414062], [-120.92477, 46.17051, -18410.8671875], [-120.9357, 46.17602, -18728.13476562], [-120.93786, 46.16699, -18419.74414062]]], [[[-120.99268, 45.75079, -3038.3059082], [-120.9835, 45.75728, -3338.56542969], [-120.99695, 45.75867, -3382.88134766], [-120.99268, 45.75079, -3038.3059082]]], [[[-120.9021, 46.07338, -14517.078125], [-120.88834, 46.07284, -14330.06347656], [-120.89273, 46.08046, -14665.20898438], [-120.9021, 46.07338, -14517.078125]]], [[[-120.89984, 45.81994, -4896.91894531], [-120.9044, 45.82801, -5251.77636719], [-120.91321, 45.82069, -5155.72802734], [-120.89984, 45.81994, -4896.91894531]]], [[[-120.71564, 45.9259, -7067.63476562], [-120.71123, 45.91786, -6718.04394531], [-120.70214, 45.92508, -6867.37255859], [-120.71564, 45.9259, -7067.63476562]]], [[[-120.96296, 46.14964, -17951.203125], [-120.95418, 46.15534, -18191.25390625], [-120.96667, 46.15866, -18348.09960938], [-120.96296, 46.14964, -17951.203125]]], [[[-120.88899, 46.04992, -13490.79589844], [-120.89809, 46.04296, -13304.578125], [-120.88426, 46.04232, -13150.09863281], [-120.88899, 46.04992, -13490.79589844]]], [[[-121.0695, 46.03535, -15164.49316406], [-121.08303, 46.03591, -15440.22363281], [-121.07858, 46.0281, -15096.86816406], [-121.0695, 46.03535, -15164.49316406]]], [[[-121.0206, 46.0178, -13748.54785156], [-121.02463, 46.0253, -14074.43261719], [-121.03411, 46.01832, -13978.58203125], [-121.0206, 46.0178, -13748.54785156]]], [[[-120.94668, 46.10501, -16018.83105469], [-120.95209, 46.11375, -16402.62304688], [-120.96247, 46.10644, -16032.86425781], [-120.94668, 46.10501, -16018.83105469]]], [[[-120.86624, 45.76843, -2564.49121094], [-120.88167, 45.76429, -2682.60913086], [-120.86764, 45.75935, -2268.8737793], [-120.86624, 45.76843, -2564.49121094]]], [[[-120.87976, 46.05709, -13642.63183594], [-120.87507, 46.04943, -13302.94335938], [-120.86602, 46.05655, -13473.05664062], [-120.87976, 46.05709, -13642.63183594]]], [[[-120.85414, 45.8329, -4711.81689453], [-120.83982, 45.83331, -4360.85449219], [-120.8442, 45.84096, -4699.14941406], [-120.85414, 45.8329, -4711.81689453]]], [[[-120.88087, 46.20169, -19179.11132812], [-120.86881, 46.20184, -19079.19921875], [-120.87804, 46.20847, -19420.74414062], [-120.88087, 46.20169, -19179.11132812]]], [[[-121.0512, 46.04982, -15349.95996094], [-121.06025, 46.04254, -15210.86816406], [-121.04668, 46.04162, -14991.60742188], [-121.0512, 46.04982, -15349.95996094]]], [[[-120.65581, 45.81615, -2300.49243164], [-120.65128, 45.80781, -1938.14587402], [-120.64237, 45.81522, -2084.13427734], [-120.65581, 45.81615, -2300.49243164]]], [[[-121.06642, 46.10667, -17578.0546875], [-121.05791, 46.11352, -17671.9453125], [-121.07032, 46.11535, -17943.14257812], [-121.06642, 46.10667, -17578.0546875]]], [[[-121.05622, 46.03469, -14872.79785156], [-121.0695, 46.03535, -15164.49316406], [-121.06525, 46.02736, -14818.453125], [-121.05622, 46.03469, -14872.79785156]]], [[[-121.02092, 45.85089, -7356.81494141], [-121.01173, 45.85745, -7682.20166016], [-121.02552, 45.85862, -7697.41796875], [-121.02092, 45.85089, -7356.81494141]]], [[[-121.0797, 46.10781, -17826.42578125], [-121.07032, 46.11535, -17943.14257812], [-121.08346, 46.11629, -18181.91992188], [-121.0797, 46.10781, -17826.42578125]]], [[[-121.02463, 46.0253, -14074.43261719], [-121.03829, 46.02594, -14311.10449219], [-121.03411, 46.01832, -13978.58203125], [-121.02463, 46.0253, -14074.43261719]]], [[[-120.79863, 45.8858, -6330.265625], [-120.79431, 45.87773, -5980.28955078], [-120.78513, 45.88484, -6115.67626953], [-120.79863, 45.8858, -6330.265625]]], [[[-120.96296, 46.14964, -17951.203125], [-120.94652, 46.14813, -17830.84375], [-120.95418, 46.15534, -18191.25390625], [-120.96296, 46.14964, -17951.203125]]], [[[-121.04319, 45.86761, -8155.03271484], [-121.04773, 45.87542, -8496.33496094], [-121.05692, 45.86895, -8206.93554688], [-121.04319, 45.86761, -8155.03271484]]], [[[-120.91255, 46.18505, -18915.77539062], [-120.92311, 46.17934, -18719.26367188], [-120.91048, 46.17579, -18537.50585938], [-120.91255, 46.18505, -18915.77539062]]], [[[-121.03309, 46.04125, -14765.41601562], [-121.04264, 46.0342, -14668.42871094], [-121.02928, 46.0332, -14423.84765625], [-121.03309, 46.04125, -14765.41601562]]], [[[-121.15088, 46.06447, -16753.31835938], [-121.15505, 46.07299, -17125.91992188], [-121.16457, 46.06581, -16821.31835938], [-121.15088, 46.06447, -16753.31835938]]], [[[-120.83982, 45.83331, -4360.85449219], [-120.82918, 45.84242, -4524.91894531], [-120.8442, 45.84096, -4699.14941406], [-120.83982, 45.83331, -4360.85449219]]], [[[-120.96009, 46.09744, -15627.51171875], [-120.96247, 46.10644, -16032.86425781], [-120.97338, 46.09739, -15741.91894531], [-120.96009, 46.09744, -15627.51171875]]], [[[-121.02732, 46.12796, -17894.41796875], [-121.01565, 46.13478, -17750.4453125], [-121.02803, 46.13662, -18187.39453125], [-121.02732, 46.12796, -17894.41796875]]], [[[-121.00032, 46.10066, -16365.20507812], [-120.99207, 46.10724, -16368.81738281], [-121.00502, 46.10909, -16735.26171875], [-121.00032, 46.10066, -16365.20507812]]], [[[-120.85324, 45.77233, -2673.57739258], [-120.86355, 45.77855, -2990.05639648], [-120.86624, 45.76843, -2564.49121094], [-120.85324, 45.77233, -2673.57739258]]], [[[-120.89395, 46.03551, -12978.57226562], [-120.88426, 46.04232, -13150.09863281], [-120.89809, 46.04296, -13304.578125], [-120.89395, 46.03551, -12978.57226562]]], [[[-120.79454, 45.79649, -2409.23608398], [-120.80595, 45.79275, -2395.61743164], [-120.79521, 45.78676, -2043.9621582], [-120.79454, 45.79649, -2409.23608398]]], [[[-120.86881, 46.20184, -19079.19921875], [-120.85619, 46.20713, -19143.33007812], [-120.86702, 46.21101, -19385.69921875], [-120.86881, 46.20184, -19079.19921875]]], [[[-120.65175, 45.78521, -1066.93518066], [-120.63946, 45.78206, -845.13769531], [-120.64291, 45.79213, -1259.46374512], [-120.65175, 45.78521, -1066.93518066]]], [[[-121.05622, 46.03469, -14872.79785156], [-121.06525, 46.02736, -14818.453125], [-121.05185, 46.02699, -14533.67285156], [-121.05622, 46.03469, -14872.79785156]]], [[[-121.00408, 45.81918, -5975.02539062], [-121.01764, 45.82032, -6090.67382812], [-121.01337, 45.81241, -5745.30566406], [-121.00408, 45.81918, -5975.02539062]]], [[[-121.01284, 46.08523, -16188.59082031], [-120.99675, 46.09088, -16016.75390625], [-121.0091, 46.09394, -16419.0234375], [-121.01284, 46.08523, -16188.59082031]]], [[[-120.74295, 45.92788, -7243.38671875], [-120.72931, 45.92637, -7206.21484375], [-120.73327, 45.93437, -7550.60400391], [-120.74295, 45.92788, -7243.38671875]]], [[[-120.9988, 46.14769, -17929.76757812], [-121.00624, 46.15498, -18276.3828125], [-121.01226, 46.14964, -18177.50585938], [-120.9988, 46.14769, -17929.76757812]]], [[[-121.02188, 46.09482, -16631.86132812], [-121.01284, 46.08523, -16188.59082031], [-121.0091, 46.09394, -16419.0234375], [-121.02188, 46.09482, -16631.86132812]]], [[[-120.96113, 46.14026, -17552.0078125], [-120.94652, 46.14813, -17830.84375], [-120.96296, 46.14964, -17951.203125], [-120.96113, 46.14026, -17552.0078125]]], [[[-121.0304, 45.98761, -12816.01855469], [-121.0395, 45.98026, -12765.18945312], [-121.02606, 45.97955, -12466.0078125], [-121.0304, 45.98761, -12816.01855469]]], [[[-121.04773, 45.87542, -8496.33496094], [-121.05185, 45.88335, -8842.29785156], [-121.06121, 45.87683, -8551.51074219], [-121.04773, 45.87542, -8496.33496094]]], [[[-120.7682, 45.79825, -2582.84375], [-120.77009, 45.78915, -2183.14746094], [-120.7566, 45.79254, -2368.99926758], [-120.7682, 45.79825, -2582.84375]]], [[[-120.93346, 46.08335, -15068.31054688], [-120.94371, 46.07682, -14754.75], [-120.92961, 46.07562, -14730.39355469], [-120.93346, 46.08335, -15068.31054688]]], [[[-120.95875, 46.17126, -18830.41015625], [-120.96201, 46.17634, -19059.53515625], [-120.96841, 46.17361, -19027.3125], [-120.95875, 46.17126, -18830.41015625]]], [[[-120.84786, 46.22229, -19549.00390625], [-120.84602, 46.21404, -19240.28125], [-120.8378, 46.22038, -19372.75], [-120.84786, 46.22229, -19549.00390625]]], [[[-120.86126, 46.0486, -13122.18554688], [-120.85715, 46.0404, -12767.61328125], [-120.84772, 46.04735, -12963.75097656], [-120.86126, 46.0486, -13122.18554688]]], [[[-120.89984, 45.81994, -4896.91894531], [-120.88649, 45.81878, -4748.41943359], [-120.89074, 45.82696, -5105.32470703], [-120.89984, 45.81994, -4896.91894531]]], [[[-120.81698, 45.73311, -774.23931885], [-120.81674, 45.72306, -418.71411133], [-120.80564, 45.72811, -400.3175354], [-120.81698, 45.73311, -774.23931885]]], [[[-120.80297, 45.81188, -3084.42700195], [-120.81588, 45.80803, -3089.12548828], [-120.80538, 45.80259, -2755.07763672], [-120.80297, 45.81188, -3084.42700195]]], [[[-120.89897, 46.20522, -19363.65429688], [-120.90915, 46.20334, -19537.87695312], [-120.90644, 46.19806, -19313.79882812], [-120.89897, 46.20522, -19363.65429688]]], [[[-121.01668, 45.84261, -6997.2265625], [-121.02092, 45.85089, -7356.81494141], [-121.03036, 45.84397, -7122.79394531], [-121.01668, 45.84261, -6997.2265625]]], [[[-120.88295, 46.08745, -14821.58300781], [-120.87901, 46.07986, -14492.58789062], [-120.8693, 46.08653, -14671.828125], [-120.88295, 46.08745, -14821.58300781]]], [[[-120.93822, 46.09139, -15421.01855469], [-120.92449, 46.0903, -15374.35351562], [-120.93081, 46.09902, -15749.63378906], [-120.93822, 46.09139, -15421.01855469]]], [[[-120.81217, 45.88679, -6473.58496094], [-120.79863, 45.8858, -6330.265625], [-120.80244, 45.89353, -6660.06933594], [-120.81217, 45.88679, -6473.58496094]]], [[[-120.86126, 46.0486, -13122.18554688], [-120.8522, 46.05562, -13324.15820312], [-120.86602, 46.05655, -13473.05664062], [-120.86126, 46.0486, -13122.18554688]]], [[[-121.02606, 45.97955, -12466.0078125], [-121.0395, 45.98026, -12765.18945312], [-121.03524, 45.97235, -12421.52734375], [-121.02606, 45.97955, -12466.0078125]]], [[[-120.94733, 46.13931, -17511.3359375], [-120.94652, 46.14813, -17830.84375], [-120.96113, 46.14026, -17552.0078125], [-120.94733, 46.13931, -17511.3359375]]], [[[-120.88899, 46.04992, -13490.79589844], [-120.87507, 46.04943, -13302.94335938], [-120.87976, 46.05709, -13642.63183594], [-120.88899, 46.04992, -13490.79589844]]], [[[-120.81699, 45.7981, -2756.78173828], [-120.81767, 45.78849, -2454.08544922], [-120.80595, 45.79275, -2395.61743164], [-120.81699, 45.7981, -2756.78173828]]], [[[-121.01033, 46.04723, -14724.03613281], [-121.024, 46.0485, -14854.58398438], [-121.01978, 46.04037, -14502.51171875], [-121.01033, 46.04723, -14724.03613281]]], [[[-120.85941, 46.11653, -15705.57910156], [-120.84619, 46.11569, -15439.55273438], [-120.84994, 46.12361, -15788.71289062], [-120.85941, 46.11653, -15705.57910156]]], [[[-121.03524, 45.97235, -12421.52734375], [-121.04859, 45.97295, -12695.3984375], [-121.0442, 45.96506, -12349.92871094], [-121.03524, 45.97235, -12421.52734375]]], [[[-120.99207, 46.10724, -16368.81738281], [-120.97842, 46.10526, -16092.54589844], [-120.98538, 46.1135, -16488.83984375], [-120.99207, 46.10724, -16368.81738281]]], [[[-120.85144, 46.07796, -14230.57910156], [-120.8378, 46.07744, -14001.046875], [-120.84204, 46.08498, -14331.77148438], [-120.85144, 46.07796, -14230.57910156]]], [[[-120.98538, 46.1135, -16488.83984375], [-120.98972, 46.12158, -16840.63085938], [-120.99863, 46.11554, -16771.73828125], [-120.98538, 46.1135, -16488.83984375]]], [[[-120.89129, 45.80431, -4214.54052734], [-120.90488, 45.80455, -4458.93505859], [-120.90059, 45.7972, -4133.91113281], [-120.89129, 45.80431, -4214.54052734]]], [[[-120.85516, 46.10847, -15359.90820312], [-120.8417, 46.10802, -15106.00585938], [-120.84619, 46.11569, -15439.55273438], [-120.85516, 46.10847, -15359.90820312]]], [[[-120.89897, 46.20522, -19363.65429688], [-120.90525, 46.2077, -19549.83789062], [-120.90915, 46.20334, -19537.87695312], [-120.89897, 46.20522, -19363.65429688]]], [[[-120.84778, 46.19093, -18447.18945312], [-120.8342, 46.19048, -18232.390625], [-120.83876, 46.19823, -18576.09960938], [-120.84778, 46.19093, -18447.18945312]]], [[[-120.85555, 46.08565, -14563.77246094], [-120.84204, 46.08498, -14331.77148438], [-120.84648, 46.09286, -14677.85351562], [-120.85555, 46.08565, -14563.77246094]]], [[[-120.9848, 45.99994, -12659.1328125], [-120.99838, 46.0012, -12794.15332031], [-120.99435, 45.99318, -12450.94921875], [-120.9848, 45.99994, -12659.1328125]]], [[[-120.76689, 45.87637, -5603.13964844], [-120.77623, 45.86924, -5429.98535156], [-120.76266, 45.86836, -5254.68554688], [-120.76689, 45.87637, -5603.13964844]]], [[[-120.94733, 46.13931, -17511.3359375], [-120.93362, 46.14286, -17458.56640625], [-120.94652, 46.14813, -17830.84375], [-120.94733, 46.13931, -17511.3359375]]], [[[-120.83319, 46.09225, -14416.57617188], [-120.81944, 46.09127, -14372.8671875], [-120.82356, 46.09861, -14692.72070312], [-120.83319, 46.09225, -14416.57617188]]], [[[-120.87717, 45.82574, -4939.55761719], [-120.88133, 45.8338, -5287.75048828], [-120.89074, 45.82696, -5105.32470703], [-120.87717, 45.82574, -4939.55761719]]], [[[-120.99675, 46.09088, -16016.75390625], [-120.98345, 46.09021, -15638.67578125], [-120.98732, 46.0991, -16008.58691406], [-120.99675, 46.09088, -16016.75390625]]], [[[-120.92449, 46.0903, -15374.35351562], [-120.91538, 46.09715, -15556.76855469], [-120.93081, 46.09902, -15749.63378906], [-120.92449, 46.0903, -15374.35351562]]], [[[-120.84204, 46.08498, -14331.77148438], [-120.85555, 46.08565, -14563.77246094], [-120.85144, 46.07796, -14230.57910156], [-120.84204, 46.08498, -14331.77148438]]], [[[-120.94646, 46.09644, -15649.35253906], [-120.95535, 46.08934, -15270.41308594], [-120.93822, 46.09139, -15421.01855469], [-120.94646, 46.09644, -15649.35253906]]], [[[-120.86355, 45.77855, -2990.05639648], [-120.87845, 45.78034, -3172.90966797], [-120.875, 45.77259, -2849.2199707], [-120.86355, 45.77855, -2990.05639648]]], [[[-120.84368, 46.18354, -18124.27929688], [-120.8342, 46.19048, -18232.390625], [-120.84778, 46.19093, -18447.18945312], [-120.84368, 46.18354, -18124.27929688]]], [[[-120.96325, 46.12471, -16887.51757812], [-120.97222, 46.13108, -17150.17773438], [-120.97669, 46.12157, -16701.41601562], [-120.96325, 46.12471, -16887.51757812]]], [[[-120.6913, 45.77585, -1129.66601562], [-120.68037, 45.77067, -828.87866211], [-120.67749, 45.78027, -1133.67675781], [-120.6913, 45.77585, -1129.66601562]]], [[[-120.87651, 46.14756, -17056.54296875], [-120.86778, 46.15484, -17148.6640625], [-120.88111, 46.15549, -17408.1015625], [-120.87651, 46.14756, -17056.54296875]]], [[[-120.94646, 46.09644, -15649.35253906], [-120.93081, 46.09902, -15749.63378906], [-120.94668, 46.10501, -16018.83105469], [-120.94646, 46.09644, -15649.35253906]]], [[[-120.99695, 45.75867, -3382.88134766], [-120.98752, 45.7652, -3684.12548828], [-121.00123, 45.76655, -3727.45654297], [-120.99695, 45.75867, -3382.88134766]]], [[[-120.85897, 46.13911, -16462.35546875], [-120.86806, 46.13199, -16382.22070312], [-120.85475, 46.13147, -16128.94726562], [-120.85897, 46.13911, -16462.35546875]]], [[[-120.86881, 46.20184, -19079.19921875], [-120.86702, 46.21101, -19385.69921875], [-120.87804, 46.20847, -19420.74414062], [-120.86881, 46.20184, -19079.19921875]]], [[[-120.73327, 45.93437, -7550.60400391], [-120.71965, 45.93323, -7386.11621094], [-120.72421, 45.94162, -7750.40478516], [-120.73327, 45.93437, -7550.60400391]]], [[[-120.85475, 46.13147, -16128.94726562], [-120.84086, 46.13045, -16075.51855469], [-120.84529, 46.13799, -16405.40039062], [-120.85475, 46.13147, -16128.94726562]]], [[[-120.84602, 46.21404, -19240.28125], [-120.84786, 46.22229, -19549.00390625], [-120.85652, 46.21645, -19457.52148438], [-120.84602, 46.21404, -19240.28125]]], [[[-120.93767, 46.13278, -17154.93945312], [-120.93362, 46.14286, -17458.56640625], [-120.94733, 46.13931, -17511.3359375], [-120.93767, 46.13278, -17154.93945312]]], [[[-120.87222, 46.14005, -16725.12890625], [-120.86287, 46.14715, -16816.80273438], [-120.87651, 46.14756, -17056.54296875], [-120.87222, 46.14005, -16725.12890625]]], [[[-120.89129, 45.80431, -4214.54052734], [-120.90059, 45.7972, -4133.91113281], [-120.88731, 45.79622, -3869.46191406], [-120.89129, 45.80431, -4214.54052734]]], [[[-121.01576, 45.86486, -8007.10009766], [-121.02938, 45.86637, -8033.06201172], [-121.02552, 45.85862, -7697.41796875], [-121.01576, 45.86486, -8007.10009766]]], [[[-120.8417, 46.10802, -15106.00585938], [-120.82785, 46.10674, -15044.78808594], [-120.83246, 46.11467, -15391.36230469], [-120.8417, 46.10802, -15106.00585938]]], [[[-120.92477, 46.17051, -18410.8671875], [-120.92311, 46.17934, -18719.26367188], [-120.9357, 46.17602, -18728.13476562], [-120.92477, 46.17051, -18410.8671875]]], [[[-120.96058, 46.08003, -14955.41992188], [-120.95535, 46.08934, -15270.41308594], [-120.97069, 46.08776, -15354.16308594], [-120.96058, 46.08003, -14955.41992188]]], [[[-121.12822, 46.04738, -15958.54199219], [-121.14212, 46.04874, -16066.12988281], [-121.13804, 46.04083, -15720.39746094], [-121.12822, 46.04738, -15958.54199219]]], [[[-120.93097, 46.15256, -17800.31835938], [-120.91405, 46.15756, -17798.80859375], [-120.92677, 46.16145, -18081.8984375], [-120.93097, 46.15256, -17800.31835938]]], [[[-120.85482, 45.78616, -3207.7722168], [-120.84652, 45.77903, -2847.28955078], [-120.83909, 45.78595, -2958.49780273], [-120.85482, 45.78616, -3207.7722168]]], [[[-121.0797, 46.10781, -17826.42578125], [-121.08346, 46.11629, -18181.91992188], [-121.09256, 46.11059, -18103.26171875], [-121.0797, 46.10781, -17826.42578125]]], [[[-120.90177, 45.70669, -1048.29309082], [-120.90081, 45.6983, -722.5579834], [-120.89132, 45.70207, -706.43035889], [-120.90177, 45.70669, -1048.29309082]]], [[[-120.89897, 46.20522, -19363.65429688], [-120.89229, 46.2107, -19615.23242188], [-120.89951, 46.2106, -19577.34765625], [-120.89897, 46.20522, -19363.65429688]]], [[[-120.84446, 46.16087, -17276.71289062], [-120.8402, 46.15289, -16931.87890625], [-120.83093, 46.16003, -17103.66992188], [-120.84446, 46.16087, -17276.71289062]]], [[[-121.02633, 45.83603, -6776.71435547], [-121.03548, 45.82957, -6484.05908203], [-121.02179, 45.82822, -6435.22900391], [-121.02633, 45.83603, -6776.71435547]]], [[[-120.78426, 45.90779, -6976.46191406], [-120.77057, 45.9069, -6841.56640625], [-120.77456, 45.91442, -7169.38623047], [-120.78426, 45.90779, -6976.46191406]]], [[[-120.86778, 46.15484, -17148.6640625], [-120.87651, 46.14756, -17056.54296875], [-120.86287, 46.14715, -16816.80273438], [-120.86778, 46.15484, -17148.6640625]]], [[[-120.88796, 46.20708, -19442.43359375], [-120.87804, 46.20847, -19420.74414062], [-120.8855, 46.21269, -19645.99414062], [-120.88796, 46.20708, -19442.43359375]]], [[[-120.93767, 46.13278, -17154.93945312], [-120.92224, 46.13818, -17163.16796875], [-120.93362, 46.14286, -17458.56640625], [-120.93767, 46.13278, -17154.93945312]]], [[[-120.86126, 46.0486, -13122.18554688], [-120.84772, 46.04735, -12963.75097656], [-120.8522, 46.05562, -13324.15820312], [-120.86126, 46.0486, -13122.18554688]]], [[[-120.84552, 46.22732, -19703.63085938], [-120.84099, 46.22617, -19627.00195312], [-120.84347, 46.23065, -19823.92382812], [-120.84552, 46.22732, -19703.63085938]]], [[[-120.98977, 45.98547, -12108.125], [-121.00326, 45.98585, -12357.04003906], [-120.99904, 45.97838, -12029.50878906], [-120.98977, 45.98547, -12108.125]]], [[[-120.8522, 46.05562, -13324.15820312], [-120.83839, 46.05432, -13201.51074219], [-120.84253, 46.06221, -13542.50585938], [-120.8522, 46.05562, -13324.15820312]]], [[[-120.93713, 45.76818, -3755.23730469], [-120.94177, 45.77586, -4095.78540039], [-120.95086, 45.76886, -3872.85498047], [-120.93713, 45.76818, -3755.23730469]]], [[[-120.94923, 46.12366, -16815.62304688], [-120.95531, 46.13199, -17185.71484375], [-120.96325, 46.12471, -16887.51757812], [-120.94923, 46.12366, -16815.62304688]]], [[[-120.85056, 46.1007, -15012.62988281], [-120.8417, 46.10802, -15106.00585938], [-120.85516, 46.10847, -15359.90820312], [-120.85056, 46.1007, -15012.62988281]]], [[[-120.92311, 46.17934, -18719.26367188], [-120.93447, 46.18492, -19057.86914062], [-120.9357, 46.17602, -18728.13476562], [-120.92311, 46.17934, -18719.26367188]]], [[[-120.83909, 45.78595, -2958.49780273], [-120.83219, 45.77753, -2549.36352539], [-120.82754, 45.78561, -2614.17944336], [-120.83909, 45.78595, -2958.49780273]]], [[[-120.8417, 46.10802, -15106.00585938], [-120.85056, 46.1007, -15012.62988281], [-120.83718, 46.10002, -14757.82714844], [-120.8417, 46.10802, -15106.00585938]]], [[[-120.99207, 46.10724, -16368.81738281], [-120.98732, 46.0991, -16008.58691406], [-120.97842, 46.10526, -16092.54589844], [-120.99207, 46.10724, -16368.81738281]]], [[[-120.84602, 46.21404, -19240.28125], [-120.84296, 46.20608, -18917.49023438], [-120.83384, 46.2132, -19057.61132812], [-120.84602, 46.21404, -19240.28125]]], [[[-120.65175, 45.78521, -1066.93518066], [-120.65729, 45.79254, -1397.8223877], [-120.66454, 45.78226, -883.91918945], [-120.65175, 45.78521, -1066.93518066]]], [[[-120.83319, 46.09225, -14416.57617188], [-120.82853, 46.08452, -14081.8984375], [-120.81944, 46.09127, -14372.8671875], [-120.83319, 46.09225, -14416.57617188]]], [[[-121.01629, 46.0096, -13393.73925781], [-121.02981, 46.01049, -13636.65136719], [-121.02526, 46.00232, -13278.94238281], [-121.01629, 46.0096, -13393.73925781]]], [[[-120.99622, 45.78094, -4371.09619141], [-121.00043, 45.78882, -4715.12451172], [-121.00978, 45.7823, -4416.60742188], [-120.99622, 45.78094, -4371.09619141]]], [[[-120.85816, 46.16131, -17419.6640625], [-120.84446, 46.16087, -17276.71289062], [-120.84859, 46.16822, -17597.28515625], [-120.85816, 46.16131, -17419.6640625]]], [[[-120.93275, 46.10819, -16164.19628906], [-120.9237, 46.11708, -16381.02246094], [-120.94001, 46.11553, -16471.93945312], [-120.93275, 46.10819, -16164.19628906]]], [[[-120.77541, 45.89168, -6272.80224609], [-120.77137, 45.88439, -5954.23681641], [-120.76169, 45.89104, -6150.32714844], [-120.77541, 45.89168, -6272.80224609]]], [[[-120.9233, 46.12912, -16831.578125], [-120.92224, 46.13818, -17163.16796875], [-120.93767, 46.13278, -17154.93945312], [-120.9233, 46.12912, -16831.578125]]], [[[-121.01949, 45.89509, -9403.29589844], [-121.02341, 45.90311, -9757.66699219], [-121.03314, 45.89684, -9408.65722656], [-121.01949, 45.89509, -9403.29589844]]], [[[-120.94668, 46.10501, -16018.83105469], [-120.94001, 46.11553, -16471.93945312], [-120.95209, 46.11375, -16402.62304688], [-120.94668, 46.10501, -16018.83105469]]], [[[-120.83319, 46.09225, -14416.57617188], [-120.84204, 46.08498, -14331.77148438], [-120.82853, 46.08452, -14081.8984375], [-120.83319, 46.09225, -14416.57617188]]], [[[-120.98732, 46.0991, -16008.58691406], [-120.99207, 46.10724, -16368.81738281], [-121.00032, 46.10066, -16365.20507812], [-120.98732, 46.0991, -16008.58691406]]], [[[-120.89606, 45.81188, -4556.62353516], [-120.90937, 45.8128, -4818.81396484], [-120.90488, 45.80455, -4458.93505859], [-120.89606, 45.81188, -4556.62353516]]], [[[-120.85002, 46.22843, -19794.234375], [-120.84552, 46.22732, -19703.63085938], [-120.84347, 46.23065, -19823.92382812], [-120.85002, 46.22843, -19794.234375]]], [[[-120.78053, 45.87737, -5783.70166016], [-120.76689, 45.87637, -5603.13964844], [-120.77137, 45.88439, -5954.23681641], [-120.78053, 45.87737, -5783.70166016]]], [[[-120.86778, 46.15484, -17148.6640625], [-120.86287, 46.14715, -16816.80273438], [-120.85382, 46.15393, -17096.7109375], [-120.86778, 46.15484, -17148.6640625]]], [[[-121.02981, 46.01049, -13636.65136719], [-121.04335, 46.01126, -13848.78320312], [-121.03892, 46.00326, -13498.48632812], [-121.02981, 46.01049, -13636.65136719]]], [[[-120.9233, 46.12912, -16831.578125], [-120.90857, 46.13337, -16830.25195312], [-120.92224, 46.13818, -17163.16796875], [-120.9233, 46.12912, -16831.578125]]], [[[-120.85652, 46.21645, -19457.52148438], [-120.85755, 46.22447, -19764.87109375], [-120.86688, 46.2197, -19727.99804688], [-120.85652, 46.21645, -19457.52148438]]], [[[-120.64291, 45.79213, -1259.46374512], [-120.63946, 45.78206, -845.13769531], [-120.62986, 45.79119, -1047.58581543], [-120.64291, 45.79213, -1259.46374512]]], [[[-121.00797, 45.82705, -6315.46240234], [-121.01764, 45.82032, -6090.67382812], [-121.00408, 45.81918, -5975.02539062], [-121.00797, 45.82705, -6315.46240234]]], [[[-120.73896, 45.89709, -6152.21923828], [-120.72582, 45.89652, -5874.78466797], [-120.73011, 45.90429, -6213.83935547], [-120.73896, 45.89709, -6152.21923828]]], [[[-120.82189, 46.1442, -16407.7109375], [-120.81277, 46.15133, -16522.98242188], [-120.82644, 46.15177, -16744.8203125], [-120.82189, 46.1442, -16407.7109375]]], [[[-120.73344, 45.79084, -2005.77148438], [-120.7237, 45.78427, -1653.61132812], [-120.72159, 45.79424, -2013.71313477], [-120.73344, 45.79084, -2005.77148438]]], [[[-120.91352, 46.12352, -16515.99023438], [-120.90857, 46.13337, -16830.25195312], [-120.9233, 46.12912, -16831.578125], [-120.91352, 46.12352, -16515.99023438]]], [[[-120.83159, 46.13742, -16258.29785156], [-120.84086, 46.13045, -16075.51855469], [-120.82713, 46.12917, -15900.90234375], [-120.83159, 46.13742, -16258.29785156]]], [[[-120.83909, 45.78595, -2958.49780273], [-120.82754, 45.78561, -2614.17944336], [-120.82917, 45.79457, -2896.94555664], [-120.83909, 45.78595, -2958.49780273]]], [[[-121.02461, 45.88105, -8716.55761719], [-121.02863, 45.88851, -9043.39160156], [-121.03824, 45.88207, -8721.30761719], [-121.02461, 45.88105, -8716.55761719]]], [[[-120.91969, 46.10606, -15935.22753906], [-120.91538, 46.09715, -15556.76855469], [-120.90564, 46.10427, -15703.43554688], [-120.91969, 46.10606, -15935.22753906]]], [[[-120.84446, 46.16087, -17276.71289062], [-120.83093, 46.16003, -17103.66992188], [-120.83479, 46.16757, -17426.77148438], [-120.84446, 46.16087, -17276.71289062]]], [[[-120.96318, 46.1166, -16524.015625], [-120.95209, 46.11375, -16402.62304688], [-120.94923, 46.12366, -16815.62304688], [-120.96318, 46.1166, -16524.015625]]], [[[-120.8301, 46.18259, -17891.86328125], [-120.82092, 46.18973, -18027.55664062], [-120.8342, 46.19048, -18232.390625], [-120.8301, 46.18259, -17891.86328125]]], [[[-120.85725, 46.18411, -18286.62109375], [-120.85319, 46.17658, -17960.671875], [-120.84368, 46.18354, -18124.27929688], [-120.85725, 46.18411, -18286.62109375]]], [[[-120.84099, 46.22617, -19627.00195312], [-120.84786, 46.22229, -19549.00390625], [-120.8378, 46.22038, -19372.75], [-120.84099, 46.22617, -19627.00195312]]], [[[-120.76169, 45.89104, -6150.32714844], [-120.75235, 45.89778, -6388.85595703], [-120.76606, 45.89856, -6477.98486328], [-120.76169, 45.89104, -6150.32714844]]], [[[-120.8378, 46.07744, -14001.046875], [-120.84703, 46.07017, -13890.15332031], [-120.83357, 46.0695, -13659.2578125], [-120.8378, 46.07744, -14001.046875]]], [[[-120.97295, 46.11214, -16303.77441406], [-120.97669, 46.12157, -16701.41601562], [-120.98538, 46.1135, -16488.83984375], [-120.97295, 46.11214, -16303.77441406]]], [[[-120.91352, 46.12352, -16515.99023438], [-120.90317, 46.12655, -16516.75195312], [-120.90857, 46.13337, -16830.25195312], [-120.91352, 46.12352, -16515.99023438]]], [[[-120.82263, 46.12123, -15553.91015625], [-120.80906, 46.12082, -15389.23535156], [-120.8134, 46.12821, -15716.64257812], [-120.82263, 46.12123, -15553.91015625]]], [[[-120.85335, 46.19907, -18815.44921875], [-120.84296, 46.20608, -18917.49023438], [-120.85619, 46.20713, -19143.33007812], [-120.85335, 46.19907, -18815.44921875]]], [[[-121.05233, 46.00378, -13789.92578125], [-121.03892, 46.00326, -13498.48632812], [-121.04335, 46.01126, -13848.78320312], [-121.05233, 46.00378, -13789.92578125]]], [[[-120.83357, 46.0695, -13659.2578125], [-120.8245, 46.07668, -13737.83691406], [-120.8378, 46.07744, -14001.046875], [-120.83357, 46.0695, -13659.2578125]]], [[[-120.88731, 45.79622, -3869.46191406], [-120.90059, 45.7972, -4133.91113281], [-120.89652, 45.78896, -3781.04711914], [-120.88731, 45.79622, -3869.46191406]]], [[[-120.93081, 46.09902, -15749.63378906], [-120.91969, 46.10606, -15935.22753906], [-120.93275, 46.10819, -16164.19628906], [-120.93081, 46.09902, -15749.63378906]]], [[[-120.88222, 45.81119, -4417.06152344], [-120.88649, 45.81878, -4748.41943359], [-120.89606, 45.81188, -4556.62353516], [-120.88222, 45.81119, -4417.06152344]]], [[[-120.83159, 46.13742, -16258.29785156], [-120.81801, 46.13643, -16076.50390625], [-120.82189, 46.1442, -16407.7109375], [-120.83159, 46.13742, -16258.29785156]]], [[[-120.90156, 45.89578, -7794.77685547], [-120.90622, 45.90386, -8151.27099609], [-120.9152, 45.89661, -8017.45703125], [-120.90156, 45.89578, -7794.77685547]]], [[[-120.87391, 46.19388, -18818.203125], [-120.86881, 46.20184, -19079.19921875], [-120.88087, 46.20169, -19179.11132812], [-120.87391, 46.19388, -18818.203125]]], [[[-121.07599, 46.09908, -17462.79492188], [-121.08882, 46.10185, -17734.01171875], [-121.08837, 46.09247, -17403.98828125], [-121.07599, 46.09908, -17462.79492188]]], [[[-120.91411, 45.79746, -4340.33691406], [-120.92754, 45.79832, -4569.01953125], [-120.92342, 45.79045, -4229.29931641], [-120.91411, 45.79746, -4340.33691406]]], [[[-120.77137, 45.88439, -5954.23681641], [-120.76689, 45.87637, -5603.13964844], [-120.75764, 45.88333, -5814.34912109], [-120.77137, 45.88439, -5954.23681641]]], [[[-120.91352, 46.12352, -16515.99023438], [-120.90065, 46.11929, -16213.83007812], [-120.90317, 46.12655, -16516.75195312], [-120.91352, 46.12352, -16515.99023438]]], [[[-121.03524, 45.97235, -12421.52734375], [-121.0395, 45.98026, -12765.18945312], [-121.04859, 45.97295, -12695.3984375], [-121.03524, 45.97235, -12421.52734375]]], [[[-120.84994, 46.12361, -15788.71289062], [-120.84619, 46.11569, -15439.55273438], [-120.83632, 46.12211, -15713.19042969], [-120.84994, 46.12361, -15788.71289062]]], [[[-120.83479, 46.16757, -17426.77148438], [-120.82131, 46.16697, -17205.63476562], [-120.82575, 46.17478, -17549.76171875], [-120.83479, 46.16757, -17426.77148438]]], [[[-120.96247, 46.10644, -16032.86425781], [-120.97295, 46.11214, -16303.77441406], [-120.97842, 46.10526, -16092.54589844], [-120.96247, 46.10644, -16032.86425781]]], [[[-120.87391, 46.19388, -18818.203125], [-120.87031, 46.18488, -18438.04296875], [-120.86186, 46.19228, -18643.32226562], [-120.87391, 46.19388, -18818.203125]]], [[[-120.82713, 46.12917, -15900.90234375], [-120.82263, 46.12123, -15553.91015625], [-120.8134, 46.12821, -15716.64257812], [-120.82713, 46.12917, -15900.90234375]]], [[[-120.80432, 46.13561, -15838.9453125], [-120.79509, 46.14278, -15966.9296875], [-120.80845, 46.14347, -16179.52441406], [-120.80432, 46.13561, -15838.9453125]]], [[[-120.82893, 45.72689, -700.53094482], [-120.832, 45.71828, -361.06182861], [-120.81674, 45.72306, -418.71411133], [-120.82893, 45.72689, -700.53094482]]], [[[-120.86232, 46.16934, -17766.58203125], [-120.84859, 46.16822, -17597.28515625], [-120.85319, 46.17658, -17960.671875], [-120.86232, 46.16934, -17766.58203125]]], [[[-121.01949, 45.89509, -9403.29589844], [-121.02863, 45.88851, -9043.39160156], [-121.0148, 45.88708, -9054.65820312], [-121.01949, 45.89509, -9403.29589844]]], [[[-121.01337, 45.81241, -5745.30566406], [-121.02262, 45.80594, -5450.33300781], [-121.00893, 45.80459, -5403.43408203], [-121.01337, 45.81241, -5745.30566406]]], [[[-120.72033, 45.91065, -6519.86132812], [-120.71123, 45.91786, -6718.04394531], [-120.72496, 45.91897, -6882.33007812], [-120.72033, 45.91065, -6519.86132812]]], [[[-120.86712, 46.17739, -18119.59375], [-120.85725, 46.18411, -18286.62109375], [-120.87031, 46.18488, -18438.04296875], [-120.86712, 46.17739, -18119.59375]]], [[[-121.02461, 45.88105, -8716.55761719], [-121.03824, 45.88207, -8721.30761719], [-121.03398, 45.87466, -8395.96386719], [-121.02461, 45.88105, -8716.55761719]]], [[[-120.91026, 46.11311, -16087.07714844], [-120.90065, 46.11929, -16213.83007812], [-120.91352, 46.12352, -16515.99023438], [-120.91026, 46.11311, -16087.07714844]]], [[[-121.03829, 46.02594, -14311.10449219], [-121.04763, 46.01891, -14184.5546875], [-121.03411, 46.01832, -13978.58203125], [-121.03829, 46.02594, -14311.10449219]]], [[[-120.81801, 46.13643, -16076.50390625], [-120.80432, 46.13561, -15838.9453125], [-120.80845, 46.14347, -16179.52441406], [-120.81801, 46.13643, -16076.50390625]]], [[[-120.89681, 45.91154, -8128.74169922], [-120.90622, 45.90386, -8151.27099609], [-120.89252, 45.90359, -7784.70605469], [-120.89681, 45.91154, -8128.74169922]]], [[[-120.97295, 46.11214, -16303.77441406], [-120.96247, 46.10644, -16032.86425781], [-120.96318, 46.1166, -16524.015625], [-120.97295, 46.11214, -16303.77441406]]], [[[-120.84859, 46.16822, -17597.28515625], [-120.84446, 46.16087, -17276.71289062], [-120.83479, 46.16757, -17426.77148438], [-120.84859, 46.16822, -17597.28515625]]], [[[-120.84602, 46.21404, -19240.28125], [-120.85619, 46.20713, -19143.33007812], [-120.84296, 46.20608, -18917.49023438], [-120.84602, 46.21404, -19240.28125]]], [[[-120.875, 45.77259, -2849.2199707], [-120.88167, 45.76429, -2682.60913086], [-120.86624, 45.76843, -2564.49121094], [-120.875, 45.77259, -2849.2199707]]], [[[-120.86074, 46.07108, -13998.12402344], [-120.85144, 46.07796, -14230.57910156], [-120.86533, 46.0791, -14347.90429688], [-120.86074, 46.07108, -13998.12402344]]], [[[-120.87391, 46.19388, -18818.203125], [-120.86186, 46.19228, -18643.32226562], [-120.86881, 46.20184, -19079.19921875], [-120.87391, 46.19388, -18818.203125]]], [[[-120.87391, 46.19388, -18818.203125], [-120.88087, 46.20169, -19179.11132812], [-120.88352, 46.19494, -18929.29101562], [-120.87391, 46.19388, -18818.203125]]], [[[-120.84859, 46.16822, -17597.28515625], [-120.83479, 46.16757, -17426.77148438], [-120.8395, 46.17536, -17774.2421875], [-120.84859, 46.16822, -17597.28515625]]], [[[-120.87717, 45.82574, -4939.55761719], [-120.88649, 45.81878, -4748.41943359], [-120.8727, 45.81806, -4602.23632812], [-120.87717, 45.82574, -4939.55761719]]], [[[-120.82891, 45.7362, -1047.93469238], [-120.84118, 45.73146, -940.47497559], [-120.82893, 45.72689, -700.53094482], [-120.82891, 45.7362, -1047.93469238]]], [[[-120.99127, 45.79579, -4952.75976562], [-121.00491, 45.79666, -5057.55761719], [-121.00043, 45.78882, -4715.12451172], [-120.99127, 45.79579, -4952.75976562]]], [[[-120.88111, 46.15549, -17408.1015625], [-120.87181, 46.16262, -17489.875], [-120.88533, 46.16311, -17740.22460938], [-120.88111, 46.15549, -17408.1015625]]], [[[-120.97338, 46.09739, -15741.91894531], [-120.97842, 46.10526, -16092.54589844], [-120.98732, 46.0991, -16008.58691406], [-120.97338, 46.09739, -15741.91894531]]], [[[-120.74324, 45.90507, -6497.30175781], [-120.73403, 45.91225, -6563.59716797], [-120.74748, 45.91265, -6829.93554688], [-120.74324, 45.90507, -6497.30175781]]], [[[-121.06462, 45.907, -9874.89746094], [-121.07839, 45.90833, -9929.8125], [-121.07409, 45.90045, -9585.23632812], [-121.06462, 45.907, -9874.89746094]]], [[[-120.96058, 46.08003, -14955.41992188], [-120.97489, 46.07858, -15093.70019531], [-120.97036, 46.07002, -14721.70117188], [-120.96058, 46.08003, -14955.41992188]]], [[[-120.91026, 46.11311, -16087.07714844], [-120.89604, 46.11115, -15857.10058594], [-120.90065, 46.11929, -16213.83007812], [-120.91026, 46.11311, -16087.07714844]]], [[[-120.79863, 45.8858, -6330.265625], [-120.80794, 45.87888, -6127.23046875], [-120.79431, 45.87773, -5980.28955078], [-120.79863, 45.8858, -6330.265625]]], [[[-120.89034, 46.14834, -17294.73046875], [-120.87651, 46.14756, -17056.54296875], [-120.88111, 46.15549, -17408.1015625], [-120.89034, 46.14834, -17294.73046875]]], [[[-120.93822, 46.09139, -15421.01855469], [-120.93346, 46.08335, -15068.31054688], [-120.92449, 46.0903, -15374.35351562], [-120.93822, 46.09139, -15421.01855469]]], [[[-120.90564, 46.10427, -15703.43554688], [-120.89604, 46.11115, -15857.10058594], [-120.91026, 46.11311, -16087.07714844], [-120.90564, 46.10427, -15703.43554688]]], [[[-120.91117, 45.72078, -1683.4519043], [-120.91581, 45.72868, -2032.09240723], [-120.9252, 45.72193, -1818.35644531], [-120.91117, 45.72078, -1683.4519043]]], [[[-121.04763, 46.01891, -14184.5546875], [-121.05185, 46.02699, -14533.67285156], [-121.06104, 46.01966, -14483.03613281], [-121.04763, 46.01891, -14184.5546875]]], [[[-120.79719, 46.0748, -13537.02832031], [-120.80646, 46.06784, -13353.078125], [-120.79272, 46.06666, -13183.55273438], [-120.79719, 46.0748, -13537.02832031]]], [[[-120.82131, 46.16697, -17205.63476562], [-120.808, 46.16626, -16997.2421875], [-120.8123, 46.17408, -17340.68164062], [-120.82131, 46.16697, -17205.63476562]]], [[[-120.72255, 45.84299, -4007.23852539], [-120.70905, 45.84243, -3771.93432617], [-120.71325, 45.85005, -4104.70556641], [-120.72255, 45.84299, -4007.23852539]]], [[[-120.79272, 46.06666, -13183.55273438], [-120.78824, 46.05852, -12829.49609375], [-120.77908, 46.06556, -12988.28125], [-120.79272, 46.06666, -13183.55273438]]], [[[-121.02711, 46.10313, -16998.53320312], [-121.03163, 46.11199, -17382.79101562], [-121.0398, 46.10237, -17115.3515625], [-121.02711, 46.10313, -16998.53320312]]], [[[-120.90564, 46.10427, -15703.43554688], [-120.89176, 46.10314, -15508.28515625], [-120.89604, 46.11115, -15857.10058594], [-120.90564, 46.10427, -15703.43554688]]], [[[-120.77459, 46.05811, -12656.2265625], [-120.76545, 46.06523, -12758.83398438], [-120.77908, 46.06556, -12988.28125], [-120.77459, 46.05811, -12656.2265625]]], [[[-121.02711, 46.10313, -16998.53320312], [-121.01805, 46.11079, -17148.57617188], [-121.03163, 46.11199, -17382.79101562], [-121.02711, 46.10313, -16998.53320312]]], [[[-120.75932, 45.74383, -160.15161133], [-120.77566, 45.74073, -88.75637817], [-120.76583, 45.73546, 221.22398376], [-120.75932, 45.74383, -160.15161133]]], [[[-121.04808, 45.99601, -13451.1953125], [-121.06162, 45.99653, -13725.52246094], [-121.05707, 45.98871, -13379.9453125], [-121.04808, 45.99601, -13451.1953125]]], [[[-120.7275, 45.82839, -3420.10302734], [-120.71389, 45.82737, -3326.17529297], [-120.71815, 45.83512, -3663.55249023], [-120.7275, 45.82839, -3420.10302734]]], [[[-120.90137, 46.09624, -15354.39648438], [-120.89176, 46.10314, -15508.28515625], [-120.90564, 46.10427, -15703.43554688], [-120.90137, 46.09624, -15354.39648438]]], [[[-121.0493, 45.94998, -11809.66113281], [-121.06308, 45.95159, -11808.29882812], [-121.05872, 45.94364, -11459.72070312], [-121.0493, 45.94998, -11809.66113281]]], [[[-120.71582, 45.80425, -2368.72485352], [-120.70921, 45.79667, -2038.11560059], [-120.70149, 45.80411, -2317.98706055], [-120.71582, 45.80425, -2368.72485352]]], [[[-120.8248, 46.05391, -12974.8828125], [-120.81161, 46.05303, -12705.01464844], [-120.81542, 46.06104, -13058.1640625], [-120.8248, 46.05391, -12974.8828125]]], [[[-120.88797, 45.8958, -7432.61132812], [-120.89252, 45.90359, -7784.70605469], [-120.90156, 45.89578, -7794.77685547], [-120.88797, 45.8958, -7432.61132812]]], [[[-120.90137, 46.09624, -15354.39648438], [-120.88746, 46.09569, -15181.12402344], [-120.89176, 46.10314, -15508.28515625], [-120.90137, 46.09624, -15354.39648438]]], [[[-120.81161, 46.05303, -12705.01464844], [-120.79797, 46.05186, -12660.63476562], [-120.80184, 46.05949, -12989.88867188], [-120.81161, 46.05303, -12705.01464844]]], [[[-120.8134, 46.12821, -15716.64257812], [-120.79979, 46.12786, -15495.77050781], [-120.80432, 46.13561, -15838.9453125], [-120.8134, 46.12821, -15716.64257812]]], [[[-120.85329, 45.73612, -1223.92504883], [-120.84118, 45.73146, -940.47497559], [-120.841, 45.74067, -1332.58532715], [-120.85329, 45.73612, -1223.92504883]]], [[[-121.06104, 46.01966, -14483.03613281], [-121.0746, 46.02009, -14754.05761719], [-121.06999, 46.01232, -14409.54589844], [-121.06104, 46.01966, -14483.03613281]]], [[[-120.76358, 45.84572, -4404.91015625], [-120.74996, 45.84504, -4237.30566406], [-120.75394, 45.85268, -4568.83398438], [-120.76358, 45.84572, -4404.91015625]]], [[[-120.89646, 46.08855, -15011.19433594], [-120.88746, 46.09569, -15181.12402344], [-120.90137, 46.09624, -15354.39648438], [-120.89646, 46.08855, -15011.19433594]]], [[[-120.88123, 45.70718, -662.03210449], [-120.88043, 45.69802, -350.17370605], [-120.86905, 45.70371, -317.58706665], [-120.88123, 45.70718, -662.03210449]]], [[[-120.80184, 46.05949, -12989.88867188], [-120.79272, 46.06666, -13183.55273438], [-120.80646, 46.06784, -13353.078125], [-120.80184, 46.05949, -12989.88867188]]], [[[-120.85503, 45.88932, -6583.41210938], [-120.8402, 45.88907, -6517.57861328], [-120.84478, 45.89673, -6849.9296875], [-120.85503, 45.88932, -6583.41210938]]], [[[-121.02782, 45.9106, -10083.84863281], [-121.03713, 45.90421, -9731.93945312], [-121.02341, 45.90311, -9757.66699219], [-121.02782, 45.9106, -10083.84863281]]], [[[-120.73961, 45.87445, -5373.94189453], [-120.72626, 45.87367, -5136.05859375], [-120.73044, 45.88158, -5476.01904297], [-120.73961, 45.87445, -5373.94189453]]], [[[-120.88746, 46.09569, -15181.12402344], [-120.89646, 46.08855, -15011.19433594], [-120.88295, 46.08745, -14821.58300781], [-120.88746, 46.09569, -15181.12402344]]], [[[-120.86782, 45.73135, -1309.57971191], [-120.86927, 45.72207, -1002.12426758], [-120.85559, 45.72733, -971.71697998], [-120.86782, 45.73135, -1309.57971191]]], [[[-120.67227, 45.75515, -158.28559875], [-120.67317, 45.74597, 172.36779785], [-120.6618, 45.75007, 159.03327942], [-120.67227, 45.75515, -158.28559875]]], [[[-121.05299, 45.98077, -13038.06640625], [-121.06241, 45.97376, -12850.54882812], [-121.04859, 45.97295, -12695.3984375], [-121.05299, 45.98077, -13038.06640625]]], [[[-120.80374, 45.71927, -67.17141724], [-120.81156, 45.71509, -61.83729553], [-120.80144, 45.71099, 254.02761841], [-120.80374, 45.71927, -67.17141724]]], [[[-120.73011, 45.90429, -6213.83935547], [-120.72582, 45.89652, -5874.78466797], [-120.71647, 45.90299, -6189.73632812], [-120.73011, 45.90429, -6213.83935547]]], [[[-120.77747, 45.73199, 190.35484314], [-120.76904, 45.72679, 505.59185791], [-120.76583, 45.73546, 221.22398376], [-120.77747, 45.73199, 190.35484314]]], [[[-120.88746, 46.09569, -15181.12402344], [-120.88295, 46.08745, -14821.58300781], [-120.87371, 46.09453, -15020.37109375], [-120.88746, 46.09569, -15181.12402344]]], [[[-120.81605, 46.03798, -12281.30078125], [-120.80725, 46.04529, -12367.76953125], [-120.82054, 46.04584, -12628.67089844], [-120.81605, 46.03798, -12281.30078125]]], [[[-120.82131, 46.16697, -17205.63476562], [-120.83093, 46.16003, -17103.66992188], [-120.81724, 46.15909, -16865.41796875], [-120.82131, 46.16697, -17205.63476562]]], [[[-120.73961, 45.87445, -5373.94189453], [-120.73536, 45.8665, -5029.57275391], [-120.72626, 45.87367, -5136.05859375], [-120.73961, 45.87445, -5373.94189453]]], [[[-120.88746, 46.09569, -15181.12402344], [-120.87371, 46.09453, -15020.37109375], [-120.878, 46.10252, -15368.88085938], [-120.88746, 46.09569, -15181.12402344]]], [[[-120.8932, 45.73046, -1663.1315918], [-120.90621, 45.73538, -2092.51708984], [-120.90331, 45.7271, -1764.59008789], [-120.8932, 45.73046, -1663.1315918]]], [[[-120.65065, 45.75405, 355.32382202], [-120.66071, 45.75931, -67.21684265], [-120.6618, 45.75007, 159.03327942], [-120.65065, 45.75405, 355.32382202]]], [[[-121.05299, 45.98077, -13038.06640625], [-121.06659, 45.98195, -13206.97753906], [-121.06241, 45.97376, -12850.54882812], [-121.05299, 45.98077, -13038.06640625]]], [[[-120.80374, 45.71927, -67.17141724], [-120.80144, 45.71099, 254.02761841], [-120.79302, 45.71622, 271.23278809], [-120.80374, 45.71927, -67.17141724]]], [[[-120.8377, 45.85821, -5215.75048828], [-120.83373, 45.85024, -4870.65527344], [-120.82303, 45.85769, -5140.70898438], [-120.8377, 45.85821, -5215.75048828]]], [[[-120.89176, 46.10314, -15508.28515625], [-120.88746, 46.09569, -15181.12402344], [-120.878, 46.10252, -15368.88085938], [-120.89176, 46.10314, -15508.28515625]]], [[[-120.78824, 46.05852, -12829.49609375], [-120.78421, 46.05122, -12512.07519531], [-120.77459, 46.05811, -12656.2265625], [-120.78824, 46.05852, -12829.49609375]]], [[[-121.02028, 45.87308, -8367.05371094], [-121.03398, 45.87466, -8395.96386719], [-121.02938, 45.86637, -8033.06201172], [-121.02028, 45.87308, -8367.05371094]]], [[[-121.02341, 45.90311, -9757.66699219], [-121.03713, 45.90421, -9731.93945312], [-121.03314, 45.89684, -9408.65722656], [-121.02341, 45.90311, -9757.66699219]]], [[[-120.89176, 46.10314, -15508.28515625], [-120.878, 46.10252, -15368.88085938], [-120.88234, 46.11014, -15701.16894531], [-120.89176, 46.10314, -15508.28515625]]], [[[-120.89604, 46.11115, -15857.10058594], [-120.89176, 46.10314, -15508.28515625], [-120.88234, 46.11014, -15701.16894531], [-120.89604, 46.11115, -15857.10058594]]], [[[-120.88836, 45.68394, -42.98762131], [-120.89724, 45.68005, 3.16840267], [-120.8878, 45.67482, 305.75872803], [-120.88836, 45.68394, -42.98762131]]], [[[-120.83839, 46.05432, -13201.51074219], [-120.8248, 46.05391, -12974.8828125], [-120.82902, 46.06146, -13305.51660156], [-120.83839, 46.05432, -13201.51074219]]], [[[-120.88296, 45.78837, -3525.78125], [-120.89182, 45.78103, -3429.32739258], [-120.87845, 45.78034, -3172.90966797], [-120.88296, 45.78837, -3525.78125]]], [[[-120.74082, 45.80594, -2656.328125], [-120.73083, 45.8003, -2336.72387695], [-120.72741, 45.80815, -2604.50097656], [-120.74082, 45.80594, -2656.328125]]], [[[-120.89604, 46.11115, -15857.10058594], [-120.88234, 46.11014, -15701.16894531], [-120.88682, 46.11818, -16051.88769531], [-120.89604, 46.11115, -15857.10058594]]], [[[-120.85691, 45.69985, -28.67340851], [-120.86905, 45.70371, -317.58706665], [-120.86874, 45.69453, 7.64986897], [-120.85691, 45.69985, -28.67340851]]], [[[-120.69832, 45.89411, -5686.98535156], [-120.69391, 45.88626, -5344.44970703], [-120.6847, 45.89326, -5479.76806641], [-120.69832, 45.89411, -5686.98535156]]], [[[-120.90023, 45.68851, -348.21084595], [-120.90672, 45.67917, 84.54342651], [-120.89724, 45.68005, 3.16840267], [-120.90023, 45.68851, -348.21084595]]], [[[-120.90065, 46.11929, -16213.83007812], [-120.89604, 46.11115, -15857.10058594], [-120.88682, 46.11818, -16051.88769531], [-120.90065, 46.11929, -16213.83007812]]], [[[-120.7954, 45.72386, 15.18049431], [-120.80374, 45.71927, -67.17141724], [-120.79302, 45.71622, 271.23278809], [-120.7954, 45.72386, 15.18049431]]], [[[-121.02552, 45.85862, -7697.41796875], [-121.02938, 45.86637, -8033.06201172], [-121.0391, 45.8597, -7810.06201172], [-121.02552, 45.85862, -7697.41796875]]], [[[-120.96009, 46.09744, -15627.51171875], [-120.94668, 46.10501, -16018.83105469], [-120.96247, 46.10644, -16032.86425781], [-120.96009, 46.09744, -15627.51171875]]], [[[-120.89273, 46.08046, -14665.20898438], [-120.87901, 46.07986, -14492.58789062], [-120.88295, 46.08745, -14821.58300781], [-120.89273, 46.08046, -14665.20898438]]], [[[-120.98449, 46.07095, -15091.80078125], [-120.9776, 46.06152, -14617.33105469], [-120.97036, 46.07002, -14721.70117188], [-120.98449, 46.07095, -15091.80078125]]], [[[-120.88796, 46.20708, -19442.43359375], [-120.88087, 46.20169, -19179.11132812], [-120.87804, 46.20847, -19420.74414062], [-120.88796, 46.20708, -19442.43359375]]], [[[-120.84118, 45.73146, -940.47497559], [-120.84383, 45.72287, -604.02636719], [-120.82893, 45.72689, -700.53094482], [-120.84118, 45.73146, -940.47497559]]], [[[-120.81867, 46.11388, -15235.47070312], [-120.80508, 46.11281, -15048.12109375], [-120.80906, 46.12082, -15389.23535156], [-120.81867, 46.11388, -15235.47070312]]], [[[-121.00408, 45.81918, -5975.02539062], [-121.01337, 45.81241, -5745.30566406], [-120.99957, 45.81155, -5639.04101562], [-121.00408, 45.81918, -5975.02539062]]], [[[-121.01337, 45.81241, -5745.30566406], [-121.02691, 45.81381, -5794.90820312], [-121.02262, 45.80594, -5450.33300781], [-121.01337, 45.81241, -5745.30566406]]], [[[-120.80244, 45.89353, -6660.06933594], [-120.78887, 45.89276, -6455.29394531], [-120.79338, 45.90073, -6804.82617188], [-120.80244, 45.89353, -6660.06933594]]], [[[-120.86905, 45.70371, -317.58706665], [-120.85691, 45.69985, -28.67340851], [-120.85746, 45.70894, -360.39807129], [-120.86905, 45.70371, -317.58706665]]], [[[-120.90065, 46.11929, -16213.83007812], [-120.88682, 46.11818, -16051.88769531], [-120.89065, 46.1259, -16388.43554688], [-120.90065, 46.11929, -16213.83007812]]], [[[-120.9124, 45.68725, -260.97677612], [-120.92262, 45.68712, -205.86758423], [-120.91771, 45.67901, 147.50540161], [-120.9124, 45.68725, -260.97677612]]], [[[-120.82893, 45.72689, -700.53094482], [-120.81674, 45.72306, -418.71411133], [-120.81698, 45.73311, -774.23931885], [-120.82893, 45.72689, -700.53094482]]], [[[-121.04093, 45.93442, -11127.27246094], [-121.05462, 45.93619, -11133.5078125], [-121.05006, 45.92787, -10768.95117188], [-121.04093, 45.93442, -11127.27246094]]], [[[-120.75468, 45.80346, -2758.63623047], [-120.74436, 45.79637, -2340.96240234], [-120.74082, 45.80594, -2656.328125], [-120.75468, 45.80346, -2758.63623047]]], [[[-120.60953, 45.77258, -41.67156982], [-120.62096, 45.77629, -383.85339355], [-120.62356, 45.76792, -121.96300507], [-120.60953, 45.77258, -41.67156982]]], [[[-120.90317, 46.12655, -16516.75195312], [-120.90065, 46.11929, -16213.83007812], [-120.89065, 46.1259, -16388.43554688], [-120.90317, 46.12655, -16516.75195312]]], [[[-120.97372, 45.76386, -3556.83935547], [-120.9835, 45.75728, -3338.56542969], [-120.96992, 45.75629, -3228.55151367], [-120.97372, 45.76386, -3556.83935547]]], [[[-120.97878, 46.13862, -17459.08789062], [-120.96113, 46.14026, -17552.0078125], [-120.97238, 46.14542, -17794.50390625], [-120.97878, 46.13862, -17459.08789062]]], [[[-120.88836, 45.68394, -42.98762131], [-120.87726, 45.67987, 303.19351196], [-120.87885, 45.68893, -23.35383987], [-120.88836, 45.68394, -42.98762131]]], [[[-120.8594, 45.89734, -6934.79296875], [-120.85503, 45.88932, -6583.41210938], [-120.84478, 45.89673, -6849.9296875], [-120.8594, 45.89734, -6934.79296875]]], [[[-120.82575, 46.17478, -17549.76171875], [-120.82131, 46.16697, -17205.63476562], [-120.8123, 46.17408, -17340.68164062], [-120.82575, 46.17478, -17549.76171875]]], [[[-120.92073, 45.71347, -1446.98937988], [-120.92884, 45.70648, -1071.32873535], [-120.9134, 45.70432, -1061.37255859], [-120.92073, 45.71347, -1446.98937988]]], [[[-120.67317, 45.74597, 172.36779785], [-120.68344, 45.75229, -104.13950348], [-120.68563, 45.74406, 253.3184967], [-120.67317, 45.74597, 172.36779785]]], [[[-121.05299, 45.98077, -13038.06640625], [-121.05707, 45.98871, -13379.9453125], [-121.06659, 45.98195, -13206.97753906], [-121.05299, 45.98077, -13038.06640625]]], [[[-120.90023, 45.68851, -348.21084595], [-120.89724, 45.68005, 3.16840267], [-120.88836, 45.68394, -42.98762131], [-120.90023, 45.68851, -348.21084595]]], [[[-120.74436, 45.79637, -2340.96240234], [-120.74543, 45.78677, -2028.83752441], [-120.73344, 45.79084, -2005.77148438], [-120.74436, 45.79637, -2340.96240234]]], [[[-120.65065, 45.75405, 355.32382202], [-120.6477, 45.76253, -61.58432007], [-120.65809, 45.76848, -276.29190063], [-120.65065, 45.75405, 355.32382202]]], [[[-120.90317, 46.12655, -16516.75195312], [-120.89065, 46.1259, -16388.43554688], [-120.8949, 46.13351, -16720.03515625], [-120.90317, 46.12655, -16516.75195312]]], [[[-120.85699, 45.69073, 309.28375244], [-120.86874, 45.69453, 7.64986897], [-120.86727, 45.68544, 331.58435059], [-120.85699, 45.69073, 309.28375244]]], [[[-120.69351, 45.75791, -350.14022827], [-120.68344, 45.75229, -104.13950348], [-120.68199, 45.76145, -501.95526123], [-120.69351, 45.75791, -350.14022827]]], [[[-120.67227, 45.75515, -158.28559875], [-120.6618, 45.75007, 159.03327942], [-120.66071, 45.75931, -67.21684265], [-120.67227, 45.75515, -158.28559875]]], [[[-121.15327, 46.08942, -17794.49414062], [-121.13848, 46.09085, -17916.06445312], [-121.14293, 46.09687, -18176.05664062], [-121.15327, 46.08942, -17794.49414062]]], [[[-120.875, 45.77259, -2849.2199707], [-120.88804, 45.77314, -3092.94604492], [-120.88167, 45.76429, -2682.60913086], [-120.875, 45.77259, -2849.2199707]]], [[[-121.05006, 45.92787, -10768.95117188], [-121.06372, 45.92953, -10792.02050781], [-121.05975, 45.92151, -10444.17675781], [-121.05006, 45.92787, -10768.95117188]]], [[[-120.72354, 45.8208, -3089.71899414], [-120.71832, 45.8129, -2744.92382812], [-120.70981, 45.81949, -2986.02490234], [-120.72354, 45.8208, -3089.71899414]]], [[[-120.9124, 45.68725, -260.97677612], [-120.91771, 45.67901, 147.50540161], [-120.90672, 45.67917, 84.54342651], [-120.9124, 45.68725, -260.97677612]]], [[[-120.90857, 46.13337, -16830.25195312], [-120.90317, 46.12655, -16516.75195312], [-120.8949, 46.13351, -16720.03515625], [-120.90857, 46.13337, -16830.25195312]]], [[[-120.82186, 45.71293, -98.88387299], [-120.83438, 45.70918, 21.8562851], [-120.82376, 45.70381, 271.15567017], [-120.82186, 45.71293, -98.88387299]]], [[[-120.8395, 46.17536, -17774.2421875], [-120.8301, 46.18259, -17891.86328125], [-120.84368, 46.18354, -18124.27929688], [-120.8395, 46.17536, -17774.2421875]]], [[[-120.89897, 46.20522, -19363.65429688], [-120.89951, 46.2106, -19577.34765625], [-120.90525, 46.2077, -19549.83789062], [-120.89897, 46.20522, -19363.65429688]]], [[[-120.64518, 45.77159, -481.89907837], [-120.63622, 45.76484, -146.27481079], [-120.633, 45.77421, -478.86679077], [-120.64518, 45.77159, -481.89907837]]], [[[-120.99201, 45.77301, -4025.41821289], [-121.00551, 45.77443, -4072.03198242], [-121.00123, 45.76655, -3727.45654297], [-120.99201, 45.77301, -4025.41821289]]], [[[-120.832, 45.71828, -361.06182861], [-120.83438, 45.70918, 21.8562851], [-120.82186, 45.71293, -98.88387299], [-120.832, 45.71828, -361.06182861]]], [[[-120.73453, 45.88916, -5804.58203125], [-120.72582, 45.89652, -5874.78466797], [-120.73896, 45.89709, -6152.21923828], [-120.73453, 45.88916, -5804.58203125]]], [[[-120.8949, 46.13351, -16720.03515625], [-120.89953, 46.14169, -17076.87695312], [-120.90857, 46.13337, -16830.25195312], [-120.8949, 46.13351, -16720.03515625]]], [[[-120.71389, 45.82737, -3326.17529297], [-120.70981, 45.81949, -2986.02490234], [-120.7004, 45.82658, -3082.14770508], [-120.71389, 45.82737, -3326.17529297]]], [[[-120.82186, 45.71293, -98.88387299], [-120.82376, 45.70381, 271.15567017], [-120.81174, 45.70681, 244.79727173], [-120.82186, 45.71293, -98.88387299]]], [[[-120.9932, 46.1394, -17558.27734375], [-120.9988, 46.14769, -17929.76757812], [-121.00665, 46.14153, -17805.7890625], [-120.9932, 46.1394, -17558.27734375]]], [[[-121.01264, 46.07439, -15758.39746094], [-121.02829, 46.06752, -15623.93261719], [-121.01694, 46.06333, -15397.80957031], [-121.01264, 46.07439, -15758.39746094]]], [[[-120.69628, 45.81891, -2750.12109375], [-120.68321, 45.8182, -2457.16625977], [-120.68702, 45.82611, -2805.55834961], [-120.69628, 45.81891, -2750.12109375]]], [[[-120.91538, 46.09715, -15556.76855469], [-120.92449, 46.0903, -15374.35351562], [-120.91038, 46.08913, -15197.25488281], [-120.91538, 46.09715, -15556.76855469]]], [[[-120.8949, 46.13351, -16720.03515625], [-120.88147, 46.1328, -16614.81054688], [-120.88586, 46.14042, -16948.87695312], [-120.8949, 46.13351, -16720.03515625]]], [[[-120.98972, 46.12158, -16840.63085938], [-120.98801, 46.1302, -17153.85546875], [-121.00183, 46.12432, -17121.88867188], [-120.98972, 46.12158, -16840.63085938]]], [[[-120.91581, 45.72868, -2032.09240723], [-120.92958, 45.72951, -2148.73144531], [-120.9252, 45.72193, -1818.35644531], [-120.91581, 45.72868, -2032.09240723]]], [[[-120.88682, 46.11818, -16051.88769531], [-120.87708, 46.12481, -16267.39257812], [-120.89065, 46.1259, -16388.43554688], [-120.88682, 46.11818, -16051.88769531]]], [[[-120.99207, 46.10724, -16368.81738281], [-120.99863, 46.11554, -16771.73828125], [-121.00502, 46.10909, -16735.26171875], [-120.99207, 46.10724, -16368.81738281]]], [[[-120.88682, 46.11818, -16051.88769531], [-120.87298, 46.11711, -15934.14550781], [-120.87708, 46.12481, -16267.39257812], [-120.88682, 46.11818, -16051.88769531]]], [[[-121.03479, 45.99542, -13158.86132812], [-121.03892, 46.00326, -13498.48632812], [-121.04808, 45.99601, -13451.1953125], [-121.03479, 45.99542, -13158.86132812]]], [[[-120.88044, 45.73521, -1624.22973633], [-120.8932, 45.73046, -1663.1315918], [-120.88167, 45.72583, -1290.57568359], [-120.88044, 45.73521, -1624.22973633]]], [[[-120.63298, 45.82243, -2150.84716797], [-120.61974, 45.82182, -1885.98388672], [-120.624, 45.82965, -2229.42163086], [-120.63298, 45.82243, -2150.84716797]]], [[[-120.98265, 45.77974, -4252.58203125], [-120.99622, 45.78094, -4371.09619141], [-120.99201, 45.77301, -4025.41821289], [-120.98265, 45.77974, -4252.58203125]]], [[[-121.04808, 45.99601, -13451.1953125], [-121.05707, 45.98871, -13379.9453125], [-121.04373, 45.98808, -13105.03125], [-121.04808, 45.99601, -13451.1953125]]], [[[-120.98566, 46.14699, -17805.73046875], [-120.9988, 46.14769, -17929.76757812], [-120.9932, 46.1394, -17558.27734375], [-120.98566, 46.14699, -17805.73046875]]], [[[-120.72741, 45.80815, -2604.50097656], [-120.73083, 45.8003, -2336.72387695], [-120.71582, 45.80425, -2368.72485352], [-120.72741, 45.80815, -2604.50097656]]], [[[-120.97878, 46.13862, -17459.08789062], [-120.98566, 46.14699, -17805.73046875], [-120.9932, 46.1394, -17558.27734375], [-120.97878, 46.13862, -17459.08789062]]], [[[-120.97489, 46.07858, -15093.70019531], [-120.98727, 46.08166, -15451.37988281], [-120.98449, 46.07095, -15091.80078125], [-120.97489, 46.07858, -15093.70019531]]], [[[-120.70905, 45.84243, -3771.93432617], [-120.69589, 45.84172, -3484.1027832], [-120.69992, 45.84961, -3829.94897461], [-120.70905, 45.84243, -3771.93432617]]], [[[-121.0395, 45.98026, -12765.18945312], [-121.04373, 45.98808, -13105.03125], [-121.05299, 45.98077, -13038.06640625], [-121.0395, 45.98026, -12765.18945312]]], [[[-121.05003, 46.09579, -16921.88476562], [-121.05351, 46.1049, -17299.74414062], [-121.06313, 46.09751, -17206.0625], [-121.05003, 46.09579, -16921.88476562]]], [[[-120.69539, 45.79829, -2029.65905762], [-120.70149, 45.80411, -2317.98706055], [-120.70921, 45.79667, -2038.11560059], [-120.69539, 45.79829, -2029.65905762]]], [[[-120.93236, 45.78306, -4176.16552734], [-120.94177, 45.77586, -4095.78540039], [-120.92816, 45.77543, -3842.54150391], [-120.93236, 45.78306, -4176.16552734]]], [[[-120.99863, 46.11554, -16771.73828125], [-121.00183, 46.12432, -17121.88867188], [-121.01109, 46.11757, -17165.62304688], [-120.99863, 46.11554, -16771.73828125]]], [[[-121.04408, 46.11118, -17492.015625], [-121.05791, 46.11352, -17671.9453125], [-121.05351, 46.1049, -17299.74414062], [-121.04408, 46.11118, -17492.015625]]], [[[-120.99675, 46.09088, -16016.75390625], [-121.00058, 46.08193, -15860.52929688], [-120.98727, 46.08166, -15451.37988281], [-120.99675, 46.09088, -16016.75390625]]], [[[-121.10594, 46.07695, -17236.13867188], [-121.09295, 46.07481, -16921.3359375], [-121.09052, 46.08329, -17150.015625], [-121.10594, 46.07695, -17236.13867188]]], [[[-120.69188, 45.81089, -2400.09057617], [-120.68321, 45.8182, -2457.16625977], [-120.69628, 45.81891, -2750.12109375], [-120.69188, 45.81089, -2400.09057617]]], [[[-121.03809, 46.12103, -17787.62890625], [-121.04408, 46.11118, -17492.015625], [-121.03163, 46.11199, -17382.79101562], [-121.03809, 46.12103, -17787.62890625]]], [[[-120.85996, 46.09355, -14908.31054688], [-120.85555, 46.08565, -14563.77246094], [-120.84648, 46.09286, -14677.85351562], [-120.85996, 46.09355, -14908.31054688]]], [[[-121.11458, 46.04593, -15944.20996094], [-121.11907, 46.05408, -16301.11230469], [-121.12822, 46.04738, -15958.54199219], [-121.11458, 46.04593, -15944.20996094]]], [[[-120.86422, 46.10128, -15244.73730469], [-120.85996, 46.09355, -14908.31054688], [-120.85056, 46.1007, -15012.62988281], [-120.86422, 46.10128, -15244.73730469]]], [[[-120.9134, 45.70432, -1061.37255859], [-120.90697, 45.71364, -1367.81408691], [-120.92073, 45.71347, -1446.98937988], [-120.9134, 45.70432, -1061.37255859]]], [[[-121.0078, 45.99399, -12713.45019531], [-121.01684, 45.98667, -12596.97851562], [-121.00326, 45.98585, -12357.04003906], [-121.0078, 45.99399, -12713.45019531]]], [[[-120.9134, 45.70432, -1061.37255859], [-120.90081, 45.6983, -722.5579834], [-120.90177, 45.70669, -1048.29309082], [-120.9134, 45.70432, -1061.37255859]]], [[[-121.00183, 46.12432, -17121.88867188], [-121.00249, 46.1328, -17433.3046875], [-121.01456, 46.1262, -17486.66015625], [-121.00183, 46.12432, -17121.88867188]]], [[[-120.6985, 45.79056, -1770.24560547], [-120.70172, 45.78158, -1380.55236816], [-120.68727, 45.78552, -1460.63464355], [-120.6985, 45.79056, -1770.24560547]]], [[[-120.93436, 46.12377, -16789.8828125], [-120.93767, 46.13278, -17154.93945312], [-120.94923, 46.12366, -16815.62304688], [-120.93436, 46.12377, -16789.8828125]]], [[[-121.05003, 46.09579, -16921.88476562], [-121.03602, 46.09319, -16731.07617188], [-121.0398, 46.10237, -17115.3515625], [-121.05003, 46.09579, -16921.88476562]]], [[[-120.99675, 46.09088, -16016.75390625], [-120.98727, 46.08166, -15451.37988281], [-120.98345, 46.09021, -15638.67578125], [-120.99675, 46.09088, -16016.75390625]]], [[[-121.1098, 46.06076, -16650.73828125], [-121.12347, 46.06219, -16656.88085938], [-121.11907, 46.05408, -16301.11230469], [-121.1098, 46.06076, -16650.73828125]]], [[[-120.88586, 46.14042, -16948.87695312], [-120.87222, 46.14005, -16725.12890625], [-120.87651, 46.14756, -17056.54296875], [-120.88586, 46.14042, -16948.87695312]]], [[[-120.92516, 46.06769, -14382.69433594], [-120.92072, 46.05984, -14038.89355469], [-120.91114, 46.06635, -14327.09375], [-120.92516, 46.06769, -14382.69433594]]], [[[-120.89953, 46.14169, -17076.87695312], [-120.88586, 46.14042, -16948.87695312], [-120.89034, 46.14834, -17294.73046875], [-120.89953, 46.14169, -17076.87695312]]], [[[-121.01565, 46.13478, -17750.4453125], [-121.00665, 46.14153, -17805.7890625], [-121.01966, 46.14341, -18110.84960938], [-121.01565, 46.13478, -17750.4453125]]], [[[-120.9776, 46.06152, -14617.33105469], [-120.99125, 46.06217, -15026.09472656], [-120.98738, 46.05366, -14669.20605469], [-120.9776, 46.06152, -14617.33105469]]], [[[-121.1417, 46.07181, -17029.38671875], [-121.15505, 46.07299, -17125.91992188], [-121.15088, 46.06447, -16753.31835938], [-121.1417, 46.07181, -17029.38671875]]], [[[-120.68386, 45.79456, -1714.671875], [-120.69539, 45.79829, -2029.65905762], [-120.6985, 45.79056, -1770.24560547], [-120.68386, 45.79456, -1714.671875]]], [[[-120.9357, 46.17602, -18728.13476562], [-120.93447, 46.18492, -19057.86914062], [-120.94539, 46.18126, -19039.52148438], [-120.9357, 46.17602, -18728.13476562]]], [[[-121.01264, 46.07439, -15758.39746094], [-121.02483, 46.07752, -16016.75097656], [-121.02829, 46.06752, -15623.93261719], [-121.01264, 46.07439, -15758.39746094]]], [[[-120.7736, 46.10365, -14249.74121094], [-120.78279, 46.09648, -14128.29589844], [-120.76931, 46.09583, -13906.30371094], [-120.7736, 46.10365, -14249.74121094]]], [[[-120.90857, 46.13337, -16830.25195312], [-120.91119, 46.14172, -17176.10546875], [-120.92224, 46.13818, -17163.16796875], [-120.90857, 46.13337, -16830.25195312]]], [[[-120.77566, 45.74073, -88.75637817], [-120.77747, 45.73199, 190.35484314], [-120.76583, 45.73546, 221.22398376], [-120.77566, 45.74073, -88.75637817]]], [[[-121.11907, 46.05408, -16301.11230469], [-121.10526, 46.05235, -16283.47949219], [-121.1098, 46.06076, -16650.73828125], [-121.11907, 46.05408, -16301.11230469]]], [[[-120.77541, 45.89168, -6272.80224609], [-120.76169, 45.89104, -6150.32714844], [-120.76606, 45.89856, -6477.98486328], [-120.77541, 45.89168, -6272.80224609]]], [[[-120.91119, 46.14172, -17176.10546875], [-120.91989, 46.14828, -17510.28125], [-120.92224, 46.13818, -17163.16796875], [-120.91119, 46.14172, -17176.10546875]]], [[[-121.1417, 46.07181, -17029.38671875], [-121.14684, 46.08215, -17484.94726562], [-121.15505, 46.07299, -17125.91992188], [-121.1417, 46.07181, -17029.38671875]]], [[[-120.71378, 45.7781, -1318.68530273], [-120.71488, 45.76878, -973.37017822], [-120.70346, 45.77244, -1003.95184326], [-120.71378, 45.7781, -1318.68530273]]], [[[-121.09616, 46.05952, -16472.70117188], [-121.1098, 46.06076, -16650.73828125], [-121.10526, 46.05235, -16283.47949219], [-121.09616, 46.05952, -16472.70117188]]], [[[-120.70476, 45.83451, -3428.21557617], [-120.69171, 45.83391, -3143.26098633], [-120.69589, 45.84172, -3484.1027832], [-120.70476, 45.83451, -3428.21557617]]], [[[-121.10071, 46.06774, -16831.83984375], [-121.1142, 46.06951, -17031.54492188], [-121.1098, 46.06076, -16650.73828125], [-121.10071, 46.06774, -16831.83984375]]], [[[-121.03769, 46.04895, -15107.27050781], [-121.04105, 46.05813, -15481.03417969], [-121.0512, 46.04982, -15349.95996094], [-121.03769, 46.04895, -15107.27050781]]], [[[-121.10673, 46.00812, -14236.796875], [-121.11645, 46.00147, -14000.85546875], [-121.10284, 46.00035, -13894.875], [-121.10673, 46.00812, -14236.796875]]], [[[-120.69628, 45.81891, -2750.12109375], [-120.68702, 45.82611, -2805.55834961], [-120.7004, 45.82658, -3082.14770508], [-120.69628, 45.81891, -2750.12109375]]], [[[-121.10526, 46.05235, -16283.47949219], [-121.11458, 46.04593, -15944.20996094], [-121.10078, 46.04484, -15953.90917969], [-121.10526, 46.05235, -16283.47949219]]], [[[-120.98727, 46.08166, -15451.37988281], [-120.97489, 46.07858, -15093.70019531], [-120.97069, 46.08776, -15354.16308594], [-120.98727, 46.08166, -15451.37988281]]], [[[-121.09307, 46.00657, -14218.32421875], [-121.08381, 46.01302, -14565.31152344], [-121.09758, 46.01485, -14581.51953125], [-121.09307, 46.00657, -14218.32421875]]], [[[-120.8889, 46.17034, -18042.984375], [-120.88533, 46.16311, -17740.22460938], [-120.87611, 46.17067, -17842.15625], [-120.8889, 46.17034, -18042.984375]]], [[[-121.07234, 45.94502, -11470.07324219], [-121.05872, 45.94364, -11459.72070312], [-121.06308, 45.95159, -11808.29882812], [-121.07234, 45.94502, -11470.07324219]]], [[[-120.92342, 45.79045, -4229.29931641], [-120.93664, 45.79108, -4524.28662109], [-120.93236, 45.78306, -4176.16552734], [-120.92342, 45.79045, -4229.29931641]]], [[[-120.95105, 46.03762, -13281.53417969], [-120.96515, 46.03764, -13595.87988281], [-120.96124, 46.02973, -13268.51855469], [-120.95105, 46.03762, -13281.53417969]]], [[[-121.02829, 46.06752, -15623.93261719], [-121.03706, 46.07424, -15965.32421875], [-121.0453, 46.06642, -15838.13671875], [-121.02829, 46.06752, -15623.93261719]]], [[[-121.08817, 46.02133, -14927.89355469], [-121.09758, 46.01485, -14581.51953125], [-121.08381, 46.01302, -14565.31152344], [-121.08817, 46.02133, -14927.89355469]]], [[[-120.87611, 46.17067, -17842.15625], [-120.86712, 46.17739, -18119.59375], [-120.8832, 46.17907, -18199.41992188], [-120.87611, 46.17067, -17842.15625]]], [[[-121.13848, 46.09085, -17916.06445312], [-121.15327, 46.08942, -17794.49414062], [-121.14684, 46.08215, -17484.94726562], [-121.13848, 46.09085, -17916.06445312]]], [[[-120.70981, 45.81949, -2986.02490234], [-120.69628, 45.81891, -2750.12109375], [-120.7004, 45.82658, -3082.14770508], [-120.70981, 45.81949, -2986.02490234]]], [[[-121.12926, 46.0251, -15033.12109375], [-121.13363, 46.03295, -15376.12402344], [-121.14298, 46.02644, -15098.44140625], [-121.12926, 46.0251, -15033.12109375]]], [[[-120.88072, 46.18665, -18565.18359375], [-120.87031, 46.18488, -18438.04296875], [-120.87391, 46.19388, -18818.203125], [-120.88072, 46.18665, -18565.18359375]]], [[[-121.08209, 45.93845, -11248.45703125], [-121.09559, 45.93983, -11308.11328125], [-121.09129, 45.93196, -10963.53808594], [-121.08209, 45.93845, -11248.45703125]]], [[[-120.92342, 45.79045, -4229.29931641], [-120.92754, 45.79832, -4569.01953125], [-120.93664, 45.79108, -4524.28662109], [-120.92342, 45.79045, -4229.29931641]]], [[[-121.05707, 45.98871, -13379.9453125], [-121.06162, 45.99653, -13725.52246094], [-121.07063, 45.98936, -13530.66503906], [-121.05707, 45.98871, -13379.9453125]]], [[[-120.89087, 46.19022, -18710.953125], [-120.8982, 46.18258, -18648.74023438], [-120.8832, 46.17907, -18199.41992188], [-120.89087, 46.19022, -18710.953125]]], [[[-121.06575, 46.00437, -14064.74609375], [-121.06999, 46.01232, -14409.54589844], [-121.07934, 46.0054, -14231.46679688], [-121.06575, 46.00437, -14064.74609375]]], [[[-120.82891, 45.7362, -1047.93469238], [-120.82893, 45.72689, -700.53094482], [-120.81698, 45.73311, -774.23931885], [-120.82891, 45.7362, -1047.93469238]]], [[[-121.09052, 46.08329, -17150.015625], [-121.10377, 46.08607, -17507.54492188], [-121.10594, 46.07695, -17236.13867188], [-121.09052, 46.08329, -17150.015625]]], [[[-121.05978, 46.06485, -16010.88769531], [-121.07283, 46.06626, -16239.38574219], [-121.06927, 46.05838, -15908.27636719], [-121.05978, 46.06485, -16010.88769531]]], [[[-121.09397, 45.98439, -13195.96386719], [-121.10768, 45.98574, -13313.58105469], [-121.10363, 45.97781, -12967.50390625], [-121.09397, 45.98439, -13195.96386719]]], [[[-120.89791, 46.17391, -18328.77734375], [-120.8982, 46.18258, -18648.74023438], [-120.91048, 46.17579, -18537.50585938], [-120.89791, 46.17391, -18328.77734375]]], [[[-121.15088, 46.06447, -16753.31835938], [-121.16025, 46.05794, -16476.7421875], [-121.14668, 46.05654, -16407.1328125], [-121.15088, 46.06447, -16753.31835938]]], [[[-120.82675, 45.81319, -3440.52001953], [-120.8409, 45.80891, -3658.89208984], [-120.82718, 45.80473, -3177.0090332], [-120.82675, 45.81319, -3440.52001953]]], [[[-121.10377, 46.08607, -17507.54492188], [-121.08837, 46.09247, -17403.98828125], [-121.10061, 46.09533, -17745.39648438], [-121.10377, 46.08607, -17507.54492188]]], [[[-120.80538, 45.80259, -2755.07763672], [-120.80595, 45.79275, -2395.61743164], [-120.79454, 45.79649, -2409.23608398], [-120.80538, 45.80259, -2755.07763672]]], [[[-121.16621, 46.08713, -17746.19921875], [-121.17384, 46.08957, -17869.70507812], [-121.17607, 46.08675, -17737.91015625], [-121.16621, 46.08713, -17746.19921875]]], [[[-121.0078, 45.99399, -12713.45019531], [-121.01179, 46.00186, -13051.78808594], [-121.02122, 45.99485, -12953.4140625], [-121.0078, 45.99399, -12713.45019531]]], [[[-121.14212, 46.04874, -16066.12988281], [-121.15162, 46.04219, -15787.59179688], [-121.13804, 46.04083, -15720.39746094], [-121.14212, 46.04874, -16066.12988281]]], [[[-121.00032, 46.10066, -16365.20507812], [-121.01331, 46.10249, -16783.0234375], [-121.0091, 46.09394, -16419.0234375], [-121.00032, 46.10066, -16365.20507812]]], [[[-120.99675, 46.09088, -16016.75390625], [-121.00032, 46.10066, -16365.20507812], [-121.0091, 46.09394, -16419.0234375], [-120.99675, 46.09088, -16016.75390625]]], [[[-121.16621, 46.08713, -17746.19921875], [-121.17287, 46.08091, -17482.27539062], [-121.16009, 46.08092, -17472.50195312], [-121.16621, 46.08713, -17746.19921875]]], [[[-120.89606, 46.15647, -17663.44335938], [-120.90022, 46.16444, -18007.58007812], [-120.91405, 46.15756, -17798.80859375], [-120.89606, 46.15647, -17663.44335938]]], [[[-121.08156, 46.07238, -16611.99804688], [-121.0876, 46.06621, -16533.91015625], [-121.07283, 46.06626, -16239.38574219], [-121.08156, 46.07238, -16611.99804688]]], [[[-120.82918, 45.84242, -4524.91894531], [-120.83982, 45.83331, -4360.85449219], [-120.82516, 45.83473, -4189.78271484], [-120.82918, 45.84242, -4524.91894531]]], [[[-121.10061, 46.09533, -17745.39648438], [-121.11133, 46.09938, -18093.11914062], [-121.11284, 46.09187, -17866.15820312], [-121.10061, 46.09533, -17745.39648438]]], [[[-120.93362, 46.14286, -17458.56640625], [-120.93097, 46.15256, -17800.31835938], [-120.94652, 46.14813, -17830.84375], [-120.93362, 46.14286, -17458.56640625]]], [[[-121.12219, 46.09539, -18116.87890625], [-121.11133, 46.09938, -18093.11914062], [-121.1232, 46.1002, -18308.83398438], [-121.12219, 46.09539, -18116.87890625]]], [[[-120.67749, 45.78027, -1133.67675781], [-120.66864, 45.77356, -692.08953857], [-120.66454, 45.78226, -883.91918945], [-120.67749, 45.78027, -1133.67675781]]], [[[-120.91057, 45.76703, -3205.72607422], [-120.92385, 45.76742, -3494.16845703], [-120.91953, 45.75954, -3150.02319336], [-120.91057, 45.76703, -3205.72607422]]], [[[-121.12058, 46.00937, -14345.68164062], [-121.12515, 46.01718, -14687.03125], [-121.13436, 46.0107, -14409.29101562], [-121.12058, 46.00937, -14345.68164062]]], [[[-120.72582, 45.89652, -5874.78466797], [-120.71195, 45.89541, -5856.99169922], [-120.71647, 45.90299, -6189.73632812], [-120.72582, 45.89652, -5874.78466797]]], [[[-121.14668, 46.05654, -16407.1328125], [-121.16025, 46.05794, -16476.7421875], [-121.15593, 46.05006, -16132.16699219], [-121.14668, 46.05654, -16407.1328125]]], [[[-120.96774, 46.16659, -18708.74609375], [-120.977, 46.17088, -18889.35546875], [-120.98032, 46.16252, -18541.2890625], [-120.96774, 46.16659, -18708.74609375]]], [[[-121.15505, 46.07299, -17125.91992188], [-121.16889, 46.07367, -17165.58984375], [-121.16457, 46.06581, -16821.31835938], [-121.15505, 46.07299, -17125.91992188]]], [[[-120.82, 45.82736, -3853.43945312], [-120.81444, 45.8178, -3430.7409668], [-120.806, 45.82668, -3781.02978516], [-120.82, 45.82736, -3853.43945312]]], [[[-121.12219, 46.09539, -18116.87890625], [-121.1232, 46.1002, -18308.83398438], [-121.13198, 46.09722, -18251.1171875], [-121.12219, 46.09539, -18116.87890625]]], [[[-120.96774, 46.16659, -18708.74609375], [-120.96841, 46.17361, -19027.3125], [-120.977, 46.17088, -18889.35546875], [-120.96774, 46.16659, -18708.74609375]]], [[[-121.08381, 46.01302, -14565.31152344], [-121.09307, 46.00657, -14218.32421875], [-121.07934, 46.0054, -14231.46679688], [-121.08381, 46.01302, -14565.31152344]]], [[[-120.96774, 46.16659, -18708.74609375], [-120.95305, 46.16465, -18507.625], [-120.95875, 46.17126, -18830.41015625], [-120.96774, 46.16659, -18708.74609375]]], [[[-121.0398, 46.10237, -17115.3515625], [-121.04408, 46.11118, -17492.015625], [-121.05351, 46.1049, -17299.74414062], [-121.0398, 46.10237, -17115.3515625]]], [[[-120.82675, 45.81319, -3440.52001953], [-120.82718, 45.80473, -3177.0090332], [-120.81588, 45.80803, -3089.12548828], [-120.82675, 45.81319, -3440.52001953]]], [[[-121.06372, 45.92953, -10792.02050781], [-121.07761, 45.9306, -10905.63769531], [-121.07336, 45.92273, -10561.8359375], [-121.06372, 45.92953, -10792.02050781]]], [[[-120.82516, 45.83473, -4189.78271484], [-120.82, 45.82736, -3853.43945312], [-120.81009, 45.83439, -4120.20117188], [-120.82516, 45.83473, -4189.78271484]]], [[[-120.92961, 46.07562, -14730.39355469], [-120.92516, 46.06769, -14382.69433594], [-120.91573, 46.07452, -14684.4453125], [-120.92961, 46.07562, -14730.39355469]]], [[[-120.81767, 45.78849, -2454.08544922], [-120.81699, 45.7981, -2756.78173828], [-120.82917, 45.79457, -2896.94555664], [-120.81767, 45.78849, -2454.08544922]]], [[[-121.07336, 45.92273, -10561.8359375], [-121.07761, 45.9306, -10905.63769531], [-121.08699, 45.92408, -10618.96289062], [-121.07336, 45.92273, -10561.8359375]]], [[[-121.07858, 46.0281, -15096.86816406], [-121.08817, 46.02133, -14927.89355469], [-121.0746, 46.02009, -14754.05761719], [-121.07858, 46.0281, -15096.86816406]]], [[[-120.86074, 46.07108, -13998.12402344], [-120.86994, 46.06396, -13795.01367188], [-120.85624, 46.06321, -13655.08691406], [-120.86074, 46.07108, -13998.12402344]]], [[[-120.95452, 46.17829, -19019.98242188], [-120.95395, 46.18559, -19294.08789062], [-120.96198, 46.18193, -19251.00390625], [-120.95452, 46.17829, -19019.98242188]]], [[[-120.95452, 46.17829, -19019.98242188], [-120.947, 46.17293, -18741.04101562], [-120.94539, 46.18126, -19039.52148438], [-120.95452, 46.17829, -19019.98242188]]], [[[-121.09758, 46.01485, -14581.51953125], [-121.11138, 46.01638, -14598.60351562], [-121.10673, 46.00812, -14236.796875], [-121.09758, 46.01485, -14581.51953125]]], [[[-121.04848, 46.07733, -16269.20214844], [-121.03668, 46.08313, -16305.80566406], [-121.04856, 46.08672, -16585.28710938], [-121.04848, 46.07733, -16269.20214844]]], [[[-121.06263, 46.12247, -18060.37304688], [-121.07512, 46.1222, -18258.20703125], [-121.07032, 46.11535, -17943.14257812], [-121.06263, 46.12247, -18060.37304688]]], [[[-121.01575, 46.03265, -14168.55371094], [-121.02463, 46.0253, -14074.43261719], [-121.01121, 46.02484, -13823.34179688], [-121.01575, 46.03265, -14168.55371094]]], [[[-120.88426, 46.04232, -13150.09863281], [-120.88046, 46.03447, -12816.78027344], [-120.87065, 46.04149, -12955.39453125], [-120.88426, 46.04232, -13150.09863281]]], [[[-121.02592, 46.08671, -16369.16894531], [-121.03602, 46.09319, -16731.07617188], [-121.03668, 46.08313, -16305.80566406], [-121.02592, 46.08671, -16369.16894531]]], [[[-120.87444, 46.0721, -14150.75292969], [-120.86074, 46.07108, -13998.12402344], [-120.86533, 46.0791, -14347.90429688], [-120.87444, 46.0721, -14150.75292969]]], [[[-121.06185, 46.0885, -16871.08398438], [-121.0751, 46.08993, -17127.328125], [-121.07696, 46.08104, -16819.875], [-121.06185, 46.0885, -16871.08398438]]], [[[-121.06927, 46.05838, -15908.27636719], [-121.0825, 46.05909, -16199.55273438], [-121.07814, 46.05113, -15852.59277344], [-121.06927, 46.05838, -15908.27636719]]], [[[-120.90617, 46.08159, -14867.67382812], [-120.89273, 46.08046, -14665.20898438], [-120.89646, 46.08855, -15011.19433594], [-120.90617, 46.08159, -14867.67382812]]], [[[-120.82652, 45.82074, -3703.10888672], [-120.83604, 45.82577, -4039.00024414], [-120.83706, 45.81741, -3794.92089844], [-120.82652, 45.82074, -3703.10888672]]], [[[-120.88111, 46.15549, -17408.1015625], [-120.86778, 46.15484, -17148.6640625], [-120.87181, 46.16262, -17489.875], [-120.88111, 46.15549, -17408.1015625]]], [[[-120.92484, 46.18904, -19141.41796875], [-120.93447, 46.18492, -19057.86914062], [-120.92311, 46.17934, -18719.26367188], [-120.92484, 46.18904, -19141.41796875]]], [[[-120.88349, 46.06489, -13977.85644531], [-120.86994, 46.06396, -13795.01367188], [-120.87444, 46.0721, -14150.75292969], [-120.88349, 46.06489, -13977.85644531]]], [[[-121.01121, 46.02484, -13823.34179688], [-121.0206, 46.0178, -13748.54785156], [-121.00724, 46.01693, -13484.72753906], [-121.01121, 46.02484, -13823.34179688]]], [[[-120.9021, 46.07338, -14517.078125], [-120.89718, 46.06557, -14166.234375], [-120.88834, 46.07284, -14330.06347656], [-120.9021, 46.07338, -14517.078125]]], [[[-121.00267, 46.00908, -13137.18652344], [-121.01179, 46.00186, -13051.78808594], [-120.99838, 46.0012, -12794.15332031], [-121.00267, 46.00908, -13137.18652344]]], [[[-120.90688, 46.05887, -14000.24023438], [-120.91647, 46.05221, -13704.51660156], [-120.90275, 46.05088, -13649.81542969], [-120.90688, 46.05887, -14000.24023438]]], [[[-121.08156, 46.07238, -16611.99804688], [-121.07696, 46.08104, -16819.875], [-121.09295, 46.07481, -16921.3359375], [-121.08156, 46.07238, -16611.99804688]]], [[[-120.91573, 46.07452, -14684.4453125], [-120.9021, 46.07338, -14517.078125], [-120.90617, 46.08159, -14867.67382812], [-120.91573, 46.07452, -14684.4453125]]], [[[-120.80538, 45.80259, -2755.07763672], [-120.81588, 45.80803, -3089.12548828], [-120.81699, 45.7981, -2756.78173828], [-120.80538, 45.80259, -2755.07763672]]], [[[-120.88426, 46.04232, -13150.09863281], [-120.89395, 46.03551, -12978.57226562], [-120.88046, 46.03447, -12816.78027344], [-120.88426, 46.04232, -13150.09863281]]], [[[-120.78268, 45.79187, -2293.78955078], [-120.78268, 45.78267, -1843.69543457], [-120.77009, 45.78915, -2183.14746094], [-120.78268, 45.79187, -2293.78955078]]], [[[-120.84204, 46.08498, -14331.77148438], [-120.83319, 46.09225, -14416.57617188], [-120.84648, 46.09286, -14677.85351562], [-120.84204, 46.08498, -14331.77148438]]], [[[-120.91596, 46.19284, -19244.22070312], [-120.91666, 46.19956, -19500.81835938], [-120.92485, 46.19644, -19455.56835938], [-120.91596, 46.19284, -19244.22070312]]], [[[-120.85555, 46.08565, -14563.77246094], [-120.86533, 46.0791, -14347.90429688], [-120.85144, 46.07796, -14230.57910156], [-120.85555, 46.08565, -14563.77246094]]], [[[-120.79454, 45.79649, -2409.23608398], [-120.79521, 45.78676, -2043.9621582], [-120.78268, 45.79187, -2293.78955078], [-120.79454, 45.79649, -2409.23608398]]], [[[-121.0754, 45.99747, -13886.21484375], [-121.08903, 45.99916, -13893.69433594], [-121.08447, 45.99082, -13527.95507812], [-121.0754, 45.99747, -13886.21484375]]], [[[-120.83982, 45.83331, -4360.85449219], [-120.85021, 45.82492, -4382.60693359], [-120.83604, 45.82577, -4039.00024414], [-120.83982, 45.83331, -4360.85449219]]], [[[-120.89273, 46.08046, -14665.20898438], [-120.88295, 46.08745, -14821.58300781], [-120.89646, 46.08855, -15011.19433594], [-120.89273, 46.08046, -14665.20898438]]], [[[-120.88296, 45.78837, -3525.78125], [-120.89652, 45.78896, -3781.04711914], [-120.89182, 45.78103, -3429.32739258], [-120.88296, 45.78837, -3525.78125]]], [[[-120.86533, 46.0791, -14347.90429688], [-120.85555, 46.08565, -14563.77246094], [-120.8693, 46.08653, -14671.828125], [-120.86533, 46.0791, -14347.90429688]]], [[[-121.03706, 46.07424, -15965.32421875], [-121.03668, 46.08313, -16305.80566406], [-121.04848, 46.07733, -16269.20214844], [-121.03706, 46.07424, -15965.32421875]]], [[[-121.06915, 45.9148, -10216.04492188], [-121.07336, 45.92273, -10561.8359375], [-121.08269, 45.91621, -10274.38769531], [-121.06915, 45.9148, -10216.04492188]]], [[[-120.92484, 46.18904, -19141.41796875], [-120.92311, 46.17934, -18719.26367188], [-120.91255, 46.18505, -18915.77539062], [-120.92484, 46.18904, -19141.41796875]]], [[[-121.10061, 46.09533, -17745.39648438], [-121.08882, 46.10185, -17734.01171875], [-121.1013, 46.10455, -18058.70507812], [-121.10061, 46.09533, -17745.39648438]]], [[[-120.82, 45.82736, -3853.43945312], [-120.806, 45.82668, -3781.02978516], [-120.81009, 45.83439, -4120.20117188], [-120.82, 45.82736, -3853.43945312]]], [[[-120.85624, 46.06321, -13655.08691406], [-120.86602, 46.05655, -13473.05664062], [-120.8522, 46.05562, -13324.15820312], [-120.85624, 46.06321, -13655.08691406]]], [[[-120.89605, 46.19763, -19051.91796875], [-120.90644, 46.19806, -19313.79882812], [-120.90356, 46.19088, -19021.83789062], [-120.89605, 46.19763, -19051.91796875]]], [[[-121.04773, 45.87542, -8496.33496094], [-121.06121, 45.87683, -8551.51074219], [-121.05692, 45.86895, -8206.93554688], [-121.04773, 45.87542, -8496.33496094]]], [[[-120.94177, 45.77586, -4095.78540039], [-120.94562, 45.78384, -4438.66162109], [-120.95536, 45.77718, -4237.38476562], [-120.94177, 45.77586, -4095.78540039]]], [[[-120.85897, 46.13911, -16462.35546875], [-120.84529, 46.13799, -16405.40039062], [-120.84923, 46.14563, -16735.51171875], [-120.85897, 46.13911, -16462.35546875]]], [[[-120.82516, 45.83473, -4189.78271484], [-120.83982, 45.83331, -4360.85449219], [-120.83604, 45.82577, -4039.00024414], [-120.82516, 45.83473, -4189.78271484]]], [[[-120.85475, 46.13147, -16128.94726562], [-120.86344, 46.12412, -16031.58398438], [-120.84994, 46.12361, -15788.71289062], [-120.85475, 46.13147, -16128.94726562]]], [[[-120.90644, 46.19806, -19313.79882812], [-120.89605, 46.19763, -19051.91796875], [-120.89897, 46.20522, -19363.65429688], [-120.90644, 46.19806, -19313.79882812]]], [[[-120.84648, 46.09286, -14677.85351562], [-120.83718, 46.10002, -14757.82714844], [-120.85056, 46.1007, -15012.62988281], [-120.84648, 46.09286, -14677.85351562]]], [[[-121.0304, 45.98761, -12816.01855469], [-121.03479, 45.99542, -13158.86132812], [-121.04373, 45.98808, -13105.03125], [-121.0304, 45.98761, -12816.01855469]]], [[[-120.84619, 46.11569, -15439.55273438], [-120.8417, 46.10802, -15106.00585938], [-120.83246, 46.11467, -15391.36230469], [-120.84619, 46.11569, -15439.55273438]]], [[[-120.87845, 45.78034, -3172.90966797], [-120.89182, 45.78103, -3429.32739258], [-120.88804, 45.77314, -3092.94604492], [-120.87845, 45.78034, -3172.90966797]]], [[[-120.85941, 46.11653, -15705.57910156], [-120.84994, 46.12361, -15788.71289062], [-120.86344, 46.12412, -16031.58398438], [-120.85941, 46.11653, -15705.57910156]]], [[[-121.02526, 46.00232, -13278.94238281], [-121.03479, 45.99542, -13158.86132812], [-121.02122, 45.99485, -12953.4140625], [-121.02526, 46.00232, -13278.94238281]]], [[[-120.91038, 46.08913, -15197.25488281], [-120.89646, 46.08855, -15011.19433594], [-120.90137, 46.09624, -15354.39648438], [-120.91038, 46.08913, -15197.25488281]]], [[[-120.88352, 46.19494, -18929.29101562], [-120.88087, 46.20169, -19179.11132812], [-120.8905, 46.2019, -19223.10546875], [-120.88352, 46.19494, -18929.29101562]]], [[[-120.85816, 46.16131, -17419.6640625], [-120.84859, 46.16822, -17597.28515625], [-120.86232, 46.16934, -17766.58203125], [-120.85816, 46.16131, -17419.6640625]]], [[[-120.87804, 46.20847, -19420.74414062], [-120.86702, 46.21101, -19385.69921875], [-120.87703, 46.21562, -19684.16601562], [-120.87804, 46.20847, -19420.74414062]]], [[[-120.83159, 46.13742, -16258.29785156], [-120.82713, 46.12917, -15900.90234375], [-120.81801, 46.13643, -16076.50390625], [-120.83159, 46.13742, -16258.29785156]]], [[[-121.01764, 45.82032, -6090.67382812], [-121.03119, 45.82169, -6139.48388672], [-121.02691, 45.81381, -5794.90820312], [-121.01764, 45.82032, -6090.67382812]]], [[[-120.87444, 46.0721, -14150.75292969], [-120.86994, 46.06396, -13795.01367188], [-120.86074, 46.07108, -13998.12402344], [-120.87444, 46.0721, -14150.75292969]]], [[[-120.88731, 45.79622, -3869.46191406], [-120.89652, 45.78896, -3781.04711914], [-120.88296, 45.78837, -3525.78125], [-120.88731, 45.79622, -3869.46191406]]], [[[-120.84253, 46.06221, -13542.50585938], [-120.82902, 46.06146, -13305.51660156], [-120.83357, 46.0695, -13659.2578125], [-120.84253, 46.06221, -13542.50585938]]], [[[-120.87804, 46.20847, -19420.74414062], [-120.87703, 46.21562, -19684.16601562], [-120.8855, 46.21269, -19645.99414062], [-120.87804, 46.20847, -19420.74414062]]], [[[-120.82713, 46.12917, -15900.90234375], [-120.8134, 46.12821, -15716.64257812], [-120.81801, 46.13643, -16076.50390625], [-120.82713, 46.12917, -15900.90234375]]], [[[-120.85652, 46.21645, -19457.52148438], [-120.86688, 46.2197, -19727.99804688], [-120.86702, 46.21101, -19385.69921875], [-120.85652, 46.21645, -19457.52148438]]], [[[-120.84648, 46.09286, -14677.85351562], [-120.83319, 46.09225, -14416.57617188], [-120.83718, 46.10002, -14757.82714844], [-120.84648, 46.09286, -14677.85351562]]], [[[-120.96058, 46.08003, -14955.41992188], [-120.94371, 46.07682, -14754.75], [-120.94653, 46.084, -15080.41308594], [-120.96058, 46.08003, -14955.41992188]]], [[[-120.84994, 46.12361, -15788.71289062], [-120.83632, 46.12211, -15713.19042969], [-120.84086, 46.13045, -16075.51855469], [-120.84994, 46.12361, -15788.71289062]]], [[[-120.88649, 45.81878, -4748.41943359], [-120.89984, 45.81994, -4896.91894531], [-120.89606, 45.81188, -4556.62353516], [-120.88649, 45.81878, -4748.41943359]]], [[[-120.82713, 46.12917, -15900.90234375], [-120.83632, 46.12211, -15713.19042969], [-120.82263, 46.12123, -15553.91015625], [-120.82713, 46.12917, -15900.90234375]]], [[[-120.84786, 46.22229, -19549.00390625], [-120.84099, 46.22617, -19627.00195312], [-120.84552, 46.22732, -19703.63085938], [-120.84786, 46.22229, -19549.00390625]]], [[[-120.87181, 46.16262, -17489.875], [-120.85816, 46.16131, -17419.6640625], [-120.86232, 46.16934, -17766.58203125], [-120.87181, 46.16262, -17489.875]]], [[[-120.8727, 45.81806, -4602.23632812], [-120.88649, 45.81878, -4748.41943359], [-120.88222, 45.81119, -4417.06152344], [-120.8727, 45.81806, -4602.23632812]]], [[[-120.78421, 46.05122, -12512.07519531], [-120.7797, 46.04292, -12151.87792969], [-120.77069, 46.05025, -12321.41601562], [-120.78421, 46.05122, -12512.07519531]]], [[[-120.97295, 46.11214, -16303.77441406], [-120.98538, 46.1135, -16488.83984375], [-120.97842, 46.10526, -16092.54589844], [-120.97295, 46.11214, -16303.77441406]]], [[[-120.87065, 46.04149, -12955.39453125], [-120.86126, 46.0486, -13122.18554688], [-120.87507, 46.04943, -13302.94335938], [-120.87065, 46.04149, -12955.39453125]]], [[[-120.86355, 45.77855, -2990.05639648], [-120.875, 45.77259, -2849.2199707], [-120.86624, 45.76843, -2564.49121094], [-120.86355, 45.77855, -2990.05639648]]], [[[-120.80773, 46.02241, -11610.19726562], [-120.79876, 46.0296, -11682.04589844], [-120.81197, 46.03037, -11952.86425781], [-120.80773, 46.02241, -11610.19726562]]], [[[-120.84602, 46.21404, -19240.28125], [-120.83384, 46.2132, -19057.61132812], [-120.8378, 46.22038, -19372.75], [-120.84602, 46.21404, -19240.28125]]], [[[-120.85816, 46.16131, -17419.6640625], [-120.87181, 46.16262, -17489.875], [-120.86778, 46.15484, -17148.6640625], [-120.85816, 46.16131, -17419.6640625]]], [[[-121.01033, 46.04723, -14724.03613281], [-121.00094, 46.05401, -14865.10253906], [-121.01469, 46.05512, -15068.08789062], [-121.01033, 46.04723, -14724.03613281]]], [[[-120.85475, 46.13147, -16128.94726562], [-120.84994, 46.12361, -15788.71289062], [-120.84086, 46.13045, -16075.51855469], [-120.85475, 46.13147, -16128.94726562]]], [[[-120.89984, 45.81994, -4896.91894531], [-120.89074, 45.82696, -5105.32470703], [-120.9044, 45.82801, -5251.77636719], [-120.89984, 45.81994, -4896.91894531]]], [[[-120.83479, 46.16757, -17426.77148438], [-120.82575, 46.17478, -17549.76171875], [-120.8395, 46.17536, -17774.2421875], [-120.83479, 46.16757, -17426.77148438]]], [[[-120.85619, 46.20713, -19143.33007812], [-120.84602, 46.21404, -19240.28125], [-120.85652, 46.21645, -19457.52148438], [-120.85619, 46.20713, -19143.33007812]]], [[[-120.83559, 46.14469, -16574.03515625], [-120.84529, 46.13799, -16405.40039062], [-120.83159, 46.13742, -16258.29785156], [-120.83559, 46.14469, -16574.03515625]]], [[[-120.83876, 46.19823, -18576.09960938], [-120.82954, 46.20538, -18714.43164062], [-120.84296, 46.20608, -18917.49023438], [-120.83876, 46.19823, -18576.09960938]]], [[[-120.8378, 46.07744, -14001.046875], [-120.82853, 46.08452, -14081.8984375], [-120.84204, 46.08498, -14331.77148438], [-120.8378, 46.07744, -14001.046875]]], [[[-120.83876, 46.19823, -18576.09960938], [-120.8342, 46.19048, -18232.390625], [-120.82523, 46.19755, -18370.99414062], [-120.83876, 46.19823, -18576.09960938]]], [[[-120.86287, 46.14715, -16816.80273438], [-120.85897, 46.13911, -16462.35546875], [-120.84923, 46.14563, -16735.51171875], [-120.86287, 46.14715, -16816.80273438]]], [[[-120.99863, 46.11554, -16771.73828125], [-120.98972, 46.12158, -16840.63085938], [-121.00183, 46.12432, -17121.88867188], [-120.99863, 46.11554, -16771.73828125]]], [[[-120.83246, 46.11467, -15391.36230469], [-120.81867, 46.11388, -15235.47070312], [-120.82263, 46.12123, -15553.91015625], [-120.83246, 46.11467, -15391.36230469]]], [[[-120.8594, 45.89734, -6934.79296875], [-120.84478, 45.89673, -6849.9296875], [-120.84893, 45.90484, -7208.61132812], [-120.8594, 45.89734, -6934.79296875]]], [[[-120.83357, 46.0695, -13659.2578125], [-120.82034, 46.06877, -13391.32910156], [-120.8245, 46.07668, -13737.83691406], [-120.83357, 46.0695, -13659.2578125]]], [[[-120.82575, 46.17478, -17549.76171875], [-120.81661, 46.18191, -17684.11914062], [-120.8301, 46.18259, -17891.86328125], [-120.82575, 46.17478, -17549.76171875]]], [[[-121.16621, 46.08713, -17746.19921875], [-121.15327, 46.08942, -17794.49414062], [-121.16239, 46.094, -18044.52148438], [-121.16621, 46.08713, -17746.19921875]]], [[[-121.01978, 46.04037, -14502.51171875], [-121.03309, 46.04125, -14765.41601562], [-121.02928, 46.0332, -14423.84765625], [-121.01978, 46.04037, -14502.51171875]]], [[[-120.82644, 46.15177, -16744.8203125], [-120.81724, 46.15909, -16865.41796875], [-120.83093, 46.16003, -17103.66992188], [-120.82644, 46.15177, -16744.8203125]]], [[[-120.82575, 46.17478, -17549.76171875], [-120.8123, 46.17408, -17340.68164062], [-120.81661, 46.18191, -17684.11914062], [-120.82575, 46.17478, -17549.76171875]]], [[[-120.78824, 46.05852, -12829.49609375], [-120.77459, 46.05811, -12656.2265625], [-120.77908, 46.06556, -12988.28125], [-120.78824, 46.05852, -12829.49609375]]], [[[-120.88649, 45.91977, -8125.69384766], [-120.90088, 45.91937, -8461.37792969], [-120.89681, 45.91154, -8128.74169922], [-120.88649, 45.91977, -8125.69384766]]], [[[-120.8402, 46.15289, -16931.87890625], [-120.83559, 46.14469, -16574.03515625], [-120.82644, 46.15177, -16744.8203125], [-120.8402, 46.15289, -16931.87890625]]], [[[-120.83093, 46.16003, -17103.66992188], [-120.82131, 46.16697, -17205.63476562], [-120.83479, 46.16757, -17426.77148438], [-120.83093, 46.16003, -17103.66992188]]], [[[-121.06058, 45.89908, -9529.44921875], [-121.06462, 45.907, -9874.89746094], [-121.07409, 45.90045, -9585.23632812], [-121.06058, 45.89908, -9529.44921875]]], [[[-120.84646, 45.87392, -5906.52050781], [-120.86137, 45.87273, -6082.20654297], [-120.85696, 45.86489, -5737.43310547], [-120.84646, 45.87392, -5906.52050781]]], [[[-120.80725, 46.04529, -12367.76953125], [-120.79339, 46.04422, -12325.31445312], [-120.79797, 46.05186, -12660.63476562], [-120.80725, 46.04529, -12367.76953125]]], [[[-120.82131, 46.16697, -17205.63476562], [-120.81724, 46.15909, -16865.41796875], [-120.808, 46.16626, -16997.2421875], [-120.82131, 46.16697, -17205.63476562]]], [[[-120.78824, 46.05852, -12829.49609375], [-120.79797, 46.05186, -12660.63476562], [-120.78421, 46.05122, -12512.07519531], [-120.78824, 46.05852, -12829.49609375]]], [[[-120.97802, 46.15356, -18151.50976562], [-120.98566, 46.14699, -17805.73046875], [-120.97238, 46.14542, -17794.50390625], [-120.97802, 46.15356, -18151.50976562]]], [[[-120.83632, 46.12211, -15713.19042969], [-120.82713, 46.12917, -15900.90234375], [-120.84086, 46.13045, -16075.51855469], [-120.83632, 46.12211, -15713.19042969]]], [[[-120.88649, 45.91977, -8125.69384766], [-120.87631, 45.92867, -8305.60839844], [-120.89107, 45.92759, -8472.45703125], [-120.88649, 45.91977, -8125.69384766]]], [[[-120.85319, 46.17658, -17960.671875], [-120.8395, 46.17536, -17774.2421875], [-120.84368, 46.18354, -18124.27929688], [-120.85319, 46.17658, -17960.671875]]], [[[-121.00502, 46.10909, -16735.26171875], [-121.01109, 46.11757, -17165.62304688], [-121.01805, 46.11079, -17148.57617188], [-121.00502, 46.10909, -16735.26171875]]], [[[-120.81867, 46.11388, -15235.47070312], [-120.81407, 46.10552, -14872.31445312], [-120.80508, 46.11281, -15048.12109375], [-120.81867, 46.11388, -15235.47070312]]], [[[-120.808, 46.16626, -16997.2421875], [-120.81724, 46.15909, -16865.41796875], [-120.8037, 46.15843, -16653.8046875], [-120.808, 46.16626, -16997.2421875]]], [[[-120.97222, 46.13108, -17150.17773438], [-120.97878, 46.13862, -17459.08789062], [-120.98801, 46.1302, -17153.85546875], [-120.97222, 46.13108, -17150.17773438]]], [[[-120.90088, 45.91937, -8461.37792969], [-120.88649, 45.91977, -8125.69384766], [-120.89107, 45.92759, -8472.45703125], [-120.90088, 45.91937, -8461.37792969]]], [[[-120.81277, 46.15133, -16522.98242188], [-120.8037, 46.15843, -16653.8046875], [-120.81724, 46.15909, -16865.41796875], [-120.81277, 46.15133, -16522.98242188]]], [[[-120.93436, 46.12377, -16789.8828125], [-120.9233, 46.12912, -16831.578125], [-120.93767, 46.13278, -17154.93945312], [-120.93436, 46.12377, -16789.8828125]]], [[[-120.89252, 45.90359, -7784.70605469], [-120.90622, 45.90386, -8151.27099609], [-120.90156, 45.89578, -7794.77685547], [-120.89252, 45.90359, -7784.70605469]]], [[[-120.8037, 46.15843, -16653.8046875], [-120.81277, 46.15133, -16522.98242188], [-120.79939, 46.15061, -16310.3671875], [-120.8037, 46.15843, -16653.8046875]]], [[[-121.01684, 45.98667, -12596.97851562], [-121.02122, 45.99485, -12953.4140625], [-121.0304, 45.98761, -12816.01855469], [-121.01684, 45.98667, -12596.97851562]]], [[[-120.95531, 46.13199, -17185.71484375], [-120.94733, 46.13931, -17511.3359375], [-120.96113, 46.14026, -17552.0078125], [-120.95531, 46.13199, -17185.71484375]]], [[[-120.81542, 46.06104, -13058.1640625], [-120.80184, 46.05949, -12989.88867188], [-120.80646, 46.06784, -13353.078125], [-120.81542, 46.06104, -13058.1640625]]], [[[-120.86137, 45.87273, -6082.20654297], [-120.87144, 45.8643, -6088.18359375], [-120.85696, 45.86489, -5737.43310547], [-120.86137, 45.87273, -6082.20654297]]], [[[-120.80845, 46.14347, -16179.52441406], [-120.79939, 46.15061, -16310.3671875], [-120.81277, 46.15133, -16522.98242188], [-120.80845, 46.14347, -16179.52441406]]], [[[-121.0395, 45.98026, -12765.18945312], [-121.05299, 45.98077, -13038.06640625], [-121.04859, 45.97295, -12695.3984375], [-121.0395, 45.98026, -12765.18945312]]], [[[-120.91969, 46.10606, -15935.22753906], [-120.91026, 46.11311, -16087.07714844], [-120.9237, 46.11708, -16381.02246094], [-120.91969, 46.10606, -15935.22753906]]], [[[-120.85056, 45.88169, -6245.49121094], [-120.84646, 45.87392, -5906.52050781], [-120.83591, 45.88125, -6174.54882812], [-120.85056, 45.88169, -6245.49121094]]], [[[-120.80845, 46.14347, -16179.52441406], [-120.79509, 46.14278, -15966.9296875], [-120.79939, 46.15061, -16310.3671875], [-120.80845, 46.14347, -16179.52441406]]], [[[-120.90622, 45.90386, -8151.27099609], [-120.91969, 45.90464, -8368.06445312], [-120.9152, 45.89661, -8017.45703125], [-120.90622, 45.90386, -8151.27099609]]], [[[-120.83839, 46.05432, -13201.51074219], [-120.83399, 46.04664, -12864.99804688], [-120.8248, 46.05391, -12974.8828125], [-120.83839, 46.05432, -13201.51074219]]], [[[-121.02928, 46.0332, -14423.84765625], [-121.04264, 46.0342, -14668.42871094], [-121.03829, 46.02594, -14311.10449219], [-121.02928, 46.0332, -14423.84765625]]], [[[-121.02711, 46.10313, -16998.53320312], [-121.02188, 46.09482, -16631.86132812], [-121.01331, 46.10249, -16783.0234375], [-121.02711, 46.10313, -16998.53320312]]], [[[-120.8377, 45.85821, -5215.75048828], [-120.85256, 45.85684, -5385.82470703], [-120.84863, 45.84892, -5048.66308594], [-120.8377, 45.85821, -5215.75048828]]], [[[-120.80432, 46.13561, -15838.9453125], [-120.79079, 46.13496, -15623.4921875], [-120.79509, 46.14278, -15966.9296875], [-120.80432, 46.13561, -15838.9453125]]], [[[-120.83559, 46.14469, -16574.03515625], [-120.82189, 46.1442, -16407.7109375], [-120.82644, 46.15177, -16744.8203125], [-120.83559, 46.14469, -16574.03515625]]], [[[-120.87631, 45.92867, -8305.60839844], [-120.86172, 45.92826, -8236.83007812], [-120.8661, 45.93607, -8578.58105469], [-120.87631, 45.92867, -8305.60839844]]], [[[-120.80432, 46.13561, -15838.9453125], [-120.79979, 46.12786, -15495.77050781], [-120.79079, 46.13496, -15623.4921875], [-120.80432, 46.13561, -15838.9453125]]], [[[-120.79339, 46.04422, -12325.31445312], [-120.78421, 46.05122, -12512.07519531], [-120.79797, 46.05186, -12660.63476562], [-120.79339, 46.04422, -12325.31445312]]], [[[-120.9233, 46.12912, -16831.578125], [-120.9237, 46.11708, -16381.02246094], [-120.91352, 46.12352, -16515.99023438], [-120.9233, 46.12912, -16831.578125]]], [[[-120.85256, 45.85684, -5385.82470703], [-120.842, 45.86609, -5561.23779297], [-120.85696, 45.86489, -5737.43310547], [-120.85256, 45.85684, -5385.82470703]]], [[[-121.02845, 46.057, -15223.29199219], [-121.03769, 46.04895, -15107.27050781], [-121.024, 46.0485, -14854.58398438], [-121.02845, 46.057, -15223.29199219]]], [[[-120.80906, 46.12082, -15389.23535156], [-120.79979, 46.12786, -15495.77050781], [-120.8134, 46.12821, -15716.64257812], [-120.80906, 46.12082, -15389.23535156]]], [[[-121.02606, 45.97955, -12466.0078125], [-121.03524, 45.97235, -12421.52734375], [-121.02195, 45.9718, -12130.34277344], [-121.02606, 45.97955, -12466.0078125]]], [[[-120.87507, 46.04943, -13302.94335938], [-120.86126, 46.0486, -13122.18554688], [-120.86602, 46.05655, -13473.05664062], [-120.87507, 46.04943, -13302.94335938]]], [[[-121.01805, 46.11079, -17148.57617188], [-121.02417, 46.11935, -17547.31640625], [-121.03163, 46.11199, -17382.79101562], [-121.01805, 46.11079, -17148.57617188]]], [[[-120.87144, 45.8643, -6088.18359375], [-120.88495, 45.8645, -6438.82861328], [-120.88046, 45.85651, -6087.92431641], [-120.87144, 45.8643, -6088.18359375]]], [[[-120.80906, 46.12082, -15389.23535156], [-120.79561, 46.11998, -15153.9140625], [-120.79979, 46.12786, -15495.77050781], [-120.80906, 46.12082, -15389.23535156]]], [[[-120.85304, 45.91265, -7553.06396484], [-120.83876, 45.91141, -7538.05761719], [-120.84298, 45.91927, -7882.0234375], [-120.85304, 45.91265, -7553.06396484]]], [[[-120.80508, 46.11281, -15048.12109375], [-120.79561, 46.11998, -15153.9140625], [-120.80906, 46.12082, -15389.23535156], [-120.80508, 46.11281, -15048.12109375]]], [[[-121.02028, 45.87308, -8367.05371094], [-121.02461, 45.88105, -8716.55761719], [-121.03398, 45.87466, -8395.96386719], [-121.02028, 45.87308, -8367.05371094]]], [[[-121.01109, 46.11757, -17165.62304688], [-121.02417, 46.11935, -17547.31640625], [-121.01805, 46.11079, -17148.57617188], [-121.01109, 46.11757, -17165.62304688]]], [[[-120.91118, 45.88888, -7683.11035156], [-120.9152, 45.89661, -8017.45703125], [-120.9248, 45.88986, -7851.31054688], [-120.91118, 45.88888, -7683.11035156]]], [[[-120.79561, 46.11998, -15153.9140625], [-120.80508, 46.11281, -15048.12109375], [-120.79135, 46.11215, -14812.52539062], [-120.79561, 46.11998, -15153.9140625]]], [[[-120.60953, 45.77258, -41.67156982], [-120.59826, 45.76988, 263.43325806], [-120.59425, 45.77483, 174.64230347], [-120.60953, 45.77258, -41.67156982]]], [[[-120.96296, 46.14964, -17951.203125], [-120.97802, 46.15356, -18151.50976562], [-120.97238, 46.14542, -17794.50390625], [-120.96296, 46.14964, -17951.203125]]], [[[-120.83357, 46.0695, -13659.2578125], [-120.82902, 46.06146, -13305.51660156], [-120.82034, 46.06877, -13391.32910156], [-120.83357, 46.0695, -13659.2578125]]], [[[-120.90156, 45.89578, -7794.77685547], [-120.9152, 45.89661, -8017.45703125], [-120.91118, 45.88888, -7683.11035156], [-120.90156, 45.89578, -7794.77685547]]], [[[-120.79561, 46.11998, -15153.9140625], [-120.79135, 46.11215, -14812.52539062], [-120.78219, 46.11931, -14936.6171875], [-120.79561, 46.11998, -15153.9140625]]], [[[-121.01949, 45.89509, -9403.29589844], [-121.03314, 45.89684, -9408.65722656], [-121.02863, 45.88851, -9043.39160156], [-121.01949, 45.89509, -9403.29589844]]], [[[-120.94733, 46.13931, -17511.3359375], [-120.95531, 46.13199, -17185.71484375], [-120.93767, 46.13278, -17154.93945312], [-120.94733, 46.13931, -17511.3359375]]], [[[-120.79561, 46.11998, -15153.9140625], [-120.78219, 46.11931, -14936.6171875], [-120.78649, 46.12713, -15280.0546875], [-120.79561, 46.11998, -15153.9140625]]], [[[-120.79979, 46.12786, -15495.77050781], [-120.79561, 46.11998, -15153.9140625], [-120.78649, 46.12713, -15280.0546875], [-120.79979, 46.12786, -15495.77050781]]], [[[-121.01257, 45.97876, -12252.56738281], [-121.01684, 45.98667, -12596.97851562], [-121.02606, 45.97955, -12466.0078125], [-121.01257, 45.97876, -12252.56738281]]], [[[-120.86126, 46.0486, -13122.18554688], [-120.87065, 46.04149, -12955.39453125], [-120.85715, 46.0404, -12767.61328125], [-120.86126, 46.0486, -13122.18554688]]], [[[-120.98801, 46.1302, -17153.85546875], [-120.9932, 46.1394, -17558.27734375], [-121.00249, 46.1328, -17433.3046875], [-120.98801, 46.1302, -17153.85546875]]], [[[-120.85503, 45.88932, -6583.41210938], [-120.85056, 45.88169, -6245.49121094], [-120.8402, 45.88907, -6517.57861328], [-120.85503, 45.88932, -6583.41210938]]], [[[-120.79979, 46.12786, -15495.77050781], [-120.78649, 46.12713, -15280.0546875], [-120.79079, 46.13496, -15623.4921875], [-120.79979, 46.12786, -15495.77050781]]], [[[-120.79135, 46.11215, -14812.52539062], [-120.7779, 46.11148, -14593.17871094], [-120.78219, 46.11931, -14936.6171875], [-120.79135, 46.11215, -14812.52539062]]], [[[-120.92805, 46.02272, -12431.28125], [-120.91344, 46.02205, -12351.38476562], [-120.91778, 46.02997, -12699.06152344], [-120.92805, 46.02272, -12431.28125]]], [[[-120.79135, 46.11215, -14812.52539062], [-120.78684, 46.10438, -14468.21484375], [-120.7779, 46.11148, -14593.17871094], [-120.79135, 46.11215, -14812.52539062]]], [[[-120.94253, 46.02215, -12604.24511719], [-120.93224, 46.03053, -12772.34765625], [-120.94694, 46.02987, -12944.39160156], [-120.94253, 46.02215, -12604.24511719]]], [[[-120.79135, 46.11215, -14812.52539062], [-120.80034, 46.10481, -14693.13671875], [-120.78684, 46.10438, -14468.21484375], [-120.79135, 46.11215, -14812.52539062]]], [[[-120.94521, 46.05396, -13800.92578125], [-120.95996, 46.05301, -13961.90332031], [-120.95532, 46.04553, -13626.44238281], [-120.94521, 46.05396, -13800.92578125]]], [[[-120.80034, 46.10481, -14693.13671875], [-120.79135, 46.11215, -14812.52539062], [-120.80508, 46.11281, -15048.12109375], [-120.80034, 46.10481, -14693.13671875]]], [[[-120.94975, 46.06202, -14155.74414062], [-120.93997, 46.0691, -14410.984375], [-120.95565, 46.07091, -14556.07324219], [-120.94975, 46.06202, -14155.74414062]]], [[[-120.81407, 46.10552, -14872.31445312], [-120.80034, 46.10481, -14693.13671875], [-120.80508, 46.11281, -15048.12109375], [-120.81407, 46.10552, -14872.31445312]]], [[[-120.93845, 46.01421, -12260.7578125], [-120.92805, 46.02272, -12431.28125], [-120.94253, 46.02215, -12604.24511719], [-120.93845, 46.01421, -12260.7578125]]], [[[-120.81407, 46.10552, -14872.31445312], [-120.80989, 46.09806, -14546.80957031], [-120.80034, 46.10481, -14693.13671875], [-120.81407, 46.10552, -14872.31445312]]], [[[-120.93066, 46.05331, -13723.26660156], [-120.91647, 46.05221, -13704.51660156], [-120.92072, 46.05984, -14038.89355469], [-120.93066, 46.05331, -13723.26660156]]], [[[-120.82356, 46.09861, -14692.72070312], [-120.80989, 46.09806, -14546.80957031], [-120.81407, 46.10552, -14872.31445312], [-120.82356, 46.09861, -14692.72070312]]], [[[-120.81944, 46.09127, -14372.8671875], [-120.80989, 46.09806, -14546.80957031], [-120.82356, 46.09861, -14692.72070312], [-120.81944, 46.09127, -14372.8671875]]], [[[-120.93224, 46.03053, -12772.34765625], [-120.92805, 46.02272, -12431.28125], [-120.91778, 46.02997, -12699.06152344], [-120.93224, 46.03053, -12772.34765625]]], [[[-120.81944, 46.09127, -14372.8671875], [-120.80576, 46.09041, -14215.58007812], [-120.80989, 46.09806, -14546.80957031], [-120.81944, 46.09127, -14372.8671875]]], [[[-120.93658, 46.03819, -13109.85742188], [-120.9264, 46.04547, -13378.81542969], [-120.94096, 46.04611, -13457.3359375], [-120.93658, 46.03819, -13109.85742188]]], [[[-120.81476, 46.08318, -14019.25488281], [-120.80576, 46.09041, -14215.58007812], [-120.81944, 46.09127, -14372.8671875], [-120.81476, 46.08318, -14019.25488281]]], [[[-120.81476, 46.08318, -14019.25488281], [-120.80117, 46.08208, -13853.3046875], [-120.80576, 46.09041, -14215.58007812], [-120.81476, 46.08318, -14019.25488281]]], [[[-120.94975, 46.06202, -14155.74414062], [-120.96345, 46.06125, -14306.87109375], [-120.95996, 46.05301, -13961.90332031], [-120.94975, 46.06202, -14155.74414062]]], [[[-120.81476, 46.08318, -14019.25488281], [-120.8109, 46.07524, -13677.99023438], [-120.80117, 46.08208, -13853.3046875], [-120.81476, 46.08318, -14019.25488281]]], [[[-120.94975, 46.06202, -14155.74414062], [-120.94521, 46.05396, -13800.92578125], [-120.93506, 46.06111, -14065.10253906], [-120.94975, 46.06202, -14155.74414062]]], [[[-120.8245, 46.07668, -13737.83691406], [-120.8109, 46.07524, -13677.99023438], [-120.81476, 46.08318, -14019.25488281], [-120.8245, 46.07668, -13737.83691406]]], [[[-120.90774, 46.03652, -13017.10351562], [-120.89395, 46.03551, -12978.57226562], [-120.89809, 46.04296, -13304.578125], [-120.90774, 46.03652, -13017.10351562]]], [[[-120.82034, 46.06877, -13391.32910156], [-120.8109, 46.07524, -13677.99023438], [-120.8245, 46.07668, -13737.83691406], [-120.82034, 46.06877, -13391.32910156]]], [[[-120.93224, 46.03053, -12772.34765625], [-120.94253, 46.02215, -12604.24511719], [-120.92805, 46.02272, -12431.28125], [-120.93224, 46.03053, -12772.34765625]]], [[[-120.8109, 46.07524, -13677.99023438], [-120.82034, 46.06877, -13391.32910156], [-120.80646, 46.06784, -13353.078125], [-120.8109, 46.07524, -13677.99023438]]], [[[-120.95532, 46.04553, -13626.44238281], [-120.97013, 46.04522, -13960.07226562], [-120.96515, 46.03764, -13595.87988281], [-120.95532, 46.04553, -13626.44238281]]], [[[-120.8109, 46.07524, -13677.99023438], [-120.80646, 46.06784, -13353.078125], [-120.79719, 46.0748, -13537.02832031], [-120.8109, 46.07524, -13677.99023438]]], [[[-120.93658, 46.03819, -13109.85742188], [-120.92201, 46.0376, -13033.76367188], [-120.9264, 46.04547, -13378.81542969], [-120.93658, 46.03819, -13109.85742188]]], [[[-120.8109, 46.07524, -13677.99023438], [-120.79719, 46.0748, -13537.02832031], [-120.80117, 46.08208, -13853.3046875], [-120.8109, 46.07524, -13677.99023438]]], [[[-120.97013, 46.04522, -13960.07226562], [-120.97855, 46.03766, -13970.69824219], [-120.96515, 46.03764, -13595.87988281], [-120.97013, 46.04522, -13960.07226562]]], [[[-120.79719, 46.0748, -13537.02832031], [-120.78743, 46.0815, -13675.27636719], [-120.80117, 46.08208, -13853.3046875], [-120.79719, 46.0748, -13537.02832031]]], [[[-120.94521, 46.05396, -13800.92578125], [-120.93066, 46.05331, -13723.26660156], [-120.93506, 46.06111, -14065.10253906], [-120.94521, 46.05396, -13800.92578125]]], [[[-120.78743, 46.0815, -13675.27636719], [-120.79719, 46.0748, -13537.02832031], [-120.78363, 46.07388, -13350.7265625], [-120.78743, 46.0815, -13675.27636719]]], [[[-120.94521, 46.05396, -13800.92578125], [-120.95532, 46.04553, -13626.44238281], [-120.94096, 46.04611, -13457.3359375], [-120.94521, 46.05396, -13800.92578125]]], [[[-120.78743, 46.0815, -13675.27636719], [-120.78363, 46.07388, -13350.7265625], [-120.77401, 46.08086, -13441.81835938], [-120.78743, 46.0815, -13675.27636719]]], [[[-120.78743, 46.0815, -13675.27636719], [-120.77401, 46.08086, -13441.81835938], [-120.77839, 46.08869, -13785.77050781], [-120.78743, 46.0815, -13675.27636719]]], [[[-120.9264, 46.04547, -13378.81542969], [-120.91647, 46.05221, -13704.51660156], [-120.93066, 46.05331, -13723.26660156], [-120.9264, 46.04547, -13378.81542969]]], [[[-120.79207, 46.08919, -14018.31835938], [-120.78743, 46.0815, -13675.27636719], [-120.77839, 46.08869, -13785.77050781], [-120.79207, 46.08919, -14018.31835938]]], [[[-120.94694, 46.02987, -12944.39160156], [-120.96124, 46.02973, -13268.51855469], [-120.95691, 46.02187, -12924.82714844], [-120.94694, 46.02987, -12944.39160156]]], [[[-120.80117, 46.08208, -13853.3046875], [-120.78743, 46.0815, -13675.27636719], [-120.79207, 46.08919, -14018.31835938], [-120.80117, 46.08208, -13853.3046875]]], [[[-120.93224, 46.03053, -12772.34765625], [-120.91778, 46.02997, -12699.06152344], [-120.92201, 46.0376, -13033.76367188], [-120.93224, 46.03053, -12772.34765625]]], [[[-120.79207, 46.08919, -14018.31835938], [-120.80576, 46.09041, -14215.58007812], [-120.80117, 46.08208, -13853.3046875], [-120.79207, 46.08919, -14018.31835938]]], [[[-120.94253, 46.02215, -12604.24511719], [-120.95691, 46.02187, -12924.82714844], [-120.95264, 46.01414, -12586.69335938], [-120.94253, 46.02215, -12604.24511719]]], [[[-120.80576, 46.09041, -14215.58007812], [-120.79207, 46.08919, -14018.31835938], [-120.79635, 46.09743, -14372.85351562], [-120.80576, 46.09041, -14215.58007812]]], [[[-120.80989, 46.09806, -14546.80957031], [-120.80576, 46.09041, -14215.58007812], [-120.79635, 46.09743, -14372.85351562], [-120.80989, 46.09806, -14546.80957031]]], [[[-120.93997, 46.0691, -14410.984375], [-120.92961, 46.07562, -14730.39355469], [-120.94371, 46.07682, -14754.75], [-120.93997, 46.0691, -14410.984375]]], [[[-120.90774, 46.03652, -13017.10351562], [-120.90369, 46.02883, -12680.8515625], [-120.89395, 46.03551, -12978.57226562], [-120.90774, 46.03652, -13017.10351562]]], [[[-120.79635, 46.09743, -14372.85351562], [-120.78684, 46.10438, -14468.21484375], [-120.80034, 46.10481, -14693.13671875], [-120.79635, 46.09743, -14372.85351562]]], [[[-120.90774, 46.03652, -13017.10351562], [-120.91215, 46.04415, -13351.50097656], [-120.92201, 46.0376, -13033.76367188], [-120.90774, 46.03652, -13017.10351562]]], [[[-120.79635, 46.09743, -14372.85351562], [-120.78279, 46.09648, -14128.29589844], [-120.78684, 46.10438, -14468.21484375], [-120.79635, 46.09743, -14372.85351562]]], [[[-120.93066, 46.05331, -13723.26660156], [-120.92072, 46.05984, -14038.89355469], [-120.93506, 46.06111, -14065.10253906], [-120.93066, 46.05331, -13723.26660156]]], [[[-120.79207, 46.08919, -14018.31835938], [-120.78279, 46.09648, -14128.29589844], [-120.79635, 46.09743, -14372.85351562], [-120.79207, 46.08919, -14018.31835938]]], [[[-120.92805, 46.02272, -12431.28125], [-120.92372, 46.01481, -12084.62597656], [-120.91344, 46.02205, -12351.38476562], [-120.92805, 46.02272, -12431.28125]]], [[[-120.79207, 46.08919, -14018.31835938], [-120.77839, 46.08869, -13785.77050781], [-120.78279, 46.09648, -14128.29589844], [-120.79207, 46.08919, -14018.31835938]]], [[[-120.95105, 46.03762, -13281.53417969], [-120.95532, 46.04553, -13626.44238281], [-120.96515, 46.03764, -13595.87988281], [-120.95105, 46.03762, -13281.53417969]]], [[[-120.77839, 46.08869, -13785.77050781], [-120.76931, 46.09583, -13906.30371094], [-120.78279, 46.09648, -14128.29589844], [-120.77839, 46.08869, -13785.77050781]]], [[[-120.77839, 46.08869, -13785.77050781], [-120.76501, 46.088, -13562.86621094], [-120.76931, 46.09583, -13906.30371094], [-120.77839, 46.08869, -13785.77050781]]], [[[-120.9264, 46.04547, -13378.81542969], [-120.91215, 46.04415, -13351.50097656], [-120.91647, 46.05221, -13704.51660156], [-120.9264, 46.04547, -13378.81542969]]], [[[-120.77839, 46.08869, -13785.77050781], [-120.77401, 46.08086, -13441.81835938], [-120.76501, 46.088, -13562.86621094], [-120.77839, 46.08869, -13785.77050781]]], [[[-120.97013, 46.04522, -13960.07226562], [-120.98323, 46.04572, -14326.71191406], [-120.97855, 46.03766, -13970.69824219], [-120.97013, 46.04522, -13960.07226562]]], [[[-120.77401, 46.08086, -13441.81835938], [-120.76072, 46.08017, -13219.42871094], [-120.76501, 46.088, -13562.86621094], [-120.77401, 46.08086, -13441.81835938]]], [[[-120.93506, 46.06111, -14065.10253906], [-120.92516, 46.06769, -14382.69433594], [-120.93997, 46.0691, -14410.984375], [-120.93506, 46.06111, -14065.10253906]]], [[[-120.77401, 46.08086, -13441.81835938], [-120.76996, 46.07298, -13101.68066406], [-120.76072, 46.08017, -13219.42871094], [-120.77401, 46.08086, -13441.81835938]]], [[[-120.94694, 46.02987, -12944.39160156], [-120.93658, 46.03819, -13109.85742188], [-120.95105, 46.03762, -13281.53417969], [-120.94694, 46.02987, -12944.39160156]]], [[[-120.78363, 46.07388, -13350.7265625], [-120.76996, 46.07298, -13101.68066406], [-120.77401, 46.08086, -13441.81835938], [-120.78363, 46.07388, -13350.7265625]]], [[[-120.77908, 46.06556, -12988.28125], [-120.76996, 46.07298, -13101.68066406], [-120.78363, 46.07388, -13350.7265625], [-120.77908, 46.06556, -12988.28125]]], [[[-120.92805, 46.02272, -12431.28125], [-120.93845, 46.01421, -12260.7578125], [-120.92372, 46.01481, -12084.62597656], [-120.92805, 46.02272, -12431.28125]]], [[[-120.76996, 46.07298, -13101.68066406], [-120.77908, 46.06556, -12988.28125], [-120.76545, 46.06523, -12758.83398438], [-120.76996, 46.07298, -13101.68066406]]], [[[-120.97013, 46.04522, -13960.07226562], [-120.95996, 46.05301, -13961.90332031], [-120.97409, 46.05335, -14292.77832031], [-120.97013, 46.04522, -13960.07226562]]], [[[-120.76996, 46.07298, -13101.68066406], [-120.76545, 46.06523, -12758.83398438], [-120.75643, 46.07235, -12875.99023438], [-120.76996, 46.07298, -13101.68066406]]], [[[-120.9264, 46.04547, -13378.81542969], [-120.92201, 46.0376, -13033.76367188], [-120.91215, 46.04415, -13351.50097656], [-120.9264, 46.04547, -13378.81542969]]], [[[-120.76996, 46.07298, -13101.68066406], [-120.75643, 46.07235, -12875.99023438], [-120.76072, 46.08017, -13219.42871094], [-120.76996, 46.07298, -13101.68066406]]], [[[-120.90774, 46.03652, -13017.10351562], [-120.91778, 46.02997, -12699.06152344], [-120.90369, 46.02883, -12680.8515625], [-120.90774, 46.03652, -13017.10351562]]], [[[-120.76545, 46.06523, -12758.83398438], [-120.75214, 46.06452, -12532.55273438], [-120.75643, 46.07235, -12875.99023438], [-120.76545, 46.06523, -12758.83398438]]], [[[-120.94975, 46.06202, -14155.74414062], [-120.93506, 46.06111, -14065.10253906], [-120.93997, 46.0691, -14410.984375], [-120.94975, 46.06202, -14155.74414062]]], [[[-120.76545, 46.06523, -12758.83398438], [-120.76119, 46.05736, -12415.89453125], [-120.75214, 46.06452, -12532.55273438], [-120.76545, 46.06523, -12758.83398438]]], [[[-120.93997, 46.0691, -14410.984375], [-120.92516, 46.06769, -14382.69433594], [-120.92961, 46.07562, -14730.39355469], [-120.93997, 46.0691, -14410.984375]]], [[[-120.77459, 46.05811, -12656.2265625], [-120.76119, 46.05736, -12415.89453125], [-120.76545, 46.06523, -12758.83398438], [-120.77459, 46.05811, -12656.2265625]]], [[[-120.91778, 46.02997, -12699.06152344], [-120.90774, 46.03652, -13017.10351562], [-120.92201, 46.0376, -13033.76367188], [-120.91778, 46.02997, -12699.06152344]]], [[[-120.77069, 46.05025, -12321.41601562], [-120.76119, 46.05736, -12415.89453125], [-120.77459, 46.05811, -12656.2265625], [-120.77069, 46.05025, -12321.41601562]]], [[[-120.96515, 46.03764, -13595.87988281], [-120.97467, 46.03016, -13647.67675781], [-120.96124, 46.02973, -13268.51855469], [-120.96515, 46.03764, -13595.87988281]]], [[[-120.76119, 46.05736, -12415.89453125], [-120.77069, 46.05025, -12321.41601562], [-120.75703, 46.04951, -12075.19726562], [-120.76119, 46.05736, -12415.89453125]]], [[[-120.94371, 46.07682, -14754.75], [-120.95565, 46.07091, -14556.07324219], [-120.93997, 46.0691, -14410.984375], [-120.94371, 46.07682, -14754.75]]], [[[-120.75703, 46.04951, -12075.19726562], [-120.74785, 46.0567, -12189.11523438], [-120.76119, 46.05736, -12415.89453125], [-120.75703, 46.04951, -12075.19726562]]], [[[-120.75703, 46.04951, -12075.19726562], [-120.74357, 46.04887, -11845.67773438], [-120.74785, 46.0567, -12189.11523438], [-120.75703, 46.04951, -12075.19726562]]], [[[-120.94975, 46.06202, -14155.74414062], [-120.95565, 46.07091, -14556.07324219], [-120.96345, 46.06125, -14306.87109375], [-120.94975, 46.06202, -14155.74414062]]], [[[-120.75703, 46.04951, -12075.19726562], [-120.75251, 46.04176, -11731.30957031], [-120.74357, 46.04887, -11845.67773438], [-120.75703, 46.04951, -12075.19726562]]], [[[-120.96683, 45.99141, -12142.19824219], [-120.9805, 45.99233, -12326.13574219], [-120.97613, 45.98437, -11978.47949219], [-120.96683, 45.99141, -12142.19824219]]], [[[-120.75703, 46.04951, -12075.19726562], [-120.76602, 46.0421, -11962.49023438], [-120.75251, 46.04176, -11731.30957031], [-120.75703, 46.04951, -12075.19726562]]], [[[-120.93658, 46.03819, -13109.85742188], [-120.94694, 46.02987, -12944.39160156], [-120.93224, 46.03053, -12772.34765625], [-120.93658, 46.03819, -13109.85742188]]], [[[-120.76602, 46.0421, -11962.49023438], [-120.75703, 46.04951, -12075.19726562], [-120.77069, 46.05025, -12321.41601562], [-120.76602, 46.0421, -11962.49023438]]], [[[-120.93594, 45.95903, -10549.50488281], [-120.94955, 45.95999, -10773.20996094], [-120.94542, 45.95204, -10429.54589844], [-120.93594, 45.95903, -10549.50488281]]], [[[-120.7797, 46.04292, -12151.87792969], [-120.76602, 46.0421, -11962.49023438], [-120.77069, 46.05025, -12321.41601562], [-120.7797, 46.04292, -12151.87792969]]], [[[-120.95825, 45.97568, -11457.51953125], [-120.94903, 45.98276, -11586.28125], [-120.96251, 45.98377, -11807.71484375], [-120.95825, 45.97568, -11457.51953125]]], [[[-120.7797, 46.04292, -12151.87792969], [-120.7754, 46.03522, -11816.16894531], [-120.76602, 46.0421, -11962.49023438], [-120.7797, 46.04292, -12151.87792969]]], [[[-120.97973, 46.01507, -13171.30761719], [-120.99351, 46.016, -13360.1640625], [-120.98898, 46.00803, -13011.66894531], [-120.97973, 46.01507, -13171.30761719]]], [[[-120.78905, 46.03597, -11968.23046875], [-120.7754, 46.03522, -11816.16894531], [-120.7797, 46.04292, -12151.87792969], [-120.78905, 46.03597, -11968.23046875]]], [[[-120.97113, 45.99927, -12484.05371094], [-120.9848, 45.99994, -12659.1328125], [-120.9805, 45.99233, -12326.13574219], [-120.97113, 45.99927, -12484.05371094]]], [[[-120.78511, 46.02857, -11647.48144531], [-120.7754, 46.03522, -11816.16894531], [-120.78905, 46.03597, -11968.23046875], [-120.78511, 46.02857, -11647.48144531]]], [[[-120.7754, 46.03522, -11816.16894531], [-120.78511, 46.02857, -11647.48144531], [-120.77138, 46.02773, -11492.06445312], [-120.7754, 46.03522, -11816.16894531]]], [[[-120.98738, 46.05366, -14669.20605469], [-120.99674, 46.04649, -14537.02246094], [-120.98323, 46.04572, -14326.71191406], [-120.98738, 46.05366, -14669.20605469]]], [[[-120.7754, 46.03522, -11816.16894531], [-120.77138, 46.02773, -11492.06445312], [-120.76188, 46.03474, -11639.77441406], [-120.7754, 46.03522, -11816.16894531]]], [[[-120.99674, 46.04649, -14537.02246094], [-121.00094, 46.05401, -14865.10253906], [-121.01033, 46.04723, -14724.03613281], [-120.99674, 46.04649, -14537.02246094]]], [[[-120.8417, 46.10802, -15106.00585938], [-120.83718, 46.10002, -14757.82714844], [-120.82785, 46.10674, -15044.78808594], [-120.8417, 46.10802, -15106.00585938]]], [[[-120.7754, 46.03522, -11816.16894531], [-120.76188, 46.03474, -11639.77441406], [-120.76602, 46.0421, -11962.49023438], [-120.7754, 46.03522, -11816.16894531]]], [[[-120.96613, 46.01422, -12956.12011719], [-120.97046, 46.02208, -13299.21191406], [-120.97973, 46.01507, -13171.30761719], [-120.96613, 46.01422, -12956.12011719]]], [[[-120.76188, 46.03474, -11639.77441406], [-120.75251, 46.04176, -11731.30957031], [-120.76602, 46.0421, -11962.49023438], [-120.76188, 46.03474, -11639.77441406]]], [[[-120.97113, 45.99927, -12484.05371094], [-120.9754, 46.00708, -12824.23828125], [-120.9848, 45.99994, -12659.1328125], [-120.97113, 45.99927, -12484.05371094]]], [[[-120.76188, 46.03474, -11639.77441406], [-120.74839, 46.03386, -11390.41308594], [-120.75251, 46.04176, -11731.30957031], [-120.76188, 46.03474, -11639.77441406]]], [[[-120.96683, 45.99141, -12142.19824219], [-120.97113, 45.99927, -12484.05371094], [-120.9805, 45.99233, -12326.13574219], [-120.96683, 45.99141, -12142.19824219]]], [[[-120.75778, 46.02661, -11292.47949219], [-120.74839, 46.03386, -11390.41308594], [-120.76188, 46.03474, -11639.77441406], [-120.75778, 46.02661, -11292.47949219]]], [[[-120.99351, 46.016, -13360.1640625], [-120.99757, 46.02374, -13697.90722656], [-121.00724, 46.01693, -13484.72753906], [-120.99351, 46.016, -13360.1640625]]], [[[-120.75778, 46.02661, -11292.47949219], [-120.7441, 46.02605, -11048.49804688], [-120.74839, 46.03386, -11390.41308594], [-120.75778, 46.02661, -11292.47949219]]], [[[-120.75306, 46.01877, -10942.55761719], [-120.7441, 46.02605, -11048.49804688], [-120.75778, 46.02661, -11292.47949219], [-120.75306, 46.01877, -10942.55761719]]], [[[-120.96345, 46.06125, -14306.87109375], [-120.95565, 46.07091, -14556.07324219], [-120.97036, 46.07002, -14721.70117188], [-120.96345, 46.06125, -14306.87109375]]], [[[-120.7441, 46.02605, -11048.49804688], [-120.75306, 46.01877, -10942.55761719], [-120.73965, 46.01825, -10704.28125], [-120.7441, 46.02605, -11048.49804688]]], [[[-120.73965, 46.01825, -10704.28125], [-120.73071, 46.02539, -10815.36425781], [-120.7441, 46.02605, -11048.49804688], [-120.73965, 46.01825, -10704.28125]]], [[[-120.94114, 45.94419, -10087.97167969], [-120.92765, 45.9433, -9869.19335938], [-120.93182, 45.95142, -10218.26660156], [-120.94114, 45.94419, -10087.97167969]]], [[[-120.73965, 46.01825, -10704.28125], [-120.72643, 46.01756, -10471.92675781], [-120.73071, 46.02539, -10815.36425781], [-120.73965, 46.01825, -10704.28125]]], [[[-120.99231, 46.03852, -14189.46679688], [-121.00187, 46.03168, -14044.60742188], [-120.98823, 46.0308, -13854.97753906], [-120.99231, 46.03852, -14189.46679688]]], [[[-120.73561, 46.01036, -10364.51953125], [-120.72643, 46.01756, -10471.92675781], [-120.73965, 46.01825, -10704.28125], [-120.73561, 46.01036, -10364.51953125]]], [[[-120.97855, 46.03766, -13970.69824219], [-120.99231, 46.03852, -14189.46679688], [-120.98823, 46.0308, -13854.97753906], [-120.97855, 46.03766, -13970.69824219]]], [[[-120.73561, 46.01036, -10364.51953125], [-120.72215, 46.00973, -10128.48925781], [-120.72643, 46.01756, -10471.92675781], [-120.73561, 46.01036, -10364.51953125]]], [[[-120.9754, 46.00708, -12824.23828125], [-120.98898, 46.00803, -13011.66894531], [-120.9848, 45.99994, -12659.1328125], [-120.9754, 46.00708, -12824.23828125]]], [[[-120.73561, 46.01036, -10364.51953125], [-120.73118, 46.00259, -10021.78417969], [-120.72215, 46.00973, -10128.48925781], [-120.73561, 46.01036, -10364.51953125]]], [[[-120.95398, 45.96786, -11117.09375], [-120.96762, 45.96875, -11296.38378906], [-120.96327, 45.96071, -10945.10058594], [-120.95398, 45.96786, -11117.09375]]], [[[-120.74479, 46.00301, -10262.86132812], [-120.73118, 46.00259, -10021.78417969], [-120.73561, 46.01036, -10364.51953125], [-120.74479, 46.00301, -10262.86132812]]], [[[-120.99674, 46.04649, -14537.02246094], [-120.98738, 46.05366, -14669.20605469], [-121.00094, 46.05401, -14865.10253906], [-120.99674, 46.04649, -14537.02246094]]], [[[-120.74022, 45.9954, -9923.69628906], [-120.73118, 46.00259, -10021.78417969], [-120.74479, 46.00301, -10262.86132812], [-120.74022, 45.9954, -9923.69628906]]], [[[-120.96251, 45.98377, -11807.71484375], [-120.95321, 45.99097, -11938.66601562], [-120.96683, 45.99141, -12142.19824219], [-120.96251, 45.98377, -11807.71484375]]], [[[-120.74022, 45.9954, -9923.69628906], [-120.72686, 45.99473, -9678.07519531], [-120.73118, 46.00259, -10021.78417969], [-120.74022, 45.9954, -9923.69628906]]], [[[-120.73637, 45.98767, -9594.34667969], [-120.72686, 45.99473, -9678.07519531], [-120.74022, 45.9954, -9923.69628906], [-120.73637, 45.98767, -9594.34667969]]], [[[-120.96345, 46.06125, -14306.87109375], [-120.97409, 46.05335, -14292.77832031], [-120.95996, 46.05301, -13961.90332031], [-120.96345, 46.06125, -14306.87109375]]], [[[-120.99674, 46.04649, -14537.02246094], [-121.01033, 46.04723, -14724.03613281], [-121.00606, 46.03931, -14377.93554688], [-120.99674, 46.04649, -14537.02246094]]], [[[-120.85624, 46.06321, -13655.08691406], [-120.8522, 46.05562, -13324.15820312], [-120.84253, 46.06221, -13542.50585938], [-120.85624, 46.06321, -13655.08691406]]], [[[-120.72278, 45.98686, -9338.04785156], [-120.71359, 45.99408, -9441.61328125], [-120.72686, 45.99473, -9678.07519531], [-120.72278, 45.98686, -9338.04785156]]], [[[-120.72278, 45.98686, -9338.04785156], [-120.70931, 45.98625, -9098.17578125], [-120.71359, 45.99408, -9441.61328125], [-120.72278, 45.98686, -9338.04785156]]], [[[-120.95825, 45.97568, -11457.51953125], [-120.97198, 45.97673, -11645.00488281], [-120.96762, 45.96875, -11296.38378906], [-120.95825, 45.97568, -11457.51953125]]], [[[-120.72278, 45.98686, -9338.04785156], [-120.71828, 45.97911, -8994.69824219], [-120.70931, 45.98625, -9098.17578125], [-120.72278, 45.98686, -9338.04785156]]], [[[-120.94042, 45.96729, -10908.97558594], [-120.94463, 45.97491, -11242.04394531], [-120.95398, 45.96786, -11117.09375], [-120.94042, 45.96729, -10908.97558594]]], [[[-120.72278, 45.98686, -9338.04785156], [-120.73183, 45.97941, -9233.953125], [-120.71828, 45.97911, -8994.69824219], [-120.72278, 45.98686, -9338.04785156]]], [[[-120.94042, 45.96729, -10908.97558594], [-120.95398, 45.96786, -11117.09375], [-120.94955, 45.95999, -10773.20996094], [-120.94042, 45.96729, -10908.97558594]]], [[[-120.73183, 45.97941, -9233.953125], [-120.72278, 45.98686, -9338.04785156], [-120.73637, 45.98767, -9594.34667969], [-120.73183, 45.97941, -9233.953125]]], [[[-120.98898, 46.00803, -13011.66894531], [-121.00267, 46.00908, -13137.18652344], [-120.99838, 46.0012, -12794.15332031], [-120.98898, 46.00803, -13011.66894531]]], [[[-120.87901, 46.07986, -14492.58789062], [-120.86533, 46.0791, -14347.90429688], [-120.8693, 46.08653, -14671.828125], [-120.87901, 46.07986, -14492.58789062]]], [[[-120.74541, 45.98043, -9435.90820312], [-120.73183, 45.97941, -9233.953125], [-120.73637, 45.98767, -9594.34667969], [-120.74541, 45.98043, -9435.90820312]]], [[[-120.97046, 46.02208, -13299.21191406], [-120.97467, 46.03016, -13647.67675781], [-120.98401, 46.02293, -13513.19824219], [-120.97046, 46.02208, -13299.21191406]]], [[[-120.74541, 45.98043, -9435.90820312], [-120.74103, 45.97237, -9086.22363281], [-120.73183, 45.97941, -9233.953125], [-120.74541, 45.98043, -9435.90820312]]], [[[-120.91114, 46.06635, -14327.09375], [-120.89718, 46.06557, -14166.234375], [-120.9021, 46.07338, -14517.078125], [-120.91114, 46.06635, -14327.09375]]], [[[-120.99231, 46.03852, -14189.46679688], [-120.98323, 46.04572, -14326.71191406], [-120.99674, 46.04649, -14537.02246094], [-120.99231, 46.03852, -14189.46679688]]], [[[-120.75463, 45.97335, -9245.23730469], [-120.74103, 45.97237, -9086.22363281], [-120.74541, 45.98043, -9435.90820312], [-120.75463, 45.97335, -9245.23730469]]], [[[-120.98898, 46.00803, -13011.66894531], [-120.99351, 46.016, -13360.1640625], [-121.00267, 46.00908, -13137.18652344], [-120.98898, 46.00803, -13011.66894531]]], [[[-120.75085, 45.96576, -8918.55175781], [-120.74103, 45.97237, -9086.22363281], [-120.75463, 45.97335, -9245.23730469], [-120.75085, 45.96576, -8918.55175781]]], [[[-120.99757, 46.02374, -13697.90722656], [-121.01121, 46.02484, -13823.34179688], [-121.00724, 46.01693, -13484.72753906], [-120.99757, 46.02374, -13697.90722656]]], [[[-121.11138, 46.01638, -14598.60351562], [-121.11555, 46.02376, -14921.92675781], [-121.12515, 46.01718, -14687.03125], [-121.11138, 46.01638, -14598.60351562]]], [[[-120.75085, 45.96576, -8918.55175781], [-120.73703, 45.96503, -8767.62792969], [-120.74103, 45.97237, -9086.22363281], [-120.75085, 45.96576, -8918.55175781]]], [[[-120.98401, 46.02293, -13513.19824219], [-120.99351, 46.016, -13360.1640625], [-120.97973, 46.01507, -13171.30761719], [-120.98401, 46.02293, -13513.19824219]]], [[[-120.74616, 45.95794, -8575.3046875], [-120.73703, 45.96503, -8767.62792969], [-120.75085, 45.96576, -8918.55175781], [-120.74616, 45.95794, -8575.3046875]]], [[[-120.97409, 46.05335, -14292.77832031], [-120.9776, 46.06152, -14617.33105469], [-120.98738, 46.05366, -14669.20605469], [-120.97409, 46.05335, -14292.77832031]]], [[[-120.73703, 45.96503, -8767.62792969], [-120.74616, 45.95794, -8575.3046875], [-120.73243, 45.95665, -8403.28222656], [-120.73703, 45.96503, -8767.62792969]]], [[[-120.93594, 45.95903, -10549.50488281], [-120.94542, 45.95204, -10429.54589844], [-120.93182, 45.95142, -10218.26660156], [-120.93594, 45.95903, -10549.50488281]]], [[[-120.73703, 45.96503, -8767.62792969], [-120.73243, 45.95665, -8403.28222656], [-120.72351, 45.96404, -8566.12402344], [-120.73703, 45.96503, -8767.62792969]]], [[[-120.99351, 46.016, -13360.1640625], [-121.00724, 46.01693, -13484.72753906], [-121.00267, 46.00908, -13137.18652344], [-120.99351, 46.016, -13360.1640625]]], [[[-120.73703, 45.96503, -8767.62792969], [-120.72351, 45.96404, -8566.12402344], [-120.72745, 45.972, -8904.91796875], [-120.73703, 45.96503, -8767.62792969]]], [[[-120.99674, 46.04649, -14537.02246094], [-121.00606, 46.03931, -14377.93554688], [-120.99231, 46.03852, -14189.46679688], [-120.99674, 46.04649, -14537.02246094]]], [[[-120.74103, 45.97237, -9086.22363281], [-120.73703, 45.96503, -8767.62792969], [-120.72745, 45.972, -8904.91796875], [-120.74103, 45.97237, -9086.22363281]]], [[[-120.74103, 45.97237, -9086.22363281], [-120.72745, 45.972, -8904.91796875], [-120.73183, 45.97941, -9233.953125], [-120.74103, 45.97237, -9086.22363281]]], [[[-120.72745, 45.972, -8904.91796875], [-120.71828, 45.97911, -8994.69824219], [-120.73183, 45.97941, -9233.953125], [-120.72745, 45.972, -8904.91796875]]], [[[-120.97409, 46.05335, -14292.77832031], [-120.96345, 46.06125, -14306.87109375], [-120.9776, 46.06152, -14617.33105469], [-120.97409, 46.05335, -14292.77832031]]], [[[-120.72745, 45.972, -8904.91796875], [-120.71408, 45.97123, -8652.36035156], [-120.71828, 45.97911, -8994.69824219], [-120.72745, 45.972, -8904.91796875]]], [[[-120.94542, 45.95204, -10429.54589844], [-120.9591, 45.9531, -10613.08789062], [-120.95472, 45.945, -10259.35058594], [-120.94542, 45.95204, -10429.54589844]]], [[[-120.72351, 45.96404, -8566.12402344], [-120.71408, 45.97123, -8652.36035156], [-120.72745, 45.972, -8904.91796875], [-120.72351, 45.96404, -8566.12402344]]], [[[-120.99231, 46.03852, -14189.46679688], [-121.00606, 46.03931, -14377.93554688], [-121.00187, 46.03168, -14044.60742188], [-120.99231, 46.03852, -14189.46679688]]], [[[-120.71408, 45.97123, -8652.36035156], [-120.72351, 45.96404, -8566.12402344], [-120.70988, 45.96339, -8311.27148438], [-120.71408, 45.97123, -8652.36035156]]], [[[-120.99757, 46.02374, -13697.90722656], [-121.00187, 46.03168, -14044.60742188], [-121.01121, 46.02484, -13823.34179688], [-120.99757, 46.02374, -13697.90722656]]], [[[-120.71408, 45.97123, -8652.36035156], [-120.70988, 45.96339, -8311.27148438], [-120.70076, 45.97059, -8411.30078125], [-120.71408, 45.97123, -8652.36035156]]], [[[-120.71408, 45.97123, -8652.36035156], [-120.70076, 45.97059, -8411.30078125], [-120.70503, 45.97842, -8754.73828125], [-120.71408, 45.97123, -8652.36035156]]], [[[-121.00187, 46.03168, -14044.60742188], [-121.01575, 46.03265, -14168.55371094], [-121.01121, 46.02484, -13823.34179688], [-121.00187, 46.03168, -14044.60742188]]], [[[-120.71828, 45.97911, -8994.69824219], [-120.70503, 45.97842, -8754.73828125], [-120.70931, 45.98625, -9098.17578125], [-120.71828, 45.97911, -8994.69824219]]], [[[-120.97973, 46.01507, -13171.30761719], [-120.98898, 46.00803, -13011.66894531], [-120.9754, 46.00708, -12824.23828125], [-120.97973, 46.01507, -13171.30761719]]], [[[-120.70076, 45.97059, -8411.30078125], [-120.70988, 45.96339, -8311.27148438], [-120.69648, 45.96276, -8067.86279297], [-120.70076, 45.97059, -8411.30078125]]], [[[-120.95528, 45.92225, -9352.15039062], [-120.96869, 45.92288, -9608.30273438], [-120.9649, 45.91522, -9280.61914062], [-120.95528, 45.92225, -9352.15039062]]], [[[-120.70537, 45.95563, -7966.92919922], [-120.69648, 45.96276, -8067.86279297], [-120.70988, 45.96339, -8311.27148438], [-120.70537, 45.95563, -7966.92919922]]], [[[-120.94687, 45.9067, -8675.67480469], [-120.9515, 45.91438, -9018.50585938], [-120.96049, 45.90704, -8924.70117188], [-120.94687, 45.9067, -8675.67480469]]], [[[-120.69648, 45.96276, -8067.86279297], [-120.70537, 45.95563, -7966.92919922], [-120.69221, 45.95493, -7724.42480469], [-120.69648, 45.96276, -8067.86279297]]], [[[-120.9649, 45.91522, -9280.61914062], [-120.96869, 45.92288, -9608.30273438], [-120.97834, 45.91602, -9513.17382812], [-120.9649, 45.91522, -9280.61914062]]], [[[-120.70133, 45.94773, -7626.94677734], [-120.69221, 45.95493, -7724.42480469], [-120.70537, 45.95563, -7966.92919922], [-120.70133, 45.94773, -7626.94677734]]], [[[-120.96869, 45.92288, -9608.30273438], [-120.97349, 45.93085, -9963.11914062], [-120.98231, 45.92353, -9839.234375], [-120.96869, 45.92288, -9608.30273438]]], [[[-120.69221, 45.95493, -7724.42480469], [-120.70133, 45.94773, -7626.94677734], [-120.68794, 45.9471, -7380.98730469], [-120.69221, 45.95493, -7724.42480469]]], [[[-120.95825, 45.97568, -11457.51953125], [-120.96762, 45.96875, -11296.38378906], [-120.95398, 45.96786, -11117.09375], [-120.95825, 45.97568, -11457.51953125]]], [[[-120.69698, 45.93993, -7284.48681641], [-120.68794, 45.9471, -7380.98730469], [-120.70133, 45.94773, -7626.94677734], [-120.69698, 45.93993, -7284.48681641]]], [[[-120.96832, 45.94626, -10397.84570312], [-120.97297, 45.95388, -10739.04003906], [-120.98192, 45.94653, -10644.66796875], [-120.96832, 45.94626, -10397.84570312]]], [[[-120.69698, 45.93993, -7284.48681641], [-120.68367, 45.93928, -7037.54931641], [-120.68794, 45.9471, -7380.98730469], [-120.69698, 45.93993, -7284.48681641]]], [[[-120.93677, 45.93614, -9737.76953125], [-120.95051, 45.9371, -9914.51367188], [-120.94615, 45.92924, -9570.88378906], [-120.93677, 45.93614, -9737.76953125]]], [[[-120.69698, 45.93993, -7284.48681641], [-120.6926, 45.9321, -6940.40820312], [-120.68367, 45.93928, -7037.54931641], [-120.69698, 45.93993, -7284.48681641]]], [[[-120.94114, 45.94419, -10087.97167969], [-120.95051, 45.9371, -9914.51367188], [-120.93677, 45.93614, -9737.76953125], [-120.94114, 45.94419, -10087.97167969]]], [[[-120.70595, 45.93266, -7191.23144531], [-120.6926, 45.9321, -6940.40820312], [-120.69698, 45.93993, -7284.48681641], [-120.70595, 45.93266, -7191.23144531]]], [[[-120.9591, 45.9531, -10613.08789062], [-120.96832, 45.94626, -10397.84570312], [-120.95472, 45.945, -10259.35058594], [-120.9591, 45.9531, -10613.08789062]]], [[[-120.70214, 45.92508, -6867.37255859], [-120.6926, 45.9321, -6940.40820312], [-120.70595, 45.93266, -7191.23144531], [-120.70214, 45.92508, -6867.37255859]]], [[[-120.96762, 45.96875, -11296.38378906], [-120.97198, 45.97673, -11645.00488281], [-120.98135, 45.96986, -11429.375], [-120.96762, 45.96875, -11296.38378906]]], [[[-120.6926, 45.9321, -6940.40820312], [-120.70214, 45.92508, -6867.37255859], [-120.68857, 45.92422, -6600.73925781], [-120.6926, 45.9321, -6940.40820312]]], [[[-120.94174, 45.92114, -9217.31542969], [-120.9515, 45.91438, -9018.50585938], [-120.93765, 45.91352, -8884.66113281], [-120.94174, 45.92114, -9217.31542969]]], [[[-120.6926, 45.9321, -6940.40820312], [-120.68857, 45.92422, -6600.73925781], [-120.6794, 45.93145, -6694.11181641], [-120.6926, 45.9321, -6940.40820312]]], [[[-120.94174, 45.92114, -9217.31542969], [-120.94615, 45.92924, -9570.88378906], [-120.95528, 45.92225, -9352.15039062], [-120.94174, 45.92114, -9217.31542969]]], [[[-120.6926, 45.9321, -6940.40820312], [-120.6794, 45.93145, -6694.11181641], [-120.68367, 45.93928, -7037.54931641], [-120.6926, 45.9321, -6940.40820312]]], [[[-120.68857, 45.92422, -6600.73925781], [-120.67513, 45.92362, -6350.67431641], [-120.6794, 45.93145, -6694.11181641], [-120.68857, 45.92422, -6600.73925781]]], [[[-120.98571, 45.97749, -11765.46484375], [-120.98977, 45.98547, -12108.125], [-120.99904, 45.97838, -12029.50878906], [-120.98571, 45.97749, -11765.46484375]]], [[[-120.68857, 45.92422, -6600.73925781], [-120.68411, 45.91646, -6257.62646484], [-120.67513, 45.92362, -6350.67431641], [-120.68857, 45.92422, -6600.73925781]]], [[[-120.96869, 45.92288, -9608.30273438], [-120.98231, 45.92353, -9839.234375], [-120.97834, 45.91602, -9513.17382812], [-120.96869, 45.92288, -9608.30273438]]], [[[-120.68857, 45.92422, -6600.73925781], [-120.69767, 45.91677, -6506.42285156], [-120.68411, 45.91646, -6257.62646484], [-120.68857, 45.92422, -6600.73925781]]], [[[-120.98571, 45.97749, -11765.46484375], [-120.98135, 45.96986, -11429.375], [-120.97198, 45.97673, -11645.00488281], [-120.98571, 45.97749, -11765.46484375]]], [[[-120.69767, 45.91677, -6506.42285156], [-120.68857, 45.92422, -6600.73925781], [-120.70214, 45.92508, -6867.37255859], [-120.69767, 45.91677, -6506.42285156]]], [[[-120.93677, 45.93614, -9737.76953125], [-120.94615, 45.92924, -9570.88378906], [-120.93253, 45.92828, -9396.26660156], [-120.93677, 45.93614, -9737.76953125]]], [[[-120.71123, 45.91786, -6718.04394531], [-120.69767, 45.91677, -6506.42285156], [-120.70214, 45.92508, -6867.37255859], [-120.71123, 45.91786, -6718.04394531]]], [[[-120.9591, 45.9531, -10613.08789062], [-120.97297, 45.95388, -10739.04003906], [-120.96832, 45.94626, -10397.84570312], [-120.9591, 45.9531, -10613.08789062]]], [[[-120.71123, 45.91786, -6718.04394531], [-120.70676, 45.90965, -6361.71679688], [-120.69767, 45.91677, -6506.42285156], [-120.71123, 45.91786, -6718.04394531]]], [[[-120.94542, 45.95204, -10429.54589844], [-120.95472, 45.945, -10259.35058594], [-120.94114, 45.94419, -10087.97167969], [-120.94542, 45.95204, -10429.54589844]]], [[[-120.72033, 45.91065, -6519.86132812], [-120.70676, 45.90965, -6361.71679688], [-120.71123, 45.91786, -6718.04394531], [-120.72033, 45.91065, -6519.86132812]]], [[[-120.71647, 45.90299, -6189.73632812], [-120.70676, 45.90965, -6361.71679688], [-120.72033, 45.91065, -6519.86132812], [-120.71647, 45.90299, -6189.73632812]]], [[[-120.9591, 45.9531, -10613.08789062], [-120.96327, 45.96071, -10945.10058594], [-120.97297, 45.95388, -10739.04003906], [-120.9591, 45.9531, -10613.08789062]]], [[[-120.71647, 45.90299, -6189.73632812], [-120.70275, 45.90237, -6044.8203125], [-120.70676, 45.90965, -6361.71679688], [-120.71647, 45.90299, -6189.73632812]]], [[[-120.95051, 45.9371, -9914.51367188], [-120.96417, 45.93811, -10047.88867188], [-120.9599, 45.93027, -9706.29101562], [-120.95051, 45.9371, -9914.51367188]]], [[[-120.71195, 45.89541, -5856.99169922], [-120.70275, 45.90237, -6044.8203125], [-120.71647, 45.90299, -6189.73632812], [-120.71195, 45.89541, -5856.99169922]]], [[[-120.96327, 45.96071, -10945.10058594], [-120.9768, 45.96178, -11074.76953125], [-120.97297, 45.95388, -10739.04003906], [-120.96327, 45.96071, -10945.10058594]]], [[[-120.70275, 45.90237, -6044.8203125], [-120.71195, 45.89541, -5856.99169922], [-120.69832, 45.89411, -5686.98535156], [-120.70275, 45.90237, -6044.8203125]]], [[[-120.97297, 45.95388, -10739.04003906], [-120.98639, 45.95469, -11000.85546875], [-120.98192, 45.94653, -10644.66796875], [-120.97297, 45.95388, -10739.04003906]]], [[[-120.70275, 45.90237, -6044.8203125], [-120.69832, 45.89411, -5686.98535156], [-120.6893, 45.90146, -5839.16015625], [-120.70275, 45.90237, -6044.8203125]]], [[[-120.9515, 45.91438, -9018.50585938], [-120.9649, 45.91522, -9280.61914062], [-120.96049, 45.90704, -8924.70117188], [-120.9515, 45.91438, -9018.50585938]]], [[[-120.70275, 45.90237, -6044.8203125], [-120.6893, 45.90146, -5839.16015625], [-120.69316, 45.90928, -6172.09423828], [-120.70275, 45.90237, -6044.8203125]]], [[[-120.98571, 45.97749, -11765.46484375], [-120.99904, 45.97838, -12029.50878906], [-120.99499, 45.97028, -11681.74511719], [-120.98571, 45.97749, -11765.46484375]]], [[[-120.70676, 45.90965, -6361.71679688], [-120.70275, 45.90237, -6044.8203125], [-120.69316, 45.90928, -6172.09423828], [-120.70676, 45.90965, -6361.71679688]]], [[[-120.97613, 45.98437, -11978.47949219], [-120.98571, 45.97749, -11765.46484375], [-120.97198, 45.97673, -11645.00488281], [-120.97613, 45.98437, -11978.47949219]]], [[[-120.70676, 45.90965, -6361.71679688], [-120.69316, 45.90928, -6172.09423828], [-120.69767, 45.91677, -6506.42285156], [-120.70676, 45.90965, -6361.71679688]]], [[[-120.98571, 45.97749, -11765.46484375], [-120.99499, 45.97028, -11681.74511719], [-120.98135, 45.96986, -11429.375], [-120.98571, 45.97749, -11765.46484375]]], [[[-120.69316, 45.90928, -6172.09423828], [-120.68411, 45.91646, -6257.62646484], [-120.69767, 45.91677, -6506.42285156], [-120.69316, 45.90928, -6172.09423828]]], [[[-120.90963, 45.9353, -9157.38769531], [-120.92308, 45.93531, -9516.97753906], [-120.91895, 45.9277, -9185.64355469], [-120.90963, 45.9353, -9157.38769531]]], [[[-120.69316, 45.90928, -6172.09423828], [-120.67985, 45.90859, -5914.37646484], [-120.68411, 45.91646, -6257.62646484], [-120.69316, 45.90928, -6172.09423828]]], [[[-120.95472, 45.945, -10259.35058594], [-120.96832, 45.94626, -10397.84570312], [-120.96417, 45.93811, -10047.88867188], [-120.95472, 45.945, -10259.35058594]]], [[[-120.6893, 45.90146, -5839.16015625], [-120.67985, 45.90859, -5914.37646484], [-120.69316, 45.90928, -6172.09423828], [-120.6893, 45.90146, -5839.16015625]]], [[[-120.97405, 45.9079, -9160.23730469], [-120.96945, 45.8998, -8804.32421875], [-120.96049, 45.90704, -8924.70117188], [-120.97405, 45.9079, -9160.23730469]]], [[[-120.6893, 45.90146, -5839.16015625], [-120.67573, 45.90073, -5574.18798828], [-120.67985, 45.90859, -5914.37646484], [-120.6893, 45.90146, -5839.16015625]]], [[[-120.92308, 45.93531, -9516.97753906], [-120.93677, 45.93614, -9737.76953125], [-120.93253, 45.92828, -9396.26660156], [-120.92308, 45.93531, -9516.97753906]]], [[[-120.6847, 45.89326, -5479.76806641], [-120.67573, 45.90073, -5574.18798828], [-120.6893, 45.90146, -5839.16015625], [-120.6847, 45.89326, -5479.76806641]]], [[[-120.92308, 45.93531, -9516.97753906], [-120.92765, 45.9433, -9869.19335938], [-120.93677, 45.93614, -9737.76953125], [-120.92308, 45.93531, -9516.97753906]]], [[[-120.67573, 45.90073, -5574.18798828], [-120.6847, 45.89326, -5479.76806641], [-120.67124, 45.89298, -5230.26025391], [-120.67573, 45.90073, -5574.18798828]]], [[[-120.98135, 45.96986, -11429.375], [-120.99499, 45.97028, -11681.74511719], [-120.9902, 45.96254, -11335.73828125], [-120.98135, 45.96986, -11429.375]]], [[[-120.67124, 45.89298, -5230.26025391], [-120.66233, 45.90013, -5320.36083984], [-120.67573, 45.90073, -5574.18798828], [-120.67124, 45.89298, -5230.26025391]]], [[[-120.67124, 45.89298, -5230.26025391], [-120.65807, 45.8923, -4976.92333984], [-120.66233, 45.90013, -5320.36083984], [-120.67124, 45.89298, -5230.26025391]]], [[[-120.92807, 45.92041, -9051.90625], [-120.93253, 45.92828, -9396.26660156], [-120.94174, 45.92114, -9217.31542969], [-120.92807, 45.92041, -9051.90625]]], [[[-120.67124, 45.89298, -5230.26025391], [-120.66711, 45.88508, -4888.86523438], [-120.65807, 45.8923, -4976.92333984], [-120.67124, 45.89298, -5230.26025391]]], [[[-120.96869, 45.92288, -9608.30273438], [-120.9599, 45.93027, -9706.29101562], [-120.97349, 45.93085, -9963.11914062], [-120.96869, 45.92288, -9608.30273438]]], [[[-120.67124, 45.89298, -5230.26025391], [-120.68045, 45.88588, -5153.88037109], [-120.66711, 45.88508, -4888.86523438], [-120.67124, 45.89298, -5230.26025391]]], [[[-120.93253, 45.92828, -9396.26660156], [-120.94615, 45.92924, -9570.88378906], [-120.94174, 45.92114, -9217.31542969], [-120.93253, 45.92828, -9396.26660156]]], [[[-120.68045, 45.88588, -5153.88037109], [-120.67124, 45.89298, -5230.26025391], [-120.6847, 45.89326, -5479.76806641], [-120.68045, 45.88588, -5153.88037109]]], [[[-120.93765, 45.91352, -8884.66113281], [-120.9515, 45.91438, -9018.50585938], [-120.94687, 45.9067, -8675.67480469], [-120.93765, 45.91352, -8884.66113281]]], [[[-120.69391, 45.88626, -5344.44970703], [-120.68045, 45.88588, -5153.88037109], [-120.6847, 45.89326, -5479.76806641], [-120.69391, 45.88626, -5344.44970703]]], [[[-120.96832, 45.94626, -10397.84570312], [-120.98192, 45.94653, -10644.66796875], [-120.97749, 45.93906, -10313.49707031], [-120.96832, 45.94626, -10397.84570312]]], [[[-120.69391, 45.88626, -5344.44970703], [-120.68999, 45.87886, -5024.53271484], [-120.68045, 45.88588, -5153.88037109], [-120.69391, 45.88626, -5344.44970703]]], [[[-120.9599, 45.93027, -9706.29101562], [-120.96869, 45.92288, -9608.30273438], [-120.95528, 45.92225, -9352.15039062], [-120.9599, 45.93027, -9706.29101562]]], [[[-120.69391, 45.88626, -5344.44970703], [-120.70374, 45.8797, -5177.28417969], [-120.68999, 45.87886, -5024.53271484], [-120.69391, 45.88626, -5344.44970703]]], [[[-120.92895, 45.89749, -8184.78857422], [-120.93326, 45.90549, -8533.75683594], [-120.94261, 45.89855, -8323.52246094], [-120.92895, 45.89749, -8184.78857422]]], [[[-120.70374, 45.8797, -5177.28417969], [-120.69391, 45.88626, -5344.44970703], [-120.70756, 45.8871, -5497.12792969], [-120.70374, 45.8797, -5177.28417969]]], [[[-120.95814, 45.8305, -6243.43554688], [-120.96235, 45.83843, -6586.83496094], [-120.97147, 45.83117, -6506.80273438], [-120.95814, 45.8305, -6243.43554688]]], [[[-120.71735, 45.88086, -5191.12451172], [-120.70374, 45.8797, -5177.28417969], [-120.70756, 45.8871, -5497.12792969], [-120.71735, 45.88086, -5191.12451172]]], [[[-120.94818, 45.8605, -7090.09277344], [-120.95268, 45.86866, -7446.92675781], [-120.96174, 45.86141, -7317.35058594], [-120.94818, 45.8605, -7090.09277344]]], [[[-120.71735, 45.88086, -5191.12451172], [-120.71301, 45.87317, -4856.66748047], [-120.70374, 45.8797, -5177.28417969], [-120.71735, 45.88086, -5191.12451172]]], [[[-120.93553, 45.83703, -6066.59960938], [-120.94896, 45.83768, -6285.67041016], [-120.94487, 45.83005, -5954.38671875], [-120.93553, 45.83703, -6066.59960938]]], [[[-120.72626, 45.87367, -5136.05859375], [-120.71301, 45.87317, -4856.66748047], [-120.71735, 45.88086, -5191.12451172], [-120.72626, 45.87367, -5136.05859375]]], [[[-120.93862, 45.89082, -7990.44091797], [-120.95211, 45.8914, -8244.92089844], [-120.94745, 45.88346, -7893.70166016], [-120.93862, 45.89082, -7990.44091797]]], [[[-120.72179, 45.8658, -4788.54931641], [-120.71301, 45.87317, -4856.66748047], [-120.72626, 45.87367, -5136.05859375], [-120.72179, 45.8658, -4788.54931641]]], [[[-120.95372, 45.82251, -5893.83105469], [-120.96709, 45.82322, -6158.93408203], [-120.96306, 45.81533, -5817.27490234], [-120.95372, 45.82251, -5893.83105469]]], [[[-120.72179, 45.8658, -4788.54931641], [-120.70855, 45.86512, -4505.86376953], [-120.71301, 45.87317, -4856.66748047], [-120.72179, 45.8658, -4788.54931641]]], [[[-120.94952, 45.81478, -5556.89697266], [-120.95372, 45.82251, -5893.83105469], [-120.96306, 45.81533, -5817.27490234], [-120.94952, 45.81478, -5556.89697266]]], [[[-120.71762, 45.8579, -4448.84521484], [-120.70855, 45.86512, -4505.86376953], [-120.72179, 45.8658, -4788.54931641], [-120.71762, 45.8579, -4448.84521484]]], [[[-120.93469, 45.86, -6871.02587891], [-120.94818, 45.8605, -7090.09277344], [-120.9441, 45.853, -6762.80371094], [-120.93469, 45.86, -6871.02587891]]], [[[-120.70855, 45.86512, -4505.86376953], [-120.71762, 45.8579, -4448.84521484], [-120.70451, 45.85736, -4165.86865234], [-120.70855, 45.86512, -4505.86376953]]], [[[-120.94745, 45.88346, -7893.70166016], [-120.96108, 45.88414, -8122.31347656], [-120.95699, 45.87655, -7791.70996094], [-120.94745, 45.88346, -7893.70166016]]], [[[-120.70855, 45.86512, -4505.86376953], [-120.70451, 45.85736, -4165.86865234], [-120.69493, 45.86361, -4477.71533203], [-120.70855, 45.86512, -4505.86376953]]], [[[-120.9576, 45.85352, -6976.84667969], [-120.96174, 45.86141, -7317.35058594], [-120.97084, 45.85415, -7270.72802734], [-120.9576, 45.85352, -6976.84667969]]], [[[-120.70855, 45.86512, -4505.86376953], [-120.69493, 45.86361, -4477.71533203], [-120.69917, 45.87172, -4828.82763672], [-120.70855, 45.86512, -4505.86376953]]], [[[-120.98527, 45.83201, -6638.68261719], [-120.98065, 45.82424, -6300.79101562], [-120.97147, 45.83117, -6506.80273438], [-120.98527, 45.83201, -6638.68261719]]], [[[-120.71301, 45.87317, -4856.66748047], [-120.70855, 45.86512, -4505.86376953], [-120.69917, 45.87172, -4828.82763672], [-120.71301, 45.87317, -4856.66748047]]], [[[-120.93142, 45.82935, -5732.44335938], [-120.94487, 45.83005, -5954.38671875], [-120.94036, 45.82202, -5601.39648438], [-120.93142, 45.82935, -5732.44335938]]], [[[-120.71301, 45.87317, -4856.66748047], [-120.69917, 45.87172, -4828.82763672], [-120.70374, 45.8797, -5177.28417969], [-120.71301, 45.87317, -4856.66748047]]], [[[-120.95814, 45.8305, -6243.43554688], [-120.97147, 45.83117, -6506.80273438], [-120.96709, 45.82322, -6158.93408203], [-120.95814, 45.8305, -6243.43554688]]], [[[-120.69917, 45.87172, -4828.82763672], [-120.68999, 45.87886, -5024.53271484], [-120.70374, 45.8797, -5177.28417969], [-120.69917, 45.87172, -4828.82763672]]], [[[-120.94036, 45.82202, -5601.39648438], [-120.94952, 45.81478, -5556.89697266], [-120.93625, 45.8142, -5263.33886719], [-120.94036, 45.82202, -5601.39648438]]], [[[-120.69917, 45.87172, -4828.82763672], [-120.68544, 45.87052, -4662.35839844], [-120.68999, 45.87886, -5024.53271484], [-120.69917, 45.87172, -4828.82763672]]], [[[-120.9307, 45.85207, -6530.19873047], [-120.93469, 45.86, -6871.02587891], [-120.9441, 45.853, -6762.80371094], [-120.9307, 45.85207, -6530.19873047]]], [[[-120.69493, 45.86361, -4477.71533203], [-120.68544, 45.87052, -4662.35839844], [-120.69917, 45.87172, -4828.82763672], [-120.69493, 45.86361, -4477.71533203]]], [[[-120.9307, 45.85207, -6530.19873047], [-120.93976, 45.8448, -6405.85839844], [-120.92613, 45.84402, -6176.41650391], [-120.9307, 45.85207, -6530.19873047]]], [[[-120.69493, 45.86361, -4477.71533203], [-120.6813, 45.86307, -4337.48535156], [-120.68544, 45.87052, -4662.35839844], [-120.69493, 45.86361, -4477.71533203]]], [[[-120.92203, 45.83652, -5849.10449219], [-120.93142, 45.82935, -5732.44335938], [-120.918, 45.82845, -5502.82519531], [-120.92203, 45.83652, -5849.10449219]]], [[[-120.69081, 45.85625, -4157.01318359], [-120.6813, 45.86307, -4337.48535156], [-120.69493, 45.86361, -4477.71533203], [-120.69081, 45.85625, -4157.01318359]]], [[[-120.93408, 45.88297, -7643.49560547], [-120.94745, 45.88346, -7893.70166016], [-120.94351, 45.87592, -7567.51171875], [-120.93408, 45.88297, -7643.49560547]]], [[[-120.69081, 45.85625, -4157.01318359], [-120.67715, 45.85532, -4001.91918945], [-120.6813, 45.86307, -4337.48535156], [-120.69081, 45.85625, -4157.01318359]]], [[[-120.95325, 45.84576, -6635.67041016], [-120.96235, 45.83843, -6586.83496094], [-120.94896, 45.83768, -6285.67041016], [-120.95325, 45.84576, -6635.67041016]]], [[[-120.68615, 45.84809, -3800.85375977], [-120.67715, 45.85532, -4001.91918945], [-120.69081, 45.85625, -4157.01318359], [-120.68615, 45.84809, -3800.85375977]]], [[[-120.94818, 45.8605, -7090.09277344], [-120.9576, 45.85352, -6976.84667969], [-120.9441, 45.853, -6762.80371094], [-120.94818, 45.8605, -7090.09277344]]], [[[-120.68615, 45.84809, -3800.85375977], [-120.67259, 45.84703, -3641.38330078], [-120.67715, 45.85532, -4001.91918945], [-120.68615, 45.84809, -3800.85375977]]], [[[-120.97834, 45.91602, -9513.17382812], [-120.99182, 45.91659, -9723.24414062], [-120.98748, 45.90887, -9383.94238281], [-120.97834, 45.91602, -9513.17382812]]], [[[-120.68226, 45.84028, -3464.20263672], [-120.67259, 45.84703, -3641.38330078], [-120.68615, 45.84809, -3800.85375977], [-120.68226, 45.84028, -3464.20263672]]], [[[-120.94487, 45.83005, -5954.38671875], [-120.94896, 45.83768, -6285.67041016], [-120.95814, 45.8305, -6243.43554688], [-120.94487, 45.83005, -5954.38671875]]], [[[-120.67259, 45.84703, -3641.38330078], [-120.68226, 45.84028, -3464.20263672], [-120.66863, 45.83972, -3323.99926758], [-120.67259, 45.84703, -3641.38330078]]], [[[-120.96945, 45.8998, -8804.32421875], [-120.979, 45.8929, -8692.48144531], [-120.96547, 45.8924, -8481.87207031], [-120.96945, 45.8998, -8804.32421875]]], [[[-120.67259, 45.84703, -3641.38330078], [-120.66863, 45.83972, -3323.99926758], [-120.65898, 45.84654, -3439.66625977], [-120.67259, 45.84703, -3641.38330078]]], [[[-120.96547, 45.8924, -8481.87207031], [-120.97459, 45.88515, -8350.77050781], [-120.96108, 45.88414, -8122.31347656], [-120.96547, 45.8924, -8481.87207031]]], [[[-120.67259, 45.84703, -3641.38330078], [-120.65898, 45.84654, -3439.66625977], [-120.66356, 45.85419, -3780.8347168], [-120.67259, 45.84703, -3641.38330078]]], [[[-120.93976, 45.8448, -6405.85839844], [-120.95325, 45.84576, -6635.67041016], [-120.94896, 45.83768, -6285.67041016], [-120.93976, 45.8448, -6405.85839844]]], [[[-120.67715, 45.85532, -4001.91918945], [-120.67259, 45.84703, -3641.38330078], [-120.66356, 45.85419, -3780.8347168], [-120.67715, 45.85532, -4001.91918945]]], [[[-120.94818, 45.8605, -7090.09277344], [-120.96174, 45.86141, -7317.35058594], [-120.9576, 45.85352, -6976.84667969], [-120.94818, 45.8605, -7090.09277344]]], [[[-120.67715, 45.85532, -4001.91918945], [-120.66356, 45.85419, -3780.8347168], [-120.66786, 45.86245, -4136.71728516], [-120.67715, 45.85532, -4001.91918945]]], [[[-120.94351, 45.87592, -7567.51171875], [-120.95268, 45.86866, -7446.92675781], [-120.93917, 45.86772, -7211.87597656], [-120.94351, 45.87592, -7567.51171875]]], [[[-120.6813, 45.86307, -4337.48535156], [-120.67715, 45.85532, -4001.91918945], [-120.66786, 45.86245, -4136.71728516], [-120.6813, 45.86307, -4337.48535156]]], [[[-120.94487, 45.83005, -5954.38671875], [-120.95372, 45.82251, -5893.83105469], [-120.94036, 45.82202, -5601.39648438], [-120.94487, 45.83005, -5954.38671875]]], [[[-120.6813, 45.86307, -4337.48535156], [-120.66786, 45.86245, -4136.71728516], [-120.67179, 45.86987, -4457.74609375], [-120.6813, 45.86307, -4337.48535156]]], [[[-120.94487, 45.83005, -5954.38671875], [-120.95814, 45.8305, -6243.43554688], [-120.95372, 45.82251, -5893.83105469], [-120.94487, 45.83005, -5954.38671875]]], [[[-120.68544, 45.87052, -4662.35839844], [-120.6813, 45.86307, -4337.48535156], [-120.67179, 45.86987, -4457.74609375], [-120.68544, 45.87052, -4662.35839844]]], [[[-120.92203, 45.83652, -5849.10449219], [-120.93553, 45.83703, -6066.59960938], [-120.93142, 45.82935, -5732.44335938], [-120.92203, 45.83652, -5849.10449219]]], [[[-120.68544, 45.87052, -4662.35839844], [-120.67179, 45.86987, -4457.74609375], [-120.67648, 45.87781, -4810.61474609], [-120.68544, 45.87052, -4662.35839844]]], [[[-120.94745, 45.88346, -7893.70166016], [-120.95211, 45.8914, -8244.92089844], [-120.96108, 45.88414, -8122.31347656], [-120.94745, 45.88346, -7893.70166016]]], [[[-120.68999, 45.87886, -5024.53271484], [-120.68544, 45.87052, -4662.35839844], [-120.67648, 45.87781, -4810.61474609], [-120.68999, 45.87886, -5024.53271484]]], [[[-120.95325, 45.84576, -6635.67041016], [-120.9576, 45.85352, -6976.84667969], [-120.96656, 45.84619, -6924.97753906], [-120.95325, 45.84576, -6635.67041016]]], [[[-120.68999, 45.87886, -5024.53271484], [-120.67648, 45.87781, -4810.61474609], [-120.68045, 45.88588, -5153.88037109], [-120.68999, 45.87886, -5024.53271484]]], [[[-120.98527, 45.83201, -6638.68261719], [-120.97584, 45.83893, -6847.00732422], [-120.98941, 45.84022, -7000.20605469], [-120.98527, 45.83201, -6638.68261719]]], [[[-120.67648, 45.87781, -4810.61474609], [-120.66711, 45.88508, -4888.86523438], [-120.68045, 45.88588, -5153.88037109], [-120.67648, 45.87781, -4810.61474609]]], [[[-120.96235, 45.83843, -6586.83496094], [-120.96656, 45.84619, -6924.97753906], [-120.97584, 45.83893, -6847.00732422], [-120.96235, 45.83843, -6586.83496094]]], [[[-120.67648, 45.87781, -4810.61474609], [-120.66287, 45.87726, -4547.22412109], [-120.66711, 45.88508, -4888.86523438], [-120.67648, 45.87781, -4810.61474609]]], [[[-120.94952, 45.81478, -5556.89697266], [-120.96306, 45.81533, -5817.27490234], [-120.9585, 45.8075, -5471.91162109], [-120.94952, 45.81478, -5556.89697266]]], [[[-120.67179, 45.86987, -4457.74609375], [-120.66287, 45.87726, -4547.22412109], [-120.67648, 45.87781, -4810.61474609], [-120.67179, 45.86987, -4457.74609375]]], [[[-120.95325, 45.84576, -6635.67041016], [-120.96656, 45.84619, -6924.97753906], [-120.96235, 45.83843, -6586.83496094], [-120.95325, 45.84576, -6635.67041016]]], [[[-120.67179, 45.86987, -4457.74609375], [-120.65842, 45.86947, -4202.95898438], [-120.66287, 45.87726, -4547.22412109], [-120.67179, 45.86987, -4457.74609375]]], [[[-120.93018, 45.87506, -7306.20605469], [-120.93408, 45.88297, -7643.49560547], [-120.94351, 45.87592, -7567.51171875], [-120.93018, 45.87506, -7306.20605469]]], [[[-120.66786, 45.86245, -4136.71728516], [-120.65842, 45.86947, -4202.95898438], [-120.67179, 45.86987, -4457.74609375], [-120.66786, 45.86245, -4136.71728516]]], [[[-120.93976, 45.8448, -6405.85839844], [-120.94896, 45.83768, -6285.67041016], [-120.93553, 45.83703, -6066.59960938], [-120.93976, 45.8448, -6405.85839844]]], [[[-120.66786, 45.86245, -4136.71728516], [-120.6544, 45.86157, -3863.32617188], [-120.65842, 45.86947, -4202.95898438], [-120.66786, 45.86245, -4136.71728516]]], [[[-120.9576, 45.85352, -6976.84667969], [-120.97084, 45.85415, -7270.72802734], [-120.96656, 45.84619, -6924.97753906], [-120.9576, 45.85352, -6976.84667969]]], [[[-120.66356, 45.85419, -3780.8347168], [-120.6544, 45.86157, -3863.32617188], [-120.66786, 45.86245, -4136.71728516], [-120.66356, 45.85419, -3780.8347168]]], [[[-120.95814, 45.8305, -6243.43554688], [-120.94896, 45.83768, -6285.67041016], [-120.96235, 45.83843, -6586.83496094], [-120.95814, 45.8305, -6243.43554688]]], [[[-120.66356, 45.85419, -3780.8347168], [-120.65002, 45.85379, -3520.48974609], [-120.6544, 45.86157, -3863.32617188], [-120.66356, 45.85419, -3780.8347168]]], [[[-120.96235, 45.83843, -6586.83496094], [-120.97584, 45.83893, -6847.00732422], [-120.97147, 45.83117, -6506.80273438], [-120.96235, 45.83843, -6586.83496094]]], [[[-120.65898, 45.84654, -3439.66625977], [-120.65002, 45.85379, -3520.48974609], [-120.66356, 45.85419, -3780.8347168], [-120.65898, 45.84654, -3439.66625977]]], [[[-120.95211, 45.8914, -8244.92089844], [-120.95589, 45.89942, -8585.36230469], [-120.96547, 45.8924, -8481.87207031], [-120.95211, 45.8914, -8244.92089844]]], [[[-120.65002, 45.85379, -3520.48974609], [-120.65898, 45.84654, -3439.66625977], [-120.64569, 45.84594, -3176.66186523], [-120.65002, 45.85379, -3520.48974609]]], [[[-120.97084, 45.85415, -7270.72802734], [-120.97988, 45.8469, -7191.67236328], [-120.96656, 45.84619, -6924.97753906], [-120.97084, 45.85415, -7270.72802734]]], [[[-120.65002, 45.85379, -3520.48974609], [-120.64569, 45.84594, -3176.66186523], [-120.63676, 45.85315, -3259.73486328], [-120.65002, 45.85379, -3520.48974609]]], [[[-120.94687, 45.9067, -8675.67480469], [-120.95589, 45.89942, -8585.36230469], [-120.94261, 45.89855, -8323.52246094], [-120.94687, 45.9067, -8675.67480469]]], [[[-120.65002, 45.85379, -3520.48974609], [-120.63676, 45.85315, -3259.73486328], [-120.64102, 45.86098, -3603.17236328], [-120.65002, 45.85379, -3520.48974609]]], [[[-120.96306, 45.81533, -5817.27490234], [-120.97677, 45.81646, -5957.50683594], [-120.9721, 45.80826, -5599.58984375], [-120.96306, 45.81533, -5817.27490234]]], [[[-120.65002, 45.85379, -3520.48974609], [-120.64102, 45.86098, -3603.17236328], [-120.6544, 45.86157, -3863.32617188], [-120.65002, 45.85379, -3520.48974609]]], [[[-120.95268, 45.86866, -7446.92675781], [-120.96616, 45.86944, -7668.46582031], [-120.96174, 45.86141, -7317.35058594], [-120.95268, 45.86866, -7446.92675781]]], [[[-120.6544, 45.86157, -3863.32617188], [-120.64102, 45.86098, -3603.17236328], [-120.64528, 45.86881, -3946.61010742], [-120.6544, 45.86157, -3863.32617188]]], [[[-120.99519, 45.80323, -5276.63378906], [-120.98583, 45.80983, -5595.35205078], [-120.99957, 45.81155, -5639.04101562], [-120.99519, 45.80323, -5276.63378906]]], [[[-120.6544, 45.86157, -3863.32617188], [-120.64528, 45.86881, -3946.61010742], [-120.65842, 45.86947, -4202.95898438], [-120.6544, 45.86157, -3863.32617188]]], [[[-120.96656, 45.84619, -6924.97753906], [-120.97988, 45.8469, -7191.67236328], [-120.97584, 45.83893, -6847.00732422], [-120.96656, 45.84619, -6924.97753906]]], [[[-120.65842, 45.86947, -4202.95898438], [-120.64528, 45.86881, -3946.61010742], [-120.64954, 45.87664, -4290.04785156], [-120.65842, 45.86947, -4202.95898438]]], [[[-120.94952, 45.81478, -5556.89697266], [-120.94036, 45.82202, -5601.39648438], [-120.95372, 45.82251, -5893.83105469], [-120.94952, 45.81478, -5556.89697266]]], [[[-120.66287, 45.87726, -4547.22412109], [-120.65842, 45.86947, -4202.95898438], [-120.64954, 45.87664, -4290.04785156], [-120.66287, 45.87726, -4547.22412109]]], [[[-120.96616, 45.86944, -7668.46582031], [-120.97511, 45.86195, -7611.21923828], [-120.96174, 45.86141, -7317.35058594], [-120.96616, 45.86944, -7668.46582031]]], [[[-120.66287, 45.87726, -4547.22412109], [-120.64954, 45.87664, -4290.04785156], [-120.6538, 45.88447, -4633.48583984], [-120.66287, 45.87726, -4547.22412109]]], [[[-120.66711, 45.88508, -4888.86523438], [-120.66287, 45.87726, -4547.22412109], [-120.6538, 45.88447, -4633.48583984], [-120.66711, 45.88508, -4888.86523438]]], [[[-120.66711, 45.88508, -4888.86523438], [-120.6538, 45.88447, -4633.48583984], [-120.65807, 45.8923, -4976.92333984], [-120.66711, 45.88508, -4888.86523438]]], [[[-120.63676, 45.85315, -3259.73486328], [-120.64569, 45.84594, -3176.66186523], [-120.63251, 45.84532, -2916.29711914], [-120.63676, 45.85315, -3259.73486328]]], [[[-120.64166, 45.83806, -2837.09936523], [-120.63251, 45.84532, -2916.29711914], [-120.64569, 45.84594, -3176.66186523], [-120.64166, 45.83806, -2837.09936523]]], [[[-120.64166, 45.83806, -2837.09936523], [-120.62825, 45.83748, -2572.859375], [-120.63251, 45.84532, -2916.29711914], [-120.64166, 45.83806, -2837.09936523]]], [[[-120.63718, 45.83031, -2493.48046875], [-120.62825, 45.83748, -2572.859375], [-120.64166, 45.83806, -2837.09936523], [-120.63718, 45.83031, -2493.48046875]]], [[[-120.63718, 45.83031, -2493.48046875], [-120.624, 45.82965, -2229.42163086], [-120.62825, 45.83748, -2572.859375], [-120.63718, 45.83031, -2493.48046875]]], [[[-120.63718, 45.83031, -2493.48046875], [-120.63298, 45.82243, -2150.84716797], [-120.624, 45.82965, -2229.42163086], [-120.63718, 45.83031, -2493.48046875]]], [[[-120.64626, 45.82313, -2420.73657227], [-120.63298, 45.82243, -2150.84716797], [-120.63718, 45.83031, -2493.48046875], [-120.64626, 45.82313, -2420.73657227]]], [[[-120.64237, 45.81522, -2084.13427734], [-120.63298, 45.82243, -2150.84716797], [-120.64626, 45.82313, -2420.73657227], [-120.64237, 45.81522, -2084.13427734]]], [[[-120.64237, 45.81522, -2084.13427734], [-120.62883, 45.81458, -1810.01062012], [-120.63298, 45.82243, -2150.84716797], [-120.64237, 45.81522, -2084.13427734]]], [[[-120.63771, 45.8071, -1725.71936035], [-120.62883, 45.81458, -1810.01062012], [-120.64237, 45.81522, -2084.13427734], [-120.63771, 45.8071, -1725.71936035]]], [[[-120.63771, 45.8071, -1725.71936035], [-120.62434, 45.80682, -1465.83544922], [-120.62883, 45.81458, -1810.01062012], [-120.63771, 45.8071, -1725.71936035]]], [[[-120.63364, 45.79971, -1402.60083008], [-120.62434, 45.80682, -1465.83544922], [-120.63771, 45.8071, -1725.71936035], [-120.63364, 45.79971, -1402.60083008]]], [[[-120.63364, 45.79971, -1402.60083008], [-120.62029, 45.79892, -1125.40551758], [-120.62434, 45.80682, -1465.83544922], [-120.63364, 45.79971, -1402.60083008]]], [[[-120.62986, 45.79119, -1047.58581543], [-120.62029, 45.79892, -1125.40551758], [-120.63364, 45.79971, -1402.60083008], [-120.62986, 45.79119, -1047.58581543]]], [[[-120.62986, 45.79119, -1047.58581543], [-120.616, 45.79111, -783.19348145], [-120.62029, 45.79892, -1125.40551758], [-120.62986, 45.79119, -1047.58581543]]], [[[-120.6253, 45.78343, -703.63098145], [-120.616, 45.79111, -783.19348145], [-120.62986, 45.79119, -1047.58581543], [-120.6253, 45.78343, -703.63098145]]], [[[-120.6253, 45.78343, -703.63098145], [-120.61154, 45.78269, -417.6479187], [-120.616, 45.79111, -783.19348145], [-120.6253, 45.78343, -703.63098145]]], [[[-120.62096, 45.77629, -383.85339355], [-120.61154, 45.78269, -417.6479187], [-120.6253, 45.78343, -703.63098145], [-120.62096, 45.77629, -383.85339355]]], [[[-120.62096, 45.77629, -383.85339355], [-120.60953, 45.77258, -41.67156982], [-120.61154, 45.78269, -417.6479187], [-120.62096, 45.77629, -383.85339355]]], [[[-120.62356, 45.76792, -121.96300507], [-120.61423, 45.76194, 222.04600525], [-120.60953, 45.77258, -41.67156982], [-120.62356, 45.76792, -121.96300507]]], [[[-120.61423, 45.76194, 222.04600525], [-120.62356, 45.76792, -121.96300507], [-120.62626, 45.75893, 164.60809326], [-120.61423, 45.76194, 222.04600525]]], [[[-120.63622, 45.76484, -146.27481079], [-120.62626, 45.75893, 164.60809326], [-120.62356, 45.76792, -121.96300507], [-120.63622, 45.76484, -146.27481079]]], [[[-120.63622, 45.76484, -146.27481079], [-120.63832, 45.75595, 189.44815063], [-120.62626, 45.75893, 164.60809326], [-120.63622, 45.76484, -146.27481079]]], [[[-120.6477, 45.76253, -61.58432007], [-120.63832, 45.75595, 189.44815063], [-120.63622, 45.76484, -146.27481079], [-120.6477, 45.76253, -61.58432007]]], [[[-120.6477, 45.76253, -61.58432007], [-120.65065, 45.75405, 355.32382202], [-120.63832, 45.75595, 189.44815063], [-120.6477, 45.76253, -61.58432007]]], [[[-121.05082, 46.13456, -18436.75390625], [-121.04006, 46.13862, -18483.06640625], [-121.0483, 46.14333, -18745.81835938], [-121.05082, 46.13456, -18436.75390625]]], [[[-120.65065, 45.75405, 355.32382202], [-120.65809, 45.76848, -276.29190063], [-120.66071, 45.75931, -67.21684265], [-120.65065, 45.75405, 355.32382202]]], [[[-120.68344, 45.75229, -104.13950348], [-120.67317, 45.74597, 172.36779785], [-120.67227, 45.75515, -158.28559875], [-120.68344, 45.75229, -104.13950348]]], [[[-120.69654, 45.74903, -36.90848541], [-120.68563, 45.74406, 253.3184967], [-120.68344, 45.75229, -104.13950348], [-120.69654, 45.74903, -36.90848541]]], [[[-120.69654, 45.74903, -36.90848541], [-120.69701, 45.74, 307.08599854], [-120.68563, 45.74406, 253.3184967], [-120.69654, 45.74903, -36.90848541]]], [[[-120.69654, 45.74903, -36.90848541], [-120.70794, 45.74511, -2.57084155], [-120.69701, 45.74, 307.08599854], [-120.69654, 45.74903, -36.90848541]]], [[[-120.70721, 45.75437, -345.74072266], [-120.70794, 45.74511, -2.57084155], [-120.69654, 45.74903, -36.90848541], [-120.70721, 45.75437, -345.74072266]]], [[[-120.71838, 45.75057, -327.75622559], [-120.70794, 45.74511, -2.57084155], [-120.70721, 45.75437, -345.74072266], [-120.71838, 45.75057, -327.75622559]]], [[[-120.71838, 45.75057, -327.75622559], [-120.71918, 45.74136, -24.31180763], [-120.70794, 45.74511, -2.57084155], [-120.71838, 45.75057, -327.75622559]]], [[[-120.72918, 45.74691, -383.12078857], [-120.71918, 45.74136, -24.31180763], [-120.71838, 45.75057, -327.75622559], [-120.72918, 45.74691, -383.12078857]]], [[[-120.72918, 45.74691, -383.12078857], [-120.73028, 45.73806, 27.2541275], [-120.71918, 45.74136, -24.31180763], [-120.72918, 45.74691, -383.12078857]]], [[[-120.74171, 45.74431, -214.9151001], [-120.73028, 45.73806, 27.2541275], [-120.72918, 45.74691, -383.12078857], [-120.74171, 45.74431, -214.9151001]]], [[[-120.74171, 45.74431, -214.9151001], [-120.74034, 45.73587, 149.85758972], [-120.73028, 45.73806, 27.2541275], [-120.74171, 45.74431, -214.9151001]]], [[[-120.74034, 45.73587, 149.85758972], [-120.74171, 45.74431, -214.9151001], [-120.75148, 45.73654, 123.15644073], [-120.74034, 45.73587, 149.85758972]]], [[[-120.75148, 45.73654, 123.15644073], [-120.74453, 45.72804, 479.68109131], [-120.74034, 45.73587, 149.85758972], [-120.75148, 45.73654, 123.15644073]]], [[[-120.74453, 45.72804, 479.68109131], [-120.75148, 45.73654, 123.15644073], [-120.75722, 45.72894, 549.14154053], [-120.74453, 45.72804, 479.68109131]]], [[[-120.76583, 45.73546, 221.22398376], [-120.75722, 45.72894, 549.14154053], [-120.75148, 45.73654, 123.15644073], [-120.76583, 45.73546, 221.22398376]]], [[[-120.76583, 45.73546, 221.22398376], [-120.76904, 45.72679, 505.59185791], [-120.75722, 45.72894, 549.14154053], [-120.76583, 45.73546, 221.22398376]]], [[[-120.77747, 45.73199, 190.35484314], [-120.77887, 45.72464, 420.83810425], [-120.76904, 45.72679, 505.59185791], [-120.77747, 45.73199, 190.35484314]]], [[[-120.78688, 45.72832, 129.57727051], [-120.77887, 45.72464, 420.83810425], [-120.77747, 45.73199, 190.35484314], [-120.78688, 45.72832, 129.57727051]]], [[[-120.78688, 45.72832, 129.57727051], [-120.78664, 45.7214, 355.34771729], [-120.77887, 45.72464, 420.83810425], [-120.78688, 45.72832, 129.57727051]]], [[[-120.78688, 45.72832, 129.57727051], [-120.7954, 45.72386, 15.18049431], [-120.78664, 45.7214, 355.34771729], [-120.78688, 45.72832, 129.57727051]]], [[[-120.7954, 45.72386, 15.18049431], [-120.78688, 45.72832, 129.57727051], [-120.79702, 45.73223, -222.41311646], [-120.7954, 45.72386, 15.18049431]]], [[[-120.7954, 45.72386, 15.18049431], [-120.79702, 45.73223, -222.41311646], [-120.80564, 45.72811, -400.3175354], [-120.7954, 45.72386, 15.18049431]]], [[[-120.7954, 45.72386, 15.18049431], [-120.80564, 45.72811, -400.3175354], [-120.80374, 45.71927, -67.17141724], [-120.7954, 45.72386, 15.18049431]]], [[[-120.7954, 45.72386, 15.18049431], [-120.79302, 45.71622, 271.23278809], [-120.78664, 45.7214, 355.34771729], [-120.7954, 45.72386, 15.18049431]]], [[[-120.81674, 45.72306, -418.71411133], [-120.81156, 45.71509, -61.83729553], [-120.80374, 45.71927, -67.17141724], [-120.81674, 45.72306, -418.71411133]]], [[[-120.81156, 45.71509, -61.83729553], [-120.81674, 45.72306, -418.71411133], [-120.82186, 45.71293, -98.88387299], [-120.81156, 45.71509, -61.83729553]]], [[[-120.81156, 45.71509, -61.83729553], [-120.82186, 45.71293, -98.88387299], [-120.81174, 45.70681, 244.79727173], [-120.81156, 45.71509, -61.83729553]]], [[[-120.81156, 45.71509, -61.83729553], [-120.81174, 45.70681, 244.79727173], [-120.80144, 45.71099, 254.02761841], [-120.81156, 45.71509, -61.83729553]]], [[[-120.84555, 45.71365, -326.64624023], [-120.83438, 45.70918, 21.8562851], [-120.832, 45.71828, -361.06182861], [-120.84555, 45.71365, -326.64624023]]], [[[-120.83438, 45.70918, 21.8562851], [-120.84555, 45.71365, -326.64624023], [-120.84621, 45.70435, -23.63112068], [-120.83438, 45.70918, 21.8562851]]], [[[-120.83438, 45.70918, 21.8562851], [-120.84621, 45.70435, -23.63112068], [-120.83512, 45.69994, 326.57489014], [-120.83438, 45.70918, 21.8562851]]], [[[-120.83438, 45.70918, 21.8562851], [-120.83512, 45.69994, 326.57489014], [-120.82376, 45.70381, 271.15567017], [-120.83438, 45.70918, 21.8562851]]], [[[-120.84621, 45.70435, -23.63112068], [-120.84594, 45.6952, 301.93563843], [-120.83512, 45.69994, 326.57489014], [-120.84621, 45.70435, -23.63112068]]], [[[-120.84621, 45.70435, -23.63112068], [-120.85691, 45.69985, -28.67340851], [-120.84594, 45.6952, 301.93563843], [-120.84621, 45.70435, -23.63112068]]], [[[-120.85746, 45.70894, -360.39807129], [-120.85691, 45.69985, -28.67340851], [-120.84621, 45.70435, -23.63112068], [-120.85746, 45.70894, -360.39807129]]], [[[-120.85691, 45.69985, -28.67340851], [-120.86874, 45.69453, 7.64986897], [-120.85699, 45.69073, 309.28375244], [-120.85691, 45.69985, -28.67340851]]], [[[-120.85691, 45.69985, -28.67340851], [-120.85699, 45.69073, 309.28375244], [-120.84594, 45.6952, 301.93563843], [-120.85691, 45.69985, -28.67340851]]], [[[-120.87885, 45.68893, -23.35383987], [-120.86727, 45.68544, 331.58435059], [-120.86874, 45.69453, 7.64986897], [-120.87885, 45.68893, -23.35383987]]], [[[-120.87885, 45.68893, -23.35383987], [-120.87726, 45.67987, 303.19351196], [-120.86727, 45.68544, 331.58435059], [-120.87885, 45.68893, -23.35383987]]], [[[-120.88836, 45.68394, -42.98762131], [-120.8878, 45.67482, 305.75872803], [-120.87726, 45.67987, 303.19351196], [-120.88836, 45.68394, -42.98762131]]], [[[-120.9124, 45.68725, -260.97677612], [-120.90672, 45.67917, 84.54342651], [-120.90023, 45.68851, -348.21084595], [-120.9124, 45.68725, -260.97677612]]], [[[-120.92303, 45.69644, -632.96154785], [-120.92262, 45.68712, -205.86758423], [-120.9124, 45.68725, -260.97677612], [-120.92303, 45.69644, -632.96154785]]], [[[-120.93236, 45.68772, -231.21257019], [-120.92262, 45.68712, -205.86758423], [-120.92303, 45.69644, -632.96154785], [-120.93236, 45.68772, -231.21257019]]], [[[-120.92952, 45.67951, 114.47750854], [-120.92262, 45.68712, -205.86758423], [-120.93236, 45.68772, -231.21257019], [-120.92952, 45.67951, 114.47750854]]], [[[-120.92262, 45.68712, -205.86758423], [-120.92952, 45.67951, 114.47750854], [-120.91771, 45.67901, 147.50540161], [-120.92262, 45.68712, -205.86758423]]], [[[-120.91771, 45.67901, 147.50540161], [-120.92952, 45.67951, 114.47750854], [-120.92458, 45.67138, 473.51965332], [-120.91771, 45.67901, 147.50540161]]], [[[-120.91771, 45.67901, 147.50540161], [-120.92458, 45.67138, 473.51965332], [-120.91188, 45.671, 492.15393066], [-120.91771, 45.67901, 147.50540161]]], [[[-120.90672, 45.67917, 84.54342651], [-120.91771, 45.67901, 147.50540161], [-120.91188, 45.671, 492.15393066], [-120.90672, 45.67917, 84.54342651]]], [[[-120.90672, 45.67917, 84.54342651], [-120.91188, 45.671, 492.15393066], [-120.89926, 45.6716, 394.68658447], [-120.90672, 45.67917, 84.54342651]]], [[[-120.89724, 45.68005, 3.16840267], [-120.90672, 45.67917, 84.54342651], [-120.89926, 45.6716, 394.68658447], [-120.89724, 45.68005, 3.16840267]]], [[[-120.89724, 45.68005, 3.16840267], [-120.89926, 45.6716, 394.68658447], [-120.8878, 45.67482, 305.75872803], [-120.89724, 45.68005, 3.16840267]]], [[[-120.92952, 45.67951, 114.47750854], [-120.93723, 45.672, 383.70187378], [-120.92458, 45.67138, 473.51965332], [-120.92952, 45.67951, 114.47750854]]], [[[-120.92952, 45.67951, 114.47750854], [-120.94116, 45.6792, 69.31327057], [-120.93723, 45.672, 383.70187378], [-120.92952, 45.67951, 114.47750854]]], [[[-120.94116, 45.6792, 69.31327057], [-120.92952, 45.67951, 114.47750854], [-120.93236, 45.68772, -231.21257019], [-120.94116, 45.6792, 69.31327057]]], [[[-120.94116, 45.6792, 69.31327057], [-120.93236, 45.68772, -231.21257019], [-120.94519, 45.68659, -253.25152588], [-120.94116, 45.6792, 69.31327057]]], [[[-120.94519, 45.68659, -253.25152588], [-120.95426, 45.67988, 62.87168884], [-120.94116, 45.6792, 69.31327057], [-120.94519, 45.68659, -253.25152588]]], [[[-120.94519, 45.68659, -253.25152588], [-120.95853, 45.68776, -281.70361328], [-120.95426, 45.67988, 62.87168884], [-120.94519, 45.68659, -253.25152588]]], [[[-120.94519, 45.68659, -253.25152588], [-120.9494, 45.69421, -585.9989624], [-120.95853, 45.68776, -281.70361328], [-120.94519, 45.68659, -253.25152588]]], [[[-120.94519, 45.68659, -253.25152588], [-120.93638, 45.69374, -500.40576172], [-120.9494, 45.69421, -585.9989624], [-120.94519, 45.68659, -253.25152588]]], [[[-120.93638, 45.69374, -500.40576172], [-120.94519, 45.68659, -253.25152588], [-120.93236, 45.68772, -231.21257019], [-120.93638, 45.69374, -500.40576172]]], [[[-120.93236, 45.68772, -231.21257019], [-120.92303, 45.69644, -632.96154785], [-120.93638, 45.69374, -500.40576172], [-120.93236, 45.68772, -231.21257019]]], [[[-120.92303, 45.69644, -632.96154785], [-120.93894, 45.70077, -797.37475586], [-120.93638, 45.69374, -500.40576172], [-120.92303, 45.69644, -632.96154785]]], [[[-120.92884, 45.70648, -1071.32873535], [-120.93894, 45.70077, -797.37475586], [-120.92303, 45.69644, -632.96154785], [-120.92884, 45.70648, -1071.32873535]]], [[[-120.92884, 45.70648, -1071.32873535], [-120.94372, 45.70894, -1156.87524414], [-120.93894, 45.70077, -797.37475586], [-120.92884, 45.70648, -1071.32873535]]], [[[-120.92884, 45.70648, -1071.32873535], [-120.93462, 45.71547, -1461.25817871], [-120.94372, 45.70894, -1156.87524414], [-120.92884, 45.70648, -1071.32873535]]], [[[-120.92073, 45.71347, -1446.98937988], [-120.93462, 45.71547, -1461.25817871], [-120.92884, 45.70648, -1071.32873535], [-120.92073, 45.71347, -1446.98937988]]], [[[-120.9252, 45.72193, -1818.35644531], [-120.93462, 45.71547, -1461.25817871], [-120.92073, 45.71347, -1446.98937988], [-120.9252, 45.72193, -1818.35644531]]], [[[-120.9252, 45.72193, -1818.35644531], [-120.93884, 45.72313, -1796.48596191], [-120.93462, 45.71547, -1461.25817871], [-120.9252, 45.72193, -1818.35644531]]], [[[-120.92958, 45.72951, -2148.73144531], [-120.93884, 45.72313, -1796.48596191], [-120.9252, 45.72193, -1818.35644531], [-120.92958, 45.72951, -2148.73144531]]], [[[-120.92958, 45.72951, -2148.73144531], [-120.9433, 45.7313, -2154.1472168], [-120.93884, 45.72313, -1796.48596191], [-120.92958, 45.72951, -2148.73144531]]], [[[-120.93403, 45.73782, -2512.85205078], [-120.9433, 45.7313, -2154.1472168], [-120.92958, 45.72951, -2148.73144531], [-120.93403, 45.73782, -2512.85205078]]], [[[-120.93784, 45.74535, -2844.53320312], [-120.94765, 45.73935, -2507.0456543], [-120.93403, 45.73782, -2512.85205078], [-120.93784, 45.74535, -2844.53320312]]], [[[-121.03824, 45.88207, -8721.30761719], [-121.02863, 45.88851, -9043.39160156], [-121.04229, 45.89022, -9074.14550781], [-121.03824, 45.88207, -8721.30761719]]], [[[-121.09052, 46.08329, -17150.015625], [-121.0751, 46.08993, -17127.328125], [-121.08837, 46.09247, -17403.98828125], [-121.09052, 46.08329, -17150.015625]]], [[[-120.93784, 45.74535, -2844.53320312], [-120.95162, 45.74675, -2831.22412109], [-120.94765, 45.73935, -2507.0456543], [-120.93784, 45.74535, -2844.53320312]]], [[[-121.09307, 46.00657, -14218.32421875], [-121.10673, 46.00812, -14236.796875], [-121.10284, 46.00035, -13894.875], [-121.09307, 46.00657, -14218.32421875]]], [[[-120.9425, 45.75333, -3191.80932617], [-120.95162, 45.74675, -2831.22412109], [-120.93784, 45.74535, -2844.53320312], [-120.9425, 45.75333, -3191.80932617]]], [[[-120.9425, 45.75333, -3191.80932617], [-120.95614, 45.75514, -3199.29492188], [-120.95162, 45.74675, -2831.22412109], [-120.9425, 45.75333, -3191.80932617]]], [[[-120.94652, 45.76143, -3549.38867188], [-120.95614, 45.75514, -3199.29492188], [-120.9425, 45.75333, -3191.80932617], [-120.94652, 45.76143, -3549.38867188]]], [[[-120.94652, 45.76143, -3549.38867188], [-120.96019, 45.7625, -3521.59423828], [-120.95614, 45.75514, -3199.29492188], [-120.94652, 45.76143, -3549.38867188]]], [[[-120.95086, 45.76886, -3872.85498047], [-120.96019, 45.7625, -3521.59423828], [-120.94652, 45.76143, -3549.38867188], [-120.95086, 45.76886, -3872.85498047]]], [[[-120.95086, 45.76886, -3872.85498047], [-120.96455, 45.77058, -3875.37866211], [-120.96019, 45.7625, -3521.59423828], [-120.95086, 45.76886, -3872.85498047]]], [[[-120.95536, 45.77718, -4237.38476562], [-120.96455, 45.77058, -3875.37866211], [-120.95086, 45.76886, -3872.85498047], [-120.95536, 45.77718, -4237.38476562]]], [[[-120.95536, 45.77718, -4237.38476562], [-120.96896, 45.7788, -4235.76269531], [-120.96455, 45.77058, -3875.37866211], [-120.95536, 45.77718, -4237.38476562]]], [[[-120.95916, 45.78485, -4575.56933594], [-120.96896, 45.7788, -4235.76269531], [-120.95536, 45.77718, -4237.38476562], [-120.95916, 45.78485, -4575.56933594]]], [[[-120.95916, 45.78485, -4575.56933594], [-120.97297, 45.78615, -4557.97802734], [-120.96896, 45.7788, -4235.76269531], [-120.95916, 45.78485, -4575.56933594]]], [[[-120.9638, 45.79268, -4916.13574219], [-120.97297, 45.78615, -4557.97802734], [-120.95916, 45.78485, -4575.56933594], [-120.9638, 45.79268, -4916.13574219]]], [[[-120.9638, 45.79268, -4916.13574219], [-120.97751, 45.79449, -4923.31396484], [-120.97297, 45.78615, -4557.97802734], [-120.9638, 45.79268, -4916.13574219]]], [[[-120.96795, 45.80084, -5275.33496094], [-120.97751, 45.79449, -4923.31396484], [-120.9638, 45.79268, -4916.13574219], [-120.96795, 45.80084, -5275.33496094]]], [[[-120.96795, 45.80084, -5275.33496094], [-120.98161, 45.802, -5252.30224609], [-120.97751, 45.79449, -4923.31396484], [-120.96795, 45.80084, -5275.33496094]]], [[[-120.96795, 45.80084, -5275.33496094], [-120.9721, 45.80826, -5599.58984375], [-120.98161, 45.802, -5252.30224609], [-120.96795, 45.80084, -5275.33496094]]], [[[-120.7866, 45.74695, -479.64282227], [-120.78714, 45.73695, -150.83744812], [-120.77566, 45.74073, -88.75637817], [-120.7866, 45.74695, -479.64282227]]], [[[-120.93326, 45.90549, -8533.75683594], [-120.94687, 45.9067, -8675.67480469], [-120.94261, 45.89855, -8323.52246094], [-120.93326, 45.90549, -8533.75683594]]], [[[-120.96795, 45.80084, -5275.33496094], [-120.9585, 45.8075, -5471.91162109], [-120.9721, 45.80826, -5599.58984375], [-120.96795, 45.80084, -5275.33496094]]], [[[-120.96795, 45.80084, -5275.33496094], [-120.9544, 45.79959, -5129.05029297], [-120.9585, 45.8075, -5471.91162109], [-120.96795, 45.80084, -5275.33496094]]], [[[-120.9544, 45.79959, -5129.05029297], [-120.96795, 45.80084, -5275.33496094], [-120.9638, 45.79268, -4916.13574219], [-120.9544, 45.79959, -5129.05029297]]], [[[-120.95001, 45.79179, -4786.70947266], [-120.9544, 45.79959, -5129.05029297], [-120.9638, 45.79268, -4916.13574219], [-120.95001, 45.79179, -4786.70947266]]], [[[-120.94092, 45.79908, -4871.41845703], [-120.9544, 45.79959, -5129.05029297], [-120.95001, 45.79179, -4786.70947266], [-120.94092, 45.79908, -4871.41845703]]], [[[-120.94516, 45.80687, -5211.07714844], [-120.9544, 45.79959, -5129.05029297], [-120.94092, 45.79908, -4871.41845703], [-120.94516, 45.80687, -5211.07714844]]], [[[-120.94516, 45.80687, -5211.07714844], [-120.94952, 45.81478, -5556.89697266], [-120.9585, 45.8075, -5471.91162109], [-120.94516, 45.80687, -5211.07714844]]], [[[-120.94516, 45.80687, -5211.07714844], [-120.93625, 45.8142, -5263.33886719], [-120.94952, 45.81478, -5556.89697266], [-120.94516, 45.80687, -5211.07714844]]], [[[-120.94516, 45.80687, -5211.07714844], [-120.93186, 45.80651, -4923.53173828], [-120.93625, 45.8142, -5263.33886719], [-120.94516, 45.80687, -5211.07714844]]], [[[-120.93186, 45.80651, -4923.53173828], [-120.94516, 45.80687, -5211.07714844], [-120.94092, 45.79908, -4871.41845703], [-120.93186, 45.80651, -4923.53173828]]], [[[-120.92754, 45.79832, -4569.01953125], [-120.93186, 45.80651, -4923.53173828], [-120.94092, 45.79908, -4871.41845703], [-120.92754, 45.79832, -4569.01953125]]], [[[-120.91841, 45.8055, -4690.49755859], [-120.93186, 45.80651, -4923.53173828], [-120.92754, 45.79832, -4569.01953125], [-120.91841, 45.8055, -4690.49755859]]], [[[-121.12083, 46.08941, -17877.1953125], [-121.11284, 46.09187, -17866.15820312], [-121.12219, 46.09539, -18116.87890625], [-121.12083, 46.08941, -17877.1953125]]], [[[-120.92275, 45.81373, -5048.40771484], [-120.93186, 45.80651, -4923.53173828], [-120.91841, 45.8055, -4690.49755859], [-120.92275, 45.81373, -5048.40771484]]], [[[-120.73774, 45.76254, -1064.68945312], [-120.73876, 45.7535, -647.62054443], [-120.72825, 45.75619, -687.6751709], [-120.73774, 45.76254, -1064.68945312]]], [[[-121.05872, 45.94364, -11459.72070312], [-121.07234, 45.94502, -11470.07324219], [-121.06846, 45.93752, -11143.01171875], [-121.05872, 45.94364, -11459.72070312]]], [[[-120.92275, 45.81373, -5048.40771484], [-120.93625, 45.8142, -5263.33886719], [-120.93186, 45.80651, -4923.53173828], [-120.92275, 45.81373, -5048.40771484]]], [[[-120.92682, 45.82117, -5373.26904297], [-120.93625, 45.8142, -5263.33886719], [-120.92275, 45.81373, -5048.40771484], [-120.92682, 45.82117, -5373.26904297]]], [[[-120.92682, 45.82117, -5373.26904297], [-120.94036, 45.82202, -5601.39648438], [-120.93625, 45.8142, -5263.33886719], [-120.92682, 45.82117, -5373.26904297]]], [[[-120.92682, 45.82117, -5373.26904297], [-120.93142, 45.82935, -5732.44335938], [-120.94036, 45.82202, -5601.39648438], [-120.92682, 45.82117, -5373.26904297]]], [[[-120.92682, 45.82117, -5373.26904297], [-120.918, 45.82845, -5502.82519531], [-120.93142, 45.82935, -5732.44335938], [-120.92682, 45.82117, -5373.26904297]]], [[[-120.918, 45.82845, -5502.82519531], [-120.92682, 45.82117, -5373.26904297], [-120.91321, 45.82069, -5155.72802734], [-120.918, 45.82845, -5502.82519531]]], [[[-120.9044, 45.82801, -5251.77636719], [-120.918, 45.82845, -5502.82519531], [-120.91321, 45.82069, -5155.72802734], [-120.9044, 45.82801, -5251.77636719]]], [[[-120.9044, 45.82801, -5251.77636719], [-120.90871, 45.83563, -5587.37402344], [-120.918, 45.82845, -5502.82519531], [-120.9044, 45.82801, -5251.77636719]]], [[[-120.72825, 45.75619, -687.6751709], [-120.72918, 45.74691, -383.12078857], [-120.71838, 45.75057, -327.75622559], [-120.72825, 45.75619, -687.6751709]]], [[[-121.0578, 45.96596, -12508.48925781], [-121.07157, 45.96724, -12494.37597656], [-121.06753, 45.95983, -12169.46289062], [-121.0578, 45.96596, -12508.48925781]]], [[[-120.89506, 45.8349, -5452.19287109], [-120.90871, 45.83563, -5587.37402344], [-120.9044, 45.82801, -5251.77636719], [-120.89506, 45.8349, -5452.19287109]]], [[[-120.6913, 45.77585, -1129.66601562], [-120.70346, 45.77244, -1003.95184326], [-120.69279, 45.7669, -740.96942139], [-120.6913, 45.77585, -1129.66601562]]], [[[-120.91399, 45.94308, -9500.93066406], [-120.89949, 45.94348, -9163.30371094], [-120.90413, 45.95124, -9508.67382812], [-120.91399, 45.94308, -9500.93066406]]], [[[-120.89506, 45.8349, -5452.19287109], [-120.89916, 45.84253, -5785.18457031], [-120.90871, 45.83563, -5587.37402344], [-120.89506, 45.8349, -5452.19287109]]], [[[-120.88555, 45.84184, -5635.89160156], [-120.89916, 45.84253, -5785.18457031], [-120.89506, 45.8349, -5452.19287109], [-120.88555, 45.84184, -5635.89160156]]], [[[-120.88982, 45.84949, -5970.18115234], [-120.89916, 45.84253, -5785.18457031], [-120.88555, 45.84184, -5635.89160156], [-120.88982, 45.84949, -5970.18115234]]], [[[-120.88982, 45.84949, -5970.18115234], [-120.90347, 45.85047, -6131.61279297], [-120.89916, 45.84253, -5785.18457031], [-120.88982, 45.84949, -5970.18115234]]], [[[-120.72718, 45.76568, -995.95458984], [-120.72503, 45.77471, -1305.39111328], [-120.73693, 45.77206, -1379.55029297], [-120.72718, 45.76568, -995.95458984]]], [[[-120.9248, 45.88986, -7851.31054688], [-120.92895, 45.89749, -8184.78857422], [-120.93862, 45.89082, -7990.44091797], [-120.9248, 45.88986, -7851.31054688]]], [[[-120.89414, 45.85735, -6312.55273438], [-120.90347, 45.85047, -6131.61279297], [-120.88982, 45.84949, -5970.18115234], [-120.89414, 45.85735, -6312.55273438]]], [[[-120.89414, 45.85735, -6312.55273438], [-120.90779, 45.85817, -6468.41845703], [-120.90347, 45.85047, -6131.61279297], [-120.89414, 45.85735, -6312.55273438]]], [[[-120.89414, 45.85735, -6312.55273438], [-120.89838, 45.86523, -6655.10791016], [-120.90779, 45.85817, -6468.41845703], [-120.89414, 45.85735, -6312.55273438]]], [[[-120.88495, 45.8645, -6438.82861328], [-120.89838, 45.86523, -6655.10791016], [-120.89414, 45.85735, -6312.55273438], [-120.88495, 45.8645, -6438.82861328]]], [[[-120.88495, 45.8645, -6438.82861328], [-120.88917, 45.87241, -6782.11865234], [-120.89838, 45.86523, -6655.10791016], [-120.88495, 45.8645, -6438.82861328]]], [[[-120.87579, 45.87215, -6433.22216797], [-120.88917, 45.87241, -6782.11865234], [-120.88495, 45.8645, -6438.82861328], [-120.87579, 45.87215, -6433.22216797]]], [[[-120.87969, 45.88, -6758.91748047], [-120.88917, 45.87241, -6782.11865234], [-120.87579, 45.87215, -6433.22216797], [-120.87969, 45.88, -6758.91748047]]], [[[-120.87969, 45.88, -6758.91748047], [-120.89338, 45.88014, -7118.98095703], [-120.88917, 45.87241, -6782.11865234], [-120.87969, 45.88, -6758.91748047]]], [[[-120.87969, 45.88, -6758.91748047], [-120.88423, 45.8878, -7110.79589844], [-120.89338, 45.88014, -7118.98095703], [-120.87969, 45.88, -6758.91748047]]], [[[-120.87969, 45.88, -6758.91748047], [-120.86976, 45.88826, -6758.13720703], [-120.88423, 45.8878, -7110.79589844], [-120.87969, 45.88, -6758.91748047]]], [[[-120.87969, 45.88, -6758.91748047], [-120.86527, 45.88047, -6413.11132812], [-120.86976, 45.88826, -6758.13720703], [-120.87969, 45.88, -6758.91748047]]], [[[-120.86527, 45.88047, -6413.11132812], [-120.87969, 45.88, -6758.91748047], [-120.87579, 45.87215, -6433.22216797], [-120.86527, 45.88047, -6413.11132812]]], [[[-120.63946, 45.78206, -845.13769531], [-120.6253, 45.78343, -703.63098145], [-120.62986, 45.79119, -1047.58581543], [-120.63946, 45.78206, -845.13769531]]], [[[-121.07157, 45.96724, -12494.37597656], [-121.08129, 45.96094, -12167.25488281], [-121.06753, 45.95983, -12169.46289062], [-121.07157, 45.96724, -12494.37597656]]], [[[-120.86137, 45.87273, -6082.20654297], [-120.86527, 45.88047, -6413.11132812], [-120.87579, 45.87215, -6433.22216797], [-120.86137, 45.87273, -6082.20654297]]], [[[-120.85056, 45.88169, -6245.49121094], [-120.86527, 45.88047, -6413.11132812], [-120.86137, 45.87273, -6082.20654297], [-120.85056, 45.88169, -6245.49121094]]], [[[-120.67408, 45.80184, -1745.26916504], [-120.66115, 45.80044, -1737.7121582], [-120.6649, 45.80912, -2106.87182617], [-120.67408, 45.80184, -1745.26916504]]], [[[-120.92132, 45.85929, -6613.89599609], [-120.93469, 45.86, -6871.02587891], [-120.9307, 45.85207, -6530.19873047], [-120.92132, 45.85929, -6613.89599609]]], [[[-120.85503, 45.88932, -6583.41210938], [-120.86527, 45.88047, -6413.11132812], [-120.85056, 45.88169, -6245.49121094], [-120.85503, 45.88932, -6583.41210938]]], [[[-120.86527, 45.88047, -6413.11132812], [-120.85503, 45.88932, -6583.41210938], [-120.86976, 45.88826, -6758.13720703], [-120.86527, 45.88047, -6413.11132812]]], [[[-120.64626, 45.82313, -2420.73657227], [-120.63718, 45.83031, -2493.48046875], [-120.65067, 45.83056, -2751.13647461], [-120.64626, 45.82313, -2420.73657227]]], [[[-120.92052, 45.88187, -7502.80224609], [-120.93018, 45.87506, -7306.20605469], [-120.91651, 45.87419, -7167.82226562], [-120.92052, 45.88187, -7502.80224609]]], [[[-120.8594, 45.89734, -6934.79296875], [-120.86976, 45.88826, -6758.13720703], [-120.85503, 45.88932, -6583.41210938], [-120.8594, 45.89734, -6934.79296875]]], [[[-120.70451, 45.85736, -4165.86865234], [-120.69081, 45.85625, -4157.01318359], [-120.69493, 45.86361, -4477.71533203], [-120.70451, 45.85736, -4165.86865234]]], [[[-120.91895, 45.9277, -9185.64355469], [-120.92807, 45.92041, -9051.90625], [-120.91447, 45.91948, -8827.39453125], [-120.91895, 45.9277, -9185.64355469]]], [[[-120.8594, 45.89734, -6934.79296875], [-120.87379, 45.89615, -7096.49951172], [-120.86976, 45.88826, -6758.13720703], [-120.8594, 45.89734, -6934.79296875]]], [[[-120.86347, 45.9053, -7280.28369141], [-120.87379, 45.89615, -7096.49951172], [-120.8594, 45.89734, -6934.79296875], [-120.86347, 45.9053, -7280.28369141]]], [[[-120.86347, 45.9053, -7280.28369141], [-120.87805, 45.90409, -7441.67382812], [-120.87379, 45.89615, -7096.49951172], [-120.86347, 45.9053, -7280.28369141]]], [[[-120.86795, 45.91293, -7618.47802734], [-120.87805, 45.90409, -7441.67382812], [-120.86347, 45.9053, -7280.28369141], [-120.86795, 45.91293, -7618.47802734]]], [[[-120.73774, 45.76254, -1064.68945312], [-120.72825, 45.75619, -687.6751709], [-120.72718, 45.76568, -995.95458984], [-120.73774, 45.76254, -1064.68945312]]], [[[-120.91969, 45.90464, -8368.06445312], [-120.93326, 45.90549, -8533.75683594], [-120.92895, 45.89749, -8184.78857422], [-120.91969, 45.90464, -8368.06445312]]], [[[-120.87805, 45.90409, -7441.67382812], [-120.86795, 45.91293, -7618.47802734], [-120.8826, 45.91184, -7786.43603516], [-120.87805, 45.90409, -7441.67382812]]], [[[-120.68702, 45.82611, -2805.55834961], [-120.67338, 45.82445, -2774.28930664], [-120.67792, 45.83281, -3137.30273438], [-120.68702, 45.82611, -2805.55834961]]], [[[-120.88926, 45.95208, -9333.33789062], [-120.89949, 45.94348, -9163.30371094], [-120.88493, 45.94431, -8991.99023438], [-120.88926, 45.95208, -9333.33789062]]], [[[-120.87805, 45.90409, -7441.67382812], [-120.8826, 45.91184, -7786.43603516], [-120.89252, 45.90359, -7784.70605469], [-120.87805, 45.90409, -7441.67382812]]], [[[-120.82891, 45.7362, -1047.93469238], [-120.81698, 45.73311, -774.23931885], [-120.81803, 45.74278, -1119.54626465], [-120.82891, 45.7362, -1047.93469238]]], [[[-120.92392, 45.91247, -8708.58203125], [-120.91447, 45.91948, -8827.39453125], [-120.92807, 45.92041, -9051.90625], [-120.92392, 45.91247, -8708.58203125]]], [[[-120.87805, 45.90409, -7441.67382812], [-120.89252, 45.90359, -7784.70605469], [-120.88797, 45.8958, -7432.61132812], [-120.87805, 45.90409, -7441.67382812]]], [[[-120.87805, 45.90409, -7441.67382812], [-120.88797, 45.8958, -7432.61132812], [-120.87379, 45.89615, -7096.49951172], [-120.87805, 45.90409, -7441.67382812]]], [[[-120.87379, 45.89615, -7096.49951172], [-120.88797, 45.8958, -7432.61132812], [-120.88423, 45.8878, -7110.79589844], [-120.87379, 45.89615, -7096.49951172]]], [[[-120.87379, 45.89615, -7096.49951172], [-120.88423, 45.8878, -7110.79589844], [-120.86976, 45.88826, -6758.13720703], [-120.87379, 45.89615, -7096.49951172]]], [[[-120.88423, 45.8878, -7110.79589844], [-120.88797, 45.8958, -7432.61132812], [-120.89767, 45.88827, -7470.91113281], [-120.88423, 45.8878, -7110.79589844]]], [[[-120.88423, 45.8878, -7110.79589844], [-120.89767, 45.88827, -7470.91113281], [-120.89338, 45.88014, -7118.98095703], [-120.88423, 45.8878, -7110.79589844]]], [[[-121.08031, 45.98318, -13192.95605469], [-121.09397, 45.98439, -13195.96386719], [-121.08993, 45.97699, -12871.4609375], [-121.08031, 45.98318, -13192.95605469]]], [[[-120.89767, 45.88827, -7470.91113281], [-120.90695, 45.88101, -7341.52197266], [-120.89338, 45.88014, -7118.98095703], [-120.89767, 45.88827, -7470.91113281]]], [[[-120.90695, 45.88101, -7341.52197266], [-120.89767, 45.88827, -7470.91113281], [-120.91118, 45.88888, -7683.11035156], [-120.90695, 45.88101, -7341.52197266]]], [[[-121.05462, 45.93619, -11133.5078125], [-121.06846, 45.93752, -11143.01171875], [-121.06372, 45.92953, -10792.02050781], [-121.05462, 45.93619, -11133.5078125]]], [[[-121.07679, 45.95334, -11835.27148438], [-121.09061, 45.95419, -11935.91699219], [-121.08613, 45.94637, -11594.24609375], [-121.07679, 45.95334, -11835.27148438]]], [[[-120.90695, 45.88101, -7341.52197266], [-120.91118, 45.88888, -7683.11035156], [-120.92052, 45.88187, -7502.80224609], [-120.90695, 45.88101, -7341.52197266]]], [[[-120.99675, 46.09088, -16016.75390625], [-120.98732, 46.0991, -16008.58691406], [-121.00032, 46.10066, -16365.20507812], [-120.99675, 46.09088, -16016.75390625]]], [[[-120.92557, 45.86721, -6957.96533203], [-120.93469, 45.86, -6871.02587891], [-120.92132, 45.85929, -6613.89599609], [-120.92557, 45.86721, -6957.96533203]]], [[[-121.09397, 45.98439, -13195.96386719], [-121.10363, 45.97781, -12967.50390625], [-121.08993, 45.97699, -12871.4609375], [-121.09397, 45.98439, -13195.96386719]]], [[[-121.01764, 45.82032, -6090.67382812], [-121.02179, 45.82822, -6435.22900391], [-121.03119, 45.82169, -6139.48388672], [-121.01764, 45.82032, -6090.67382812]]], [[[-120.90088, 45.91937, -8461.37792969], [-120.91038, 45.91178, -8493.83398438], [-120.89681, 45.91154, -8128.74169922], [-120.90088, 45.91937, -8461.37792969]]], [[[-120.90695, 45.88101, -7341.52197266], [-120.92052, 45.88187, -7502.80224609], [-120.91651, 45.87419, -7167.82226562], [-120.90695, 45.88101, -7341.52197266]]], [[[-121.00606, 46.03931, -14377.93554688], [-121.01978, 46.04037, -14502.51171875], [-121.01575, 46.03265, -14168.55371094], [-121.00606, 46.03931, -14377.93554688]]], [[[-120.91651, 45.87419, -7167.82226562], [-120.93018, 45.87506, -7306.20605469], [-120.92557, 45.86721, -6957.96533203], [-120.91651, 45.87419, -7167.82226562]]], [[[-121.06241, 45.97376, -12850.54882812], [-121.06659, 45.98195, -13206.97753906], [-121.07615, 45.9756, -12860.90136719], [-121.06241, 45.97376, -12850.54882812]]], [[[-120.90023, 45.68851, -348.21084595], [-120.88836, 45.68394, -42.98762131], [-120.89022, 45.69287, -385.24090576], [-120.90023, 45.68851, -348.21084595]]], [[[-120.93018, 45.87506, -7306.20605469], [-120.94351, 45.87592, -7567.51171875], [-120.93917, 45.86772, -7211.87597656], [-120.93018, 45.87506, -7306.20605469]]], [[[-120.90273, 45.87315, -7000.06738281], [-120.90695, 45.88101, -7341.52197266], [-120.91651, 45.87419, -7167.82226562], [-120.90273, 45.87315, -7000.06738281]]], [[[-121.01033, 46.04723, -14724.03613281], [-121.01469, 46.05512, -15068.08789062], [-121.024, 46.0485, -14854.58398438], [-121.01033, 46.04723, -14724.03613281]]], [[[-120.91038, 45.91178, -8493.83398438], [-120.92392, 45.91247, -8708.58203125], [-120.91969, 45.90464, -8368.06445312], [-120.91038, 45.91178, -8493.83398438]]], [[[-121.08521, 45.96882, -12514.21386719], [-121.09908, 45.96999, -12625.85449219], [-121.09489, 45.9621, -12281.40429688], [-121.08521, 45.96882, -12514.21386719]]], [[[-121.08031, 45.98318, -13192.95605469], [-121.08447, 45.99082, -13527.95507812], [-121.09397, 45.98439, -13195.96386719], [-121.08031, 45.98318, -13192.95605469]]], [[[-120.90273, 45.87315, -7000.06738281], [-120.89338, 45.88014, -7118.98095703], [-120.90695, 45.88101, -7341.52197266], [-120.90273, 45.87315, -7000.06738281]]], [[[-121.04763, 46.01891, -14184.5546875], [-121.06104, 46.01966, -14483.03613281], [-121.05668, 46.01163, -14133.40917969], [-121.04763, 46.01891, -14184.5546875]]], [[[-120.92392, 45.91247, -8708.58203125], [-120.93765, 45.91352, -8884.66113281], [-120.93326, 45.90549, -8533.75683594], [-120.92392, 45.91247, -8708.58203125]]], [[[-120.88917, 45.87241, -6782.11865234], [-120.89338, 45.88014, -7118.98095703], [-120.90273, 45.87315, -7000.06738281], [-120.88917, 45.87241, -6782.11865234]]], [[[-120.94096, 46.04611, -13457.3359375], [-120.95105, 46.03762, -13281.53417969], [-120.93658, 46.03819, -13109.85742188], [-120.94096, 46.04611, -13457.3359375]]], [[[-121.0578, 45.96596, -12508.48925781], [-121.06241, 45.97376, -12850.54882812], [-121.07157, 45.96724, -12494.37597656], [-121.0578, 45.96596, -12508.48925781]]], [[[-120.88917, 45.87241, -6782.11865234], [-120.90273, 45.87315, -7000.06738281], [-120.89838, 45.86523, -6655.10791016], [-120.88917, 45.87241, -6782.11865234]]], [[[-120.96306, 45.81533, -5817.27490234], [-120.96709, 45.82322, -6158.93408203], [-120.97677, 45.81646, -5957.50683594], [-120.96306, 45.81533, -5817.27490234]]], [[[-120.90273, 45.87315, -7000.06738281], [-120.91197, 45.86616, -6816.8125], [-120.89838, 45.86523, -6655.10791016], [-120.90273, 45.87315, -7000.06738281]]], [[[-120.98265, 45.77974, -4252.58203125], [-120.99201, 45.77301, -4025.41821289], [-120.97823, 45.77225, -3922.73242188], [-120.98265, 45.77974, -4252.58203125]]], [[[-120.9307, 45.85207, -6530.19873047], [-120.9441, 45.853, -6762.80371094], [-120.93976, 45.8448, -6405.85839844], [-120.9307, 45.85207, -6530.19873047]]], [[[-121.09824, 45.99265, -13558.671875], [-121.10768, 45.98574, -13313.58105469], [-121.09397, 45.98439, -13195.96386719], [-121.09824, 45.99265, -13558.671875]]], [[[-121.01469, 46.05512, -15068.08789062], [-121.02845, 46.057, -15223.29199219], [-121.024, 46.0485, -14854.58398438], [-121.01469, 46.05512, -15068.08789062]]], [[[-120.94261, 45.89855, -8323.52246094], [-120.95211, 45.8914, -8244.92089844], [-120.93862, 45.89082, -7990.44091797], [-120.94261, 45.89855, -8323.52246094]]], [[[-120.90273, 45.87315, -7000.06738281], [-120.91651, 45.87419, -7167.82226562], [-120.91197, 45.86616, -6816.8125], [-120.90273, 45.87315, -7000.06738281]]], [[[-120.91537, 45.75163, -2807.78344727], [-120.92436, 45.74441, -2719.01977539], [-120.91005, 45.74336, -2430.23144531], [-120.91537, 45.75163, -2807.78344727]]], [[[-120.92392, 45.91247, -8708.58203125], [-120.93326, 45.90549, -8533.75683594], [-120.91969, 45.90464, -8368.06445312], [-120.92392, 45.91247, -8708.58203125]]], [[[-120.91197, 45.86616, -6816.8125], [-120.91651, 45.87419, -7167.82226562], [-120.92557, 45.86721, -6957.96533203], [-120.91197, 45.86616, -6816.8125]]], [[[-120.90697, 45.71364, -1367.81408691], [-120.90177, 45.70669, -1048.29309082], [-120.89269, 45.71128, -1032.76025391], [-120.90697, 45.71364, -1367.81408691]]], [[[-120.92052, 45.88187, -7502.80224609], [-120.93408, 45.88297, -7643.49560547], [-120.93018, 45.87506, -7306.20605469], [-120.92052, 45.88187, -7502.80224609]]], [[[-121.09824, 45.99265, -13558.671875], [-121.11211, 45.99357, -13655.86035156], [-121.10768, 45.98574, -13313.58105469], [-121.09824, 45.99265, -13558.671875]]], [[[-120.90616, 45.75881, -2848.26757812], [-120.89696, 45.76596, -2964.88427734], [-120.91057, 45.76703, -3205.72607422], [-120.90616, 45.75881, -2848.26757812]]], [[[-120.89539, 45.93549, -8817.99121094], [-120.90963, 45.9353, -9157.38769531], [-120.90549, 45.92725, -8817.65722656], [-120.89539, 45.93549, -8817.99121094]]], [[[-120.91197, 45.86616, -6816.8125], [-120.92557, 45.86721, -6957.96533203], [-120.92132, 45.85929, -6613.89599609], [-120.91197, 45.86616, -6816.8125]]], [[[-120.86563, 45.74013, -1583.79333496], [-120.85329, 45.73612, -1223.92504883], [-120.85346, 45.74534, -1555.91870117], [-120.86563, 45.74013, -1583.79333496]]], [[[-121.07157, 45.96724, -12494.37597656], [-121.08521, 45.96882, -12514.21386719], [-121.08129, 45.96094, -12167.25488281], [-121.07157, 45.96724, -12494.37597656]]], [[[-120.91197, 45.86616, -6816.8125], [-120.92132, 45.85929, -6613.89599609], [-120.90779, 45.85817, -6468.41845703], [-120.91197, 45.86616, -6816.8125]]], [[[-120.89022, 45.69287, -385.24090576], [-120.87885, 45.68893, -23.35383987], [-120.88043, 45.69802, -350.17370605], [-120.89022, 45.69287, -385.24090576]]], [[[-120.9441, 45.853, -6762.80371094], [-120.9576, 45.85352, -6976.84667969], [-120.95325, 45.84576, -6635.67041016], [-120.9441, 45.853, -6762.80371094]]], [[[-120.89838, 45.86523, -6655.10791016], [-120.91197, 45.86616, -6816.8125], [-120.90779, 45.85817, -6468.41845703], [-120.89838, 45.86523, -6655.10791016]]], [[[-120.83219, 45.77753, -2549.36352539], [-120.84652, 45.77903, -2847.28955078], [-120.83998, 45.77016, -2441.16455078], [-120.83219, 45.77753, -2549.36352539]]], [[[-120.90622, 45.90386, -8151.27099609], [-120.91038, 45.91178, -8493.83398438], [-120.91969, 45.90464, -8368.06445312], [-120.90622, 45.90386, -8151.27099609]]], [[[-121.07615, 45.9756, -12860.90136719], [-121.08031, 45.98318, -13192.95605469], [-121.08993, 45.97699, -12871.4609375], [-121.07615, 45.9756, -12860.90136719]]], [[[-120.90331, 45.7271, -1764.59008789], [-120.91117, 45.72078, -1683.4519043], [-120.89496, 45.7203, -1372.21057129], [-120.90331, 45.7271, -1764.59008789]]], [[[-120.89681, 45.91154, -8128.74169922], [-120.91038, 45.91178, -8493.83398438], [-120.90622, 45.90386, -8151.27099609], [-120.89681, 45.91154, -8128.74169922]]], [[[-120.90779, 45.85817, -6468.41845703], [-120.92132, 45.85929, -6613.89599609], [-120.91725, 45.85136, -6272.58251953], [-120.90779, 45.85817, -6468.41845703]]], [[[-120.92385, 45.76742, -3494.16845703], [-120.93713, 45.76818, -3755.23730469], [-120.93298, 45.76019, -3408.71142578], [-120.92385, 45.76742, -3494.16845703]]], [[[-121.09489, 45.9621, -12281.40429688], [-121.1085, 45.96345, -12341.83886719], [-121.1042, 45.95558, -11997.26367188], [-121.09489, 45.9621, -12281.40429688]]], [[[-121.07615, 45.9756, -12860.90136719], [-121.08993, 45.97699, -12871.4609375], [-121.08521, 45.96882, -12514.21386719], [-121.07615, 45.9756, -12860.90136719]]], [[[-120.90158, 45.75017, -2473.86132812], [-120.91005, 45.74336, -2430.23144531], [-120.89429, 45.74021, -2000.3449707], [-120.90158, 45.75017, -2473.86132812]]], [[[-120.89539, 45.93549, -8817.99121094], [-120.90549, 45.92725, -8817.65722656], [-120.89107, 45.92759, -8472.45703125], [-120.89539, 45.93549, -8817.99121094]]], [[[-120.90779, 45.85817, -6468.41845703], [-120.91725, 45.85136, -6272.58251953], [-120.90347, 45.85047, -6131.61279297], [-120.90779, 45.85817, -6468.41845703]]], [[[-120.90347, 45.85047, -6131.61279297], [-120.91725, 45.85136, -6272.58251953], [-120.91273, 45.84359, -5928.40039062], [-120.90347, 45.85047, -6131.61279297]]], [[[-120.8932, 45.73046, -1663.1315918], [-120.89429, 45.74021, -2000.3449707], [-120.90621, 45.73538, -2092.51708984], [-120.8932, 45.73046, -1663.1315918]]], [[[-120.92557, 45.86721, -6957.96533203], [-120.93917, 45.86772, -7211.87597656], [-120.93469, 45.86, -6871.02587891], [-120.92557, 45.86721, -6957.96533203]]], [[[-120.89916, 45.84253, -5785.18457031], [-120.90347, 45.85047, -6131.61279297], [-120.91273, 45.84359, -5928.40039062], [-120.89916, 45.84253, -5785.18457031]]], [[[-120.89916, 45.84253, -5785.18457031], [-120.91273, 45.84359, -5928.40039062], [-120.90871, 45.83563, -5587.37402344], [-120.89916, 45.84253, -5785.18457031]]], [[[-121.02552, 45.85862, -7697.41796875], [-121.0391, 45.8597, -7810.06201172], [-121.03475, 45.85181, -7465.31542969], [-121.02552, 45.85862, -7697.41796875]]], [[[-120.92392, 45.91247, -8708.58203125], [-120.92807, 45.92041, -9051.90625], [-120.93765, 45.91352, -8884.66113281], [-120.92392, 45.91247, -8708.58203125]]], [[[-121.08521, 45.96882, -12514.21386719], [-121.08993, 45.97699, -12871.4609375], [-121.09908, 45.96999, -12625.85449219], [-121.08521, 45.96882, -12514.21386719]]], [[[-120.8922, 45.75753, -2594.42651367], [-120.90616, 45.75881, -2848.26757812], [-120.90158, 45.75017, -2473.86132812], [-120.8922, 45.75753, -2594.42651367]]], [[[-120.92392, 45.91247, -8708.58203125], [-120.91038, 45.91178, -8493.83398438], [-120.91447, 45.91948, -8827.39453125], [-120.92392, 45.91247, -8708.58203125]]], [[[-120.91273, 45.84359, -5928.40039062], [-120.92203, 45.83652, -5849.10449219], [-120.90871, 45.83563, -5587.37402344], [-120.91273, 45.84359, -5928.40039062]]], [[[-120.91273, 45.84359, -5928.40039062], [-120.92613, 45.84402, -6176.41650391], [-120.92203, 45.83652, -5849.10449219], [-120.91273, 45.84359, -5928.40039062]]], [[[-120.91273, 45.84359, -5928.40039062], [-120.91725, 45.85136, -6272.58251953], [-120.92613, 45.84402, -6176.41650391], [-120.91273, 45.84359, -5928.40039062]]], [[[-120.9134, 45.70432, -1061.37255859], [-120.91031, 45.69518, -649.10284424], [-120.90081, 45.6983, -722.5579834], [-120.9134, 45.70432, -1061.37255859]]], [[[-120.88493, 45.94431, -8991.99023438], [-120.89949, 45.94348, -9163.30371094], [-120.89539, 45.93549, -8817.99121094], [-120.88493, 45.94431, -8991.99023438]]], [[[-120.91725, 45.85136, -6272.58251953], [-120.9307, 45.85207, -6530.19873047], [-120.92613, 45.84402, -6176.41650391], [-120.91725, 45.85136, -6272.58251953]]], [[[-121.07679, 45.95334, -11835.27148438], [-121.08129, 45.96094, -12167.25488281], [-121.09061, 45.95419, -11935.91699219], [-121.07679, 45.95334, -11835.27148438]]], [[[-120.94092, 45.79908, -4871.41845703], [-120.95001, 45.79179, -4786.70947266], [-120.93664, 45.79108, -4524.28662109], [-120.94092, 45.79908, -4871.41845703]]], [[[-121.06846, 45.93752, -11143.01171875], [-121.05462, 45.93619, -11133.5078125], [-121.05872, 45.94364, -11459.72070312], [-121.06846, 45.93752, -11143.01171875]]], [[[-120.91725, 45.85136, -6272.58251953], [-120.92132, 45.85929, -6613.89599609], [-120.9307, 45.85207, -6530.19873047], [-120.91725, 45.85136, -6272.58251953]]], [[[-120.86782, 45.73135, -1309.57971191], [-120.88167, 45.72583, -1290.57568359], [-120.86927, 45.72207, -1002.12426758], [-120.86782, 45.73135, -1309.57971191]]], [[[-121.07615, 45.9756, -12860.90136719], [-121.08521, 45.96882, -12514.21386719], [-121.07157, 45.96724, -12494.37597656], [-121.07615, 45.9756, -12860.90136719]]], [[[-121.01576, 45.86486, -8007.10009766], [-121.02028, 45.87308, -8367.05371094], [-121.02938, 45.86637, -8033.06201172], [-121.01576, 45.86486, -8007.10009766]]], [[[-120.92557, 45.86721, -6957.96533203], [-120.93018, 45.87506, -7306.20605469], [-120.93917, 45.86772, -7211.87597656], [-120.92557, 45.86721, -6957.96533203]]], [[[-121.01095, 45.87957, -8724.07324219], [-121.02028, 45.87308, -8367.05371094], [-121.00653, 45.87129, -8360.77441406], [-121.01095, 45.87957, -8724.07324219]]], [[[-121.07234, 45.94502, -11470.07324219], [-121.08613, 45.94637, -11594.24609375], [-121.08209, 45.93845, -11248.45703125], [-121.07234, 45.94502, -11470.07324219]]], [[[-120.7866, 45.74695, -479.64282227], [-120.79758, 45.74135, -517.3079834], [-120.78714, 45.73695, -150.83744812], [-120.7866, 45.74695, -479.64282227]]], [[[-120.9248, 45.88986, -7851.31054688], [-120.93408, 45.88297, -7643.49560547], [-120.92052, 45.88187, -7502.80224609], [-120.9248, 45.88986, -7851.31054688]]], [[[-120.9805, 45.99233, -12326.13574219], [-120.98977, 45.98547, -12108.125], [-120.97613, 45.98437, -11978.47949219], [-120.9805, 45.99233, -12326.13574219]]], [[[-120.9248, 45.88986, -7851.31054688], [-120.93862, 45.89082, -7990.44091797], [-120.93408, 45.88297, -7643.49560547], [-120.9248, 45.88986, -7851.31054688]]], [[[-121.03036, 45.84397, -7122.79394531], [-121.04405, 45.84532, -7173.20947266], [-121.03976, 45.83745, -6828.63427734], [-121.03036, 45.84397, -7122.79394531]]], [[[-120.9152, 45.89661, -8017.45703125], [-120.92895, 45.89749, -8184.78857422], [-120.9248, 45.88986, -7851.31054688], [-120.9152, 45.89661, -8017.45703125]]], [[[-120.72503, 45.77471, -1305.39111328], [-120.72718, 45.76568, -995.95458984], [-120.71488, 45.76878, -973.37017822], [-120.72503, 45.77471, -1305.39111328]]], [[[-120.91969, 45.90464, -8368.06445312], [-120.92895, 45.89749, -8184.78857422], [-120.9152, 45.89661, -8017.45703125], [-120.91969, 45.90464, -8368.06445312]]], [[[-120.97338, 46.09739, -15741.91894531], [-120.98732, 46.0991, -16008.58691406], [-120.98345, 46.09021, -15638.67578125], [-120.97338, 46.09739, -15741.91894531]]], [[[-121.06753, 45.95983, -12169.46289062], [-121.07679, 45.95334, -11835.27148438], [-121.06308, 45.95159, -11808.29882812], [-121.06753, 45.95983, -12169.46289062]]], [[[-120.89132, 45.70207, -706.43035889], [-120.90081, 45.6983, -722.5579834], [-120.89022, 45.69287, -385.24090576], [-120.89132, 45.70207, -706.43035889]]], [[[-120.90088, 45.91937, -8461.37792969], [-120.91447, 45.91948, -8827.39453125], [-120.91038, 45.91178, -8493.83398438], [-120.90088, 45.91937, -8461.37792969]]], [[[-121.01033, 46.04723, -14724.03613281], [-121.01978, 46.04037, -14502.51171875], [-121.00606, 46.03931, -14377.93554688], [-121.01033, 46.04723, -14724.03613281]]], [[[-120.90088, 45.91937, -8461.37792969], [-120.90549, 45.92725, -8817.65722656], [-120.91447, 45.91948, -8827.39453125], [-120.90088, 45.91937, -8461.37792969]]], [[[-121.03411, 46.01832, -13978.58203125], [-121.04335, 46.01126, -13848.78320312], [-121.02981, 46.01049, -13636.65136719], [-121.03411, 46.01832, -13978.58203125]]], [[[-120.90549, 45.92725, -8817.65722656], [-120.90088, 45.91937, -8461.37792969], [-120.89107, 45.92759, -8472.45703125], [-120.90549, 45.92725, -8817.65722656]]], [[[-120.85746, 45.70894, -360.39807129], [-120.84621, 45.70435, -23.63112068], [-120.84555, 45.71365, -326.64624023], [-120.85746, 45.70894, -360.39807129]]], [[[-120.89539, 45.93549, -8817.99121094], [-120.89949, 45.94348, -9163.30371094], [-120.90963, 45.9353, -9157.38769531], [-120.89539, 45.93549, -8817.99121094]]], [[[-120.83012, 45.7456, -1412.65991211], [-120.841, 45.74067, -1332.58532715], [-120.82891, 45.7362, -1047.93469238], [-120.83012, 45.7456, -1412.65991211]]], [[[-121.06241, 45.97376, -12850.54882812], [-121.07615, 45.9756, -12860.90136719], [-121.07157, 45.96724, -12494.37597656], [-121.06241, 45.97376, -12850.54882812]]], [[[-120.77112, 45.77052, -1356.90478516], [-120.77089, 45.76159, -921.77838135], [-120.76011, 45.76473, -1119.6595459], [-120.77112, 45.77052, -1356.90478516]]], [[[-120.89949, 45.94348, -9163.30371094], [-120.88926, 45.95208, -9333.33789062], [-120.90413, 45.95124, -9508.67382812], [-120.89949, 45.94348, -9163.30371094]]], [[[-120.67876, 45.81029, -2113.31738281], [-120.67408, 45.80184, -1745.26916504], [-120.6649, 45.80912, -2106.87182617], [-120.67876, 45.81029, -2113.31738281]]], [[[-121.08129, 45.96094, -12167.25488281], [-121.08521, 45.96882, -12514.21386719], [-121.09489, 45.9621, -12281.40429688], [-121.08129, 45.96094, -12167.25488281]]], [[[-120.71787, 46.0019, -9785.05078125], [-120.72686, 45.99473, -9678.07519531], [-120.71359, 45.99408, -9441.61328125], [-120.71787, 46.0019, -9785.05078125]]], [[[-120.89949, 45.94348, -9163.30371094], [-120.91399, 45.94308, -9500.93066406], [-120.90963, 45.9353, -9157.38769531], [-120.89949, 45.94348, -9163.30371094]]], [[[-120.99957, 45.81155, -5639.04101562], [-121.01337, 45.81241, -5745.30566406], [-121.00893, 45.80459, -5403.43408203], [-120.99957, 45.81155, -5639.04101562]]], [[[-120.91399, 45.94308, -9500.93066406], [-120.92308, 45.93531, -9516.97753906], [-120.90963, 45.9353, -9157.38769531], [-120.91399, 45.94308, -9500.93066406]]], [[[-120.91399, 45.94308, -9500.93066406], [-120.92765, 45.9433, -9869.19335938], [-120.92308, 45.93531, -9516.97753906], [-120.91399, 45.94308, -9500.93066406]]], [[[-120.91869, 45.95091, -9860.39257812], [-120.92765, 45.9433, -9869.19335938], [-120.91399, 45.94308, -9500.93066406], [-120.91869, 45.95091, -9860.39257812]]], [[[-120.60227, 45.76493, 351.01971436], [-120.60953, 45.77258, -41.67156982], [-120.61423, 45.76194, 222.04600525], [-120.60227, 45.76493, 351.01971436]]], [[[-120.91869, 45.95091, -9860.39257812], [-120.93182, 45.95142, -10218.26660156], [-120.92765, 45.9433, -9869.19335938], [-120.91869, 45.95091, -9860.39257812]]], [[[-120.91031, 45.69518, -649.10284424], [-120.9124, 45.68725, -260.97677612], [-120.90023, 45.68851, -348.21084595], [-120.91031, 45.69518, -649.10284424]]], [[[-120.92236, 45.95898, -10179.57421875], [-120.93182, 45.95142, -10218.26660156], [-120.91869, 45.95091, -9860.39257812], [-120.92236, 45.95898, -10179.57421875]]], [[[-120.85718, 45.71812, -678.66375732], [-120.86946, 45.71287, -662.65002441], [-120.85746, 45.70894, -360.39807129], [-120.85718, 45.71812, -678.66375732]]], [[[-120.92236, 45.95898, -10179.57421875], [-120.93594, 45.95903, -10549.50488281], [-120.93182, 45.95142, -10218.26660156], [-120.92236, 45.95898, -10179.57421875]]], [[[-120.92236, 45.95898, -10179.57421875], [-120.92699, 45.96681, -10535.76660156], [-120.93594, 45.95903, -10549.50488281], [-120.92236, 45.95898, -10179.57421875]]], [[[-120.61154, 45.78269, -417.6479187], [-120.59849, 45.78266, -168.7953949], [-120.60274, 45.7905, -512.23309326], [-120.61154, 45.78269, -417.6479187]]], [[[-120.91259, 45.96709, -10198.79101562], [-120.92699, 45.96681, -10535.76660156], [-120.92236, 45.95898, -10179.57421875], [-120.91259, 45.96709, -10198.79101562]]], [[[-120.91259, 45.96709, -10198.79101562], [-120.91694, 45.97493, -10542.8046875], [-120.92699, 45.96681, -10535.76660156], [-120.91259, 45.96709, -10198.79101562]]], [[[-120.91259, 45.96709, -10198.79101562], [-120.9023, 45.97563, -10367.38867188], [-120.91694, 45.97493, -10542.8046875], [-120.91259, 45.96709, -10198.79101562]]], [[[-120.9134, 45.70432, -1061.37255859], [-120.92303, 45.69644, -632.96154785], [-120.91031, 45.69518, -649.10284424], [-120.9134, 45.70432, -1061.37255859]]], [[[-120.9023, 45.97563, -10367.38867188], [-120.91259, 45.96709, -10198.79101562], [-120.89778, 45.96783, -10022.63378906], [-120.9023, 45.97563, -10367.38867188]]], [[[-121.00632, 46.16679, -18737.59375], [-121.00746, 46.17276, -18974.87109375], [-121.01527, 46.16953, -18925.7578125], [-121.00632, 46.16679, -18737.59375]]], [[[-120.9023, 45.97563, -10367.38867188], [-120.89778, 45.96783, -10022.63378906], [-120.88734, 45.97516, -10296.04785156], [-120.9023, 45.97563, -10367.38867188]]], [[[-120.9023, 45.97563, -10367.38867188], [-120.88734, 45.97516, -10296.04785156], [-120.89186, 45.98296, -10636.35253906], [-120.9023, 45.97563, -10367.38867188]]], [[[-120.90644, 45.98357, -10712.95507812], [-120.9023, 45.97563, -10367.38867188], [-120.89186, 45.98296, -10636.35253906], [-120.90644, 45.98357, -10712.95507812]]], [[[-120.62434, 45.80682, -1465.83544922], [-120.62029, 45.79892, -1125.40551758], [-120.61124, 45.80616, -1199.10852051], [-120.62434, 45.80682, -1465.83544922]]], [[[-120.90644, 45.98357, -10712.95507812], [-120.91694, 45.97493, -10542.8046875], [-120.9023, 45.97563, -10367.38867188], [-120.90644, 45.98357, -10712.95507812]]], [[[-120.89605, 46.19763, -19051.91796875], [-120.90356, 46.19088, -19021.83789062], [-120.89087, 46.19022, -18710.953125], [-120.89605, 46.19763, -19051.91796875]]], [[[-120.91694, 45.97493, -10542.8046875], [-120.90644, 45.98357, -10712.95507812], [-120.92094, 45.98295, -10887.64453125], [-120.91694, 45.97493, -10542.8046875]]], [[[-120.93107, 45.9749, -10873.27832031], [-120.91694, 45.97493, -10542.8046875], [-120.92094, 45.98295, -10887.64453125], [-120.93107, 45.9749, -10873.27832031]]], [[[-120.91694, 45.97493, -10542.8046875], [-120.93107, 45.9749, -10873.27832031], [-120.92699, 45.96681, -10535.76660156], [-120.91694, 45.97493, -10542.8046875]]], [[[-120.93107, 45.9749, -10873.27832031], [-120.94042, 45.96729, -10908.97558594], [-120.92699, 45.96681, -10535.76660156], [-120.93107, 45.9749, -10873.27832031]]], [[[-120.94562, 45.78384, -4438.66162109], [-120.95916, 45.78485, -4575.56933594], [-120.95536, 45.77718, -4237.38476562], [-120.94562, 45.78384, -4438.66162109]]], [[[-120.93107, 45.9749, -10873.27832031], [-120.94463, 45.97491, -11242.04394531], [-120.94042, 45.96729, -10908.97558594], [-120.93107, 45.9749, -10873.27832031]]], [[[-120.93543, 45.9826, -11215.04394531], [-120.94463, 45.97491, -11242.04394531], [-120.93107, 45.9749, -10873.27832031], [-120.93543, 45.9826, -11215.04394531]]], [[[-120.93543, 45.9826, -11215.04394531], [-120.94903, 45.98276, -11586.28125], [-120.94463, 45.97491, -11242.04394531], [-120.93543, 45.9826, -11215.04394531]]], [[[-120.98843, 46.16885, -18821.1875], [-120.98379, 46.17599, -19124.97851562], [-120.99317, 46.1745, -19068.37890625], [-120.98843, 46.16885, -18821.1875]]], [[[-120.94033, 45.99034, -11580.69921875], [-120.94903, 45.98276, -11586.28125], [-120.93543, 45.9826, -11215.04394531], [-120.94033, 45.99034, -11580.69921875]]], [[[-120.94033, 45.99034, -11580.69921875], [-120.95321, 45.99097, -11938.66601562], [-120.94903, 45.98276, -11586.28125], [-120.94033, 45.99034, -11580.69921875]]], [[[-120.94033, 45.99034, -11580.69921875], [-120.94409, 45.99843, -11904.57617188], [-120.95321, 45.99097, -11938.66601562], [-120.94033, 45.99034, -11580.69921875]]], [[[-120.92973, 45.99856, -11574.41210938], [-120.94409, 45.99843, -11904.57617188], [-120.94033, 45.99034, -11580.69921875], [-120.92973, 45.99856, -11574.41210938]]], [[[-120.91986, 46.08227, -15024.15234375], [-120.91038, 46.08913, -15197.25488281], [-120.92449, 46.0903, -15374.35351562], [-120.91986, 46.08227, -15024.15234375]]], [[[-120.93393, 46.00649, -11919.02148438], [-120.94409, 45.99843, -11904.57617188], [-120.92973, 45.99856, -11574.41210938], [-120.93393, 46.00649, -11919.02148438]]], [[[-120.93393, 46.00649, -11919.02148438], [-120.9484, 46.00619, -12245.16699219], [-120.94409, 45.99843, -11904.57617188], [-120.93393, 46.00649, -11919.02148438]]], [[[-121.0148, 45.88708, -9054.65820312], [-121.02863, 45.88851, -9043.39160156], [-121.02461, 45.88105, -8716.55761719], [-121.0148, 45.88708, -9054.65820312]]], [[[-120.93845, 46.01421, -12260.7578125], [-120.9484, 46.00619, -12245.16699219], [-120.93393, 46.00649, -11919.02148438], [-120.93845, 46.01421, -12260.7578125]]], [[[-120.9484, 46.00619, -12245.16699219], [-120.93845, 46.01421, -12260.7578125], [-120.95264, 46.01414, -12586.69335938], [-120.9484, 46.00619, -12245.16699219]]], [[[-120.9484, 46.00619, -12245.16699219], [-120.95264, 46.01414, -12586.69335938], [-120.96188, 46.00644, -12617.05175781], [-120.9484, 46.00619, -12245.16699219]]], [[[-120.9484, 46.00619, -12245.16699219], [-120.96188, 46.00644, -12617.05175781], [-120.95742, 45.9984, -12265.03710938], [-120.9484, 46.00619, -12245.16699219]]], [[[-120.90991, 45.79002, -4013.75830078], [-120.92342, 45.79045, -4229.29931641], [-120.91891, 45.78271, -3885.45825195], [-120.90991, 45.79002, -4013.75830078]]], [[[-120.94409, 45.99843, -11904.57617188], [-120.9484, 46.00619, -12245.16699219], [-120.95742, 45.9984, -12265.03710938], [-120.94409, 45.99843, -11904.57617188]]], [[[-120.94409, 45.99843, -11904.57617188], [-120.95742, 45.9984, -12265.03710938], [-120.95321, 45.99097, -11938.66601562], [-120.94409, 45.99843, -11904.57617188]]], [[[-120.95742, 45.9984, -12265.03710938], [-120.96683, 45.99141, -12142.19824219], [-120.95321, 45.99097, -11938.66601562], [-120.95742, 45.9984, -12265.03710938]]], [[[-121.04006, 46.13862, -18483.06640625], [-121.03983, 46.14804, -18796.49609375], [-121.0483, 46.14333, -18745.81835938], [-121.04006, 46.13862, -18483.06640625]]], [[[-120.95742, 45.9984, -12265.03710938], [-120.97113, 45.99927, -12484.05371094], [-120.96683, 45.99141, -12142.19824219], [-120.95742, 45.9984, -12265.03710938]]], [[[-120.78159, 45.77357, -1408.07727051], [-120.78174, 45.76408, -1036.88867188], [-120.77112, 45.77052, -1356.90478516], [-120.78159, 45.77357, -1408.07727051]]], [[[-120.96188, 46.00644, -12617.05175781], [-120.97113, 45.99927, -12484.05371094], [-120.95742, 45.9984, -12265.03710938], [-120.96188, 46.00644, -12617.05175781]]], [[[-120.96188, 46.00644, -12617.05175781], [-120.9754, 46.00708, -12824.23828125], [-120.97113, 45.99927, -12484.05371094], [-120.96188, 46.00644, -12617.05175781]]], [[[-120.96188, 46.00644, -12617.05175781], [-120.96613, 46.01422, -12956.12011719], [-120.9754, 46.00708, -12824.23828125], [-120.96188, 46.00644, -12617.05175781]]], [[[-120.95264, 46.01414, -12586.69335938], [-120.96613, 46.01422, -12956.12011719], [-120.96188, 46.00644, -12617.05175781], [-120.95264, 46.01414, -12586.69335938]]], [[[-120.94539, 46.18126, -19039.52148438], [-120.94404, 46.19003, -19347.41796875], [-120.95395, 46.18559, -19294.08789062], [-120.94539, 46.18126, -19039.52148438]]], [[[-120.95691, 46.02187, -12924.82714844], [-120.96613, 46.01422, -12956.12011719], [-120.95264, 46.01414, -12586.69335938], [-120.95691, 46.02187, -12924.82714844]]], [[[-120.95691, 46.02187, -12924.82714844], [-120.97046, 46.02208, -13299.21191406], [-120.96613, 46.01422, -12956.12011719], [-120.95691, 46.02187, -12924.82714844]]], [[[-120.81804, 45.75203, -1432.18310547], [-120.81803, 45.74278, -1119.54626465], [-120.80749, 45.74708, -974.11022949], [-120.81804, 45.75203, -1432.18310547]]], [[[-120.96124, 46.02973, -13268.51855469], [-120.97046, 46.02208, -13299.21191406], [-120.95691, 46.02187, -12924.82714844], [-120.96124, 46.02973, -13268.51855469]]], [[[-120.74839, 46.03386, -11390.41308594], [-120.7441, 46.02605, -11048.49804688], [-120.73499, 46.03321, -11158.80175781], [-120.74839, 46.03386, -11390.41308594]]], [[[-120.96124, 46.02973, -13268.51855469], [-120.97467, 46.03016, -13647.67675781], [-120.97046, 46.02208, -13299.21191406], [-120.96124, 46.02973, -13268.51855469]]], [[[-120.75251, 46.04176, -11731.30957031], [-120.73928, 46.04104, -11502.24023438], [-120.74357, 46.04887, -11845.67773438], [-120.75251, 46.04176, -11731.30957031]]], [[[-120.96515, 46.03764, -13595.87988281], [-120.97855, 46.03766, -13970.69824219], [-120.97467, 46.03016, -13647.67675781], [-120.96515, 46.03764, -13595.87988281]]], [[[-120.97013, 46.04522, -13960.07226562], [-120.97409, 46.05335, -14292.77832031], [-120.98323, 46.04572, -14326.71191406], [-120.97013, 46.04522, -13960.07226562]]], [[[-121.01095, 45.87957, -8724.07324219], [-121.02461, 45.88105, -8716.55761719], [-121.02028, 45.87308, -8367.05371094], [-121.01095, 45.87957, -8724.07324219]]], [[[-120.97013, 46.04522, -13960.07226562], [-120.95532, 46.04553, -13626.44238281], [-120.95996, 46.05301, -13961.90332031], [-120.97013, 46.04522, -13960.07226562]]], [[[-120.88177, 45.71646, -972.23449707], [-120.86946, 45.71287, -662.65002441], [-120.86927, 45.72207, -1002.12426758], [-120.88177, 45.71646, -972.23449707]]], [[[-120.95532, 46.04553, -13626.44238281], [-120.95105, 46.03762, -13281.53417969], [-120.94096, 46.04611, -13457.3359375], [-120.95532, 46.04553, -13626.44238281]]], [[[-120.94975, 46.06202, -14155.74414062], [-120.95996, 46.05301, -13961.90332031], [-120.94521, 46.05396, -13800.92578125], [-120.94975, 46.06202, -14155.74414062]]], [[[-120.94521, 46.05396, -13800.92578125], [-120.94096, 46.04611, -13457.3359375], [-120.93066, 46.05331, -13723.26660156], [-120.94521, 46.05396, -13800.92578125]]], [[[-120.82891, 45.7362, -1047.93469238], [-120.841, 45.74067, -1332.58532715], [-120.84118, 45.73146, -940.47497559], [-120.82891, 45.7362, -1047.93469238]]], [[[-120.94096, 46.04611, -13457.3359375], [-120.9264, 46.04547, -13378.81542969], [-120.93066, 46.05331, -13723.26660156], [-120.94096, 46.04611, -13457.3359375]]], [[[-120.93658, 46.03819, -13109.85742188], [-120.93224, 46.03053, -12772.34765625], [-120.92201, 46.0376, -13033.76367188], [-120.93658, 46.03819, -13109.85742188]]], [[[-120.616, 45.79111, -783.19348145], [-120.60699, 45.79833, -855.6708374], [-120.62029, 45.79892, -1125.40551758], [-120.616, 45.79111, -783.19348145]]], [[[-120.94694, 46.02987, -12944.39160156], [-120.95105, 46.03762, -13281.53417969], [-120.96124, 46.02973, -13268.51855469], [-120.94694, 46.02987, -12944.39160156]]], [[[-120.89496, 45.7203, -1372.21057129], [-120.89269, 45.71128, -1032.76025391], [-120.88177, 45.71646, -972.23449707], [-120.89496, 45.7203, -1372.21057129]]], [[[-120.95691, 46.02187, -12924.82714844], [-120.94253, 46.02215, -12604.24511719], [-120.94694, 46.02987, -12944.39160156], [-120.95691, 46.02187, -12924.82714844]]], [[[-120.79305, 45.77777, -1681.16333008], [-120.7924, 45.7682, -1318.70629883], [-120.78159, 45.77357, -1408.07727051], [-120.79305, 45.77777, -1681.16333008]]], [[[-120.93845, 46.01421, -12260.7578125], [-120.94253, 46.02215, -12604.24511719], [-120.95264, 46.01414, -12586.69335938], [-120.93845, 46.01421, -12260.7578125]]], [[[-120.90774, 46.03652, -13017.10351562], [-120.89809, 46.04296, -13304.578125], [-120.91215, 46.04415, -13351.50097656], [-120.90774, 46.03652, -13017.10351562]]], [[[-120.93506, 46.06111, -14065.10253906], [-120.92072, 46.05984, -14038.89355469], [-120.92516, 46.06769, -14382.69433594], [-120.93506, 46.06111, -14065.10253906]]], [[[-120.96058, 46.08003, -14955.41992188], [-120.95565, 46.07091, -14556.07324219], [-120.94371, 46.07682, -14754.75], [-120.96058, 46.08003, -14955.41992188]]], [[[-120.95565, 46.07091, -14556.07324219], [-120.96058, 46.08003, -14955.41992188], [-120.97036, 46.07002, -14721.70117188], [-120.95565, 46.07091, -14556.07324219]]], [[[-120.96345, 46.06125, -14306.87109375], [-120.97036, 46.07002, -14721.70117188], [-120.9776, 46.06152, -14617.33105469], [-120.96345, 46.06125, -14306.87109375]]], [[[-120.97409, 46.05335, -14292.77832031], [-120.98738, 46.05366, -14669.20605469], [-120.98323, 46.04572, -14326.71191406], [-120.97409, 46.05335, -14292.77832031]]], [[[-120.62434, 45.80682, -1465.83544922], [-120.61549, 45.81399, -1542.54626465], [-120.62883, 45.81458, -1810.01062012], [-120.62434, 45.80682, -1465.83544922]]], [[[-120.99231, 46.03852, -14189.46679688], [-120.97855, 46.03766, -13970.69824219], [-120.98323, 46.04572, -14326.71191406], [-120.99231, 46.03852, -14189.46679688]]], [[[-120.97467, 46.03016, -13647.67675781], [-120.97855, 46.03766, -13970.69824219], [-120.98823, 46.0308, -13854.97753906], [-120.97467, 46.03016, -13647.67675781]]], [[[-120.63298, 45.82243, -2150.84716797], [-120.62883, 45.81458, -1810.01062012], [-120.61974, 45.82182, -1885.98388672], [-120.63298, 45.82243, -2150.84716797]]], [[[-120.97467, 46.03016, -13647.67675781], [-120.98823, 46.0308, -13854.97753906], [-120.98401, 46.02293, -13513.19824219], [-120.97467, 46.03016, -13647.67675781]]], [[[-120.67086, 45.91579, -6007.23632812], [-120.67985, 45.90859, -5914.37646484], [-120.66659, 45.90796, -5663.79882812], [-120.67086, 45.91579, -6007.23632812]]], [[[-120.97046, 46.02208, -13299.21191406], [-120.98401, 46.02293, -13513.19824219], [-120.97973, 46.01507, -13171.30761719], [-120.97046, 46.02208, -13299.21191406]]], [[[-120.96613, 46.01422, -12956.12011719], [-120.97973, 46.01507, -13171.30761719], [-120.9754, 46.00708, -12824.23828125], [-120.96613, 46.01422, -12956.12011719]]], [[[-120.98401, 46.02293, -13513.19824219], [-120.99757, 46.02374, -13697.90722656], [-120.99351, 46.016, -13360.1640625], [-120.98401, 46.02293, -13513.19824219]]], [[[-120.98823, 46.0308, -13854.97753906], [-120.99757, 46.02374, -13697.90722656], [-120.98401, 46.02293, -13513.19824219], [-120.98823, 46.0308, -13854.97753906]]], [[[-120.89605, 46.19763, -19051.91796875], [-120.89087, 46.19022, -18710.953125], [-120.88352, 46.19494, -18929.29101562], [-120.89605, 46.19763, -19051.91796875]]], [[[-120.98823, 46.0308, -13854.97753906], [-121.00187, 46.03168, -14044.60742188], [-120.99757, 46.02374, -13697.90722656], [-120.98823, 46.0308, -13854.97753906]]], [[[-121.01575, 46.03265, -14168.55371094], [-121.00187, 46.03168, -14044.60742188], [-121.00606, 46.03931, -14377.93554688], [-121.01575, 46.03265, -14168.55371094]]], [[[-120.9848, 45.99994, -12659.1328125], [-120.98898, 46.00803, -13011.66894531], [-120.99838, 46.0012, -12794.15332031], [-120.9848, 45.99994, -12659.1328125]]], [[[-120.60953, 45.77258, -41.67156982], [-120.59425, 45.77483, 174.64230347], [-120.59849, 45.78266, -168.7953949], [-120.60953, 45.77258, -41.67156982]]], [[[-120.96251, 45.98377, -11807.71484375], [-120.96683, 45.99141, -12142.19824219], [-120.97613, 45.98437, -11978.47949219], [-120.96251, 45.98377, -11807.71484375]]], [[[-120.95321, 45.99097, -11938.66601562], [-120.96251, 45.98377, -11807.71484375], [-120.94903, 45.98276, -11586.28125], [-120.95321, 45.99097, -11938.66601562]]], [[[-120.95825, 45.97568, -11457.51953125], [-120.94463, 45.97491, -11242.04394531], [-120.94903, 45.98276, -11586.28125], [-120.95825, 45.97568, -11457.51953125]]], [[[-120.91891, 45.78271, -3885.45825195], [-120.93236, 45.78306, -4176.16552734], [-120.92816, 45.77543, -3842.54150391], [-120.91891, 45.78271, -3885.45825195]]], [[[-120.94463, 45.97491, -11242.04394531], [-120.95825, 45.97568, -11457.51953125], [-120.95398, 45.96786, -11117.09375], [-120.94463, 45.97491, -11242.04394531]]], [[[-120.93594, 45.95903, -10549.50488281], [-120.94042, 45.96729, -10908.97558594], [-120.94955, 45.95999, -10773.20996094], [-120.93594, 45.95903, -10549.50488281]]], [[[-120.92816, 45.77543, -3842.54150391], [-120.93713, 45.76818, -3755.23730469], [-120.92385, 45.76742, -3494.16845703], [-120.92816, 45.77543, -3842.54150391]]], [[[-120.92699, 45.96681, -10535.76660156], [-120.94042, 45.96729, -10908.97558594], [-120.93594, 45.95903, -10549.50488281], [-120.92699, 45.96681, -10535.76660156]]], [[[-120.92275, 45.81373, -5048.40771484], [-120.91321, 45.82069, -5155.72802734], [-120.92682, 45.82117, -5373.26904297], [-120.92275, 45.81373, -5048.40771484]]], [[[-120.94114, 45.94419, -10087.97167969], [-120.93182, 45.95142, -10218.26660156], [-120.94542, 45.95204, -10429.54589844], [-120.94114, 45.94419, -10087.97167969]]], [[[-120.92765, 45.9433, -9869.19335938], [-120.94114, 45.94419, -10087.97167969], [-120.93677, 45.93614, -9737.76953125], [-120.92765, 45.9433, -9869.19335938]]], [[[-120.91895, 45.9277, -9185.64355469], [-120.92308, 45.93531, -9516.97753906], [-120.93253, 45.92828, -9396.26660156], [-120.91895, 45.9277, -9185.64355469]]], [[[-120.90549, 45.92725, -8817.65722656], [-120.90963, 45.9353, -9157.38769531], [-120.91895, 45.9277, -9185.64355469], [-120.90549, 45.92725, -8817.65722656]]], [[[-120.90549, 45.92725, -8817.65722656], [-120.91895, 45.9277, -9185.64355469], [-120.91447, 45.91948, -8827.39453125], [-120.90549, 45.92725, -8817.65722656]]], [[[-121.0037, 46.06075, -15149.45410156], [-121.01469, 46.05512, -15068.08789062], [-121.00094, 46.05401, -14865.10253906], [-121.0037, 46.06075, -15149.45410156]]], [[[-120.91895, 45.9277, -9185.64355469], [-120.93253, 45.92828, -9396.26660156], [-120.92807, 45.92041, -9051.90625], [-120.91895, 45.9277, -9185.64355469]]], [[[-120.80713, 45.75663, -1211.07885742], [-120.80749, 45.74708, -974.11022949], [-120.79796, 45.75042, -814.26269531], [-120.80713, 45.75663, -1211.07885742]]], [[[-120.92807, 45.92041, -9051.90625], [-120.94174, 45.92114, -9217.31542969], [-120.93765, 45.91352, -8884.66113281], [-120.92807, 45.92041, -9051.90625]]], [[[-120.94174, 45.92114, -9217.31542969], [-120.95528, 45.92225, -9352.15039062], [-120.9515, 45.91438, -9018.50585938], [-120.94174, 45.92114, -9217.31542969]]], [[[-120.94114, 45.94419, -10087.97167969], [-120.95472, 45.945, -10259.35058594], [-120.95051, 45.9371, -9914.51367188], [-120.94114, 45.94419, -10087.97167969]]], [[[-120.94955, 45.95999, -10773.20996094], [-120.96327, 45.96071, -10945.10058594], [-120.9591, 45.9531, -10613.08789062], [-120.94955, 45.95999, -10773.20996094]]], [[[-120.66659, 45.90796, -5663.79882812], [-120.67573, 45.90073, -5574.18798828], [-120.66233, 45.90013, -5320.36083984], [-120.66659, 45.90796, -5663.79882812]]], [[[-120.95398, 45.96786, -11117.09375], [-120.96327, 45.96071, -10945.10058594], [-120.94955, 45.95999, -10773.20996094], [-120.95398, 45.96786, -11117.09375]]], [[[-120.95825, 45.97568, -11457.51953125], [-120.96251, 45.98377, -11807.71484375], [-120.97198, 45.97673, -11645.00488281], [-120.95825, 45.97568, -11457.51953125]]], [[[-120.96251, 45.98377, -11807.71484375], [-120.97613, 45.98437, -11978.47949219], [-120.97198, 45.97673, -11645.00488281], [-120.96251, 45.98377, -11807.71484375]]], [[[-120.98571, 45.97749, -11765.46484375], [-120.97613, 45.98437, -11978.47949219], [-120.98977, 45.98547, -12108.125], [-120.98571, 45.97749, -11765.46484375]]], [[[-120.96762, 45.96875, -11296.38378906], [-120.98135, 45.96986, -11429.375], [-120.9768, 45.96178, -11074.76953125], [-120.96762, 45.96875, -11296.38378906]]], [[[-120.96327, 45.96071, -10945.10058594], [-120.96762, 45.96875, -11296.38378906], [-120.9768, 45.96178, -11074.76953125], [-120.96327, 45.96071, -10945.10058594]]], [[[-120.95051, 45.9371, -9914.51367188], [-120.95472, 45.945, -10259.35058594], [-120.96417, 45.93811, -10047.88867188], [-120.95051, 45.9371, -9914.51367188]]], [[[-120.67573, 45.90073, -5574.18798828], [-120.66659, 45.90796, -5663.79882812], [-120.67985, 45.90859, -5914.37646484], [-120.67573, 45.90073, -5574.18798828]]], [[[-120.94615, 45.92924, -9570.88378906], [-120.95051, 45.9371, -9914.51367188], [-120.9599, 45.93027, -9706.29101562], [-120.94615, 45.92924, -9570.88378906]]], [[[-120.94615, 45.92924, -9570.88378906], [-120.9599, 45.93027, -9706.29101562], [-120.95528, 45.92225, -9352.15039062], [-120.94615, 45.92924, -9570.88378906]]], [[[-120.9515, 45.91438, -9018.50585938], [-120.95528, 45.92225, -9352.15039062], [-120.9649, 45.91522, -9280.61914062], [-120.9515, 45.91438, -9018.50585938]]], [[[-120.68411, 45.91646, -6257.62646484], [-120.67086, 45.91579, -6007.23632812], [-120.67513, 45.92362, -6350.67431641], [-120.68411, 45.91646, -6257.62646484]]], [[[-120.94687, 45.9067, -8675.67480469], [-120.93326, 45.90549, -8533.75683594], [-120.93765, 45.91352, -8884.66113281], [-120.94687, 45.9067, -8675.67480469]]], [[[-121.07679, 45.95334, -11835.27148438], [-121.06753, 45.95983, -12169.46289062], [-121.08129, 45.96094, -12167.25488281], [-121.07679, 45.95334, -11835.27148438]]], [[[-120.92895, 45.89749, -8184.78857422], [-120.94261, 45.89855, -8323.52246094], [-120.93862, 45.89082, -7990.44091797], [-120.92895, 45.89749, -8184.78857422]]], [[[-120.94261, 45.89855, -8323.52246094], [-120.95589, 45.89942, -8585.36230469], [-120.95211, 45.8914, -8244.92089844], [-120.94261, 45.89855, -8323.52246094]]], [[[-120.94687, 45.9067, -8675.67480469], [-120.96049, 45.90704, -8924.70117188], [-120.95589, 45.89942, -8585.36230469], [-120.94687, 45.9067, -8675.67480469]]], [[[-120.93447, 46.18492, -19057.86914062], [-120.94404, 46.19003, -19347.41796875], [-120.94539, 46.18126, -19039.52148438], [-120.93447, 46.18492, -19057.86914062]]], [[[-120.95589, 45.89942, -8585.36230469], [-120.96049, 45.90704, -8924.70117188], [-120.96945, 45.8998, -8804.32421875], [-120.95589, 45.89942, -8585.36230469]]], [[[-120.95589, 45.89942, -8585.36230469], [-120.96945, 45.8998, -8804.32421875], [-120.96547, 45.8924, -8481.87207031], [-120.95589, 45.89942, -8585.36230469]]], [[[-120.95211, 45.8914, -8244.92089844], [-120.96547, 45.8924, -8481.87207031], [-120.96108, 45.88414, -8122.31347656], [-120.95211, 45.8914, -8244.92089844]]], [[[-120.93408, 45.88297, -7643.49560547], [-120.93862, 45.89082, -7990.44091797], [-120.94745, 45.88346, -7893.70166016], [-120.93408, 45.88297, -7643.49560547]]], [[[-121.06659, 45.98195, -13206.97753906], [-121.08031, 45.98318, -13192.95605469], [-121.07615, 45.9756, -12860.90136719], [-121.06659, 45.98195, -13206.97753906]]], [[[-120.94351, 45.87592, -7567.51171875], [-120.95699, 45.87655, -7791.70996094], [-120.95268, 45.86866, -7446.92675781], [-120.94351, 45.87592, -7567.51171875]]], [[[-120.94745, 45.88346, -7893.70166016], [-120.95699, 45.87655, -7791.70996094], [-120.94351, 45.87592, -7567.51171875], [-120.94745, 45.88346, -7893.70166016]]], [[[-120.95699, 45.87655, -7791.70996094], [-120.96108, 45.88414, -8122.31347656], [-120.97045, 45.87714, -8006.40771484], [-120.95699, 45.87655, -7791.70996094]]], [[[-120.62434, 45.80682, -1465.83544922], [-120.61124, 45.80616, -1199.10852051], [-120.61549, 45.81399, -1542.54626465], [-120.62434, 45.80682, -1465.83544922]]], [[[-120.95699, 45.87655, -7791.70996094], [-120.97045, 45.87714, -8006.40771484], [-120.96616, 45.86944, -7668.46582031], [-120.95699, 45.87655, -7791.70996094]]], [[[-120.95268, 45.86866, -7446.92675781], [-120.95699, 45.87655, -7791.70996094], [-120.96616, 45.86944, -7668.46582031], [-120.95268, 45.86866, -7446.92675781]]], [[[-120.93917, 45.86772, -7211.87597656], [-120.95268, 45.86866, -7446.92675781], [-120.94818, 45.8605, -7090.09277344], [-120.93917, 45.86772, -7211.87597656]]], [[[-120.81674, 45.72306, -418.71411133], [-120.80374, 45.71927, -67.17141724], [-120.80564, 45.72811, -400.3175354], [-120.81674, 45.72306, -418.71411133]]], [[[-120.93469, 45.86, -6871.02587891], [-120.93917, 45.86772, -7211.87597656], [-120.94818, 45.8605, -7090.09277344], [-120.93469, 45.86, -6871.02587891]]], [[[-121.08129, 45.96094, -12167.25488281], [-121.09489, 45.9621, -12281.40429688], [-121.09061, 45.95419, -11935.91699219], [-121.08129, 45.96094, -12167.25488281]]], [[[-120.92613, 45.84402, -6176.41650391], [-120.93976, 45.8448, -6405.85839844], [-120.93553, 45.83703, -6066.59960938], [-120.92613, 45.84402, -6176.41650391]]], [[[-120.92203, 45.83652, -5849.10449219], [-120.92613, 45.84402, -6176.41650391], [-120.93553, 45.83703, -6066.59960938], [-120.92203, 45.83652, -5849.10449219]]], [[[-120.90871, 45.83563, -5587.37402344], [-120.92203, 45.83652, -5849.10449219], [-120.918, 45.82845, -5502.82519531], [-120.90871, 45.83563, -5587.37402344]]], [[[-120.93553, 45.83703, -6066.59960938], [-120.94487, 45.83005, -5954.38671875], [-120.93142, 45.82935, -5732.44335938], [-120.93553, 45.83703, -6066.59960938]]], [[[-120.93976, 45.8448, -6405.85839844], [-120.9441, 45.853, -6762.80371094], [-120.95325, 45.84576, -6635.67041016], [-120.93976, 45.8448, -6405.85839844]]], [[[-121.07234, 45.94502, -11470.07324219], [-121.06308, 45.95159, -11808.29882812], [-121.07679, 45.95334, -11835.27148438], [-121.07234, 45.94502, -11470.07324219]]], [[[-120.8932, 45.73046, -1663.1315918], [-120.89496, 45.7203, -1372.21057129], [-120.88167, 45.72583, -1290.57568359], [-120.8932, 45.73046, -1663.1315918]]], [[[-120.96306, 45.81533, -5817.27490234], [-120.9721, 45.80826, -5599.58984375], [-120.9585, 45.8075, -5471.91162109], [-120.96306, 45.81533, -5817.27490234]]], [[[-120.95814, 45.8305, -6243.43554688], [-120.96709, 45.82322, -6158.93408203], [-120.95372, 45.82251, -5893.83105469], [-120.95814, 45.8305, -6243.43554688]]], [[[-120.97084, 45.85415, -7270.72802734], [-120.98437, 45.85471, -7535.58300781], [-120.97988, 45.8469, -7191.67236328], [-120.97084, 45.85415, -7270.72802734]]], [[[-120.97084, 45.85415, -7270.72802734], [-120.97511, 45.86195, -7611.21923828], [-120.98437, 45.85471, -7535.58300781], [-120.97084, 45.85415, -7270.72802734]]], [[[-120.97084, 45.85415, -7270.72802734], [-120.96174, 45.86141, -7317.35058594], [-120.97511, 45.86195, -7611.21923828], [-120.97084, 45.85415, -7270.72802734]]], [[[-120.96616, 45.86944, -7668.46582031], [-120.97944, 45.86983, -7955.76269531], [-120.97511, 45.86195, -7611.21923828], [-120.96616, 45.86944, -7668.46582031]]], [[[-120.97045, 45.87714, -8006.40771484], [-120.97944, 45.86983, -7955.76269531], [-120.96616, 45.86944, -7668.46582031], [-120.97045, 45.87714, -8006.40771484]]], [[[-120.97045, 45.87714, -8006.40771484], [-120.98383, 45.87786, -8305.98535156], [-120.97944, 45.86983, -7955.76269531], [-120.97045, 45.87714, -8006.40771484]]], [[[-120.97045, 45.87714, -8006.40771484], [-120.97459, 45.88515, -8350.77050781], [-120.98383, 45.87786, -8305.98535156], [-120.97045, 45.87714, -8006.40771484]]], [[[-120.96108, 45.88414, -8122.31347656], [-120.97459, 45.88515, -8350.77050781], [-120.97045, 45.87714, -8006.40771484], [-120.96108, 45.88414, -8122.31347656]]], [[[-120.96547, 45.8924, -8481.87207031], [-120.979, 45.8929, -8692.48144531], [-120.97459, 45.88515, -8350.77050781], [-120.96547, 45.8924, -8481.87207031]]], [[[-120.96945, 45.8998, -8804.32421875], [-120.98297, 45.90065, -9024.98242188], [-120.979, 45.8929, -8692.48144531], [-120.96945, 45.8998, -8804.32421875]]], [[[-120.97405, 45.9079, -9160.23730469], [-120.98297, 45.90065, -9024.98242188], [-120.96945, 45.8998, -8804.32421875], [-120.97405, 45.9079, -9160.23730469]]], [[[-120.97405, 45.9079, -9160.23730469], [-120.98748, 45.90887, -9383.94238281], [-120.98297, 45.90065, -9024.98242188], [-120.97405, 45.9079, -9160.23730469]]], [[[-120.97405, 45.9079, -9160.23730469], [-120.97834, 45.91602, -9513.17382812], [-120.98748, 45.90887, -9383.94238281], [-120.97405, 45.9079, -9160.23730469]]], [[[-120.9649, 45.91522, -9280.61914062], [-120.97834, 45.91602, -9513.17382812], [-120.97405, 45.9079, -9160.23730469], [-120.9649, 45.91522, -9280.61914062]]], [[[-120.9649, 45.91522, -9280.61914062], [-120.97405, 45.9079, -9160.23730469], [-120.96049, 45.90704, -8924.70117188], [-120.9649, 45.91522, -9280.61914062]]], [[[-120.98231, 45.92353, -9839.234375], [-120.99182, 45.91659, -9723.24414062], [-120.97834, 45.91602, -9513.17382812], [-120.98231, 45.92353, -9839.234375]]], [[[-120.98231, 45.92353, -9839.234375], [-120.99586, 45.92457, -10064.79101562], [-120.99182, 45.91659, -9723.24414062], [-120.98231, 45.92353, -9839.234375]]], [[[-120.98686, 45.9319, -10204.55566406], [-120.99586, 45.92457, -10064.79101562], [-120.98231, 45.92353, -9839.234375], [-120.98686, 45.9319, -10204.55566406]]], [[[-120.98686, 45.9319, -10204.55566406], [-121.00042, 45.9324, -10412.23535156], [-120.99586, 45.92457, -10064.79101562], [-120.98686, 45.9319, -10204.55566406]]], [[[-120.98686, 45.9319, -10204.55566406], [-120.99102, 45.93934, -10530.95019531], [-121.00042, 45.9324, -10412.23535156], [-120.98686, 45.9319, -10204.55566406]]], [[[-120.98686, 45.9319, -10204.55566406], [-120.97749, 45.93906, -10313.49707031], [-120.99102, 45.93934, -10530.95019531], [-120.98686, 45.9319, -10204.55566406]]], [[[-120.97349, 45.93085, -9963.11914062], [-120.97749, 45.93906, -10313.49707031], [-120.98686, 45.9319, -10204.55566406], [-120.97349, 45.93085, -9963.11914062]]], [[[-120.96417, 45.93811, -10047.88867188], [-120.97749, 45.93906, -10313.49707031], [-120.97349, 45.93085, -9963.11914062], [-120.96417, 45.93811, -10047.88867188]]], [[[-120.96832, 45.94626, -10397.84570312], [-120.97749, 45.93906, -10313.49707031], [-120.96417, 45.93811, -10047.88867188], [-120.96832, 45.94626, -10397.84570312]]], [[[-120.9768, 45.96178, -11074.76953125], [-120.98639, 45.95469, -11000.85546875], [-120.97297, 45.95388, -10739.04003906], [-120.9768, 45.96178, -11074.76953125]]], [[[-120.70794, 45.74511, -2.57084155], [-120.70856, 45.73615, 330.77999878], [-120.69701, 45.74, 307.08599854], [-120.70794, 45.74511, -2.57084155]]], [[[-120.9768, 45.96178, -11074.76953125], [-120.9902, 45.96254, -11335.73828125], [-120.98639, 45.95469, -11000.85546875], [-120.9768, 45.96178, -11074.76953125]]], [[[-120.98135, 45.96986, -11429.375], [-120.9902, 45.96254, -11335.73828125], [-120.9768, 45.96178, -11074.76953125], [-120.98135, 45.96986, -11429.375]]], [[[-121.00383, 45.96297, -11561.69921875], [-120.9902, 45.96254, -11335.73828125], [-120.99499, 45.97028, -11681.74511719], [-121.00383, 45.96297, -11561.69921875]]], [[[-120.9902, 45.96254, -11335.73828125], [-121.00383, 45.96297, -11561.69921875], [-120.99979, 45.9556, -11239.31738281], [-120.9902, 45.96254, -11335.73828125]]], [[[-120.98639, 45.95469, -11000.85546875], [-120.9902, 45.96254, -11335.73828125], [-120.99979, 45.9556, -11239.31738281], [-120.98639, 45.95469, -11000.85546875]]], [[[-120.98639, 45.95469, -11000.85546875], [-120.99979, 45.9556, -11239.31738281], [-120.99553, 45.9474, -10884.03710938], [-120.98639, 45.95469, -11000.85546875]]], [[[-120.98192, 45.94653, -10644.66796875], [-120.98639, 45.95469, -11000.85546875], [-120.99553, 45.9474, -10884.03710938], [-120.98192, 45.94653, -10644.66796875]]], [[[-120.98192, 45.94653, -10644.66796875], [-120.99553, 45.9474, -10884.03710938], [-120.99102, 45.93934, -10530.95019531], [-120.98192, 45.94653, -10644.66796875]]], [[[-120.98192, 45.94653, -10644.66796875], [-120.99102, 45.93934, -10530.95019531], [-120.97749, 45.93906, -10313.49707031], [-120.98192, 45.94653, -10644.66796875]]], [[[-120.99102, 45.93934, -10530.95019531], [-120.99553, 45.9474, -10884.03710938], [-121.00452, 45.94019, -10748.74804688], [-120.99102, 45.93934, -10530.95019531]]], [[[-120.99102, 45.93934, -10530.95019531], [-121.00452, 45.94019, -10748.74804688], [-121.00042, 45.9324, -10412.23535156], [-120.99102, 45.93934, -10530.95019531]]], [[[-121.00452, 45.94019, -10748.74804688], [-121.01369, 45.93298, -10704.26074219], [-121.00042, 45.9324, -10412.23535156], [-121.00452, 45.94019, -10748.74804688]]], [[[-121.00452, 45.94019, -10748.74804688], [-121.01794, 45.94094, -11049.58203125], [-121.01369, 45.93298, -10704.26074219], [-121.00452, 45.94019, -10748.74804688]]], [[[-121.00452, 45.94019, -10748.74804688], [-121.00896, 45.94843, -11106.80371094], [-121.01794, 45.94094, -11049.58203125], [-121.00452, 45.94019, -10748.74804688]]], [[[-120.99553, 45.9474, -10884.03710938], [-121.00896, 45.94843, -11106.80371094], [-121.00452, 45.94019, -10748.74804688], [-120.99553, 45.9474, -10884.03710938]]], [[[-120.99979, 45.9556, -11239.31738281], [-121.00896, 45.94843, -11106.80371094], [-120.99553, 45.9474, -10884.03710938], [-120.99979, 45.9556, -11239.31738281]]], [[[-120.99979, 45.9556, -11239.31738281], [-121.01336, 45.95605, -11444.05664062], [-121.00896, 45.94843, -11106.80371094], [-120.99979, 45.9556, -11239.31738281]]], [[[-121.00383, 45.96297, -11561.69921875], [-121.01336, 45.95605, -11444.05664062], [-120.99979, 45.9556, -11239.31738281], [-121.00383, 45.96297, -11561.69921875]]], [[[-121.00383, 45.96297, -11561.69921875], [-121.01743, 45.9639, -11781.61425781], [-121.01336, 45.95605, -11444.05664062], [-121.00383, 45.96297, -11561.69921875]]], [[[-121.00383, 45.96297, -11561.69921875], [-121.00842, 45.97119, -11921.75390625], [-121.01743, 45.9639, -11781.61425781], [-121.00383, 45.96297, -11561.69921875]]], [[[-121.00383, 45.96297, -11561.69921875], [-120.99499, 45.97028, -11681.74511719], [-121.00842, 45.97119, -11921.75390625], [-121.00383, 45.96297, -11561.69921875]]], [[[-120.99904, 45.97838, -12029.50878906], [-121.00842, 45.97119, -11921.75390625], [-120.99499, 45.97028, -11681.74511719], [-120.99904, 45.97838, -12029.50878906]]], [[[-121.00842, 45.97119, -11921.75390625], [-120.99904, 45.97838, -12029.50878906], [-121.01257, 45.97876, -12252.56738281], [-121.00842, 45.97119, -11921.75390625]]], [[[-121.00842, 45.97119, -11921.75390625], [-121.01257, 45.97876, -12252.56738281], [-121.02195, 45.9718, -12130.34277344], [-121.00842, 45.97119, -11921.75390625]]], [[[-121.00842, 45.97119, -11921.75390625], [-121.02195, 45.9718, -12130.34277344], [-121.01743, 45.9639, -11781.61425781], [-121.00842, 45.97119, -11921.75390625]]], [[[-121.02195, 45.9718, -12130.34277344], [-121.03088, 45.96431, -12071.63867188], [-121.01743, 45.9639, -11781.61425781], [-121.02195, 45.9718, -12130.34277344]]], [[[-121.03088, 45.96431, -12071.63867188], [-121.02195, 45.9718, -12130.34277344], [-121.03524, 45.97235, -12421.52734375], [-121.03088, 45.96431, -12071.63867188]]], [[[-121.03088, 45.96431, -12071.63867188], [-121.03524, 45.97235, -12421.52734375], [-121.0442, 45.96506, -12349.92871094], [-121.03088, 45.96431, -12071.63867188]]], [[[-121.03088, 45.96431, -12071.63867188], [-121.0442, 45.96506, -12349.92871094], [-121.04025, 45.95708, -12006.09375], [-121.03088, 45.96431, -12071.63867188]]], [[[-121.02667, 45.95668, -11738.18164062], [-121.03088, 45.96431, -12071.63867188], [-121.04025, 45.95708, -12006.09375], [-121.02667, 45.95668, -11738.18164062]]], [[[-121.02667, 45.95668, -11738.18164062], [-121.01743, 45.9639, -11781.61425781], [-121.03088, 45.96431, -12071.63867188], [-121.02667, 45.95668, -11738.18164062]]], [[[-121.02667, 45.95668, -11738.18164062], [-121.01336, 45.95605, -11444.05664062], [-121.01743, 45.9639, -11781.61425781], [-121.02667, 45.95668, -11738.18164062]]], [[[-121.01336, 45.95605, -11444.05664062], [-121.02667, 45.95668, -11738.18164062], [-121.0223, 45.94873, -11391.26660156], [-121.01336, 45.95605, -11444.05664062]]], [[[-121.00896, 45.94843, -11106.80371094], [-121.01336, 45.95605, -11444.05664062], [-121.0223, 45.94873, -11391.26660156], [-121.00896, 45.94843, -11106.80371094]]], [[[-121.00896, 45.94843, -11106.80371094], [-121.0223, 45.94873, -11391.26660156], [-121.01794, 45.94094, -11049.58203125], [-121.00896, 45.94843, -11106.80371094]]], [[[-121.0223, 45.94873, -11391.26660156], [-121.03144, 45.94138, -11317.84960938], [-121.01794, 45.94094, -11049.58203125], [-121.0223, 45.94873, -11391.26660156]]], [[[-121.0223, 45.94873, -11391.26660156], [-121.03564, 45.94935, -11664.35644531], [-121.03144, 45.94138, -11317.84960938], [-121.0223, 45.94873, -11391.26660156]]], [[[-121.02667, 45.95668, -11738.18164062], [-121.03564, 45.94935, -11664.35644531], [-121.0223, 45.94873, -11391.26660156], [-121.02667, 45.95668, -11738.18164062]]], [[[-121.02667, 45.95668, -11738.18164062], [-121.04025, 45.95708, -12006.09375], [-121.03564, 45.94935, -11664.35644531], [-121.02667, 45.95668, -11738.18164062]]], [[[-121.0493, 45.94998, -11809.66113281], [-121.03564, 45.94935, -11664.35644531], [-121.04025, 45.95708, -12006.09375], [-121.0493, 45.94998, -11809.66113281]]], [[[-121.03564, 45.94935, -11664.35644531], [-121.0493, 45.94998, -11809.66113281], [-121.04503, 45.94255, -11485.86230469], [-121.03564, 45.94935, -11664.35644531]]], [[[-121.04503, 45.94255, -11485.86230469], [-121.03144, 45.94138, -11317.84960938], [-121.03564, 45.94935, -11664.35644531], [-121.04503, 45.94255, -11485.86230469]]], [[[-121.03144, 45.94138, -11317.84960938], [-121.04503, 45.94255, -11485.86230469], [-121.04093, 45.93442, -11127.27246094], [-121.03144, 45.94138, -11317.84960938]]], [[[-121.02708, 45.93364, -10978.31933594], [-121.03144, 45.94138, -11317.84960938], [-121.04093, 45.93442, -11127.27246094], [-121.02708, 45.93364, -10978.31933594]]], [[[-121.01794, 45.94094, -11049.58203125], [-121.03144, 45.94138, -11317.84960938], [-121.02708, 45.93364, -10978.31933594], [-121.01794, 45.94094, -11049.58203125]]], [[[-121.01369, 45.93298, -10704.26074219], [-121.01794, 45.94094, -11049.58203125], [-121.02708, 45.93364, -10978.31933594], [-121.01369, 45.93298, -10704.26074219]]], [[[-121.01369, 45.93298, -10704.26074219], [-121.02708, 45.93364, -10978.31933594], [-121.02262, 45.92567, -10629.13964844], [-121.01369, 45.93298, -10704.26074219]]], [[[-121.01369, 45.93298, -10704.26074219], [-121.02262, 45.92567, -10629.13964844], [-121.00931, 45.92496, -10354.51464844], [-121.01369, 45.93298, -10704.26074219]]], [[[-121.00042, 45.9324, -10412.23535156], [-121.01369, 45.93298, -10704.26074219], [-121.00931, 45.92496, -10354.51464844], [-121.00042, 45.9324, -10412.23535156]]], [[[-120.99586, 45.92457, -10064.79101562], [-121.00042, 45.9324, -10412.23535156], [-121.00931, 45.92496, -10354.51464844], [-120.99586, 45.92457, -10064.79101562]]], [[[-120.99586, 45.92457, -10064.79101562], [-121.00931, 45.92496, -10354.51464844], [-121.00514, 45.91729, -10020.58886719], [-120.99586, 45.92457, -10064.79101562]]], [[[-121.00514, 45.91729, -10020.58886719], [-120.99182, 45.91659, -9723.24414062], [-120.99586, 45.92457, -10064.79101562], [-121.00514, 45.91729, -10020.58886719]]], [[[-120.99182, 45.91659, -9723.24414062], [-121.00514, 45.91729, -10020.58886719], [-121.00078, 45.90927, -9671.33300781], [-120.99182, 45.91659, -9723.24414062]]], [[[-120.98748, 45.90887, -9383.94238281], [-120.99182, 45.91659, -9723.24414062], [-121.00078, 45.90927, -9671.33300781], [-120.98748, 45.90887, -9383.94238281]]], [[[-120.98748, 45.90887, -9383.94238281], [-121.00078, 45.90927, -9671.33300781], [-120.99639, 45.90134, -9324.45507812], [-120.98748, 45.90887, -9383.94238281]]], [[[-120.98748, 45.90887, -9383.94238281], [-120.99639, 45.90134, -9324.45507812], [-120.98297, 45.90065, -9024.98242188], [-120.98748, 45.90887, -9383.94238281]]], [[[-120.99224, 45.89349, -8984.88769531], [-120.98297, 45.90065, -9024.98242188], [-120.99639, 45.90134, -9324.45507812], [-120.99224, 45.89349, -8984.88769531]]], [[[-120.979, 45.8929, -8692.48144531], [-120.98297, 45.90065, -9024.98242188], [-120.99224, 45.89349, -8984.88769531], [-120.979, 45.8929, -8692.48144531]]], [[[-120.979, 45.8929, -8692.48144531], [-120.99224, 45.89349, -8984.88769531], [-120.98795, 45.88552, -8638.73339844], [-120.979, 45.8929, -8692.48144531]]], [[[-120.97459, 45.88515, -8350.77050781], [-120.979, 45.8929, -8692.48144531], [-120.98795, 45.88552, -8638.73339844], [-120.97459, 45.88515, -8350.77050781]]], [[[-120.97459, 45.88515, -8350.77050781], [-120.98795, 45.88552, -8638.73339844], [-120.98383, 45.87786, -8305.98535156], [-120.97459, 45.88515, -8350.77050781]]], [[[-120.98795, 45.88552, -8638.73339844], [-120.99738, 45.87833, -8568.37597656], [-120.98383, 45.87786, -8305.98535156], [-120.98795, 45.88552, -8638.73339844]]], [[[-120.98795, 45.88552, -8638.73339844], [-121.00129, 45.88624, -8909.27050781], [-120.99738, 45.87833, -8568.37597656], [-120.98795, 45.88552, -8638.73339844]]], [[[-120.99224, 45.89349, -8984.88769531], [-121.00129, 45.88624, -8909.27050781], [-120.98795, 45.88552, -8638.73339844], [-120.99224, 45.89349, -8984.88769531]]], [[[-120.99224, 45.89349, -8984.88769531], [-121.00573, 45.89415, -9256.07226562], [-121.00129, 45.88624, -8909.27050781], [-120.99224, 45.89349, -8984.88769531]]], [[[-120.99224, 45.89349, -8984.88769531], [-120.99639, 45.90134, -9324.45507812], [-121.00573, 45.89415, -9256.07226562], [-120.99224, 45.89349, -8984.88769531]]], [[[-120.99639, 45.90134, -9324.45507812], [-121.00984, 45.90196, -9595.40917969], [-121.00573, 45.89415, -9256.07226562], [-120.99639, 45.90134, -9324.45507812]]], [[[-120.99639, 45.90134, -9324.45507812], [-121.00078, 45.90927, -9671.33300781], [-121.00984, 45.90196, -9595.40917969], [-120.99639, 45.90134, -9324.45507812]]], [[[-121.00078, 45.90927, -9671.33300781], [-121.01408, 45.90998, -9944.31152344], [-121.00984, 45.90196, -9595.40917969], [-121.00078, 45.90927, -9671.33300781]]], [[[-121.00514, 45.91729, -10020.58886719], [-121.01408, 45.90998, -9944.31152344], [-121.00078, 45.90927, -9671.33300781], [-121.00514, 45.91729, -10020.58886719]]], [[[-121.00514, 45.91729, -10020.58886719], [-121.01875, 45.91772, -10287.17675781], [-121.01408, 45.90998, -9944.31152344], [-121.00514, 45.91729, -10020.58886719]]], [[[-121.00931, 45.92496, -10354.51464844], [-121.01875, 45.91772, -10287.17675781], [-121.00514, 45.91729, -10020.58886719], [-121.00931, 45.92496, -10354.51464844]]], [[[-121.00931, 45.92496, -10354.51464844], [-121.02262, 45.92567, -10629.13964844], [-121.01875, 45.91772, -10287.17675781], [-121.00931, 45.92496, -10354.51464844]]], [[[-121.01875, 45.91772, -10287.17675781], [-121.02262, 45.92567, -10629.13964844], [-121.03238, 45.91896, -10450.18652344], [-121.01875, 45.91772, -10287.17675781]]], [[[-121.01875, 45.91772, -10287.17675781], [-121.03238, 45.91896, -10450.18652344], [-121.02782, 45.9106, -10083.84863281], [-121.01875, 45.91772, -10287.17675781]]], [[[-121.01408, 45.90998, -9944.31152344], [-121.01875, 45.91772, -10287.17675781], [-121.02782, 45.9106, -10083.84863281], [-121.01408, 45.90998, -9944.31152344]]], [[[-121.01408, 45.90998, -9944.31152344], [-121.02782, 45.9106, -10083.84863281], [-121.02341, 45.90311, -9757.66699219], [-121.01408, 45.90998, -9944.31152344]]], [[[-121.00984, 45.90196, -9595.40917969], [-121.01408, 45.90998, -9944.31152344], [-121.02341, 45.90311, -9757.66699219], [-121.00984, 45.90196, -9595.40917969]]], [[[-121.00984, 45.90196, -9595.40917969], [-121.02341, 45.90311, -9757.66699219], [-121.01949, 45.89509, -9403.29589844], [-121.00984, 45.90196, -9595.40917969]]], [[[-121.00984, 45.90196, -9595.40917969], [-121.01949, 45.89509, -9403.29589844], [-121.00573, 45.89415, -9256.07226562], [-121.00984, 45.90196, -9595.40917969]]], [[[-121.00573, 45.89415, -9256.07226562], [-121.01949, 45.89509, -9403.29589844], [-121.0148, 45.88708, -9054.65820312], [-121.00573, 45.89415, -9256.07226562]]], [[[-121.00129, 45.88624, -8909.27050781], [-121.00573, 45.89415, -9256.07226562], [-121.0148, 45.88708, -9054.65820312], [-121.00129, 45.88624, -8909.27050781]]], [[[-121.00129, 45.88624, -8909.27050781], [-121.0148, 45.88708, -9054.65820312], [-121.01095, 45.87957, -8724.07324219], [-121.00129, 45.88624, -8909.27050781]]], [[[-120.99738, 45.87833, -8568.37597656], [-121.00129, 45.88624, -8909.27050781], [-121.01095, 45.87957, -8724.07324219], [-120.99738, 45.87833, -8568.37597656]]], [[[-120.99738, 45.87833, -8568.37597656], [-121.01095, 45.87957, -8724.07324219], [-121.00653, 45.87129, -8360.77441406], [-120.99738, 45.87833, -8568.37597656]]], [[[-120.99274, 45.87053, -8223.4765625], [-120.99738, 45.87833, -8568.37597656], [-121.00653, 45.87129, -8360.77441406], [-120.99274, 45.87053, -8223.4765625]]], [[[-120.98383, 45.87786, -8305.98535156], [-120.99738, 45.87833, -8568.37597656], [-120.99274, 45.87053, -8223.4765625], [-120.98383, 45.87786, -8305.98535156]]], [[[-120.97944, 45.86983, -7955.76269531], [-120.98383, 45.87786, -8305.98535156], [-120.99274, 45.87053, -8223.4765625], [-120.97944, 45.86983, -7955.76269531]]], [[[-120.97944, 45.86983, -7955.76269531], [-120.99274, 45.87053, -8223.4765625], [-120.98852, 45.8626, -7878.19873047], [-120.97944, 45.86983, -7955.76269531]]], [[[-120.97511, 45.86195, -7611.21923828], [-120.97944, 45.86983, -7955.76269531], [-120.98852, 45.8626, -7878.19873047], [-120.97511, 45.86195, -7611.21923828]]], [[[-120.78684, 46.10438, -14468.21484375], [-120.7736, 46.10365, -14249.74121094], [-120.7779, 46.11148, -14593.17871094], [-120.78684, 46.10438, -14468.21484375]]], [[[-120.97511, 45.86195, -7611.21923828], [-120.98852, 45.8626, -7878.19873047], [-120.98437, 45.85471, -7535.58300781], [-120.97511, 45.86195, -7611.21923828]]], [[[-120.98852, 45.8626, -7878.19873047], [-120.9981, 45.85573, -7678.57128906], [-120.98437, 45.85471, -7535.58300781], [-120.98852, 45.8626, -7878.19873047]]], [[[-120.98852, 45.8626, -7878.19873047], [-121.00208, 45.86368, -8028.92138672], [-120.9981, 45.85573, -7678.57128906], [-120.98852, 45.8626, -7878.19873047]]], [[[-120.99274, 45.87053, -8223.4765625], [-121.00208, 45.86368, -8028.92138672], [-120.98852, 45.8626, -7878.19873047], [-120.99274, 45.87053, -8223.4765625]]], [[[-120.99274, 45.87053, -8223.4765625], [-121.00653, 45.87129, -8360.77441406], [-121.00208, 45.86368, -8028.92138672], [-120.99274, 45.87053, -8223.4765625]]], [[[-121.00208, 45.86368, -8028.92138672], [-121.00653, 45.87129, -8360.77441406], [-121.01576, 45.86486, -8007.10009766], [-121.00208, 45.86368, -8028.92138672]]], [[[-121.00208, 45.86368, -8028.92138672], [-121.01576, 45.86486, -8007.10009766], [-121.01173, 45.85745, -7682.20166016], [-121.00208, 45.86368, -8028.92138672]]], [[[-120.9981, 45.85573, -7678.57128906], [-121.00208, 45.86368, -8028.92138672], [-121.01173, 45.85745, -7682.20166016], [-120.9981, 45.85573, -7678.57128906]]], [[[-120.9981, 45.85573, -7678.57128906], [-121.01173, 45.85745, -7682.20166016], [-121.00719, 45.84908, -7315.48632812], [-120.9981, 45.85573, -7678.57128906]]], [[[-120.9934, 45.84763, -7325.60498047], [-120.9981, 45.85573, -7678.57128906], [-121.00719, 45.84908, -7315.48632812], [-120.9934, 45.84763, -7325.60498047]]], [[[-120.9981, 45.85573, -7678.57128906], [-120.9934, 45.84763, -7325.60498047], [-120.98437, 45.85471, -7535.58300781], [-120.9981, 45.85573, -7678.57128906]]], [[[-120.97988, 45.8469, -7191.67236328], [-120.98437, 45.85471, -7535.58300781], [-120.9934, 45.84763, -7325.60498047], [-120.97988, 45.8469, -7191.67236328]]], [[[-120.97988, 45.8469, -7191.67236328], [-120.9934, 45.84763, -7325.60498047], [-120.98941, 45.84022, -7000.20605469], [-120.97988, 45.8469, -7191.67236328]]], [[[-120.97988, 45.8469, -7191.67236328], [-120.98941, 45.84022, -7000.20605469], [-120.97584, 45.83893, -6847.00732422], [-120.97988, 45.8469, -7191.67236328]]], [[[-120.97584, 45.83893, -6847.00732422], [-120.98527, 45.83201, -6638.68261719], [-120.97147, 45.83117, -6506.80273438], [-120.97584, 45.83893, -6847.00732422]]], [[[-120.98527, 45.83201, -6638.68261719], [-120.99438, 45.82553, -6283.09130859], [-120.98065, 45.82424, -6300.79101562], [-120.98527, 45.83201, -6638.68261719]]], [[[-120.98527, 45.83201, -6638.68261719], [-120.99891, 45.83386, -6648.28076172], [-120.99438, 45.82553, -6283.09130859], [-120.98527, 45.83201, -6638.68261719]]], [[[-120.98527, 45.83201, -6638.68261719], [-120.98941, 45.84022, -7000.20605469], [-120.99891, 45.83386, -6648.28076172], [-120.98527, 45.83201, -6638.68261719]]], [[[-120.98941, 45.84022, -7000.20605469], [-121.00309, 45.84151, -6983.43212891], [-120.99891, 45.83386, -6648.28076172], [-120.98941, 45.84022, -7000.20605469]]], [[[-120.9934, 45.84763, -7325.60498047], [-121.00309, 45.84151, -6983.43212891], [-120.98941, 45.84022, -7000.20605469], [-120.9934, 45.84763, -7325.60498047]]], [[[-120.9934, 45.84763, -7325.60498047], [-121.00719, 45.84908, -7315.48632812], [-121.00309, 45.84151, -6983.43212891], [-120.9934, 45.84763, -7325.60498047]]], [[[-121.00309, 45.84151, -6983.43212891], [-121.00719, 45.84908, -7315.48632812], [-121.01668, 45.84261, -6997.2265625], [-121.00309, 45.84151, -6983.43212891]]], [[[-121.00309, 45.84151, -6983.43212891], [-121.01668, 45.84261, -6997.2265625], [-121.01265, 45.83521, -6673.69042969], [-121.00309, 45.84151, -6983.43212891]]], [[[-120.99891, 45.83386, -6648.28076172], [-121.00309, 45.84151, -6983.43212891], [-121.01265, 45.83521, -6673.69042969], [-120.99891, 45.83386, -6648.28076172]]], [[[-120.99891, 45.83386, -6648.28076172], [-121.01265, 45.83521, -6673.69042969], [-121.00797, 45.82705, -6315.46240234], [-120.99891, 45.83386, -6648.28076172]]], [[[-120.99891, 45.83386, -6648.28076172], [-121.00797, 45.82705, -6315.46240234], [-120.99438, 45.82553, -6283.09130859], [-120.99891, 45.83386, -6648.28076172]]], [[[-121.00408, 45.81918, -5975.02539062], [-120.99438, 45.82553, -6283.09130859], [-121.00797, 45.82705, -6315.46240234], [-121.00408, 45.81918, -5975.02539062]]], [[[-120.99035, 45.81812, -5958.74072266], [-120.99438, 45.82553, -6283.09130859], [-121.00408, 45.81918, -5975.02539062], [-120.99035, 45.81812, -5958.74072266]]], [[[-120.98065, 45.82424, -6300.79101562], [-120.99438, 45.82553, -6283.09130859], [-120.99035, 45.81812, -5958.74072266], [-120.98065, 45.82424, -6300.79101562]]], [[[-120.66454, 45.78226, -883.91918945], [-120.65423, 45.77717, -709.05145264], [-120.65175, 45.78521, -1066.93518066], [-120.66454, 45.78226, -883.91918945]]], [[[-120.98065, 45.82424, -6300.79101562], [-120.99035, 45.81812, -5958.74072266], [-120.97677, 45.81646, -5957.50683594], [-120.98065, 45.82424, -6300.79101562]]], [[[-120.96709, 45.82322, -6158.93408203], [-120.98065, 45.82424, -6300.79101562], [-120.97677, 45.81646, -5957.50683594], [-120.96709, 45.82322, -6158.93408203]]], [[[-120.66421, 45.83157, -2970.24243164], [-120.65067, 45.83056, -2751.13647461], [-120.65521, 45.83888, -3113.82006836], [-120.66421, 45.83157, -2970.24243164]]], [[[-120.96709, 45.82322, -6158.93408203], [-120.97147, 45.83117, -6506.80273438], [-120.98065, 45.82424, -6300.79101562], [-120.96709, 45.82322, -6158.93408203]]], [[[-120.65521, 45.83888, -3113.82006836], [-120.64569, 45.84594, -3176.66186523], [-120.65898, 45.84654, -3439.66625977], [-120.65521, 45.83888, -3113.82006836]]], [[[-120.97677, 45.81646, -5957.50683594], [-120.99035, 45.81812, -5958.74072266], [-120.98583, 45.80983, -5595.35205078], [-120.97677, 45.81646, -5957.50683594]]], [[[-120.78174, 45.76408, -1036.88867188], [-120.79243, 45.75807, -962.67919922], [-120.77929, 45.75484, -661.574646], [-120.78174, 45.76408, -1036.88867188]]], [[[-120.9721, 45.80826, -5599.58984375], [-120.97677, 45.81646, -5957.50683594], [-120.98583, 45.80983, -5595.35205078], [-120.9721, 45.80826, -5599.58984375]]], [[[-120.9721, 45.80826, -5599.58984375], [-120.98583, 45.80983, -5595.35205078], [-120.98161, 45.802, -5252.30224609], [-120.9721, 45.80826, -5599.58984375]]], [[[-120.75932, 45.74383, -160.15161133], [-120.76583, 45.73546, 221.22398376], [-120.75148, 45.73654, 123.15644073], [-120.75932, 45.74383, -160.15161133]]], [[[-120.98583, 45.80983, -5595.35205078], [-120.99519, 45.80323, -5276.63378906], [-120.98161, 45.802, -5252.30224609], [-120.98583, 45.80983, -5595.35205078]]], [[[-120.69589, 45.84172, -3484.1027832], [-120.69171, 45.83391, -3143.26098633], [-120.68226, 45.84028, -3464.20263672], [-120.69589, 45.84172, -3484.1027832]]], [[[-120.99519, 45.80323, -5276.63378906], [-120.99957, 45.81155, -5639.04101562], [-121.00893, 45.80459, -5403.43408203], [-120.99519, 45.80323, -5276.63378906]]], [[[-120.65175, 45.78521, -1066.93518066], [-120.65423, 45.77717, -709.05145264], [-120.63946, 45.78206, -845.13769531], [-120.65175, 45.78521, -1066.93518066]]], [[[-120.99519, 45.80323, -5276.63378906], [-121.00893, 45.80459, -5403.43408203], [-121.00491, 45.79666, -5057.55761719], [-120.99519, 45.80323, -5276.63378906]]], [[[-120.66863, 45.83972, -3323.99926758], [-120.65521, 45.83888, -3113.82006836], [-120.65898, 45.84654, -3439.66625977], [-120.66863, 45.83972, -3323.99926758]]], [[[-120.99519, 45.80323, -5276.63378906], [-121.00491, 45.79666, -5057.55761719], [-120.99127, 45.79579, -4952.75976562], [-120.99519, 45.80323, -5276.63378906]]], [[[-120.83017, 45.75475, -1743.24060059], [-120.83012, 45.7456, -1412.65991211], [-120.81804, 45.75203, -1432.18310547], [-120.83017, 45.75475, -1743.24060059]]], [[[-120.99519, 45.80323, -5276.63378906], [-120.99127, 45.79579, -4952.75976562], [-120.98161, 45.802, -5252.30224609], [-120.99519, 45.80323, -5276.63378906]]], [[[-120.76011, 45.76473, -1119.6595459], [-120.7493, 45.75925, -867.50030518], [-120.74829, 45.76827, -1286.97668457], [-120.76011, 45.76473, -1119.6595459]]], [[[-120.97751, 45.79449, -4923.31396484], [-120.98161, 45.802, -5252.30224609], [-120.99127, 45.79579, -4952.75976562], [-120.97751, 45.79449, -4923.31396484]]], [[[-120.67174, 45.79156, -1285.32434082], [-120.65729, 45.79254, -1397.8223877], [-120.66115, 45.80044, -1737.7121582], [-120.67174, 45.79156, -1285.32434082]]], [[[-120.97751, 45.79449, -4923.31396484], [-120.99127, 45.79579, -4952.75976562], [-120.98658, 45.78772, -4598.07128906], [-120.97751, 45.79449, -4923.31396484]]], [[[-120.97297, 45.78615, -4557.97802734], [-120.98658, 45.78772, -4598.07128906], [-120.98265, 45.77974, -4252.58203125], [-120.97297, 45.78615, -4557.97802734]]], [[[-120.69992, 45.84961, -3829.94897461], [-120.68615, 45.84809, -3800.85375977], [-120.69081, 45.85625, -4157.01318359], [-120.69992, 45.84961, -3829.94897461]]], [[[-120.96896, 45.7788, -4235.76269531], [-120.97297, 45.78615, -4557.97802734], [-120.98265, 45.77974, -4252.58203125], [-120.96896, 45.7788, -4235.76269531]]], [[[-120.96896, 45.7788, -4235.76269531], [-120.98265, 45.77974, -4252.58203125], [-120.97823, 45.77225, -3922.73242188], [-120.96896, 45.7788, -4235.76269531]]], [[[-120.96455, 45.77058, -3875.37866211], [-120.96896, 45.7788, -4235.76269531], [-120.97823, 45.77225, -3922.73242188], [-120.96455, 45.77058, -3875.37866211]]], [[[-120.96455, 45.77058, -3875.37866211], [-120.97823, 45.77225, -3922.73242188], [-120.97372, 45.76386, -3556.83935547], [-120.96455, 45.77058, -3875.37866211]]], [[[-120.96019, 45.7625, -3521.59423828], [-120.97372, 45.76386, -3556.83935547], [-120.96992, 45.75629, -3228.55151367], [-120.96019, 45.7625, -3521.59423828]]], [[[-120.76235, 45.75479, -668.79571533], [-120.75055, 45.75024, -482.65652466], [-120.7493, 45.75925, -867.50030518], [-120.76235, 45.75479, -668.79571533]]], [[[-120.95614, 45.75514, -3199.29492188], [-120.96019, 45.7625, -3521.59423828], [-120.96992, 45.75629, -3228.55151367], [-120.95614, 45.75514, -3199.29492188]]], [[[-120.95614, 45.75514, -3199.29492188], [-120.96992, 45.75629, -3228.55151367], [-120.96524, 45.7484, -2880.88134766], [-120.95614, 45.75514, -3199.29492188]]], [[[-120.69589, 45.84172, -3484.1027832], [-120.68226, 45.84028, -3464.20263672], [-120.68615, 45.84809, -3800.85375977], [-120.69589, 45.84172, -3484.1027832]]], [[[-120.95162, 45.74675, -2831.22412109], [-120.95614, 45.75514, -3199.29492188], [-120.96524, 45.7484, -2880.88134766], [-120.95162, 45.74675, -2831.22412109]]], [[[-120.95162, 45.74675, -2831.22412109], [-120.96524, 45.7484, -2880.88134766], [-120.96124, 45.74029, -2529.8293457], [-120.95162, 45.74675, -2831.22412109]]], [[[-120.65979, 45.82344, -2617.11743164], [-120.64626, 45.82313, -2420.73657227], [-120.65067, 45.83056, -2751.13647461], [-120.65979, 45.82344, -2617.11743164]]], [[[-120.96124, 45.74029, -2529.8293457], [-120.94765, 45.73935, -2507.0456543], [-120.95162, 45.74675, -2831.22412109], [-120.96124, 45.74029, -2529.8293457]]], [[[-120.94765, 45.73935, -2507.0456543], [-120.96124, 45.74029, -2529.8293457], [-120.95696, 45.73286, -2203.64501953], [-120.94765, 45.73935, -2507.0456543]]], [[[-120.6696, 45.81684, -2446.58959961], [-120.65979, 45.82344, -2617.11743164], [-120.67338, 45.82445, -2774.28930664], [-120.6696, 45.81684, -2446.58959961]]], [[[-120.95696, 45.73286, -2203.64501953], [-120.9433, 45.7313, -2154.1472168], [-120.94765, 45.73935, -2507.0456543], [-120.95696, 45.73286, -2203.64501953]]], [[[-120.9433, 45.7313, -2154.1472168], [-120.95696, 45.73286, -2203.64501953], [-120.95242, 45.72454, -1839.90429688], [-120.9433, 45.7313, -2154.1472168]]], [[[-120.93884, 45.72313, -1796.48596191], [-120.95242, 45.72454, -1839.90429688], [-120.94857, 45.71683, -1505.82177734], [-120.93884, 45.72313, -1796.48596191]]], [[[-120.67338, 45.82445, -2774.28930664], [-120.65979, 45.82344, -2617.11743164], [-120.66421, 45.83157, -2970.24243164], [-120.67338, 45.82445, -2774.28930664]]], [[[-120.93462, 45.71547, -1461.25817871], [-120.93884, 45.72313, -1796.48596191], [-120.94857, 45.71683, -1505.82177734], [-120.93462, 45.71547, -1461.25817871]]], [[[-120.93462, 45.71547, -1461.25817871], [-120.94857, 45.71683, -1505.82177734], [-120.94372, 45.70894, -1156.87524414], [-120.93462, 45.71547, -1461.25817871]]], [[[-120.67792, 45.83281, -3137.30273438], [-120.66421, 45.83157, -2970.24243164], [-120.66863, 45.83972, -3323.99926758], [-120.67792, 45.83281, -3137.30273438]]], [[[-120.94857, 45.71683, -1505.82177734], [-120.95778, 45.71, -1274.78198242], [-120.94372, 45.70894, -1156.87524414], [-120.94857, 45.71683, -1505.82177734]]], [[[-120.67049, 45.76437, -477.64562988], [-120.67227, 45.75515, -158.28559875], [-120.66071, 45.75931, -67.21684265], [-120.67049, 45.76437, -477.64562988]]], [[[-120.94857, 45.71683, -1505.82177734], [-120.96212, 45.71789, -1619.26977539], [-120.95778, 45.71, -1274.78198242], [-120.94857, 45.71683, -1505.82177734]]], [[[-120.67338, 45.82445, -2774.28930664], [-120.66421, 45.83157, -2970.24243164], [-120.67792, 45.83281, -3137.30273438], [-120.67338, 45.82445, -2774.28930664]]], [[[-120.95242, 45.72454, -1839.90429688], [-120.96212, 45.71789, -1619.26977539], [-120.94857, 45.71683, -1505.82177734], [-120.95242, 45.72454, -1839.90429688]]], [[[-120.65809, 45.76848, -276.29190063], [-120.65423, 45.77717, -709.05145264], [-120.66454, 45.78226, -883.91918945], [-120.65809, 45.76848, -276.29190063]]], [[[-120.95242, 45.72454, -1839.90429688], [-120.96618, 45.7258, -1964.38891602], [-120.96212, 45.71789, -1619.26977539], [-120.95242, 45.72454, -1839.90429688]]], [[[-120.74543, 45.78677, -2028.83752441], [-120.74775, 45.77746, -1712.19958496], [-120.73501, 45.78123, -1662.64709473], [-120.74543, 45.78677, -2028.83752441]]], [[[-120.95696, 45.73286, -2203.64501953], [-120.96618, 45.7258, -1964.38891602], [-120.95242, 45.72454, -1839.90429688], [-120.95696, 45.73286, -2203.64501953]]], [[[-120.77127, 45.74854, -332.91500854], [-120.7866, 45.74695, -479.64282227], [-120.77566, 45.74073, -88.75637817], [-120.77127, 45.74854, -332.91500854]]], [[[-120.95696, 45.73286, -2203.64501953], [-120.97069, 45.73362, -2305.64990234], [-120.96618, 45.7258, -1964.38891602], [-120.95696, 45.73286, -2203.64501953]]], [[[-120.75932, 45.74383, -160.15161133], [-120.76235, 45.75479, -668.79571533], [-120.77127, 45.74854, -332.91500854], [-120.75932, 45.74383, -160.15161133]]], [[[-120.96524, 45.7484, -2880.88134766], [-120.97481, 45.74154, -2651.54736328], [-120.96124, 45.74029, -2529.8293457], [-120.96524, 45.7484, -2880.88134766]]], [[[-120.68702, 45.82611, -2805.55834961], [-120.68321, 45.8182, -2457.16625977], [-120.67338, 45.82445, -2774.28930664], [-120.68702, 45.82611, -2805.55834961]]], [[[-120.96524, 45.7484, -2880.88134766], [-120.97909, 45.74941, -2994.93383789], [-120.97481, 45.74154, -2651.54736328], [-120.96524, 45.7484, -2880.88134766]]], [[[-120.66115, 45.80044, -1737.7121582], [-120.64716, 45.80009, -1604.21081543], [-120.65128, 45.80781, -1938.14587402], [-120.66115, 45.80044, -1737.7121582]]], [[[-120.96992, 45.75629, -3228.55151367], [-120.97909, 45.74941, -2994.93383789], [-120.96524, 45.7484, -2880.88134766], [-120.96992, 45.75629, -3228.55151367]]], [[[-120.66863, 45.83972, -3323.99926758], [-120.66421, 45.83157, -2970.24243164], [-120.65521, 45.83888, -3113.82006836], [-120.66863, 45.83972, -3323.99926758]]], [[[-120.97909, 45.74941, -2994.93383789], [-120.96992, 45.75629, -3228.55151367], [-120.9835, 45.75728, -3338.56542969], [-120.97909, 45.74941, -2994.93383789]]], [[[-120.65521, 45.83888, -3113.82006836], [-120.64166, 45.83806, -2837.09936523], [-120.64569, 45.84594, -3176.66186523], [-120.65521, 45.83888, -3113.82006836]]], [[[-120.97909, 45.74941, -2994.93383789], [-120.99268, 45.75079, -3038.3059082], [-120.98841, 45.74291, -2693.73071289], [-120.97909, 45.74941, -2994.93383789]]], [[[-120.70451, 45.85736, -4165.86865234], [-120.69992, 45.84961, -3829.94897461], [-120.69081, 45.85625, -4157.01318359], [-120.70451, 45.85736, -4165.86865234]]], [[[-120.97481, 45.74154, -2651.54736328], [-120.98841, 45.74291, -2693.73071289], [-120.98413, 45.73503, -2349.15551758], [-120.97481, 45.74154, -2651.54736328]]], [[[-120.75055, 45.75024, -482.65652466], [-120.75932, 45.74383, -160.15161133], [-120.74171, 45.74431, -214.9151001], [-120.75055, 45.75024, -482.65652466]]], [[[-120.96618, 45.7258, -1964.38891602], [-120.97069, 45.73362, -2305.64990234], [-120.97986, 45.72716, -2004.58007812], [-120.96618, 45.7258, -1964.38891602]]], [[[-120.76235, 45.75479, -668.79571533], [-120.77929, 45.75484, -661.574646], [-120.77127, 45.74854, -332.91500854], [-120.76235, 45.75479, -668.79571533]]], [[[-120.96618, 45.7258, -1964.38891602], [-120.97986, 45.72716, -2004.58007812], [-120.97559, 45.71928, -1660.00476074], [-120.96618, 45.7258, -1964.38891602]]], [[[-120.7493, 45.75925, -867.50030518], [-120.73876, 45.7535, -647.62054443], [-120.73774, 45.76254, -1064.68945312], [-120.7493, 45.75925, -867.50030518]]], [[[-120.96212, 45.71789, -1619.26977539], [-120.96618, 45.7258, -1964.38891602], [-120.97559, 45.71928, -1660.00476074], [-120.96212, 45.71789, -1619.26977539]]], [[[-120.65067, 45.83056, -2751.13647461], [-120.63718, 45.83031, -2493.48046875], [-120.64166, 45.83806, -2837.09936523], [-120.65067, 45.83056, -2751.13647461]]], [[[-120.96212, 45.71789, -1619.26977539], [-120.97559, 45.71928, -1660.00476074], [-120.97133, 45.7114, -1315.42956543], [-120.96212, 45.71789, -1619.26977539]]], [[[-120.95778, 45.71, -1274.78198242], [-120.97133, 45.7114, -1315.42956543], [-120.96706, 45.70352, -970.85418701], [-120.95778, 45.71, -1274.78198242]]], [[[-120.72825, 45.75619, -687.6751709], [-120.73876, 45.7535, -647.62054443], [-120.72918, 45.74691, -383.12078857], [-120.72825, 45.75619, -687.6751709]]], [[[-120.95344, 45.70215, -932.03100586], [-120.95778, 45.71, -1274.78198242], [-120.96706, 45.70352, -970.85418701], [-120.95344, 45.70215, -932.03100586]]], [[[-120.65979, 45.82344, -2617.11743164], [-120.6696, 45.81684, -2446.58959961], [-120.65581, 45.81615, -2300.49243164], [-120.65979, 45.82344, -2617.11743164]]], [[[-120.94372, 45.70894, -1156.87524414], [-120.95778, 45.71, -1274.78198242], [-120.95344, 45.70215, -932.03100586], [-120.94372, 45.70894, -1156.87524414]]], [[[-120.67792, 45.83281, -3137.30273438], [-120.66863, 45.83972, -3323.99926758], [-120.68226, 45.84028, -3464.20263672], [-120.67792, 45.83281, -3137.30273438]]], [[[-120.94372, 45.70894, -1156.87524414], [-120.95344, 45.70215, -932.03100586], [-120.93894, 45.70077, -797.37475586], [-120.94372, 45.70894, -1156.87524414]]], [[[-120.93894, 45.70077, -797.37475586], [-120.9494, 45.69421, -585.9989624], [-120.93638, 45.69374, -500.40576172], [-120.93894, 45.70077, -797.37475586]]], [[[-120.69171, 45.83391, -3143.26098633], [-120.68702, 45.82611, -2805.55834961], [-120.67792, 45.83281, -3137.30273438], [-120.69171, 45.83391, -3143.26098633]]], [[[-120.9494, 45.69421, -585.9989624], [-120.96279, 45.69564, -626.27893066], [-120.95853, 45.68776, -281.70361328], [-120.9494, 45.69421, -585.9989624]]], [[[-120.68727, 45.78552, -1460.63464355], [-120.6913, 45.77585, -1129.66601562], [-120.67749, 45.78027, -1133.67675781], [-120.68727, 45.78552, -1460.63464355]]], [[[-120.95344, 45.70215, -932.03100586], [-120.96706, 45.70352, -970.85418701], [-120.96279, 45.69564, -626.27893066], [-120.95344, 45.70215, -932.03100586]]], [[[-120.67749, 45.78027, -1133.67675781], [-120.66454, 45.78226, -883.91918945], [-120.67174, 45.79156, -1285.32434082], [-120.67749, 45.78027, -1133.67675781]]], [[[-120.98752, 45.7652, -3684.12548828], [-120.99695, 45.75867, -3382.88134766], [-120.9835, 45.75728, -3338.56542969], [-120.98752, 45.7652, -3684.12548828]]], [[[-120.6913, 45.77585, -1129.66601562], [-120.70172, 45.78158, -1380.55236816], [-120.70346, 45.77244, -1003.95184326], [-120.6913, 45.77585, -1129.66601562]]], [[[-120.99201, 45.77301, -4025.41821289], [-121.00123, 45.76655, -3727.45654297], [-120.98752, 45.7652, -3684.12548828], [-120.99201, 45.77301, -4025.41821289]]], [[[-120.633, 45.77421, -478.86679077], [-120.63622, 45.76484, -146.27481079], [-120.62356, 45.76792, -121.96300507], [-120.633, 45.77421, -478.86679077]]], [[[-120.99622, 45.78094, -4371.09619141], [-121.00551, 45.77443, -4072.03198242], [-120.99201, 45.77301, -4025.41821289], [-120.99622, 45.78094, -4371.09619141]]], [[[-120.80749, 45.74708, -974.11022949], [-120.80703, 45.73773, -750.27844238], [-120.79758, 45.74135, -517.3079834], [-120.80749, 45.74708, -974.11022949]]], [[[-120.98658, 45.78772, -4598.07128906], [-121.00043, 45.78882, -4715.12451172], [-120.99622, 45.78094, -4371.09619141], [-120.98658, 45.78772, -4598.07128906]]], [[[-120.68727, 45.78552, -1460.63464355], [-120.70172, 45.78158, -1380.55236816], [-120.6913, 45.77585, -1129.66601562], [-120.68727, 45.78552, -1460.63464355]]], [[[-120.99127, 45.79579, -4952.75976562], [-121.00043, 45.78882, -4715.12451172], [-120.98658, 45.78772, -4598.07128906], [-120.99127, 45.79579, -4952.75976562]]], [[[-120.68727, 45.78552, -1460.63464355], [-120.67749, 45.78027, -1133.67675781], [-120.67174, 45.79156, -1285.32434082], [-120.68727, 45.78552, -1460.63464355]]], [[[-121.00491, 45.79666, -5057.55761719], [-121.01834, 45.79806, -5105.7578125], [-121.01406, 45.79018, -4761.18261719], [-121.00491, 45.79666, -5057.55761719]]], [[[-121.00797, 45.82705, -6315.46240234], [-121.01265, 45.83521, -6673.69042969], [-121.02179, 45.82822, -6435.22900391], [-121.00797, 45.82705, -6315.46240234]]], [[[-121.01265, 45.83521, -6673.69042969], [-121.02633, 45.83603, -6776.71435547], [-121.02179, 45.82822, -6435.22900391], [-121.01265, 45.83521, -6673.69042969]]], [[[-120.74543, 45.78677, -2028.83752441], [-120.73501, 45.78123, -1662.64709473], [-120.73344, 45.79084, -2005.77148438], [-120.74543, 45.78677, -2028.83752441]]], [[[-121.01668, 45.84261, -6997.2265625], [-121.02633, 45.83603, -6776.71435547], [-121.01265, 45.83521, -6673.69042969], [-121.01668, 45.84261, -6997.2265625]]], [[[-120.65423, 45.77717, -709.05145264], [-120.65809, 45.76848, -276.29190063], [-120.64518, 45.77159, -481.89907837], [-120.65423, 45.77717, -709.05145264]]], [[[-121.01668, 45.84261, -6997.2265625], [-121.00719, 45.84908, -7315.48632812], [-121.02092, 45.85089, -7356.81494141], [-121.01668, 45.84261, -6997.2265625]]], [[[-121.01173, 45.85745, -7682.20166016], [-121.02092, 45.85089, -7356.81494141], [-121.00719, 45.84908, -7315.48632812], [-121.01173, 45.85745, -7682.20166016]]], [[[-121.02092, 45.85089, -7356.81494141], [-121.02552, 45.85862, -7697.41796875], [-121.03475, 45.85181, -7465.31542969], [-121.02092, 45.85089, -7356.81494141]]], [[[-120.77127, 45.74854, -332.91500854], [-120.77566, 45.74073, -88.75637817], [-120.75932, 45.74383, -160.15161133], [-120.77127, 45.74854, -332.91500854]]], [[[-121.02092, 45.85089, -7356.81494141], [-121.03475, 45.85181, -7465.31542969], [-121.03036, 45.84397, -7122.79394531], [-121.02092, 45.85089, -7356.81494141]]], [[[-120.80703, 45.73773, -750.27844238], [-120.80564, 45.72811, -400.3175354], [-120.79702, 45.73223, -222.41311646], [-120.80703, 45.73773, -750.27844238]]], [[[-121.03475, 45.85181, -7465.31542969], [-121.04405, 45.84532, -7173.20947266], [-121.03036, 45.84397, -7122.79394531], [-121.03475, 45.85181, -7465.31542969]]], [[[-121.03475, 45.85181, -7465.31542969], [-121.04834, 45.8532, -7517.78515625], [-121.04405, 45.84532, -7173.20947266], [-121.03475, 45.85181, -7465.31542969]]], [[[-120.79758, 45.74135, -517.3079834], [-120.80703, 45.73773, -750.27844238], [-120.79702, 45.73223, -222.41311646], [-120.79758, 45.74135, -517.3079834]]], [[[-121.0391, 45.8597, -7810.06201172], [-121.04319, 45.86761, -8155.03271484], [-121.05263, 45.86108, -7862.36035156], [-121.0391, 45.8597, -7810.06201172]]], [[[-120.79758, 45.74135, -517.3079834], [-120.79702, 45.73223, -222.41311646], [-120.78714, 45.73695, -150.83744812], [-120.79758, 45.74135, -517.3079834]]], [[[-121.02938, 45.86637, -8033.06201172], [-121.04319, 45.86761, -8155.03271484], [-121.0391, 45.8597, -7810.06201172], [-121.02938, 45.86637, -8033.06201172]]], [[[-120.66864, 45.77356, -692.08953857], [-120.67049, 45.76437, -477.64562988], [-120.65809, 45.76848, -276.29190063], [-120.66864, 45.77356, -692.08953857]]], [[[-121.03398, 45.87466, -8395.96386719], [-121.04319, 45.86761, -8155.03271484], [-121.02938, 45.86637, -8033.06201172], [-121.03398, 45.87466, -8395.96386719]]], [[[-120.64518, 45.77159, -481.89907837], [-120.6477, 45.76253, -61.58432007], [-120.63622, 45.76484, -146.27481079], [-120.64518, 45.77159, -481.89907837]]], [[[-121.03824, 45.88207, -8721.30761719], [-121.04773, 45.87542, -8496.33496094], [-121.03398, 45.87466, -8395.96386719], [-121.03824, 45.88207, -8721.30761719]]], [[[-120.65729, 45.79254, -1397.8223877], [-120.67174, 45.79156, -1285.32434082], [-120.66454, 45.78226, -883.91918945], [-120.65729, 45.79254, -1397.8223877]]], [[[-121.04229, 45.89022, -9074.14550781], [-121.05185, 45.88335, -8842.29785156], [-121.03824, 45.88207, -8721.30761719], [-121.04229, 45.89022, -9074.14550781]]], [[[-120.91117, 45.72078, -1683.4519043], [-120.9252, 45.72193, -1818.35644531], [-120.92073, 45.71347, -1446.98937988], [-120.91117, 45.72078, -1683.4519043]]], [[[-121.04229, 45.89022, -9074.14550781], [-121.05617, 45.89121, -9185.45605469], [-121.05185, 45.88335, -8842.29785156], [-121.04229, 45.89022, -9074.14550781]]], [[[-120.91005, 45.74336, -2430.23144531], [-120.92436, 45.74441, -2719.01977539], [-120.92048, 45.7365, -2378.38354492], [-120.91005, 45.74336, -2430.23144531]]], [[[-121.04229, 45.89022, -9074.14550781], [-121.04697, 45.89807, -9420.03515625], [-121.05617, 45.89121, -9185.45605469], [-121.04229, 45.89022, -9074.14550781]]], [[[-120.64518, 45.77159, -481.89907837], [-120.633, 45.77421, -478.86679077], [-120.63946, 45.78206, -845.13769531], [-120.64518, 45.77159, -481.89907837]]], [[[-121.03314, 45.89684, -9408.65722656], [-121.04697, 45.89807, -9420.03515625], [-121.04229, 45.89022, -9074.14550781], [-121.03314, 45.89684, -9408.65722656]]], [[[-120.66115, 45.80044, -1737.7121582], [-120.65128, 45.80781, -1938.14587402], [-120.6649, 45.80912, -2106.87182617], [-120.66115, 45.80044, -1737.7121582]]], [[[-121.03314, 45.89684, -9408.65722656], [-121.03713, 45.90421, -9731.93945312], [-121.04697, 45.89807, -9420.03515625], [-121.03314, 45.89684, -9408.65722656]]], [[[-121.02782, 45.9106, -10083.84863281], [-121.0416, 45.91235, -10088.65332031], [-121.03713, 45.90421, -9731.93945312], [-121.02782, 45.9106, -10083.84863281]]], [[[-121.03238, 45.91896, -10450.18652344], [-121.0416, 45.91235, -10088.65332031], [-121.02782, 45.9106, -10083.84863281], [-121.03238, 45.91896, -10450.18652344]]], [[[-120.90697, 45.71364, -1367.81408691], [-120.89496, 45.7203, -1372.21057129], [-120.91117, 45.72078, -1683.4519043], [-120.90697, 45.71364, -1367.81408691]]], [[[-121.03238, 45.91896, -10450.18652344], [-121.04602, 45.92052, -10446.53027344], [-121.0416, 45.91235, -10088.65332031], [-121.03238, 45.91896, -10450.18652344]]], [[[-120.85559, 45.72733, -971.71697998], [-120.85718, 45.71812, -678.66375732], [-120.84383, 45.72287, -604.02636719], [-120.85559, 45.72733, -971.71697998]]], [[[-121.03238, 45.91896, -10450.18652344], [-121.0362, 45.92658, -10786.20898438], [-121.04602, 45.92052, -10446.53027344], [-121.03238, 45.91896, -10450.18652344]]], [[[-120.90621, 45.73538, -2092.51708984], [-120.92048, 45.7365, -2378.38354492], [-120.91581, 45.72868, -2032.09240723], [-120.90621, 45.73538, -2092.51708984]]], [[[-121.03238, 45.91896, -10450.18652344], [-121.02262, 45.92567, -10629.13964844], [-121.0362, 45.92658, -10786.20898438], [-121.03238, 45.91896, -10450.18652344]]], [[[-121.02708, 45.93364, -10978.31933594], [-121.0362, 45.92658, -10786.20898438], [-121.02262, 45.92567, -10629.13964844], [-121.02708, 45.93364, -10978.31933594]]], [[[-120.84383, 45.72287, -604.02636719], [-120.84555, 45.71365, -326.64624023], [-120.832, 45.71828, -361.06182861], [-120.84383, 45.72287, -604.02636719]]], [[[-121.02708, 45.93364, -10978.31933594], [-121.04093, 45.93442, -11127.27246094], [-121.0362, 45.92658, -10786.20898438], [-121.02708, 45.93364, -10978.31933594]]], [[[-120.86946, 45.71287, -662.65002441], [-120.88123, 45.70718, -662.03210449], [-120.86905, 45.70371, -317.58706665], [-120.86946, 45.71287, -662.65002441]]], [[[-121.0362, 45.92658, -10786.20898438], [-121.04093, 45.93442, -11127.27246094], [-121.05006, 45.92787, -10768.95117188], [-121.0362, 45.92658, -10786.20898438]]], [[[-121.0362, 45.92658, -10786.20898438], [-121.05006, 45.92787, -10768.95117188], [-121.04602, 45.92052, -10446.53027344], [-121.0362, 45.92658, -10786.20898438]]], [[[-120.86563, 45.74013, -1583.79333496], [-120.86782, 45.73135, -1309.57971191], [-120.85329, 45.73612, -1223.92504883], [-120.86563, 45.74013, -1583.79333496]]], [[[-121.05006, 45.92787, -10768.95117188], [-121.05975, 45.92151, -10444.17675781], [-121.04602, 45.92052, -10446.53027344], [-121.05006, 45.92787, -10768.95117188]]], [[[-121.05006, 45.92787, -10768.95117188], [-121.05462, 45.93619, -11133.5078125], [-121.06372, 45.92953, -10792.02050781], [-121.05006, 45.92787, -10768.95117188]]], [[[-120.88167, 45.72583, -1290.57568359], [-120.88177, 45.71646, -972.23449707], [-120.86927, 45.72207, -1002.12426758], [-120.88167, 45.72583, -1290.57568359]]], [[[-121.04503, 45.94255, -11485.86230469], [-121.05462, 45.93619, -11133.5078125], [-121.04093, 45.93442, -11127.27246094], [-121.04503, 45.94255, -11485.86230469]]], [[[-120.68199, 45.76145, -501.95526123], [-120.68037, 45.77067, -828.87866211], [-120.69279, 45.7669, -740.96942139], [-120.68199, 45.76145, -501.95526123]]], [[[-121.04503, 45.94255, -11485.86230469], [-121.05872, 45.94364, -11459.72070312], [-121.05462, 45.93619, -11133.5078125], [-121.04503, 45.94255, -11485.86230469]]], [[[-120.85346, 45.74534, -1555.91870117], [-120.841, 45.74067, -1332.58532715], [-120.84235, 45.74989, -1712.02282715], [-120.85346, 45.74534, -1555.91870117]]], [[[-121.0493, 45.94998, -11809.66113281], [-121.05872, 45.94364, -11459.72070312], [-121.04503, 45.94255, -11485.86230469], [-121.0493, 45.94998, -11809.66113281]]], [[[-120.89269, 45.71128, -1032.76025391], [-120.88123, 45.70718, -662.03210449], [-120.88177, 45.71646, -972.23449707], [-120.89269, 45.71128, -1032.76025391]]], [[[-121.05389, 45.95821, -12170.22753906], [-121.06308, 45.95159, -11808.29882812], [-121.0493, 45.94998, -11809.66113281], [-121.05389, 45.95821, -12170.22753906]]], [[[-121.05389, 45.95821, -12170.22753906], [-121.06753, 45.95983, -12169.46289062], [-121.06308, 45.95159, -11808.29882812], [-121.05389, 45.95821, -12170.22753906]]], [[[-120.90158, 45.75017, -2473.86132812], [-120.91537, 45.75163, -2807.78344727], [-120.91005, 45.74336, -2430.23144531], [-120.90158, 45.75017, -2473.86132812]]], [[[-121.05389, 45.95821, -12170.22753906], [-121.0578, 45.96596, -12508.48925781], [-121.06753, 45.95983, -12169.46289062], [-121.05389, 45.95821, -12170.22753906]]], [[[-120.77566, 45.74073, -88.75637817], [-120.78714, 45.73695, -150.83744812], [-120.77747, 45.73199, 190.35484314], [-120.77566, 45.74073, -88.75637817]]], [[[-121.05389, 45.95821, -12170.22753906], [-121.0442, 45.96506, -12349.92871094], [-121.0578, 45.96596, -12508.48925781], [-121.05389, 45.95821, -12170.22753906]]], [[[-120.90081, 45.6983, -722.5579834], [-120.90023, 45.68851, -348.21084595], [-120.89022, 45.69287, -385.24090576], [-120.90081, 45.6983, -722.5579834]]], [[[-121.0442, 45.96506, -12349.92871094], [-121.05389, 45.95821, -12170.22753906], [-121.04025, 45.95708, -12006.09375], [-121.0442, 45.96506, -12349.92871094]]], [[[-120.85718, 45.71812, -678.66375732], [-120.85746, 45.70894, -360.39807129], [-120.84555, 45.71365, -326.64624023], [-120.85718, 45.71812, -678.66375732]]], [[[-121.05389, 45.95821, -12170.22753906], [-121.0493, 45.94998, -11809.66113281], [-121.04025, 45.95708, -12006.09375], [-121.05389, 45.95821, -12170.22753906]]], [[[-120.86946, 45.71287, -662.65002441], [-120.86905, 45.70371, -317.58706665], [-120.85746, 45.70894, -360.39807129], [-120.86946, 45.71287, -662.65002441]]], [[[-121.04859, 45.97295, -12695.3984375], [-121.0578, 45.96596, -12508.48925781], [-121.0442, 45.96506, -12349.92871094], [-121.04859, 45.97295, -12695.3984375]]], [[[-120.6253, 45.78343, -703.63098145], [-120.63946, 45.78206, -845.13769531], [-120.633, 45.77421, -478.86679077], [-120.6253, 45.78343, -703.63098145]]], [[[-121.04859, 45.97295, -12695.3984375], [-121.06241, 45.97376, -12850.54882812], [-121.0578, 45.96596, -12508.48925781], [-121.04859, 45.97295, -12695.3984375]]], [[[-120.62096, 45.77629, -383.85339355], [-120.6253, 45.78343, -703.63098145], [-120.633, 45.77421, -478.86679077], [-120.62096, 45.77629, -383.85339355]]], [[[-121.04373, 45.98808, -13105.03125], [-121.05707, 45.98871, -13379.9453125], [-121.05299, 45.98077, -13038.06640625], [-121.04373, 45.98808, -13105.03125]]], [[[-120.69351, 45.75791, -350.14022827], [-120.70721, 45.75437, -345.74072266], [-120.69654, 45.74903, -36.90848541], [-120.69351, 45.75791, -350.14022827]]], [[[-121.05233, 46.00378, -13789.92578125], [-121.06162, 45.99653, -13725.52246094], [-121.04808, 45.99601, -13451.1953125], [-121.05233, 46.00378, -13789.92578125]]], [[[-120.65581, 45.81615, -2300.49243164], [-120.64237, 45.81522, -2084.13427734], [-120.64626, 45.82313, -2420.73657227], [-120.65581, 45.81615, -2300.49243164]]], [[[-121.05233, 46.00378, -13789.92578125], [-121.06575, 46.00437, -14064.74609375], [-121.06162, 45.99653, -13725.52246094], [-121.05233, 46.00378, -13789.92578125]]], [[[-120.91031, 45.69518, -649.10284424], [-120.92303, 45.69644, -632.96154785], [-120.9124, 45.68725, -260.97677612], [-120.91031, 45.69518, -649.10284424]]], [[[-121.05668, 46.01163, -14133.40917969], [-121.06575, 46.00437, -14064.74609375], [-121.05233, 46.00378, -13789.92578125], [-121.05668, 46.01163, -14133.40917969]]], [[[-120.85718, 45.71812, -678.66375732], [-120.86927, 45.72207, -1002.12426758], [-120.86946, 45.71287, -662.65002441], [-120.85718, 45.71812, -678.66375732]]], [[[-121.05668, 46.01163, -14133.40917969], [-121.06999, 46.01232, -14409.54589844], [-121.06575, 46.00437, -14064.74609375], [-121.05668, 46.01163, -14133.40917969]]], [[[-120.68199, 45.76145, -501.95526123], [-120.68344, 45.75229, -104.13950348], [-120.67227, 45.75515, -158.28559875], [-120.68199, 45.76145, -501.95526123]]], [[[-121.06104, 46.01966, -14483.03613281], [-121.06999, 46.01232, -14409.54589844], [-121.05668, 46.01163, -14133.40917969], [-121.06104, 46.01966, -14483.03613281]]], [[[-120.88043, 45.69802, -350.17370605], [-120.86874, 45.69453, 7.64986897], [-120.86905, 45.70371, -317.58706665], [-120.88043, 45.69802, -350.17370605]]], [[[-121.06104, 46.01966, -14483.03613281], [-121.06525, 46.02736, -14818.453125], [-121.0746, 46.02009, -14754.05761719], [-121.06104, 46.01966, -14483.03613281]]], [[[-120.86927, 45.72207, -1002.12426758], [-120.85718, 45.71812, -678.66375732], [-120.85559, 45.72733, -971.71697998], [-120.86927, 45.72207, -1002.12426758]]], [[[-121.06104, 46.01966, -14483.03613281], [-121.05185, 46.02699, -14533.67285156], [-121.06525, 46.02736, -14818.453125], [-121.06104, 46.01966, -14483.03613281]]], [[[-120.8932, 45.73046, -1663.1315918], [-120.90331, 45.7271, -1764.59008789], [-120.89496, 45.7203, -1372.21057129], [-120.8932, 45.73046, -1663.1315918]]], [[[-121.03829, 46.02594, -14311.10449219], [-121.05185, 46.02699, -14533.67285156], [-121.04763, 46.01891, -14184.5546875], [-121.03829, 46.02594, -14311.10449219]]], [[[-120.84383, 45.72287, -604.02636719], [-120.85718, 45.71812, -678.66375732], [-120.84555, 45.71365, -326.64624023], [-120.84383, 45.72287, -604.02636719]]], [[[-121.04264, 46.0342, -14668.42871094], [-121.05622, 46.03469, -14872.79785156], [-121.05185, 46.02699, -14533.67285156], [-121.04264, 46.0342, -14668.42871094]]], [[[-120.88043, 45.69802, -350.17370605], [-120.87885, 45.68893, -23.35383987], [-120.86874, 45.69453, 7.64986897], [-120.88043, 45.69802, -350.17370605]]], [[[-121.03769, 46.04895, -15107.27050781], [-121.04668, 46.04162, -14991.60742188], [-121.03309, 46.04125, -14765.41601562], [-121.03769, 46.04895, -15107.27050781]]], [[[-120.90146, 45.77417, -3323.625], [-120.91057, 45.76703, -3205.72607422], [-120.89696, 45.76596, -2964.88427734], [-120.90146, 45.77417, -3323.625]]], [[[-121.02845, 46.057, -15223.29199219], [-121.01694, 46.06333, -15397.80957031], [-121.02829, 46.06752, -15623.93261719], [-121.02845, 46.057, -15223.29199219]]], [[[-120.92436, 45.74441, -2719.01977539], [-120.92877, 45.75232, -3065.94262695], [-120.93784, 45.74535, -2844.53320312], [-120.92436, 45.74441, -2719.01977539]]], [[[-121.00495, 46.06727, -15418.41992188], [-120.99709, 46.07291, -15493.60644531], [-121.01264, 46.07439, -15758.39746094], [-121.00495, 46.06727, -15418.41992188]]], [[[-120.90616, 45.75881, -2848.26757812], [-120.91057, 45.76703, -3205.72607422], [-120.91953, 45.75954, -3150.02319336], [-120.90616, 45.75881, -2848.26757812]]], [[[-120.99125, 46.06217, -15026.09472656], [-121.00495, 46.06727, -15418.41992188], [-121.0037, 46.06075, -15149.45410156], [-120.99125, 46.06217, -15026.09472656]]], [[[-120.98449, 46.07095, -15091.80078125], [-120.99125, 46.06217, -15026.09472656], [-120.9776, 46.06152, -14617.33105469], [-120.98449, 46.07095, -15091.80078125]]], [[[-120.86946, 45.71287, -662.65002441], [-120.88177, 45.71646, -972.23449707], [-120.88123, 45.70718, -662.03210449], [-120.86946, 45.71287, -662.65002441]]], [[[-121.00058, 46.08193, -15860.52929688], [-120.99675, 46.09088, -16016.75390625], [-121.01284, 46.08523, -16188.59082031], [-121.00058, 46.08193, -15860.52929688]]], [[[-120.96009, 46.09744, -15627.51171875], [-120.97338, 46.09739, -15741.91894531], [-120.97069, 46.08776, -15354.16308594], [-120.96009, 46.09744, -15627.51171875]]], [[[-121.06025, 46.04254, -15210.86816406], [-121.07373, 46.04315, -15503.91503906], [-121.0695, 46.03535, -15164.49316406], [-121.06025, 46.04254, -15210.86816406]]], [[[-121.02526, 46.00232, -13278.94238281], [-121.03892, 46.00326, -13498.48632812], [-121.03479, 45.99542, -13158.86132812], [-121.02526, 46.00232, -13278.94238281]]], [[[-121.06525, 46.02736, -14818.453125], [-121.0695, 46.03535, -15164.49316406], [-121.07858, 46.0281, -15096.86816406], [-121.06525, 46.02736, -14818.453125]]], [[[-121.01257, 45.97876, -12252.56738281], [-121.02606, 45.97955, -12466.0078125], [-121.02195, 45.9718, -12130.34277344], [-121.01257, 45.97876, -12252.56738281]]], [[[-121.07858, 46.0281, -15096.86816406], [-121.09213, 46.0288, -15253.75585938], [-121.08817, 46.02133, -14927.89355469], [-121.07858, 46.0281, -15096.86816406]]], [[[-120.9848, 45.99994, -12659.1328125], [-120.99435, 45.99318, -12450.94921875], [-120.9805, 45.99233, -12326.13574219], [-120.9848, 45.99994, -12659.1328125]]], [[[-121.07858, 46.0281, -15096.86816406], [-121.08303, 46.03591, -15440.22363281], [-121.09213, 46.0288, -15253.75585938], [-121.07858, 46.0281, -15096.86816406]]], [[[-121.01284, 46.08523, -16188.59082031], [-121.02592, 46.08671, -16369.16894531], [-121.02483, 46.07752, -16016.75097656], [-121.01284, 46.08523, -16188.59082031]]], [[[-121.0825, 46.05909, -16199.55273438], [-121.0876, 46.06621, -16533.91015625], [-121.09616, 46.05952, -16472.70117188], [-121.0825, 46.05909, -16199.55273438]]], [[[-120.9149, 45.77474, -3544.65234375], [-120.91891, 45.78271, -3885.45825195], [-120.92816, 45.77543, -3842.54150391], [-120.9149, 45.77474, -3544.65234375]]], [[[-121.05797, 46.07165, -16219.60058594], [-121.05978, 46.06485, -16010.88769531], [-121.0453, 46.06642, -15838.13671875], [-121.05797, 46.07165, -16219.60058594]]], [[[-121.03706, 46.07424, -15965.32421875], [-121.02483, 46.07752, -16016.75097656], [-121.03668, 46.08313, -16305.80566406], [-121.03706, 46.07424, -15965.32421875]]], [[[-121.00326, 45.98585, -12357.04003906], [-121.01684, 45.98667, -12596.97851562], [-121.01257, 45.97876, -12252.56738281], [-121.00326, 45.98585, -12357.04003906]]], [[[-121.02592, 46.08671, -16369.16894531], [-121.02188, 46.09482, -16631.86132812], [-121.03602, 46.09319, -16731.07617188], [-121.02592, 46.08671, -16369.16894531]]], [[[-121.02633, 45.83603, -6776.71435547], [-121.03976, 45.83745, -6828.63427734], [-121.03548, 45.82957, -6484.05908203], [-121.02633, 45.83603, -6776.71435547]]], [[[-120.94646, 46.09644, -15649.35253906], [-120.93822, 46.09139, -15421.01855469], [-120.93081, 46.09902, -15749.63378906], [-120.94646, 46.09644, -15649.35253906]]], [[[-121.04335, 46.01126, -13848.78320312], [-121.04763, 46.01891, -14184.5546875], [-121.05668, 46.01163, -14133.40917969], [-121.04335, 46.01126, -13848.78320312]]], [[[-120.95535, 46.08934, -15270.41308594], [-120.96009, 46.09744, -15627.51171875], [-120.97069, 46.08776, -15354.16308594], [-120.95535, 46.08934, -15270.41308594]]], [[[-120.94371, 46.07682, -14754.75], [-120.93346, 46.08335, -15068.31054688], [-120.94653, 46.084, -15080.41308594], [-120.94371, 46.07682, -14754.75]]], [[[-121.01629, 46.0096, -13393.73925781], [-121.0206, 46.0178, -13748.54785156], [-121.02981, 46.01049, -13636.65136719], [-121.01629, 46.0096, -13393.73925781]]], [[[-120.93346, 46.08335, -15068.31054688], [-120.91986, 46.08227, -15024.15234375], [-120.92449, 46.0903, -15374.35351562], [-120.93346, 46.08335, -15068.31054688]]], [[[-120.94653, 46.084, -15080.41308594], [-120.93822, 46.09139, -15421.01855469], [-120.95535, 46.08934, -15270.41308594], [-120.94653, 46.084, -15080.41308594]]], [[[-120.96058, 46.08003, -14955.41992188], [-120.97069, 46.08776, -15354.16308594], [-120.97489, 46.07858, -15093.70019531], [-120.96058, 46.08003, -14955.41992188]]], [[[-120.94001, 46.11553, -16471.93945312], [-120.94668, 46.10501, -16018.83105469], [-120.93275, 46.10819, -16164.19628906], [-120.94001, 46.11553, -16471.93945312]]], [[[-120.94923, 46.12366, -16815.62304688], [-120.93767, 46.13278, -17154.93945312], [-120.95531, 46.13199, -17185.71484375], [-120.94923, 46.12366, -16815.62304688]]], [[[-120.94116, 45.6792, 69.31327057], [-120.95, 45.672, 407.44699097], [-120.93723, 45.672, 383.70187378], [-120.94116, 45.6792, 69.31327057]]], [[[-120.9237, 46.11708, -16381.02246094], [-120.9233, 46.12912, -16831.578125], [-120.93436, 46.12377, -16789.8828125], [-120.9237, 46.11708, -16381.02246094]]], [[[-120.91969, 46.10606, -15935.22753906], [-120.90564, 46.10427, -15703.43554688], [-120.91026, 46.11311, -16087.07714844], [-120.91969, 46.10606, -15935.22753906]]], [[[-120.94001, 46.11553, -16471.93945312], [-120.93436, 46.12377, -16789.8828125], [-120.94923, 46.12366, -16815.62304688], [-120.94001, 46.11553, -16471.93945312]]], [[[-120.94001, 46.11553, -16471.93945312], [-120.94923, 46.12366, -16815.62304688], [-120.95209, 46.11375, -16402.62304688], [-120.94001, 46.11553, -16471.93945312]]], [[[-120.98658, 45.78772, -4598.07128906], [-120.99622, 45.78094, -4371.09619141], [-120.98265, 45.77974, -4252.58203125], [-120.98658, 45.78772, -4598.07128906]]], [[[-120.95531, 46.13199, -17185.71484375], [-120.96113, 46.14026, -17552.0078125], [-120.97222, 46.13108, -17150.17773438], [-120.95531, 46.13199, -17185.71484375]]], [[[-120.98801, 46.1302, -17153.85546875], [-120.97669, 46.12157, -16701.41601562], [-120.97222, 46.13108, -17150.17773438], [-120.98801, 46.1302, -17153.85546875]]], [[[-120.98801, 46.1302, -17153.85546875], [-120.98972, 46.12158, -16840.63085938], [-120.97669, 46.12157, -16701.41601562], [-120.98801, 46.1302, -17153.85546875]]], [[[-121.01576, 45.86486, -8007.10009766], [-121.02552, 45.85862, -7697.41796875], [-121.01173, 45.85745, -7682.20166016], [-121.01576, 45.86486, -8007.10009766]]], [[[-120.99863, 46.11554, -16771.73828125], [-121.01109, 46.11757, -17165.62304688], [-121.00502, 46.10909, -16735.26171875], [-120.99863, 46.11554, -16771.73828125]]], [[[-121.02711, 46.10313, -16998.53320312], [-121.0398, 46.10237, -17115.3515625], [-121.03602, 46.09319, -16731.07617188], [-121.02711, 46.10313, -16998.53320312]]], [[[-121.01109, 46.11757, -17165.62304688], [-121.00183, 46.12432, -17121.88867188], [-121.01456, 46.1262, -17486.66015625], [-121.01109, 46.11757, -17165.62304688]]], [[[-120.97823, 45.77225, -3922.73242188], [-120.98752, 45.7652, -3684.12548828], [-120.97372, 45.76386, -3556.83935547], [-120.97823, 45.77225, -3922.73242188]]], [[[-121.00183, 46.12432, -17121.88867188], [-120.98801, 46.1302, -17153.85546875], [-121.00249, 46.1328, -17433.3046875], [-121.00183, 46.12432, -17121.88867188]]], [[[-120.95, 45.672, 407.44699097], [-120.94116, 45.6792, 69.31327057], [-120.95426, 45.67988, 62.87168884], [-120.95, 45.672, 407.44699097]]], [[[-120.98801, 46.1302, -17153.85546875], [-120.97878, 46.13862, -17459.08789062], [-120.9932, 46.1394, -17558.27734375], [-120.98801, 46.1302, -17153.85546875]]], [[[-120.72009, 45.7323, 271.68344116], [-120.70856, 45.73615, 330.77999878], [-120.71918, 45.74136, -24.31180763], [-120.72009, 45.7323, 271.68344116]]], [[[-120.97878, 46.13862, -17459.08789062], [-120.97238, 46.14542, -17794.50390625], [-120.98566, 46.14699, -17805.73046875], [-120.97878, 46.13862, -17459.08789062]]], [[[-120.96113, 46.14026, -17552.0078125], [-120.96296, 46.14964, -17951.203125], [-120.97238, 46.14542, -17794.50390625], [-120.96113, 46.14026, -17552.0078125]]], [[[-120.74034, 45.73587, 149.85758972], [-120.73191, 45.72927, 438.5524292], [-120.73028, 45.73806, 27.2541275], [-120.74034, 45.73587, 149.85758972]]], [[[-120.97372, 45.76386, -3556.83935547], [-120.98752, 45.7652, -3684.12548828], [-120.9835, 45.75728, -3338.56542969], [-120.97372, 45.76386, -3556.83935547]]], [[[-121.00249, 46.1328, -17433.3046875], [-120.9932, 46.1394, -17558.27734375], [-121.00665, 46.14153, -17805.7890625], [-121.00249, 46.1328, -17433.3046875]]], [[[-121.03892, 46.00326, -13498.48632812], [-121.05233, 46.00378, -13789.92578125], [-121.04808, 45.99601, -13451.1953125], [-121.03892, 46.00326, -13498.48632812]]], [[[-120.616, 45.79111, -783.19348145], [-120.61154, 45.78269, -417.6479187], [-120.60274, 45.7905, -512.23309326], [-120.616, 45.79111, -783.19348145]]], [[[-121.01456, 46.1262, -17486.66015625], [-121.01565, 46.13478, -17750.4453125], [-121.02732, 46.12796, -17894.41796875], [-121.01456, 46.1262, -17486.66015625]]], [[[-121.02417, 46.11935, -17547.31640625], [-121.01456, 46.1262, -17486.66015625], [-121.02732, 46.12796, -17894.41796875], [-121.02417, 46.11935, -17547.31640625]]], [[[-121.02417, 46.11935, -17547.31640625], [-121.02732, 46.12796, -17894.41796875], [-121.03809, 46.12103, -17787.62890625], [-121.02417, 46.11935, -17547.31640625]]], [[[-121.04408, 46.11118, -17492.015625], [-121.03809, 46.12103, -17787.62890625], [-121.05006, 46.1189, -17849.484375], [-121.04408, 46.11118, -17492.015625]]], [[[-120.74034, 45.73587, 149.85758972], [-120.74453, 45.72804, 479.68109131], [-120.73191, 45.72927, 438.5524292], [-120.74034, 45.73587, 149.85758972]]], [[[-121.05003, 46.09579, -16921.88476562], [-121.0398, 46.10237, -17115.3515625], [-121.05351, 46.1049, -17299.74414062], [-121.05003, 46.09579, -16921.88476562]]], [[[-120.84778, 46.19093, -18447.18945312], [-120.83876, 46.19823, -18576.09960938], [-120.85335, 46.19907, -18815.44921875], [-120.84778, 46.19093, -18447.18945312]]], [[[-121.04856, 46.08672, -16585.28710938], [-121.05003, 46.09579, -16921.88476562], [-121.06185, 46.0885, -16871.08398438], [-121.04856, 46.08672, -16585.28710938]]], [[[-121.06185, 46.0885, -16871.08398438], [-121.06135, 46.08037, -16577.78320312], [-121.04856, 46.08672, -16585.28710938], [-121.06185, 46.0885, -16871.08398438]]], [[[-121.09295, 46.07481, -16921.3359375], [-121.07696, 46.08104, -16819.875], [-121.09052, 46.08329, -17150.015625], [-121.09295, 46.07481, -16921.3359375]]], [[[-121.10594, 46.07695, -17236.13867188], [-121.10071, 46.06774, -16831.83984375], [-121.09295, 46.07481, -16921.3359375], [-121.10594, 46.07695, -17236.13867188]]], [[[-121.1142, 46.06951, -17031.54492188], [-121.10594, 46.07695, -17236.13867188], [-121.11941, 46.08082, -17522.14453125], [-121.1142, 46.06951, -17031.54492188]]], [[[-121.1142, 46.06951, -17031.54492188], [-121.11941, 46.08082, -17522.14453125], [-121.12711, 46.07044, -17022.00195312], [-121.1142, 46.06951, -17031.54492188]]], [[[-120.73028, 45.73806, 27.2541275], [-120.73191, 45.72927, 438.5524292], [-120.72009, 45.7323, 271.68344116], [-120.73028, 45.73806, 27.2541275]]], [[[-121.12711, 46.07044, -17022.00195312], [-121.12347, 46.06219, -16656.88085938], [-121.1142, 46.06951, -17031.54492188], [-121.12711, 46.07044, -17022.00195312]]], [[[-120.83384, 46.2132, -19057.61132812], [-120.84296, 46.20608, -18917.49023438], [-120.82954, 46.20538, -18714.43164062], [-120.83384, 46.2132, -19057.61132812]]], [[[-121.12711, 46.07044, -17022.00195312], [-121.1417, 46.07181, -17029.38671875], [-121.13716, 46.06338, -16659.48828125], [-121.12711, 46.07044, -17022.00195312]]], [[[-121.13417, 46.08426, -17629.828125], [-121.11941, 46.08082, -17522.14453125], [-121.12792, 46.0877, -17826.81835938], [-121.13417, 46.08426, -17629.828125]]], [[[-121.13417, 46.08426, -17629.828125], [-121.14684, 46.08215, -17484.94726562], [-121.13331, 46.07773, -17333.6484375], [-121.13417, 46.08426, -17629.828125]]], [[[-120.60953, 45.77258, -41.67156982], [-120.60227, 45.76493, 351.01971436], [-120.59826, 45.76988, 263.43325806], [-120.60953, 45.77258, -41.67156982]]], [[[-121.1417, 46.07181, -17029.38671875], [-121.15088, 46.06447, -16753.31835938], [-121.13716, 46.06338, -16659.48828125], [-121.1417, 46.07181, -17029.38671875]]], [[[-121.14668, 46.05654, -16407.1328125], [-121.13716, 46.06338, -16659.48828125], [-121.15088, 46.06447, -16753.31835938], [-121.14668, 46.05654, -16407.1328125]]], [[[-120.88352, 46.19494, -18929.29101562], [-120.8905, 46.2019, -19223.10546875], [-120.89605, 46.19763, -19051.91796875], [-120.88352, 46.19494, -18929.29101562]]], [[[-121.13284, 46.05575, -16325.2421875], [-121.13716, 46.06338, -16659.48828125], [-121.14668, 46.05654, -16407.1328125], [-121.13284, 46.05575, -16325.2421875]]], [[[-121.1098, 46.06076, -16650.73828125], [-121.1142, 46.06951, -17031.54492188], [-121.12347, 46.06219, -16656.88085938], [-121.1098, 46.06076, -16650.73828125]]], [[[-121.10071, 46.06774, -16831.83984375], [-121.1098, 46.06076, -16650.73828125], [-121.09616, 46.05952, -16472.70117188], [-121.10071, 46.06774, -16831.83984375]]], [[[-120.72686, 45.99473, -9678.07519531], [-120.71787, 46.0019, -9785.05078125], [-120.73118, 46.00259, -10021.78417969], [-120.72686, 45.99473, -9678.07519531]]], [[[-121.10078, 46.04484, -15953.90917969], [-121.08718, 46.04379, -15781.22949219], [-121.09147, 46.05178, -16128.05273438], [-121.10078, 46.04484, -15953.90917969]]], [[[-121.0968, 46.03685, -15606.18164062], [-121.10597, 46.03017, -15253.24902344], [-121.09213, 46.0288, -15253.75585938], [-121.0968, 46.03685, -15606.18164062]]], [[[-120.72215, 46.00973, -10128.48925781], [-120.73118, 46.00259, -10021.78417969], [-120.71787, 46.0019, -9785.05078125], [-120.72215, 46.00973, -10128.48925781]]], [[[-120.59, 45.767, 518.08001709], [-120.59425, 45.77483, 174.64230347], [-120.59826, 45.76988, 263.43325806], [-120.59, 45.767, 518.08001709]]], [[[-121.11053, 46.03853, -15619.50390625], [-121.11458, 46.04593, -15944.20996094], [-121.1244, 46.03976, -15622.96484375], [-121.11053, 46.03853, -15619.50390625]]], [[[-121.09213, 46.0288, -15253.75585938], [-121.10597, 46.03017, -15253.24902344], [-121.10189, 46.02267, -14924.39941406], [-121.09213, 46.0288, -15253.75585938]]], [[[-121.08817, 46.02133, -14927.89355469], [-121.09213, 46.0288, -15253.75585938], [-121.10189, 46.02267, -14924.39941406], [-121.08817, 46.02133, -14927.89355469]]], [[[-121.08817, 46.02133, -14927.89355469], [-121.10189, 46.02267, -14924.39941406], [-121.09758, 46.01485, -14581.51953125], [-121.08817, 46.02133, -14927.89355469]]], [[[-120.73499, 46.03321, -11158.80175781], [-120.7441, 46.02605, -11048.49804688], [-120.73071, 46.02539, -10815.36425781], [-120.73499, 46.03321, -11158.80175781]]], [[[-120.88123, 45.70718, -662.03210449], [-120.89269, 45.71128, -1032.76025391], [-120.89132, 45.70207, -706.43035889], [-120.88123, 45.70718, -662.03210449]]], [[[-121.06575, 46.00437, -14064.74609375], [-121.07934, 46.0054, -14231.46679688], [-121.0754, 45.99747, -13886.21484375], [-121.06575, 46.00437, -14064.74609375]]], [[[-120.89496, 45.7203, -1372.21057129], [-120.90697, 45.71364, -1367.81408691], [-120.89269, 45.71128, -1032.76025391], [-120.89496, 45.7203, -1372.21057129]]], [[[-120.65128, 45.80781, -1938.14587402], [-120.63771, 45.8071, -1725.71936035], [-120.64237, 45.81522, -2084.13427734], [-120.65128, 45.80781, -1938.14587402]]], [[[-121.05707, 45.98871, -13379.9453125], [-121.07063, 45.98936, -13530.66503906], [-121.06659, 45.98195, -13206.97753906], [-121.05707, 45.98871, -13379.9453125]]], [[[-121.07063, 45.98936, -13530.66503906], [-121.08031, 45.98318, -13192.95605469], [-121.06659, 45.98195, -13206.97753906], [-121.07063, 45.98936, -13530.66503906]]], [[[-120.99755, 46.16274, -18502.31640625], [-121.01275, 46.16152, -18604.66992188], [-121.00624, 46.15498, -18276.3828125], [-120.99755, 46.16274, -18502.31640625]]], [[[-121.07063, 45.98936, -13530.66503906], [-121.08447, 45.99082, -13527.95507812], [-121.08031, 45.98318, -13192.95605469], [-121.07063, 45.98936, -13530.66503906]]], [[[-121.0754, 45.99747, -13886.21484375], [-121.08447, 45.99082, -13527.95507812], [-121.07063, 45.98936, -13530.66503906], [-121.0754, 45.99747, -13886.21484375]]], [[[-121.07934, 46.0054, -14231.46679688], [-121.08903, 45.99916, -13893.69433594], [-121.0754, 45.99747, -13886.21484375], [-121.07934, 46.0054, -14231.46679688]]], [[[-120.82523, 46.19755, -18370.99414062], [-120.8342, 46.19048, -18232.390625], [-120.82092, 46.18973, -18027.55664062], [-120.82523, 46.19755, -18370.99414062]]], [[[-121.10673, 46.00812, -14236.796875], [-121.09307, 46.00657, -14218.32421875], [-121.09758, 46.01485, -14581.51953125], [-121.10673, 46.00812, -14236.796875]]], [[[-121.08903, 45.99916, -13893.69433594], [-121.10284, 46.00035, -13894.875], [-121.09824, 45.99265, -13558.671875], [-121.08903, 45.99916, -13893.69433594]]], [[[-121.09824, 45.99265, -13558.671875], [-121.08447, 45.99082, -13527.95507812], [-121.08903, 45.99916, -13893.69433594], [-121.09824, 45.99265, -13558.671875]]], [[[-121.08447, 45.99082, -13527.95507812], [-121.09824, 45.99265, -13558.671875], [-121.09397, 45.98439, -13195.96386719], [-121.08447, 45.99082, -13527.95507812]]], [[[-121.06846, 45.93752, -11143.01171875], [-121.07761, 45.9306, -10905.63769531], [-121.06372, 45.92953, -10792.02050781], [-121.06846, 45.93752, -11143.01171875]]], [[[-121.06846, 45.93752, -11143.01171875], [-121.08209, 45.93845, -11248.45703125], [-121.07761, 45.9306, -10905.63769531], [-121.06846, 45.93752, -11143.01171875]]], [[[-120.70346, 45.77244, -1003.95184326], [-120.70411, 45.76333, -658.81811523], [-120.69279, 45.7669, -740.96942139], [-120.70346, 45.77244, -1003.95184326]]], [[[-121.09061, 45.95419, -11935.91699219], [-121.1042, 45.95558, -11997.26367188], [-121.09989, 45.94771, -11652.68847656], [-121.09061, 45.95419, -11935.91699219]]], [[[-121.09908, 45.96999, -12625.85449219], [-121.11281, 45.97133, -12686.4140625], [-121.1085, 45.96345, -12341.83886719], [-121.09908, 45.96999, -12625.85449219]]], [[[-121.09908, 45.96999, -12625.85449219], [-121.10363, 45.97781, -12967.50390625], [-121.11281, 45.97133, -12686.4140625], [-121.09908, 45.96999, -12625.85449219]]], [[[-121.10284, 46.00035, -13894.875], [-121.11645, 46.00147, -14000.85546875], [-121.11211, 45.99357, -13655.86035156], [-121.10284, 46.00035, -13894.875]]], [[[-121.10189, 46.02267, -14924.39941406], [-121.11555, 46.02376, -14921.92675781], [-121.11138, 46.01638, -14598.60351562], [-121.10189, 46.02267, -14924.39941406]]], [[[-121.13804, 46.04083, -15720.39746094], [-121.13363, 46.03295, -15376.12402344], [-121.1244, 46.03976, -15622.96484375], [-121.13804, 46.04083, -15720.39746094]]], [[[-121.14668, 46.05654, -16407.1328125], [-121.15593, 46.05006, -16132.16699219], [-121.14212, 46.04874, -16066.12988281], [-121.14668, 46.05654, -16407.1328125]]], [[[-121.15327, 46.08942, -17794.49414062], [-121.14293, 46.09687, -18176.05664062], [-121.15318, 46.0962, -18106.02539062], [-121.15327, 46.08942, -17794.49414062]]], [[[-121.16621, 46.08713, -17746.19921875], [-121.16239, 46.094, -18044.52148438], [-121.1716, 46.09246, -17982.42382812], [-121.16621, 46.08713, -17746.19921875]]], [[[-121.16889, 46.07367, -17165.58984375], [-121.16009, 46.08092, -17472.50195312], [-121.17287, 46.08091, -17482.27539062], [-121.16889, 46.07367, -17165.58984375]]], [[[-121.13198, 46.09722, -18251.1171875], [-121.14293, 46.09687, -18176.05664062], [-121.13848, 46.09085, -17916.06445312], [-121.13198, 46.09722, -18251.1171875]]], [[[-121.12792, 46.0877, -17826.81835938], [-121.11941, 46.08082, -17522.14453125], [-121.12083, 46.08941, -17877.1953125], [-121.12792, 46.0877, -17826.81835938]]], [[[-121.11133, 46.09938, -18093.11914062], [-121.11485, 46.10533, -18358.02148438], [-121.1232, 46.1002, -18308.83398438], [-121.11133, 46.09938, -18093.11914062]]], [[[-121.06642, 46.10667, -17578.0546875], [-121.0797, 46.10781, -17826.42578125], [-121.07599, 46.09908, -17462.79492188], [-121.06642, 46.10667, -17578.0546875]]], [[[-121.06313, 46.09751, -17206.0625], [-121.05351, 46.1049, -17299.74414062], [-121.06642, 46.10667, -17578.0546875], [-121.06313, 46.09751, -17206.0625]]], [[[-121.07032, 46.11535, -17943.14257812], [-121.07512, 46.1222, -18258.20703125], [-121.08346, 46.11629, -18181.91992188], [-121.07032, 46.11535, -17943.14257812]]], [[[-121.12822, 46.04738, -15958.54199219], [-121.13284, 46.05575, -16325.2421875], [-121.14212, 46.04874, -16066.12988281], [-121.12822, 46.04738, -15958.54199219]]], [[[-121.11907, 46.05408, -16301.11230469], [-121.13284, 46.05575, -16325.2421875], [-121.12822, 46.04738, -15958.54199219], [-121.11907, 46.05408, -16301.11230469]]], [[[-121.12822, 46.04738, -15958.54199219], [-121.13804, 46.04083, -15720.39746094], [-121.1244, 46.03976, -15622.96484375], [-121.12822, 46.04738, -15958.54199219]]], [[[-121.13363, 46.03295, -15376.12402344], [-121.1473, 46.03432, -15443.01660156], [-121.14298, 46.02644, -15098.44140625], [-121.13363, 46.03295, -15376.12402344]]], [[[-121.12515, 46.01718, -14687.03125], [-121.12926, 46.0251, -15033.12109375], [-121.13867, 46.01857, -14753.86621094], [-121.12515, 46.01718, -14687.03125]]], [[[-121.11211, 45.99357, -13655.86035156], [-121.11645, 46.00147, -14000.85546875], [-121.12573, 45.99495, -13720.140625], [-121.11211, 45.99357, -13655.86035156]]], [[[-121.10768, 45.98574, -13313.58105469], [-121.11211, 45.99357, -13655.86035156], [-121.12142, 45.98708, -13375.56542969], [-121.10768, 45.98574, -13313.58105469]]], [[[-121.10363, 45.97781, -12967.50390625], [-121.11711, 45.9792, -13030.98925781], [-121.11281, 45.97133, -12686.4140625], [-121.10363, 45.97781, -12967.50390625]]], [[[-121.08613, 45.94637, -11594.24609375], [-121.09989, 45.94771, -11652.68847656], [-121.09559, 45.93983, -11308.11328125], [-121.08613, 45.94637, -11594.24609375]]], [[[-121.08613, 45.94637, -11594.24609375], [-121.09559, 45.93983, -11308.11328125], [-121.08209, 45.93845, -11248.45703125], [-121.08613, 45.94637, -11594.24609375]]], [[[-121.01978, 46.04037, -14502.51171875], [-121.024, 46.0485, -14854.58398438], [-121.03309, 46.04125, -14765.41601562], [-121.01978, 46.04037, -14502.51171875]]], [[[-121.05975, 45.92151, -10444.17675781], [-121.06372, 45.92953, -10792.02050781], [-121.07336, 45.92273, -10561.8359375], [-121.05975, 45.92151, -10444.17675781]]], [[[-121.05534, 45.91406, -10115.953125], [-121.05975, 45.92151, -10444.17675781], [-121.06915, 45.9148, -10216.04492188], [-121.05534, 45.91406, -10115.953125]]], [[[-121.0416, 45.91235, -10088.65332031], [-121.04602, 45.92052, -10446.53027344], [-121.05534, 45.91406, -10115.953125], [-121.0416, 45.91235, -10088.65332031]]], [[[-121.0416, 45.91235, -10088.65332031], [-121.05534, 45.91406, -10115.953125], [-121.05077, 45.90567, -9749.39355469], [-121.0416, 45.91235, -10088.65332031]]], [[[-121.03713, 45.90421, -9731.93945312], [-121.05077, 45.90567, -9749.39355469], [-121.04697, 45.89807, -9420.03515625], [-121.03713, 45.90421, -9731.93945312]]], [[[-121.05077, 45.90567, -9749.39355469], [-121.06462, 45.907, -9874.89746094], [-121.06058, 45.89908, -9529.44921875], [-121.05077, 45.90567, -9749.39355469]]], [[[-121.06462, 45.907, -9874.89746094], [-121.06915, 45.9148, -10216.04492188], [-121.07839, 45.90833, -9929.8125], [-121.06462, 45.907, -9874.89746094]]], [[[-121.06058, 45.89908, -9529.44921875], [-121.07409, 45.90045, -9585.23632812], [-121.0698, 45.89258, -9240.66113281], [-121.06058, 45.89908, -9529.44921875]]], [[[-121.05185, 45.88335, -8842.29785156], [-121.0655, 45.8847, -8896.0859375], [-121.06121, 45.87683, -8551.51074219], [-121.05185, 45.88335, -8842.29785156]]], [[[-121.04319, 45.86761, -8155.03271484], [-121.05692, 45.86895, -8206.93554688], [-121.05263, 45.86108, -7862.36035156], [-121.04319, 45.86761, -8155.03271484]]], [[[-121.03809, 46.12103, -17787.62890625], [-121.02732, 46.12796, -17894.41796875], [-121.04023, 46.13001, -18159.95117188], [-121.03809, 46.12103, -17787.62890625]]], [[[-121.02732, 46.12796, -17894.41796875], [-121.02803, 46.13662, -18187.39453125], [-121.04023, 46.13001, -18159.95117188], [-121.02732, 46.12796, -17894.41796875]]], [[[-121.01226, 46.14964, -18177.50585938], [-121.01966, 46.14341, -18110.84960938], [-121.00665, 46.14153, -17805.7890625], [-121.01226, 46.14964, -18177.50585938]]], [[[-120.9988, 46.14769, -17929.76757812], [-121.01226, 46.14964, -18177.50585938], [-121.00665, 46.14153, -17805.7890625], [-120.9988, 46.14769, -17929.76757812]]], [[[-121.02803, 46.13662, -18187.39453125], [-121.01966, 46.14341, -18110.84960938], [-121.02986, 46.14614, -18529.6015625], [-121.02803, 46.13662, -18187.39453125]]], [[[-120.91038, 46.08913, -15197.25488281], [-120.90617, 46.08159, -14867.67382812], [-120.89646, 46.08855, -15011.19433594], [-120.91038, 46.08913, -15197.25488281]]], [[[-120.91573, 46.07452, -14684.4453125], [-120.90617, 46.08159, -14867.67382812], [-120.91986, 46.08227, -15024.15234375], [-120.91573, 46.07452, -14684.4453125]]], [[[-120.91114, 46.06635, -14327.09375], [-120.9021, 46.07338, -14517.078125], [-120.91573, 46.07452, -14684.4453125], [-120.91114, 46.06635, -14327.09375]]], [[[-120.88834, 46.07284, -14330.06347656], [-120.87901, 46.07986, -14492.58789062], [-120.89273, 46.08046, -14665.20898438], [-120.88834, 46.07284, -14330.06347656]]], [[[-120.88834, 46.07284, -14330.06347656], [-120.87444, 46.0721, -14150.75292969], [-120.87901, 46.07986, -14492.58789062], [-120.88834, 46.07284, -14330.06347656]]], [[[-120.87976, 46.05709, -13642.63183594], [-120.86994, 46.06396, -13795.01367188], [-120.88349, 46.06489, -13977.85644531], [-120.87976, 46.05709, -13642.63183594]]], [[[-120.87976, 46.05709, -13642.63183594], [-120.86602, 46.05655, -13473.05664062], [-120.86994, 46.06396, -13795.01367188], [-120.87976, 46.05709, -13642.63183594]]], [[[-120.88899, 46.04992, -13490.79589844], [-120.88426, 46.04232, -13150.09863281], [-120.87507, 46.04943, -13302.94335938], [-120.88899, 46.04992, -13490.79589844]]], [[[-120.91215, 46.04415, -13351.50097656], [-120.90275, 46.05088, -13649.81542969], [-120.91647, 46.05221, -13704.51660156], [-120.91215, 46.04415, -13351.50097656]]], [[[-120.92072, 46.05984, -14038.89355469], [-120.91647, 46.05221, -13704.51660156], [-120.90688, 46.05887, -14000.24023438], [-120.92072, 46.05984, -14038.89355469]]], [[[-120.92072, 46.05984, -14038.89355469], [-120.90688, 46.05887, -14000.24023438], [-120.91114, 46.06635, -14327.09375], [-120.92072, 46.05984, -14038.89355469]]], [[[-120.92516, 46.06769, -14382.69433594], [-120.91114, 46.06635, -14327.09375], [-120.91573, 46.07452, -14684.4453125], [-120.92516, 46.06769, -14382.69433594]]], [[[-120.92961, 46.07562, -14730.39355469], [-120.91573, 46.07452, -14684.4453125], [-120.91986, 46.08227, -15024.15234375], [-120.92961, 46.07562, -14730.39355469]]], [[[-120.90275, 46.05088, -13649.81542969], [-120.88899, 46.04992, -13490.79589844], [-120.89333, 46.05794, -13839.25], [-120.90275, 46.05088, -13649.81542969]]], [[[-120.88899, 46.04992, -13490.79589844], [-120.87976, 46.05709, -13642.63183594], [-120.89333, 46.05794, -13839.25], [-120.88899, 46.04992, -13490.79589844]]], [[[-120.88349, 46.06489, -13977.85644531], [-120.89333, 46.05794, -13839.25], [-120.87976, 46.05709, -13642.63183594], [-120.88349, 46.06489, -13977.85644531]]], [[[-120.88426, 46.04232, -13150.09863281], [-120.87065, 46.04149, -12955.39453125], [-120.87507, 46.04943, -13302.94335938], [-120.88426, 46.04232, -13150.09863281]]], [[[-120.86602, 46.05655, -13473.05664062], [-120.85624, 46.06321, -13655.08691406], [-120.86994, 46.06396, -13795.01367188], [-120.86602, 46.05655, -13473.05664062]]], [[[-120.87901, 46.07986, -14492.58789062], [-120.87444, 46.0721, -14150.75292969], [-120.86533, 46.0791, -14347.90429688], [-120.87901, 46.07986, -14492.58789062]]], [[[-120.83718, 46.10002, -14757.82714844], [-120.83319, 46.09225, -14416.57617188], [-120.82356, 46.09861, -14692.72070312], [-120.83718, 46.10002, -14757.82714844]]], [[[-120.85516, 46.10847, -15359.90820312], [-120.84619, 46.11569, -15439.55273438], [-120.85941, 46.11653, -15705.57910156], [-120.85516, 46.10847, -15359.90820312]]], [[[-120.86344, 46.12412, -16031.58398438], [-120.85475, 46.13147, -16128.94726562], [-120.86806, 46.13199, -16382.22070312], [-120.86344, 46.12412, -16031.58398438]]], [[[-120.86806, 46.13199, -16382.22070312], [-120.85897, 46.13911, -16462.35546875], [-120.87222, 46.14005, -16725.12890625], [-120.86806, 46.13199, -16382.22070312]]], [[[-120.87222, 46.14005, -16725.12890625], [-120.85897, 46.13911, -16462.35546875], [-120.86287, 46.14715, -16816.80273438], [-120.87222, 46.14005, -16725.12890625]]], [[[-120.85382, 46.15393, -17096.7109375], [-120.84446, 46.16087, -17276.71289062], [-120.85816, 46.16131, -17419.6640625], [-120.85382, 46.15393, -17096.7109375]]], [[[-120.84446, 46.16087, -17276.71289062], [-120.85382, 46.15393, -17096.7109375], [-120.8402, 46.15289, -16931.87890625], [-120.84446, 46.16087, -17276.71289062]]], [[[-120.85319, 46.17658, -17960.671875], [-120.84859, 46.16822, -17597.28515625], [-120.8395, 46.17536, -17774.2421875], [-120.85319, 46.17658, -17960.671875]]], [[[-120.86232, 46.16934, -17766.58203125], [-120.85319, 46.17658, -17960.671875], [-120.86712, 46.17739, -18119.59375], [-120.86232, 46.16934, -17766.58203125]]], [[[-120.85725, 46.18411, -18286.62109375], [-120.86712, 46.17739, -18119.59375], [-120.85319, 46.17658, -17960.671875], [-120.85725, 46.18411, -18286.62109375]]], [[[-120.85725, 46.18411, -18286.62109375], [-120.84368, 46.18354, -18124.27929688], [-120.84778, 46.19093, -18447.18945312], [-120.85725, 46.18411, -18286.62109375]]], [[[-120.8301, 46.18259, -17891.86328125], [-120.8395, 46.17536, -17774.2421875], [-120.82575, 46.17478, -17549.76171875], [-120.8301, 46.18259, -17891.86328125]]], [[[-120.8402, 46.15289, -16931.87890625], [-120.82644, 46.15177, -16744.8203125], [-120.83093, 46.16003, -17103.66992188], [-120.8402, 46.15289, -16931.87890625]]], [[[-120.8402, 46.15289, -16931.87890625], [-120.84923, 46.14563, -16735.51171875], [-120.83559, 46.14469, -16574.03515625], [-120.8402, 46.15289, -16931.87890625]]], [[[-120.84923, 46.14563, -16735.51171875], [-120.8402, 46.15289, -16931.87890625], [-120.85382, 46.15393, -17096.7109375], [-120.84923, 46.14563, -16735.51171875]]], [[[-120.86287, 46.14715, -16816.80273438], [-120.84923, 46.14563, -16735.51171875], [-120.85382, 46.15393, -17096.7109375], [-120.86287, 46.14715, -16816.80273438]]], [[[-120.85897, 46.13911, -16462.35546875], [-120.85475, 46.13147, -16128.94726562], [-120.84529, 46.13799, -16405.40039062], [-120.85897, 46.13911, -16462.35546875]]], [[[-120.84619, 46.11569, -15439.55273438], [-120.83246, 46.11467, -15391.36230469], [-120.83632, 46.12211, -15713.19042969], [-120.84619, 46.11569, -15439.55273438]]], [[[-120.83718, 46.10002, -14757.82714844], [-120.82356, 46.09861, -14692.72070312], [-120.82785, 46.10674, -15044.78808594], [-120.83718, 46.10002, -14757.82714844]]], [[[-120.82356, 46.09861, -14692.72070312], [-120.81407, 46.10552, -14872.31445312], [-120.82785, 46.10674, -15044.78808594], [-120.82356, 46.09861, -14692.72070312]]], [[[-120.82785, 46.10674, -15044.78808594], [-120.81407, 46.10552, -14872.31445312], [-120.81867, 46.11388, -15235.47070312], [-120.82785, 46.10674, -15044.78808594]]], [[[-120.82785, 46.10674, -15044.78808594], [-120.81867, 46.11388, -15235.47070312], [-120.83246, 46.11467, -15391.36230469], [-120.82785, 46.10674, -15044.78808594]]], [[[-120.83246, 46.11467, -15391.36230469], [-120.82263, 46.12123, -15553.91015625], [-120.83632, 46.12211, -15713.19042969], [-120.83246, 46.11467, -15391.36230469]]], [[[-120.84086, 46.13045, -16075.51855469], [-120.83159, 46.13742, -16258.29785156], [-120.84529, 46.13799, -16405.40039062], [-120.84086, 46.13045, -16075.51855469]]], [[[-120.84529, 46.13799, -16405.40039062], [-120.83559, 46.14469, -16574.03515625], [-120.84923, 46.14563, -16735.51171875], [-120.84529, 46.13799, -16405.40039062]]], [[[-120.83559, 46.14469, -16574.03515625], [-120.83159, 46.13742, -16258.29785156], [-120.82189, 46.1442, -16407.7109375], [-120.83559, 46.14469, -16574.03515625]]], [[[-120.81277, 46.15133, -16522.98242188], [-120.82189, 46.1442, -16407.7109375], [-120.80845, 46.14347, -16179.52441406], [-120.81277, 46.15133, -16522.98242188]]], [[[-120.81801, 46.13643, -16076.50390625], [-120.80845, 46.14347, -16179.52441406], [-120.82189, 46.1442, -16407.7109375], [-120.81801, 46.13643, -16076.50390625]]], [[[-120.8134, 46.12821, -15716.64257812], [-120.80432, 46.13561, -15838.9453125], [-120.81801, 46.13643, -16076.50390625], [-120.8134, 46.12821, -15716.64257812]]], [[[-120.82263, 46.12123, -15553.91015625], [-120.81867, 46.11388, -15235.47070312], [-120.80906, 46.12082, -15389.23535156], [-120.82263, 46.12123, -15553.91015625]]], [[[-120.81724, 46.15909, -16865.41796875], [-120.82644, 46.15177, -16744.8203125], [-120.81277, 46.15133, -16522.98242188], [-120.81724, 46.15909, -16865.41796875]]], [[[-120.86778, 46.15484, -17148.6640625], [-120.85382, 46.15393, -17096.7109375], [-120.85816, 46.16131, -17419.6640625], [-120.86778, 46.15484, -17148.6640625]]], [[[-120.82853, 46.08452, -14081.8984375], [-120.81476, 46.08318, -14019.25488281], [-120.81944, 46.09127, -14372.8671875], [-120.82853, 46.08452, -14081.8984375]]], [[[-120.82853, 46.08452, -14081.8984375], [-120.8245, 46.07668, -13737.83691406], [-120.81476, 46.08318, -14019.25488281], [-120.82853, 46.08452, -14081.8984375]]], [[[-120.82853, 46.08452, -14081.8984375], [-120.8378, 46.07744, -14001.046875], [-120.8245, 46.07668, -13737.83691406], [-120.82853, 46.08452, -14081.8984375]]], [[[-120.85144, 46.07796, -14230.57910156], [-120.84703, 46.07017, -13890.15332031], [-120.8378, 46.07744, -14001.046875], [-120.85144, 46.07796, -14230.57910156]]], [[[-120.85144, 46.07796, -14230.57910156], [-120.86074, 46.07108, -13998.12402344], [-120.84703, 46.07017, -13890.15332031], [-120.85144, 46.07796, -14230.57910156]]], [[[-120.85624, 46.06321, -13655.08691406], [-120.84703, 46.07017, -13890.15332031], [-120.86074, 46.07108, -13998.12402344], [-120.85624, 46.06321, -13655.08691406]]], [[[-120.85624, 46.06321, -13655.08691406], [-120.84253, 46.06221, -13542.50585938], [-120.84703, 46.07017, -13890.15332031], [-120.85624, 46.06321, -13655.08691406]]], [[[-120.84772, 46.04735, -12963.75097656], [-120.83839, 46.05432, -13201.51074219], [-120.8522, 46.05562, -13324.15820312], [-120.84772, 46.04735, -12963.75097656]]], [[[-120.83839, 46.05432, -13201.51074219], [-120.84772, 46.04735, -12963.75097656], [-120.83399, 46.04664, -12864.99804688], [-120.83839, 46.05432, -13201.51074219]]], [[[-120.84253, 46.06221, -13542.50585938], [-120.83839, 46.05432, -13201.51074219], [-120.82902, 46.06146, -13305.51660156], [-120.84253, 46.06221, -13542.50585938]]], [[[-120.84253, 46.06221, -13542.50585938], [-120.83357, 46.0695, -13659.2578125], [-120.84703, 46.07017, -13890.15332031], [-120.84253, 46.06221, -13542.50585938]]], [[[-120.81542, 46.06104, -13058.1640625], [-120.82034, 46.06877, -13391.32910156], [-120.82902, 46.06146, -13305.51660156], [-120.81542, 46.06104, -13058.1640625]]], [[[-120.81542, 46.06104, -13058.1640625], [-120.80646, 46.06784, -13353.078125], [-120.82034, 46.06877, -13391.32910156], [-120.81542, 46.06104, -13058.1640625]]], [[[-120.81542, 46.06104, -13058.1640625], [-120.81161, 46.05303, -12705.01464844], [-120.80184, 46.05949, -12989.88867188], [-120.81542, 46.06104, -13058.1640625]]], [[[-120.82054, 46.04584, -12628.67089844], [-120.81161, 46.05303, -12705.01464844], [-120.8248, 46.05391, -12974.8828125], [-120.82054, 46.04584, -12628.67089844]]], [[[-120.81161, 46.05303, -12705.01464844], [-120.82054, 46.04584, -12628.67089844], [-120.80725, 46.04529, -12367.76953125], [-120.81161, 46.05303, -12705.01464844]]], [[[-120.81161, 46.05303, -12705.01464844], [-120.80725, 46.04529, -12367.76953125], [-120.79797, 46.05186, -12660.63476562], [-120.81161, 46.05303, -12705.01464844]]], [[[-120.79797, 46.05186, -12660.63476562], [-120.78824, 46.05852, -12829.49609375], [-120.80184, 46.05949, -12989.88867188], [-120.79797, 46.05186, -12660.63476562]]], [[[-120.79272, 46.06666, -13183.55273438], [-120.80184, 46.05949, -12989.88867188], [-120.78824, 46.05852, -12829.49609375], [-120.79272, 46.06666, -13183.55273438]]], [[[-120.79272, 46.06666, -13183.55273438], [-120.78363, 46.07388, -13350.7265625], [-120.79719, 46.0748, -13537.02832031], [-120.79272, 46.06666, -13183.55273438]]], [[[-120.79272, 46.06666, -13183.55273438], [-120.77908, 46.06556, -12988.28125], [-120.78363, 46.07388, -13350.7265625], [-120.79272, 46.06666, -13183.55273438]]], [[[-120.78421, 46.05122, -12512.07519531], [-120.77069, 46.05025, -12321.41601562], [-120.77459, 46.05811, -12656.2265625], [-120.78421, 46.05122, -12512.07519531]]], [[[-120.78421, 46.05122, -12512.07519531], [-120.79339, 46.04422, -12325.31445312], [-120.7797, 46.04292, -12151.87792969], [-120.78421, 46.05122, -12512.07519531]]], [[[-120.80725, 46.04529, -12367.76953125], [-120.80266, 46.0375, -12029.609375], [-120.79339, 46.04422, -12325.31445312], [-120.80725, 46.04529, -12367.76953125]]], [[[-120.80725, 46.04529, -12367.76953125], [-120.81605, 46.03798, -12281.30078125], [-120.80266, 46.0375, -12029.609375], [-120.80725, 46.04529, -12367.76953125]]], [[[-120.86931, 45.78732, -3374.90551758], [-120.87372, 45.79529, -3722.86083984], [-120.88296, 45.78837, -3525.78125], [-120.86931, 45.78732, -3374.90551758]]], [[[-120.82966, 46.03869, -12519.83203125], [-120.81605, 46.03798, -12281.30078125], [-120.82054, 46.04584, -12628.67089844], [-120.82966, 46.03869, -12519.83203125]]], [[[-120.88167, 45.76429, -2682.60913086], [-120.89696, 45.76596, -2964.88427734], [-120.8922, 45.75753, -2594.42651367], [-120.88167, 45.76429, -2682.60913086]]], [[[-120.82966, 46.03869, -12519.83203125], [-120.82544, 46.03091, -12181.70800781], [-120.81605, 46.03798, -12281.30078125], [-120.82966, 46.03869, -12519.83203125]]], [[[-120.88133, 45.8338, -5287.75048828], [-120.88555, 45.84184, -5635.89160156], [-120.89506, 45.8349, -5452.19287109], [-120.88133, 45.8338, -5287.75048828]]], [[[-120.82966, 46.03869, -12519.83203125], [-120.83916, 46.032, -12294.30664062], [-120.82544, 46.03091, -12181.70800781], [-120.82966, 46.03869, -12519.83203125]]], [[[-120.74671, 45.8137, -3012.78344727], [-120.75947, 45.81433, -3213.13769531], [-120.75468, 45.80346, -2758.63623047], [-120.74671, 45.8137, -3012.78344727]]], [[[-120.83916, 46.032, -12294.30664062], [-120.82966, 46.03869, -12519.83203125], [-120.84339, 46.03984, -12636.25488281], [-120.83916, 46.032, -12294.30664062]]], [[[-120.74671, 45.8137, -3012.78344727], [-120.75468, 45.80346, -2758.63623047], [-120.74082, 45.80594, -2656.328125], [-120.74671, 45.8137, -3012.78344727]]], [[[-120.85295, 46.03307, -12446.22265625], [-120.83916, 46.032, -12294.30664062], [-120.84339, 46.03984, -12636.25488281], [-120.85295, 46.03307, -12446.22265625]]], [[[-120.87885, 45.75405, -2278.95898438], [-120.87826, 45.74415, -1922.15661621], [-120.86582, 45.74957, -1907.27807617], [-120.87885, 45.75405, -2278.95898438]]], [[[-120.85295, 46.03307, -12446.22265625], [-120.84847, 46.02504, -12094.87988281], [-120.83916, 46.032, -12294.30664062], [-120.85295, 46.03307, -12446.22265625]]], [[[-120.88804, 45.77314, -3092.94604492], [-120.89182, 45.78103, -3429.32739258], [-120.90146, 45.77417, -3323.625], [-120.88804, 45.77314, -3092.94604492]]], [[[-120.85799, 46.01795, -11929.79785156], [-120.84847, 46.02504, -12094.87988281], [-120.86212, 46.02604, -12279.91894531], [-120.85799, 46.01795, -11929.79785156]]], [[[-120.73181, 45.83614, -3757.82299805], [-120.74547, 45.83725, -3895.13476562], [-120.74116, 45.82918, -3543.6875], [-120.73181, 45.83614, -3757.82299805]]], [[[-120.85799, 46.01795, -11929.79785156], [-120.84436, 46.01716, -11752.68652344], [-120.84847, 46.02504, -12094.87988281], [-120.85799, 46.01795, -11929.79785156]]], [[[-120.85397, 46.01029, -11597.06640625], [-120.84436, 46.01716, -11752.68652344], [-120.85799, 46.01795, -11929.79785156], [-120.85397, 46.01029, -11597.06640625]]], [[[-120.73732, 45.82175, -3221.1574707], [-120.72354, 45.8208, -3089.71899414], [-120.7275, 45.82839, -3420.10302734], [-120.73732, 45.82175, -3221.1574707]]], [[[-120.84436, 46.01716, -11752.68652344], [-120.85397, 46.01029, -11597.06640625], [-120.8401, 46.00966, -11424.09277344], [-120.84436, 46.01716, -11752.68652344]]], [[[-120.85999, 45.79419, -3566.28759766], [-120.87372, 45.79529, -3722.86083984], [-120.86931, 45.78732, -3374.90551758], [-120.85999, 45.79419, -3566.28759766]]], [[[-120.84436, 46.01716, -11752.68652344], [-120.83068, 46.01648, -11617.60058594], [-120.83488, 46.024, -11945.43261719], [-120.84436, 46.01716, -11752.68652344]]], [[[-120.87625, 45.84907, -5760.78320312], [-120.88555, 45.84184, -5635.89160156], [-120.87211, 45.84087, -5409.27246094], [-120.87625, 45.84907, -5760.78320312]]], [[[-120.84847, 46.02504, -12094.87988281], [-120.84436, 46.01716, -11752.68652344], [-120.83488, 46.024, -11945.43261719], [-120.84847, 46.02504, -12094.87988281]]], [[[-120.88133, 45.8338, -5287.75048828], [-120.87211, 45.84087, -5409.27246094], [-120.88555, 45.84184, -5635.89160156], [-120.88133, 45.8338, -5287.75048828]]], [[[-120.84847, 46.02504, -12094.87988281], [-120.83488, 46.024, -11945.43261719], [-120.83916, 46.032, -12294.30664062], [-120.84847, 46.02504, -12094.87988281]]], [[[-120.85074, 45.80126, -3685.8527832], [-120.85999, 45.79419, -3566.28759766], [-120.84513, 45.79328, -3315.09326172], [-120.85074, 45.80126, -3685.8527832]]], [[[-120.82544, 46.03091, -12181.70800781], [-120.82116, 46.0232, -11845.75488281], [-120.81197, 46.03037, -11952.86425781], [-120.82544, 46.03091, -12181.70800781]]], [[[-120.85074, 45.80126, -3685.8527832], [-120.85495, 45.8094, -4036.84960938], [-120.86418, 45.8022, -3912.96679688], [-120.85074, 45.80126, -3685.8527832]]], [[[-120.82544, 46.03091, -12181.70800781], [-120.81197, 46.03037, -11952.86425781], [-120.81605, 46.03798, -12281.30078125], [-120.82544, 46.03091, -12181.70800781]]], [[[-120.90937, 45.8128, -4818.81396484], [-120.91321, 45.82069, -5155.72802734], [-120.92275, 45.81373, -5048.40771484], [-120.90937, 45.8128, -4818.81396484]]], [[[-120.81197, 46.03037, -11952.86425781], [-120.80266, 46.0375, -12029.609375], [-120.81605, 46.03798, -12281.30078125], [-120.81197, 46.03037, -11952.86425781]]], [[[-120.84513, 45.79328, -3315.09326172], [-120.85999, 45.79419, -3566.28759766], [-120.85482, 45.78616, -3207.7722168], [-120.84513, 45.79328, -3315.09326172]]], [[[-120.81197, 46.03037, -11952.86425781], [-120.79876, 46.0296, -11682.04589844], [-120.80266, 46.0375, -12029.609375], [-120.81197, 46.03037, -11952.86425781]]], [[[-120.85021, 45.82492, -4382.60693359], [-120.8592, 45.81714, -4374.97509766], [-120.84668, 45.81689, -4069.17919922], [-120.85021, 45.82492, -4382.60693359]]], [[[-120.80773, 46.02241, -11610.19726562], [-120.7943, 46.02194, -11349.2109375], [-120.79876, 46.0296, -11682.04589844], [-120.80773, 46.02241, -11610.19726562]]], [[[-120.8636, 45.82533, -4730.83984375], [-120.87717, 45.82574, -4939.55761719], [-120.8727, 45.81806, -4602.23632812], [-120.8636, 45.82533, -4730.83984375]]], [[[-120.80321, 46.01465, -11265.05566406], [-120.7943, 46.02194, -11349.2109375], [-120.80773, 46.02241, -11610.19726562], [-120.80321, 46.01465, -11265.05566406]]], [[[-120.89652, 45.78896, -3781.04711914], [-120.90059, 45.7972, -4133.91113281], [-120.90991, 45.79002, -4013.75830078], [-120.89652, 45.78896, -3781.04711914]]], [[[-120.80321, 46.01465, -11265.05566406], [-120.78993, 46.01385, -10995.65234375], [-120.7943, 46.02194, -11349.2109375], [-120.80321, 46.01465, -11265.05566406]]], [[[-120.90488, 45.80455, -4458.93505859], [-120.90937, 45.8128, -4818.81396484], [-120.91841, 45.8055, -4690.49755859], [-120.90488, 45.80455, -4458.93505859]]], [[[-120.78993, 46.01385, -10995.65234375], [-120.79918, 46.0067, -10928.60351562], [-120.78595, 46.0061, -10655.89648438], [-120.78993, 46.01385, -10995.65234375]]], [[[-120.83767, 45.8006, -3352.99926758], [-120.82718, 45.80473, -3177.0090332], [-120.8409, 45.80891, -3658.89208984], [-120.83767, 45.8006, -3352.99926758]]], [[[-120.78993, 46.01385, -10995.65234375], [-120.78595, 46.0061, -10655.89648438], [-120.77631, 46.01247, -10947.72753906], [-120.78993, 46.01385, -10995.65234375]]], [[[-120.78107, 45.80071, -2696.50756836], [-120.7682, 45.79825, -2582.84375], [-120.76744, 45.80726, -3000.81079102], [-120.78107, 45.80071, -2696.50756836]]], [[[-120.78993, 46.01385, -10995.65234375], [-120.77631, 46.01247, -10947.72753906], [-120.78054, 46.02053, -11296.7734375], [-120.78993, 46.01385, -10995.65234375]]], [[[-120.87885, 45.75405, -2278.95898438], [-120.88951, 45.7483, -2219.31787109], [-120.87826, 45.74415, -1922.15661621], [-120.87885, 45.75405, -2278.95898438]]], [[[-120.7943, 46.02194, -11349.2109375], [-120.78993, 46.01385, -10995.65234375], [-120.78054, 46.02053, -11296.7734375], [-120.7943, 46.02194, -11349.2109375]]], [[[-120.8727, 45.81806, -4602.23632812], [-120.88222, 45.81119, -4417.06152344], [-120.86856, 45.81016, -4260.11621094], [-120.8727, 45.81806, -4602.23632812]]], [[[-120.7943, 46.02194, -11349.2109375], [-120.78054, 46.02053, -11296.7734375], [-120.78511, 46.02857, -11647.48144531], [-120.7943, 46.02194, -11349.2109375]]], [[[-120.89506, 45.8349, -5452.19287109], [-120.9044, 45.82801, -5251.77636719], [-120.89074, 45.82696, -5105.32470703], [-120.89506, 45.8349, -5452.19287109]]], [[[-120.79876, 46.0296, -11682.04589844], [-120.7943, 46.02194, -11349.2109375], [-120.78511, 46.02857, -11647.48144531], [-120.79876, 46.0296, -11682.04589844]]], [[[-120.74116, 45.82918, -3543.6875], [-120.7275, 45.82839, -3420.10302734], [-120.73181, 45.83614, -3757.82299805], [-120.74116, 45.82918, -3543.6875]]], [[[-120.79876, 46.0296, -11682.04589844], [-120.78511, 46.02857, -11647.48144531], [-120.78905, 46.03597, -11968.23046875], [-120.79876, 46.0296, -11682.04589844]]], [[[-120.88167, 45.76429, -2682.60913086], [-120.87885, 45.75405, -2278.95898438], [-120.86764, 45.75935, -2268.8737793], [-120.88167, 45.76429, -2682.60913086]]], [[[-120.78905, 46.03597, -11968.23046875], [-120.7797, 46.04292, -12151.87792969], [-120.79339, 46.04422, -12325.31445312], [-120.78905, 46.03597, -11968.23046875]]], [[[-120.76744, 45.80726, -3000.81079102], [-120.75468, 45.80346, -2758.63623047], [-120.75947, 45.81433, -3213.13769531], [-120.76744, 45.80726, -3000.81079102]]], [[[-120.78054, 46.02053, -11296.7734375], [-120.77138, 46.02773, -11492.06445312], [-120.78511, 46.02857, -11647.48144531], [-120.78054, 46.02053, -11296.7734375]]], [[[-120.76414, 45.82292, -3587.26464844], [-120.75085, 45.82224, -3380.20556641], [-120.75467, 45.83016, -3720.82055664], [-120.76414, 45.82292, -3587.26464844]]], [[[-120.77138, 46.02773, -11492.06445312], [-120.78054, 46.02053, -11296.7734375], [-120.76681, 46.0194, -11129.9453125], [-120.77138, 46.02773, -11492.06445312]]], [[[-120.77283, 45.83865, -4274.63525391], [-120.75925, 45.83807, -4069.15991211], [-120.76358, 45.84572, -4404.91015625], [-120.77283, 45.83865, -4274.63525391]]], [[[-120.77138, 46.02773, -11492.06445312], [-120.75778, 46.02661, -11292.47949219], [-120.76188, 46.03474, -11639.77441406], [-120.77138, 46.02773, -11492.06445312]]], [[[-120.76744, 45.80726, -3000.81079102], [-120.75947, 45.81433, -3213.13769531], [-120.77327, 45.81604, -3380.39746094], [-120.76744, 45.80726, -3000.81079102]]], [[[-120.76681, 46.0194, -11129.9453125], [-120.75306, 46.01877, -10942.55761719], [-120.75778, 46.02661, -11292.47949219], [-120.76681, 46.0194, -11129.9453125]]], [[[-120.83767, 45.8006, -3352.99926758], [-120.82917, 45.79457, -2896.94555664], [-120.82718, 45.80473, -3177.0090332], [-120.83767, 45.8006, -3352.99926758]]], [[[-120.76681, 46.0194, -11129.9453125], [-120.76267, 46.01205, -10809.04394531], [-120.75306, 46.01877, -10942.55761719], [-120.76681, 46.0194, -11129.9453125]]], [[[-120.84513, 45.79328, -3315.09326172], [-120.85482, 45.78616, -3207.7722168], [-120.83909, 45.78595, -2958.49780273], [-120.84513, 45.79328, -3315.09326172]]], [[[-120.76681, 46.0194, -11129.9453125], [-120.77631, 46.01247, -10947.72753906], [-120.76267, 46.01205, -10809.04394531], [-120.76681, 46.0194, -11129.9453125]]], [[[-120.89182, 45.78103, -3429.32739258], [-120.89652, 45.78896, -3781.04711914], [-120.90542, 45.78169, -3650.44946289], [-120.89182, 45.78103, -3429.32739258]]], [[[-120.77209, 46.00516, -10628.49121094], [-120.76267, 46.01205, -10809.04394531], [-120.77631, 46.01247, -10947.72753906], [-120.77209, 46.00516, -10628.49121094]]], [[[-120.87211, 45.84087, -5409.27246094], [-120.88133, 45.8338, -5287.75048828], [-120.8678, 45.8328, -5059.10400391], [-120.87211, 45.84087, -5409.27246094]]], [[[-120.74918, 46.01127, -10620.20214844], [-120.76267, 46.01205, -10809.04394531], [-120.75846, 46.00414, -10466.96191406], [-120.74918, 46.01127, -10620.20214844]]], [[[-120.74082, 45.80594, -2656.328125], [-120.72741, 45.80815, -2604.50097656], [-120.73295, 45.81413, -2886.58764648], [-120.74082, 45.80594, -2656.328125]]], [[[-120.73965, 46.01825, -10704.28125], [-120.74918, 46.01127, -10620.20214844], [-120.73561, 46.01036, -10364.51953125], [-120.73965, 46.01825, -10704.28125]]], [[[-120.89696, 45.76596, -2964.88427734], [-120.88167, 45.76429, -2682.60913086], [-120.88804, 45.77314, -3092.94604492], [-120.89696, 45.76596, -2964.88427734]]], [[[-120.74479, 46.00301, -10262.86132812], [-120.73561, 46.01036, -10364.51953125], [-120.74918, 46.01127, -10620.20214844], [-120.74479, 46.00301, -10262.86132812]]], [[[-120.89652, 45.78896, -3781.04711914], [-120.90991, 45.79002, -4013.75830078], [-120.90542, 45.78169, -3650.44946289], [-120.89652, 45.78896, -3781.04711914]]], [[[-120.75846, 46.00414, -10466.96191406], [-120.75388, 45.99591, -10108.38574219], [-120.74479, 46.00301, -10262.86132812], [-120.75846, 46.00414, -10466.96191406]]], [[[-120.88951, 45.7483, -2219.31787109], [-120.8922, 45.75753, -2594.42651367], [-120.90158, 45.75017, -2473.86132812], [-120.88951, 45.7483, -2219.31787109]]], [[[-120.75846, 46.00414, -10466.96191406], [-120.76745, 45.99692, -10269.11621094], [-120.75388, 45.99591, -10108.38574219], [-120.75846, 46.00414, -10466.96191406]]], [[[-120.78201, 45.83181, -4069.29541016], [-120.77283, 45.83865, -4274.63525391], [-120.78639, 45.83979, -4418.47900391], [-120.78201, 45.83181, -4069.29541016]]], [[[-120.76745, 45.99692, -10269.11621094], [-120.75846, 46.00414, -10466.96191406], [-120.77209, 46.00516, -10628.49121094], [-120.76745, 45.99692, -10269.11621094]]], [[[-120.86856, 45.81016, -4260.11621094], [-120.88222, 45.81119, -4417.06152344], [-120.87774, 45.80311, -4064.02905273], [-120.86856, 45.81016, -4260.11621094]]], [[[-120.78111, 45.99844, -10325.38671875], [-120.76745, 45.99692, -10269.11621094], [-120.77209, 46.00516, -10628.49121094], [-120.78111, 45.99844, -10325.38671875]]], [[[-120.84863, 45.84892, -5048.66308594], [-120.85859, 45.84053, -5057.09912109], [-120.8442, 45.84096, -4699.14941406], [-120.84863, 45.84892, -5048.66308594]]], [[[-120.78111, 45.99844, -10325.38671875], [-120.77715, 45.99046, -9974.44335938], [-120.76745, 45.99692, -10269.11621094], [-120.78111, 45.99844, -10325.38671875]]], [[[-120.87774, 45.80311, -4064.02905273], [-120.88222, 45.81119, -4417.06152344], [-120.89129, 45.80431, -4214.54052734], [-120.87774, 45.80311, -4064.02905273]]], [[[-120.79033, 45.9913, -10246.71289062], [-120.77715, 45.99046, -9974.44335938], [-120.78111, 45.99844, -10325.38671875], [-120.79033, 45.9913, -10246.71289062]]], [[[-120.74671, 45.8137, -3012.78344727], [-120.73732, 45.82175, -3221.1574707], [-120.75085, 45.82224, -3380.20556641], [-120.74671, 45.8137, -3012.78344727]]], [[[-120.78616, 45.9833, -9904.88964844], [-120.77715, 45.99046, -9974.44335938], [-120.79033, 45.9913, -10246.71289062], [-120.78616, 45.9833, -9904.88964844]]], [[[-120.88804, 45.77314, -3092.94604492], [-120.90146, 45.77417, -3323.625], [-120.89696, 45.76596, -2964.88427734], [-120.88804, 45.77314, -3092.94604492]]], [[[-120.77715, 45.99046, -9974.44335938], [-120.77297, 45.9827, -9635.58984375], [-120.76354, 45.98914, -9933.72949219], [-120.77715, 45.99046, -9974.44335938]]], [[[-120.74671, 45.8137, -3012.78344727], [-120.73295, 45.81413, -2886.58764648], [-120.73732, 45.82175, -3221.1574707], [-120.74671, 45.8137, -3012.78344727]]], [[[-120.77715, 45.99046, -9974.44335938], [-120.76354, 45.98914, -9933.72949219], [-120.76745, 45.99692, -10269.11621094], [-120.77715, 45.99046, -9974.44335938]]], [[[-120.86418, 45.8022, -3912.96679688], [-120.87372, 45.79529, -3722.86083984], [-120.85999, 45.79419, -3566.28759766], [-120.86418, 45.8022, -3912.96679688]]], [[[-120.76354, 45.98914, -9933.72949219], [-120.75388, 45.99591, -10108.38574219], [-120.76745, 45.99692, -10269.11621094], [-120.76354, 45.98914, -9933.72949219]]], [[[-120.77694, 45.84675, -4622.61328125], [-120.76358, 45.84572, -4404.91015625], [-120.76743, 45.85382, -4752.70703125], [-120.77694, 45.84675, -4622.61328125]]], [[[-120.75388, 45.99591, -10108.38574219], [-120.76354, 45.98914, -9933.72949219], [-120.74988, 45.98859, -9790.55566406], [-120.75388, 45.99591, -10108.38574219]]], [[[-120.80297, 45.81188, -3084.42700195], [-120.80139, 45.81926, -3460.33642578], [-120.81444, 45.8178, -3430.7409668], [-120.80297, 45.81188, -3084.42700195]]], [[[-120.75388, 45.99591, -10108.38574219], [-120.74988, 45.98859, -9790.55566406], [-120.74022, 45.9954, -9923.69628906], [-120.75388, 45.99591, -10108.38574219]]], [[[-120.86856, 45.81016, -4260.11621094], [-120.87774, 45.80311, -4064.02905273], [-120.86418, 45.8022, -3912.96679688], [-120.86856, 45.81016, -4260.11621094]]], [[[-120.75388, 45.99591, -10108.38574219], [-120.74022, 45.9954, -9923.69628906], [-120.74479, 46.00301, -10262.86132812], [-120.75388, 45.99591, -10108.38574219]]], [[[-120.7682, 45.79825, -2582.84375], [-120.7566, 45.79254, -2368.99926758], [-120.75468, 45.80346, -2758.63623047], [-120.7682, 45.79825, -2582.84375]]], [[[-120.74988, 45.98859, -9790.55566406], [-120.73637, 45.98767, -9594.34667969], [-120.74022, 45.9954, -9923.69628906], [-120.74988, 45.98859, -9790.55566406]]], [[[-120.87372, 45.79529, -3722.86083984], [-120.87774, 45.80311, -4064.02905273], [-120.88731, 45.79622, -3869.46191406], [-120.87372, 45.79529, -3722.86083984]]], [[[-120.74988, 45.98859, -9790.55566406], [-120.75914, 45.98164, -9605.25976562], [-120.74541, 45.98043, -9435.90820312], [-120.74988, 45.98859, -9790.55566406]]], [[[-120.75914, 45.98164, -9605.25976562], [-120.74988, 45.98859, -9790.55566406], [-120.76354, 45.98914, -9933.72949219], [-120.75914, 45.98164, -9605.25976562]]], [[[-120.80704, 45.78253, -2052.63110352], [-120.79305, 45.77777, -1681.16333008], [-120.79521, 45.78676, -2043.9621582], [-120.80704, 45.78253, -2052.63110352]]], [[[-120.77297, 45.9827, -9635.58984375], [-120.76822, 45.97492, -9298.91015625], [-120.75914, 45.98164, -9605.25976562], [-120.77297, 45.9827, -9635.58984375]]], [[[-120.85414, 45.8329, -4711.81689453], [-120.8636, 45.82533, -4730.83984375], [-120.85021, 45.82492, -4382.60693359], [-120.85414, 45.8329, -4711.81689453]]], [[[-120.78164, 45.97537, -9554.55566406], [-120.76822, 45.97492, -9298.91015625], [-120.77297, 45.9827, -9635.58984375], [-120.78164, 45.97537, -9554.55566406]]], [[[-120.85346, 45.74534, -1555.91870117], [-120.85468, 45.75463, -1953.81640625], [-120.86582, 45.74957, -1907.27807617], [-120.85346, 45.74534, -1555.91870117]]], [[[-120.77758, 45.96776, -9226.48828125], [-120.76822, 45.97492, -9298.91015625], [-120.78164, 45.97537, -9554.55566406], [-120.77758, 45.96776, -9226.48828125]]], [[[-120.90937, 45.8128, -4818.81396484], [-120.92275, 45.81373, -5048.40771484], [-120.91841, 45.8055, -4690.49755859], [-120.90937, 45.8128, -4818.81396484]]], [[[-120.76822, 45.97492, -9298.91015625], [-120.77758, 45.96776, -9226.48828125], [-120.76446, 45.96703, -8951.22558594], [-120.76822, 45.97492, -9298.91015625]]], [[[-120.83767, 45.8006, -3352.99926758], [-120.85074, 45.80126, -3685.8527832], [-120.84513, 45.79328, -3315.09326172], [-120.83767, 45.8006, -3352.99926758]]], [[[-120.76822, 45.97492, -9298.91015625], [-120.75463, 45.97335, -9245.23730469], [-120.75914, 45.98164, -9605.25976562], [-120.76822, 45.97492, -9298.91015625]]], [[[-120.90542, 45.78169, -3650.44946289], [-120.91891, 45.78271, -3885.45825195], [-120.9149, 45.77474, -3544.65234375], [-120.90542, 45.78169, -3650.44946289]]], [[[-120.75463, 45.97335, -9245.23730469], [-120.74541, 45.98043, -9435.90820312], [-120.75914, 45.98164, -9605.25976562], [-120.75463, 45.97335, -9245.23730469]]], [[[-120.83012, 45.7456, -1412.65991211], [-120.81803, 45.74278, -1119.54626465], [-120.81804, 45.75203, -1432.18310547], [-120.83012, 45.7456, -1412.65991211]]], [[[-120.76446, 45.96703, -8951.22558594], [-120.75085, 45.96576, -8918.55175781], [-120.75463, 45.97335, -9245.23730469], [-120.76446, 45.96703, -8951.22558594]]], [[[-120.83169, 45.76357, -2068.98852539], [-120.84257, 45.75951, -2073.69580078], [-120.83017, 45.75475, -1743.24060059], [-120.83169, 45.76357, -2068.98852539]]], [[[-120.76446, 45.96703, -8951.22558594], [-120.76, 45.95916, -8608.87890625], [-120.75085, 45.96576, -8918.55175781], [-120.76446, 45.96703, -8951.22558594]]], [[[-120.82754, 45.78561, -2614.17944336], [-120.83219, 45.77753, -2549.36352539], [-120.81934, 45.77853, -2173.17236328], [-120.82754, 45.78561, -2614.17944336]]], [[[-120.77326, 45.95976, -8880.15722656], [-120.76, 45.95916, -8608.87890625], [-120.76446, 45.96703, -8951.22558594], [-120.77326, 45.95976, -8880.15722656]]], [[[-120.76878, 45.95183, -8531.21191406], [-120.76, 45.95916, -8608.87890625], [-120.77326, 45.95976, -8880.15722656], [-120.76878, 45.95183, -8531.21191406]]], [[[-120.88951, 45.7483, -2219.31787109], [-120.90158, 45.75017, -2473.86132812], [-120.89429, 45.74021, -2000.3449707], [-120.88951, 45.7483, -2219.31787109]]], [[[-120.76878, 45.95183, -8531.21191406], [-120.75548, 45.95131, -8267.49316406], [-120.76, 45.95916, -8608.87890625], [-120.76878, 45.95183, -8531.21191406]]], [[[-120.7866, 45.74695, -479.64282227], [-120.79243, 45.75807, -962.67919922], [-120.79796, 45.75042, -814.26269531], [-120.7866, 45.74695, -479.64282227]]], [[[-120.76471, 45.94413, -8200.29101562], [-120.75548, 45.95131, -8267.49316406], [-120.76878, 45.95183, -8531.21191406], [-120.76471, 45.94413, -8200.29101562]]], [[[-120.87826, 45.74415, -1922.15661621], [-120.88044, 45.73521, -1624.22973633], [-120.86563, 45.74013, -1583.79333496], [-120.87826, 45.74415, -1922.15661621]]], [[[-120.75548, 45.95131, -8267.49316406], [-120.76471, 45.94413, -8200.29101562], [-120.75154, 45.9435, -7924.51074219], [-120.75548, 45.95131, -8267.49316406]]], [[[-120.90059, 45.7972, -4133.91113281], [-120.91411, 45.79746, -4340.33691406], [-120.90991, 45.79002, -4013.75830078], [-120.90059, 45.7972, -4133.91113281]]], [[[-120.75548, 45.95131, -8267.49316406], [-120.7419, 45.94977, -8221.76953125], [-120.74616, 45.95794, -8575.3046875], [-120.75548, 45.95131, -8267.49316406]]], [[[-120.76011, 45.76473, -1119.6595459], [-120.76235, 45.75479, -668.79571533], [-120.7493, 45.75925, -867.50030518], [-120.76011, 45.76473, -1119.6595459]]], [[[-120.76, 45.95916, -8608.87890625], [-120.75548, 45.95131, -8267.49316406], [-120.74616, 45.95794, -8575.3046875], [-120.76, 45.95916, -8608.87890625]]], [[[-120.86931, 45.78732, -3374.90551758], [-120.88296, 45.78837, -3525.78125], [-120.87845, 45.78034, -3172.90966797], [-120.86931, 45.78732, -3374.90551758]]], [[[-120.73243, 45.95665, -8403.28222656], [-120.72826, 45.94916, -8076.77636719], [-120.7188, 45.95598, -8208.9609375], [-120.73243, 45.95665, -8403.28222656]]], [[[-120.77089, 45.76159, -921.77838135], [-120.77929, 45.75484, -661.574646], [-120.76235, 45.75479, -668.79571533], [-120.77089, 45.76159, -921.77838135]]], [[[-120.73243, 45.95665, -8403.28222656], [-120.7188, 45.95598, -8208.9609375], [-120.72351, 45.96404, -8566.12402344], [-120.73243, 45.95665, -8403.28222656]]], [[[-120.87774, 45.80311, -4064.02905273], [-120.89129, 45.80431, -4214.54052734], [-120.88731, 45.79622, -3869.46191406], [-120.87774, 45.80311, -4064.02905273]]], [[[-120.7188, 45.95598, -8208.9609375], [-120.70988, 45.96339, -8311.27148438], [-120.72351, 45.96404, -8566.12402344], [-120.7188, 45.95598, -8208.9609375]]], [[[-120.85391, 45.76408, -2355.04321289], [-120.85468, 45.75463, -1953.81640625], [-120.84257, 45.75951, -2073.69580078], [-120.85391, 45.76408, -2355.04321289]]], [[[-120.71478, 45.94863, -7888.96240234], [-120.70537, 45.95563, -7966.92919922], [-120.7188, 45.95598, -8208.9609375], [-120.71478, 45.94863, -7888.96240234]]], [[[-120.82502, 45.77007, -2167.72460938], [-120.83219, 45.77753, -2549.36352539], [-120.83998, 45.77016, -2441.16455078], [-120.82502, 45.77007, -2167.72460938]]], [[[-120.7106, 45.94041, -7536.52099609], [-120.70133, 45.94773, -7626.94677734], [-120.71478, 45.94863, -7888.96240234], [-120.7106, 45.94041, -7536.52099609]]], [[[-120.85468, 45.75463, -1953.81640625], [-120.85346, 45.74534, -1555.91870117], [-120.84235, 45.74989, -1712.02282715], [-120.85468, 45.75463, -1953.81640625]]], [[[-120.7106, 45.94041, -7536.52099609], [-120.69698, 45.93993, -7284.48681641], [-120.70133, 45.94773, -7626.94677734], [-120.7106, 45.94041, -7536.52099609]]], [[[-120.90146, 45.77417, -3323.625], [-120.9149, 45.77474, -3544.65234375], [-120.91057, 45.76703, -3205.72607422], [-120.90146, 45.77417, -3323.625]]], [[[-120.72496, 45.91897, -6882.33007812], [-120.71564, 45.9259, -7067.63476562], [-120.72931, 45.92637, -7206.21484375], [-120.72496, 45.91897, -6882.33007812]]], [[[-120.81934, 45.77853, -2173.17236328], [-120.82502, 45.77007, -2167.72460938], [-120.81252, 45.77134, -1796.22119141], [-120.81934, 45.77853, -2173.17236328]]], [[[-120.71564, 45.9259, -7067.63476562], [-120.72496, 45.91897, -6882.33007812], [-120.71123, 45.91786, -6718.04394531], [-120.71564, 45.9259, -7067.63476562]]], [[[-120.81252, 45.77134, -1796.22119141], [-120.81803, 45.76194, -1728.44763184], [-120.80332, 45.76488, -1391.16479492], [-120.81252, 45.77134, -1796.22119141]]], [[[-120.71564, 45.9259, -7067.63476562], [-120.70214, 45.92508, -6867.37255859], [-120.70595, 45.93266, -7191.23144531], [-120.71564, 45.9259, -7067.63476562]]], [[[-120.80704, 45.78253, -2052.63110352], [-120.80235, 45.77444, -1694.62805176], [-120.79305, 45.77777, -1681.16333008], [-120.80704, 45.78253, -2052.63110352]]], [[[-120.75681, 45.90551, -6727.84375], [-120.76606, 45.89856, -6477.98486328], [-120.75235, 45.89778, -6388.85595703], [-120.75681, 45.90551, -6727.84375]]], [[[-120.80704, 45.78253, -2052.63110352], [-120.81934, 45.77853, -2173.17236328], [-120.81252, 45.77134, -1796.22119141], [-120.80704, 45.78253, -2052.63110352]]], [[[-120.77961, 45.89988, -6627.88574219], [-120.76606, 45.89856, -6477.98486328], [-120.77057, 45.9069, -6841.56640625], [-120.77961, 45.89988, -6627.88574219]]], [[[-120.78174, 45.76408, -1036.88867188], [-120.77929, 45.75484, -661.574646], [-120.77089, 45.76159, -921.77838135], [-120.78174, 45.76408, -1036.88867188]]], [[[-120.77961, 45.89988, -6627.88574219], [-120.77541, 45.89168, -6272.80224609], [-120.76606, 45.89856, -6477.98486328], [-120.77961, 45.89988, -6627.88574219]]], [[[-120.83012, 45.7456, -1412.65991211], [-120.84235, 45.74989, -1712.02282715], [-120.841, 45.74067, -1332.58532715], [-120.83012, 45.7456, -1412.65991211]]], [[[-120.77961, 45.89988, -6627.88574219], [-120.78887, 45.89276, -6455.29394531], [-120.77541, 45.89168, -6272.80224609], [-120.77961, 45.89988, -6627.88574219]]], [[[-120.86764, 45.75935, -2268.8737793], [-120.86582, 45.74957, -1907.27807617], [-120.85468, 45.75463, -1953.81640625], [-120.86764, 45.75935, -2268.8737793]]], [[[-120.78887, 45.89276, -6455.29394531], [-120.77961, 45.89988, -6627.88574219], [-120.79338, 45.90073, -6804.82617188], [-120.78887, 45.89276, -6455.29394531]]], [[[-120.89182, 45.78103, -3429.32739258], [-120.90542, 45.78169, -3650.44946289], [-120.90146, 45.77417, -3323.625], [-120.89182, 45.78103, -3429.32739258]]], [[[-120.80244, 45.89353, -6660.06933594], [-120.79863, 45.8858, -6330.265625], [-120.78887, 45.89276, -6455.29394531], [-120.80244, 45.89353, -6660.06933594]]], [[[-120.90059, 45.7972, -4133.91113281], [-120.90488, 45.80455, -4458.93505859], [-120.91411, 45.79746, -4340.33691406], [-120.90059, 45.7972, -4133.91113281]]], [[[-120.80794, 45.87888, -6127.23046875], [-120.79863, 45.8858, -6330.265625], [-120.81217, 45.88679, -6473.58496094], [-120.80794, 45.87888, -6127.23046875]]], [[[-120.88044, 45.73521, -1624.22973633], [-120.88167, 45.72583, -1290.57568359], [-120.86782, 45.73135, -1309.57971191], [-120.88044, 45.73521, -1624.22973633]]], [[[-120.78513, 45.88484, -6115.67626953], [-120.77541, 45.89168, -6272.80224609], [-120.78887, 45.89276, -6455.29394531], [-120.78513, 45.88484, -6115.67626953]]], [[[-120.86764, 45.75935, -2268.8737793], [-120.85468, 45.75463, -1953.81640625], [-120.85391, 45.76408, -2355.04321289], [-120.86764, 45.75935, -2268.8737793]]], [[[-120.78513, 45.88484, -6115.67626953], [-120.77137, 45.88439, -5954.23681641], [-120.77541, 45.89168, -6272.80224609], [-120.78513, 45.88484, -6115.67626953]]], [[[-120.87372, 45.79529, -3722.86083984], [-120.88731, 45.79622, -3869.46191406], [-120.88296, 45.78837, -3525.78125], [-120.87372, 45.79529, -3722.86083984]]], [[[-120.78053, 45.87737, -5783.70166016], [-120.77137, 45.88439, -5954.23681641], [-120.78513, 45.88484, -6115.67626953], [-120.78053, 45.87737, -5783.70166016]]], [[[-120.78268, 45.78267, -1843.69543457], [-120.78159, 45.77357, -1408.07727051], [-120.77035, 45.77976, -1780.53552246], [-120.78268, 45.78267, -1843.69543457]]], [[[-120.77623, 45.86924, -5429.98535156], [-120.76689, 45.87637, -5603.13964844], [-120.78053, 45.87737, -5783.70166016], [-120.77623, 45.86924, -5429.98535156]]], [[[-120.83169, 45.76357, -2068.98852539], [-120.83017, 45.75475, -1743.24060059], [-120.81803, 45.76194, -1728.44763184], [-120.83169, 45.76357, -2068.98852539]]], [[[-120.76689, 45.87637, -5603.13964844], [-120.76266, 45.86836, -5254.68554688], [-120.75331, 45.87519, -5459.44628906], [-120.76689, 45.87637, -5603.13964844]]], [[[-120.81803, 45.76194, -1728.44763184], [-120.80713, 45.75663, -1211.07885742], [-120.80332, 45.76488, -1391.16479492], [-120.81803, 45.76194, -1728.44763184]]], [[[-120.76689, 45.87637, -5603.13964844], [-120.75331, 45.87519, -5459.44628906], [-120.75764, 45.88333, -5814.34912109], [-120.76689, 45.87637, -5603.13964844]]], [[[-120.85495, 45.8094, -4036.84960938], [-120.86856, 45.81016, -4260.11621094], [-120.86418, 45.8022, -3912.96679688], [-120.85495, 45.8094, -4036.84960938]]], [[[-120.75235, 45.89778, -6388.85595703], [-120.76169, 45.89104, -6150.32714844], [-120.74804, 45.88993, -6046.96875], [-120.75235, 45.89778, -6388.85595703]]], [[[-120.75235, 45.89778, -6388.85595703], [-120.74804, 45.88993, -6046.96875], [-120.73896, 45.89709, -6152.21923828], [-120.75235, 45.89778, -6388.85595703]]], [[[-120.83909, 45.78595, -2958.49780273], [-120.82917, 45.79457, -2896.94555664], [-120.84513, 45.79328, -3315.09326172], [-120.83909, 45.78595, -2958.49780273]]], [[[-120.75235, 45.89778, -6388.85595703], [-120.73896, 45.89709, -6152.21923828], [-120.74324, 45.90507, -6497.30175781], [-120.75235, 45.89778, -6388.85595703]]], [[[-120.85021, 45.82492, -4382.60693359], [-120.8636, 45.82533, -4730.83984375], [-120.8592, 45.81714, -4374.97509766], [-120.85021, 45.82492, -4382.60693359]]], [[[-120.73044, 45.88158, -5476.01904297], [-120.72116, 45.88873, -5537.64794922], [-120.73453, 45.88916, -5804.58203125], [-120.73044, 45.88158, -5476.01904297]]], [[[-120.85999, 45.79419, -3566.28759766], [-120.86931, 45.78732, -3374.90551758], [-120.85482, 45.78616, -3207.7722168], [-120.85999, 45.79419, -3566.28759766]]], [[[-120.72116, 45.88873, -5537.64794922], [-120.71735, 45.88086, -5191.12451172], [-120.70756, 45.8871, -5497.12792969], [-120.72116, 45.88873, -5537.64794922]]], [[[-120.83767, 45.8006, -3352.99926758], [-120.84513, 45.79328, -3315.09326172], [-120.82917, 45.79457, -2896.94555664], [-120.83767, 45.8006, -3352.99926758]]], [[[-120.72116, 45.88873, -5537.64794922], [-120.70756, 45.8871, -5497.12792969], [-120.71195, 45.89541, -5856.99169922], [-120.72116, 45.88873, -5537.64794922]]], [[[-120.72582, 45.89652, -5874.78466797], [-120.72116, 45.88873, -5537.64794922], [-120.71195, 45.89541, -5856.99169922], [-120.72582, 45.89652, -5874.78466797]]], [[[-120.7924, 45.7682, -1318.70629883], [-120.79243, 45.75807, -962.67919922], [-120.78174, 45.76408, -1036.88867188], [-120.7924, 45.7682, -1318.70629883]]], [[[-120.73011, 45.90429, -6213.83935547], [-120.71647, 45.90299, -6189.73632812], [-120.72033, 45.91065, -6519.86132812], [-120.73011, 45.90429, -6213.83935547]]], [[[-120.84257, 45.75951, -2073.69580078], [-120.84235, 45.74989, -1712.02282715], [-120.83017, 45.75475, -1743.24060059], [-120.84257, 45.75951, -2073.69580078]]], [[[-120.70756, 45.8871, -5497.12792969], [-120.69832, 45.89411, -5686.98535156], [-120.71195, 45.89541, -5856.99169922], [-120.70756, 45.8871, -5497.12792969]]], [[[-120.80332, 45.76488, -1391.16479492], [-120.80713, 45.75663, -1211.07885742], [-120.79243, 45.75807, -962.67919922], [-120.80332, 45.76488, -1391.16479492]]], [[[-120.70756, 45.8871, -5497.12792969], [-120.69391, 45.88626, -5344.44970703], [-120.69832, 45.89411, -5686.98535156], [-120.70756, 45.8871, -5497.12792969]]], [[[-120.82502, 45.77007, -2167.72460938], [-120.81803, 45.76194, -1728.44763184], [-120.81252, 45.77134, -1796.22119141], [-120.82502, 45.77007, -2167.72460938]]], [[[-120.69832, 45.89411, -5686.98535156], [-120.6847, 45.89326, -5479.76806641], [-120.6893, 45.90146, -5839.16015625], [-120.69832, 45.89411, -5686.98535156]]], [[[-120.83017, 45.75475, -1743.24060059], [-120.81804, 45.75203, -1432.18310547], [-120.81803, 45.76194, -1728.44763184], [-120.83017, 45.75475, -1743.24060059]]], [[[-120.72626, 45.87367, -5136.05859375], [-120.71735, 45.88086, -5191.12451172], [-120.73044, 45.88158, -5476.01904297], [-120.72626, 45.87367, -5136.05859375]]], [[[-120.88951, 45.7483, -2219.31787109], [-120.87885, 45.75405, -2278.95898438], [-120.8922, 45.75753, -2594.42651367], [-120.88951, 45.7483, -2219.31787109]]], [[[-120.74904, 45.86777, -5136.11523438], [-120.73536, 45.8665, -5029.57275391], [-120.73961, 45.87445, -5373.94189453], [-120.74904, 45.86777, -5136.11523438]]], [[[-120.86418, 45.8022, -3912.96679688], [-120.87774, 45.80311, -4064.02905273], [-120.87372, 45.79529, -3722.86083984], [-120.86418, 45.8022, -3912.96679688]]], [[[-120.74474, 45.85972, -4785.53564453], [-120.73536, 45.8665, -5029.57275391], [-120.74904, 45.86777, -5136.11523438], [-120.74474, 45.85972, -4785.53564453]]], [[[-120.74171, 45.74431, -214.9151001], [-120.75932, 45.74383, -160.15161133], [-120.75148, 45.73654, 123.15644073], [-120.74171, 45.74431, -214.9151001]]], [[[-120.74474, 45.85972, -4785.53564453], [-120.73104, 45.85856, -4684.18066406], [-120.73536, 45.8665, -5029.57275391], [-120.74474, 45.85972, -4785.53564453]]], [[[-120.83998, 45.77016, -2441.16455078], [-120.83169, 45.76357, -2068.98852539], [-120.82502, 45.77007, -2167.72460938], [-120.83998, 45.77016, -2441.16455078]]], [[[-120.74032, 45.85165, -4433.63964844], [-120.73104, 45.85856, -4684.18066406], [-120.74474, 45.85972, -4785.53564453], [-120.74032, 45.85165, -4433.63964844]]], [[[-120.83998, 45.77016, -2441.16455078], [-120.84257, 45.75951, -2073.69580078], [-120.83169, 45.76357, -2068.98852539], [-120.83998, 45.77016, -2441.16455078]]], [[[-120.74032, 45.85165, -4433.63964844], [-120.72665, 45.85073, -4342.13476562], [-120.73104, 45.85856, -4684.18066406], [-120.74032, 45.85165, -4433.63964844]]], [[[-120.68199, 45.76145, -501.95526123], [-120.67227, 45.75515, -158.28559875], [-120.67049, 45.76437, -477.64562988], [-120.68199, 45.76145, -501.95526123]]], [[[-120.73634, 45.84421, -4109.73974609], [-120.72665, 45.85073, -4342.13476562], [-120.74032, 45.85165, -4433.63964844], [-120.73634, 45.84421, -4109.73974609]]], [[[-120.64716, 45.80009, -1604.21081543], [-120.63364, 45.79971, -1402.60083008], [-120.63771, 45.8071, -1725.71936035], [-120.64716, 45.80009, -1604.21081543]]], [[[-120.73634, 45.84421, -4109.73974609], [-120.72255, 45.84299, -4007.23852539], [-120.72665, 45.85073, -4342.13476562], [-120.73634, 45.84421, -4109.73974609]]], [[[-120.71488, 45.76878, -973.37017822], [-120.71715, 45.7599, -660.45996094], [-120.70411, 45.76333, -658.81811523], [-120.71488, 45.76878, -973.37017822]]], [[[-120.73181, 45.83614, -3757.82299805], [-120.72255, 45.84299, -4007.23852539], [-120.73634, 45.84421, -4109.73974609], [-120.73181, 45.83614, -3757.82299805]]], [[[-120.79305, 45.77777, -1681.16333008], [-120.78268, 45.78267, -1843.69543457], [-120.79521, 45.78676, -2043.9621582], [-120.79305, 45.77777, -1681.16333008]]], [[[-120.73181, 45.83614, -3757.82299805], [-120.71815, 45.83512, -3663.55249023], [-120.72255, 45.84299, -4007.23852539], [-120.73181, 45.83614, -3757.82299805]]], [[[-120.72718, 45.76568, -995.95458984], [-120.71715, 45.7599, -660.45996094], [-120.71488, 45.76878, -973.37017822], [-120.72718, 45.76568, -995.95458984]]], [[[-120.7275, 45.82839, -3420.10302734], [-120.71815, 45.83512, -3663.55249023], [-120.73181, 45.83614, -3757.82299805], [-120.7275, 45.82839, -3420.10302734]]], [[[-120.83219, 45.77753, -2549.36352539], [-120.82502, 45.77007, -2167.72460938], [-120.81934, 45.77853, -2173.17236328], [-120.83219, 45.77753, -2549.36352539]]], [[[-120.72354, 45.8208, -3089.71899414], [-120.71389, 45.82737, -3326.17529297], [-120.7275, 45.82839, -3420.10302734], [-120.72354, 45.8208, -3089.71899414]]], [[[-120.70411, 45.76333, -658.81811523], [-120.70721, 45.75437, -345.74072266], [-120.69351, 45.75791, -350.14022827], [-120.70411, 45.76333, -658.81811523]]], [[[-120.73295, 45.81413, -2886.58764648], [-120.71832, 45.8129, -2744.92382812], [-120.72354, 45.8208, -3089.71899414], [-120.73295, 45.81413, -2886.58764648]]], [[[-120.65128, 45.80781, -1938.14587402], [-120.64716, 45.80009, -1604.21081543], [-120.63771, 45.8071, -1725.71936035], [-120.65128, 45.80781, -1938.14587402]]], [[[-120.72741, 45.80815, -2604.50097656], [-120.71832, 45.8129, -2744.92382812], [-120.73295, 45.81413, -2886.58764648], [-120.72741, 45.80815, -2604.50097656]]], [[[-120.71715, 45.7599, -660.45996094], [-120.72825, 45.75619, -687.6751709], [-120.71838, 45.75057, -327.75622559], [-120.71715, 45.7599, -660.45996094]]], [[[-120.72741, 45.80815, -2604.50097656], [-120.71582, 45.80425, -2368.72485352], [-120.71832, 45.8129, -2744.92382812], [-120.72741, 45.80815, -2604.50097656]]], [[[-120.70411, 45.76333, -658.81811523], [-120.71715, 45.7599, -660.45996094], [-120.70721, 45.75437, -345.74072266], [-120.70411, 45.76333, -658.81811523]]], [[[-120.74082, 45.80594, -2656.328125], [-120.74436, 45.79637, -2340.96240234], [-120.73083, 45.8003, -2336.72387695], [-120.74082, 45.80594, -2656.328125]]], [[[-120.85346, 45.74534, -1555.91870117], [-120.85329, 45.73612, -1223.92504883], [-120.841, 45.74067, -1332.58532715], [-120.85346, 45.74534, -1555.91870117]]], [[[-120.74436, 45.79637, -2340.96240234], [-120.75468, 45.80346, -2758.63623047], [-120.7566, 45.79254, -2368.99926758], [-120.74436, 45.79637, -2340.96240234]]], [[[-120.82893, 45.72689, -700.53094482], [-120.84383, 45.72287, -604.02636719], [-120.832, 45.71828, -361.06182861], [-120.82893, 45.72689, -700.53094482]]], [[[-120.74436, 45.79637, -2340.96240234], [-120.7566, 45.79254, -2368.99926758], [-120.74543, 45.78677, -2028.83752441], [-120.74436, 45.79637, -2340.96240234]]], [[[-120.67876, 45.81029, -2113.31738281], [-120.6649, 45.80912, -2106.87182617], [-120.6696, 45.81684, -2446.58959961], [-120.67876, 45.81029, -2113.31738281]]], [[[-120.74436, 45.79637, -2340.96240234], [-120.73344, 45.79084, -2005.77148438], [-120.73083, 45.8003, -2336.72387695], [-120.74436, 45.79637, -2340.96240234]]], [[[-120.64291, 45.79213, -1259.46374512], [-120.62986, 45.79119, -1047.58581543], [-120.63364, 45.79971, -1402.60083008], [-120.64291, 45.79213, -1259.46374512]]], [[[-120.73083, 45.8003, -2336.72387695], [-120.73344, 45.79084, -2005.77148438], [-120.72159, 45.79424, -2013.71313477], [-120.73083, 45.8003, -2336.72387695]]], [[[-120.78688, 45.72832, 129.57727051], [-120.77747, 45.73199, 190.35484314], [-120.78714, 45.73695, -150.83744812], [-120.78688, 45.72832, 129.57727051]]], [[[-120.73083, 45.8003, -2336.72387695], [-120.72159, 45.79424, -2013.71313477], [-120.71582, 45.80425, -2368.72485352], [-120.73083, 45.8003, -2336.72387695]]], [[[-120.71582, 45.80425, -2368.72485352], [-120.72159, 45.79424, -2013.71313477], [-120.70921, 45.79667, -2038.11560059], [-120.71582, 45.80425, -2368.72485352]]], [[[-120.84118, 45.73146, -940.47497559], [-120.85559, 45.72733, -971.71697998], [-120.84383, 45.72287, -604.02636719], [-120.84118, 45.73146, -940.47497559]]], [[[-120.71582, 45.80425, -2368.72485352], [-120.70149, 45.80411, -2317.98706055], [-120.70524, 45.8116, -2639.71826172], [-120.71582, 45.80425, -2368.72485352]]], [[[-120.73876, 45.7535, -647.62054443], [-120.74171, 45.74431, -214.9151001], [-120.72918, 45.74691, -383.12078857], [-120.73876, 45.7535, -647.62054443]]], [[[-120.71832, 45.8129, -2744.92382812], [-120.71582, 45.80425, -2368.72485352], [-120.70524, 45.8116, -2639.71826172], [-120.71832, 45.8129, -2744.92382812]]], [[[-120.71715, 45.7599, -660.45996094], [-120.71838, 45.75057, -327.75622559], [-120.70721, 45.75437, -345.74072266], [-120.71715, 45.7599, -660.45996094]]], [[[-120.71832, 45.8129, -2744.92382812], [-120.70524, 45.8116, -2639.71826172], [-120.70981, 45.81949, -2986.02490234], [-120.71832, 45.8129, -2744.92382812]]], [[[-120.74829, 45.76827, -1286.97668457], [-120.73774, 45.76254, -1064.68945312], [-120.73693, 45.77206, -1379.55029297], [-120.74829, 45.76827, -1286.97668457]]], [[[-120.71389, 45.82737, -3326.17529297], [-120.7004, 45.82658, -3082.14770508], [-120.70476, 45.83451, -3428.21557617], [-120.71389, 45.82737, -3326.17529297]]], [[[-120.77089, 45.76159, -921.77838135], [-120.76235, 45.75479, -668.79571533], [-120.76011, 45.76473, -1119.6595459], [-120.77089, 45.76159, -921.77838135]]], [[[-120.71815, 45.83512, -3663.55249023], [-120.71389, 45.82737, -3326.17529297], [-120.70476, 45.83451, -3428.21557617], [-120.71815, 45.83512, -3663.55249023]]], [[[-120.6649, 45.80912, -2106.87182617], [-120.65581, 45.81615, -2300.49243164], [-120.6696, 45.81684, -2446.58959961], [-120.6649, 45.80912, -2106.87182617]]], [[[-120.72665, 45.85073, -4342.13476562], [-120.72255, 45.84299, -4007.23852539], [-120.71325, 45.85005, -4104.70556641], [-120.72665, 45.85073, -4342.13476562]]], [[[-120.67049, 45.76437, -477.64562988], [-120.66864, 45.77356, -692.08953857], [-120.68037, 45.77067, -828.87866211], [-120.67049, 45.76437, -477.64562988]]], [[[-120.72665, 45.85073, -4342.13476562], [-120.71325, 45.85005, -4104.70556641], [-120.71762, 45.8579, -4448.84521484], [-120.72665, 45.85073, -4342.13476562]]], [[[-120.68321, 45.8182, -2457.16625977], [-120.6696, 45.81684, -2446.58959961], [-120.67338, 45.82445, -2774.28930664], [-120.68321, 45.8182, -2457.16625977]]], [[[-120.73104, 45.85856, -4684.18066406], [-120.71762, 45.8579, -4448.84521484], [-120.72179, 45.8658, -4788.54931641], [-120.73104, 45.85856, -4684.18066406]]], [[[-120.85391, 45.76408, -2355.04321289], [-120.84257, 45.75951, -2073.69580078], [-120.83998, 45.77016, -2441.16455078], [-120.85391, 45.76408, -2355.04321289]]], [[[-120.73536, 45.8665, -5029.57275391], [-120.73104, 45.85856, -4684.18066406], [-120.72179, 45.8658, -4788.54931641], [-120.73536, 45.8665, -5029.57275391]]], [[[-120.633, 45.77421, -478.86679077], [-120.62356, 45.76792, -121.96300507], [-120.62096, 45.77629, -383.85339355], [-120.633, 45.77421, -478.86679077]]], [[[-120.73536, 45.8665, -5029.57275391], [-120.72179, 45.8658, -4788.54931641], [-120.72626, 45.87367, -5136.05859375], [-120.73536, 45.8665, -5029.57275391]]], [[[-120.77929, 45.75484, -661.574646], [-120.7866, 45.74695, -479.64282227], [-120.77127, 45.74854, -332.91500854], [-120.77929, 45.75484, -661.574646]]], [[[-120.7004, 45.82658, -3082.14770508], [-120.69171, 45.83391, -3143.26098633], [-120.70476, 45.83451, -3428.21557617], [-120.7004, 45.82658, -3082.14770508]]], [[[-120.85329, 45.73612, -1223.92504883], [-120.86782, 45.73135, -1309.57971191], [-120.85559, 45.72733, -971.71697998], [-120.85329, 45.73612, -1223.92504883]]], [[[-120.7004, 45.82658, -3082.14770508], [-120.68702, 45.82611, -2805.55834961], [-120.69171, 45.83391, -3143.26098633], [-120.7004, 45.82658, -3082.14770508]]], [[[-120.75055, 45.75024, -482.65652466], [-120.74171, 45.74431, -214.9151001], [-120.73876, 45.7535, -647.62054443], [-120.75055, 45.75024, -482.65652466]]], [[[-120.69188, 45.81089, -2400.09057617], [-120.67876, 45.81029, -2113.31738281], [-120.68321, 45.8182, -2457.16625977], [-120.69188, 45.81089, -2400.09057617]]], [[[-120.80749, 45.74708, -974.11022949], [-120.79758, 45.74135, -517.3079834], [-120.79796, 45.75042, -814.26269531], [-120.80749, 45.74708, -974.11022949]]], [[[-120.71191, 45.7876, -1667.2322998], [-120.72159, 45.79424, -2013.71313477], [-120.7237, 45.78427, -1653.61132812], [-120.71191, 45.7876, -1667.2322998]]], [[[-120.65809, 45.76848, -276.29190063], [-120.6477, 45.76253, -61.58432007], [-120.64518, 45.77159, -481.89907837], [-120.65809, 45.76848, -276.29190063]]], [[[-120.73501, 45.78123, -1662.64709473], [-120.72503, 45.77471, -1305.39111328], [-120.7237, 45.78427, -1653.61132812], [-120.73501, 45.78123, -1662.64709473]]], [[[-120.73501, 45.78123, -1662.64709473], [-120.73693, 45.77206, -1379.55029297], [-120.72503, 45.77471, -1305.39111328], [-120.73501, 45.78123, -1662.64709473]]], [[[-120.77035, 45.77976, -1780.53552246], [-120.78159, 45.77357, -1408.07727051], [-120.77112, 45.77052, -1356.90478516], [-120.77035, 45.77976, -1780.53552246]]], [[[-120.74775, 45.77746, -1712.19958496], [-120.74829, 45.76827, -1286.97668457], [-120.73693, 45.77206, -1379.55029297], [-120.74775, 45.77746, -1712.19958496]]], [[[-120.74775, 45.77746, -1712.19958496], [-120.75859, 45.78331, -1936.01220703], [-120.75925, 45.77391, -1512.65661621], [-120.74775, 45.77746, -1712.19958496]]], [[[-120.75859, 45.78331, -1936.01220703], [-120.74775, 45.77746, -1712.19958496], [-120.74543, 45.78677, -2028.83752441], [-120.75859, 45.78331, -1936.01220703]]], [[[-120.78159, 45.77357, -1408.07727051], [-120.78268, 45.78267, -1843.69543457], [-120.79305, 45.77777, -1681.16333008], [-120.78159, 45.77357, -1408.07727051]]], [[[-120.82516, 45.83473, -4189.78271484], [-120.83604, 45.82577, -4039.00024414], [-120.82, 45.82736, -3853.43945312], [-120.82516, 45.83473, -4189.78271484]]], [[[-120.75925, 45.77391, -1512.65661621], [-120.77112, 45.77052, -1356.90478516], [-120.76011, 45.76473, -1119.6595459], [-120.75925, 45.77391, -1512.65661621]]], [[[-120.83706, 45.81741, -3794.92089844], [-120.8409, 45.80891, -3658.89208984], [-120.82675, 45.81319, -3440.52001953], [-120.83706, 45.81741, -3794.92089844]]], [[[-120.65809, 45.76848, -276.29190063], [-120.66454, 45.78226, -883.91918945], [-120.66864, 45.77356, -692.08953857], [-120.65809, 45.76848, -276.29190063]]], [[[-120.86355, 45.77855, -2990.05639648], [-120.85482, 45.78616, -3207.7722168], [-120.86931, 45.78732, -3374.90551758], [-120.86355, 45.77855, -2990.05639648]]], [[[-120.86563, 45.74013, -1583.79333496], [-120.88044, 45.73521, -1624.22973633], [-120.86782, 45.73135, -1309.57971191], [-120.86563, 45.74013, -1583.79333496]]], [[[-120.86355, 45.77855, -2990.05639648], [-120.86931, 45.78732, -3374.90551758], [-120.87845, 45.78034, -3172.90966797], [-120.86355, 45.77855, -2990.05639648]]], [[[-120.65729, 45.79254, -1397.8223877], [-120.64291, 45.79213, -1259.46374512], [-120.64716, 45.80009, -1604.21081543], [-120.65729, 45.79254, -1397.8223877]]], [[[-120.85324, 45.77233, -2673.57739258], [-120.84652, 45.77903, -2847.28955078], [-120.86355, 45.77855, -2990.05639648], [-120.85324, 45.77233, -2673.57739258]]], [[[-120.80703, 45.73773, -750.27844238], [-120.81698, 45.73311, -774.23931885], [-120.80564, 45.72811, -400.3175354], [-120.80703, 45.73773, -750.27844238]]], [[[-120.85324, 45.77233, -2673.57739258], [-120.85391, 45.76408, -2355.04321289], [-120.83998, 45.77016, -2441.16455078], [-120.85324, 45.77233, -2673.57739258]]], [[[-120.74829, 45.76827, -1286.97668457], [-120.7493, 45.75925, -867.50030518], [-120.73774, 45.76254, -1064.68945312], [-120.74829, 45.76827, -1286.97668457]]], [[[-120.85324, 45.77233, -2673.57739258], [-120.86624, 45.76843, -2564.49121094], [-120.85391, 45.76408, -2355.04321289], [-120.85324, 45.77233, -2673.57739258]]], [[[-120.89429, 45.74021, -2000.3449707], [-120.8932, 45.73046, -1663.1315918], [-120.88044, 45.73521, -1624.22973633], [-120.89429, 45.74021, -2000.3449707]]], [[[-120.89606, 45.81188, -4556.62353516], [-120.90488, 45.80455, -4458.93505859], [-120.89129, 45.80431, -4214.54052734], [-120.89606, 45.81188, -4556.62353516]]], [[[-120.78688, 45.72832, 129.57727051], [-120.78714, 45.73695, -150.83744812], [-120.79702, 45.73223, -222.41311646], [-120.78688, 45.72832, 129.57727051]]], [[[-120.89984, 45.81994, -4896.91894531], [-120.90937, 45.8128, -4818.81396484], [-120.89606, 45.81188, -4556.62353516], [-120.89984, 45.81994, -4896.91894531]]], [[[-120.7493, 45.75925, -867.50030518], [-120.75055, 45.75024, -482.65652466], [-120.73876, 45.7535, -647.62054443], [-120.7493, 45.75925, -867.50030518]]], [[[-120.87717, 45.82574, -4939.55761719], [-120.89074, 45.82696, -5105.32470703], [-120.88649, 45.81878, -4748.41943359], [-120.87717, 45.82574, -4939.55761719]]], [[[-120.70346, 45.77244, -1003.95184326], [-120.71488, 45.76878, -973.37017822], [-120.70411, 45.76333, -658.81811523], [-120.70346, 45.77244, -1003.95184326]]], [[[-120.8636, 45.82533, -4730.83984375], [-120.8678, 45.8328, -5059.10400391], [-120.87717, 45.82574, -4939.55761719], [-120.8636, 45.82533, -4730.83984375]]], [[[-120.83017, 45.75475, -1743.24060059], [-120.84235, 45.74989, -1712.02282715], [-120.83012, 45.7456, -1412.65991211], [-120.83017, 45.75475, -1743.24060059]]], [[[-120.85859, 45.84053, -5057.09912109], [-120.87211, 45.84087, -5409.27246094], [-120.8678, 45.8328, -5059.10400391], [-120.85859, 45.84053, -5057.09912109]]], [[[-120.90991, 45.79002, -4013.75830078], [-120.91891, 45.78271, -3885.45825195], [-120.90542, 45.78169, -3650.44946289], [-120.90991, 45.79002, -4013.75830078]]], [[[-120.85859, 45.84053, -5057.09912109], [-120.86325, 45.8484, -5416.32421875], [-120.87211, 45.84087, -5409.27246094], [-120.85859, 45.84053, -5057.09912109]]], [[[-120.88951, 45.7483, -2219.31787109], [-120.89429, 45.74021, -2000.3449707], [-120.87826, 45.74415, -1922.15661621], [-120.88951, 45.7483, -2219.31787109]]], [[[-120.84863, 45.84892, -5048.66308594], [-120.86325, 45.8484, -5416.32421875], [-120.85859, 45.84053, -5057.09912109], [-120.84863, 45.84892, -5048.66308594]]], [[[-120.84863, 45.84892, -5048.66308594], [-120.85256, 45.85684, -5385.82470703], [-120.86325, 45.8484, -5416.32421875], [-120.84863, 45.84892, -5048.66308594]]], [[[-120.842, 45.86609, -5561.23779297], [-120.85256, 45.85684, -5385.82470703], [-120.8377, 45.85821, -5215.75048828], [-120.842, 45.86609, -5561.23779297]]], [[[-120.86708, 45.85651, -5743.97265625], [-120.85256, 45.85684, -5385.82470703], [-120.85696, 45.86489, -5737.43310547], [-120.86708, 45.85651, -5743.97265625]]], [[[-120.85256, 45.85684, -5385.82470703], [-120.86708, 45.85651, -5743.97265625], [-120.86325, 45.8484, -5416.32421875], [-120.85256, 45.85684, -5385.82470703]]], [[[-120.86708, 45.85651, -5743.97265625], [-120.87625, 45.84907, -5760.78320312], [-120.86325, 45.8484, -5416.32421875], [-120.86708, 45.85651, -5743.97265625]]], [[[-120.86708, 45.85651, -5743.97265625], [-120.88046, 45.85651, -6087.92431641], [-120.87625, 45.84907, -5760.78320312], [-120.86708, 45.85651, -5743.97265625]]], [[[-120.87144, 45.8643, -6088.18359375], [-120.88046, 45.85651, -6087.92431641], [-120.86708, 45.85651, -5743.97265625], [-120.87144, 45.8643, -6088.18359375]]], [[[-120.87144, 45.8643, -6088.18359375], [-120.87579, 45.87215, -6433.22216797], [-120.88495, 45.8645, -6438.82861328], [-120.87144, 45.8643, -6088.18359375]]], [[[-120.86137, 45.87273, -6082.20654297], [-120.87579, 45.87215, -6433.22216797], [-120.87144, 45.8643, -6088.18359375], [-120.86137, 45.87273, -6082.20654297]]], [[[-120.85056, 45.88169, -6245.49121094], [-120.86137, 45.87273, -6082.20654297], [-120.84646, 45.87392, -5906.52050781], [-120.85056, 45.88169, -6245.49121094]]], [[[-120.85056, 45.88169, -6245.49121094], [-120.83591, 45.88125, -6174.54882812], [-120.8402, 45.88907, -6517.57861328], [-120.85056, 45.88169, -6245.49121094]]], [[[-120.86347, 45.9053, -7280.28369141], [-120.8594, 45.89734, -6934.79296875], [-120.84893, 45.90484, -7208.61132812], [-120.86347, 45.9053, -7280.28369141]]], [[[-120.86347, 45.9053, -7280.28369141], [-120.84893, 45.90484, -7208.61132812], [-120.85304, 45.91265, -7553.06396484], [-120.86347, 45.9053, -7280.28369141]]], [[[-120.86795, 45.91293, -7618.47802734], [-120.86347, 45.9053, -7280.28369141], [-120.85304, 45.91265, -7553.06396484], [-120.86795, 45.91293, -7618.47802734]]], [[[-120.86795, 45.91293, -7618.47802734], [-120.85304, 45.91265, -7553.06396484], [-120.85745, 45.92033, -7888.28125], [-120.86795, 45.91293, -7618.47802734]]], [[[-120.87208, 45.92083, -7962.45703125], [-120.86795, 45.91293, -7618.47802734], [-120.85745, 45.92033, -7888.28125], [-120.87208, 45.92083, -7962.45703125]]], [[[-120.87208, 45.92083, -7962.45703125], [-120.8826, 45.91184, -7786.43603516], [-120.86795, 45.91293, -7618.47802734], [-120.87208, 45.92083, -7962.45703125]]], [[[-120.8826, 45.91184, -7786.43603516], [-120.87208, 45.92083, -7962.45703125], [-120.88649, 45.91977, -8125.69384766], [-120.8826, 45.91184, -7786.43603516]]], [[[-120.89681, 45.91154, -8128.74169922], [-120.8826, 45.91184, -7786.43603516], [-120.88649, 45.91977, -8125.69384766], [-120.89681, 45.91154, -8128.74169922]]], [[[-120.8826, 45.91184, -7786.43603516], [-120.89681, 45.91154, -8128.74169922], [-120.89252, 45.90359, -7784.70605469], [-120.8826, 45.91184, -7786.43603516]]], [[[-120.88797, 45.8958, -7432.61132812], [-120.90156, 45.89578, -7794.77685547], [-120.89767, 45.88827, -7470.91113281], [-120.88797, 45.8958, -7432.61132812]]], [[[-120.90156, 45.89578, -7794.77685547], [-120.91118, 45.88888, -7683.11035156], [-120.89767, 45.88827, -7470.91113281], [-120.90156, 45.89578, -7794.77685547]]], [[[-120.91118, 45.88888, -7683.11035156], [-120.9248, 45.88986, -7851.31054688], [-120.92052, 45.88187, -7502.80224609], [-120.91118, 45.88888, -7683.11035156]]], [[[-120.87631, 45.92867, -8305.60839844], [-120.88649, 45.91977, -8125.69384766], [-120.87208, 45.92083, -7962.45703125], [-120.87631, 45.92867, -8305.60839844]]], [[[-120.87631, 45.92867, -8305.60839844], [-120.87208, 45.92083, -7962.45703125], [-120.86172, 45.92826, -8236.83007812], [-120.87631, 45.92867, -8305.60839844]]], [[[-120.88085, 45.93645, -8649.83691406], [-120.87631, 45.92867, -8305.60839844], [-120.8661, 45.93607, -8578.58105469], [-120.88085, 45.93645, -8649.83691406]]], [[[-120.88085, 45.93645, -8649.83691406], [-120.89107, 45.92759, -8472.45703125], [-120.87631, 45.92867, -8305.60839844], [-120.88085, 45.93645, -8649.83691406]]], [[[-120.88085, 45.93645, -8649.83691406], [-120.89539, 45.93549, -8817.99121094], [-120.89107, 45.92759, -8472.45703125], [-120.88085, 45.93645, -8649.83691406]]], [[[-120.88493, 45.94431, -8991.99023438], [-120.89539, 45.93549, -8817.99121094], [-120.88085, 45.93645, -8649.83691406], [-120.88493, 45.94431, -8991.99023438]]], [[[-120.88493, 45.94431, -8991.99023438], [-120.88085, 45.93645, -8649.83691406], [-120.87047, 45.94383, -8918.06738281], [-120.88493, 45.94431, -8991.99023438]]], [[[-120.88493, 45.94431, -8991.99023438], [-120.87047, 45.94383, -8918.06738281], [-120.87457, 45.9515, -9256.08691406], [-120.88493, 45.94431, -8991.99023438]]], [[[-120.88926, 45.95208, -9333.33789062], [-120.88493, 45.94431, -8991.99023438], [-120.87457, 45.9515, -9256.08691406], [-120.88926, 45.95208, -9333.33789062]]], [[[-120.88926, 45.95208, -9333.33789062], [-120.87457, 45.9515, -9256.08691406], [-120.87891, 45.95945, -9604.79296875], [-120.88926, 45.95208, -9333.33789062]]], [[[-120.89358, 45.95999, -9679.99121094], [-120.88926, 45.95208, -9333.33789062], [-120.87891, 45.95945, -9604.79296875], [-120.89358, 45.95999, -9679.99121094]]], [[[-120.89358, 45.95999, -9679.99121094], [-120.90413, 45.95124, -9508.67382812], [-120.88926, 45.95208, -9333.33789062], [-120.89358, 45.95999, -9679.99121094]]], [[[-120.90413, 45.95124, -9508.67382812], [-120.89358, 45.95999, -9679.99121094], [-120.90808, 45.95916, -9849.43164062], [-120.90413, 45.95124, -9508.67382812]]], [[[-120.91869, 45.95091, -9860.39257812], [-120.90413, 45.95124, -9508.67382812], [-120.90808, 45.95916, -9849.43164062], [-120.91869, 45.95091, -9860.39257812]]], [[[-120.90413, 45.95124, -9508.67382812], [-120.91869, 45.95091, -9860.39257812], [-120.91399, 45.94308, -9500.93066406], [-120.90413, 45.95124, -9508.67382812]]], [[[-120.92236, 45.95898, -10179.57421875], [-120.91869, 45.95091, -9860.39257812], [-120.90808, 45.95916, -9849.43164062], [-120.92236, 45.95898, -10179.57421875]]], [[[-120.91259, 45.96709, -10198.79101562], [-120.92236, 45.95898, -10179.57421875], [-120.90808, 45.95916, -9849.43164062], [-120.91259, 45.96709, -10198.79101562]]], [[[-120.89778, 45.96783, -10022.63378906], [-120.91259, 45.96709, -10198.79101562], [-120.90808, 45.95916, -9849.43164062], [-120.89778, 45.96783, -10022.63378906]]], [[[-120.89778, 45.96783, -10022.63378906], [-120.90808, 45.95916, -9849.43164062], [-120.89358, 45.95999, -9679.99121094], [-120.89778, 45.96783, -10022.63378906]]], [[[-120.89778, 45.96783, -10022.63378906], [-120.89358, 45.95999, -9679.99121094], [-120.88321, 45.96734, -9951.69238281], [-120.89778, 45.96783, -10022.63378906]]], [[[-120.89778, 45.96783, -10022.63378906], [-120.88321, 45.96734, -9951.69238281], [-120.88734, 45.97516, -10296.04785156], [-120.89778, 45.96783, -10022.63378906]]], [[[-120.88321, 45.96734, -9951.69238281], [-120.87329, 45.97396, -10277.36132812], [-120.88734, 45.97516, -10296.04785156], [-120.88321, 45.96734, -9951.69238281]]], [[[-120.88321, 45.96734, -9951.69238281], [-120.86903, 45.96625, -9939.66308594], [-120.87329, 45.97396, -10277.36132812], [-120.88321, 45.96734, -9951.69238281]]], [[[-120.87891, 45.95945, -9604.79296875], [-120.86903, 45.96625, -9939.66308594], [-120.88321, 45.96734, -9951.69238281], [-120.87891, 45.95945, -9604.79296875]]], [[[-120.87891, 45.95945, -9604.79296875], [-120.86464, 45.95802, -9579.75585938], [-120.86903, 45.96625, -9939.66308594], [-120.87891, 45.95945, -9604.79296875]]], [[[-120.87457, 45.9515, -9256.08691406], [-120.86464, 45.95802, -9579.75585938], [-120.87891, 45.95945, -9604.79296875], [-120.87457, 45.9515, -9256.08691406]]], [[[-120.87457, 45.9515, -9256.08691406], [-120.86041, 45.95035, -9243.70898438], [-120.86464, 45.95802, -9579.75585938], [-120.87457, 45.9515, -9256.08691406]]], [[[-120.87047, 45.94383, -8918.06738281], [-120.86041, 45.95035, -9243.70898438], [-120.87457, 45.9515, -9256.08691406], [-120.87047, 45.94383, -8918.06738281]]], [[[-120.87047, 45.94383, -8918.06738281], [-120.85625, 45.94283, -8914.44042969], [-120.86041, 45.95035, -9243.70898438], [-120.87047, 45.94383, -8918.06738281]]], [[[-120.8661, 45.93607, -8578.58105469], [-120.85625, 45.94283, -8914.44042969], [-120.87047, 45.94383, -8918.06738281], [-120.8661, 45.93607, -8578.58105469]]], [[[-120.8661, 45.93607, -8578.58105469], [-120.85184, 45.93488, -8566.04785156], [-120.85625, 45.94283, -8914.44042969], [-120.8661, 45.93607, -8578.58105469]]], [[[-120.86172, 45.92826, -8236.83007812], [-120.85184, 45.93488, -8566.04785156], [-120.8661, 45.93607, -8578.58105469], [-120.86172, 45.92826, -8236.83007812]]], [[[-120.86172, 45.92826, -8236.83007812], [-120.84755, 45.92704, -8222.87304688], [-120.85184, 45.93488, -8566.04785156], [-120.86172, 45.92826, -8236.83007812]]], [[[-120.85745, 45.92033, -7888.28125], [-120.84755, 45.92704, -8222.87304688], [-120.86172, 45.92826, -8236.83007812], [-120.85745, 45.92033, -7888.28125]]], [[[-120.85745, 45.92033, -7888.28125], [-120.84298, 45.91927, -7882.0234375], [-120.84755, 45.92704, -8222.87304688], [-120.85745, 45.92033, -7888.28125]]], [[[-120.85304, 45.91265, -7553.06396484], [-120.84298, 45.91927, -7882.0234375], [-120.85745, 45.92033, -7888.28125], [-120.85304, 45.91265, -7553.06396484]]], [[[-120.84893, 45.90484, -7208.61132812], [-120.83876, 45.91141, -7538.05761719], [-120.85304, 45.91265, -7553.06396484], [-120.84893, 45.90484, -7208.61132812]]], [[[-120.84893, 45.90484, -7208.61132812], [-120.83487, 45.90331, -7184.60644531], [-120.83876, 45.91141, -7538.05761719], [-120.84893, 45.90484, -7208.61132812]]], [[[-120.84478, 45.89673, -6849.9296875], [-120.83487, 45.90331, -7184.60644531], [-120.84893, 45.90484, -7208.61132812], [-120.84478, 45.89673, -6849.9296875]]], [[[-120.83487, 45.90331, -7184.60644531], [-120.84478, 45.89673, -6849.9296875], [-120.8302, 45.89573, -6851.63525391], [-120.83487, 45.90331, -7184.60644531]]], [[[-120.83487, 45.90331, -7184.60644531], [-120.8302, 45.89573, -6851.63525391], [-120.82094, 45.90239, -7155.07958984], [-120.83487, 45.90331, -7184.60644531]]], [[[-120.83487, 45.90331, -7184.60644531], [-120.82094, 45.90239, -7155.07958984], [-120.82507, 45.90992, -7484.24511719], [-120.83487, 45.90331, -7184.60644531]]], [[[-120.83876, 45.91141, -7538.05761719], [-120.83487, 45.90331, -7184.60644531], [-120.82507, 45.90992, -7484.24511719], [-120.83876, 45.91141, -7538.05761719]]], [[[-120.83876, 45.91141, -7538.05761719], [-120.82507, 45.90992, -7484.24511719], [-120.82899, 45.91781, -7831.17138672], [-120.83876, 45.91141, -7538.05761719]]], [[[-120.84298, 45.91927, -7882.0234375], [-120.83876, 45.91141, -7538.05761719], [-120.82899, 45.91781, -7831.17138672], [-120.84298, 45.91927, -7882.0234375]]], [[[-120.84298, 45.91927, -7882.0234375], [-120.82899, 45.91781, -7831.17138672], [-120.83376, 45.92604, -8189.82275391], [-120.84298, 45.91927, -7882.0234375]]], [[[-120.84755, 45.92704, -8222.87304688], [-120.84298, 45.91927, -7882.0234375], [-120.83376, 45.92604, -8189.82275391], [-120.84755, 45.92704, -8222.87304688]]], [[[-120.84755, 45.92704, -8222.87304688], [-120.83376, 45.92604, -8189.82275391], [-120.838, 45.9337, -8524.99023438], [-120.84755, 45.92704, -8222.87304688]]], [[[-120.85184, 45.93488, -8566.04785156], [-120.84755, 45.92704, -8222.87304688], [-120.838, 45.9337, -8524.99023438], [-120.85184, 45.93488, -8566.04785156]]], [[[-120.85184, 45.93488, -8566.04785156], [-120.838, 45.9337, -8524.99023438], [-120.84239, 45.94141, -8861.3828125], [-120.85184, 45.93488, -8566.04785156]]], [[[-120.85625, 45.94283, -8914.44042969], [-120.85184, 45.93488, -8566.04785156], [-120.84239, 45.94141, -8861.3828125], [-120.85625, 45.94283, -8914.44042969]]], [[[-120.85625, 45.94283, -8914.44042969], [-120.84239, 45.94141, -8861.3828125], [-120.84655, 45.94944, -9213.69433594], [-120.85625, 45.94283, -8914.44042969]]], [[[-120.86041, 45.95035, -9243.70898438], [-120.85625, 45.94283, -8914.44042969], [-120.84655, 45.94944, -9213.69433594], [-120.86041, 45.95035, -9243.70898438]]], [[[-120.86041, 45.95035, -9243.70898438], [-120.84655, 45.94944, -9213.69433594], [-120.85071, 45.9568, -9534.96777344], [-120.86041, 45.95035, -9243.70898438]]], [[[-120.86464, 45.95802, -9579.75585938], [-120.86041, 45.95035, -9243.70898438], [-120.85071, 45.9568, -9534.96777344], [-120.86464, 45.95802, -9579.75585938]]], [[[-120.86464, 45.95802, -9579.75585938], [-120.85071, 45.9568, -9534.96777344], [-120.85532, 45.96471, -9880.22265625], [-120.86464, 45.95802, -9579.75585938]]], [[[-120.86903, 45.96625, -9939.66308594], [-120.86464, 45.95802, -9579.75585938], [-120.85532, 45.96471, -9880.22265625], [-120.86903, 45.96625, -9939.66308594]]], [[[-120.86903, 45.96625, -9939.66308594], [-120.85532, 45.96471, -9880.22265625], [-120.85956, 45.97285, -10237.00976562], [-120.86903, 45.96625, -9939.66308594]]], [[[-120.87329, 45.97396, -10277.36132812], [-120.86903, 45.96625, -9939.66308594], [-120.85956, 45.97285, -10237.00976562], [-120.87329, 45.97396, -10277.36132812]]], [[[-120.87329, 45.97396, -10277.36132812], [-120.85956, 45.97285, -10237.00976562], [-120.86365, 45.98035, -10565.19726562], [-120.87329, 45.97396, -10277.36132812]]], [[[-120.87759, 45.98158, -10611.40527344], [-120.87329, 45.97396, -10277.36132812], [-120.86365, 45.98035, -10565.19726562], [-120.87759, 45.98158, -10611.40527344]]], [[[-120.88734, 45.97516, -10296.04785156], [-120.87329, 45.97396, -10277.36132812], [-120.87759, 45.98158, -10611.40527344], [-120.88734, 45.97516, -10296.04785156]]], [[[-120.88734, 45.97516, -10296.04785156], [-120.87759, 45.98158, -10611.40527344], [-120.89186, 45.98296, -10636.35253906], [-120.88734, 45.97516, -10296.04785156]]], [[[-120.89186, 45.98296, -10636.35253906], [-120.87759, 45.98158, -10611.40527344], [-120.88201, 45.98969, -10966.38671875], [-120.89186, 45.98296, -10636.35253906]]], [[[-120.89186, 45.98296, -10636.35253906], [-120.88201, 45.98969, -10966.38671875], [-120.89616, 45.99078, -10979.70410156], [-120.89186, 45.98296, -10636.35253906]]], [[[-120.90644, 45.98357, -10712.95507812], [-120.89186, 45.98296, -10636.35253906], [-120.89616, 45.99078, -10979.70410156], [-120.90644, 45.98357, -10712.95507812]]], [[[-120.91069, 45.99135, -11054.0703125], [-120.90644, 45.98357, -10712.95507812], [-120.89616, 45.99078, -10979.70410156], [-120.91069, 45.99135, -11054.0703125]]], [[[-120.91069, 45.99135, -11054.0703125], [-120.92094, 45.98295, -10887.64453125], [-120.90644, 45.98357, -10712.95507812], [-120.91069, 45.99135, -11054.0703125]]], [[[-120.92094, 45.98295, -10887.64453125], [-120.91069, 45.99135, -11054.0703125], [-120.92561, 45.99064, -11230.80078125], [-120.92094, 45.98295, -10887.64453125]]], [[[-120.92094, 45.98295, -10887.64453125], [-120.92561, 45.99064, -11230.80078125], [-120.93543, 45.9826, -11215.04394531], [-120.92094, 45.98295, -10887.64453125]]], [[[-120.92094, 45.98295, -10887.64453125], [-120.93543, 45.9826, -11215.04394531], [-120.93107, 45.9749, -10873.27832031], [-120.92094, 45.98295, -10887.64453125]]], [[[-120.94033, 45.99034, -11580.69921875], [-120.93543, 45.9826, -11215.04394531], [-120.92561, 45.99064, -11230.80078125], [-120.94033, 45.99034, -11580.69921875]]], [[[-120.92973, 45.99856, -11574.41210938], [-120.94033, 45.99034, -11580.69921875], [-120.92561, 45.99064, -11230.80078125], [-120.92973, 45.99856, -11574.41210938]]], [[[-120.91519, 45.99915, -11398.62597656], [-120.92973, 45.99856, -11574.41210938], [-120.92561, 45.99064, -11230.80078125], [-120.91519, 45.99915, -11398.62597656]]], [[[-120.91933, 46.00711, -11744.99902344], [-120.92973, 45.99856, -11574.41210938], [-120.91519, 45.99915, -11398.62597656], [-120.91933, 46.00711, -11744.99902344]]], [[[-120.91933, 46.00711, -11744.99902344], [-120.93393, 46.00649, -11919.02148438], [-120.92973, 45.99856, -11574.41210938], [-120.91933, 46.00711, -11744.99902344]]], [[[-120.92372, 46.01481, -12084.62597656], [-120.93393, 46.00649, -11919.02148438], [-120.91933, 46.00711, -11744.99902344], [-120.92372, 46.01481, -12084.62597656]]], [[[-120.92372, 46.01481, -12084.62597656], [-120.93845, 46.01421, -12260.7578125], [-120.93393, 46.00649, -11919.02148438], [-120.92372, 46.01481, -12084.62597656]]], [[[-120.92372, 46.01481, -12084.62597656], [-120.91933, 46.00711, -11744.99902344], [-120.9091, 46.01424, -12008.84179688], [-120.92372, 46.01481, -12084.62597656]]], [[[-120.92372, 46.01481, -12084.62597656], [-120.9091, 46.01424, -12008.84179688], [-120.91344, 46.02205, -12351.38476562], [-120.92372, 46.01481, -12084.62597656]]], [[[-120.9091, 46.01424, -12008.84179688], [-120.8991, 46.02076, -12327.18359375], [-120.91344, 46.02205, -12351.38476562], [-120.9091, 46.01424, -12008.84179688]]], [[[-120.9091, 46.01424, -12008.84179688], [-120.89497, 46.01309, -11991.29101562], [-120.8991, 46.02076, -12327.18359375], [-120.9091, 46.01424, -12008.84179688]]], [[[-120.90488, 46.00646, -11666.64941406], [-120.89497, 46.01309, -11991.29101562], [-120.9091, 46.01424, -12008.84179688], [-120.90488, 46.00646, -11666.64941406]]], [[[-120.90488, 46.00646, -11666.64941406], [-120.89067, 46.00531, -11650.61621094], [-120.89497, 46.01309, -11991.29101562], [-120.90488, 46.00646, -11666.64941406]]], [[[-120.9003, 45.99864, -11326.18164062], [-120.89067, 46.00531, -11650.61621094], [-120.90488, 46.00646, -11666.64941406], [-120.9003, 45.99864, -11326.18164062]]], [[[-120.9003, 45.99864, -11326.18164062], [-120.88615, 45.99729, -11299.13574219], [-120.89067, 46.00531, -11650.61621094], [-120.9003, 45.99864, -11326.18164062]]], [[[-120.89616, 45.99078, -10979.70410156], [-120.88615, 45.99729, -11299.13574219], [-120.9003, 45.99864, -11326.18164062], [-120.89616, 45.99078, -10979.70410156]]], [[[-120.89616, 45.99078, -10979.70410156], [-120.88201, 45.98969, -10966.38671875], [-120.88615, 45.99729, -11299.13574219], [-120.89616, 45.99078, -10979.70410156]]], [[[-120.88615, 45.99729, -11299.13574219], [-120.88201, 45.98969, -10966.38671875], [-120.87229, 45.99625, -11261.06542969], [-120.88615, 45.99729, -11299.13574219]]], [[[-120.88615, 45.99729, -11299.13574219], [-120.87229, 45.99625, -11261.06542969], [-120.87676, 46.00384, -11591.95214844], [-120.88615, 45.99729, -11299.13574219]]], [[[-120.89067, 46.00531, -11650.61621094], [-120.88615, 45.99729, -11299.13574219], [-120.87676, 46.00384, -11591.95214844], [-120.89067, 46.00531, -11650.61621094]]], [[[-120.89067, 46.00531, -11650.61621094], [-120.87676, 46.00384, -11591.95214844], [-120.88119, 46.01204, -11950.93457031], [-120.89067, 46.00531, -11650.61621094]]], [[[-120.89497, 46.01309, -11991.29101562], [-120.89067, 46.00531, -11650.61621094], [-120.88119, 46.01204, -11950.93457031], [-120.89497, 46.01309, -11991.29101562]]], [[[-120.89497, 46.01309, -11991.29101562], [-120.88119, 46.01204, -11950.93457031], [-120.88523, 46.0195, -12277.63378906], [-120.89497, 46.01309, -11991.29101562]]], [[[-120.8991, 46.02076, -12327.18359375], [-120.89497, 46.01309, -11991.29101562], [-120.88523, 46.0195, -12277.63378906], [-120.8991, 46.02076, -12327.18359375]]], [[[-120.8991, 46.02076, -12327.18359375], [-120.88523, 46.0195, -12277.63378906], [-120.88985, 46.02746, -12625.07421875], [-120.8991, 46.02076, -12327.18359375]]], [[[-120.90369, 46.02883, -12680.8515625], [-120.8991, 46.02076, -12327.18359375], [-120.88985, 46.02746, -12625.07421875], [-120.90369, 46.02883, -12680.8515625]]], [[[-120.91344, 46.02205, -12351.38476562], [-120.8991, 46.02076, -12327.18359375], [-120.90369, 46.02883, -12680.8515625], [-120.91344, 46.02205, -12351.38476562]]], [[[-120.91344, 46.02205, -12351.38476562], [-120.90369, 46.02883, -12680.8515625], [-120.91778, 46.02997, -12699.06152344], [-120.91344, 46.02205, -12351.38476562]]], [[[-120.90369, 46.02883, -12680.8515625], [-120.88985, 46.02746, -12625.07421875], [-120.89395, 46.03551, -12978.57226562], [-120.90369, 46.02883, -12680.8515625]]], [[[-120.88985, 46.02746, -12625.07421875], [-120.88046, 46.03447, -12816.78027344], [-120.89395, 46.03551, -12978.57226562], [-120.88985, 46.02746, -12625.07421875]]], [[[-120.88046, 46.03447, -12816.78027344], [-120.88985, 46.02746, -12625.07421875], [-120.87604, 46.02641, -12465.53125], [-120.88046, 46.03447, -12816.78027344]]], [[[-120.88046, 46.03447, -12816.78027344], [-120.87604, 46.02641, -12465.53125], [-120.86682, 46.0335, -12612.31738281], [-120.88046, 46.03447, -12816.78027344]]], [[[-120.88046, 46.03447, -12816.78027344], [-120.86682, 46.0335, -12612.31738281], [-120.87065, 46.04149, -12955.39453125], [-120.88046, 46.03447, -12816.78027344]]], [[[-120.86682, 46.0335, -12612.31738281], [-120.85715, 46.0404, -12767.61328125], [-120.87065, 46.04149, -12955.39453125], [-120.86682, 46.0335, -12612.31738281]]], [[[-120.85715, 46.0404, -12767.61328125], [-120.86682, 46.0335, -12612.31738281], [-120.85295, 46.03307, -12446.22265625], [-120.85715, 46.0404, -12767.61328125]]], [[[-120.85715, 46.0404, -12767.61328125], [-120.85295, 46.03307, -12446.22265625], [-120.84339, 46.03984, -12636.25488281], [-120.85715, 46.0404, -12767.61328125]]], [[[-120.85715, 46.0404, -12767.61328125], [-120.84339, 46.03984, -12636.25488281], [-120.84772, 46.04735, -12963.75097656], [-120.85715, 46.0404, -12767.61328125]]], [[[-120.84339, 46.03984, -12636.25488281], [-120.83399, 46.04664, -12864.99804688], [-120.84772, 46.04735, -12963.75097656], [-120.84339, 46.03984, -12636.25488281]]], [[[-120.83399, 46.04664, -12864.99804688], [-120.84339, 46.03984, -12636.25488281], [-120.82966, 46.03869, -12519.83203125], [-120.83399, 46.04664, -12864.99804688]]], [[[-120.83399, 46.04664, -12864.99804688], [-120.82966, 46.03869, -12519.83203125], [-120.82054, 46.04584, -12628.67089844], [-120.83399, 46.04664, -12864.99804688]]], [[[-120.83399, 46.04664, -12864.99804688], [-120.82054, 46.04584, -12628.67089844], [-120.8248, 46.05391, -12974.8828125], [-120.83399, 46.04664, -12864.99804688]]], [[[-120.86212, 46.02604, -12279.91894531], [-120.85295, 46.03307, -12446.22265625], [-120.86682, 46.0335, -12612.31738281], [-120.86212, 46.02604, -12279.91894531]]], [[[-120.87604, 46.02641, -12465.53125], [-120.87148, 46.01899, -12133.90722656], [-120.86212, 46.02604, -12279.91894531], [-120.87604, 46.02641, -12465.53125]]], [[[-120.87604, 46.02641, -12465.53125], [-120.88523, 46.0195, -12277.63378906], [-120.87148, 46.01899, -12133.90722656], [-120.87604, 46.02641, -12465.53125]]], [[[-120.88523, 46.0195, -12277.63378906], [-120.87604, 46.02641, -12465.53125], [-120.88985, 46.02746, -12625.07421875], [-120.88523, 46.0195, -12277.63378906]]], [[[-120.88119, 46.01204, -11950.93457031], [-120.87148, 46.01899, -12133.90722656], [-120.88523, 46.0195, -12277.63378906], [-120.88119, 46.01204, -11950.93457031]]], [[[-120.88119, 46.01204, -11950.93457031], [-120.8677, 46.01096, -11794.38183594], [-120.87148, 46.01899, -12133.90722656], [-120.88119, 46.01204, -11950.93457031]]], [[[-120.87676, 46.00384, -11591.95214844], [-120.8677, 46.01096, -11794.38183594], [-120.88119, 46.01204, -11950.93457031], [-120.87676, 46.00384, -11591.95214844]]], [[[-120.8677, 46.01096, -11794.38183594], [-120.87676, 46.00384, -11591.95214844], [-120.86276, 46.00301, -11438.05566406], [-120.8677, 46.01096, -11794.38183594]]], [[[-120.8677, 46.01096, -11794.38183594], [-120.86276, 46.00301, -11438.05566406], [-120.85397, 46.01029, -11597.06640625], [-120.8677, 46.01096, -11794.38183594]]], [[[-120.8677, 46.01096, -11794.38183594], [-120.85397, 46.01029, -11597.06640625], [-120.85799, 46.01795, -11929.79785156], [-120.8677, 46.01096, -11794.38183594]]], [[[-120.87148, 46.01899, -12133.90722656], [-120.8677, 46.01096, -11794.38183594], [-120.85799, 46.01795, -11929.79785156], [-120.87148, 46.01899, -12133.90722656]]], [[[-120.87148, 46.01899, -12133.90722656], [-120.85799, 46.01795, -11929.79785156], [-120.86212, 46.02604, -12279.91894531], [-120.87148, 46.01899, -12133.90722656]]], [[[-120.86276, 46.00301, -11438.05566406], [-120.84898, 46.00243, -11246.72558594], [-120.85397, 46.01029, -11597.06640625], [-120.86276, 46.00301, -11438.05566406]]], [[[-120.86276, 46.00301, -11438.05566406], [-120.85867, 45.99543, -11108.89160156], [-120.84898, 46.00243, -11246.72558594], [-120.86276, 46.00301, -11438.05566406]]], [[[-120.86276, 46.00301, -11438.05566406], [-120.87229, 45.99625, -11261.06542969], [-120.85867, 45.99543, -11108.89160156], [-120.86276, 46.00301, -11438.05566406]]], [[[-120.87229, 45.99625, -11261.06542969], [-120.86276, 46.00301, -11438.05566406], [-120.87676, 46.00384, -11591.95214844], [-120.87229, 45.99625, -11261.06542969]]], [[[-120.86832, 45.98844, -10918.30859375], [-120.85867, 45.99543, -11108.89160156], [-120.87229, 45.99625, -11261.06542969], [-120.86832, 45.98844, -10918.30859375]]], [[[-120.85867, 45.99543, -11108.89160156], [-120.86832, 45.98844, -10918.30859375], [-120.85461, 45.9873, -10761.31738281], [-120.85867, 45.99543, -11108.89160156]]], [[[-120.85867, 45.99543, -11108.89160156], [-120.85461, 45.9873, -10761.31738281], [-120.84523, 45.99442, -10903.39355469], [-120.85867, 45.99543, -11108.89160156]]], [[[-120.85867, 45.99543, -11108.89160156], [-120.84523, 45.99442, -10903.39355469], [-120.84898, 46.00243, -11246.72558594], [-120.85867, 45.99543, -11108.89160156]]], [[[-120.84523, 45.99442, -10903.39355469], [-120.83547, 46.00137, -11061.13476562], [-120.84898, 46.00243, -11246.72558594], [-120.84523, 45.99442, -10903.39355469]]], [[[-120.83547, 46.00137, -11061.13476562], [-120.84523, 45.99442, -10903.39355469], [-120.83152, 45.99379, -10732.43164062], [-120.83547, 46.00137, -11061.13476562]]], [[[-120.83547, 46.00137, -11061.13476562], [-120.83152, 45.99379, -10732.43164062], [-120.82181, 46.0005, -10921.08886719], [-120.83547, 46.00137, -11061.13476562]]], [[[-120.83547, 46.00137, -11061.13476562], [-120.82181, 46.0005, -10921.08886719], [-120.82633, 46.00849, -11269.66503906], [-120.83547, 46.00137, -11061.13476562]]], [[[-120.8401, 46.00966, -11424.09277344], [-120.83547, 46.00137, -11061.13476562], [-120.82633, 46.00849, -11269.66503906], [-120.8401, 46.00966, -11424.09277344]]], [[[-120.84898, 46.00243, -11246.72558594], [-120.83547, 46.00137, -11061.13476562], [-120.8401, 46.00966, -11424.09277344], [-120.84898, 46.00243, -11246.72558594]]], [[[-120.84898, 46.00243, -11246.72558594], [-120.8401, 46.00966, -11424.09277344], [-120.85397, 46.01029, -11597.06640625], [-120.84898, 46.00243, -11246.72558594]]], [[[-120.8401, 46.00966, -11424.09277344], [-120.82633, 46.00849, -11269.66503906], [-120.83068, 46.01648, -11617.60058594], [-120.8401, 46.00966, -11424.09277344]]], [[[-120.82633, 46.00849, -11269.66503906], [-120.81683, 46.01523, -11499.703125], [-120.83068, 46.01648, -11617.60058594], [-120.82633, 46.00849, -11269.66503906]]], [[[-120.81683, 46.01523, -11499.703125], [-120.82633, 46.00849, -11269.66503906], [-120.8126, 46.00749, -11163.15039062], [-120.81683, 46.01523, -11499.703125]]], [[[-120.81683, 46.01523, -11499.703125], [-120.8126, 46.00749, -11163.15039062], [-120.80321, 46.01465, -11265.05566406], [-120.81683, 46.01523, -11499.703125]]], [[[-120.81683, 46.01523, -11499.703125], [-120.80321, 46.01465, -11265.05566406], [-120.80773, 46.02241, -11610.19726562], [-120.81683, 46.01523, -11499.703125]]], [[[-120.82116, 46.0232, -11845.75488281], [-120.81683, 46.01523, -11499.703125], [-120.80773, 46.02241, -11610.19726562], [-120.82116, 46.0232, -11845.75488281]]], [[[-120.83068, 46.01648, -11617.60058594], [-120.82116, 46.0232, -11845.75488281], [-120.83488, 46.024, -11945.43261719], [-120.83068, 46.01648, -11617.60058594]]], [[[-120.82116, 46.0232, -11845.75488281], [-120.80773, 46.02241, -11610.19726562], [-120.81197, 46.03037, -11952.86425781], [-120.82116, 46.0232, -11845.75488281]]], [[[-120.8126, 46.00749, -11163.15039062], [-120.79918, 46.0067, -10928.60351562], [-120.80321, 46.01465, -11265.05566406], [-120.8126, 46.00749, -11163.15039062]]], [[[-120.8126, 46.00749, -11163.15039062], [-120.80811, 45.99943, -10811.48632812], [-120.79918, 46.0067, -10928.60351562], [-120.8126, 46.00749, -11163.15039062]]], [[[-120.8126, 46.00749, -11163.15039062], [-120.82181, 46.0005, -10921.08886719], [-120.80811, 45.99943, -10811.48632812], [-120.8126, 46.00749, -11163.15039062]]], [[[-120.82181, 46.0005, -10921.08886719], [-120.8126, 46.00749, -11163.15039062], [-120.82633, 46.00849, -11269.66503906], [-120.82181, 46.0005, -10921.08886719]]], [[[-120.81774, 45.99283, -10586.72167969], [-120.80811, 45.99943, -10811.48632812], [-120.82181, 46.0005, -10921.08886719], [-120.81774, 45.99283, -10586.72167969]]], [[[-120.80811, 45.99943, -10811.48632812], [-120.81774, 45.99283, -10586.72167969], [-120.80391, 45.99166, -10474.15429688], [-120.80811, 45.99943, -10811.48632812]]], [[[-120.80811, 45.99943, -10811.48632812], [-120.80391, 45.99166, -10474.15429688], [-120.79461, 45.99877, -10577.0078125], [-120.80811, 45.99943, -10811.48632812]]], [[[-120.80811, 45.99943, -10811.48632812], [-120.79461, 45.99877, -10577.0078125], [-120.79918, 46.0067, -10928.60351562], [-120.80811, 45.99943, -10811.48632812]]], [[[-120.79461, 45.99877, -10577.0078125], [-120.78595, 46.0061, -10655.89648438], [-120.79918, 46.0067, -10928.60351562], [-120.79461, 45.99877, -10577.0078125]]], [[[-120.78595, 46.0061, -10655.89648438], [-120.79461, 45.99877, -10577.0078125], [-120.78111, 45.99844, -10325.38671875], [-120.78595, 46.0061, -10655.89648438]]], [[[-120.78595, 46.0061, -10655.89648438], [-120.78111, 45.99844, -10325.38671875], [-120.77209, 46.00516, -10628.49121094], [-120.78595, 46.0061, -10655.89648438]]], [[[-120.78595, 46.0061, -10655.89648438], [-120.77209, 46.00516, -10628.49121094], [-120.77631, 46.01247, -10947.72753906], [-120.78595, 46.0061, -10655.89648438]]], [[[-120.79033, 45.9913, -10246.71289062], [-120.78111, 45.99844, -10325.38671875], [-120.79461, 45.99877, -10577.0078125], [-120.79033, 45.9913, -10246.71289062]]], [[[-120.80391, 45.99166, -10474.15429688], [-120.79033, 45.9913, -10246.71289062], [-120.79461, 45.99877, -10577.0078125], [-120.80391, 45.99166, -10474.15429688]]], [[[-120.80391, 45.99166, -10474.15429688], [-120.79957, 45.98407, -10142.15234375], [-120.79033, 45.9913, -10246.71289062], [-120.80391, 45.99166, -10474.15429688]]], [[[-120.81331, 45.98479, -10236.16796875], [-120.80391, 45.99166, -10474.15429688], [-120.81774, 45.99283, -10586.72167969], [-120.81331, 45.98479, -10236.16796875]]], [[[-120.82695, 45.98588, -10384.86328125], [-120.81331, 45.98479, -10236.16796875], [-120.81774, 45.99283, -10586.72167969], [-120.82695, 45.98588, -10384.86328125]]], [[[-120.82695, 45.98588, -10384.86328125], [-120.82265, 45.97779, -10032.95214844], [-120.81331, 45.98479, -10236.16796875], [-120.82695, 45.98588, -10384.86328125]]], [[[-120.83615, 45.97874, -10213.0859375], [-120.82265, 45.97779, -10032.95214844], [-120.82695, 45.98588, -10384.86328125], [-120.83615, 45.97874, -10213.0859375]]], [[[-120.83251, 45.97094, -9879.33691406], [-120.82265, 45.97779, -10032.95214844], [-120.83615, 45.97874, -10213.0859375], [-120.83251, 45.97094, -9879.33691406]]], [[[-120.83251, 45.97094, -9879.33691406], [-120.81863, 45.97053, -9715.50195312], [-120.82265, 45.97779, -10032.95214844], [-120.83251, 45.97094, -9879.33691406]]], [[[-120.8276, 45.96343, -9542.68164062], [-120.81863, 45.97053, -9715.50195312], [-120.83251, 45.97094, -9879.33691406], [-120.8276, 45.96343, -9542.68164062]]], [[[-120.8276, 45.96343, -9542.68164062], [-120.8139, 45.96251, -9362.30371094], [-120.81863, 45.97053, -9715.50195312], [-120.8276, 45.96343, -9542.68164062]]], [[[-120.82336, 45.95543, -9194.81835938], [-120.8139, 45.96251, -9362.30371094], [-120.8276, 45.96343, -9542.68164062], [-120.82336, 45.95543, -9194.81835938]]], [[[-120.8139, 45.96251, -9362.30371094], [-120.82336, 45.95543, -9194.81835938], [-120.80982, 45.9544, -9011.67285156], [-120.8139, 45.96251, -9362.30371094]]], [[[-120.8139, 45.96251, -9362.30371094], [-120.80982, 45.9544, -9011.67285156], [-120.80037, 45.96135, -9214.68457031], [-120.8139, 45.96251, -9362.30371094]]], [[[-120.8139, 45.96251, -9362.30371094], [-120.80037, 45.96135, -9214.68457031], [-120.80493, 45.96956, -9572.31542969], [-120.8139, 45.96251, -9362.30371094]]], [[[-120.81863, 45.97053, -9715.50195312], [-120.8139, 45.96251, -9362.30371094], [-120.80493, 45.96956, -9572.31542969], [-120.81863, 45.97053, -9715.50195312]]], [[[-120.81863, 45.97053, -9715.50195312], [-120.80493, 45.96956, -9572.31542969], [-120.80889, 45.97722, -9906.34765625], [-120.81863, 45.97053, -9715.50195312]]], [[[-120.82265, 45.97779, -10032.95214844], [-120.81863, 45.97053, -9715.50195312], [-120.80889, 45.97722, -9906.34765625], [-120.82265, 45.97779, -10032.95214844]]], [[[-120.82265, 45.97779, -10032.95214844], [-120.80889, 45.97722, -9906.34765625], [-120.81331, 45.98479, -10236.16796875], [-120.82265, 45.97779, -10032.95214844]]], [[[-120.80889, 45.97722, -9906.34765625], [-120.79957, 45.98407, -10142.15234375], [-120.81331, 45.98479, -10236.16796875], [-120.80889, 45.97722, -9906.34765625]]], [[[-120.79957, 45.98407, -10142.15234375], [-120.80889, 45.97722, -9906.34765625], [-120.7952, 45.97609, -9794.94824219], [-120.79957, 45.98407, -10142.15234375]]], [[[-120.79957, 45.98407, -10142.15234375], [-120.7952, 45.97609, -9794.94824219], [-120.78616, 45.9833, -9904.88964844], [-120.79957, 45.98407, -10142.15234375]]], [[[-120.79957, 45.98407, -10142.15234375], [-120.78616, 45.9833, -9904.88964844], [-120.79033, 45.9913, -10246.71289062], [-120.79957, 45.98407, -10142.15234375]]], [[[-120.7952, 45.97609, -9794.94824219], [-120.78164, 45.97537, -9554.55566406], [-120.78616, 45.9833, -9904.88964844], [-120.7952, 45.97609, -9794.94824219]]], [[[-120.7952, 45.97609, -9794.94824219], [-120.79113, 45.96835, -9460.27050781], [-120.78164, 45.97537, -9554.55566406], [-120.7952, 45.97609, -9794.94824219]]], [[[-120.7952, 45.97609, -9794.94824219], [-120.80493, 45.96956, -9572.31542969], [-120.79113, 45.96835, -9460.27050781], [-120.7952, 45.97609, -9794.94824219]]], [[[-120.80493, 45.96956, -9572.31542969], [-120.7952, 45.97609, -9794.94824219], [-120.80889, 45.97722, -9906.34765625], [-120.80493, 45.96956, -9572.31542969]]], [[[-120.80037, 45.96135, -9214.68457031], [-120.79113, 45.96835, -9460.27050781], [-120.80493, 45.96956, -9572.31542969], [-120.80037, 45.96135, -9214.68457031]]], [[[-120.79113, 45.96835, -9460.27050781], [-120.80037, 45.96135, -9214.68457031], [-120.78668, 45.96054, -9118.50683594], [-120.79113, 45.96835, -9460.27050781]]], [[[-120.79113, 45.96835, -9460.27050781], [-120.78668, 45.96054, -9118.50683594], [-120.77758, 45.96776, -9226.48828125], [-120.79113, 45.96835, -9460.27050781]]], [[[-120.79113, 45.96835, -9460.27050781], [-120.77758, 45.96776, -9226.48828125], [-120.78164, 45.97537, -9554.55566406], [-120.79113, 45.96835, -9460.27050781]]], [[[-120.78668, 45.96054, -9118.50683594], [-120.77326, 45.95976, -8880.15722656], [-120.77758, 45.96776, -9226.48828125], [-120.78668, 45.96054, -9118.50683594]]], [[[-120.78668, 45.96054, -9118.50683594], [-120.78236, 45.9526, -8773.46777344], [-120.77326, 45.95976, -8880.15722656], [-120.78668, 45.96054, -9118.50683594]]], [[[-120.79608, 45.95379, -8885.17578125], [-120.78236, 45.9526, -8773.46777344], [-120.78668, 45.96054, -9118.50683594], [-120.79608, 45.95379, -8885.17578125]]], [[[-120.79184, 45.94591, -8541.42578125], [-120.78236, 45.9526, -8773.46777344], [-120.79608, 45.95379, -8885.17578125], [-120.79184, 45.94591, -8541.42578125]]], [[[-120.78236, 45.9526, -8773.46777344], [-120.79184, 45.94591, -8541.42578125], [-120.77817, 45.94469, -8430.90917969], [-120.78236, 45.9526, -8773.46777344]]], [[[-120.78236, 45.9526, -8773.46777344], [-120.77817, 45.94469, -8430.90917969], [-120.76878, 45.95183, -8531.21191406], [-120.78236, 45.9526, -8773.46777344]]], [[[-120.78236, 45.9526, -8773.46777344], [-120.76878, 45.95183, -8531.21191406], [-120.77326, 45.95976, -8880.15722656], [-120.78236, 45.9526, -8773.46777344]]], [[[-120.77817, 45.94469, -8430.90917969], [-120.76471, 45.94413, -8200.29101562], [-120.76878, 45.95183, -8531.21191406], [-120.77817, 45.94469, -8430.90917969]]], [[[-120.77817, 45.94469, -8430.90917969], [-120.7739, 45.93701, -8096.10742188], [-120.76471, 45.94413, -8200.29101562], [-120.77817, 45.94469, -8430.90917969]]], [[[-120.77817, 45.94469, -8430.90917969], [-120.78763, 45.93779, -8187.87695312], [-120.7739, 45.93701, -8096.10742188], [-120.77817, 45.94469, -8430.90917969]]], [[[-120.78763, 45.93779, -8187.87695312], [-120.77817, 45.94469, -8430.90917969], [-120.79184, 45.94591, -8541.42578125], [-120.78763, 45.93779, -8187.87695312]]], [[[-120.80117, 45.93896, -8335.85058594], [-120.78763, 45.93779, -8187.87695312], [-120.79184, 45.94591, -8541.42578125], [-120.80117, 45.93896, -8335.85058594]]], [[[-120.80117, 45.93896, -8335.85058594], [-120.79737, 45.93113, -7998.26074219], [-120.78763, 45.93779, -8187.87695312], [-120.80117, 45.93896, -8335.85058594]]], [[[-120.80117, 45.93896, -8335.85058594], [-120.81102, 45.93211, -8180.53613281], [-120.79737, 45.93113, -7998.26074219], [-120.80117, 45.93896, -8335.85058594]]], [[[-120.81102, 45.93211, -8180.53613281], [-120.80117, 45.93896, -8335.85058594], [-120.81477, 45.94, -8519.32714844], [-120.81102, 45.93211, -8180.53613281]]], [[[-120.82436, 45.93301, -8386.47460938], [-120.81102, 45.93211, -8180.53613281], [-120.81477, 45.94, -8519.32714844], [-120.82436, 45.93301, -8386.47460938]]], [[[-120.82436, 45.93301, -8386.47460938], [-120.82016, 45.92488, -8036.32470703], [-120.81102, 45.93211, -8180.53613281], [-120.82436, 45.93301, -8386.47460938]]], [[[-120.82436, 45.93301, -8386.47460938], [-120.83376, 45.92604, -8189.82275391], [-120.82016, 45.92488, -8036.32470703], [-120.82436, 45.93301, -8386.47460938]]], [[[-120.83376, 45.92604, -8189.82275391], [-120.82436, 45.93301, -8386.47460938], [-120.838, 45.9337, -8524.99023438], [-120.83376, 45.92604, -8189.82275391]]], [[[-120.82859, 45.94047, -8714.02636719], [-120.838, 45.9337, -8524.99023438], [-120.82436, 45.93301, -8386.47460938], [-120.82859, 45.94047, -8714.02636719]]], [[[-120.838, 45.9337, -8524.99023438], [-120.82859, 45.94047, -8714.02636719], [-120.84239, 45.94141, -8861.3828125], [-120.838, 45.9337, -8524.99023438]]], [[[-120.83309, 45.94841, -9062.68066406], [-120.84239, 45.94141, -8861.3828125], [-120.82859, 45.94047, -8714.02636719], [-120.83309, 45.94841, -9062.68066406]]], [[[-120.84239, 45.94141, -8861.3828125], [-120.83309, 45.94841, -9062.68066406], [-120.84655, 45.94944, -9213.69433594], [-120.84239, 45.94141, -8861.3828125]]], [[[-120.84655, 45.94944, -9213.69433594], [-120.83309, 45.94841, -9062.68066406], [-120.83689, 45.95635, -9399.46777344], [-120.84655, 45.94944, -9213.69433594]]], [[[-120.84655, 45.94944, -9213.69433594], [-120.83689, 45.95635, -9399.46777344], [-120.85071, 45.9568, -9534.96777344], [-120.84655, 45.94944, -9213.69433594]]], [[[-120.84153, 45.96373, -9731.12402344], [-120.85071, 45.9568, -9534.96777344], [-120.83689, 45.95635, -9399.46777344], [-120.84153, 45.96373, -9731.12402344]]], [[[-120.85071, 45.9568, -9534.96777344], [-120.84153, 45.96373, -9731.12402344], [-120.85532, 45.96471, -9880.22265625], [-120.85071, 45.9568, -9534.96777344]]], [[[-120.84608, 45.97183, -10086.23242188], [-120.85532, 45.96471, -9880.22265625], [-120.84153, 45.96373, -9731.12402344], [-120.84608, 45.97183, -10086.23242188]]], [[[-120.85532, 45.96471, -9880.22265625], [-120.84608, 45.97183, -10086.23242188], [-120.85956, 45.97285, -10237.00976562], [-120.85532, 45.96471, -9880.22265625]]], [[[-120.85956, 45.97285, -10237.00976562], [-120.84608, 45.97183, -10086.23242188], [-120.84974, 45.97956, -10413.14355469], [-120.85956, 45.97285, -10237.00976562]]], [[[-120.85956, 45.97285, -10237.00976562], [-120.84974, 45.97956, -10413.14355469], [-120.86365, 45.98035, -10565.19726562], [-120.85956, 45.97285, -10237.00976562]]], [[[-120.85461, 45.9873, -10761.31738281], [-120.86365, 45.98035, -10565.19726562], [-120.84974, 45.97956, -10413.14355469], [-120.85461, 45.9873, -10761.31738281]]], [[[-120.86365, 45.98035, -10565.19726562], [-120.85461, 45.9873, -10761.31738281], [-120.86832, 45.98844, -10918.30859375], [-120.86365, 45.98035, -10565.19726562]]], [[[-120.87759, 45.98158, -10611.40527344], [-120.86365, 45.98035, -10565.19726562], [-120.86832, 45.98844, -10918.30859375], [-120.87759, 45.98158, -10611.40527344]]], [[[-120.88201, 45.98969, -10966.38671875], [-120.87759, 45.98158, -10611.40527344], [-120.86832, 45.98844, -10918.30859375], [-120.88201, 45.98969, -10966.38671875]]], [[[-120.88201, 45.98969, -10966.38671875], [-120.86832, 45.98844, -10918.30859375], [-120.87229, 45.99625, -11261.06542969], [-120.88201, 45.98969, -10966.38671875]]], [[[-120.85461, 45.9873, -10761.31738281], [-120.84974, 45.97956, -10413.14355469], [-120.84077, 45.98677, -10566.48925781], [-120.85461, 45.9873, -10761.31738281]]], [[[-120.85461, 45.9873, -10761.31738281], [-120.84077, 45.98677, -10566.48925781], [-120.84523, 45.99442, -10903.39355469], [-120.85461, 45.9873, -10761.31738281]]], [[[-120.84077, 45.98677, -10566.48925781], [-120.83152, 45.99379, -10732.43164062], [-120.84523, 45.99442, -10903.39355469], [-120.84077, 45.98677, -10566.48925781]]], [[[-120.84077, 45.98677, -10566.48925781], [-120.82695, 45.98588, -10384.86328125], [-120.83152, 45.99379, -10732.43164062], [-120.84077, 45.98677, -10566.48925781]]], [[[-120.83615, 45.97874, -10213.0859375], [-120.82695, 45.98588, -10384.86328125], [-120.84077, 45.98677, -10566.48925781], [-120.83615, 45.97874, -10213.0859375]]], [[[-120.84974, 45.97956, -10413.14355469], [-120.83615, 45.97874, -10213.0859375], [-120.84077, 45.98677, -10566.48925781], [-120.84974, 45.97956, -10413.14355469]]], [[[-120.84974, 45.97956, -10413.14355469], [-120.84608, 45.97183, -10086.23242188], [-120.83615, 45.97874, -10213.0859375], [-120.84974, 45.97956, -10413.14355469]]], [[[-120.84608, 45.97183, -10086.23242188], [-120.83251, 45.97094, -9879.33691406], [-120.83615, 45.97874, -10213.0859375], [-120.84608, 45.97183, -10086.23242188]]], [[[-120.84608, 45.97183, -10086.23242188], [-120.84153, 45.96373, -9731.12402344], [-120.83251, 45.97094, -9879.33691406], [-120.84608, 45.97183, -10086.23242188]]], [[[-120.84153, 45.96373, -9731.12402344], [-120.8276, 45.96343, -9542.68164062], [-120.83251, 45.97094, -9879.33691406], [-120.84153, 45.96373, -9731.12402344]]], [[[-120.84153, 45.96373, -9731.12402344], [-120.83689, 45.95635, -9399.46777344], [-120.8276, 45.96343, -9542.68164062], [-120.84153, 45.96373, -9731.12402344]]], [[[-120.83689, 45.95635, -9399.46777344], [-120.82336, 45.95543, -9194.81835938], [-120.8276, 45.96343, -9542.68164062], [-120.83689, 45.95635, -9399.46777344]]], [[[-120.83689, 45.95635, -9399.46777344], [-120.83309, 45.94841, -9062.68066406], [-120.82336, 45.95543, -9194.81835938], [-120.83689, 45.95635, -9399.46777344]]], [[[-120.83309, 45.94841, -9062.68066406], [-120.81946, 45.94755, -8855.15234375], [-120.82336, 45.95543, -9194.81835938], [-120.83309, 45.94841, -9062.68066406]]], [[[-120.83309, 45.94841, -9062.68066406], [-120.82859, 45.94047, -8714.02636719], [-120.81946, 45.94755, -8855.15234375], [-120.83309, 45.94841, -9062.68066406]]], [[[-120.82859, 45.94047, -8714.02636719], [-120.81477, 45.94, -8519.32714844], [-120.81946, 45.94755, -8855.15234375], [-120.82859, 45.94047, -8714.02636719]]], [[[-120.82859, 45.94047, -8714.02636719], [-120.82436, 45.93301, -8386.47460938], [-120.81477, 45.94, -8519.32714844], [-120.82859, 45.94047, -8714.02636719]]], [[[-120.81477, 45.94, -8519.32714844], [-120.80563, 45.94706, -8689.75683594], [-120.81946, 45.94755, -8855.15234375], [-120.81477, 45.94, -8519.32714844]]], [[[-120.81477, 45.94, -8519.32714844], [-120.80117, 45.93896, -8335.85058594], [-120.80563, 45.94706, -8689.75683594], [-120.81477, 45.94, -8519.32714844]]], [[[-120.80563, 45.94706, -8689.75683594], [-120.80117, 45.93896, -8335.85058594], [-120.79184, 45.94591, -8541.42578125], [-120.80563, 45.94706, -8689.75683594]]], [[[-120.80563, 45.94706, -8689.75683594], [-120.79184, 45.94591, -8541.42578125], [-120.79608, 45.95379, -8885.17578125], [-120.80563, 45.94706, -8689.75683594]]], [[[-120.80982, 45.9544, -9011.67285156], [-120.80563, 45.94706, -8689.75683594], [-120.79608, 45.95379, -8885.17578125], [-120.80982, 45.9544, -9011.67285156]]], [[[-120.81946, 45.94755, -8855.15234375], [-120.80563, 45.94706, -8689.75683594], [-120.80982, 45.9544, -9011.67285156], [-120.81946, 45.94755, -8855.15234375]]], [[[-120.81946, 45.94755, -8855.15234375], [-120.80982, 45.9544, -9011.67285156], [-120.82336, 45.95543, -9194.81835938], [-120.81946, 45.94755, -8855.15234375]]], [[[-120.80982, 45.9544, -9011.67285156], [-120.79608, 45.95379, -8885.17578125], [-120.80037, 45.96135, -9214.68457031], [-120.80982, 45.9544, -9011.67285156]]], [[[-120.79608, 45.95379, -8885.17578125], [-120.78668, 45.96054, -9118.50683594], [-120.80037, 45.96135, -9214.68457031], [-120.79608, 45.95379, -8885.17578125]]], [[[-120.83152, 45.99379, -10732.43164062], [-120.82695, 45.98588, -10384.86328125], [-120.81774, 45.99283, -10586.72167969], [-120.83152, 45.99379, -10732.43164062]]], [[[-120.83152, 45.99379, -10732.43164062], [-120.81774, 45.99283, -10586.72167969], [-120.82181, 46.0005, -10921.08886719], [-120.83152, 45.99379, -10732.43164062]]], [[[-120.82899, 45.91781, -7831.17138672], [-120.82016, 45.92488, -8036.32470703], [-120.83376, 45.92604, -8189.82275391], [-120.82899, 45.91781, -7831.17138672]]], [[[-120.82016, 45.92488, -8036.32470703], [-120.82899, 45.91781, -7831.17138672], [-120.81533, 45.91677, -7676.31103516], [-120.82016, 45.92488, -8036.32470703]]], [[[-120.82016, 45.92488, -8036.32470703], [-120.81533, 45.91677, -7676.31103516], [-120.80635, 45.92398, -7823.06445312], [-120.82016, 45.92488, -8036.32470703]]], [[[-120.82016, 45.92488, -8036.32470703], [-120.80635, 45.92398, -7823.06445312], [-120.81102, 45.93211, -8180.53613281], [-120.82016, 45.92488, -8036.32470703]]], [[[-120.80635, 45.92398, -7823.06445312], [-120.79737, 45.93113, -7998.26074219], [-120.81102, 45.93211, -8180.53613281], [-120.80635, 45.92398, -7823.06445312]]], [[[-120.80635, 45.92398, -7823.06445312], [-120.79254, 45.92341, -7655.83251953], [-120.79737, 45.93113, -7998.26074219], [-120.80635, 45.92398, -7823.06445312]]], [[[-120.80175, 45.91621, -7479.98388672], [-120.79254, 45.92341, -7655.83251953], [-120.80635, 45.92398, -7823.06445312], [-120.80175, 45.91621, -7479.98388672]]], [[[-120.80175, 45.91621, -7479.98388672], [-120.78822, 45.91521, -7299.42089844], [-120.79254, 45.92341, -7655.83251953], [-120.80175, 45.91621, -7479.98388672]]], [[[-120.79791, 45.90846, -7145.67138672], [-120.78822, 45.91521, -7299.42089844], [-120.80175, 45.91621, -7479.98388672], [-120.79791, 45.90846, -7145.67138672]]], [[[-120.79791, 45.90846, -7145.67138672], [-120.78426, 45.90779, -6976.46191406], [-120.78822, 45.91521, -7299.42089844], [-120.79791, 45.90846, -7145.67138672]]], [[[-120.79338, 45.90073, -6804.82617188], [-120.78426, 45.90779, -6976.46191406], [-120.79791, 45.90846, -7145.67138672], [-120.79338, 45.90073, -6804.82617188]]], [[[-120.79338, 45.90073, -6804.82617188], [-120.77961, 45.89988, -6627.88574219], [-120.78426, 45.90779, -6976.46191406], [-120.79338, 45.90073, -6804.82617188]]], [[[-120.78426, 45.90779, -6976.46191406], [-120.77961, 45.89988, -6627.88574219], [-120.77057, 45.9069, -6841.56640625], [-120.78426, 45.90779, -6976.46191406]]], [[[-120.78822, 45.91521, -7299.42089844], [-120.78426, 45.90779, -6976.46191406], [-120.77456, 45.91442, -7169.38623047], [-120.78822, 45.91521, -7299.42089844]]], [[[-120.78822, 45.91521, -7299.42089844], [-120.77456, 45.91442, -7169.38623047], [-120.77901, 45.92223, -7509.80078125], [-120.78822, 45.91521, -7299.42089844]]], [[[-120.79254, 45.92341, -7655.83251953], [-120.78822, 45.91521, -7299.42089844], [-120.77901, 45.92223, -7509.80078125], [-120.79254, 45.92341, -7655.83251953]]], [[[-120.79254, 45.92341, -7655.83251953], [-120.77901, 45.92223, -7509.80078125], [-120.78349, 45.93038, -7864.81347656], [-120.79254, 45.92341, -7655.83251953]]], [[[-120.79737, 45.93113, -7998.26074219], [-120.79254, 45.92341, -7655.83251953], [-120.78349, 45.93038, -7864.81347656], [-120.79737, 45.93113, -7998.26074219]]], [[[-120.79737, 45.93113, -7998.26074219], [-120.78349, 45.93038, -7864.81347656], [-120.78763, 45.93779, -8187.87695312], [-120.79737, 45.93113, -7998.26074219]]], [[[-120.78349, 45.93038, -7864.81347656], [-120.7739, 45.93701, -8096.10742188], [-120.78763, 45.93779, -8187.87695312], [-120.78349, 45.93038, -7864.81347656]]], [[[-120.78349, 45.93038, -7864.81347656], [-120.76973, 45.92919, -7757.27978516], [-120.7739, 45.93701, -8096.10742188], [-120.78349, 45.93038, -7864.81347656]]], [[[-120.77901, 45.92223, -7509.80078125], [-120.76973, 45.92919, -7757.27978516], [-120.78349, 45.93038, -7864.81347656], [-120.77901, 45.92223, -7509.80078125]]], [[[-120.76973, 45.92919, -7757.27978516], [-120.77901, 45.92223, -7509.80078125], [-120.76533, 45.92128, -7412.42382812], [-120.76973, 45.92919, -7757.27978516]]], [[[-120.76973, 45.92919, -7757.27978516], [-120.76533, 45.92128, -7412.42382812], [-120.7562, 45.92864, -7525.09375], [-120.76973, 45.92919, -7757.27978516]]], [[[-120.76973, 45.92919, -7757.27978516], [-120.7562, 45.92864, -7525.09375], [-120.76047, 45.93631, -7860.87988281], [-120.76973, 45.92919, -7757.27978516]]], [[[-120.7739, 45.93701, -8096.10742188], [-120.76973, 45.92919, -7757.27978516], [-120.76047, 45.93631, -7860.87988281], [-120.7739, 45.93701, -8096.10742188]]], [[[-120.7739, 45.93701, -8096.10742188], [-120.76047, 45.93631, -7860.87988281], [-120.76471, 45.94413, -8200.29101562], [-120.7739, 45.93701, -8096.10742188]]], [[[-120.76047, 45.93631, -7860.87988281], [-120.75154, 45.9435, -7924.51074219], [-120.76471, 45.94413, -8200.29101562], [-120.76047, 45.93631, -7860.87988281]]], [[[-120.76047, 45.93631, -7860.87988281], [-120.7471, 45.93586, -7592.99609375], [-120.75154, 45.9435, -7924.51074219], [-120.76047, 45.93631, -7860.87988281]]], [[[-120.7562, 45.92864, -7525.09375], [-120.7471, 45.93586, -7592.99609375], [-120.76047, 45.93631, -7860.87988281], [-120.7562, 45.92864, -7525.09375]]], [[[-120.7471, 45.93586, -7592.99609375], [-120.7562, 45.92864, -7525.09375], [-120.74295, 45.92788, -7243.38671875], [-120.7471, 45.93586, -7592.99609375]]], [[[-120.7471, 45.93586, -7592.99609375], [-120.74295, 45.92788, -7243.38671875], [-120.73327, 45.93437, -7550.60400391], [-120.7471, 45.93586, -7592.99609375]]], [[[-120.7471, 45.93586, -7592.99609375], [-120.73327, 45.93437, -7550.60400391], [-120.73789, 45.94246, -7903.84619141], [-120.7471, 45.93586, -7592.99609375]]], [[[-120.75154, 45.9435, -7924.51074219], [-120.7471, 45.93586, -7592.99609375], [-120.73789, 45.94246, -7903.84619141], [-120.75154, 45.9435, -7924.51074219]]], [[[-120.75154, 45.9435, -7924.51074219], [-120.73789, 45.94246, -7903.84619141], [-120.7419, 45.94977, -8221.76953125], [-120.75154, 45.9435, -7924.51074219]]], [[[-120.73789, 45.94246, -7903.84619141], [-120.72826, 45.94916, -8076.77636719], [-120.7419, 45.94977, -8221.76953125], [-120.73789, 45.94246, -7903.84619141]]], [[[-120.72826, 45.94916, -8076.77636719], [-120.73789, 45.94246, -7903.84619141], [-120.72421, 45.94162, -7750.40478516], [-120.72826, 45.94916, -8076.77636719]]], [[[-120.72826, 45.94916, -8076.77636719], [-120.71478, 45.94863, -7888.96240234], [-120.7188, 45.95598, -8208.9609375], [-120.72826, 45.94916, -8076.77636719]]], [[[-120.72421, 45.94162, -7750.40478516], [-120.7106, 45.94041, -7536.52099609], [-120.71478, 45.94863, -7888.96240234], [-120.72421, 45.94162, -7750.40478516]]], [[[-120.72421, 45.94162, -7750.40478516], [-120.71965, 45.93323, -7386.11621094], [-120.7106, 45.94041, -7536.52099609], [-120.72421, 45.94162, -7750.40478516]]], [[[-120.72931, 45.92637, -7206.21484375], [-120.71965, 45.93323, -7386.11621094], [-120.73327, 45.93437, -7550.60400391], [-120.72931, 45.92637, -7206.21484375]]], [[[-120.74295, 45.92788, -7243.38671875], [-120.73879, 45.91998, -6897.51660156], [-120.72931, 45.92637, -7206.21484375], [-120.74295, 45.92788, -7243.38671875]]], [[[-120.75189, 45.92065, -7179.18359375], [-120.73879, 45.91998, -6897.51660156], [-120.74295, 45.92788, -7243.38671875], [-120.75189, 45.92065, -7179.18359375]]], [[[-120.74748, 45.91265, -6829.93554688], [-120.73879, 45.91998, -6897.51660156], [-120.75189, 45.92065, -7179.18359375], [-120.74748, 45.91265, -6829.93554688]]], [[[-120.74748, 45.91265, -6829.93554688], [-120.73403, 45.91225, -6563.59716797], [-120.73879, 45.91998, -6897.51660156], [-120.74748, 45.91265, -6829.93554688]]], [[[-120.73879, 45.91998, -6897.51660156], [-120.73403, 45.91225, -6563.59716797], [-120.72496, 45.91897, -6882.33007812], [-120.73879, 45.91998, -6897.51660156]]], [[[-120.73879, 45.91998, -6897.51660156], [-120.72496, 45.91897, -6882.33007812], [-120.72931, 45.92637, -7206.21484375], [-120.73879, 45.91998, -6897.51660156]]], [[[-120.76091, 45.91346, -7070.54833984], [-120.74748, 45.91265, -6829.93554688], [-120.75189, 45.92065, -7179.18359375], [-120.76091, 45.91346, -7070.54833984]]], [[[-120.76091, 45.91346, -7070.54833984], [-120.75681, 45.90551, -6727.84375], [-120.74748, 45.91265, -6829.93554688], [-120.76091, 45.91346, -7070.54833984]]], [[[-120.76091, 45.91346, -7070.54833984], [-120.77057, 45.9069, -6841.56640625], [-120.75681, 45.90551, -6727.84375], [-120.76091, 45.91346, -7070.54833984]]], [[[-120.77057, 45.9069, -6841.56640625], [-120.76091, 45.91346, -7070.54833984], [-120.77456, 45.91442, -7169.38623047], [-120.77057, 45.9069, -6841.56640625]]], [[[-120.76533, 45.92128, -7412.42382812], [-120.77456, 45.91442, -7169.38623047], [-120.76091, 45.91346, -7070.54833984], [-120.76533, 45.92128, -7412.42382812]]], [[[-120.77456, 45.91442, -7169.38623047], [-120.76533, 45.92128, -7412.42382812], [-120.77901, 45.92223, -7509.80078125], [-120.77456, 45.91442, -7169.38623047]]], [[[-120.76533, 45.92128, -7412.42382812], [-120.76091, 45.91346, -7070.54833984], [-120.75189, 45.92065, -7179.18359375], [-120.76533, 45.92128, -7412.42382812]]], [[[-120.76533, 45.92128, -7412.42382812], [-120.75189, 45.92065, -7179.18359375], [-120.7562, 45.92864, -7525.09375], [-120.76533, 45.92128, -7412.42382812]]], [[[-120.75189, 45.92065, -7179.18359375], [-120.74295, 45.92788, -7243.38671875], [-120.7562, 45.92864, -7525.09375], [-120.75189, 45.92065, -7179.18359375]]], [[[-120.73327, 45.93437, -7550.60400391], [-120.72421, 45.94162, -7750.40478516], [-120.73789, 45.94246, -7903.84619141], [-120.73327, 45.93437, -7550.60400391]]], [[[-120.80724, 45.90143, -7012.6953125], [-120.79338, 45.90073, -6804.82617188], [-120.79791, 45.90846, -7145.67138672], [-120.80724, 45.90143, -7012.6953125]]], [[[-120.80724, 45.90143, -7012.6953125], [-120.80244, 45.89353, -6660.06933594], [-120.79338, 45.90073, -6804.82617188], [-120.80724, 45.90143, -7012.6953125]]], [[[-120.80724, 45.90143, -7012.6953125], [-120.81624, 45.89438, -6806.07519531], [-120.80244, 45.89353, -6660.06933594], [-120.80724, 45.90143, -7012.6953125]]], [[[-120.81624, 45.89438, -6806.07519531], [-120.80724, 45.90143, -7012.6953125], [-120.82094, 45.90239, -7155.07958984], [-120.81624, 45.89438, -6806.07519531]]], [[[-120.8302, 45.89573, -6851.63525391], [-120.81624, 45.89438, -6806.07519531], [-120.82094, 45.90239, -7155.07958984], [-120.8302, 45.89573, -6851.63525391]]], [[[-120.8302, 45.89573, -6851.63525391], [-120.826, 45.88792, -6510.15039062], [-120.81624, 45.89438, -6806.07519531], [-120.8302, 45.89573, -6851.63525391]]], [[[-120.8402, 45.88907, -6517.57861328], [-120.826, 45.88792, -6510.15039062], [-120.8302, 45.89573, -6851.63525391], [-120.8402, 45.88907, -6517.57861328]]], [[[-120.83591, 45.88125, -6174.54882812], [-120.826, 45.88792, -6510.15039062], [-120.8402, 45.88907, -6517.57861328], [-120.83591, 45.88125, -6174.54882812]]], [[[-120.83591, 45.88125, -6174.54882812], [-120.82172, 45.88007, -6166.19433594], [-120.826, 45.88792, -6510.15039062], [-120.83591, 45.88125, -6174.54882812]]], [[[-120.83119, 45.87354, -5840.93457031], [-120.82172, 45.88007, -6166.19433594], [-120.83591, 45.88125, -6174.54882812], [-120.83119, 45.87354, -5840.93457031]]], [[[-120.83119, 45.87354, -5840.93457031], [-120.81733, 45.8723, -5825.93066406], [-120.82172, 45.88007, -6166.19433594], [-120.83119, 45.87354, -5840.93457031]]], [[[-120.82719, 45.86566, -5492.15380859], [-120.81733, 45.8723, -5825.93066406], [-120.83119, 45.87354, -5840.93457031], [-120.82719, 45.86566, -5492.15380859]]], [[[-120.82719, 45.86566, -5492.15380859], [-120.81306, 45.86429, -5475.36328125], [-120.81733, 45.8723, -5825.93066406], [-120.82719, 45.86566, -5492.15380859]]], [[[-120.82303, 45.85769, -5140.70898438], [-120.81306, 45.86429, -5475.36328125], [-120.82719, 45.86566, -5492.15380859], [-120.82303, 45.85769, -5140.70898438]]], [[[-120.82303, 45.85769, -5140.70898438], [-120.80873, 45.85669, -5142.546875], [-120.81306, 45.86429, -5475.36328125], [-120.82303, 45.85769, -5140.70898438]]], [[[-120.81878, 45.85, -4803.65087891], [-120.80873, 45.85669, -5142.546875], [-120.82303, 45.85769, -5140.70898438], [-120.81878, 45.85, -4803.65087891]]], [[[-120.81878, 45.85, -4803.65087891], [-120.80447, 45.84883, -4798.50048828], [-120.80873, 45.85669, -5142.546875], [-120.81878, 45.85, -4803.65087891]]], [[[-120.81437, 45.84214, -4459.84912109], [-120.80447, 45.84883, -4798.50048828], [-120.81878, 45.85, -4803.65087891], [-120.81437, 45.84214, -4459.84912109]]], [[[-120.81437, 45.84214, -4459.84912109], [-120.80007, 45.84089, -4450.88232422], [-120.80447, 45.84883, -4798.50048828], [-120.81437, 45.84214, -4459.84912109]]], [[[-120.81009, 45.83439, -4120.20117188], [-120.80007, 45.84089, -4450.88232422], [-120.81437, 45.84214, -4459.84912109], [-120.81009, 45.83439, -4120.20117188]]], [[[-120.81009, 45.83439, -4120.20117188], [-120.7958, 45.83317, -4112.75390625], [-120.80007, 45.84089, -4450.88232422], [-120.81009, 45.83439, -4120.20117188]]], [[[-120.806, 45.82668, -3781.02978516], [-120.7958, 45.83317, -4112.75390625], [-120.81009, 45.83439, -4120.20117188], [-120.806, 45.82668, -3781.02978516]]], [[[-120.806, 45.82668, -3781.02978516], [-120.79172, 45.82524, -3766.00537109], [-120.7958, 45.83317, -4112.75390625], [-120.806, 45.82668, -3781.02978516]]], [[[-120.80139, 45.81926, -3460.33642578], [-120.79172, 45.82524, -3766.00537109], [-120.806, 45.82668, -3781.02978516], [-120.80139, 45.81926, -3460.33642578]]], [[[-120.80139, 45.81926, -3460.33642578], [-120.78828, 45.81618, -3371.68261719], [-120.79172, 45.82524, -3766.00537109], [-120.80139, 45.81926, -3460.33642578]]], [[[-120.80297, 45.81188, -3084.42700195], [-120.78828, 45.81618, -3371.68261719], [-120.80139, 45.81926, -3460.33642578], [-120.80297, 45.81188, -3084.42700195]]], [[[-120.80297, 45.81188, -3084.42700195], [-120.79271, 45.80578, -2881.32397461], [-120.78828, 45.81618, -3371.68261719], [-120.80297, 45.81188, -3084.42700195]]], [[[-120.80297, 45.81188, -3084.42700195], [-120.80538, 45.80259, -2755.07763672], [-120.79271, 45.80578, -2881.32397461], [-120.80297, 45.81188, -3084.42700195]]], [[[-120.79271, 45.80578, -2881.32397461], [-120.79454, 45.79649, -2409.23608398], [-120.78107, 45.80071, -2696.50756836], [-120.79271, 45.80578, -2881.32397461]]], [[[-120.78022, 45.80924, -3061.30004883], [-120.79271, 45.80578, -2881.32397461], [-120.78107, 45.80071, -2696.50756836], [-120.78022, 45.80924, -3061.30004883]]], [[[-120.78022, 45.80924, -3061.30004883], [-120.78828, 45.81618, -3371.68261719], [-120.79271, 45.80578, -2881.32397461], [-120.78022, 45.80924, -3061.30004883]]], [[[-120.78828, 45.81618, -3371.68261719], [-120.78022, 45.80924, -3061.30004883], [-120.77327, 45.81604, -3380.39746094], [-120.78828, 45.81618, -3371.68261719]]], [[[-120.78828, 45.81618, -3371.68261719], [-120.77327, 45.81604, -3380.39746094], [-120.77808, 45.82389, -3721.63867188], [-120.78828, 45.81618, -3371.68261719]]], [[[-120.79172, 45.82524, -3766.00537109], [-120.78828, 45.81618, -3371.68261719], [-120.77808, 45.82389, -3721.63867188], [-120.79172, 45.82524, -3766.00537109]]], [[[-120.79172, 45.82524, -3766.00537109], [-120.77808, 45.82389, -3721.63867188], [-120.78201, 45.83181, -4069.29541016], [-120.79172, 45.82524, -3766.00537109]]], [[[-120.7958, 45.83317, -4112.75390625], [-120.79172, 45.82524, -3766.00537109], [-120.78201, 45.83181, -4069.29541016], [-120.7958, 45.83317, -4112.75390625]]], [[[-120.7958, 45.83317, -4112.75390625], [-120.78201, 45.83181, -4069.29541016], [-120.78639, 45.83979, -4418.47900391], [-120.7958, 45.83317, -4112.75390625]]], [[[-120.80007, 45.84089, -4450.88232422], [-120.7958, 45.83317, -4112.75390625], [-120.78639, 45.83979, -4418.47900391], [-120.80007, 45.84089, -4450.88232422]]], [[[-120.80007, 45.84089, -4450.88232422], [-120.78639, 45.83979, -4418.47900391], [-120.7906, 45.84754, -4757.47949219], [-120.80007, 45.84089, -4450.88232422]]], [[[-120.80447, 45.84883, -4798.50048828], [-120.80007, 45.84089, -4450.88232422], [-120.7906, 45.84754, -4757.47949219], [-120.80447, 45.84883, -4798.50048828]]], [[[-120.80447, 45.84883, -4798.50048828], [-120.7906, 45.84754, -4757.47949219], [-120.79497, 45.85527, -5094.99560547], [-120.80447, 45.84883, -4798.50048828]]], [[[-120.80873, 45.85669, -5142.546875], [-120.80447, 45.84883, -4798.50048828], [-120.79497, 45.85527, -5094.99560547], [-120.80873, 45.85669, -5142.546875]]], [[[-120.80873, 45.85669, -5142.546875], [-120.79497, 45.85527, -5094.99560547], [-120.79927, 45.86333, -5447.93554688], [-120.80873, 45.85669, -5142.546875]]], [[[-120.81306, 45.86429, -5475.36328125], [-120.80873, 45.85669, -5142.546875], [-120.79927, 45.86333, -5447.93554688], [-120.81306, 45.86429, -5475.36328125]]], [[[-120.81306, 45.86429, -5475.36328125], [-120.79927, 45.86333, -5447.93554688], [-120.80347, 45.87084, -5775.66845703], [-120.81306, 45.86429, -5475.36328125]]], [[[-120.81733, 45.8723, -5825.93066406], [-120.81306, 45.86429, -5475.36328125], [-120.80347, 45.87084, -5775.66845703], [-120.81733, 45.8723, -5825.93066406]]], [[[-120.81733, 45.8723, -5825.93066406], [-120.80347, 45.87084, -5775.66845703], [-120.80794, 45.87888, -6127.23046875], [-120.81733, 45.8723, -5825.93066406]]], [[[-120.82172, 45.88007, -6166.19433594], [-120.81733, 45.8723, -5825.93066406], [-120.80794, 45.87888, -6127.23046875], [-120.82172, 45.88007, -6166.19433594]]], [[[-120.82172, 45.88007, -6166.19433594], [-120.80794, 45.87888, -6127.23046875], [-120.81217, 45.88679, -6473.58496094], [-120.82172, 45.88007, -6166.19433594]]], [[[-120.826, 45.88792, -6510.15039062], [-120.82172, 45.88007, -6166.19433594], [-120.81217, 45.88679, -6473.58496094], [-120.826, 45.88792, -6510.15039062]]], [[[-120.826, 45.88792, -6510.15039062], [-120.81217, 45.88679, -6473.58496094], [-120.81624, 45.89438, -6806.07519531], [-120.826, 45.88792, -6510.15039062]]], [[[-120.81217, 45.88679, -6473.58496094], [-120.80244, 45.89353, -6660.06933594], [-120.81624, 45.89438, -6806.07519531], [-120.81217, 45.88679, -6473.58496094]]], [[[-120.80347, 45.87084, -5775.66845703], [-120.79431, 45.87773, -5980.28955078], [-120.80794, 45.87888, -6127.23046875], [-120.80347, 45.87084, -5775.66845703]]], [[[-120.79431, 45.87773, -5980.28955078], [-120.80347, 45.87084, -5775.66845703], [-120.78968, 45.87021, -5643.67529297], [-120.79431, 45.87773, -5980.28955078]]], [[[-120.79431, 45.87773, -5980.28955078], [-120.78968, 45.87021, -5643.67529297], [-120.78053, 45.87737, -5783.70166016], [-120.79431, 45.87773, -5980.28955078]]], [[[-120.79431, 45.87773, -5980.28955078], [-120.78053, 45.87737, -5783.70166016], [-120.78513, 45.88484, -6115.67626953], [-120.79431, 45.87773, -5980.28955078]]], [[[-120.78968, 45.87021, -5643.67529297], [-120.77623, 45.86924, -5429.98535156], [-120.78053, 45.87737, -5783.70166016], [-120.78968, 45.87021, -5643.67529297]]], [[[-120.78968, 45.87021, -5643.67529297], [-120.78581, 45.86224, -5304.51123047], [-120.77623, 45.86924, -5429.98535156], [-120.78968, 45.87021, -5643.67529297]]], [[[-120.79927, 45.86333, -5447.93554688], [-120.78581, 45.86224, -5304.51123047], [-120.78968, 45.87021, -5643.67529297], [-120.79927, 45.86333, -5447.93554688]]], [[[-120.79497, 45.85527, -5094.99560547], [-120.78581, 45.86224, -5304.51123047], [-120.79927, 45.86333, -5447.93554688], [-120.79497, 45.85527, -5094.99560547]]], [[[-120.78581, 45.86224, -5304.51123047], [-120.79497, 45.85527, -5094.99560547], [-120.78116, 45.85435, -4954.76464844], [-120.78581, 45.86224, -5304.51123047]]], [[[-120.78581, 45.86224, -5304.51123047], [-120.78116, 45.85435, -4954.76464844], [-120.77224, 45.86154, -5096.02539062], [-120.78581, 45.86224, -5304.51123047]]], [[[-120.78581, 45.86224, -5304.51123047], [-120.77224, 45.86154, -5096.02539062], [-120.77623, 45.86924, -5429.98535156], [-120.78581, 45.86224, -5304.51123047]]], [[[-120.77224, 45.86154, -5096.02539062], [-120.76266, 45.86836, -5254.68554688], [-120.77623, 45.86924, -5429.98535156], [-120.77224, 45.86154, -5096.02539062]]], [[[-120.77224, 45.86154, -5096.02539062], [-120.75843, 45.86095, -4929.65380859], [-120.76266, 45.86836, -5254.68554688], [-120.77224, 45.86154, -5096.02539062]]], [[[-120.76743, 45.85382, -4752.70703125], [-120.75843, 45.86095, -4929.65380859], [-120.77224, 45.86154, -5096.02539062], [-120.76743, 45.85382, -4752.70703125]]], [[[-120.75843, 45.86095, -4929.65380859], [-120.76743, 45.85382, -4752.70703125], [-120.75394, 45.85268, -4568.83398438], [-120.75843, 45.86095, -4929.65380859]]], [[[-120.75843, 45.86095, -4929.65380859], [-120.75394, 45.85268, -4568.83398438], [-120.74474, 45.85972, -4785.53564453], [-120.75843, 45.86095, -4929.65380859]]], [[[-120.75843, 45.86095, -4929.65380859], [-120.74474, 45.85972, -4785.53564453], [-120.74904, 45.86777, -5136.11523438], [-120.75843, 45.86095, -4929.65380859]]], [[[-120.76266, 45.86836, -5254.68554688], [-120.75843, 45.86095, -4929.65380859], [-120.74904, 45.86777, -5136.11523438], [-120.76266, 45.86836, -5254.68554688]]], [[[-120.76266, 45.86836, -5254.68554688], [-120.74904, 45.86777, -5136.11523438], [-120.75331, 45.87519, -5459.44628906], [-120.76266, 45.86836, -5254.68554688]]], [[[-120.74904, 45.86777, -5136.11523438], [-120.73961, 45.87445, -5373.94189453], [-120.75331, 45.87519, -5459.44628906], [-120.74904, 45.86777, -5136.11523438]]], [[[-120.74395, 45.88207, -5707.75537109], [-120.75331, 45.87519, -5459.44628906], [-120.73961, 45.87445, -5373.94189453], [-120.74395, 45.88207, -5707.75537109]]], [[[-120.75331, 45.87519, -5459.44628906], [-120.74395, 45.88207, -5707.75537109], [-120.75764, 45.88333, -5814.34912109], [-120.75331, 45.87519, -5459.44628906]]], [[[-120.75764, 45.88333, -5814.34912109], [-120.74395, 45.88207, -5707.75537109], [-120.74804, 45.88993, -6046.96875], [-120.75764, 45.88333, -5814.34912109]]], [[[-120.75764, 45.88333, -5814.34912109], [-120.74804, 45.88993, -6046.96875], [-120.76169, 45.89104, -6150.32714844], [-120.75764, 45.88333, -5814.34912109]]], [[[-120.74804, 45.88993, -6046.96875], [-120.74395, 45.88207, -5707.75537109], [-120.73453, 45.88916, -5804.58203125], [-120.74804, 45.88993, -6046.96875]]], [[[-120.74804, 45.88993, -6046.96875], [-120.73453, 45.88916, -5804.58203125], [-120.73896, 45.89709, -6152.21923828], [-120.74804, 45.88993, -6046.96875]]], [[[-120.74395, 45.88207, -5707.75537109], [-120.73044, 45.88158, -5476.01904297], [-120.73453, 45.88916, -5804.58203125], [-120.74395, 45.88207, -5707.75537109]]], [[[-120.74395, 45.88207, -5707.75537109], [-120.73961, 45.87445, -5373.94189453], [-120.73044, 45.88158, -5476.01904297], [-120.74395, 45.88207, -5707.75537109]]], [[[-120.75394, 45.85268, -4568.83398438], [-120.74996, 45.84504, -4237.30566406], [-120.74032, 45.85165, -4433.63964844], [-120.75394, 45.85268, -4568.83398438]]], [[[-120.75925, 45.83807, -4069.15991211], [-120.74996, 45.84504, -4237.30566406], [-120.76358, 45.84572, -4404.91015625], [-120.75925, 45.83807, -4069.15991211]]], [[[-120.75925, 45.83807, -4069.15991211], [-120.74547, 45.83725, -3895.13476562], [-120.74996, 45.84504, -4237.30566406], [-120.75925, 45.83807, -4069.15991211]]], [[[-120.75467, 45.83016, -3720.82055664], [-120.74547, 45.83725, -3895.13476562], [-120.75925, 45.83807, -4069.15991211], [-120.75467, 45.83016, -3720.82055664]]], [[[-120.75467, 45.83016, -3720.82055664], [-120.74116, 45.82918, -3543.6875], [-120.74547, 45.83725, -3895.13476562], [-120.75467, 45.83016, -3720.82055664]]], [[[-120.75085, 45.82224, -3380.20556641], [-120.74116, 45.82918, -3543.6875], [-120.75467, 45.83016, -3720.82055664], [-120.75085, 45.82224, -3380.20556641]]], [[[-120.75085, 45.82224, -3380.20556641], [-120.73732, 45.82175, -3221.1574707], [-120.74116, 45.82918, -3543.6875], [-120.75085, 45.82224, -3380.20556641]]], [[[-120.74671, 45.8137, -3012.78344727], [-120.74082, 45.80594, -2656.328125], [-120.73295, 45.81413, -2886.58764648], [-120.74671, 45.8137, -3012.78344727]]], [[[-120.75947, 45.81433, -3213.13769531], [-120.74671, 45.8137, -3012.78344727], [-120.75085, 45.82224, -3380.20556641], [-120.75947, 45.81433, -3213.13769531]]], [[[-120.75085, 45.82224, -3380.20556641], [-120.76414, 45.82292, -3587.26464844], [-120.75947, 45.81433, -3213.13769531], [-120.75085, 45.82224, -3380.20556641]]], [[[-120.76823, 45.83087, -3929.6003418], [-120.76414, 45.82292, -3587.26464844], [-120.75467, 45.83016, -3720.82055664], [-120.76823, 45.83087, -3929.6003418]]], [[[-120.77808, 45.82389, -3721.63867188], [-120.76414, 45.82292, -3587.26464844], [-120.76823, 45.83087, -3929.6003418], [-120.77808, 45.82389, -3721.63867188]]], [[[-120.77327, 45.81604, -3380.39746094], [-120.76414, 45.82292, -3587.26464844], [-120.77808, 45.82389, -3721.63867188], [-120.77327, 45.81604, -3380.39746094]]], [[[-120.77327, 45.81604, -3380.39746094], [-120.75947, 45.81433, -3213.13769531], [-120.76414, 45.82292, -3587.26464844], [-120.77327, 45.81604, -3380.39746094]]], [[[-120.76744, 45.80726, -3000.81079102], [-120.7682, 45.79825, -2582.84375], [-120.75468, 45.80346, -2758.63623047], [-120.76744, 45.80726, -3000.81079102]]], [[[-120.78268, 45.79187, -2293.78955078], [-120.7682, 45.79825, -2582.84375], [-120.78107, 45.80071, -2696.50756836], [-120.78268, 45.79187, -2293.78955078]]], [[[-120.78268, 45.79187, -2293.78955078], [-120.77009, 45.78915, -2183.14746094], [-120.7682, 45.79825, -2582.84375], [-120.78268, 45.79187, -2293.78955078]]], [[[-120.78107, 45.80071, -2696.50756836], [-120.79454, 45.79649, -2409.23608398], [-120.78268, 45.79187, -2293.78955078], [-120.78107, 45.80071, -2696.50756836]]], [[[-120.78022, 45.80924, -3061.30004883], [-120.78107, 45.80071, -2696.50756836], [-120.76744, 45.80726, -3000.81079102], [-120.78022, 45.80924, -3061.30004883]]], [[[-120.76744, 45.80726, -3000.81079102], [-120.77327, 45.81604, -3380.39746094], [-120.78022, 45.80924, -3061.30004883], [-120.76744, 45.80726, -3000.81079102]]], [[[-120.77808, 45.82389, -3721.63867188], [-120.76823, 45.83087, -3929.6003418], [-120.78201, 45.83181, -4069.29541016], [-120.77808, 45.82389, -3721.63867188]]], [[[-120.78201, 45.83181, -4069.29541016], [-120.76823, 45.83087, -3929.6003418], [-120.77283, 45.83865, -4274.63525391], [-120.78201, 45.83181, -4069.29541016]]], [[[-120.78639, 45.83979, -4418.47900391], [-120.77283, 45.83865, -4274.63525391], [-120.77694, 45.84675, -4622.61328125], [-120.78639, 45.83979, -4418.47900391]]], [[[-120.78639, 45.83979, -4418.47900391], [-120.77694, 45.84675, -4622.61328125], [-120.7906, 45.84754, -4757.47949219], [-120.78639, 45.83979, -4418.47900391]]], [[[-120.78116, 45.85435, -4954.76464844], [-120.7906, 45.84754, -4757.47949219], [-120.77694, 45.84675, -4622.61328125], [-120.78116, 45.85435, -4954.76464844]]], [[[-120.7906, 45.84754, -4757.47949219], [-120.78116, 45.85435, -4954.76464844], [-120.79497, 45.85527, -5094.99560547], [-120.7906, 45.84754, -4757.47949219]]], [[[-120.78116, 45.85435, -4954.76464844], [-120.77694, 45.84675, -4622.61328125], [-120.76743, 45.85382, -4752.70703125], [-120.78116, 45.85435, -4954.76464844]]], [[[-120.78116, 45.85435, -4954.76464844], [-120.76743, 45.85382, -4752.70703125], [-120.77224, 45.86154, -5096.02539062], [-120.78116, 45.85435, -4954.76464844]]], [[[-120.77694, 45.84675, -4622.61328125], [-120.77283, 45.83865, -4274.63525391], [-120.76358, 45.84572, -4404.91015625], [-120.77694, 45.84675, -4622.61328125]]], [[[-120.75925, 45.83807, -4069.15991211], [-120.77283, 45.83865, -4274.63525391], [-120.76823, 45.83087, -3929.6003418], [-120.75925, 45.83807, -4069.15991211]]], [[[-120.76823, 45.83087, -3929.6003418], [-120.75467, 45.83016, -3720.82055664], [-120.75925, 45.83807, -4069.15991211], [-120.76823, 45.83087, -3929.6003418]]], [[[-120.76358, 45.84572, -4404.91015625], [-120.75394, 45.85268, -4568.83398438], [-120.76743, 45.85382, -4752.70703125], [-120.76358, 45.84572, -4404.91015625]]], [[[-120.73732, 45.82175, -3221.1574707], [-120.73295, 45.81413, -2886.58764648], [-120.72354, 45.8208, -3089.71899414], [-120.73732, 45.82175, -3221.1574707]]], [[[-120.7275, 45.82839, -3420.10302734], [-120.74116, 45.82918, -3543.6875], [-120.73732, 45.82175, -3221.1574707], [-120.7275, 45.82839, -3420.10302734]]], [[[-120.74547, 45.83725, -3895.13476562], [-120.73181, 45.83614, -3757.82299805], [-120.73634, 45.84421, -4109.73974609], [-120.74547, 45.83725, -3895.13476562]]], [[[-120.73634, 45.84421, -4109.73974609], [-120.74996, 45.84504, -4237.30566406], [-120.74547, 45.83725, -3895.13476562], [-120.73634, 45.84421, -4109.73974609]]], [[[-120.74996, 45.84504, -4237.30566406], [-120.73634, 45.84421, -4109.73974609], [-120.74032, 45.85165, -4433.63964844], [-120.74996, 45.84504, -4237.30566406]]], [[[-120.79927, 45.86333, -5447.93554688], [-120.78968, 45.87021, -5643.67529297], [-120.80347, 45.87084, -5775.66845703], [-120.79927, 45.86333, -5447.93554688]]], [[[-120.81444, 45.8178, -3430.7409668], [-120.80139, 45.81926, -3460.33642578], [-120.806, 45.82668, -3781.02978516], [-120.81444, 45.8178, -3430.7409668]]], [[[-120.82516, 45.83473, -4189.78271484], [-120.81009, 45.83439, -4120.20117188], [-120.81437, 45.84214, -4459.84912109], [-120.82516, 45.83473, -4189.78271484]]], [[[-120.82918, 45.84242, -4524.91894531], [-120.81437, 45.84214, -4459.84912109], [-120.81878, 45.85, -4803.65087891], [-120.82918, 45.84242, -4524.91894531]]], [[[-120.83373, 45.85024, -4870.65527344], [-120.82918, 45.84242, -4524.91894531], [-120.81878, 45.85, -4803.65087891], [-120.83373, 45.85024, -4870.65527344]]], [[[-120.83373, 45.85024, -4870.65527344], [-120.8442, 45.84096, -4699.14941406], [-120.82918, 45.84242, -4524.91894531], [-120.83373, 45.85024, -4870.65527344]]], [[[-120.83373, 45.85024, -4870.65527344], [-120.84863, 45.84892, -5048.66308594], [-120.8442, 45.84096, -4699.14941406], [-120.83373, 45.85024, -4870.65527344]]], [[[-120.8377, 45.85821, -5215.75048828], [-120.82303, 45.85769, -5140.70898438], [-120.82719, 45.86566, -5492.15380859], [-120.8377, 45.85821, -5215.75048828]]], [[[-120.842, 45.86609, -5561.23779297], [-120.8377, 45.85821, -5215.75048828], [-120.82719, 45.86566, -5492.15380859], [-120.842, 45.86609, -5561.23779297]]], [[[-120.84646, 45.87392, -5906.52050781], [-120.842, 45.86609, -5561.23779297], [-120.83119, 45.87354, -5840.93457031], [-120.84646, 45.87392, -5906.52050781]]], [[[-120.84646, 45.87392, -5906.52050781], [-120.85696, 45.86489, -5737.43310547], [-120.842, 45.86609, -5561.23779297], [-120.84646, 45.87392, -5906.52050781]]], [[[-120.84646, 45.87392, -5906.52050781], [-120.83119, 45.87354, -5840.93457031], [-120.83591, 45.88125, -6174.54882812], [-120.84646, 45.87392, -5906.52050781]]], [[[-120.83373, 45.85024, -4870.65527344], [-120.81878, 45.85, -4803.65087891], [-120.82303, 45.85769, -5140.70898438], [-120.83373, 45.85024, -4870.65527344]]], [[[-120.8402, 45.88907, -6517.57861328], [-120.8302, 45.89573, -6851.63525391], [-120.84478, 45.89673, -6849.9296875], [-120.8402, 45.88907, -6517.57861328]]], [[[-120.81149, 45.90923, -7352.23730469], [-120.82094, 45.90239, -7155.07958984], [-120.80724, 45.90143, -7012.6953125], [-120.81149, 45.90923, -7352.23730469]]], [[[-120.82094, 45.90239, -7155.07958984], [-120.81149, 45.90923, -7352.23730469], [-120.82507, 45.90992, -7484.24511719], [-120.82094, 45.90239, -7155.07958984]]], [[[-120.82507, 45.90992, -7484.24511719], [-120.81149, 45.90923, -7352.23730469], [-120.81533, 45.91677, -7676.31103516], [-120.82507, 45.90992, -7484.24511719]]], [[[-120.82507, 45.90992, -7484.24511719], [-120.81533, 45.91677, -7676.31103516], [-120.82899, 45.91781, -7831.17138672], [-120.82507, 45.90992, -7484.24511719]]], [[[-120.81533, 45.91677, -7676.31103516], [-120.81149, 45.90923, -7352.23730469], [-120.80175, 45.91621, -7479.98388672], [-120.81533, 45.91677, -7676.31103516]]], [[[-120.81533, 45.91677, -7676.31103516], [-120.80175, 45.91621, -7479.98388672], [-120.80635, 45.92398, -7823.06445312], [-120.81533, 45.91677, -7676.31103516]]], [[[-120.81149, 45.90923, -7352.23730469], [-120.79791, 45.90846, -7145.67138672], [-120.80175, 45.91621, -7479.98388672], [-120.81149, 45.90923, -7352.23730469]]], [[[-120.81149, 45.90923, -7352.23730469], [-120.80724, 45.90143, -7012.6953125], [-120.79791, 45.90846, -7145.67138672], [-120.81149, 45.90923, -7352.23730469]]], [[[-120.77326, 45.95976, -8880.15722656], [-120.76446, 45.96703, -8951.22558594], [-120.77758, 45.96776, -9226.48828125], [-120.77326, 45.95976, -8880.15722656]]], [[[-120.78164, 45.97537, -9554.55566406], [-120.77297, 45.9827, -9635.58984375], [-120.78616, 45.9833, -9904.88964844], [-120.78164, 45.97537, -9554.55566406]]], [[[-120.91069, 45.99135, -11054.0703125], [-120.89616, 45.99078, -10979.70410156], [-120.9003, 45.99864, -11326.18164062], [-120.91069, 45.99135, -11054.0703125]]], [[[-120.91519, 45.99915, -11398.62597656], [-120.91069, 45.99135, -11054.0703125], [-120.9003, 45.99864, -11326.18164062], [-120.91519, 45.99915, -11398.62597656]]], [[[-120.91519, 45.99915, -11398.62597656], [-120.92561, 45.99064, -11230.80078125], [-120.91069, 45.99135, -11054.0703125], [-120.91519, 45.99915, -11398.62597656]]], [[[-120.91519, 45.99915, -11398.62597656], [-120.9003, 45.99864, -11326.18164062], [-120.90488, 46.00646, -11666.64941406], [-120.91519, 45.99915, -11398.62597656]]], [[[-120.91933, 46.00711, -11744.99902344], [-120.91519, 45.99915, -11398.62597656], [-120.90488, 46.00646, -11666.64941406], [-120.91933, 46.00711, -11744.99902344]]], [[[-120.91933, 46.00711, -11744.99902344], [-120.90488, 46.00646, -11666.64941406], [-120.9091, 46.01424, -12008.84179688], [-120.91933, 46.00711, -11744.99902344]]], [[[-120.87208, 45.92083, -7962.45703125], [-120.85745, 45.92033, -7888.28125], [-120.86172, 45.92826, -8236.83007812], [-120.87208, 45.92083, -7962.45703125]]], [[[-120.88085, 45.93645, -8649.83691406], [-120.8661, 45.93607, -8578.58105469], [-120.87047, 45.94383, -8918.06738281], [-120.88085, 45.93645, -8649.83691406]]], [[[-120.89358, 45.95999, -9679.99121094], [-120.87891, 45.95945, -9604.79296875], [-120.88321, 45.96734, -9951.69238281], [-120.89358, 45.95999, -9679.99121094]]], [[[-120.87144, 45.8643, -6088.18359375], [-120.86708, 45.85651, -5743.97265625], [-120.85696, 45.86489, -5737.43310547], [-120.87144, 45.8643, -6088.18359375]]], [[[-120.88495, 45.8645, -6438.82861328], [-120.89414, 45.85735, -6312.55273438], [-120.88046, 45.85651, -6087.92431641], [-120.88495, 45.8645, -6438.82861328]]], [[[-120.88982, 45.84949, -5970.18115234], [-120.88046, 45.85651, -6087.92431641], [-120.89414, 45.85735, -6312.55273438], [-120.88982, 45.84949, -5970.18115234]]], [[[-120.87625, 45.84907, -5760.78320312], [-120.88046, 45.85651, -6087.92431641], [-120.88982, 45.84949, -5970.18115234], [-120.87625, 45.84907, -5760.78320312]]], [[[-120.87625, 45.84907, -5760.78320312], [-120.88982, 45.84949, -5970.18115234], [-120.88555, 45.84184, -5635.89160156], [-120.87625, 45.84907, -5760.78320312]]], [[[-120.86325, 45.8484, -5416.32421875], [-120.87625, 45.84907, -5760.78320312], [-120.87211, 45.84087, -5409.27246094], [-120.86325, 45.8484, -5416.32421875]]], [[[-120.88133, 45.8338, -5287.75048828], [-120.89506, 45.8349, -5452.19287109], [-120.89074, 45.82696, -5105.32470703], [-120.88133, 45.8338, -5287.75048828]]], [[[-120.84668, 45.81689, -4069.17919922], [-120.8592, 45.81714, -4374.97509766], [-120.85495, 45.8094, -4036.84960938], [-120.84668, 45.81689, -4069.17919922]]], [[[-120.84668, 45.81689, -4069.17919922], [-120.85495, 45.8094, -4036.84960938], [-120.8409, 45.80891, -3658.89208984], [-120.84668, 45.81689, -4069.17919922]]], [[[-120.8409, 45.80891, -3658.89208984], [-120.85495, 45.8094, -4036.84960938], [-120.85074, 45.80126, -3685.8527832], [-120.8409, 45.80891, -3658.89208984]]], [[[-120.8409, 45.80891, -3658.89208984], [-120.85074, 45.80126, -3685.8527832], [-120.83767, 45.8006, -3352.99926758], [-120.8409, 45.80891, -3658.89208984]]], [[[-120.85074, 45.80126, -3685.8527832], [-120.86418, 45.8022, -3912.96679688], [-120.85999, 45.79419, -3566.28759766], [-120.85074, 45.80126, -3685.8527832]]], [[[-120.86856, 45.81016, -4260.11621094], [-120.85495, 45.8094, -4036.84960938], [-120.8592, 45.81714, -4374.97509766], [-120.86856, 45.81016, -4260.11621094]]], [[[-120.8592, 45.81714, -4374.97509766], [-120.8727, 45.81806, -4602.23632812], [-120.86856, 45.81016, -4260.11621094], [-120.8592, 45.81714, -4374.97509766]]], [[[-120.8592, 45.81714, -4374.97509766], [-120.8636, 45.82533, -4730.83984375], [-120.8727, 45.81806, -4602.23632812], [-120.8592, 45.81714, -4374.97509766]]], [[[-120.88222, 45.81119, -4417.06152344], [-120.89606, 45.81188, -4556.62353516], [-120.89129, 45.80431, -4214.54052734], [-120.88222, 45.81119, -4417.06152344]]], [[[-120.90488, 45.80455, -4458.93505859], [-120.91841, 45.8055, -4690.49755859], [-120.91411, 45.79746, -4340.33691406], [-120.90488, 45.80455, -4458.93505859]]], [[[-120.87885, 45.75405, -2278.95898438], [-120.88167, 45.76429, -2682.60913086], [-120.8922, 45.75753, -2594.42651367], [-120.87885, 45.75405, -2278.95898438]]], [[[-120.87885, 45.75405, -2278.95898438], [-120.86582, 45.74957, -1907.27807617], [-120.86764, 45.75935, -2268.8737793], [-120.87885, 45.75405, -2278.95898438]]], [[[-120.87826, 45.74415, -1922.15661621], [-120.89429, 45.74021, -2000.3449707], [-120.88044, 45.73521, -1624.22973633], [-120.87826, 45.74415, -1922.15661621]]], [[[-120.87826, 45.74415, -1922.15661621], [-120.86563, 45.74013, -1583.79333496], [-120.86582, 45.74957, -1907.27807617], [-120.87826, 45.74415, -1922.15661621]]], [[[-120.85346, 45.74534, -1555.91870117], [-120.86582, 45.74957, -1907.27807617], [-120.86563, 45.74013, -1583.79333496], [-120.85346, 45.74534, -1555.91870117]]], [[[-120.84257, 45.75951, -2073.69580078], [-120.85468, 45.75463, -1953.81640625], [-120.84235, 45.74989, -1712.02282715], [-120.84257, 45.75951, -2073.69580078]]], [[[-120.80704, 45.78253, -2052.63110352], [-120.81252, 45.77134, -1796.22119141], [-120.80235, 45.77444, -1694.62805176], [-120.80704, 45.78253, -2052.63110352]]], [[[-120.80595, 45.79275, -2395.61743164], [-120.80704, 45.78253, -2052.63110352], [-120.79521, 45.78676, -2043.9621582], [-120.80595, 45.79275, -2395.61743164]]], [[[-120.75925, 45.77391, -1512.65661621], [-120.77035, 45.77976, -1780.53552246], [-120.77112, 45.77052, -1356.90478516], [-120.75925, 45.77391, -1512.65661621]]], [[[-120.77035, 45.77976, -1780.53552246], [-120.75925, 45.77391, -1512.65661621], [-120.75859, 45.78331, -1936.01220703], [-120.77035, 45.77976, -1780.53552246]]], [[[-120.75925, 45.77391, -1512.65661621], [-120.76011, 45.76473, -1119.6595459], [-120.74829, 45.76827, -1286.97668457], [-120.75925, 45.77391, -1512.65661621]]], [[[-120.80235, 45.77444, -1694.62805176], [-120.81252, 45.77134, -1796.22119141], [-120.80332, 45.76488, -1391.16479492], [-120.80235, 45.77444, -1694.62805176]]], [[[-120.82502, 45.77007, -2167.72460938], [-120.83169, 45.76357, -2068.98852539], [-120.81803, 45.76194, -1728.44763184], [-120.82502, 45.77007, -2167.72460938]]], [[[-120.79796, 45.75042, -814.26269531], [-120.79243, 45.75807, -962.67919922], [-120.80713, 45.75663, -1211.07885742], [-120.79796, 45.75042, -814.26269531]]], [[[-120.7866, 45.74695, -479.64282227], [-120.77929, 45.75484, -661.574646], [-120.79243, 45.75807, -962.67919922], [-120.7866, 45.74695, -479.64282227]]], [[[-120.75932, 45.74383, -160.15161133], [-120.75055, 45.75024, -482.65652466], [-120.76235, 45.75479, -668.79571533], [-120.75932, 45.74383, -160.15161133]]], [[[-120.73774, 45.76254, -1064.68945312], [-120.72718, 45.76568, -995.95458984], [-120.73693, 45.77206, -1379.55029297], [-120.73774, 45.76254, -1064.68945312]]], [[[-120.72718, 45.76568, -995.95458984], [-120.72825, 45.75619, -687.6751709], [-120.71715, 45.7599, -660.45996094], [-120.72718, 45.76568, -995.95458984]]], [[[-120.65729, 45.79254, -1397.8223877], [-120.64716, 45.80009, -1604.21081543], [-120.66115, 45.80044, -1737.7121582], [-120.65729, 45.79254, -1397.8223877]]], [[[-120.64716, 45.80009, -1604.21081543], [-120.64291, 45.79213, -1259.46374512], [-120.63364, 45.79971, -1402.60083008], [-120.64716, 45.80009, -1604.21081543]]], [[[-120.69351, 45.75791, -350.14022827], [-120.68199, 45.76145, -501.95526123], [-120.69279, 45.7669, -740.96942139], [-120.69351, 45.75791, -350.14022827]]], [[[-120.81803, 45.74278, -1119.54626465], [-120.80703, 45.73773, -750.27844238], [-120.80749, 45.74708, -974.11022949], [-120.81803, 45.74278, -1119.54626465]]], [[[-120.80703, 45.73773, -750.27844238], [-120.81803, 45.74278, -1119.54626465], [-120.81698, 45.73311, -774.23931885], [-120.80703, 45.73773, -750.27844238]]], [[[-120.90697, 45.71364, -1367.81408691], [-120.91117, 45.72078, -1683.4519043], [-120.92073, 45.71347, -1446.98937988], [-120.90697, 45.71364, -1367.81408691]]], [[[-120.91005, 45.74336, -2430.23144531], [-120.92048, 45.7365, -2378.38354492], [-120.90621, 45.73538, -2092.51708984], [-120.91005, 45.74336, -2430.23144531]]], [[[-120.93298, 45.76019, -3408.71142578], [-120.93713, 45.76818, -3755.23730469], [-120.94652, 45.76143, -3549.38867188], [-120.93298, 45.76019, -3408.71142578]]], [[[-120.90158, 45.75017, -2473.86132812], [-120.90616, 45.75881, -2848.26757812], [-120.91537, 45.75163, -2807.78344727], [-120.90158, 45.75017, -2473.86132812]]], [[[-120.80713, 45.75663, -1211.07885742], [-120.81804, 45.75203, -1432.18310547], [-120.80749, 45.74708, -974.11022949], [-120.80713, 45.75663, -1211.07885742]]], [[[-120.77112, 45.77052, -1356.90478516], [-120.78174, 45.76408, -1036.88867188], [-120.77089, 45.76159, -921.77838135], [-120.77112, 45.77052, -1356.90478516]]]]}}]}