{"type": "FeatureCollection", "features": [{"type": "Feature", "properties": {"name": "Gales Creek (Parsons Creek)", "CFM_ID": 64, "region": "ForearcIntraarc_OR", "primary_state/province": "OR", "secondary_state/province": null, "avg_dip": 90, "dip_dir": "vertical", "rake": 180, "slip_sense": "Dextral", "fault_level": 1, "NSHM23_sliprates": null, "QFFDAgeCatBin": "undifferentiated Quaternary", "QFFDAgeBin": "<1.6 million", "upper_depth": 1.1, "upper_depth_constraint": "topography", "lower_depth": -20.0, "lower_depth_constraint": "SDL", "3D_model_constraints": "trace extended at constant dip", "reference": "US NSHM 2023; Horst et al. (2021); Wells et al. (2024)", "nshm23_id": 2514.0, "lineage": "trace lengthed", "usgs_qffd_#": "718", "comments": null, "id": "64"}, "geometry": {"type": "MultiPolygon", "coordinates": [[[[-123.25887, 45.58174, -6655.89404296875], [-123.26119, 45.58638, -5818.07080078125], [-123.25636, 45.57705, -5814.07958984375], [-123.25887, 45.58174, -6655.89404296875]]], [[[-123.31475, 45.67775, -32646.056640625], [-123.317, 45.682, -33182.05859375], [-123.317, 45.682, -32167.791015625], [-123.31475, 45.67775, -32646.056640625]]], [[[-123.23664, 45.54635, -14606.6748046875], [-123.24175, 45.55334, -15487.4130859375], [-123.24199, 45.55365, -14502.0390625], [-123.23664, 45.54635, -14606.6748046875]]], [[[-123.13196, 45.44909, -28542.84375], [-123.13196, 45.44909, -27540.201171875], [-123.125, 45.443, -28041.5234375], [-123.13196, 45.44909, -28542.84375]]], [[[-123.25821, 45.58041, -12832.5751953125], [-123.26219, 45.58831, -13403.837890625], [-123.26219, 45.5883, -12382.583984375], [-123.25821, 45.58041, -12832.5751953125]]], [[[-123.14846, 45.45894, -2537.0908203125], [-123.14073, 45.45515, -1869.1298828125], [-123.13986, 45.45457, -2975.4345703125], [-123.14846, 45.45894, -2537.0908203125]]], [[[-123.3124, 45.67352, -33124.3203125], [-123.317, 45.682, -33182.05859375], [-123.31475, 45.67775, -32646.056640625], [-123.3124, 45.67352, -33124.3203125]]], [[[-123.25478, 45.5742, -13471.9697265625], [-123.25821, 45.58041, -12832.5751953125], [-123.25312, 45.57121, -12715.275390625], [-123.25478, 45.5742, -13471.9697265625]]], [[[-123.18463, 45.47818, -29825.98046875], [-123.17631, 45.47154, -29743.03125], [-123.18031, 45.47421, -30653.05859375], [-123.18463, 45.47818, -29825.98046875]]], [[[-123.125, 45.443, -31049.453125], [-123.13309, 45.45006, -31127.609375], [-123.13037, 45.4477, -30334.283203125], [-123.125, 45.443, -31049.453125]]], [[[-123.31066, 45.67045, -32235.40234375], [-123.3124, 45.67352, -33124.3203125], [-123.31475, 45.67775, -32646.056640625], [-123.31066, 45.67045, -32235.40234375]]], [[[-123.27008, 45.60294, -10352.857421875], [-123.27005, 45.60286, -11375.302734375], [-123.27418, 45.61009, -10868.1689453125], [-123.27008, 45.60294, -10352.857421875]]], [[[-123.20063, 45.49844, -29131.6015625], [-123.20377, 45.50177, -30034.607421875], [-123.20852, 45.50652, -29275.669921875], [-123.20063, 45.49844, -29131.6015625]]], [[[-123.27415, 45.61003, -9796.69921875], [-123.27418, 45.61009, -10868.1689453125], [-123.27864, 45.61723, -10361.03515625], [-123.27415, 45.61003, -9796.69921875]]], [[[-123.31066, 45.67045, -32235.40234375], [-123.30735, 45.66516, -33064.9765625], [-123.3124, 45.67352, -33124.3203125], [-123.31066, 45.67045, -32235.40234375]]], [[[-123.18463, 45.47818, -29825.98046875], [-123.18159, 45.47506, -28924.23046875], [-123.17631, 45.47154, -29743.03125], [-123.18463, 45.47818, -29825.98046875]]], [[[-123.13206, 45.44918, -29519.369140625], [-123.125, 45.443, -29044.166015625], [-123.125, 45.443, -30046.810546875], [-123.13206, 45.44918, -29519.369140625]]], [[[-123.28547, 45.62905, -30180.42578125], [-123.28283, 45.62429, -31007.06640625], [-123.28768, 45.63269, -31081.173828125], [-123.28547, 45.62905, -30180.42578125]]], [[[-123.23664, 45.54635, -15593.234375], [-123.23241, 45.53873, -15007.1572265625], [-123.23241, 45.53873, -16009.80078125], [-123.23664, 45.54635, -15593.234375]]], [[[-123.30516, 45.66166, -32142.361328125], [-123.30735, 45.66516, -33064.9765625], [-123.31066, 45.67045, -32235.40234375], [-123.30516, 45.66166, -32142.361328125]]], [[[-123.27008, 45.60294, -10352.857421875], [-123.27415, 45.61003, -9796.69921875], [-123.27026, 45.60334, -9259.484375], [-123.27008, 45.60294, -10352.857421875]]], [[[-123.25903, 45.58207, -30687.7109375], [-123.26095, 45.5859, -31590.951171875], [-123.2636, 45.59056, -30757.505859375], [-123.25903, 45.58207, -30687.7109375]]], [[[-123.17075, 45.4682, -30571.13671875], [-123.175, 45.47067, -31476.248046875], [-123.18031, 45.47421, -30653.05859375], [-123.17075, 45.4682, -30571.13671875]]], [[[-123.26364, 45.59062, -8367.0703125], [-123.26112, 45.58624, -7510.57958984375], [-123.25868, 45.58136, -8338.224609375], [-123.26364, 45.59062, -8367.0703125]]], [[[-123.22625, 45.53225, -15508.478515625], [-123.22031, 45.52564, -15007.1572265625], [-123.22031, 45.52564, -16009.80078125], [-123.22625, 45.53225, -15508.478515625]]], [[[-123.30516, 45.66166, -32142.361328125], [-123.30215, 45.65684, -33005.09765625], [-123.30735, 45.66516, -33064.9765625], [-123.30516, 45.66166, -32142.361328125]]], [[[-123.26173, 45.58745, -11217.6826171875], [-123.26219, 45.5883, -12382.583984375], [-123.26655, 45.59529, -11869.3935546875], [-123.26173, 45.58745, -11217.6826171875]]], [[[-123.19397, 45.49062, -29068.0234375], [-123.19683, 45.49409, -29966.873046875], [-123.20063, 45.49844, -29131.6015625], [-123.19397, 45.49062, -29068.0234375]]], [[[-123.13206, 45.44918, -29519.369140625], [-123.13849, 45.45366, -30256.357421875], [-123.13938, 45.45425, -29040.89453125], [-123.13206, 45.44918, -29519.369140625]]], [[[-123.26665, 45.59545, -10868.1689453125], [-123.26721, 45.59646, -9914.453125], [-123.26304, 45.58967, -10125.794921875], [-123.26665, 45.59545, -10868.1689453125]]], [[[-123.19397, 45.49062, -29068.0234375], [-123.19059, 45.48612, -29897.111328125], [-123.19683, 45.49409, -29966.873046875], [-123.19397, 45.49062, -29068.0234375]]], [[[-123.29994, 45.65309, -32109.580078125], [-123.30215, 45.65684, -33005.09765625], [-123.30516, 45.66166, -32142.361328125], [-123.29994, 45.65309, -32109.580078125]]], [[[-123.3, 45.6532, -18982.310546875], [-123.29596, 45.64594, -18475.17578125], [-123.29596, 45.64594, -19489.4453125], [-123.3, 45.6532, -18982.310546875]]], [[[-123.29994, 45.65309, -32109.580078125], [-123.29734, 45.64842, -32942.82421875], [-123.30215, 45.65684, -33005.09765625], [-123.29994, 45.65309, -32109.580078125]]], [[[-123.30882, 45.66751, -28110.720703125], [-123.31306, 45.67471, -27603.5859375], [-123.30882, 45.66751, -27096.453125], [-123.30882, 45.66751, -28110.720703125]]], [[[-123.20852, 45.50652, -29275.669921875], [-123.21036, 45.50972, -30161.63671875], [-123.21237, 45.51374, -29323.93359375], [-123.20852, 45.50652, -29275.669921875]]], [[[-123.29518, 45.64469, -32045.40234375], [-123.29734, 45.64842, -32942.82421875], [-123.29994, 45.65309, -32109.580078125], [-123.29518, 45.64469, -32045.40234375]]], [[[-123.25103, 45.56784, -7494.92626953125], [-123.25629, 45.57691, -7479.634765625], [-123.2537, 45.57226, -6644.10302734375], [-123.25103, 45.56784, -7494.92626953125]]], [[[-123.21435, 45.51716, -30191.130859375], [-123.21215, 45.5133, -31066.46875], [-123.21668, 45.52089, -31063.232421875], [-123.21435, 45.51716, -30191.130859375]]], [[[-123.29518, 45.64469, -32045.40234375], [-123.29229, 45.64007, -32876.26953125], [-123.29734, 45.64842, -32942.82421875], [-123.29518, 45.64469, -32045.40234375]]], [[[-123.31306, 45.67471, -27603.5859375], [-123.317, 45.682, -28110.720703125], [-123.317, 45.682, -27096.453125], [-123.31306, 45.67471, -27603.5859375]]], [[[-123.19059, 45.48612, -29897.111328125], [-123.18463, 45.47818, -29825.98046875], [-123.18723, 45.48164, -30726.703125], [-123.19059, 45.48612, -29897.111328125]]], [[[-123.30882, 45.66751, -5796.830078125], [-123.31306, 45.67471, -5289.6962890625], [-123.30882, 45.66751, -4782.5625], [-123.30882, 45.66751, -5796.830078125]]], [[[-123.29786, 45.64935, -31207.513671875], [-123.29289, 45.64102, -31139.48046875], [-123.29518, 45.64469, -32045.40234375], [-123.29786, 45.64935, -31207.513671875]]], [[[-123.21204, 45.51308, -23212.427734375], [-123.20652, 45.50452, -23069.474609375], [-123.20962, 45.50824, -24015.087890625], [-123.21204, 45.51308, -23212.427734375]]], [[[-123.27318, 45.60849, -29148.314453125], [-123.2705, 45.60387, -29983.3828125], [-123.27548, 45.61216, -30046.90625], [-123.27318, 45.60849, -29148.314453125]]], [[[-123.28999, 45.63639, -31978.53515625], [-123.29229, 45.64007, -32876.26953125], [-123.29518, 45.64469, -32045.40234375], [-123.28999, 45.63639, -31978.53515625]]], [[[-123.25848, 45.58096, -13910.9716796875], [-123.25848, 45.58096, -14925.2392578125], [-123.26219, 45.58831, -14418.10546875], [-123.25848, 45.58096, -13910.9716796875]]], [[[-123.21668, 45.52089, -31063.232421875], [-123.21215, 45.5133, -31066.46875], [-123.21392, 45.51647, -31896.0234375], [-123.21668, 45.52089, -31063.232421875]]], [[[-123.28999, 45.63639, -31978.53515625], [-123.2871, 45.63176, -32809.00390625], [-123.29229, 45.64007, -32876.26953125], [-123.28999, 45.63639, -31978.53515625]]], [[[-123.20644, 45.50444, -12500.5478515625], [-123.20022, 45.49797, -11999.2265625], [-123.20022, 45.49797, -13001.8701171875], [-123.20644, 45.50444, -12500.5478515625]]], [[[-123.24009, 45.55113, -17428.80078125], [-123.23686, 45.54674, -18269.802734375], [-123.24312, 45.55519, -18319.439453125], [-123.24009, 45.55113, -17428.80078125]]], [[[-123.31306, 45.67471, -6303.96435546875], [-123.317, 45.682, -6811.09814453125], [-123.317, 45.682, -5796.830078125], [-123.31306, 45.67471, -6303.96435546875]]], [[[-123.13986, 45.45457, -25033.591796875], [-123.13196, 45.44909, -25534.9140625], [-123.13986, 45.45457, -26036.236328125], [-123.13986, 45.45457, -25033.591796875]]], [[[-123.15905, 45.46302, -27071.625], [-123.15772, 45.46257, -28002.30078125], [-123.16783, 45.46657, -27897.326171875], [-123.15905, 45.46302, -27071.625]]], [[[-123.25442, 45.57355, -14404.8671875], [-123.25848, 45.58096, -13910.9716796875], [-123.25478, 45.5742, -13471.9697265625], [-123.25442, 45.57355, -14404.8671875]]], [[[-123.23241, 45.53873, -16009.80078125], [-123.22625, 45.53225, -16511.123046875], [-123.23209, 45.53817, -17011.4140625], [-123.23241, 45.53873, -16009.80078125]]], [[[-123.28491, 45.62803, -31912.1328125], [-123.2871, 45.63176, -32809.00390625], [-123.28999, 45.63639, -31978.53515625], [-123.28491, 45.62803, -31912.1328125]]], [[[-123.31066, 45.67045, -32235.40234375], [-123.31475, 45.67775, -32646.056640625], [-123.31323, 45.67501, -31612.08203125], [-123.31066, 45.67045, -32235.40234375]]], [[[-123.21036, 45.50972, -30161.63671875], [-123.20702, 45.50502, -30930.865234375], [-123.21215, 45.5133, -31066.46875], [-123.21036, 45.50972, -30161.63671875]]], [[[-123.28491, 45.62803, -31912.1328125], [-123.2823, 45.62333, -32743.685546875], [-123.2871, 45.63176, -32809.00390625], [-123.28491, 45.62803, -31912.1328125]]], [[[-123.20962, 45.50824, -24015.087890625], [-123.21145, 45.51191, -24916.8515625], [-123.21367, 45.51608, -24128.291015625], [-123.20962, 45.50824, -24015.087890625]]], [[[-123.28013, 45.61961, -31846.24609375], [-123.2823, 45.62333, -32743.685546875], [-123.28491, 45.62803, -31912.1328125], [-123.28013, 45.61961, -31846.24609375]]], [[[-123.25106, 45.5679, -5785.45361328125], [-123.2539, 45.57261, -4956.7197265625], [-123.24847, 45.56375, -4915.4345703125], [-123.25106, 45.5679, -5785.45361328125]]], [[[-123.30882, 45.66751, -7825.36572265625], [-123.30436, 45.66037, -7318.23193359375], [-123.30436, 45.66037, -8332.5], [-123.30882, 45.66751, -7825.36572265625]]], [[[-123.28072, 45.62056, -30102.126953125], [-123.28283, 45.62429, -31007.06640625], [-123.28547, 45.62905, -30180.42578125], [-123.28072, 45.62056, -30102.126953125]]], [[[-123.21668, 45.52089, -31063.232421875], [-123.21913, 45.52429, -31958.8046875], [-123.22292, 45.52863, -31131.2421875], [-123.21668, 45.52089, -31063.232421875]]], [[[-123.20117, 45.49905, -22138.546875], [-123.20652, 45.50452, -23069.474609375], [-123.20986, 45.50871, -22250.6015625], [-123.20117, 45.49905, -22138.546875]]], [[[-123.25024, 45.56658, -13652.8671875], [-123.25442, 45.57355, -14404.8671875], [-123.25478, 45.5742, -13471.9697265625], [-123.25024, 45.56658, -13652.8671875]]], [[[-123.25848, 45.58096, -14925.2392578125], [-123.25848, 45.58096, -15939.5078125], [-123.26219, 45.58831, -15432.3740234375], [-123.25848, 45.58096, -14925.2392578125]]], [[[-123.28013, 45.61961, -31846.24609375], [-123.27724, 45.61498, -32677.08984375], [-123.2823, 45.62333, -32743.685546875], [-123.28013, 45.61961, -31846.24609375]]], [[[-123.25445, 45.57361, -30626.8671875], [-123.25173, 45.56897, -31467.017578125], [-123.25654, 45.57737, -31529.755859375], [-123.25445, 45.57361, -30626.8671875]]], [[[-123.27494, 45.6113, -31779.34375], [-123.27724, 45.61498, -32677.08984375], [-123.28013, 45.61961, -31846.24609375], [-123.27494, 45.6113, -31779.34375]]], [[[-123.24459, 45.55755, -13575.208984375], [-123.24175, 45.55333, -12759.138671875], [-123.23856, 45.54908, -13646.4677734375], [-123.24459, 45.55755, -13575.208984375]]], [[[-123.27494, 45.6113, -31779.34375], [-123.27205, 45.60667, -32609.8046875], [-123.27724, 45.61498, -32677.08984375], [-123.27494, 45.6113, -31779.34375]]], [[[-123.25848, 45.58096, -13910.9716796875], [-123.26219, 45.58831, -13403.837890625], [-123.25821, 45.58041, -12832.5751953125], [-123.25848, 45.58096, -13910.9716796875]]], [[[-123.27494, 45.6113, -31779.34375], [-123.27005, 45.60286, -31714.783203125], [-123.27205, 45.60667, -32609.8046875], [-123.27494, 45.6113, -31779.34375]]], [[[-123.28072, 45.62056, -30102.126953125], [-123.27783, 45.61593, -30940.291015625], [-123.28283, 45.62429, -31007.06640625], [-123.28072, 45.62056, -30102.126953125]]], [[[-123.26593, 45.59428, -31652.8671875], [-123.26792, 45.59808, -32548.6328125], [-123.27005, 45.60286, -31714.783203125], [-123.26593, 45.59428, -31652.8671875]]], [[[-123.27261, 45.60758, -30882.7890625], [-123.27005, 45.60286, -31714.783203125], [-123.27494, 45.6113, -31779.34375], [-123.27261, 45.60758, -30882.7890625]]], [[[-123.23856, 45.54908, -13646.4677734375], [-123.24175, 45.55333, -12759.138671875], [-123.23576, 45.54477, -12844.18359375], [-123.23856, 45.54908, -13646.4677734375]]], [[[-123.13849, 45.45366, -30256.357421875], [-123.1425, 45.45623, -31211.681640625], [-123.14873, 45.45906, -30393.658203125], [-123.13849, 45.45366, -30256.357421875]]], [[[-123.27261, 45.60758, -30882.7890625], [-123.26833, 45.599, -30811.775390625], [-123.27005, 45.60286, -31714.783203125], [-123.27261, 45.60758, -30882.7890625]]], [[[-123.27548, 45.61216, -30046.90625], [-123.27261, 45.60758, -30882.7890625], [-123.27783, 45.61593, -30940.291015625], [-123.27548, 45.61216, -30046.90625]]], [[[-123.13849, 45.45366, -30256.357421875], [-123.13309, 45.45006, -31127.609375], [-123.1425, 45.45623, -31211.681640625], [-123.13849, 45.45366, -30256.357421875]]], [[[-123.2153, 45.51868, -19519.052734375], [-123.22031, 45.52564, -19017.73046875], [-123.2153, 45.51868, -18516.408203125], [-123.2153, 45.51868, -19519.052734375]]], [[[-123.2705, 45.60387, -29983.3828125], [-123.26833, 45.599, -30811.775390625], [-123.27261, 45.60758, -30882.7890625], [-123.2705, 45.60387, -29983.3828125]]], [[[-123.2273, 45.5333, -11848.228515625], [-123.22346, 45.52925, -11040.3515625], [-123.22031, 45.52564, -11917.9111328125], [-123.2273, 45.5333, -11848.228515625]]], [[[-123.13037, 45.4477, -30334.283203125], [-123.13206, 45.44918, -29519.369140625], [-123.125, 45.443, -30046.810546875], [-123.13037, 45.4477, -30334.283203125]]], [[[-123.3, 45.6532, -12896.7041015625], [-123.29596, 45.64594, -13403.837890625], [-123.3, 45.6532, -13910.9716796875], [-123.3, 45.6532, -12896.7041015625]]], [[[-123.26644, 45.5951, -29919.865234375], [-123.26833, 45.599, -30811.775390625], [-123.2705, 45.60387, -29983.3828125], [-123.26644, 45.5951, -29919.865234375]]], [[[-123.21643, 45.52049, -11197.626953125], [-123.22031, 45.52564, -11917.9111328125], [-123.22346, 45.52925, -11040.3515625], [-123.21643, 45.52049, -11197.626953125]]], [[[-123.26644, 45.5951, -29919.865234375], [-123.2636, 45.59056, -30757.505859375], [-123.26833, 45.599, -30811.775390625], [-123.26644, 45.5951, -29919.865234375]]], [[[-123.16006, 45.46335, -30483.98828125], [-123.15334, 45.46111, -31300.916015625], [-123.16497, 45.46499, -31392.05078125], [-123.16006, 45.46335, -30483.98828125]]], [[[-123.30878, 45.66746, -2729.54345703125], [-123.31306, 45.67471, -3261.160888671875], [-123.31284, 45.67431, -2208.20556640625], [-123.30878, 45.66746, -2729.54345703125]]], [[[-123.20636, 45.50436, -9363.494140625], [-123.2102, 45.50941, -10076.1005859375], [-123.21214, 45.51327, -9311.2177734375], [-123.20636, 45.50436, -9363.494140625]]], [[[-123.30882, 45.66751, -6811.09814453125], [-123.31306, 45.67471, -7318.23193359375], [-123.31306, 45.67471, -6303.96435546875], [-123.30882, 45.66751, -6811.09814453125]]], [[[-123.16832, 45.46685, -25625.998046875], [-123.17649, 45.47166, -25040.8828125], [-123.16814, 45.46674, -24532.26953125], [-123.16832, 45.46685, -25625.998046875]]], [[[-123.19981, 45.4975, -30866.044921875], [-123.19602, 45.49316, -31694.080078125], [-123.20285, 45.50085, -31765.705078125], [-123.19981, 45.4975, -30866.044921875]]], [[[-123.26644, 45.5951, -29919.865234375], [-123.26143, 45.58686, -29858.646484375], [-123.2636, 45.59056, -30757.505859375], [-123.26644, 45.5951, -29919.865234375]]], [[[-123.23349, 45.54068, -11914.693359375], [-123.23085, 45.53685, -11044.9208984375], [-123.2273, 45.5333, -11848.228515625], [-123.23349, 45.54068, -11914.693359375]]], [[[-123.20377, 45.50177, -30034.607421875], [-123.19683, 45.49409, -29966.873046875], [-123.19981, 45.4975, -30866.044921875], [-123.20377, 45.50177, -30034.607421875]]], [[[-123.26415, 45.59143, -29026.890625], [-123.26143, 45.58686, -29858.646484375], [-123.26644, 45.5951, -29919.865234375], [-123.26415, 45.59143, -29026.890625]]], [[[-123.30882, 45.66751, -26082.185546875], [-123.31306, 45.67471, -25575.05078125], [-123.30882, 45.66751, -25067.916015625], [-123.30882, 45.66751, -26082.185546875]]], [[[-123.13196, 45.44909, -27540.201171875], [-123.13986, 45.45457, -27038.87890625], [-123.13196, 45.44909, -26537.556640625], [-123.13196, 45.44909, -27540.201171875]]], [[[-123.30436, 45.66037, -12389.5703125], [-123.30882, 45.66751, -12896.7041015625], [-123.30882, 45.66751, -11882.4365234375], [-123.30436, 45.66037, -12389.5703125]]], [[[-123.25954, 45.58307, -28958.671875], [-123.26143, 45.58686, -29858.646484375], [-123.26415, 45.59143, -29026.890625], [-123.25954, 45.58307, -28958.671875]]], [[[-123.18928, 45.48437, -15007.1572265625], [-123.18409, 45.47746, -15508.478515625], [-123.18928, 45.48437, -16009.80078125], [-123.18928, 45.48437, -15007.1572265625]]], [[[-123.31306, 45.67471, -7318.23193359375], [-123.317, 45.682, -7825.36572265625], [-123.317, 45.682, -6811.09814453125], [-123.31306, 45.67471, -7318.23193359375]]], [[[-123.2829, 45.62443, -19996.578125], [-123.28704, 45.63166, -19489.4453125], [-123.2829, 45.62443, -18982.310546875], [-123.2829, 45.62443, -19996.578125]]], [[[-123.1701, 45.46784, -26879.75], [-123.15929, 45.4631, -26097.900390625], [-123.15905, 45.46302, -27071.625], [-123.1701, 45.46784, -26879.75]]], [[[-123.25024, 45.56658, -13652.8671875], [-123.25312, 45.57121, -12715.275390625], [-123.2474, 45.56205, -12743.130859375], [-123.25024, 45.56658, -13652.8671875]]], [[[-123.13037, 45.4477, -30334.283203125], [-123.13309, 45.45006, -31127.609375], [-123.13849, 45.45366, -30256.357421875], [-123.13037, 45.4477, -30334.283203125]]], [[[-123.27005, 45.60286, -18475.17578125], [-123.27418, 45.61009, -18982.310546875], [-123.27418, 45.61009, -17968.04296875], [-123.27005, 45.60286, -18475.17578125]]], [[[-123.25954, 45.58307, -28958.671875], [-123.25704, 45.57827, -29786.365234375], [-123.26143, 45.58686, -29858.646484375], [-123.25954, 45.58307, -28958.671875]]], [[[-123.25954, 45.58307, -28958.671875], [-123.25496, 45.57452, -28886.88671875], [-123.25704, 45.57827, -29786.365234375], [-123.25954, 45.58307, -28958.671875]]], [[[-123.23125, 45.53725, -12829.52734375], [-123.23289, 45.5396, -13892.5185546875], [-123.23576, 45.54477, -12844.18359375], [-123.23125, 45.53725, -12829.52734375]]], [[[-123.16006, 45.46335, -30483.98828125], [-123.16497, 45.46499, -31392.05078125], [-123.17075, 45.4682, -30571.13671875], [-123.16006, 45.46335, -30483.98828125]]], [[[-123.25761, 45.57929, -28058.91015625], [-123.25496, 45.57452, -28886.88671875], [-123.25954, 45.58307, -28958.671875], [-123.25761, 45.57929, -28058.91015625]]], [[[-123.2915, 45.6388, -7825.36572265625], [-123.287, 45.6316, -7313.89794921875], [-123.28704, 45.63166, -8332.5], [-123.2915, 45.6388, -7825.36572265625]]], [[[-123.25287, 45.5708, -27983.40625], [-123.25496, 45.57452, -28886.88671875], [-123.25761, 45.57929, -28058.91015625], [-123.25287, 45.5708, -27983.40625]]], [[[-123.21121, 45.51142, -13001.8701171875], [-123.20644, 45.50444, -13503.19140625], [-123.21121, 45.51142, -14004.513671875], [-123.21121, 45.51142, -13001.8701171875]]], [[[-123.19325, 45.48967, -30795.546875], [-123.18989, 45.48518, -31625.01171875], [-123.19602, 45.49316, -31694.080078125], [-123.19325, 45.48967, -30795.546875]]], [[[-123.25287, 45.5708, -27983.40625], [-123.24999, 45.56618, -28819.912109375], [-123.25496, 45.57452, -28886.88671875], [-123.25287, 45.5708, -27983.40625]]], [[[-123.25862, 45.58125, -11860.6279296875], [-123.26173, 45.58745, -11217.6826171875], [-123.25679, 45.57783, -10953.8564453125], [-123.25862, 45.58125, -11860.6279296875]]], [[[-123.22031, 45.52564, -16009.80078125], [-123.2153, 45.51868, -16511.123046875], [-123.22031, 45.52564, -17012.443359375], [-123.22031, 45.52564, -16009.80078125]]], [[[-123.2476, 45.56236, -27929.052734375], [-123.24999, 45.56618, -28819.912109375], [-123.25287, 45.5708, -27983.40625], [-123.2476, 45.56236, -27929.052734375]]], [[[-123.21145, 45.51191, -24916.8515625], [-123.20948, 45.50795, -25799.97265625], [-123.21334, 45.51554, -25806.34765625], [-123.21145, 45.51191, -24916.8515625]]], [[[-123.23642, 45.54596, -16539.373046875], [-123.23664, 45.54635, -15593.234375], [-123.23241, 45.53873, -16009.80078125], [-123.23642, 45.54596, -16539.373046875]]], [[[-123.31306, 45.67471, -16446.640625], [-123.317, 45.682, -16953.775390625], [-123.317, 45.682, -15939.5078125], [-123.31306, 45.67471, -16446.640625]]], [[[-123.2476, 45.56236, -27929.052734375], [-123.24476, 45.55781, -28767.98828125], [-123.24999, 45.56618, -28819.912109375], [-123.2476, 45.56236, -27929.052734375]]], [[[-123.23664, 45.54635, -15593.234375], [-123.23664, 45.54635, -14606.6748046875], [-123.23241, 45.53873, -15007.1572265625], [-123.23664, 45.54635, -15593.234375]]], [[[-123.2476, 45.56236, -27929.052734375], [-123.2424, 45.5542, -27876.66796875], [-123.24476, 45.55781, -28767.98828125], [-123.2476, 45.56236, -27929.052734375]]], [[[-123.30793, 45.66608, -1583.012939453125], [-123.30433, 45.66032, -2299.769287109375], [-123.30878, 45.66746, -2729.54345703125], [-123.30793, 45.66608, -1583.012939453125]]], [[[-123.30436, 45.66037, -29632.12109375], [-123.3048, 45.66108, -30585.11328125], [-123.30882, 45.66751, -30139.255859375], [-123.30436, 45.66037, -29632.12109375]]], [[[-123.17075, 45.4682, -30571.13671875], [-123.16497, 45.46499, -31392.05078125], [-123.175, 45.47067, -31476.248046875], [-123.17075, 45.4682, -30571.13671875]]], [[[-123.22031, 45.52564, -19017.73046875], [-123.21955, 45.52477, -19958.71875], [-123.22478, 45.53075, -19855.255859375], [-123.22031, 45.52564, -19017.73046875]]], [[[-123.31306, 45.67471, -25575.05078125], [-123.317, 45.682, -26082.185546875], [-123.317, 45.682, -25067.916015625], [-123.31306, 45.67471, -25575.05078125]]], [[[-123.24527, 45.55864, -27042.029296875], [-123.2424, 45.5542, -27876.66796875], [-123.2476, 45.56236, -27929.052734375], [-123.24527, 45.55864, -27042.029296875]]], [[[-123.22725, 45.53325, -10179.5986328125], [-123.23085, 45.53685, -11044.9208984375], [-123.23354, 45.54078, -10178.193359375], [-123.22725, 45.53325, -10179.5986328125]]], [[[-123.125, 45.443, -31049.453125], [-123.13037, 45.4477, -30334.283203125], [-123.125, 45.443, -30046.810546875], [-123.125, 45.443, -31049.453125]]], [[[-123.24527, 45.55864, -27042.029296875], [-123.23982, 45.55077, -26977.87109375], [-123.2424, 45.5542, -27876.66796875], [-123.24527, 45.55864, -27042.029296875]]], [[[-123.2273, 45.5333, -11848.228515625], [-123.23085, 45.53685, -11044.9208984375], [-123.22346, 45.52925, -11040.3515625], [-123.2273, 45.5333, -11848.228515625]]], [[[-123.24306, 45.5551, -26145.80078125], [-123.23982, 45.55077, -26977.87109375], [-123.24527, 45.55864, -27042.029296875], [-123.24306, 45.5551, -26145.80078125]]], [[[-123.21145, 45.51191, -24916.8515625], [-123.20624, 45.50424, -24887.037109375], [-123.20948, 45.50795, -25799.97265625], [-123.21145, 45.51191, -24916.8515625]]], [[[-123.14885, 45.45911, -27540.201171875], [-123.14885, 45.45911, -26537.556640625], [-123.13986, 45.45457, -27038.87890625], [-123.14885, 45.45911, -27540.201171875]]], [[[-123.19446, 45.49129, -11497.904296875], [-123.19446, 45.49129, -10495.2607421875], [-123.18928, 45.48437, -10996.5830078125], [-123.19446, 45.49129, -11497.904296875]]], [[[-123.30487, 45.66119, -646.3900146484375], [-123.30739, 45.66522, 232.88177490234375], [-123.3022, 45.65692, 216.96786499023438], [-123.30487, 45.66119, -646.3900146484375]]], [[[-123.13986, 45.45457, -13001.8701171875], [-123.13196, 45.44909, -13503.19140625], [-123.13986, 45.45457, -14004.513671875], [-123.13986, 45.45457, -13001.8701171875]]], [[[-123.27005, 45.60286, -16446.640625], [-123.27418, 45.61009, -16953.775390625], [-123.27418, 45.61009, -15939.5078125], [-123.27005, 45.60286, -16446.640625]]], [[[-123.20644, 45.50444, -21516.380859375], [-123.20653, 45.50453, -20531.19921875], [-123.20023, 45.49798, -21030.228515625], [-123.20644, 45.50444, -21516.380859375]]], [[[-123.31306, 45.67471, -21517.98046875], [-123.31306, 45.67471, -22532.248046875], [-123.317, 45.682, -22025.11328125], [-123.31306, 45.67471, -21517.98046875]]], [[[-123.18723, 45.48164, -30726.703125], [-123.18031, 45.47421, -30653.05859375], [-123.18387, 45.47716, -31556.451171875], [-123.18723, 45.48164, -30726.703125]]], [[[-123.3, 45.6532, -12896.7041015625], [-123.3, 45.6532, -13910.9716796875], [-123.30436, 45.66037, -13403.837890625], [-123.3, 45.6532, -12896.7041015625]]], [[[-123.23721, 45.54728, -26075.23828125], [-123.23982, 45.55077, -26977.87109375], [-123.24306, 45.5551, -26145.80078125], [-123.23721, 45.54728, -26075.23828125]]], [[[-123.25848, 45.58096, -13910.9716796875], [-123.26219, 45.58831, -14418.10546875], [-123.26219, 45.58831, -13403.837890625], [-123.25848, 45.58096, -13910.9716796875]]], [[[-123.31306, 45.67471, -3261.160888671875], [-123.317, 45.682, -3768.294921875], [-123.317, 45.682, -2754.027099609375], [-123.31306, 45.67471, -3261.160888671875]]], [[[-123.27318, 45.60849, -29148.314453125], [-123.26874, 45.59992, -29087.2578125], [-123.2705, 45.60387, -29983.3828125], [-123.27318, 45.60849, -29148.314453125]]], [[[-123.20986, 45.50871, -22250.6015625], [-123.20652, 45.50452, -23069.474609375], [-123.21204, 45.51308, -23212.427734375], [-123.20986, 45.50871, -22250.6015625]]], [[[-123.29786, 45.64935, -31207.513671875], [-123.29518, 45.64469, -32045.40234375], [-123.29994, 45.65309, -32109.580078125], [-123.29786, 45.64935, -31207.513671875]]], [[[-123.23721, 45.54728, -26075.23828125], [-123.2345, 45.54251, -26899.44921875], [-123.23982, 45.55077, -26977.87109375], [-123.23721, 45.54728, -26075.23828125]]], [[[-123.2322, 45.53836, -26026.353515625], [-123.2345, 45.54251, -26899.44921875], [-123.23721, 45.54728, -26075.23828125], [-123.2322, 45.53836, -26026.353515625]]], [[[-123.23349, 45.54068, -11914.693359375], [-123.23576, 45.54477, -12844.18359375], [-123.23852, 45.54902, -11914.625], [-123.23349, 45.54068, -11914.693359375]]], [[[-123.15905, 45.46302, -27071.625], [-123.14885, 45.45911, -27540.201171875], [-123.15772, 45.46257, -28002.30078125], [-123.15905, 45.46302, -27071.625]]], [[[-123.2345, 45.54251, -26899.44921875], [-123.2322, 45.53836, -26026.353515625], [-123.22822, 45.53422, -26861.853515625], [-123.2345, 45.54251, -26899.44921875]]], [[[-123.20644, 45.50444, -11497.904296875], [-123.20022, 45.49797, -10996.5830078125], [-123.20022, 45.49797, -11999.2265625], [-123.20644, 45.50444, -11497.904296875]]], [[[-123.13196, 45.44909, -28542.84375], [-123.13986, 45.45457, -28041.5234375], [-123.13196, 45.44909, -27540.201171875], [-123.13196, 45.44909, -28542.84375]]], [[[-123.26665, 45.59545, -19996.578125], [-123.26997, 45.60269, -20525.794921875], [-123.27005, 45.60286, -19489.4453125], [-123.26665, 45.59545, -19996.578125]]], [[[-123.30981, 45.66909, -614.6045532226562], [-123.31299, 45.67459, -1140.3167724609375], [-123.31242, 45.67355, 228.48851013183594], [-123.30981, 45.66909, -614.6045532226562]]], [[[-123.26721, 45.59646, -9914.453125], [-123.26665, 45.59545, -10868.1689453125], [-123.27008, 45.60294, -10352.857421875], [-123.26721, 45.59646, -9914.453125]]], [[[-123.22633, 45.53233, -17601.392578125], [-123.23209, 45.53817, -17011.4140625], [-123.22625, 45.53225, -16511.123046875], [-123.22633, 45.53233, -17601.392578125]]], [[[-123.13196, 45.44909, -27540.201171875], [-123.13196, 45.44909, -26537.556640625], [-123.125, 45.443, -27038.87890625], [-123.13196, 45.44909, -27540.201171875]]], [[[-123.2345, 45.54251, -26899.44921875], [-123.22822, 45.53422, -26861.853515625], [-123.23185, 45.53785, -27735.99609375], [-123.2345, 45.54251, -26899.44921875]]], [[[-123.23125, 45.53725, -12829.52734375], [-123.23349, 45.54068, -11914.693359375], [-123.2273, 45.5333, -11848.228515625], [-123.23125, 45.53725, -12829.52734375]]], [[[-123.30793, 45.66608, -1583.012939453125], [-123.30981, 45.66909, -614.6045532226562], [-123.30487, 45.66119, -646.3900146484375], [-123.30793, 45.66608, -1583.012939453125]]], [[[-123.20702, 45.50502, -30930.865234375], [-123.20285, 45.50085, -31765.705078125], [-123.20973, 45.50845, -31838.3046875], [-123.20702, 45.50502, -30930.865234375]]], [[[-123.23642, 45.54596, -16539.373046875], [-123.23241, 45.53873, -16009.80078125], [-123.23209, 45.53817, -17011.4140625], [-123.23642, 45.54596, -16539.373046875]]], [[[-123.2829, 45.62443, -8839.6337890625], [-123.27843, 45.61689, -9311.2548828125], [-123.2829, 45.62443, -9853.9013671875], [-123.2829, 45.62443, -8839.6337890625]]], [[[-123.2345, 45.54251, -26899.44921875], [-123.23185, 45.53785, -27735.99609375], [-123.23658, 45.54624, -27800.341796875], [-123.2345, 45.54251, -26899.44921875]]], [[[-123.21653, 45.52065, -23272.681640625], [-123.21204, 45.51308, -23212.427734375], [-123.21367, 45.51608, -24128.291015625], [-123.21653, 45.52065, -23272.681640625]]], [[[-123.30882, 45.66751, -6811.09814453125], [-123.31306, 45.67471, -6303.96435546875], [-123.30882, 45.66751, -5796.830078125], [-123.30882, 45.66751, -6811.09814453125]]], [[[-123.31306, 45.67471, -21517.98046875], [-123.317, 45.682, -21010.845703125], [-123.31306, 45.67471, -20503.712890625], [-123.31306, 45.67471, -21517.98046875]]], [[[-123.17649, 45.47166, -25040.8828125], [-123.16832, 45.46685, -25625.998046875], [-123.17664, 45.47176, -26166.423828125], [-123.17649, 45.47166, -25040.8828125]]], [[[-123.23982, 45.55077, -26977.87109375], [-123.2345, 45.54251, -26899.44921875], [-123.23658, 45.54624, -27800.341796875], [-123.23982, 45.55077, -26977.87109375]]], [[[-123.14873, 45.45906, -30393.658203125], [-123.1425, 45.45623, -31211.681640625], [-123.15334, 45.46111, -31300.916015625], [-123.14873, 45.45906, -30393.658203125]]], [[[-123.2915, 45.6388, -8839.6337890625], [-123.29596, 45.64594, -9346.767578125], [-123.29596, 45.64594, -8332.5], [-123.2915, 45.6388, -8839.6337890625]]], [[[-123.23982, 45.55077, -26977.87109375], [-123.23658, 45.54624, -27800.341796875], [-123.2424, 45.5542, -27876.66796875], [-123.23982, 45.55077, -26977.87109375]]], [[[-123.16832, 45.46685, -25625.998046875], [-123.15929, 45.4631, -26097.900390625], [-123.1701, 45.46784, -26879.75], [-123.16832, 45.46685, -25625.998046875]]], [[[-123.25704, 45.57827, -29786.365234375], [-123.25445, 45.57361, -30626.8671875], [-123.25903, 45.58207, -30687.7109375], [-123.25704, 45.57827, -29786.365234375]]], [[[-123.27913, 45.61801, -7382.5654296875], [-123.28265, 45.62396, -6724.466796875], [-123.27748, 45.61537, -6628.8134765625], [-123.27913, 45.61801, -7382.5654296875]]], [[[-123.24165, 45.5532, -16486.974609375], [-123.24564, 45.55923, -17445.189453125], [-123.24599, 45.55978, -16391.04296875], [-123.24165, 45.5532, -16486.974609375]]], [[[-123.31306, 45.67471, -24560.783203125], [-123.317, 45.682, -25067.916015625], [-123.317, 45.682, -24053.6484375], [-123.31306, 45.67471, -24560.783203125]]], [[[-123.23658, 45.54624, -27800.341796875], [-123.23911, 45.54981, -28705.0078125], [-123.2424, 45.5542, -27876.66796875], [-123.23658, 45.54624, -27800.341796875]]], [[[-123.23513, 45.54364, -17440.880859375], [-123.23216, 45.5383, -18154.416015625], [-123.23686, 45.54674, -18269.802734375], [-123.23513, 45.54364, -17440.880859375]]], [[[-123.23658, 45.54624, -27800.341796875], [-123.23396, 45.54153, -28636.16015625], [-123.23911, 45.54981, -28705.0078125], [-123.23658, 45.54624, -27800.341796875]]], [[[-123.16832, 45.46685, -25625.998046875], [-123.15857, 45.46286, -25033.591796875], [-123.15929, 45.4631, -26097.900390625], [-123.16832, 45.46685, -25625.998046875]]], [[[-123.20117, 45.49905, -22138.546875], [-123.20986, 45.50871, -22250.6015625], [-123.20644, 45.50444, -21516.380859375], [-123.20117, 45.49905, -22138.546875]]], [[[-123.31299, 45.67459, -1140.3167724609375], [-123.31476, 45.67776, -248.50160217285156], [-123.31242, 45.67355, 228.48851013183594], [-123.31299, 45.67459, -1140.3167724609375]]], [[[-123.23185, 45.53785, -27735.99609375], [-123.23396, 45.54153, -28636.16015625], [-123.23658, 45.54624, -27800.341796875], [-123.23185, 45.53785, -27735.99609375]]], [[[-123.31306, 45.67471, -10361.03515625], [-123.317, 45.682, -9853.9013671875], [-123.31306, 45.67471, -9346.767578125], [-123.31306, 45.67471, -10361.03515625]]], [[[-123.26701, 45.59603, -28192.58984375], [-123.26415, 45.59143, -29026.890625], [-123.26874, 45.59992, -29087.2578125], [-123.26701, 45.59603, -28192.58984375]]], [[[-123.19942, 45.49705, -23171.6640625], [-123.20652, 45.50452, -23069.474609375], [-123.20117, 45.49905, -22138.546875], [-123.19942, 45.49705, -23171.6640625]]], [[[-123.23396, 45.54153, -28636.16015625], [-123.23185, 45.53785, -27735.99609375], [-123.22774, 45.53374, -28568.0390625], [-123.23396, 45.54153, -28636.16015625]]], [[[-123.31306, 45.67471, -8332.5], [-123.31306, 45.67471, -9346.767578125], [-123.317, 45.682, -8839.6337890625], [-123.31306, 45.67471, -8332.5]]], [[[-123.31306, 45.67471, -24560.783203125], [-123.317, 45.682, -24053.6484375], [-123.31306, 45.67471, -23546.515625], [-123.31306, 45.67471, -24560.783203125]]], [[[-123.20644, 45.50444, -21516.380859375], [-123.21158, 45.51216, -21178.51953125], [-123.20653, 45.50453, -20531.19921875], [-123.20644, 45.50444, -21516.380859375]]], [[[-123.23396, 45.54153, -28636.16015625], [-123.22774, 45.53374, -28568.0390625], [-123.231, 45.537, -29471.87890625], [-123.23396, 45.54153, -28636.16015625]]], [[[-123.19468, 45.49157, -23749.212890625], [-123.19852, 45.49602, -24740.017578125], [-123.20261, 45.50061, -23979.1484375], [-123.19468, 45.49157, -23749.212890625]]], [[[-123.30436, 45.66037, -7318.23193359375], [-123.30882, 45.66751, -7825.36572265625], [-123.30882, 45.66751, -6811.09814453125], [-123.30436, 45.66037, -7318.23193359375]]], [[[-123.18443, 45.47791, -24616.943359375], [-123.18456, 45.47808, -23613.419921875], [-123.17664, 45.47176, -24030.94921875], [-123.18443, 45.47791, -24616.943359375]]], [[[-123.23396, 45.54153, -28636.16015625], [-123.231, 45.537, -29471.87890625], [-123.23604, 45.54527, -29535.970703125], [-123.23396, 45.54153, -28636.16015625]]], [[[-123.23911, 45.54981, -28705.0078125], [-123.23396, 45.54153, -28636.16015625], [-123.23604, 45.54527, -29535.970703125], [-123.23911, 45.54981, -28705.0078125]]], [[[-123.23911, 45.54981, -28705.0078125], [-123.23604, 45.54527, -29535.970703125], [-123.24173, 45.55331, -29604.916015625], [-123.23911, 45.54981, -28705.0078125]]], [[[-123.24476, 45.55781, -28767.98828125], [-123.23911, 45.54981, -28705.0078125], [-123.24173, 45.55331, -29604.916015625], [-123.24476, 45.55781, -28767.98828125]]], [[[-123.30793, 45.66608, -1583.012939453125], [-123.31284, 45.67431, -2208.20556640625], [-123.31299, 45.67459, -1140.3167724609375], [-123.30793, 45.66608, -1583.012939453125]]], [[[-123.2153, 45.51868, -19519.052734375], [-123.2153, 45.51868, -18516.408203125], [-123.21121, 45.51142, -19017.73046875], [-123.2153, 45.51868, -19519.052734375]]], [[[-123.2424, 45.5542, -27876.66796875], [-123.23911, 45.54981, -28705.0078125], [-123.24476, 45.55781, -28767.98828125], [-123.2424, 45.5542, -27876.66796875]]], [[[-123.20644, 45.50444, -13503.19140625], [-123.21121, 45.51142, -13001.8701171875], [-123.20644, 45.50444, -12500.5478515625], [-123.20644, 45.50444, -13503.19140625]]], [[[-123.2153, 45.51868, -19519.052734375], [-123.21127, 45.51154, -20053.61328125], [-123.21549, 45.51898, -20579.244140625], [-123.2153, 45.51868, -19519.052734375]]], [[[-123.24476, 45.55781, -28767.98828125], [-123.24173, 45.55331, -29604.916015625], [-123.24711, 45.56158, -29660.49609375], [-123.24476, 45.55781, -28767.98828125]]], [[[-123.30882, 45.66751, -5796.830078125], [-123.31306, 45.67471, -6303.96435546875], [-123.31306, 45.67471, -5289.6962890625], [-123.30882, 45.66751, -5796.830078125]]], [[[-123.21158, 45.51216, -21178.51953125], [-123.20986, 45.50871, -22250.6015625], [-123.2142, 45.51692, -22279.044921875], [-123.21158, 45.51216, -21178.51953125]]], [[[-123.24476, 45.55781, -28767.98828125], [-123.24711, 45.56158, -29660.49609375], [-123.24999, 45.56618, -28819.912109375], [-123.24476, 45.55781, -28767.98828125]]], [[[-123.21624, 45.52019, -24985.630859375], [-123.21334, 45.51554, -25806.34765625], [-123.21811, 45.52313, -25915.451171875], [-123.21624, 45.52019, -24985.630859375]]], [[[-123.19325, 45.48967, -30795.546875], [-123.19602, 45.49316, -31694.080078125], [-123.19981, 45.4975, -30866.044921875], [-123.19325, 45.48967, -30795.546875]]], [[[-123.24999, 45.56618, -28819.912109375], [-123.24711, 45.56158, -29660.49609375], [-123.2523, 45.56988, -29723.470703125], [-123.24999, 45.56618, -28819.912109375]]], [[[-123.23856, 45.54908, -13646.4677734375], [-123.23576, 45.54477, -12844.18359375], [-123.23289, 45.5396, -13892.5185546875], [-123.23856, 45.54908, -13646.4677734375]]], [[[-123.27864, 45.61723, -8332.5], [-123.27353, 45.60904, -8558.697265625], [-123.27843, 45.61689, -9311.2548828125], [-123.27864, 45.61723, -8332.5]]], [[[-123.30436, 45.66037, -6303.96435546875], [-123.30882, 45.66751, -6811.09814453125], [-123.30882, 45.66751, -5796.830078125], [-123.30436, 45.66037, -6303.96435546875]]], [[[-123.18328, 45.47638, -25596.052734375], [-123.17649, 45.47166, -25040.8828125], [-123.17664, 45.47176, -26166.423828125], [-123.18328, 45.47638, -25596.052734375]]], [[[-123.19446, 45.49129, -10495.2607421875], [-123.19485, 45.4918, -9426.0859375], [-123.18928, 45.48437, -9993.939453125], [-123.19446, 45.49129, -10495.2607421875]]], [[[-123.2523, 45.56988, -29723.470703125], [-123.25496, 45.57452, -28886.88671875], [-123.24999, 45.56618, -28819.912109375], [-123.2523, 45.56988, -29723.470703125]]], [[[-123.25496, 45.57452, -28886.88671875], [-123.2523, 45.56988, -29723.470703125], [-123.25704, 45.57827, -29786.365234375], [-123.25496, 45.57452, -28886.88671875]]], [[[-123.28827, 45.63363, -29351.05859375], [-123.28342, 45.62536, -29277.826171875], [-123.28547, 45.62905, -30180.42578125], [-123.28827, 45.63363, -29351.05859375]]], [[[-123.2153, 45.51868, -17513.765625], [-123.2153, 45.51868, -16511.123046875], [-123.21121, 45.51142, -17012.443359375], [-123.2153, 45.51868, -17513.765625]]], [[[-123.23576, 45.54477, -12844.18359375], [-123.23349, 45.54068, -11914.693359375], [-123.23125, 45.53725, -12829.52734375], [-123.23576, 45.54477, -12844.18359375]]], [[[-123.2523, 45.56988, -29723.470703125], [-123.25445, 45.57361, -30626.8671875], [-123.25704, 45.57827, -29786.365234375], [-123.2523, 45.56988, -29723.470703125]]], [[[-123.30882, 45.66751, -4782.5625], [-123.31306, 45.67471, -5289.6962890625], [-123.31306, 45.67471, -4275.4287109375], [-123.30882, 45.66751, -4782.5625]]], [[[-123.21697, 45.52135, -21506.947265625], [-123.21158, 45.51216, -21178.51953125], [-123.2142, 45.51692, -22279.044921875], [-123.21697, 45.52135, -21506.947265625]]], [[[-123.20644, 45.50444, -13503.19140625], [-123.20644, 45.50444, -12500.5478515625], [-123.20022, 45.49797, -13001.8701171875], [-123.20644, 45.50444, -13503.19140625]]], [[[-123.2523, 45.56988, -29723.470703125], [-123.24942, 45.56527, -30562.107421875], [-123.25445, 45.57361, -30626.8671875], [-123.2523, 45.56988, -29723.470703125]]], [[[-123.24312, 45.55519, -18319.439453125], [-123.24533, 45.55873, -19182.109375], [-123.24927, 45.56503, -18221.2734375], [-123.24312, 45.55519, -18319.439453125]]], [[[-123.24711, 45.56158, -29660.49609375], [-123.24942, 45.56527, -30562.107421875], [-123.2523, 45.56988, -29723.470703125], [-123.24711, 45.56158, -29660.49609375]]], [[[-123.23642, 45.54596, -16539.373046875], [-123.23513, 45.54364, -17440.880859375], [-123.24009, 45.55113, -17428.80078125], [-123.23642, 45.54596, -16539.373046875]]], [[[-123.24711, 45.56158, -29660.49609375], [-123.24425, 45.55699, -30499.294921875], [-123.24942, 45.56527, -30562.107421875], [-123.24711, 45.56158, -29660.49609375]]], [[[-123.25016, 45.56645, -17010.93359375], [-123.25449, 45.57369, -16446.640625], [-123.25019, 45.5665, -15939.5078125], [-123.25016, 45.56645, -17010.93359375]]], [[[-123.24711, 45.56158, -29660.49609375], [-123.24173, 45.55331, -29604.916015625], [-123.24425, 45.55699, -30499.294921875], [-123.24711, 45.56158, -29660.49609375]]], [[[-123.31306, 45.67471, -19489.4453125], [-123.31306, 45.67471, -20503.712890625], [-123.317, 45.682, -19996.578125], [-123.31306, 45.67471, -19489.4453125]]], [[[-123.31306, 45.67471, -4275.4287109375], [-123.31306, 45.67471, -5289.6962890625], [-123.317, 45.682, -4782.5625], [-123.31306, 45.67471, -4275.4287109375]]], [[[-123.25903, 45.58207, -30687.7109375], [-123.25654, 45.57737, -31529.755859375], [-123.26095, 45.5859, -31590.951171875], [-123.25903, 45.58207, -30687.7109375]]], [[[-123.24312, 45.55519, -18319.439453125], [-123.23946, 45.55029, -19161.955078125], [-123.24533, 45.55873, -19182.109375], [-123.24312, 45.55519, -18319.439453125]]], [[[-123.24173, 45.55331, -29604.916015625], [-123.23841, 45.54888, -30439.5703125], [-123.24425, 45.55699, -30499.294921875], [-123.24173, 45.55331, -29604.916015625]]], [[[-123.25449, 45.57369, -15432.3740234375], [-123.25019, 45.5665, -15939.5078125], [-123.25449, 45.57369, -16446.640625], [-123.25449, 45.57369, -15432.3740234375]]], [[[-123.23604, 45.54527, -29535.970703125], [-123.23841, 45.54888, -30439.5703125], [-123.24173, 45.55331, -29604.916015625], [-123.23604, 45.54527, -29535.970703125]]], [[[-123.14073, 45.45515, -1869.1298828125], [-123.14846, 45.45894, -2537.0908203125], [-123.15347, 45.46116, -1694.45947265625], [-123.14073, 45.45515, -1869.1298828125]]], [[[-123.22625, 45.53225, -15508.478515625], [-123.23241, 45.53873, -15007.1572265625], [-123.2263, 45.5323, -14501.662109375], [-123.22625, 45.53225, -15508.478515625]]], [[[-123.23604, 45.54527, -29535.970703125], [-123.23342, 45.54056, -30371.587890625], [-123.23841, 45.54888, -30439.5703125], [-123.23604, 45.54527, -29535.970703125]]], [[[-123.2153, 45.51868, -16511.123046875], [-123.21121, 45.51142, -16009.80078125], [-123.21121, 45.51142, -17012.443359375], [-123.2153, 45.51868, -16511.123046875]]], [[[-123.231, 45.537, -29471.87890625], [-123.23342, 45.54056, -30371.587890625], [-123.23604, 45.54527, -29535.970703125], [-123.231, 45.537, -29471.87890625]]], [[[-123.31306, 45.67471, -10361.03515625], [-123.317, 45.682, -10868.1689453125], [-123.317, 45.682, -9853.9013671875], [-123.31306, 45.67471, -10361.03515625]]], [[[-123.18443, 45.47791, -24616.943359375], [-123.19063, 45.48617, -24467.21875], [-123.18456, 45.47808, -23613.419921875], [-123.18443, 45.47791, -24616.943359375]]], [[[-123.23342, 45.54056, -30371.587890625], [-123.231, 45.537, -29471.87890625], [-123.22689, 45.53289, -30303.70703125], [-123.23342, 45.54056, -30371.587890625]]], [[[-123.30882, 45.66751, -7825.36572265625], [-123.31306, 45.67471, -7318.23193359375], [-123.30882, 45.66751, -6811.09814453125], [-123.30882, 45.66751, -7825.36572265625]]], [[[-123.20652, 45.50452, -23069.474609375], [-123.20261, 45.50061, -23979.1484375], [-123.20962, 45.50824, -24015.087890625], [-123.20652, 45.50452, -23069.474609375]]], [[[-123.23342, 45.54056, -30371.587890625], [-123.22689, 45.53289, -30303.70703125], [-123.23014, 45.53614, -31203.7578125], [-123.23342, 45.54056, -30371.587890625]]], [[[-123.23342, 45.54056, -30371.587890625], [-123.23014, 45.53614, -31203.7578125], [-123.23548, 45.54427, -31270.8984375], [-123.23342, 45.54056, -30371.587890625]]], [[[-123.23841, 45.54888, -30439.5703125], [-123.23342, 45.54056, -30371.587890625], [-123.23548, 45.54427, -31270.8984375], [-123.23841, 45.54888, -30439.5703125]]], [[[-123.19446, 45.49129, -13503.19140625], [-123.20022, 45.49797, -13001.8701171875], [-123.19446, 45.49129, -12500.5478515625], [-123.19446, 45.49129, -13503.19140625]]], [[[-123.31306, 45.67471, -6303.96435546875], [-123.31306, 45.67471, -7318.23193359375], [-123.317, 45.682, -6811.09814453125], [-123.31306, 45.67471, -6303.96435546875]]], [[[-123.19942, 45.49705, -23171.6640625], [-123.20117, 45.49905, -22138.546875], [-123.19447, 45.49129, -22574.80859375], [-123.19942, 45.49705, -23171.6640625]]], [[[-123.23841, 45.54888, -30439.5703125], [-123.23548, 45.54427, -31270.8984375], [-123.2411, 45.55247, -31336.65234375], [-123.23841, 45.54888, -30439.5703125]]], [[[-123.27088, 45.60473, -28253.326171875], [-123.26874, 45.59992, -29087.2578125], [-123.27318, 45.60849, -29148.314453125], [-123.27088, 45.60473, -28253.326171875]]], [[[-123.30399, 45.65978, -4207.99267578125], [-123.30433, 45.66032, -5281.412109375], [-123.30882, 45.66751, -4782.5625], [-123.30399, 45.65978, -4207.99267578125]]], [[[-123.22633, 45.53233, -17601.392578125], [-123.22063, 45.526, -18058.92578125], [-123.22716, 45.53316, -18845.859375], [-123.22633, 45.53233, -17601.392578125]]], [[[-123.23841, 45.54888, -30439.5703125], [-123.2411, 45.55247, -31336.65234375], [-123.24425, 45.55699, -30499.294921875], [-123.23841, 45.54888, -30439.5703125]]], [[[-123.29974, 45.65273, -4657.62939453125], [-123.30399, 45.65978, -4207.99267578125], [-123.29887, 45.65116, -3414.22900390625], [-123.29974, 45.65273, -4657.62939453125]]], [[[-123.19942, 45.49705, -23171.6640625], [-123.19447, 45.49129, -22574.80859375], [-123.19468, 45.49157, -23749.212890625], [-123.19942, 45.49705, -23171.6640625]]], [[[-123.24425, 45.55699, -30499.294921875], [-123.2411, 45.55247, -31336.65234375], [-123.24654, 45.56066, -31402.765625], [-123.24425, 45.55699, -30499.294921875]]], [[[-123.25173, 45.56897, -31467.017578125], [-123.24885, 45.56436, -32299.291015625], [-123.25394, 45.5727, -32363.314453125], [-123.25173, 45.56897, -31467.017578125]]], [[[-123.24599, 45.55978, -16391.04296875], [-123.25016, 45.56645, -17010.93359375], [-123.25019, 45.5665, -15939.5078125], [-123.24599, 45.55978, -16391.04296875]]], [[[-123.24425, 45.55699, -30499.294921875], [-123.24654, 45.56066, -31402.765625], [-123.24942, 45.56527, -30562.107421875], [-123.24425, 45.55699, -30499.294921875]]], [[[-123.30399, 45.65978, -4207.99267578125], [-123.29974, 45.65273, -4657.62939453125], [-123.30433, 45.66032, -5281.412109375], [-123.30399, 45.65978, -4207.99267578125]]], [[[-123.19468, 45.49157, -23749.212890625], [-123.18948, 45.48464, -23153.001953125], [-123.19063, 45.48617, -24467.21875], [-123.19468, 45.49157, -23749.212890625]]], [[[-123.24654, 45.56066, -31402.765625], [-123.25173, 45.56897, -31467.017578125], [-123.24942, 45.56527, -30562.107421875], [-123.24654, 45.56066, -31402.765625]]], [[[-123.24654, 45.56066, -31402.765625], [-123.24885, 45.56436, -32299.291015625], [-123.25173, 45.56897, -31467.017578125], [-123.24654, 45.56066, -31402.765625]]], [[[-123.24654, 45.56066, -31402.765625], [-123.24366, 45.55605, -32234.75390625], [-123.24885, 45.56436, -32299.291015625], [-123.24654, 45.56066, -31402.765625]]], [[[-123.24654, 45.56066, -31402.765625], [-123.2411, 45.55247, -31336.65234375], [-123.24366, 45.55605, -32234.75390625], [-123.24654, 45.56066, -31402.765625]]], [[[-123.2411, 45.55247, -31336.65234375], [-123.23774, 45.54799, -32166.666015625], [-123.24366, 45.55605, -32234.75390625], [-123.2411, 45.55247, -31336.65234375]]], [[[-123.23548, 45.54427, -31270.8984375], [-123.23774, 45.54799, -32166.666015625], [-123.2411, 45.55247, -31336.65234375], [-123.23548, 45.54427, -31270.8984375]]], [[[-123.22031, 45.52564, -17012.443359375], [-123.2153, 45.51868, -17513.765625], [-123.22063, 45.526, -18058.92578125], [-123.22031, 45.52564, -17012.443359375]]], [[[-123.23548, 45.54427, -31270.8984375], [-123.23288, 45.53959, -32103.826171875], [-123.23774, 45.54799, -32166.666015625], [-123.23548, 45.54427, -31270.8984375]]], [[[-123.23548, 45.54427, -31270.8984375], [-123.23014, 45.53614, -31203.7578125], [-123.23288, 45.53959, -32103.826171875], [-123.23548, 45.54427, -31270.8984375]]], [[[-123.31284, 45.67431, -2208.20556640625], [-123.31306, 45.67471, -3261.160888671875], [-123.317, 45.682, -2754.027099609375], [-123.31284, 45.67431, -2208.20556640625]]], [[[-123.13206, 45.44918, -29519.369140625], [-123.13196, 45.44909, -28542.84375], [-123.125, 45.443, -29044.166015625], [-123.13206, 45.44918, -29519.369140625]]], [[[-123.24199, 45.55365, -14502.0390625], [-123.24605, 45.55988, -15349.0185546875], [-123.24673, 45.56096, -14330.828125], [-123.24199, 45.55365, -14502.0390625]]], [[[-123.23014, 45.53614, -31203.7578125], [-123.22597, 45.53197, -32031.267578125], [-123.23288, 45.53959, -32103.826171875], [-123.23014, 45.53614, -31203.7578125]]], [[[-123.22625, 45.53225, -16511.123046875], [-123.22031, 45.52564, -16009.80078125], [-123.22031, 45.52564, -17012.443359375], [-123.22625, 45.53225, -16511.123046875]]], [[[-123.22292, 45.52863, -31131.2421875], [-123.22597, 45.53197, -32031.267578125], [-123.23014, 45.53614, -31203.7578125], [-123.22292, 45.52863, -31131.2421875]]], [[[-123.24564, 45.55923, -17445.189453125], [-123.24927, 45.56503, -18221.2734375], [-123.25016, 45.56645, -17010.93359375], [-123.24564, 45.55923, -17445.189453125]]], [[[-123.22292, 45.52863, -31131.2421875], [-123.21913, 45.52429, -31958.8046875], [-123.22597, 45.53197, -32031.267578125], [-123.22292, 45.52863, -31131.2421875]]], [[[-123.21668, 45.52089, -31063.232421875], [-123.21392, 45.51647, -31896.0234375], [-123.21913, 45.52429, -31958.8046875], [-123.21668, 45.52089, -31063.232421875]]], [[[-123.13206, 45.44918, -29519.369140625], [-123.13037, 45.4477, -30334.283203125], [-123.13849, 45.45366, -30256.357421875], [-123.13206, 45.44918, -29519.369140625]]], [[[-123.31306, 45.67471, -8332.5], [-123.317, 45.682, -8839.6337890625], [-123.317, 45.682, -7825.36572265625], [-123.31306, 45.67471, -8332.5]]], [[[-123.24199, 45.55365, -14502.0390625], [-123.24175, 45.55334, -15487.4130859375], [-123.24605, 45.55988, -15349.0185546875], [-123.24199, 45.55365, -14502.0390625]]], [[[-123.21435, 45.51716, -30191.130859375], [-123.21036, 45.50972, -30161.63671875], [-123.21215, 45.5133, -31066.46875], [-123.21435, 45.51716, -30191.130859375]]], [[[-123.2636, 45.59056, -30757.505859375], [-123.26095, 45.5859, -31590.951171875], [-123.26593, 45.59428, -31652.8671875], [-123.2636, 45.59056, -30757.505859375]]], [[[-123.24009, 45.55113, -17428.80078125], [-123.23513, 45.54364, -17440.880859375], [-123.23686, 45.54674, -18269.802734375], [-123.24009, 45.55113, -17428.80078125]]], [[[-123.21237, 45.51374, -29323.93359375], [-123.21036, 45.50972, -30161.63671875], [-123.21435, 45.51716, -30191.130859375], [-123.21237, 45.51374, -29323.93359375]]], [[[-123.2153, 45.51868, -17513.765625], [-123.22031, 45.52564, -17012.443359375], [-123.2153, 45.51868, -16511.123046875], [-123.2153, 45.51868, -17513.765625]]], [[[-123.20852, 45.50652, -29275.669921875], [-123.20377, 45.50177, -30034.607421875], [-123.21036, 45.50972, -30161.63671875], [-123.20852, 45.50652, -29275.669921875]]], [[[-123.20063, 45.49844, -29131.6015625], [-123.19683, 45.49409, -29966.873046875], [-123.20377, 45.50177, -30034.607421875], [-123.20063, 45.49844, -29131.6015625]]], [[[-123.22625, 45.53225, -15508.478515625], [-123.2263, 45.5323, -14501.662109375], [-123.22031, 45.52564, -15007.1572265625], [-123.22625, 45.53225, -15508.478515625]]], [[[-123.18798, 45.48264, -28997.103515625], [-123.19059, 45.48612, -29897.111328125], [-123.19397, 45.49062, -29068.0234375], [-123.18798, 45.48264, -28997.103515625]]], [[[-123.23664, 45.54635, -14606.6748046875], [-123.23664, 45.54635, -15593.234375], [-123.24175, 45.55334, -15487.4130859375], [-123.23664, 45.54635, -14606.6748046875]]], [[[-123.18798, 45.48264, -28997.103515625], [-123.18463, 45.47818, -29825.98046875], [-123.19059, 45.48612, -29897.111328125], [-123.18798, 45.48264, -28997.103515625]]], [[[-123.23642, 45.54596, -16539.373046875], [-123.23209, 45.53817, -17011.4140625], [-123.23513, 45.54364, -17440.880859375], [-123.23642, 45.54596, -16539.373046875]]], [[[-123.18159, 45.47506, -28924.23046875], [-123.18463, 45.47818, -29825.98046875], [-123.18798, 45.48264, -28997.103515625], [-123.18159, 45.47506, -28924.23046875]]], [[[-123.2915, 45.6388, -16953.775390625], [-123.29596, 45.64594, -17460.908203125], [-123.29596, 45.64594, -16446.640625], [-123.2915, 45.6388, -16953.775390625]]], [[[-123.18463, 45.47818, -29825.98046875], [-123.18031, 45.47421, -30653.05859375], [-123.18723, 45.48164, -30726.703125], [-123.18463, 45.47818, -29825.98046875]]], [[[-123.19059, 45.48612, -29897.111328125], [-123.18723, 45.48164, -30726.703125], [-123.19325, 45.48967, -30795.546875], [-123.19059, 45.48612, -29897.111328125]]], [[[-123.19683, 45.49409, -29966.873046875], [-123.19059, 45.48612, -29897.111328125], [-123.19325, 45.48967, -30795.546875], [-123.19683, 45.49409, -29966.873046875]]], [[[-123.19683, 45.49409, -29966.873046875], [-123.19325, 45.48967, -30795.546875], [-123.19981, 45.4975, -30866.044921875], [-123.19683, 45.49409, -29966.873046875]]], [[[-123.20377, 45.50177, -30034.607421875], [-123.19981, 45.4975, -30866.044921875], [-123.20702, 45.50502, -30930.865234375], [-123.20377, 45.50177, -30034.607421875]]], [[[-123.21036, 45.50972, -30161.63671875], [-123.20377, 45.50177, -30034.607421875], [-123.20702, 45.50502, -30930.865234375], [-123.21036, 45.50972, -30161.63671875]]], [[[-123.1946, 45.49147, -21546.369140625], [-123.18928, 45.48437, -21023.017578125], [-123.1893, 45.48439, -22040.0703125], [-123.1946, 45.49147, -21546.369140625]]], [[[-123.24564, 45.55923, -17445.189453125], [-123.24312, 45.55519, -18319.439453125], [-123.24927, 45.56503, -18221.2734375], [-123.24564, 45.55923, -17445.189453125]]], [[[-123.20702, 45.50502, -30930.865234375], [-123.20973, 45.50845, -31838.3046875], [-123.21215, 45.5133, -31066.46875], [-123.20702, 45.50502, -30930.865234375]]], [[[-123.19981, 45.4975, -30866.044921875], [-123.20285, 45.50085, -31765.705078125], [-123.20702, 45.50502, -30930.865234375], [-123.19981, 45.4975, -30866.044921875]]], [[[-123.26665, 45.59545, -16953.775390625], [-123.27005, 45.60286, -17460.908203125], [-123.27005, 45.60286, -16446.640625], [-123.26665, 45.59545, -16953.775390625]]], [[[-123.18723, 45.48164, -30726.703125], [-123.18989, 45.48518, -31625.01171875], [-123.19325, 45.48967, -30795.546875], [-123.18723, 45.48164, -30726.703125]]], [[[-123.18723, 45.48164, -30726.703125], [-123.18387, 45.47716, -31556.451171875], [-123.18989, 45.48518, -31625.01171875], [-123.18723, 45.48164, -30726.703125]]], [[[-123.18031, 45.47421, -30653.05859375], [-123.175, 45.47067, -31476.248046875], [-123.18387, 45.47716, -31556.451171875], [-123.18031, 45.47421, -30653.05859375]]], [[[-123.14873, 45.45906, -30393.658203125], [-123.15334, 45.46111, -31300.916015625], [-123.16006, 45.46335, -30483.98828125], [-123.14873, 45.45906, -30393.658203125]]], [[[-123.13938, 45.45425, -29040.89453125], [-123.13196, 45.44909, -28542.84375], [-123.13206, 45.44918, -29519.369140625], [-123.13938, 45.45425, -29040.89453125]]], [[[-123.13986, 45.45457, -28041.5234375], [-123.13196, 45.44909, -28542.84375], [-123.13938, 45.45425, -29040.89453125], [-123.13986, 45.45457, -28041.5234375]]], [[[-123.13196, 45.44909, -28542.84375], [-123.125, 45.443, -28041.5234375], [-123.125, 45.443, -29044.166015625], [-123.13196, 45.44909, -28542.84375]]], [[[-123.13196, 45.44909, -27540.201171875], [-123.125, 45.443, -27038.87890625], [-123.125, 45.443, -28041.5234375], [-123.13196, 45.44909, -27540.201171875]]], [[[-123.13986, 45.45457, -27038.87890625], [-123.13196, 45.44909, -27540.201171875], [-123.13986, 45.45457, -28041.5234375], [-123.13986, 45.45457, -27038.87890625]]], [[[-123.14885, 45.45911, -27540.201171875], [-123.13986, 45.45457, -27038.87890625], [-123.13986, 45.45457, -28041.5234375], [-123.14885, 45.45911, -27540.201171875]]], [[[-123.14885, 45.45911, -27540.201171875], [-123.15905, 45.46302, -27071.625], [-123.14885, 45.45911, -26537.556640625], [-123.14885, 45.45911, -27540.201171875]]], [[[-123.1701, 45.46784, -26879.75], [-123.15905, 45.46302, -27071.625], [-123.16783, 45.46657, -27897.326171875], [-123.1701, 45.46784, -26879.75]]], [[[-123.31299, 45.67459, -1140.3167724609375], [-123.317, 45.682, -1739.7593994140625], [-123.317, 45.682, -725.49169921875], [-123.31299, 45.67459, -1140.3167724609375]]], [[[-123.29596, 45.64594, -12389.5703125], [-123.3, 45.6532, -12896.7041015625], [-123.3, 45.6532, -11882.4365234375], [-123.29596, 45.64594, -12389.5703125]]], [[[-123.16832, 45.46685, -25625.998046875], [-123.16814, 45.46674, -24532.26953125], [-123.15857, 45.46286, -25033.591796875], [-123.16832, 45.46685, -25625.998046875]]], [[[-123.22031, 45.52564, -11917.9111328125], [-123.21643, 45.52049, -11197.626953125], [-123.21544, 45.5189, -12421.1396484375], [-123.22031, 45.52564, -11917.9111328125]]], [[[-123.30433, 45.66032, -5281.412109375], [-123.30436, 45.66037, -6303.96435546875], [-123.30882, 45.66751, -5796.830078125], [-123.30433, 45.66032, -5281.412109375]]], [[[-123.2915, 45.6388, -18982.310546875], [-123.29596, 45.64594, -18475.17578125], [-123.2915, 45.6388, -17968.04296875], [-123.2915, 45.6388, -18982.310546875]]], [[[-123.18443, 45.47791, -24616.943359375], [-123.17649, 45.47166, -25040.8828125], [-123.18328, 45.47638, -25596.052734375], [-123.18443, 45.47791, -24616.943359375]]], [[[-123.30433, 45.66032, -2299.769287109375], [-123.30793, 45.66608, -1583.012939453125], [-123.30222, 45.65695, -1504.4112548828125], [-123.30433, 45.66032, -2299.769287109375]]], [[[-123.18443, 45.47791, -24616.943359375], [-123.17664, 45.47176, -24030.94921875], [-123.17649, 45.47166, -25040.8828125], [-123.18443, 45.47791, -24616.943359375]]], [[[-123.19063, 45.48617, -24467.21875], [-123.18443, 45.47791, -24616.943359375], [-123.18917, 45.48423, -25482.845703125], [-123.19063, 45.48617, -24467.21875]]], [[[-123.27418, 45.61009, -17968.04296875], [-123.27005, 45.60286, -17460.908203125], [-123.27005, 45.60286, -18475.17578125], [-123.27418, 45.61009, -17968.04296875]]], [[[-123.30882, 45.66751, -4782.5625], [-123.31306, 45.67471, -4275.4287109375], [-123.30882, 45.66751, -3768.294921875], [-123.30882, 45.66751, -4782.5625]]], [[[-123.19063, 45.48617, -24467.21875], [-123.18917, 45.48423, -25482.845703125], [-123.19529, 45.49233, -25570.6953125], [-123.19063, 45.48617, -24467.21875]]], [[[-123.31306, 45.67471, -3261.160888671875], [-123.31306, 45.67471, -4275.4287109375], [-123.317, 45.682, -3768.294921875], [-123.31306, 45.67471, -3261.160888671875]]], [[[-123.19852, 45.49602, -24740.017578125], [-123.19063, 45.48617, -24467.21875], [-123.19529, 45.49233, -25570.6953125], [-123.19852, 45.49602, -24740.017578125]]], [[[-123.2153, 45.51868, -13503.19140625], [-123.21121, 45.51142, -13001.8701171875], [-123.21121, 45.51142, -14004.513671875], [-123.2153, 45.51868, -13503.19140625]]], [[[-123.30487, 45.66119, -646.3900146484375], [-123.30981, 45.66909, -614.6045532226562], [-123.30739, 45.66522, 232.88177490234375], [-123.30487, 45.66119, -646.3900146484375]]], [[[-123.19468, 45.49157, -23749.212890625], [-123.19063, 45.48617, -24467.21875], [-123.19852, 45.49602, -24740.017578125], [-123.19468, 45.49157, -23749.212890625]]], [[[-123.2153, 45.51868, -13503.19140625], [-123.21544, 45.5189, -12421.1396484375], [-123.21121, 45.51142, -13001.8701171875], [-123.2153, 45.51868, -13503.19140625]]], [[[-123.30436, 45.66037, -8332.5], [-123.30882, 45.66751, -8839.6337890625], [-123.30882, 45.66751, -7825.36572265625], [-123.30436, 45.66037, -8332.5]]], [[[-123.19468, 45.49157, -23749.212890625], [-123.19447, 45.49129, -22574.80859375], [-123.18948, 45.48464, -23153.001953125], [-123.19468, 45.49157, -23749.212890625]]], [[[-123.31306, 45.67471, -5289.6962890625], [-123.317, 45.682, -5796.830078125], [-123.317, 45.682, -4782.5625], [-123.31306, 45.67471, -5289.6962890625]]], [[[-123.30436, 45.66037, -11375.302734375], [-123.30882, 45.66751, -11882.4365234375], [-123.30882, 45.66751, -10868.1689453125], [-123.30436, 45.66037, -11375.302734375]]], [[[-123.20652, 45.50452, -23069.474609375], [-123.19942, 45.49705, -23171.6640625], [-123.20261, 45.50061, -23979.1484375], [-123.20652, 45.50452, -23069.474609375]]], [[[-123.30436, 45.66037, -8332.5], [-123.30436, 45.66037, -9346.767578125], [-123.30882, 45.66751, -8839.6337890625], [-123.30436, 45.66037, -8332.5]]], [[[-123.20644, 45.50444, -21516.380859375], [-123.20023, 45.49798, -21030.228515625], [-123.20117, 45.49905, -22138.546875], [-123.20644, 45.50444, -21516.380859375]]], [[[-123.31299, 45.67459, -1140.3167724609375], [-123.317, 45.682, -725.49169921875], [-123.31476, 45.67776, -248.50160217285156], [-123.31299, 45.67459, -1140.3167724609375]]], [[[-123.20644, 45.50444, -21516.380859375], [-123.20986, 45.50871, -22250.6015625], [-123.21158, 45.51216, -21178.51953125], [-123.20644, 45.50444, -21516.380859375]]], [[[-123.29596, 45.64594, -11375.302734375], [-123.3, 45.6532, -11882.4365234375], [-123.3, 45.6532, -10868.1689453125], [-123.29596, 45.64594, -11375.302734375]]], [[[-123.21549, 45.51898, -20579.244140625], [-123.21158, 45.51216, -21178.51953125], [-123.21697, 45.52135, -21506.947265625], [-123.21549, 45.51898, -20579.244140625]]], [[[-123.317, 45.682, -8839.6337890625], [-123.31306, 45.67471, -9346.767578125], [-123.317, 45.682, -9853.9013671875], [-123.317, 45.682, -8839.6337890625]]], [[[-123.21549, 45.51898, -20579.244140625], [-123.21127, 45.51154, -20053.61328125], [-123.21158, 45.51216, -21178.51953125], [-123.21549, 45.51898, -20579.244140625]]], [[[-123.30882, 45.66751, -9853.9013671875], [-123.30882, 45.66751, -8839.6337890625], [-123.30436, 45.66037, -9346.767578125], [-123.30882, 45.66751, -9853.9013671875]]], [[[-123.31306, 45.67471, -7318.23193359375], [-123.31306, 45.67471, -8332.5], [-123.317, 45.682, -7825.36572265625], [-123.31306, 45.67471, -7318.23193359375]]], [[[-123.2153, 45.51868, -19519.052734375], [-123.21121, 45.51142, -19017.73046875], [-123.21127, 45.51154, -20053.61328125], [-123.2153, 45.51868, -19519.052734375]]], [[[-123.31306, 45.67471, -5289.6962890625], [-123.31306, 45.67471, -6303.96435546875], [-123.317, 45.682, -5796.830078125], [-123.31306, 45.67471, -5289.6962890625]]], [[[-123.22031, 45.52564, -19017.73046875], [-123.2153, 45.51868, -19519.052734375], [-123.21955, 45.52477, -19958.71875], [-123.22031, 45.52564, -19017.73046875]]], [[[-123.30882, 45.66751, -16953.775390625], [-123.30882, 45.66751, -17968.04296875], [-123.31306, 45.67471, -17460.908203125], [-123.30882, 45.66751, -16953.775390625]]], [[[-123.30436, 45.66037, -6303.96435546875], [-123.30436, 45.66037, -7318.23193359375], [-123.30882, 45.66751, -6811.09814453125], [-123.30436, 45.66037, -6303.96435546875]]], [[[-123.22716, 45.53316, -18845.859375], [-123.22031, 45.52564, -19017.73046875], [-123.22478, 45.53075, -19855.255859375], [-123.22716, 45.53316, -18845.859375]]], [[[-123.30433, 45.66032, -5281.412109375], [-123.30882, 45.66751, -5796.830078125], [-123.30882, 45.66751, -4782.5625], [-123.30433, 45.66032, -5281.412109375]]], [[[-123.22716, 45.53316, -18845.859375], [-123.22063, 45.526, -18058.92578125], [-123.22031, 45.52564, -19017.73046875], [-123.22716, 45.53316, -18845.859375]]], [[[-123.30878, 45.66746, -2729.54345703125], [-123.31284, 45.67431, -2208.20556640625], [-123.30793, 45.66608, -1583.012939453125], [-123.30878, 45.66746, -2729.54345703125]]], [[[-123.22633, 45.53233, -17601.392578125], [-123.22031, 45.52564, -17012.443359375], [-123.22063, 45.526, -18058.92578125], [-123.22633, 45.53233, -17601.392578125]]], [[[-123.31306, 45.67471, -11375.302734375], [-123.317, 45.682, -11882.4365234375], [-123.317, 45.682, -10868.1689453125], [-123.31306, 45.67471, -11375.302734375]]], [[[-123.22633, 45.53233, -17601.392578125], [-123.22625, 45.53225, -16511.123046875], [-123.22031, 45.52564, -17012.443359375], [-123.22633, 45.53233, -17601.392578125]]], [[[-123.30882, 45.66751, -3768.294921875], [-123.31306, 45.67471, -4275.4287109375], [-123.31306, 45.67471, -3261.160888671875], [-123.30882, 45.66751, -3768.294921875]]], [[[-123.30436, 45.66037, -10361.03515625], [-123.30882, 45.66751, -10868.1689453125], [-123.30882, 45.66751, -9853.9013671875], [-123.30436, 45.66037, -10361.03515625]]], [[[-123.23209, 45.53817, -17011.4140625], [-123.22633, 45.53233, -17601.392578125], [-123.23216, 45.5383, -18154.416015625], [-123.23209, 45.53817, -17011.4140625]]], [[[-123.30882, 45.66751, -8839.6337890625], [-123.31306, 45.67471, -8332.5], [-123.30882, 45.66751, -7825.36572265625], [-123.30882, 45.66751, -8839.6337890625]]], [[[-123.23216, 45.5383, -18154.416015625], [-123.23513, 45.54364, -17440.880859375], [-123.23209, 45.53817, -17011.4140625], [-123.23216, 45.5383, -18154.416015625]]], [[[-123.24165, 45.5532, -16486.974609375], [-123.23664, 45.54635, -15593.234375], [-123.23642, 45.54596, -16539.373046875], [-123.24165, 45.5532, -16486.974609375]]], [[[-123.27418, 45.61009, -11882.4365234375], [-123.27864, 45.61723, -11375.302734375], [-123.27418, 45.61009, -10868.1689453125], [-123.27418, 45.61009, -11882.4365234375]]], [[[-123.21215, 45.5133, -31066.46875], [-123.20973, 45.50845, -31838.3046875], [-123.21392, 45.51647, -31896.0234375], [-123.21215, 45.5133, -31066.46875]]], [[[-123.24165, 45.5532, -16486.974609375], [-123.24175, 45.55334, -15487.4130859375], [-123.23664, 45.54635, -15593.234375], [-123.24165, 45.5532, -16486.974609375]]], [[[-123.26143, 45.58686, -29858.646484375], [-123.25704, 45.57827, -29786.365234375], [-123.25903, 45.58207, -30687.7109375], [-123.26143, 45.58686, -29858.646484375]]], [[[-123.14506, 45.45739, -29549.76171875], [-123.13938, 45.45425, -29040.89453125], [-123.13849, 45.45366, -30256.357421875], [-123.14506, 45.45739, -29549.76171875]]], [[[-123.24175, 45.55334, -15487.4130859375], [-123.24165, 45.5532, -16486.974609375], [-123.24599, 45.55978, -16391.04296875], [-123.24175, 45.55334, -15487.4130859375]]], [[[-123.24599, 45.55978, -16391.04296875], [-123.24605, 45.55988, -15349.0185546875], [-123.24175, 45.55334, -15487.4130859375], [-123.24599, 45.55978, -16391.04296875]]], [[[-123.26593, 45.59428, -31652.8671875], [-123.26833, 45.599, -30811.775390625], [-123.2636, 45.59056, -30757.505859375], [-123.26593, 45.59428, -31652.8671875]]], [[[-123.24599, 45.55978, -16391.04296875], [-123.25019, 45.5665, -15939.5078125], [-123.24605, 45.55988, -15349.0185546875], [-123.24599, 45.55978, -16391.04296875]]], [[[-123.31306, 45.67471, -18475.17578125], [-123.317, 45.682, -18982.310546875], [-123.317, 45.682, -17968.04296875], [-123.31306, 45.67471, -18475.17578125]]], [[[-123.25173, 45.56897, -31467.017578125], [-123.25394, 45.5727, -32363.314453125], [-123.25654, 45.57737, -31529.755859375], [-123.25173, 45.56897, -31467.017578125]]], [[[-123.24599, 45.55978, -16391.04296875], [-123.24564, 45.55923, -17445.189453125], [-123.25016, 45.56645, -17010.93359375], [-123.24599, 45.55978, -16391.04296875]]], [[[-123.24165, 45.5532, -16486.974609375], [-123.24009, 45.55113, -17428.80078125], [-123.24564, 45.55923, -17445.189453125], [-123.24165, 45.5532, -16486.974609375]]], [[[-123.30981, 45.66909, -614.6045532226562], [-123.31242, 45.67355, 228.48851013183594], [-123.30739, 45.66522, 232.88177490234375], [-123.30981, 45.66909, -614.6045532226562]]], [[[-123.24165, 45.5532, -16486.974609375], [-123.23642, 45.54596, -16539.373046875], [-123.24009, 45.55113, -17428.80078125], [-123.24165, 45.5532, -16486.974609375]]], [[[-123.26665, 45.59545, -13910.9716796875], [-123.26665, 45.59545, -14925.2392578125], [-123.27005, 45.60286, -14418.10546875], [-123.26665, 45.59545, -13910.9716796875]]], [[[-123.25445, 45.57361, -30626.8671875], [-123.24942, 45.56527, -30562.107421875], [-123.25173, 45.56897, -31467.017578125], [-123.25445, 45.57361, -30626.8671875]]], [[[-123.26665, 45.59545, -17968.04296875], [-123.27005, 45.60286, -17460.908203125], [-123.26665, 45.59545, -16953.775390625], [-123.26665, 45.59545, -17968.04296875]]], [[[-123.24009, 45.55113, -17428.80078125], [-123.24312, 45.55519, -18319.439453125], [-123.24564, 45.55923, -17445.189453125], [-123.24009, 45.55113, -17428.80078125]]], [[[-123.24312, 45.55519, -18319.439453125], [-123.23686, 45.54674, -18269.802734375], [-123.23946, 45.55029, -19161.955078125], [-123.24312, 45.55519, -18319.439453125]]], [[[-123.30436, 45.66037, -14418.10546875], [-123.30882, 45.66751, -13910.9716796875], [-123.30436, 45.66037, -13403.837890625], [-123.30436, 45.66037, -14418.10546875]]], [[[-123.25016, 45.56645, -17010.93359375], [-123.24927, 45.56503, -18221.2734375], [-123.25427, 45.57329, -17504.56640625], [-123.25016, 45.56645, -17010.93359375]]], [[[-123.20644, 45.50444, -19519.052734375], [-123.20022, 45.49797, -19017.73046875], [-123.20022, 45.49797, -20020.375], [-123.20644, 45.50444, -19519.052734375]]], [[[-123.25016, 45.56645, -17010.93359375], [-123.25427, 45.57329, -17504.56640625], [-123.25449, 45.57369, -16446.640625], [-123.25016, 45.56645, -17010.93359375]]], [[[-123.26143, 45.58686, -29858.646484375], [-123.25903, 45.58207, -30687.7109375], [-123.2636, 45.59056, -30757.505859375], [-123.26143, 45.58686, -29858.646484375]]], [[[-123.2659, 45.59425, -21099.119140625], [-123.26995, 45.60265, -21584.998046875], [-123.26997, 45.60269, -20525.794921875], [-123.2659, 45.59425, -21099.119140625]]], [[[-123.25029, 45.56667, -14864.4296875], [-123.25019, 45.5665, -15939.5078125], [-123.25449, 45.57369, -15432.3740234375], [-123.25029, 45.56667, -14864.4296875]]], [[[-123.25903, 45.58207, -30687.7109375], [-123.25445, 45.57361, -30626.8671875], [-123.25654, 45.57737, -31529.755859375], [-123.25903, 45.58207, -30687.7109375]]], [[[-123.25029, 45.56667, -14864.4296875], [-123.24605, 45.55988, -15349.0185546875], [-123.25019, 45.5665, -15939.5078125], [-123.25029, 45.56667, -14864.4296875]]], [[[-123.27418, 45.61009, -18982.310546875], [-123.27005, 45.60286, -18475.17578125], [-123.27005, 45.60286, -19489.4453125], [-123.27418, 45.61009, -18982.310546875]]], [[[-123.24605, 45.55988, -15349.0185546875], [-123.25029, 45.56667, -14864.4296875], [-123.24673, 45.56096, -14330.828125], [-123.24605, 45.55988, -15349.0185546875]]], [[[-123.23241, 45.53873, -15007.1572265625], [-123.22625, 45.53225, -15508.478515625], [-123.23241, 45.53873, -16009.80078125], [-123.23241, 45.53873, -15007.1572265625]]], [[[-123.26593, 45.59428, -31652.8671875], [-123.26305, 45.58968, -32485.798828125], [-123.26792, 45.59808, -32548.6328125], [-123.26593, 45.59428, -31652.8671875]]], [[[-123.22625, 45.53225, -16511.123046875], [-123.22625, 45.53225, -15508.478515625], [-123.22031, 45.52564, -16009.80078125], [-123.22625, 45.53225, -16511.123046875]]], [[[-123.22625, 45.53225, -16511.123046875], [-123.23241, 45.53873, -16009.80078125], [-123.22625, 45.53225, -15508.478515625], [-123.22625, 45.53225, -16511.123046875]]], [[[-123.2153, 45.51868, -16511.123046875], [-123.22031, 45.52564, -16009.80078125], [-123.2153, 45.51868, -15508.478515625], [-123.2153, 45.51868, -16511.123046875]]], [[[-123.31284, 45.67431, -2208.20556640625], [-123.317, 45.682, -2754.027099609375], [-123.317, 45.682, -1739.7593994140625], [-123.31284, 45.67431, -2208.20556640625]]], [[[-123.3, 45.6532, -12896.7041015625], [-123.29596, 45.64594, -12389.5703125], [-123.29596, 45.64594, -13403.837890625], [-123.3, 45.6532, -12896.7041015625]]], [[[-123.2153, 45.51868, -16511.123046875], [-123.2153, 45.51868, -15508.478515625], [-123.21121, 45.51142, -16009.80078125], [-123.2153, 45.51868, -16511.123046875]]], [[[-123.30882, 45.66751, -8839.6337890625], [-123.31306, 45.67471, -9346.767578125], [-123.31306, 45.67471, -8332.5], [-123.30882, 45.66751, -8839.6337890625]]], [[[-123.22063, 45.526, -18058.92578125], [-123.2153, 45.51868, -17513.765625], [-123.2153, 45.51868, -18516.408203125], [-123.22063, 45.526, -18058.92578125]]], [[[-123.22702, 45.53302, -8454.09765625], [-123.23081, 45.53681, -7585.6494140625], [-123.22333, 45.52909, -7590.51416015625], [-123.22702, 45.53302, -8454.09765625]]], [[[-123.14885, 45.45911, -25534.9140625], [-123.13986, 45.45457, -25033.591796875], [-123.13986, 45.45457, -26036.236328125], [-123.14885, 45.45911, -25534.9140625]]], [[[-123.22063, 45.526, -18058.92578125], [-123.2153, 45.51868, -18516.408203125], [-123.22031, 45.52564, -19017.73046875], [-123.22063, 45.526, -18058.92578125]]], [[[-123.26833, 45.599, -30811.775390625], [-123.26593, 45.59428, -31652.8671875], [-123.27005, 45.60286, -31714.783203125], [-123.26833, 45.599, -30811.775390625]]], [[[-123.26685, 45.59576, -22130.7109375], [-123.26393, 45.5911, -22927.919921875], [-123.26936, 45.60132, -22818.744140625], [-123.26685, 45.59576, -22130.7109375]]], [[[-123.2153, 45.51868, -18516.408203125], [-123.2153, 45.51868, -17513.765625], [-123.21121, 45.51142, -18015.087890625], [-123.2153, 45.51868, -18516.408203125]]], [[[-123.26665, 45.59545, -14925.2392578125], [-123.26665, 45.59545, -15939.5078125], [-123.27005, 45.60286, -15432.3740234375], [-123.26665, 45.59545, -14925.2392578125]]], [[[-123.2153, 45.51868, -18516.408203125], [-123.21121, 45.51142, -18015.087890625], [-123.21121, 45.51142, -19017.73046875], [-123.2153, 45.51868, -18516.408203125]]], [[[-123.30882, 45.66751, -16953.775390625], [-123.31306, 45.67471, -17460.908203125], [-123.31306, 45.67471, -16446.640625], [-123.30882, 45.66751, -16953.775390625]]], [[[-123.21121, 45.51142, -18015.087890625], [-123.20644, 45.50444, -18516.408203125], [-123.21121, 45.51142, -19017.73046875], [-123.21121, 45.51142, -18015.087890625]]], [[[-123.2659, 45.59425, -21099.119140625], [-123.26685, 45.59576, -22130.7109375], [-123.26995, 45.60265, -21584.998046875], [-123.2659, 45.59425, -21099.119140625]]], [[[-123.20644, 45.50444, -18516.408203125], [-123.21121, 45.51142, -18015.087890625], [-123.20644, 45.50444, -17513.765625], [-123.20644, 45.50444, -18516.408203125]]], [[[-123.30882, 45.66751, -12896.7041015625], [-123.30882, 45.66751, -13910.9716796875], [-123.31306, 45.67471, -13403.837890625], [-123.30882, 45.66751, -12896.7041015625]]], [[[-123.26095, 45.5859, -31590.951171875], [-123.26305, 45.58968, -32485.798828125], [-123.26593, 45.59428, -31652.8671875], [-123.26095, 45.5859, -31590.951171875]]], [[[-123.31306, 45.67471, -15432.3740234375], [-123.317, 45.682, -15939.5078125], [-123.317, 45.682, -14925.2392578125], [-123.31306, 45.67471, -15432.3740234375]]], [[[-123.20644, 45.50444, -18516.408203125], [-123.20644, 45.50444, -17513.765625], [-123.20022, 45.49797, -18015.087890625], [-123.20644, 45.50444, -18516.408203125]]], [[[-123.20644, 45.50444, -18516.408203125], [-123.20022, 45.49797, -18015.087890625], [-123.20022, 45.49797, -19017.73046875], [-123.20644, 45.50444, -18516.408203125]]], [[[-123.30882, 45.66751, -12896.7041015625], [-123.31306, 45.67471, -13403.837890625], [-123.31306, 45.67471, -12389.5703125], [-123.30882, 45.66751, -12896.7041015625]]], [[[-123.20644, 45.50444, -19519.052734375], [-123.20644, 45.50444, -18516.408203125], [-123.20022, 45.49797, -19017.73046875], [-123.20644, 45.50444, -19519.052734375]]], [[[-123.27418, 45.61009, -17968.04296875], [-123.27864, 45.61723, -18475.17578125], [-123.27864, 45.61723, -17460.908203125], [-123.27418, 45.61009, -17968.04296875]]], [[[-123.21121, 45.51142, -19017.73046875], [-123.20644, 45.50444, -18516.408203125], [-123.20644, 45.50444, -19519.052734375], [-123.21121, 45.51142, -19017.73046875]]], [[[-123.26665, 45.59545, -17968.04296875], [-123.27005, 45.60286, -18475.17578125], [-123.27005, 45.60286, -17460.908203125], [-123.26665, 45.59545, -17968.04296875]]], [[[-123.25654, 45.57737, -31529.755859375], [-123.25394, 45.5727, -32363.314453125], [-123.25859, 45.58117, -32425.017578125], [-123.25654, 45.57737, -31529.755859375]]], [[[-123.30882, 45.66751, -9853.9013671875], [-123.31306, 45.67471, -10361.03515625], [-123.31306, 45.67471, -9346.767578125], [-123.30882, 45.66751, -9853.9013671875]]], [[[-123.21121, 45.51142, -19017.73046875], [-123.20644, 45.50444, -19519.052734375], [-123.21127, 45.51154, -20053.61328125], [-123.21121, 45.51142, -19017.73046875]]], [[[-123.20653, 45.50453, -20531.19921875], [-123.21127, 45.51154, -20053.61328125], [-123.20644, 45.50444, -19519.052734375], [-123.20653, 45.50453, -20531.19921875]]], [[[-123.21127, 45.51154, -20053.61328125], [-123.20653, 45.50453, -20531.19921875], [-123.21158, 45.51216, -21178.51953125], [-123.21127, 45.51154, -20053.61328125]]], [[[-123.27418, 45.61009, -21010.845703125], [-123.26997, 45.60269, -20525.794921875], [-123.26995, 45.60265, -21584.998046875], [-123.27418, 45.61009, -21010.845703125]]], [[[-123.20653, 45.50453, -20531.19921875], [-123.20644, 45.50444, -19519.052734375], [-123.20022, 45.49797, -20020.375], [-123.20653, 45.50453, -20531.19921875]]], [[[-123.20653, 45.50453, -20531.19921875], [-123.20022, 45.49797, -20020.375], [-123.20023, 45.49798, -21030.228515625], [-123.20653, 45.50453, -20531.19921875]]], [[[-123.31306, 45.67471, -15432.3740234375], [-123.31306, 45.67471, -16446.640625], [-123.317, 45.682, -15939.5078125], [-123.31306, 45.67471, -15432.3740234375]]], [[[-123.20022, 45.49797, -20020.375], [-123.19446, 45.49129, -20521.6953125], [-123.20023, 45.49798, -21030.228515625], [-123.20022, 45.49797, -20020.375]]], [[[-123.30882, 45.66751, -11882.4365234375], [-123.31306, 45.67471, -12389.5703125], [-123.31306, 45.67471, -11375.302734375], [-123.30882, 45.66751, -11882.4365234375]]], [[[-123.20022, 45.49797, -20020.375], [-123.19446, 45.49129, -19519.052734375], [-123.19446, 45.49129, -20521.6953125], [-123.20022, 45.49797, -20020.375]]], [[[-123.2829, 45.62443, -21010.845703125], [-123.27864, 45.61723, -20503.712890625], [-123.27864, 45.61723, -21517.98046875], [-123.2829, 45.62443, -21010.845703125]]], [[[-123.20022, 45.49797, -19017.73046875], [-123.19446, 45.49129, -19519.052734375], [-123.20022, 45.49797, -20020.375], [-123.20022, 45.49797, -19017.73046875]]], [[[-123.26219, 45.5883, -12382.583984375], [-123.26665, 45.59545, -12896.7041015625], [-123.26655, 45.59529, -11869.3935546875], [-123.26219, 45.5883, -12382.583984375]]], [[[-123.19446, 45.49129, -19519.052734375], [-123.20022, 45.49797, -19017.73046875], [-123.19446, 45.49129, -18516.408203125], [-123.19446, 45.49129, -19519.052734375]]], [[[-123.28025, 45.6198, -5830.09912109375], [-123.28251, 45.62373, -4954.71923828125], [-123.27798, 45.61618, -4920.43408203125], [-123.28025, 45.6198, -5830.09912109375]]], [[[-123.19446, 45.49129, -19519.052734375], [-123.19446, 45.49129, -18516.408203125], [-123.18928, 45.48437, -19017.73046875], [-123.19446, 45.49129, -19519.052734375]]], [[[-123.3, 45.6532, -17968.04296875], [-123.30436, 45.66037, -17460.908203125], [-123.3, 45.6532, -16953.775390625], [-123.3, 45.6532, -17968.04296875]]], [[[-123.19446, 45.49129, -19519.052734375], [-123.18928, 45.48437, -19017.73046875], [-123.18928, 45.48437, -20020.375], [-123.19446, 45.49129, -19519.052734375]]], [[[-123.27864, 45.61723, -12389.5703125], [-123.27864, 45.61723, -13403.837890625], [-123.2829, 45.62443, -12896.7041015625], [-123.27864, 45.61723, -12389.5703125]]], [[[-123.19446, 45.49129, -20521.6953125], [-123.19446, 45.49129, -19519.052734375], [-123.18928, 45.48437, -20020.375], [-123.19446, 45.49129, -20521.6953125]]], [[[-123.19446, 45.49129, -20521.6953125], [-123.18928, 45.48437, -20020.375], [-123.18928, 45.48437, -21023.017578125], [-123.19446, 45.49129, -20521.6953125]]], [[[-123.30882, 45.66751, -16953.775390625], [-123.31306, 45.67471, -16446.640625], [-123.30882, 45.66751, -15939.5078125], [-123.30882, 45.66751, -16953.775390625]]], [[[-123.1946, 45.49147, -21546.369140625], [-123.19446, 45.49129, -20521.6953125], [-123.18928, 45.48437, -21023.017578125], [-123.1946, 45.49147, -21546.369140625]]], [[[-123.1946, 45.49147, -21546.369140625], [-123.20023, 45.49798, -21030.228515625], [-123.19446, 45.49129, -20521.6953125], [-123.1946, 45.49147, -21546.369140625]]], [[[-123.22031, 45.52564, -14004.513671875], [-123.2263, 45.5323, -14501.662109375], [-123.22625, 45.53225, -13503.19140625], [-123.22031, 45.52564, -14004.513671875]]], [[[-123.20023, 45.49798, -21030.228515625], [-123.1946, 45.49147, -21546.369140625], [-123.20117, 45.49905, -22138.546875], [-123.20023, 45.49798, -21030.228515625]]], [[[-123.27418, 45.61009, -16953.775390625], [-123.27864, 45.61723, -17460.908203125], [-123.27864, 45.61723, -16446.640625], [-123.27418, 45.61009, -16953.775390625]]], [[[-123.19447, 45.49129, -22574.80859375], [-123.20117, 45.49905, -22138.546875], [-123.1946, 45.49147, -21546.369140625], [-123.19447, 45.49129, -22574.80859375]]], [[[-123.3, 45.6532, -12896.7041015625], [-123.30436, 45.66037, -13403.837890625], [-123.30436, 45.66037, -12389.5703125], [-123.3, 45.6532, -12896.7041015625]]], [[[-123.19447, 45.49129, -22574.80859375], [-123.1946, 45.49147, -21546.369140625], [-123.1893, 45.48439, -22040.0703125], [-123.19447, 45.49129, -22574.80859375]]], [[[-123.27271, 45.60773, -6619.109375], [-123.27538, 45.61201, -5760.478515625], [-123.27023, 45.60327, -5768.7099609375], [-123.27271, 45.60773, -6619.109375]]], [[[-123.19447, 45.49129, -22574.80859375], [-123.1893, 45.48439, -22040.0703125], [-123.18948, 45.48464, -23153.001953125], [-123.19447, 45.49129, -22574.80859375]]], [[[-123.20644, 45.50444, -14505.8349609375], [-123.21121, 45.51142, -14004.513671875], [-123.20644, 45.50444, -13503.19140625], [-123.20644, 45.50444, -14505.8349609375]]], [[[-123.1893, 45.48439, -22040.0703125], [-123.18409, 45.47746, -22526.982421875], [-123.18948, 45.48464, -23153.001953125], [-123.1893, 45.48439, -22040.0703125]]], [[[-123.26665, 45.59545, -12896.7041015625], [-123.27005, 45.60286, -13403.837890625], [-123.27005, 45.60286, -12389.5703125], [-123.26665, 45.59545, -12896.7041015625]]], [[[-123.1893, 45.48439, -22040.0703125], [-123.18409, 45.47746, -21524.33984375], [-123.18409, 45.47746, -22526.982421875], [-123.1893, 45.48439, -22040.0703125]]], [[[-123.30882, 45.66751, -12896.7041015625], [-123.31306, 45.67471, -12389.5703125], [-123.30882, 45.66751, -11882.4365234375], [-123.30882, 45.66751, -12896.7041015625]]], [[[-123.18928, 45.48437, -21023.017578125], [-123.18409, 45.47746, -21524.33984375], [-123.1893, 45.48439, -22040.0703125], [-123.18928, 45.48437, -21023.017578125]]], [[[-123.30436, 45.66037, -17460.908203125], [-123.30436, 45.66037, -18475.17578125], [-123.30882, 45.66751, -17968.04296875], [-123.30436, 45.66037, -17460.908203125]]], [[[-123.18409, 45.47746, -21524.33984375], [-123.18928, 45.48437, -21023.017578125], [-123.18409, 45.47746, -20521.6953125], [-123.18409, 45.47746, -21524.33984375]]], [[[-123.30882, 45.66751, -12896.7041015625], [-123.30436, 45.66037, -13403.837890625], [-123.30882, 45.66751, -13910.9716796875], [-123.30882, 45.66751, -12896.7041015625]]], [[[-123.18409, 45.47746, -21524.33984375], [-123.18409, 45.47746, -20521.6953125], [-123.17664, 45.47176, -21023.017578125], [-123.18409, 45.47746, -21524.33984375]]], [[[-123.22822, 45.53422, -26861.853515625], [-123.22109, 45.52653, -26801.099609375], [-123.22417, 45.53006, -27694.728515625], [-123.22822, 45.53422, -26861.853515625]]], [[[-123.3, 45.6532, -26082.185546875], [-123.30436, 45.66037, -26589.318359375], [-123.30436, 45.66037, -25575.05078125], [-123.3, 45.6532, -26082.185546875]]], [[[-123.18409, 45.47746, -21524.33984375], [-123.17664, 45.47176, -21023.017578125], [-123.17664, 45.47176, -22025.662109375], [-123.18409, 45.47746, -21524.33984375]]], [[[-123.31306, 45.67471, -26589.318359375], [-123.31306, 45.67471, -27603.5859375], [-123.317, 45.682, -27096.453125], [-123.31306, 45.67471, -26589.318359375]]], [[[-123.15857, 45.46286, -7988.65234375], [-123.14885, 45.45911, -8489.9736328125], [-123.15857, 45.46286, -8991.2958984375], [-123.15857, 45.46286, -7988.65234375]]], [[[-123.18409, 45.47746, -22526.982421875], [-123.18409, 45.47746, -21524.33984375], [-123.17664, 45.47176, -22025.662109375], [-123.18409, 45.47746, -22526.982421875]]], [[[-123.20022, 45.49797, -10996.5830078125], [-123.19446, 45.49129, -10495.2607421875], [-123.19446, 45.49129, -11497.904296875], [-123.20022, 45.49797, -10996.5830078125]]], [[[-123.16814, 45.46674, -10495.2607421875], [-123.16814, 45.46674, -9492.6171875], [-123.15857, 45.46286, -9993.939453125], [-123.16814, 45.46674, -10495.2607421875]]], [[[-123.17664, 45.47176, -9993.939453125], [-123.16814, 45.46674, -9492.6171875], [-123.16814, 45.46674, -10495.2607421875], [-123.17664, 45.47176, -9993.939453125]]], [[[-123.19529, 45.49233, -25570.6953125], [-123.19886, 45.49641, -26553.248046875], [-123.20249, 45.50049, -25713.466796875], [-123.19529, 45.49233, -25570.6953125]]], [[[-123.18409, 45.47746, -22526.982421875], [-123.17664, 45.47176, -22025.662109375], [-123.17664, 45.47176, -23028.3046875], [-123.18409, 45.47746, -22526.982421875]]], [[[-123.18456, 45.47808, -23613.419921875], [-123.18409, 45.47746, -22526.982421875], [-123.17664, 45.47176, -23028.3046875], [-123.18456, 45.47808, -23613.419921875]]], [[[-123.24122, 45.55263, -9313.94140625], [-123.2465, 45.5606, -9281.84765625], [-123.24384, 45.55634, -8429.861328125], [-123.24122, 45.55263, -9313.94140625]]], [[[-123.17664, 45.47176, -9993.939453125], [-123.16814, 45.46674, -10495.2607421875], [-123.17664, 45.47176, -10996.5830078125], [-123.17664, 45.47176, -9993.939453125]]], [[[-123.18456, 45.47808, -23613.419921875], [-123.18948, 45.48464, -23153.001953125], [-123.18409, 45.47746, -22526.982421875], [-123.18456, 45.47808, -23613.419921875]]], [[[-123.21214, 45.51327, -9311.2177734375], [-123.21701, 45.52141, -9316.6591796875], [-123.21461, 45.51758, -8441.4638671875], [-123.21214, 45.51327, -9311.2177734375]]], [[[-123.18948, 45.48464, -23153.001953125], [-123.18456, 45.47808, -23613.419921875], [-123.19063, 45.48617, -24467.21875], [-123.18948, 45.48464, -23153.001953125]]], [[[-123.30882, 45.66751, -9853.9013671875], [-123.30882, 45.66751, -10868.1689453125], [-123.31306, 45.67471, -10361.03515625], [-123.30882, 45.66751, -9853.9013671875]]], [[[-123.18456, 45.47808, -23613.419921875], [-123.17664, 45.47176, -23028.3046875], [-123.17664, 45.47176, -24030.94921875], [-123.18456, 45.47808, -23613.419921875]]], [[[-123.20249, 45.50049, -25713.466796875], [-123.19886, 45.49641, -26553.248046875], [-123.20593, 45.50393, -26628.619140625], [-123.20249, 45.50049, -25713.466796875]]], [[[-123.17664, 45.47176, -23028.3046875], [-123.16814, 45.46674, -23529.626953125], [-123.17664, 45.47176, -24030.94921875], [-123.17664, 45.47176, -23028.3046875]]], [[[-123.2102, 45.50941, -10076.1005859375], [-123.21137, 45.51174, -10990.734375], [-123.21458, 45.51752, -10194.548828125], [-123.2102, 45.50941, -10076.1005859375]]], [[[-123.16814, 45.46674, -23529.626953125], [-123.17664, 45.47176, -23028.3046875], [-123.16814, 45.46674, -22526.982421875], [-123.16814, 45.46674, -23529.626953125]]], [[[-123.20636, 45.50436, -9363.494140625], [-123.21214, 45.51327, -9311.2177734375], [-123.2099, 45.50879, -8457.978515625], [-123.20636, 45.50436, -9363.494140625]]], [[[-123.24363, 45.55601, -24413.720703125], [-123.24051, 45.55168, -25246.7265625], [-123.24583, 45.55953, -25309.16015625], [-123.24363, 45.55601, -24413.720703125]]], [[[-123.16814, 45.46674, -23529.626953125], [-123.16814, 45.46674, -22526.982421875], [-123.15857, 45.46286, -23028.3046875], [-123.16814, 45.46674, -23529.626953125]]], [[[-123.21479, 45.51786, -28483.3125], [-123.21237, 45.51374, -29323.93359375], [-123.21701, 45.52142, -29364.91015625], [-123.21479, 45.51786, -28483.3125]]], [[[-123.17664, 45.47176, -10996.5830078125], [-123.16814, 45.46674, -11497.904296875], [-123.17664, 45.47176, -11999.2265625], [-123.17664, 45.47176, -10996.5830078125]]], [[[-123.16814, 45.46674, -23529.626953125], [-123.15857, 45.46286, -23028.3046875], [-123.15857, 45.46286, -24030.94921875], [-123.16814, 45.46674, -23529.626953125]]], [[[-123.21461, 45.51758, -8441.4638671875], [-123.21717, 45.52167, -7579.12939453125], [-123.21251, 45.51402, -7540.6767578125], [-123.21461, 45.51758, -8441.4638671875]]], [[[-123.17664, 45.47176, -8991.2958984375], [-123.16814, 45.46674, -8489.9736328125], [-123.16814, 45.46674, -9492.6171875], [-123.17664, 45.47176, -8991.2958984375]]], [[[-123.16814, 45.46674, -24532.26953125], [-123.16814, 45.46674, -23529.626953125], [-123.15857, 45.46286, -24030.94921875], [-123.16814, 45.46674, -24532.26953125]]], [[[-123.24413, 45.55681, -10163.4521484375], [-123.24122, 45.55263, -9313.94140625], [-123.23844, 45.54892, -10194.9443359375], [-123.24413, 45.55681, -10163.4521484375]]], [[[-123.26058, 45.58516, -25490.869140625], [-123.25815, 45.58029, -26320.388671875], [-123.2625, 45.5888, -26401.595703125], [-123.26058, 45.58516, -25490.869140625]]], [[[-123.17664, 45.47176, -24030.94921875], [-123.16814, 45.46674, -23529.626953125], [-123.16814, 45.46674, -24532.26953125], [-123.17664, 45.47176, -24030.94921875]]], [[[-123.19134, 45.48712, -28164.466796875], [-123.18798, 45.48264, -28997.103515625], [-123.19397, 45.49062, -29068.0234375], [-123.19134, 45.48712, -28164.466796875]]], [[[-123.18422, 45.47763, -7394.81494140625], [-123.18524, 45.47899, -6152.42041015625], [-123.17719, 45.47212, -6927.09619140625], [-123.18422, 45.47763, -7394.81494140625]]], [[[-123.17664, 45.47176, -24030.94921875], [-123.16814, 45.46674, -24532.26953125], [-123.17649, 45.47166, -25040.8828125], [-123.17664, 45.47176, -24030.94921875]]], [[[-123.21624, 45.52019, -24985.630859375], [-123.21145, 45.51191, -24916.8515625], [-123.21334, 45.51554, -25806.34765625], [-123.21624, 45.52019, -24985.630859375]]], [[[-123.22684, 45.53284, -6734.47607421875], [-123.22355, 45.52935, -5852.91650390625], [-123.22022, 45.52554, -6714.86083984375], [-123.22684, 45.53284, -6734.47607421875]]], [[[-123.16814, 45.46674, -24532.26953125], [-123.15857, 45.46286, -24030.94921875], [-123.15857, 45.46286, -25033.591796875], [-123.16814, 45.46674, -24532.26953125]]], [[[-123.21214, 45.51327, -9311.2177734375], [-123.21458, 45.51752, -10194.548828125], [-123.21701, 45.52141, -9316.6591796875], [-123.21214, 45.51327, -9311.2177734375]]], [[[-123.16814, 45.46674, -7487.33056640625], [-123.17719, 45.47212, -6927.09619140625], [-123.16814, 45.46674, -6484.68701171875], [-123.16814, 45.46674, -7487.33056640625]]], [[[-123.20397, 45.50197, -6686.59326171875], [-123.19986, 45.49756, -5867.65576171875], [-123.19643, 45.49364, -6742.55078125], [-123.20397, 45.50197, -6686.59326171875]]], [[[-123.16783, 45.46657, -27897.326171875], [-123.1617, 45.4639, -28781.93359375], [-123.17221, 45.469, -28838.201171875], [-123.16783, 45.46657, -27897.326171875]]], [[[-123.15857, 45.46286, -24030.94921875], [-123.14885, 45.45911, -24532.26953125], [-123.15857, 45.46286, -25033.591796875], [-123.15857, 45.46286, -24030.94921875]]], [[[-123.14885, 45.45911, -24532.26953125], [-123.15857, 45.46286, -24030.94921875], [-123.14885, 45.45911, -23529.626953125], [-123.14885, 45.45911, -24532.26953125]]], [[[-123.31323, 45.67501, -31612.08203125], [-123.317, 45.682, -32167.791015625], [-123.317, 45.682, -31153.5234375], [-123.31323, 45.67501, -31612.08203125]]], [[[-123.25702, 45.57824, -21975.05078125], [-123.25439, 45.5735, -22806.97265625], [-123.25904, 45.58208, -22871.69921875], [-123.25702, 45.57824, -21975.05078125]]], [[[-123.14885, 45.45911, -24532.26953125], [-123.14885, 45.45911, -23529.626953125], [-123.13986, 45.45457, -24030.94921875], [-123.14885, 45.45911, -24532.26953125]]], [[[-123.19446, 45.49129, -12500.5478515625], [-123.20022, 45.49797, -11999.2265625], [-123.19446, 45.49129, -11497.904296875], [-123.19446, 45.49129, -12500.5478515625]]], [[[-123.25904, 45.58208, -22871.69921875], [-123.2565, 45.57729, -23706.888671875], [-123.26103, 45.58606, -23765.7734375], [-123.25904, 45.58208, -22871.69921875]]], [[[-123.14885, 45.45911, -24532.26953125], [-123.13986, 45.45457, -24030.94921875], [-123.13986, 45.45457, -25033.591796875], [-123.14885, 45.45911, -24532.26953125]]], [[[-123.2915, 45.6388, -14925.2392578125], [-123.2915, 45.6388, -15939.5078125], [-123.29596, 45.64594, -15432.3740234375], [-123.2915, 45.6388, -14925.2392578125]]], [[[-123.24583, 45.55953, -25309.16015625], [-123.24306, 45.5551, -26145.80078125], [-123.24809, 45.56315, -26201.734375], [-123.24583, 45.55953, -25309.16015625]]], [[[-123.14885, 45.45911, -25534.9140625], [-123.14885, 45.45911, -24532.26953125], [-123.13986, 45.45457, -25033.591796875], [-123.14885, 45.45911, -25534.9140625]]], [[[-123.25888, 45.58177, -10129.896484375], [-123.26092, 45.58584, -9196.2626953125], [-123.25629, 45.57693, -9194.7158203125], [-123.25888, 45.58177, -10129.896484375]]], [[[-123.16814, 45.46674, -11497.904296875], [-123.15857, 45.46286, -10996.5830078125], [-123.15857, 45.46286, -11999.2265625], [-123.16814, 45.46674, -11497.904296875]]], [[[-123.20604, 45.50404, -10498.9326171875], [-123.20033, 45.49809, -9894.591796875], [-123.20022, 45.49797, -10996.5830078125], [-123.20604, 45.50404, -10498.9326171875]]], [[[-123.15857, 45.46286, -25033.591796875], [-123.14885, 45.45911, -24532.26953125], [-123.14885, 45.45911, -25534.9140625], [-123.15857, 45.46286, -25033.591796875]]], [[[-123.1894, 45.48453, -6868.27734375], [-123.19255, 45.48873, -5957.65869140625], [-123.18524, 45.47899, -6152.42041015625], [-123.1894, 45.48453, -6868.27734375]]], [[[-123.21536, 45.51877, -26747.693359375], [-123.21135, 45.51171, -26698.595703125], [-123.21293, 45.51485, -27593.845703125], [-123.21536, 45.51877, -26747.693359375]]], [[[-123.15857, 45.46286, -25033.591796875], [-123.14885, 45.45911, -25534.9140625], [-123.15929, 45.4631, -26097.900390625], [-123.15857, 45.46286, -25033.591796875]]], [[[-123.30793, 45.66608, -1583.012939453125], [-123.30487, 45.66119, -646.3900146484375], [-123.30222, 45.65695, -1504.4112548828125], [-123.30793, 45.66608, -1583.012939453125]]], [[[-123.14885, 45.45911, -26537.556640625], [-123.15929, 45.4631, -26097.900390625], [-123.14885, 45.45911, -25534.9140625], [-123.14885, 45.45911, -26537.556640625]]], [[[-123.30882, 45.66751, -3768.294921875], [-123.31306, 45.67471, -3261.160888671875], [-123.30878, 45.66746, -2729.54345703125], [-123.30882, 45.66751, -3768.294921875]]], [[[-123.15929, 45.4631, -26097.900390625], [-123.14885, 45.45911, -26537.556640625], [-123.15905, 45.46302, -27071.625], [-123.15929, 45.4631, -26097.900390625]]], [[[-123.22005, 45.52535, -8460.126953125], [-123.22333, 45.52909, -7590.51416015625], [-123.21717, 45.52167, -7579.12939453125], [-123.22005, 45.52535, -8460.126953125]]], [[[-123.1894, 45.48453, -6868.27734375], [-123.18524, 45.47899, -6152.42041015625], [-123.18422, 45.47763, -7394.81494140625], [-123.1894, 45.48453, -6868.27734375]]], [[[-123.26314, 45.58982, -24665.357421875], [-123.26058, 45.58516, -25490.869140625], [-123.26531, 45.59329, -25566.701171875], [-123.26314, 45.58982, -24665.357421875]]], [[[-123.24401, 45.55661, -22685.791015625], [-123.2409, 45.5522, -23526.044921875], [-123.24639, 45.56043, -23575.517578125], [-123.24401, 45.55661, -22685.791015625]]], [[[-123.14885, 45.45911, -26537.556640625], [-123.14885, 45.45911, -25534.9140625], [-123.13986, 45.45457, -26036.236328125], [-123.14885, 45.45911, -26537.556640625]]], [[[-123.14885, 45.45911, -26537.556640625], [-123.13986, 45.45457, -26036.236328125], [-123.13986, 45.45457, -27038.87890625], [-123.14885, 45.45911, -26537.556640625]]], [[[-123.19763, 45.49501, -28229.78125], [-123.19397, 45.49062, -29068.0234375], [-123.20063, 45.49844, -29131.6015625], [-123.19763, 45.49501, -28229.78125]]], [[[-123.24147, 45.55296, -21790.49609375], [-123.23581, 45.54486, -21731.607421875], [-123.23819, 45.54858, -22630.2265625], [-123.24147, 45.55296, -21790.49609375]]], [[[-123.13986, 45.45457, -26036.236328125], [-123.13196, 45.44909, -26537.556640625], [-123.13986, 45.45457, -27038.87890625], [-123.13986, 45.45457, -26036.236328125]]], [[[-123.13196, 45.44909, -26537.556640625], [-123.13986, 45.45457, -26036.236328125], [-123.13196, 45.44909, -25534.9140625], [-123.13196, 45.44909, -26537.556640625]]], [[[-123.13196, 45.44909, -26537.556640625], [-123.13196, 45.44909, -25534.9140625], [-123.125, 45.443, -26036.236328125], [-123.13196, 45.44909, -26537.556640625]]], [[[-123.20593, 45.50393, -26628.619140625], [-123.19886, 45.49641, -26553.248046875], [-123.20196, 45.49996, -27466.921875], [-123.20593, 45.50393, -26628.619140625]]], [[[-123.24809, 45.56315, -26201.734375], [-123.24527, 45.55864, -27042.029296875], [-123.25047, 45.56696, -27091.421875], [-123.24809, 45.56315, -26201.734375]]], [[[-123.13196, 45.44909, -26537.556640625], [-123.125, 45.443, -26036.236328125], [-123.125, 45.443, -27038.87890625], [-123.13196, 45.44909, -26537.556640625]]], [[[-123.21154, 45.51208, -11941.3095703125], [-123.20644, 45.50444, -11497.904296875], [-123.20644, 45.50444, -12500.5478515625], [-123.21154, 45.51208, -11941.3095703125]]], [[[-123.24809, 45.56315, -26201.734375], [-123.24306, 45.5551, -26145.80078125], [-123.24527, 45.55864, -27042.029296875], [-123.24809, 45.56315, -26201.734375]]], [[[-123.13196, 45.44909, -25534.9140625], [-123.125, 45.443, -25033.591796875], [-123.125, 45.443, -26036.236328125], [-123.13196, 45.44909, -25534.9140625]]], [[[-123.22689, 45.53289, -30303.70703125], [-123.22373, 45.52955, -29404.111328125], [-123.22, 45.52528, -30240.072265625], [-123.22689, 45.53289, -30303.70703125]]], [[[-123.22695, 45.53295, -4982.23193359375], [-123.22407, 45.52994, -4073.86669921875], [-123.22082, 45.52623, -4945.48193359375], [-123.22695, 45.53295, -4982.23193359375]]], [[[-123.13196, 45.44909, -25534.9140625], [-123.13196, 45.44909, -24532.26953125], [-123.125, 45.443, -25033.591796875], [-123.13196, 45.44909, -25534.9140625]]], [[[-123.22417, 45.53006, -27694.728515625], [-123.22774, 45.53374, -28568.0390625], [-123.23185, 45.53785, -27735.99609375], [-123.22417, 45.53006, -27694.728515625]]], [[[-123.24384, 45.55634, -8429.861328125], [-123.24112, 45.5525, -7557.2177734375], [-123.23837, 45.54882, -8439.6708984375], [-123.24384, 45.55634, -8429.861328125]]], [[[-123.13986, 45.45457, -25033.591796875], [-123.13196, 45.44909, -24532.26953125], [-123.13196, 45.44909, -25534.9140625], [-123.13986, 45.45457, -25033.591796875]]], [[[-123.23576, 45.54478, -11052.46875], [-123.24154, 45.55305, -11044.7802734375], [-123.23844, 45.54892, -10194.9443359375], [-123.23576, 45.54478, -11052.46875]]], [[[-123.26003, 45.58407, -27224.869140625], [-123.25761, 45.57929, -28058.91015625], [-123.2619, 45.58781, -28129.767578125], [-123.26003, 45.58407, -27224.869140625]]], [[[-123.13986, 45.45457, -24030.94921875], [-123.13196, 45.44909, -24532.26953125], [-123.13986, 45.45457, -25033.591796875], [-123.13986, 45.45457, -24030.94921875]]], [[[-123.22109, 45.52653, -26801.099609375], [-123.2175, 45.52219, -27636.716796875], [-123.22417, 45.53006, -27694.728515625], [-123.22109, 45.52653, -26801.099609375]]], [[[-123.25384, 45.57251, -24531.447265625], [-123.25101, 45.56782, -25366.3203125], [-123.25601, 45.57642, -25425.76171875], [-123.25384, 45.57251, -24531.447265625]]], [[[-123.13986, 45.45457, -24030.94921875], [-123.13196, 45.44909, -23529.626953125], [-123.13196, 45.44909, -24532.26953125], [-123.13986, 45.45457, -24030.94921875]]], [[[-123.25679, 45.57783, -10953.8564453125], [-123.26173, 45.58745, -11217.6826171875], [-123.25888, 45.58177, -10129.896484375], [-123.25679, 45.57783, -10953.8564453125]]], [[[-123.23537, 45.54407, -23471.259765625], [-123.22978, 45.53578, -23405.158203125], [-123.23273, 45.53932, -24302.119140625], [-123.23537, 45.54407, -23471.259765625]]], [[[-123.13986, 45.45457, -23028.3046875], [-123.13196, 45.44909, -23529.626953125], [-123.13986, 45.45457, -24030.94921875], [-123.13986, 45.45457, -23028.3046875]]], [[[-123.21811, 45.52313, -25915.451171875], [-123.21536, 45.51877, -26747.693359375], [-123.22109, 45.52653, -26801.099609375], [-123.21811, 45.52313, -25915.451171875]]], [[[-123.21506, 45.51829, -6669.1328125], [-123.21763, 45.52241, -5805.08740234375], [-123.21265, 45.51429, -5802.5107421875], [-123.21506, 45.51829, -6669.1328125]]], [[[-123.13986, 45.45457, -23028.3046875], [-123.13196, 45.44909, -22526.982421875], [-123.13196, 45.44909, -23529.626953125], [-123.13986, 45.45457, -23028.3046875]]], [[[-123.23589, 45.54501, -9320.25390625], [-123.23371, 45.54107, -8441.322265625], [-123.23093, 45.53693, -9304.3115234375], [-123.23589, 45.54501, -9320.25390625]]], [[[-123.23593, 45.54507, -7556.02099609375], [-123.23834, 45.54879, -6675.37744140625], [-123.23353, 45.54075, -6705.4609375], [-123.23593, 45.54507, -7556.02099609375]]], [[[-123.3, 45.6532, -25067.916015625], [-123.30436, 45.66037, -25575.05078125], [-123.30436, 45.66037, -24560.783203125], [-123.3, 45.6532, -25067.916015625]]], [[[-123.13986, 45.45457, -22025.662109375], [-123.13196, 45.44909, -22526.982421875], [-123.13986, 45.45457, -23028.3046875], [-123.13986, 45.45457, -22025.662109375]]], [[[-123.13196, 45.44909, -22526.982421875], [-123.13986, 45.45457, -22025.662109375], [-123.13196, 45.44909, -21524.33984375], [-123.13196, 45.44909, -22526.982421875]]], [[[-123.22486, 45.53084, -25966.984375], [-123.22822, 45.53422, -26861.853515625], [-123.2322, 45.53836, -26026.353515625], [-123.22486, 45.53084, -25966.984375]]], [[[-123.13196, 45.44909, -22526.982421875], [-123.13196, 45.44909, -21524.33984375], [-123.125, 45.443, -22025.662109375], [-123.13196, 45.44909, -22526.982421875]]], [[[-123.24175, 45.55333, -12759.138671875], [-123.2474, 45.56205, -12743.130859375], [-123.24452, 45.55743, -11891.970703125], [-123.24175, 45.55333, -12759.138671875]]], [[[-123.29596, 45.64594, -18475.17578125], [-123.3, 45.6532, -18982.310546875], [-123.3, 45.6532, -17968.04296875], [-123.29596, 45.64594, -18475.17578125]]], [[[-123.13196, 45.44909, -22526.982421875], [-123.125, 45.443, -22025.662109375], [-123.125, 45.443, -23028.3046875], [-123.13196, 45.44909, -22526.982421875]]], [[[-123.18174, 45.47516, -27080.130859375], [-123.18533, 45.47911, -28076.52734375], [-123.18873, 45.48364, -27272.0546875], [-123.18174, 45.47516, -27080.130859375]]], [[[-123.3, 45.6532, -19996.578125], [-123.30436, 45.66037, -20503.712890625], [-123.30436, 45.66037, -19489.4453125], [-123.3, 45.6532, -19996.578125]]], [[[-123.23371, 45.54107, -8441.322265625], [-123.23593, 45.54507, -7556.02099609375], [-123.23081, 45.53681, -7585.6494140625], [-123.23371, 45.54107, -8441.322265625]]], [[[-123.13196, 45.44909, -23529.626953125], [-123.13196, 45.44909, -22526.982421875], [-123.125, 45.443, -23028.3046875], [-123.13196, 45.44909, -23529.626953125]]], [[[-123.13196, 45.44909, -23529.626953125], [-123.125, 45.443, -23028.3046875], [-123.125, 45.443, -24030.94921875], [-123.13196, 45.44909, -23529.626953125]]], [[[-123.24583, 45.55952, -5762.57861328125], [-123.24832, 45.56351, -6639.4189453125], [-123.25106, 45.5679, -5785.45361328125], [-123.24583, 45.55952, -5762.57861328125]]], [[[-123.20778, 45.50578, -5814.45361328125], [-123.21265, 45.51429, -5802.5107421875], [-123.21042, 45.50984, -4940.22265625], [-123.20778, 45.50578, -5814.45361328125]]], [[[-123.13196, 45.44909, -24532.26953125], [-123.13196, 45.44909, -23529.626953125], [-123.125, 45.443, -24030.94921875], [-123.13196, 45.44909, -24532.26953125]]], [[[-123.25679, 45.57783, -10953.8564453125], [-123.25888, 45.58177, -10129.896484375], [-123.25405, 45.57289, -10072.328125], [-123.25679, 45.57783, -10953.8564453125]]], [[[-123.2915, 45.6388, -19996.578125], [-123.29596, 45.64594, -19489.4453125], [-123.2915, 45.6388, -18982.310546875], [-123.2915, 45.6388, -19996.578125]]], [[[-123.13196, 45.44909, -24532.26953125], [-123.125, 45.443, -24030.94921875], [-123.125, 45.443, -25033.591796875], [-123.13196, 45.44909, -24532.26953125]]], [[[-123.24832, 45.56351, -6639.4189453125], [-123.24583, 45.55952, -5762.57861328125], [-123.24349, 45.55578, -6651.45947265625], [-123.24832, 45.56351, -6639.4189453125]]], [[[-123.24639, 45.56043, -23575.517578125], [-123.24868, 45.56408, -24466.82421875], [-123.25158, 45.56873, -23634.845703125], [-123.24639, 45.56043, -23575.517578125]]], [[[-123.13196, 45.44909, -21524.33984375], [-123.125, 45.443, -21023.017578125], [-123.125, 45.443, -22025.662109375], [-123.13196, 45.44909, -21524.33984375]]], [[[-123.24599, 45.55979, -7524.29638671875], [-123.25103, 45.56784, -7494.92626953125], [-123.24832, 45.56351, -6639.4189453125], [-123.24599, 45.55979, -7524.29638671875]]], [[[-123.13196, 45.44909, -21524.33984375], [-123.13196, 45.44909, -20521.6953125], [-123.125, 45.443, -21023.017578125], [-123.13196, 45.44909, -21524.33984375]]], [[[-123.13986, 45.45457, -21023.017578125], [-123.13196, 45.44909, -20521.6953125], [-123.13196, 45.44909, -21524.33984375], [-123.13986, 45.45457, -21023.017578125]]], [[[-123.24122, 45.55263, -9313.94140625], [-123.24413, 45.55681, -10163.4521484375], [-123.2465, 45.5606, -9281.84765625], [-123.24122, 45.55263, -9313.94140625]]], [[[-123.24112, 45.5525, -7557.2177734375], [-123.24384, 45.55634, -8429.861328125], [-123.24599, 45.55979, -7524.29638671875], [-123.24112, 45.5525, -7557.2177734375]]], [[[-123.13986, 45.45457, -20020.375], [-123.13196, 45.44909, -20521.6953125], [-123.13986, 45.45457, -21023.017578125], [-123.13986, 45.45457, -20020.375]]], [[[-123.20909, 45.50718, -27519.216796875], [-123.20518, 45.50318, -28369.08984375], [-123.2109, 45.5108, -28420.138671875], [-123.20909, 45.50718, -27519.216796875]]], [[[-123.24112, 45.5525, -7557.2177734375], [-123.24599, 45.55979, -7524.29638671875], [-123.24349, 45.55578, -6651.45947265625], [-123.24112, 45.5525, -7557.2177734375]]], [[[-123.13986, 45.45457, -20020.375], [-123.13196, 45.44909, -19519.052734375], [-123.13196, 45.44909, -20521.6953125], [-123.13986, 45.45457, -20020.375]]], [[[-123.21811, 45.52313, -25915.451171875], [-123.22109, 45.52653, -26801.099609375], [-123.22486, 45.53084, -25966.984375], [-123.21811, 45.52313, -25915.451171875]]], [[[-123.24051, 45.55168, -25246.7265625], [-123.23721, 45.54728, -26075.23828125], [-123.24306, 45.5551, -26145.80078125], [-123.24051, 45.55168, -25246.7265625]]], [[[-123.13986, 45.45457, -19017.73046875], [-123.13196, 45.44909, -19519.052734375], [-123.13986, 45.45457, -20020.375], [-123.13986, 45.45457, -19017.73046875]]], [[[-123.26304, 45.58967, -10125.794921875], [-123.26602, 45.59444, -9166.49609375], [-123.26092, 45.58584, -9196.2626953125], [-123.26304, 45.58967, -10125.794921875]]], [[[-123.23318, 45.54012, -4983.3681640625], [-123.23042, 45.53642, -4106.681640625], [-123.22695, 45.53295, -4982.23193359375], [-123.23318, 45.54012, -4983.3681640625]]], [[[-123.25439, 45.5735, -22806.97265625], [-123.2565, 45.57729, -23706.888671875], [-123.25904, 45.58208, -22871.69921875], [-123.25439, 45.5735, -22806.97265625]]], [[[-123.23593, 45.54507, -7556.02099609375], [-123.23353, 45.54075, -6705.4609375], [-123.23081, 45.53681, -7585.6494140625], [-123.23593, 45.54507, -7556.02099609375]]], [[[-123.13986, 45.45457, -19017.73046875], [-123.13196, 45.44909, -18516.408203125], [-123.13196, 45.44909, -19519.052734375], [-123.13986, 45.45457, -19017.73046875]]], [[[-123.13986, 45.45457, -18015.087890625], [-123.13196, 45.44909, -18516.408203125], [-123.13986, 45.45457, -19017.73046875], [-123.13986, 45.45457, -18015.087890625]]], [[[-123.22043, 45.52578, -28529.322265625], [-123.21479, 45.51786, -28483.3125], [-123.21701, 45.52142, -29364.91015625], [-123.22043, 45.52578, -28529.322265625]]], [[[-123.26743, 45.59696, -26460.748046875], [-123.26914, 45.60082, -27358.484375], [-123.27136, 45.60557, -26523.6484375], [-123.26743, 45.59696, -26460.748046875]]], [[[-123.13196, 45.44909, -18516.408203125], [-123.13986, 45.45457, -18015.087890625], [-123.13196, 45.44909, -17513.765625], [-123.13196, 45.44909, -18516.408203125]]], [[[-123.18443, 45.47791, -24616.943359375], [-123.18328, 45.47638, -25596.052734375], [-123.18917, 45.48423, -25482.845703125], [-123.18443, 45.47791, -24616.943359375]]], [[[-123.19255, 45.48873, -5957.65869140625], [-123.19986, 45.49756, -5867.65576171875], [-123.19597, 45.4931, -5045.39892578125], [-123.19255, 45.48873, -5957.65869140625]]], [[[-123.13196, 45.44909, -18516.408203125], [-123.13196, 45.44909, -17513.765625], [-123.125, 45.443, -18015.087890625], [-123.13196, 45.44909, -18516.408203125]]], [[[-123.18605, 45.48007, -26369.6484375], [-123.17664, 45.47176, -26166.423828125], [-123.18174, 45.47516, -27080.130859375], [-123.18605, 45.48007, -26369.6484375]]], [[[-123.26743, 45.59696, -26460.748046875], [-123.2625, 45.5888, -26401.595703125], [-123.26473, 45.59237, -27298.45703125], [-123.26743, 45.59696, -26460.748046875]]], [[[-123.13196, 45.44909, -18516.408203125], [-123.125, 45.443, -18015.087890625], [-123.125, 45.443, -19017.73046875], [-123.13196, 45.44909, -18516.408203125]]], [[[-123.26173, 45.58745, -11217.6826171875], [-123.26304, 45.58967, -10125.794921875], [-123.25888, 45.58177, -10129.896484375], [-123.26173, 45.58745, -11217.6826171875]]], [[[-123.13196, 45.44909, -19519.052734375], [-123.13196, 45.44909, -18516.408203125], [-123.125, 45.443, -19017.73046875], [-123.13196, 45.44909, -19519.052734375]]], [[[-123.21135, 45.51171, -26698.595703125], [-123.20909, 45.50718, -27519.216796875], [-123.21293, 45.51485, -27593.845703125], [-123.21135, 45.51171, -26698.595703125]]], [[[-123.13196, 45.44909, -19519.052734375], [-123.125, 45.443, -19017.73046875], [-123.125, 45.443, -20020.375], [-123.13196, 45.44909, -19519.052734375]]], [[[-123.3048, 45.66108, -30585.11328125], [-123.30436, 45.66037, -29632.12109375], [-123.30041, 45.65394, -30364.37109375], [-123.3048, 45.66108, -30585.11328125]]], [[[-123.13196, 45.44909, -20521.6953125], [-123.13196, 45.44909, -19519.052734375], [-123.125, 45.443, -20020.375], [-123.13196, 45.44909, -20521.6953125]]], [[[-123.31306, 45.67471, -29632.12109375], [-123.317, 45.682, -30139.255859375], [-123.317, 45.682, -29124.98828125], [-123.31306, 45.67471, -29632.12109375]]], [[[-123.21521, 45.51853, -4932.79248046875], [-123.21265, 45.51429, -5802.5107421875], [-123.21763, 45.52241, -5805.08740234375], [-123.21521, 45.51853, -4932.79248046875]]], [[[-123.13196, 45.44909, -20521.6953125], [-123.125, 45.443, -20020.375], [-123.125, 45.443, -21023.017578125], [-123.13196, 45.44909, -20521.6953125]]], [[[-123.21479, 45.51786, -28483.3125], [-123.2109, 45.5108, -28420.138671875], [-123.21237, 45.51374, -29323.93359375], [-123.21479, 45.51786, -28483.3125]]], [[[-123.24349, 45.55578, -6651.45947265625], [-123.24083, 45.55211, -5767.798828125], [-123.23834, 45.54879, -6675.37744140625], [-123.24349, 45.55578, -6651.45947265625]]], [[[-123.22702, 45.53302, -8454.09765625], [-123.22348, 45.52926, -9323.1220703125], [-123.23093, 45.53693, -9304.3115234375], [-123.22702, 45.53302, -8454.09765625]]], [[[-123.13196, 45.44909, -17513.765625], [-123.125, 45.443, -17012.443359375], [-123.125, 45.443, -18015.087890625], [-123.13196, 45.44909, -17513.765625]]], [[[-123.13196, 45.44909, -17513.765625], [-123.13196, 45.44909, -16511.123046875], [-123.125, 45.443, -17012.443359375], [-123.13196, 45.44909, -17513.765625]]], [[[-123.25821, 45.58041, -12832.5751953125], [-123.25478, 45.5742, -13471.9697265625], [-123.25848, 45.58096, -13910.9716796875], [-123.25821, 45.58041, -12832.5751953125]]], [[[-123.13196, 45.44909, -17513.765625], [-123.13986, 45.45457, -17012.443359375], [-123.13196, 45.44909, -16511.123046875], [-123.13196, 45.44909, -17513.765625]]], [[[-123.2175, 45.52219, -27636.716796875], [-123.21479, 45.51786, -28483.3125], [-123.22043, 45.52578, -28529.322265625], [-123.2175, 45.52219, -27636.716796875]]], [[[-123.23537, 45.54407, -23471.259765625], [-123.23273, 45.53932, -24302.119140625], [-123.23761, 45.54782, -24368.755859375], [-123.23537, 45.54407, -23471.259765625]]], [[[-123.28127, 45.62149, -28379.6328125], [-123.27897, 45.61774, -27481.494140625], [-123.27604, 45.61306, -28311.583984375], [-123.28127, 45.62149, -28379.6328125]]], [[[-123.20729, 45.50529, -7611.1650390625], [-123.21251, 45.51402, -7540.6767578125], [-123.21051, 45.51003, -6674.44873046875], [-123.20729, 45.50529, -7611.1650390625]]], [[[-123.13986, 45.45457, -17012.443359375], [-123.13196, 45.44909, -17513.765625], [-123.13986, 45.45457, -18015.087890625], [-123.13986, 45.45457, -17012.443359375]]], [[[-123.24969, 45.56571, -11878.990234375], [-123.24691, 45.56125, -11001.2392578125], [-123.24452, 45.55743, -11891.970703125], [-123.24969, 45.56571, -11878.990234375]]], [[[-123.14885, 45.45911, -17513.765625], [-123.13986, 45.45457, -17012.443359375], [-123.13986, 45.45457, -18015.087890625], [-123.14885, 45.45911, -17513.765625]]], [[[-123.14885, 45.45911, -17513.765625], [-123.14885, 45.45911, -16511.123046875], [-123.13986, 45.45457, -17012.443359375], [-123.14885, 45.45911, -17513.765625]]], [[[-123.21293, 45.51485, -27593.845703125], [-123.21479, 45.51786, -28483.3125], [-123.2175, 45.52219, -27636.716796875], [-123.21293, 45.51485, -27593.845703125]]], [[[-123.27136, 45.60557, -26523.6484375], [-123.26914, 45.60082, -27358.484375], [-123.27369, 45.60931, -27417.869140625], [-123.27136, 45.60557, -26523.6484375]]], [[[-123.29596, 45.64594, -21517.98046875], [-123.3, 45.6532, -22025.11328125], [-123.3, 45.6532, -21010.845703125], [-123.29596, 45.64594, -21517.98046875]]], [[[-123.21643, 45.52049, -11197.626953125], [-123.22005, 45.52534, -10201.794921875], [-123.21458, 45.51752, -10194.548828125], [-123.21643, 45.52049, -11197.626953125]]], [[[-123.14885, 45.45911, -17513.765625], [-123.15857, 45.46286, -17012.443359375], [-123.14885, 45.45911, -16511.123046875], [-123.14885, 45.45911, -17513.765625]]], [[[-123.15857, 45.46286, -17012.443359375], [-123.14885, 45.45911, -17513.765625], [-123.15857, 45.46286, -18015.087890625], [-123.15857, 45.46286, -17012.443359375]]], [[[-123.22689, 45.53289, -30303.70703125], [-123.22292, 45.52863, -31131.2421875], [-123.23014, 45.53614, -31203.7578125], [-123.22689, 45.53289, -30303.70703125]]], [[[-123.27369, 45.60931, -27417.869140625], [-123.26914, 45.60082, -27358.484375], [-123.27088, 45.60473, -28253.326171875], [-123.27369, 45.60931, -27417.869140625]]], [[[-123.1897, 45.48494, -5124.79638671875], [-123.18702, 45.48136, -4196.29296875], [-123.18414, 45.47752, -5142.5400390625], [-123.1897, 45.48494, -5124.79638671875]]], [[[-123.18928, 45.48437, -11999.2265625], [-123.18409, 45.47746, -12500.5478515625], [-123.18928, 45.48437, -13001.8701171875], [-123.18928, 45.48437, -11999.2265625]]], [[[-123.16814, 45.46674, -17513.765625], [-123.15857, 45.46286, -17012.443359375], [-123.15857, 45.46286, -18015.087890625], [-123.16814, 45.46674, -17513.765625]]], [[[-123.16814, 45.46674, -17513.765625], [-123.16814, 45.46674, -16511.123046875], [-123.15857, 45.46286, -17012.443359375], [-123.16814, 45.46674, -17513.765625]]], [[[-123.30882, 45.66751, -23039.380859375], [-123.31306, 45.67471, -22532.248046875], [-123.30882, 45.66751, -22025.11328125], [-123.30882, 45.66751, -23039.380859375]]], [[[-123.23572, 45.5447, -5818.431640625], [-123.2378, 45.54807, -4908.73876953125], [-123.23318, 45.54012, -4983.3681640625], [-123.23572, 45.5447, -5818.431640625]]], [[[-123.19986, 45.49756, -5867.65576171875], [-123.20342, 45.50142, -5000.1279296875], [-123.19597, 45.4931, -5045.39892578125], [-123.19986, 45.49756, -5867.65576171875]]], [[[-123.17631, 45.47154, -29743.03125], [-123.17075, 45.4682, -30571.13671875], [-123.18031, 45.47421, -30653.05859375], [-123.17631, 45.47154, -29743.03125]]], [[[-123.17664, 45.47176, -17012.443359375], [-123.16814, 45.46674, -16511.123046875], [-123.16814, 45.46674, -17513.765625], [-123.17664, 45.47176, -17012.443359375]]], [[[-123.29596, 45.64594, -22532.248046875], [-123.29596, 45.64594, -23546.515625], [-123.3, 45.6532, -23039.380859375], [-123.29596, 45.64594, -22532.248046875]]], [[[-123.31306, 45.67471, -12389.5703125], [-123.31306, 45.67471, -13403.837890625], [-123.317, 45.682, -12896.7041015625], [-123.31306, 45.67471, -12389.5703125]]], [[[-123.17664, 45.47176, -16009.80078125], [-123.16814, 45.46674, -16511.123046875], [-123.17664, 45.47176, -17012.443359375], [-123.17664, 45.47176, -16009.80078125]]], [[[-123.16814, 45.46674, -16511.123046875], [-123.17664, 45.47176, -16009.80078125], [-123.16814, 45.46674, -15508.478515625], [-123.16814, 45.46674, -16511.123046875]]], [[[-123.19886, 45.49641, -26553.248046875], [-123.19469, 45.49159, -27333.794921875], [-123.20196, 45.49996, -27466.921875], [-123.19886, 45.49641, -26553.248046875]]], [[[-123.17698, 45.47199, -5954.11572265625], [-123.1765, 45.47167, -5026.9443359375], [-123.16824, 45.4668, -5447.4306640625], [-123.17698, 45.47199, -5954.11572265625]]], [[[-123.16814, 45.46674, -16511.123046875], [-123.16814, 45.46674, -15508.478515625], [-123.15857, 45.46286, -16009.80078125], [-123.16814, 45.46674, -16511.123046875]]], [[[-123.20518, 45.50318, -28369.08984375], [-123.20196, 45.49996, -27466.921875], [-123.19763, 45.49501, -28229.78125], [-123.20518, 45.50318, -28369.08984375]]], [[[-123.18414, 45.47752, -5142.5400390625], [-123.18702, 45.48136, -4196.29296875], [-123.18066, 45.47444, -4212.509765625], [-123.18414, 45.47752, -5142.5400390625]]], [[[-123.16814, 45.46674, -16511.123046875], [-123.15857, 45.46286, -16009.80078125], [-123.15857, 45.46286, -17012.443359375], [-123.16814, 45.46674, -16511.123046875]]], [[[-123.24926, 45.56501, -10115.138671875], [-123.25144, 45.56851, -9219.96875], [-123.2465, 45.5606, -9281.84765625], [-123.24926, 45.56501, -10115.138671875]]], [[[-123.22355, 45.52935, -5852.91650390625], [-123.22695, 45.53295, -4982.23193359375], [-123.22082, 45.52623, -4945.48193359375], [-123.22355, 45.52935, -5852.91650390625]]], [[[-123.23834, 45.54879, -6675.37744140625], [-123.24083, 45.55211, -5767.798828125], [-123.23572, 45.5447, -5818.431640625], [-123.23834, 45.54879, -6675.37744140625]]], [[[-123.22725, 45.53325, -10179.5986328125], [-123.22348, 45.52926, -9323.1220703125], [-123.22005, 45.52534, -10201.794921875], [-123.22725, 45.53325, -10179.5986328125]]], [[[-123.15857, 45.46286, -16009.80078125], [-123.14885, 45.45911, -16511.123046875], [-123.15857, 45.46286, -17012.443359375], [-123.15857, 45.46286, -16009.80078125]]], [[[-123.14885, 45.45911, -16511.123046875], [-123.15857, 45.46286, -16009.80078125], [-123.14885, 45.45911, -15508.478515625], [-123.14885, 45.45911, -16511.123046875]]], [[[-123.18873, 45.48364, -27272.0546875], [-123.18533, 45.47911, -28076.52734375], [-123.19134, 45.48712, -28164.466796875], [-123.18873, 45.48364, -27272.0546875]]], [[[-123.17698, 45.47199, -5954.11572265625], [-123.16824, 45.4668, -5447.4306640625], [-123.16814, 45.46674, -6484.68701171875], [-123.17698, 45.47199, -5954.11572265625]]], [[[-123.14885, 45.45911, -16511.123046875], [-123.14885, 45.45911, -15508.478515625], [-123.13986, 45.45457, -16009.80078125], [-123.14885, 45.45911, -16511.123046875]]], [[[-123.27026, 45.60334, -9259.484375], [-123.26602, 45.59444, -9166.49609375], [-123.26721, 45.59646, -9914.453125], [-123.27026, 45.60334, -9259.484375]]], [[[-123.21763, 45.52241, -5805.08740234375], [-123.22082, 45.52623, -4945.48193359375], [-123.21521, 45.51853, -4932.79248046875], [-123.21763, 45.52241, -5805.08740234375]]], [[[-123.14885, 45.45911, -16511.123046875], [-123.13986, 45.45457, -16009.80078125], [-123.13986, 45.45457, -17012.443359375], [-123.14885, 45.45911, -16511.123046875]]], [[[-123.24154, 45.55305, -11044.7802734375], [-123.24691, 45.56125, -11001.2392578125], [-123.24413, 45.55681, -10163.4521484375], [-123.24154, 45.55305, -11044.7802734375]]], [[[-123.30436, 45.66037, -18475.17578125], [-123.30882, 45.66751, -18982.310546875], [-123.30882, 45.66751, -17968.04296875], [-123.30436, 45.66037, -18475.17578125]]], [[[-123.13986, 45.45457, -16009.80078125], [-123.13196, 45.44909, -16511.123046875], [-123.13986, 45.45457, -17012.443359375], [-123.13986, 45.45457, -16009.80078125]]], [[[-123.16649, 45.46583, -29661.080078125], [-123.1617, 45.4639, -28781.93359375], [-123.1551, 45.4617, -29570.091796875], [-123.16649, 45.46583, -29661.080078125]]], [[[-123.2304, 45.5364, -5862.0322265625], [-123.23318, 45.54012, -4983.3681640625], [-123.22695, 45.53295, -4982.23193359375], [-123.2304, 45.5364, -5862.0322265625]]], [[[-123.30882, 45.66751, -26082.185546875], [-123.30436, 45.66037, -25575.05078125], [-123.30436, 45.66037, -26589.318359375], [-123.30882, 45.66751, -26082.185546875]]], [[[-123.1617, 45.4639, -28781.93359375], [-123.16649, 45.46583, -29661.080078125], [-123.17221, 45.469, -28838.201171875], [-123.1617, 45.4639, -28781.93359375]]], [[[-123.13196, 45.44909, -16511.123046875], [-123.13986, 45.45457, -16009.80078125], [-123.13196, 45.44909, -15508.478515625], [-123.13196, 45.44909, -16511.123046875]]], [[[-123.24345, 45.55572, -4877.421875], [-123.24046, 45.55162, -4006.8935546875], [-123.2378, 45.54807, -4908.73876953125], [-123.24345, 45.55572, -4877.421875]]], [[[-123.22978, 45.53578, -23405.158203125], [-123.2256, 45.5316, -24236.75], [-123.23273, 45.53932, -24302.119140625], [-123.22978, 45.53578, -23405.158203125]]], [[[-123.13196, 45.44909, -16511.123046875], [-123.13196, 45.44909, -15508.478515625], [-123.125, 45.443, -16009.80078125], [-123.13196, 45.44909, -16511.123046875]]], [[[-123.18174, 45.47516, -27080.130859375], [-123.17712, 45.47208, -27933.380859375], [-123.18533, 45.47911, -28076.52734375], [-123.18174, 45.47516, -27080.130859375]]], [[[-123.13196, 45.44909, -16511.123046875], [-123.125, 45.443, -16009.80078125], [-123.125, 45.443, -17012.443359375], [-123.13196, 45.44909, -16511.123046875]]], [[[-123.19352, 45.49002, -7530.919921875], [-123.19471, 45.49162, -8451.03515625], [-123.20003, 45.49775, -7607.220703125], [-123.19352, 45.49002, -7530.919921875]]], [[[-123.13196, 45.44909, -15508.478515625], [-123.125, 45.443, -15007.1572265625], [-123.125, 45.443, -16009.80078125], [-123.13196, 45.44909, -15508.478515625]]], [[[-123.20342, 45.50142, -5000.1279296875], [-123.20708, 45.50508, -4125.89306640625], [-123.1994, 45.49703, -4179.06298828125], [-123.20342, 45.50142, -5000.1279296875]]], [[[-123.14918, 45.45927, -28612.76953125], [-123.1551, 45.4617, -29570.091796875], [-123.1617, 45.4639, -28781.93359375], [-123.14918, 45.45927, -28612.76953125]]], [[[-123.13196, 45.44909, -15508.478515625], [-123.13196, 45.44909, -14505.8349609375], [-123.125, 45.443, -15007.1572265625], [-123.13196, 45.44909, -15508.478515625]]], [[[-123.19485, 45.4918, -9426.0859375], [-123.19471, 45.49162, -8451.03515625], [-123.18928, 45.48437, -8991.2958984375], [-123.19485, 45.4918, -9426.0859375]]], [[[-123.13196, 45.44909, -15508.478515625], [-123.13986, 45.45457, -15007.1572265625], [-123.13196, 45.44909, -14505.8349609375], [-123.13196, 45.44909, -15508.478515625]]], [[[-123.13986, 45.45457, -15007.1572265625], [-123.13196, 45.44909, -15508.478515625], [-123.13986, 45.45457, -16009.80078125], [-123.13986, 45.45457, -15007.1572265625]]], [[[-123.19469, 45.49159, -27333.794921875], [-123.19763, 45.49501, -28229.78125], [-123.20196, 45.49996, -27466.921875], [-123.19469, 45.49159, -27333.794921875]]], [[[-123.22695, 45.53295, -4982.23193359375], [-123.23042, 45.53642, -4106.681640625], [-123.22407, 45.52994, -4073.86669921875], [-123.22695, 45.53295, -4982.23193359375]]], [[[-123.31306, 45.67471, -27603.5859375], [-123.31306, 45.67471, -28617.853515625], [-123.317, 45.682, -28110.720703125], [-123.31306, 45.67471, -27603.5859375]]], [[[-123.14885, 45.45911, -15508.478515625], [-123.13986, 45.45457, -15007.1572265625], [-123.13986, 45.45457, -16009.80078125], [-123.14885, 45.45911, -15508.478515625]]], [[[-123.14885, 45.45911, -15508.478515625], [-123.14885, 45.45911, -14505.8349609375], [-123.13986, 45.45457, -15007.1572265625], [-123.14885, 45.45911, -15508.478515625]]], [[[-123.21293, 45.51485, -27593.845703125], [-123.2109, 45.5108, -28420.138671875], [-123.21479, 45.51786, -28483.3125], [-123.21293, 45.51485, -27593.845703125]]], [[[-123.29045, 45.63711, -27419.521484375], [-123.28632, 45.6305, -28393.06640625], [-123.29138, 45.63861, -28463.619140625], [-123.29045, 45.63711, -27419.521484375]]], [[[-123.22725, 45.53325, -10179.5986328125], [-123.23354, 45.54078, -10178.193359375], [-123.23093, 45.53693, -9304.3115234375], [-123.22725, 45.53325, -10179.5986328125]]], [[[-123.15857, 45.46286, -15007.1572265625], [-123.14885, 45.45911, -14505.8349609375], [-123.14885, 45.45911, -15508.478515625], [-123.15857, 45.46286, -15007.1572265625]]], [[[-123.29998, 45.65316, -28147.689453125], [-123.30417, 45.66008, -28646.19921875], [-123.30436, 45.66037, -27603.5859375], [-123.29998, 45.65316, -28147.689453125]]], [[[-123.20986, 45.50871, -22250.6015625], [-123.21204, 45.51308, -23212.427734375], [-123.2142, 45.51692, -22279.044921875], [-123.20986, 45.50871, -22250.6015625]]], [[[-123.15857, 45.46286, -14004.513671875], [-123.14885, 45.45911, -14505.8349609375], [-123.15857, 45.46286, -15007.1572265625], [-123.15857, 45.46286, -14004.513671875]]], [[[-123.22407, 45.52994, -4073.86669921875], [-123.22736, 45.53336, -3198.066162109375], [-123.22099, 45.52642, -3189.0986328125], [-123.22407, 45.52994, -4073.86669921875]]], [[[-123.21717, 45.52167, -7579.12939453125], [-123.22022, 45.52554, -6714.86083984375], [-123.21506, 45.51829, -6669.1328125], [-123.21717, 45.52167, -7579.12939453125]]], [[[-123.15857, 45.46286, -14004.513671875], [-123.14885, 45.45911, -13503.19140625], [-123.14885, 45.45911, -14505.8349609375], [-123.15857, 45.46286, -14004.513671875]]], [[[-123.22736, 45.53336, -3198.066162109375], [-123.22407, 45.52994, -4073.86669921875], [-123.23042, 45.53642, -4106.681640625], [-123.22736, 45.53336, -3198.066162109375]]], [[[-123.21251, 45.51402, -7540.6767578125], [-123.21717, 45.52167, -7579.12939453125], [-123.21506, 45.51829, -6669.1328125], [-123.21251, 45.51402, -7540.6767578125]]], [[[-123.15857, 45.46286, -13001.8701171875], [-123.14885, 45.45911, -13503.19140625], [-123.15857, 45.46286, -14004.513671875], [-123.15857, 45.46286, -13001.8701171875]]], [[[-123.30436, 45.66037, -23546.515625], [-123.30436, 45.66037, -24560.783203125], [-123.30882, 45.66751, -24053.6484375], [-123.30436, 45.66037, -23546.515625]]], [[[-123.22005, 45.52534, -10201.794921875], [-123.21701, 45.52141, -9316.6591796875], [-123.21458, 45.51752, -10194.548828125], [-123.22005, 45.52534, -10201.794921875]]], [[[-123.15857, 45.46286, -13001.8701171875], [-123.14885, 45.45911, -12500.5478515625], [-123.14885, 45.45911, -13503.19140625], [-123.15857, 45.46286, -13001.8701171875]]], [[[-123.3, 45.6532, -18982.310546875], [-123.30436, 45.66037, -19489.4453125], [-123.30436, 45.66037, -18475.17578125], [-123.3, 45.6532, -18982.310546875]]], [[[-123.17664, 45.47176, -26166.423828125], [-123.1701, 45.46784, -26879.75], [-123.18174, 45.47516, -27080.130859375], [-123.17664, 45.47176, -26166.423828125]]], [[[-123.15857, 45.46286, -11999.2265625], [-123.14885, 45.45911, -12500.5478515625], [-123.15857, 45.46286, -13001.8701171875], [-123.15857, 45.46286, -11999.2265625]]], [[[-123.29596, 45.64594, -22532.248046875], [-123.3, 45.6532, -23039.380859375], [-123.3, 45.6532, -22025.11328125], [-123.29596, 45.64594, -22532.248046875]]], [[[-123.15857, 45.46286, -11999.2265625], [-123.14885, 45.45911, -11497.904296875], [-123.14885, 45.45911, -12500.5478515625], [-123.15857, 45.46286, -11999.2265625]]], [[[-123.29596, 45.64594, -20503.712890625], [-123.29596, 45.64594, -21517.98046875], [-123.3, 45.6532, -21010.845703125], [-123.29596, 45.64594, -20503.712890625]]], [[[-123.15857, 45.46286, -10996.5830078125], [-123.14885, 45.45911, -11497.904296875], [-123.15857, 45.46286, -11999.2265625], [-123.15857, 45.46286, -10996.5830078125]]], [[[-123.15857, 45.46286, -10996.5830078125], [-123.14885, 45.45911, -10495.2607421875], [-123.14885, 45.45911, -11497.904296875], [-123.15857, 45.46286, -10996.5830078125]]], [[[-123.14918, 45.45927, -28612.76953125], [-123.13986, 45.45457, -28041.5234375], [-123.13938, 45.45425, -29040.89453125], [-123.14918, 45.45927, -28612.76953125]]], [[[-123.15857, 45.46286, -9993.939453125], [-123.14885, 45.45911, -10495.2607421875], [-123.15857, 45.46286, -10996.5830078125], [-123.15857, 45.46286, -9993.939453125]]], [[[-123.31306, 45.67471, -11375.302734375], [-123.31306, 45.67471, -12389.5703125], [-123.317, 45.682, -11882.4365234375], [-123.31306, 45.67471, -11375.302734375]]], [[[-123.3, 45.6532, -24053.6484375], [-123.30436, 45.66037, -24560.783203125], [-123.30436, 45.66037, -23546.515625], [-123.3, 45.6532, -24053.6484375]]], [[[-123.29587, 45.6458, -30279.109375], [-123.29786, 45.64935, -31207.513671875], [-123.30041, 45.65394, -30364.37109375], [-123.29587, 45.6458, -30279.109375]]], [[[-123.15857, 45.46286, -9993.939453125], [-123.14885, 45.45911, -9492.6171875], [-123.14885, 45.45911, -10495.2607421875], [-123.15857, 45.46286, -9993.939453125]]], [[[-123.25856, 45.58113, -1499.63916015625], [-123.26062, 45.58524, -638.3836059570312], [-123.25654, 45.57737, -600.0069580078125], [-123.25856, 45.58113, -1499.63916015625]]], [[[-123.19446, 45.49129, -11497.904296875], [-123.18928, 45.48437, -10996.5830078125], [-123.18928, 45.48437, -11999.2265625], [-123.19446, 45.49129, -11497.904296875]]], [[[-123.15857, 45.46286, -8991.2958984375], [-123.14885, 45.45911, -9492.6171875], [-123.15857, 45.46286, -9993.939453125], [-123.15857, 45.46286, -8991.2958984375]]], [[[-123.13192, 45.44906, -1366.9266357421875], [-123.125, 45.443, -970.1475219726562], [-123.125, 45.443, -1972.791015625], [-123.13192, 45.44906, -1366.9266357421875]]], [[[-123.18409, 45.47746, -10495.2607421875], [-123.17664, 45.47176, -9993.939453125], [-123.17664, 45.47176, -10996.5830078125], [-123.18409, 45.47746, -10495.2607421875]]], [[[-123.14885, 45.45911, -9492.6171875], [-123.15857, 45.46286, -8991.2958984375], [-123.14885, 45.45911, -8489.9736328125], [-123.14885, 45.45911, -9492.6171875]]], [[[-123.13196, 45.44909, -3476.75634765625], [-123.125, 45.443, -2975.4345703125], [-123.125, 45.443, -3978.078125], [-123.13196, 45.44909, -3476.75634765625]]], [[[-123.21697, 45.52135, -21506.947265625], [-123.2142, 45.51692, -22279.044921875], [-123.2197, 45.52495, -22439.8828125], [-123.21697, 45.52135, -21506.947265625]]], [[[-123.14885, 45.45911, -9492.6171875], [-123.14885, 45.45911, -8489.9736328125], [-123.13986, 45.45457, -8991.2958984375], [-123.14885, 45.45911, -9492.6171875]]], [[[-123.13196, 45.44909, -4479.39990234375], [-123.13196, 45.44909, -3476.75634765625], [-123.125, 45.443, -3978.078125], [-123.13196, 45.44909, -4479.39990234375]]], [[[-123.27456, 45.6107, -23959.22265625], [-123.27401, 45.60981, -23052.248046875], [-123.2701, 45.60297, -23855.94921875], [-123.27456, 45.6107, -23959.22265625]]], [[[-123.14885, 45.45911, -9492.6171875], [-123.13986, 45.45457, -8991.2958984375], [-123.13986, 45.45457, -9993.939453125], [-123.14885, 45.45911, -9492.6171875]]], [[[-123.125, 45.443, 32.49599838256836], [-123.125, 45.443, -970.1475219726562], [-123.12903, 45.44653, -470.1113586425781], [-123.125, 45.443, 32.49599838256836]]], [[[-123.18409, 45.47746, -8489.9736328125], [-123.18422, 45.47763, -7394.81494140625], [-123.17664, 45.47176, -7988.65234375], [-123.18409, 45.47746, -8489.9736328125]]], [[[-123.14885, 45.45911, -10495.2607421875], [-123.14885, 45.45911, -9492.6171875], [-123.13986, 45.45457, -9993.939453125], [-123.14885, 45.45911, -10495.2607421875]]], [[[-123.13192, 45.44906, -1366.9266357421875], [-123.13792, 45.45328, -844.595703125], [-123.13308, 45.45005, 29.924833297729492], [-123.13192, 45.44906, -1366.9266357421875]]], [[[-123.25846, 45.58093, -19008.06640625], [-123.25787, 45.57977, -20171.314453125], [-123.26201, 45.58801, -19512.201171875], [-123.25846, 45.58093, -19008.06640625]]], [[[-123.14885, 45.45911, -10495.2607421875], [-123.13986, 45.45457, -9993.939453125], [-123.13986, 45.45457, -10996.5830078125], [-123.14885, 45.45911, -10495.2607421875]]], [[[-123.25787, 45.57977, -20171.314453125], [-123.25266, 45.57045, -20205.814453125], [-123.25493, 45.57447, -21076.552734375], [-123.25787, 45.57977, -20171.314453125]]], [[[-123.14885, 45.45911, -11497.904296875], [-123.14885, 45.45911, -10495.2607421875], [-123.13986, 45.45457, -10996.5830078125], [-123.14885, 45.45911, -11497.904296875]]], [[[-123.14885, 45.45911, -11497.904296875], [-123.13986, 45.45457, -10996.5830078125], [-123.13986, 45.45457, -11999.2265625], [-123.14885, 45.45911, -11497.904296875]]], [[[-123.24154, 45.55305, -11044.7802734375], [-123.24413, 45.55681, -10163.4521484375], [-123.23844, 45.54892, -10194.9443359375], [-123.24154, 45.55305, -11044.7802734375]]], [[[-123.28632, 45.6305, -28393.06640625], [-123.28827, 45.63363, -29351.05859375], [-123.29138, 45.63861, -28463.619140625], [-123.28632, 45.6305, -28393.06640625]]], [[[-123.27993, 45.6193, -573.269287109375], [-123.28495, 45.62811, -560.8112182617188], [-123.28244, 45.6236, 290.0652770996094], [-123.27993, 45.6193, -573.269287109375]]], [[[-123.22333, 45.52909, -7590.51416015625], [-123.22684, 45.53284, -6734.47607421875], [-123.22022, 45.52554, -6714.86083984375], [-123.22333, 45.52909, -7590.51416015625]]], [[[-123.14885, 45.45911, -12500.5478515625], [-123.14885, 45.45911, -11497.904296875], [-123.13986, 45.45457, -11999.2265625], [-123.14885, 45.45911, -12500.5478515625]]], [[[-123.19352, 45.49002, -7530.919921875], [-123.20003, 45.49775, -7607.220703125], [-123.19643, 45.49364, -6742.55078125], [-123.19352, 45.49002, -7530.919921875]]], [[[-123.14885, 45.45911, -12500.5478515625], [-123.13986, 45.45457, -11999.2265625], [-123.13986, 45.45457, -13001.8701171875], [-123.14885, 45.45911, -12500.5478515625]]], [[[-123.13196, 45.44909, -4479.39990234375], [-123.125, 45.443, -3978.078125], [-123.125, 45.443, -4980.7216796875], [-123.13196, 45.44909, -4479.39990234375]]], [[[-123.26665, 45.59545, -14925.2392578125], [-123.27005, 45.60286, -15432.3740234375], [-123.27005, 45.60286, -14418.10546875], [-123.26665, 45.59545, -14925.2392578125]]], [[[-123.14885, 45.45911, -13503.19140625], [-123.14885, 45.45911, -12500.5478515625], [-123.13986, 45.45457, -13001.8701171875], [-123.14885, 45.45911, -13503.19140625]]], [[[-123.23042, 45.53642, -4106.681640625], [-123.2329, 45.53963, -3195.75], [-123.22736, 45.53336, -3198.066162109375], [-123.23042, 45.53642, -4106.681640625]]], [[[-123.19206, 45.48808, -26444.640625], [-123.18605, 45.48007, -26369.6484375], [-123.18873, 45.48364, -27272.0546875], [-123.19206, 45.48808, -26444.640625]]], [[[-123.14885, 45.45911, -13503.19140625], [-123.13986, 45.45457, -13001.8701171875], [-123.13986, 45.45457, -14004.513671875], [-123.14885, 45.45911, -13503.19140625]]], [[[-123.22538, 45.53138, -12563.8193359375], [-123.23125, 45.53725, -12829.52734375], [-123.2273, 45.5333, -11848.228515625], [-123.22538, 45.53138, -12563.8193359375]]], [[[-123.24691, 45.56125, -11001.2392578125], [-123.25191, 45.56926, -10969.01171875], [-123.24926, 45.56501, -10115.138671875], [-123.24691, 45.56125, -11001.2392578125]]], [[[-123.14885, 45.45911, -14505.8349609375], [-123.14885, 45.45911, -13503.19140625], [-123.13986, 45.45457, -14004.513671875], [-123.14885, 45.45911, -14505.8349609375]]], [[[-123.24046, 45.55162, -4006.8935546875], [-123.24354, 45.55586, -3149.37890625], [-123.23722, 45.54729, -3175.38134765625], [-123.24046, 45.55162, -4006.8935546875]]], [[[-123.21717, 45.52167, -7579.12939453125], [-123.22333, 45.52909, -7590.51416015625], [-123.22022, 45.52554, -6714.86083984375], [-123.21717, 45.52167, -7579.12939453125]]], [[[-123.14885, 45.45911, -14505.8349609375], [-123.13986, 45.45457, -14004.513671875], [-123.13986, 45.45457, -15007.1572265625], [-123.14885, 45.45911, -14505.8349609375]]], [[[-123.13986, 45.45457, -14004.513671875], [-123.13196, 45.44909, -14505.8349609375], [-123.13986, 45.45457, -15007.1572265625], [-123.13986, 45.45457, -14004.513671875]]], [[[-123.24642, 45.56048, -2317.371826171875], [-123.24935, 45.56516, -1505.4696044921875], [-123.24352, 45.55583, -1490.646728515625], [-123.24642, 45.56048, -2317.371826171875]]], [[[-123.3, 45.6532, -22025.11328125], [-123.30436, 45.66037, -22532.248046875], [-123.30436, 45.66037, -21517.98046875], [-123.3, 45.6532, -22025.11328125]]], [[[-123.25209, 45.56955, -638.432373046875], [-123.25654, 45.57737, -600.0069580078125], [-123.25419, 45.57315, 270.2064514160156], [-123.25209, 45.56955, -638.432373046875]]], [[[-123.1551, 45.4617, -29570.091796875], [-123.14506, 45.45739, -29549.76171875], [-123.14873, 45.45906, -30393.658203125], [-123.1551, 45.4617, -29570.091796875]]], [[[-123.13196, 45.44909, -14505.8349609375], [-123.13986, 45.45457, -14004.513671875], [-123.13196, 45.44909, -13503.19140625], [-123.13196, 45.44909, -14505.8349609375]]], [[[-123.25209, 45.56955, -638.432373046875], [-123.25419, 45.57315, 270.2064514160156], [-123.24915, 45.56484, 190.48614501953125], [-123.25209, 45.56955, -638.432373046875]]], [[[-123.2829, 45.62443, -13910.9716796875], [-123.27864, 45.61723, -14418.10546875], [-123.2829, 45.62443, -14925.2392578125], [-123.2829, 45.62443, -13910.9716796875]]], [[[-123.13196, 45.44909, -14505.8349609375], [-123.13196, 45.44909, -13503.19140625], [-123.125, 45.443, -14004.513671875], [-123.13196, 45.44909, -14505.8349609375]]], [[[-123.28733, 45.63212, -1416.6826171875], [-123.28495, 45.62811, -560.8112182617188], [-123.28254, 45.62377, -1421.0059814453125], [-123.28733, 45.63212, -1416.6826171875]]], [[[-123.18409, 45.47746, -8489.9736328125], [-123.17664, 45.47176, -7988.65234375], [-123.17664, 45.47176, -8991.2958984375], [-123.18409, 45.47746, -8489.9736328125]]], [[[-123.13196, 45.44909, -14505.8349609375], [-123.125, 45.443, -14004.513671875], [-123.125, 45.443, -15007.1572265625], [-123.13196, 45.44909, -14505.8349609375]]], [[[-123.27511, 45.61158, -593.9942626953125], [-123.27993, 45.6193, -573.269287109375], [-123.27741, 45.61526, 306.0425720214844], [-123.27511, 45.61158, -593.9942626953125]]], [[[-123.2625, 45.5888, -26401.595703125], [-123.25815, 45.58029, -26320.388671875], [-123.26003, 45.58407, -27224.869140625], [-123.2625, 45.5888, -26401.595703125]]], [[[-123.13196, 45.44909, -13503.19140625], [-123.125, 45.443, -13001.8701171875], [-123.125, 45.443, -14004.513671875], [-123.13196, 45.44909, -13503.19140625]]], [[[-123.25654, 45.57737, -600.0069580078125], [-123.26062, 45.58524, -638.3836059570312], [-123.2588, 45.5816, 271.0349426269531], [-123.25654, 45.57737, -600.0069580078125]]], [[[-123.26201, 45.58801, -19512.201171875], [-123.26665, 45.59545, -19996.578125], [-123.26665, 45.59545, -18982.310546875], [-123.26201, 45.58801, -19512.201171875]]], [[[-123.13196, 45.44909, -13503.19140625], [-123.13196, 45.44909, -12500.5478515625], [-123.125, 45.443, -13001.8701171875], [-123.13196, 45.44909, -13503.19140625]]], [[[-123.28494, 45.62809, -2284.3447265625], [-123.28954, 45.63567, -2331.364501953125], [-123.28733, 45.63212, -1416.6826171875], [-123.28494, 45.62809, -2284.3447265625]]], [[[-123.21204, 45.51308, -23212.427734375], [-123.20962, 45.50824, -24015.087890625], [-123.21367, 45.51608, -24128.291015625], [-123.21204, 45.51308, -23212.427734375]]], [[[-123.13986, 45.45457, -13001.8701171875], [-123.13196, 45.44909, -12500.5478515625], [-123.13196, 45.44909, -13503.19140625], [-123.13986, 45.45457, -13001.8701171875]]], [[[-123.26827, 45.59885, -1529.193115234375], [-123.27015, 45.60308, -649.0855102539062], [-123.26593, 45.59428, -677.9251708984375], [-123.26827, 45.59885, -1529.193115234375]]], [[[-123.13986, 45.45457, -11999.2265625], [-123.13196, 45.44909, -12500.5478515625], [-123.13986, 45.45457, -13001.8701171875], [-123.13986, 45.45457, -11999.2265625]]], [[[-123.27005, 45.60286, -12389.5703125], [-123.27418, 45.61009, -12896.7041015625], [-123.27418, 45.61009, -11882.4365234375], [-123.27005, 45.60286, -12389.5703125]]], [[[-123.13986, 45.45457, -11999.2265625], [-123.13196, 45.44909, -11497.904296875], [-123.13196, 45.44909, -12500.5478515625], [-123.13986, 45.45457, -11999.2265625]]], [[[-123.22031, 45.52564, -14004.513671875], [-123.2153, 45.51868, -14505.8349609375], [-123.22031, 45.52564, -15007.1572265625], [-123.22031, 45.52564, -14004.513671875]]], [[[-123.18917, 45.48423, -25482.845703125], [-123.18328, 45.47638, -25596.052734375], [-123.18605, 45.48007, -26369.6484375], [-123.18917, 45.48423, -25482.845703125]]], [[[-123.13986, 45.45457, -10996.5830078125], [-123.13196, 45.44909, -11497.904296875], [-123.13986, 45.45457, -11999.2265625], [-123.13986, 45.45457, -10996.5830078125]]], [[[-123.26827, 45.59885, -1529.193115234375], [-123.26593, 45.59428, -677.9251708984375], [-123.26301, 45.58961, -1504.553466796875], [-123.26827, 45.59885, -1529.193115234375]]], [[[-123.27034, 45.60351, -2361.350830078125], [-123.27528, 45.61185, -2350.810791015625], [-123.27272, 45.60775, -1486.3084716796875], [-123.27034, 45.60351, -2361.350830078125]]], [[[-123.13986, 45.45457, -10996.5830078125], [-123.13196, 45.44909, -10495.2607421875], [-123.13196, 45.44909, -11497.904296875], [-123.13986, 45.45457, -10996.5830078125]]], [[[-123.26593, 45.59428, -677.9251708984375], [-123.27015, 45.60308, -649.0855102539062], [-123.26809, 45.59844, 200.09564208984375], [-123.26593, 45.59428, -677.9251708984375]]], [[[-123.25287, 45.5708, -27983.40625], [-123.25047, 45.56696, -27091.421875], [-123.2476, 45.56236, -27929.052734375], [-123.25287, 45.5708, -27983.40625]]], [[[-123.13986, 45.45457, -9993.939453125], [-123.13196, 45.44909, -10495.2607421875], [-123.13986, 45.45457, -10996.5830078125], [-123.13986, 45.45457, -9993.939453125]]], [[[-123.13205, 45.44917, -2454.75537109375], [-123.125, 45.443, -1972.791015625], [-123.125, 45.443, -2975.4345703125], [-123.13205, 45.44917, -2454.75537109375]]], [[[-123.25439, 45.5735, -22806.97265625], [-123.25158, 45.56873, -23634.845703125], [-123.2565, 45.57729, -23706.888671875], [-123.25439, 45.5735, -22806.97265625]]], [[[-123.13986, 45.45457, -9993.939453125], [-123.13196, 45.44909, -9492.6171875], [-123.13196, 45.44909, -10495.2607421875], [-123.13986, 45.45457, -9993.939453125]]], [[[-123.13196, 45.44909, -3476.75634765625], [-123.13205, 45.44917, -2454.75537109375], [-123.125, 45.443, -2975.4345703125], [-123.13196, 45.44909, -3476.75634765625]]], [[[-123.19134, 45.48712, -28164.466796875], [-123.18533, 45.47911, -28076.52734375], [-123.18798, 45.48264, -28997.103515625], [-123.19134, 45.48712, -28164.466796875]]], [[[-123.13986, 45.45457, -8991.2958984375], [-123.13196, 45.44909, -9492.6171875], [-123.13986, 45.45457, -9993.939453125], [-123.13986, 45.45457, -8991.2958984375]]], [[[-123.27762, 45.6156, -1463.097412109375], [-123.27511, 45.61158, -593.9942626953125], [-123.27272, 45.60775, -1486.3084716796875], [-123.27762, 45.6156, -1463.097412109375]]], [[[-123.14918, 45.45927, -28612.76953125], [-123.13938, 45.45425, -29040.89453125], [-123.14506, 45.45739, -29549.76171875], [-123.14918, 45.45927, -28612.76953125]]], [[[-123.13196, 45.44909, -9492.6171875], [-123.13986, 45.45457, -8991.2958984375], [-123.13196, 45.44909, -8489.9736328125], [-123.13196, 45.44909, -9492.6171875]]], [[[-123.28722, 45.63195, -4959.06396484375], [-123.29203, 45.63965, -4751.24951171875], [-123.28955, 45.63569, -4025.67626953125], [-123.28722, 45.63195, -4959.06396484375]]], [[[-123.31306, 45.67471, -10361.03515625], [-123.31306, 45.67471, -11375.302734375], [-123.317, 45.682, -10868.1689453125], [-123.31306, 45.67471, -10361.03515625]]], [[[-123.13196, 45.44909, -9492.6171875], [-123.13196, 45.44909, -8489.9736328125], [-123.125, 45.443, -8991.2958984375], [-123.13196, 45.44909, -9492.6171875]]], [[[-123.16783, 45.46657, -27897.326171875], [-123.17712, 45.47208, -27933.380859375], [-123.1701, 45.46784, -26879.75], [-123.16783, 45.46657, -27897.326171875]]], [[[-123.13196, 45.44909, -9492.6171875], [-123.125, 45.443, -8991.2958984375], [-123.125, 45.443, -9993.939453125], [-123.13196, 45.44909, -9492.6171875]]], [[[-123.29458, 45.64373, -597.836669921875], [-123.29978, 45.65281, -660.0546264648438], [-123.2974, 45.64852, 206.50013732910156], [-123.29458, 45.64373, -597.836669921875]]], [[[-123.13196, 45.44909, -10495.2607421875], [-123.13196, 45.44909, -9492.6171875], [-123.125, 45.443, -9993.939453125], [-123.13196, 45.44909, -10495.2607421875]]], [[[-123.20708, 45.50508, -4125.89306640625], [-123.21007, 45.50915, -3258.493896484375], [-123.20273, 45.50073, -3309.170654296875], [-123.20708, 45.50508, -4125.89306640625]]], [[[-123.18605, 45.48007, -26369.6484375], [-123.18174, 45.47516, -27080.130859375], [-123.18873, 45.48364, -27272.0546875], [-123.18605, 45.48007, -26369.6484375]]], [[[-123.13196, 45.44909, -10495.2607421875], [-123.125, 45.443, -9993.939453125], [-123.125, 45.443, -10996.5830078125], [-123.13196, 45.44909, -10495.2607421875]]], [[[-123.30399, 45.65979, -3214.8623046875], [-123.30399, 45.65978, -4207.99267578125], [-123.30882, 45.66751, -3768.294921875], [-123.30399, 45.65979, -3214.8623046875]]], [[[-123.27418, 45.61009, -18982.310546875], [-123.27864, 45.61723, -19489.4453125], [-123.27864, 45.61723, -18475.17578125], [-123.27418, 45.61009, -18982.310546875]]], [[[-123.13196, 45.44909, -11497.904296875], [-123.13196, 45.44909, -10495.2607421875], [-123.125, 45.443, -10996.5830078125], [-123.13196, 45.44909, -11497.904296875]]], [[[-123.18908, 45.48411, -7986.06884765625], [-123.1894, 45.48453, -6868.27734375], [-123.18422, 45.47763, -7394.81494140625], [-123.18908, 45.48411, -7986.06884765625]]], [[[-123.13196, 45.44909, -11497.904296875], [-123.125, 45.443, -10996.5830078125], [-123.125, 45.443, -11999.2265625], [-123.13196, 45.44909, -11497.904296875]]], [[[-123.29978, 45.65281, -660.0546264648438], [-123.30222, 45.65695, -1504.4112548828125], [-123.30487, 45.66119, -646.3900146484375], [-123.29978, 45.65281, -660.0546264648438]]], [[[-123.26172, 45.58745, -21994.193359375], [-123.26685, 45.59576, -22130.7109375], [-123.2659, 45.59425, -21099.119140625], [-123.26172, 45.58745, -21994.193359375]]], [[[-123.13196, 45.44909, -12500.5478515625], [-123.13196, 45.44909, -11497.904296875], [-123.125, 45.443, -11999.2265625], [-123.13196, 45.44909, -12500.5478515625]]], [[[-123.28495, 45.62811, -560.8112182617188], [-123.28981, 45.6361, -538.897705078125], [-123.28725, 45.632, 330.64715576171875], [-123.28495, 45.62811, -560.8112182617188]]], [[[-123.22299, 45.52871, -23315.689453125], [-123.21653, 45.52065, -23272.681640625], [-123.2193, 45.52449, -24146.26953125], [-123.22299, 45.52871, -23315.689453125]]], [[[-123.13196, 45.44909, -12500.5478515625], [-123.125, 45.443, -11999.2265625], [-123.125, 45.443, -13001.8701171875], [-123.13196, 45.44909, -12500.5478515625]]], [[[-123.27418, 45.61009, -10868.1689453125], [-123.27864, 45.61723, -11375.302734375], [-123.27864, 45.61723, -10361.03515625], [-123.27418, 45.61009, -10868.1689453125]]], [[[-123.13196, 45.44909, -8489.9736328125], [-123.125, 45.443, -7988.65234375], [-123.125, 45.443, -8991.2958984375], [-123.13196, 45.44909, -8489.9736328125]]], [[[-123.29544, 45.6451, -4069.998046875], [-123.29203, 45.63965, -4751.24951171875], [-123.29595, 45.64592, -5241.22705078125], [-123.29544, 45.6451, -4069.998046875]]], [[[-123.2829, 45.62443, -12896.7041015625], [-123.27864, 45.61723, -13403.837890625], [-123.2829, 45.62443, -13910.9716796875], [-123.2829, 45.62443, -12896.7041015625]]], [[[-123.13196, 45.44909, -8489.9736328125], [-123.13196, 45.44909, -7487.33056640625], [-123.125, 45.443, -7988.65234375], [-123.13196, 45.44909, -8489.9736328125]]], [[[-123.27483, 45.61112, -7539.56884765625], [-123.27913, 45.61801, -7382.5654296875], [-123.27748, 45.61537, -6628.8134765625], [-123.27483, 45.61112, -7539.56884765625]]], [[[-123.13196, 45.44909, -8489.9736328125], [-123.13986, 45.45457, -7988.65234375], [-123.13196, 45.44909, -7487.33056640625], [-123.13196, 45.44909, -8489.9736328125]]], [[[-123.30399, 45.65979, -3214.8623046875], [-123.30882, 45.66751, -3768.294921875], [-123.30878, 45.66746, -2729.54345703125], [-123.30399, 45.65979, -3214.8623046875]]], [[[-123.13986, 45.45457, -7988.65234375], [-123.13196, 45.44909, -8489.9736328125], [-123.13986, 45.45457, -8991.2958984375], [-123.13986, 45.45457, -7988.65234375]]], [[[-123.27993, 45.6193, -573.269287109375], [-123.28244, 45.6236, 290.0652770996094], [-123.27741, 45.61526, 306.0425720214844], [-123.27993, 45.6193, -573.269287109375]]], [[[-123.14885, 45.45911, -8489.9736328125], [-123.13986, 45.45457, -7988.65234375], [-123.13986, 45.45457, -8991.2958984375], [-123.14885, 45.45911, -8489.9736328125]]], [[[-123.27864, 45.61723, -15432.3740234375], [-123.2829, 45.62443, -14925.2392578125], [-123.27864, 45.61723, -14418.10546875], [-123.27864, 45.61723, -15432.3740234375]]], [[[-123.14885, 45.45911, -8489.9736328125], [-123.14885, 45.45911, -7487.33056640625], [-123.13986, 45.45457, -7988.65234375], [-123.14885, 45.45911, -8489.9736328125]]], [[[-123.29998, 45.65317, -5782.6123046875], [-123.30433, 45.66032, -5281.412109375], [-123.29974, 45.65273, -4657.62939453125], [-123.29998, 45.65317, -5782.6123046875]]], [[[-123.27456, 45.6107, -23959.22265625], [-123.27214, 45.60682, -24784.24609375], [-123.27814, 45.61643, -24660.791015625], [-123.27456, 45.6107, -23959.22265625]]], [[[-123.15857, 45.46286, -7988.65234375], [-123.14885, 45.45911, -7487.33056640625], [-123.14885, 45.45911, -8489.9736328125], [-123.15857, 45.46286, -7988.65234375]]], [[[-123.2829, 45.62443, -15939.5078125], [-123.28704, 45.63166, -16446.640625], [-123.28704, 45.63166, -15432.3740234375], [-123.2829, 45.62443, -15939.5078125]]], [[[-123.15857, 45.46286, -6986.0087890625], [-123.14885, 45.45911, -7487.33056640625], [-123.15857, 45.46286, -7988.65234375], [-123.15857, 45.46286, -6986.0087890625]]], [[[-123.29595, 45.64592, -5241.22705078125], [-123.29596, 45.64594, -6303.96435546875], [-123.29998, 45.65317, -5782.6123046875], [-123.29595, 45.64592, -5241.22705078125]]], [[[-123.27814, 45.61643, -24660.791015625], [-123.27445, 45.61051, -25636.380859375], [-123.27934, 45.61835, -25722.142578125], [-123.27814, 45.61643, -24660.791015625]]], [[[-123.14885, 45.45911, -7487.33056640625], [-123.15857, 45.46286, -6986.0087890625], [-123.14885, 45.45911, -6484.68701171875], [-123.14885, 45.45911, -7487.33056640625]]], [[[-123.18409, 45.47746, -9492.6171875], [-123.17664, 45.47176, -8991.2958984375], [-123.17664, 45.47176, -9993.939453125], [-123.18409, 45.47746, -9492.6171875]]], [[[-123.14885, 45.45911, -7487.33056640625], [-123.14885, 45.45911, -6484.68701171875], [-123.13986, 45.45457, -6986.0087890625], [-123.14885, 45.45911, -7487.33056640625]]], [[[-123.28954, 45.63567, -2331.364501953125], [-123.29494, 45.64431, -2399.972412109375], [-123.29203, 45.63965, -1460.734375], [-123.28954, 45.63567, -2331.364501953125]]], [[[-123.28287, 45.62438, -24057.748046875], [-123.27868, 45.61729, -23544.681640625], [-123.27814, 45.61643, -24660.791015625], [-123.28287, 45.62438, -24057.748046875]]], [[[-123.14885, 45.45911, -7487.33056640625], [-123.13986, 45.45457, -6986.0087890625], [-123.13986, 45.45457, -7988.65234375], [-123.14885, 45.45911, -7487.33056640625]]], [[[-123.27017, 45.60313, -4053.857177734375], [-123.27553, 45.61224, -4074.01904296875], [-123.27279, 45.60787, -3222.42578125], [-123.27017, 45.60313, -4053.857177734375]]], [[[-123.13986, 45.45457, -6986.0087890625], [-123.13196, 45.44909, -7487.33056640625], [-123.13986, 45.45457, -7988.65234375], [-123.13986, 45.45457, -6986.0087890625]]], [[[-123.29964, 45.65255, -2392.6259765625], [-123.30222, 45.65695, -1504.4112548828125], [-123.29704, 45.64787, -1470.2669677734375], [-123.29964, 45.65255, -2392.6259765625]]], [[[-123.25787, 45.57977, -20171.314453125], [-123.25476, 45.57417, -19455.814453125], [-123.25266, 45.57045, -20205.814453125], [-123.25787, 45.57977, -20171.314453125]]], [[[-123.13986, 45.45457, -6986.0087890625], [-123.13196, 45.44909, -6484.68701171875], [-123.13196, 45.44909, -7487.33056640625], [-123.13986, 45.45457, -6986.0087890625]]], [[[-123.23878, 45.54937, -20892.556640625], [-123.24147, 45.55296, -21790.49609375], [-123.2445, 45.55739, -20949.78515625], [-123.23878, 45.54937, -20892.556640625]]], [[[-123.28547, 45.62905, -30180.42578125], [-123.28768, 45.63269, -31081.173828125], [-123.29054, 45.63727, -30245.7421875], [-123.28547, 45.62905, -30180.42578125]]], [[[-123.13986, 45.45457, -5983.365234375], [-123.13196, 45.44909, -6484.68701171875], [-123.13986, 45.45457, -6986.0087890625], [-123.13986, 45.45457, -5983.365234375]]], [[[-123.26219, 45.58831, -16446.640625], [-123.26665, 45.59545, -16953.775390625], [-123.26665, 45.59545, -15939.5078125], [-123.26219, 45.58831, -16446.640625]]], [[[-123.13196, 45.44909, -6484.68701171875], [-123.13986, 45.45457, -5983.365234375], [-123.13196, 45.44909, -5482.04345703125], [-123.13196, 45.44909, -6484.68701171875]]], [[[-123.27318, 45.60849, -29148.314453125], [-123.27548, 45.61216, -30046.90625], [-123.27834, 45.61675, -29209.759765625], [-123.27318, 45.60849, -29148.314453125]]], [[[-123.13196, 45.44909, -6484.68701171875], [-123.13196, 45.44909, -5482.04345703125], [-123.125, 45.443, -5983.365234375], [-123.13196, 45.44909, -6484.68701171875]]], [[[-123.29978, 45.65281, -660.0546264648438], [-123.3022, 45.65692, 216.96786499023438], [-123.2974, 45.64852, 206.50013732910156], [-123.29978, 45.65281, -660.0546264648438]]], [[[-123.27864, 45.61723, -20503.712890625], [-123.2829, 45.62443, -21010.845703125], [-123.2829, 45.62443, -19996.578125], [-123.27864, 45.61723, -20503.712890625]]], [[[-123.13196, 45.44909, -6484.68701171875], [-123.125, 45.443, -5983.365234375], [-123.125, 45.443, -6986.0087890625], [-123.13196, 45.44909, -6484.68701171875]]], [[[-123.30433, 45.66032, -2299.769287109375], [-123.29964, 45.65255, -2392.6259765625], [-123.30399, 45.65979, -3214.8623046875], [-123.30433, 45.66032, -2299.769287109375]]], [[[-123.27005, 45.60286, -16446.640625], [-123.27005, 45.60286, -17460.908203125], [-123.27418, 45.61009, -16953.775390625], [-123.27005, 45.60286, -16446.640625]]], [[[-123.13196, 45.44909, -7487.33056640625], [-123.13196, 45.44909, -6484.68701171875], [-123.125, 45.443, -6986.0087890625], [-123.13196, 45.44909, -7487.33056640625]]], [[[-123.29494, 45.64431, -2399.972412109375], [-123.29964, 45.65255, -2392.6259765625], [-123.29704, 45.64787, -1470.2669677734375], [-123.29494, 45.64431, -2399.972412109375]]], [[[-123.13196, 45.44909, -7487.33056640625], [-123.125, 45.443, -6986.0087890625], [-123.125, 45.443, -7988.65234375], [-123.13196, 45.44909, -7487.33056640625]]], [[[-123.23414, 45.54184, -19089.275390625], [-123.23149, 45.53749, -19905.091796875], [-123.2364, 45.54591, -19995.501953125], [-123.23414, 45.54184, -19089.275390625]]], [[[-123.13196, 45.44909, -5482.04345703125], [-123.125, 45.443, -4980.7216796875], [-123.125, 45.443, -5983.365234375], [-123.13196, 45.44909, -5482.04345703125]]], [[[-123.13196, 45.44909, -5482.04345703125], [-123.13196, 45.44909, -4479.39990234375], [-123.125, 45.443, -4980.7216796875], [-123.13196, 45.44909, -5482.04345703125]]], [[[-123.29458, 45.64373, -597.836669921875], [-123.2974, 45.64852, 206.50013732910156], [-123.29241, 45.64026, 326.17462158203125], [-123.29458, 45.64373, -597.836669921875]]], [[[-123.28955, 45.63569, -4025.67626953125], [-123.29262, 45.64059, -3219.770263671875], [-123.28714, 45.63183, -3189.524658203125], [-123.28955, 45.63569, -4025.67626953125]]], [[[-123.13196, 45.44909, -5482.04345703125], [-123.13986, 45.45457, -4980.7216796875], [-123.13196, 45.44909, -4479.39990234375], [-123.13196, 45.44909, -5482.04345703125]]], [[[-123.13986, 45.45457, -4980.7216796875], [-123.13196, 45.44909, -5482.04345703125], [-123.13986, 45.45457, -5983.365234375], [-123.13986, 45.45457, -4980.7216796875]]], [[[-123.25887, 45.58174, -6655.89404296875], [-123.25636, 45.57705, -5814.07958984375], [-123.2537, 45.57226, -6644.10302734375], [-123.25887, 45.58174, -6655.89404296875]]], [[[-123.14885, 45.45911, -5482.04345703125], [-123.13986, 45.45457, -4980.7216796875], [-123.13986, 45.45457, -5983.365234375], [-123.14885, 45.45911, -5482.04345703125]]], [[[-123.3048, 45.66108, -30585.11328125], [-123.30855, 45.66708, -31223.3828125], [-123.30882, 45.66751, -30139.255859375], [-123.3048, 45.66108, -30585.11328125]]], [[[-123.14885, 45.45911, -5482.04345703125], [-123.14885, 45.45911, -4479.39990234375], [-123.13986, 45.45457, -4980.7216796875], [-123.14885, 45.45911, -5482.04345703125]]], [[[-123.15924, 45.46308, -4933.6748046875], [-123.14885, 45.45911, -4479.39990234375], [-123.14885, 45.45911, -5482.04345703125], [-123.15924, 45.46308, -4933.6748046875]]], [[[-123.3, 45.6532, -7825.36572265625], [-123.30436, 45.66037, -8332.5], [-123.30436, 45.66037, -7318.23193359375], [-123.3, 45.6532, -7825.36572265625]]], [[[-123.15883, 45.46294, -3920.138671875], [-123.14885, 45.45911, -4479.39990234375], [-123.15924, 45.46308, -4933.6748046875], [-123.15883, 45.46294, -3920.138671875]]], [[[-123.3, 45.6532, -9853.9013671875], [-123.3, 45.6532, -10868.1689453125], [-123.30436, 45.66037, -10361.03515625], [-123.3, 45.6532, -9853.9013671875]]], [[[-123.15883, 45.46294, -3920.138671875], [-123.14936, 45.45935, -3449.160400390625], [-123.14885, 45.45911, -4479.39990234375], [-123.15883, 45.46294, -3920.138671875]]], [[[-123.29138, 45.63861, -28463.619140625], [-123.28827, 45.63363, -29351.05859375], [-123.29356, 45.6421, -29419.4140625], [-123.29138, 45.63861, -28463.619140625]]], [[[-123.15883, 45.46294, -3920.138671875], [-123.15947, 45.46316, -2645.919189453125], [-123.14936, 45.45935, -3449.160400390625], [-123.15883, 45.46294, -3920.138671875]]], [[[-123.24868, 45.56408, -24466.82421875], [-123.24639, 45.56043, -23575.517578125], [-123.24363, 45.55601, -24413.720703125], [-123.24868, 45.56408, -24466.82421875]]], [[[-123.1664, 45.46578, -3362.878173828125], [-123.15947, 45.46316, -2645.919189453125], [-123.15883, 45.46294, -3920.138671875], [-123.1664, 45.46578, -3362.878173828125]]], [[[-123.3, 45.6532, -6811.09814453125], [-123.30436, 45.66037, -7318.23193359375], [-123.30436, 45.66037, -6303.96435546875], [-123.3, 45.6532, -6811.09814453125]]], [[[-123.15947, 45.46316, -2645.919189453125], [-123.1664, 45.46578, -3362.878173828125], [-123.1708, 45.46822, -2510.989990234375], [-123.15947, 45.46316, -2645.919189453125]]], [[[-123.15947, 45.46316, -2645.919189453125], [-123.1708, 45.46822, -2510.989990234375], [-123.16566, 45.46537, -1649.71484375], [-123.15947, 45.46316, -2645.919189453125]]], [[[-123.2915, 45.6388, -7825.36572265625], [-123.29596, 45.64594, -7318.23193359375], [-123.2915, 45.6388, -6811.09814453125], [-123.2915, 45.6388, -7825.36572265625]]], [[[-123.15947, 45.46316, -2645.919189453125], [-123.16566, 45.46537, -1649.71484375], [-123.15347, 45.46116, -1694.45947265625], [-123.15947, 45.46316, -2645.919189453125]]], [[[-123.15947, 45.46316, -2645.919189453125], [-123.15347, 45.46116, -1694.45947265625], [-123.14846, 45.45894, -2537.0908203125], [-123.15947, 45.46316, -2645.919189453125]]], [[[-123.14846, 45.45894, -2537.0908203125], [-123.14936, 45.45935, -3449.160400390625], [-123.15947, 45.46316, -2645.919189453125], [-123.14846, 45.45894, -2537.0908203125]]], [[[-123.14936, 45.45935, -3449.160400390625], [-123.14846, 45.45894, -2537.0908203125], [-123.13986, 45.45457, -2975.4345703125], [-123.14936, 45.45935, -3449.160400390625]]], [[[-123.14936, 45.45935, -3449.160400390625], [-123.13986, 45.45457, -2975.4345703125], [-123.13986, 45.45457, -3978.078125], [-123.14936, 45.45935, -3449.160400390625]]], [[[-123.24642, 45.56048, -2317.371826171875], [-123.24907, 45.56472, -3184.4521484375], [-123.25206, 45.56949, -2368.0419921875], [-123.24642, 45.56048, -2317.371826171875]]], [[[-123.14885, 45.45911, -4479.39990234375], [-123.14936, 45.45935, -3449.160400390625], [-123.13986, 45.45457, -3978.078125], [-123.14885, 45.45911, -4479.39990234375]]], [[[-123.31299, 45.67459, -1140.3167724609375], [-123.31284, 45.67431, -2208.20556640625], [-123.317, 45.682, -1739.7593994140625], [-123.31299, 45.67459, -1140.3167724609375]]], [[[-123.14885, 45.45911, -4479.39990234375], [-123.13986, 45.45457, -3978.078125], [-123.13986, 45.45457, -4980.7216796875], [-123.14885, 45.45911, -4479.39990234375]]], [[[-123.13986, 45.45457, -3978.078125], [-123.13196, 45.44909, -4479.39990234375], [-123.13986, 45.45457, -4980.7216796875], [-123.13986, 45.45457, -3978.078125]]], [[[-123.13986, 45.45457, -3978.078125], [-123.13196, 45.44909, -3476.75634765625], [-123.13196, 45.44909, -4479.39990234375], [-123.13986, 45.45457, -3978.078125]]], [[[-123.3, 45.6532, -24053.6484375], [-123.30436, 45.66037, -23546.515625], [-123.3, 45.6532, -23039.380859375], [-123.3, 45.6532, -24053.6484375]]], [[[-123.13986, 45.45457, -2975.4345703125], [-123.13196, 45.44909, -3476.75634765625], [-123.13986, 45.45457, -3978.078125], [-123.13986, 45.45457, -2975.4345703125]]], [[[-123.18409, 45.47746, -13503.19140625], [-123.18409, 45.47746, -12500.5478515625], [-123.17664, 45.47176, -13001.8701171875], [-123.18409, 45.47746, -13503.19140625]]], [[[-123.29289, 45.64102, -31139.48046875], [-123.28768, 45.63269, -31081.173828125], [-123.28999, 45.63639, -31978.53515625], [-123.29289, 45.64102, -31139.48046875]]], [[[-123.13986, 45.45457, -2975.4345703125], [-123.13205, 45.44917, -2454.75537109375], [-123.13196, 45.44909, -3476.75634765625], [-123.13986, 45.45457, -2975.4345703125]]], [[[-123.14073, 45.45515, -1869.1298828125], [-123.13205, 45.44917, -2454.75537109375], [-123.13986, 45.45457, -2975.4345703125], [-123.14073, 45.45515, -1869.1298828125]]], [[[-123.14073, 45.45515, -1869.1298828125], [-123.13192, 45.44906, -1366.9266357421875], [-123.13205, 45.44917, -2454.75537109375], [-123.14073, 45.45515, -1869.1298828125]]], [[[-123.14073, 45.45515, -1869.1298828125], [-123.13792, 45.45328, -844.595703125], [-123.13192, 45.44906, -1366.9266357421875], [-123.14073, 45.45515, -1869.1298828125]]], [[[-123.14073, 45.45515, -1869.1298828125], [-123.14768, 45.45858, -880.820556640625], [-123.13792, 45.45328, -844.595703125], [-123.14073, 45.45515, -1869.1298828125]]], [[[-123.15347, 45.46116, -1694.45947265625], [-123.14768, 45.45858, -880.820556640625], [-123.14073, 45.45515, -1869.1298828125], [-123.15347, 45.46116, -1694.45947265625]]], [[[-123.15347, 45.46116, -1694.45947265625], [-123.15964, 45.46321, -811.249755859375], [-123.14768, 45.45858, -880.820556640625], [-123.15347, 45.46116, -1694.45947265625]]], [[[-123.26665, 45.59545, -15939.5078125], [-123.27005, 45.60286, -16446.640625], [-123.27005, 45.60286, -15432.3740234375], [-123.26665, 45.59545, -15939.5078125]]], [[[-123.15347, 45.46116, -1694.45947265625], [-123.16566, 45.46537, -1649.71484375], [-123.15964, 45.46321, -811.249755859375], [-123.15347, 45.46116, -1694.45947265625]]], [[[-123.16566, 45.46537, -1649.71484375], [-123.17069, 45.46816, -736.0365600585938], [-123.15964, 45.46321, -811.249755859375], [-123.16566, 45.46537, -1649.71484375]]], [[[-123.17521, 45.47081, -1622.934814453125], [-123.17069, 45.46816, -736.0365600585938], [-123.16566, 45.46537, -1649.71484375], [-123.17521, 45.47081, -1622.934814453125]]], [[[-123.17521, 45.47081, -1622.934814453125], [-123.17944, 45.47363, -720.967041015625], [-123.17069, 45.46816, -736.0365600585938], [-123.17521, 45.47081, -1622.934814453125]]], [[[-123.18376, 45.47701, -1570.53759765625], [-123.17944, 45.47363, -720.967041015625], [-123.17521, 45.47081, -1622.934814453125], [-123.18376, 45.47701, -1570.53759765625]]], [[[-123.18376, 45.47701, -1570.53759765625], [-123.18707, 45.48142, -729.4544677734375], [-123.17944, 45.47363, -720.967041015625], [-123.18376, 45.47701, -1570.53759765625]]], [[[-123.19007, 45.48542, -1583.778076171875], [-123.18707, 45.48142, -729.4544677734375], [-123.18376, 45.47701, -1570.53759765625], [-123.19007, 45.48542, -1583.778076171875]]], [[[-123.23289, 45.5396, -13892.5185546875], [-123.2263, 45.5323, -14501.662109375], [-123.23241, 45.53873, -15007.1572265625], [-123.23289, 45.5396, -13892.5185546875]]], [[[-123.19007, 45.48542, -1583.778076171875], [-123.19282, 45.48909, -706.5404052734375], [-123.18707, 45.48142, -729.4544677734375], [-123.19007, 45.48542, -1583.778076171875]]], [[[-123.1958, 45.49291, -1578.0732421875], [-123.19282, 45.48909, -706.5404052734375], [-123.19007, 45.48542, -1583.778076171875], [-123.1958, 45.49291, -1578.0732421875]]], [[[-123.1958, 45.49291, -1578.0732421875], [-123.19918, 45.49677, -717.6650390625], [-123.19282, 45.48909, -706.5404052734375], [-123.1958, 45.49291, -1578.0732421875]]], [[[-123.2915, 45.6388, -11882.4365234375], [-123.29596, 45.64594, -11375.302734375], [-123.2915, 45.6388, -10868.1689453125], [-123.2915, 45.6388, -11882.4365234375]]], [[[-123.20271, 45.50071, -1576.6817626953125], [-123.19918, 45.49677, -717.6650390625], [-123.1958, 45.49291, -1578.0732421875], [-123.20271, 45.50071, -1576.6817626953125]]], [[[-123.20271, 45.50071, -1576.6817626953125], [-123.20655, 45.50455, -720.8615112304688], [-123.19918, 45.49677, -717.6650390625], [-123.20271, 45.50071, -1576.6817626953125]]], [[[-123.20974, 45.50849, -1577.044677734375], [-123.20655, 45.50455, -720.8615112304688], [-123.20271, 45.50071, -1576.6817626953125], [-123.20974, 45.50849, -1577.044677734375]]], [[[-123.20974, 45.50849, -1577.044677734375], [-123.21185, 45.5127, -708.658447265625], [-123.20655, 45.50455, -720.8615112304688], [-123.20974, 45.50849, -1577.044677734375]]], [[[-123.29596, 45.64594, -10361.03515625], [-123.3, 45.6532, -10868.1689453125], [-123.3, 45.6532, -9853.9013671875], [-123.29596, 45.64594, -10361.03515625]]], [[[-123.21467, 45.51767, -1516.9334716796875], [-123.21185, 45.5127, -708.658447265625], [-123.20974, 45.50849, -1577.044677734375], [-123.21467, 45.51767, -1516.9334716796875]]], [[[-123.21467, 45.51767, -1516.9334716796875], [-123.21725, 45.5218, -641.9918823242188], [-123.21185, 45.5127, -708.658447265625], [-123.21467, 45.51767, -1516.9334716796875]]], [[[-123.2915, 45.6388, -12896.7041015625], [-123.29596, 45.64594, -13403.837890625], [-123.29596, 45.64594, -12389.5703125], [-123.2915, 45.6388, -12896.7041015625]]], [[[-123.2207, 45.52608, -1452.673095703125], [-123.21725, 45.5218, -641.9918823242188], [-123.21467, 45.51767, -1516.9334716796875], [-123.2207, 45.52608, -1452.673095703125]]], [[[-123.2207, 45.52608, -1452.673095703125], [-123.22357, 45.52936, -536.2218627929688], [-123.21725, 45.5218, -641.9918823242188], [-123.2207, 45.52608, -1452.673095703125]]], [[[-123.22702, 45.53302, -1403.9312744140625], [-123.22357, 45.52936, -536.2218627929688], [-123.2207, 45.52608, -1452.673095703125], [-123.22702, 45.53302, -1403.9312744140625]]], [[[-123.22702, 45.53302, -1403.9312744140625], [-123.23012, 45.53612, -502.4553527832031], [-123.22357, 45.52936, -536.2218627929688], [-123.22702, 45.53302, -1403.9312744140625]]], [[[-123.26665, 45.59545, -12896.7041015625], [-123.26665, 45.59545, -13910.9716796875], [-123.27005, 45.60286, -13403.837890625], [-123.26665, 45.59545, -12896.7041015625]]], [[[-123.23293, 45.53967, -1385.21875], [-123.23012, 45.53612, -502.4553527832031], [-123.22702, 45.53302, -1403.9312744140625], [-123.23293, 45.53967, -1385.21875]]], [[[-123.23293, 45.53967, -1385.21875], [-123.23533, 45.544, -537.0296630859375], [-123.23012, 45.53612, -502.4553527832031], [-123.23293, 45.53967, -1385.21875]]], [[[-123.23293, 45.53967, -1385.21875], [-123.23728, 45.54738, -1448.8023681640625], [-123.23533, 45.544, -537.0296630859375], [-123.23293, 45.53967, -1385.21875]]], [[[-123.235, 45.5434, -2298.965576171875], [-123.23728, 45.54738, -1448.8023681640625], [-123.23293, 45.53967, -1385.21875], [-123.235, 45.5434, -2298.965576171875]]], [[[-123.235, 45.5434, -2298.965576171875], [-123.24035, 45.55147, -2322.370849609375], [-123.23728, 45.54738, -1448.8023681640625], [-123.235, 45.5434, -2298.965576171875]]], [[[-123.23722, 45.54729, -3175.38134765625], [-123.24035, 45.55147, -2322.370849609375], [-123.235, 45.5434, -2298.965576171875], [-123.23722, 45.54729, -3175.38134765625]]], [[[-123.24354, 45.55586, -3149.37890625], [-123.24035, 45.55147, -2322.370849609375], [-123.23722, 45.54729, -3175.38134765625], [-123.24354, 45.55586, -3149.37890625]]], [[[-123.24035, 45.55147, -2322.370849609375], [-123.24354, 45.55586, -3149.37890625], [-123.24642, 45.56048, -2317.371826171875], [-123.24035, 45.55147, -2322.370849609375]]], [[[-123.27005, 45.60286, -15432.3740234375], [-123.27005, 45.60286, -16446.640625], [-123.27418, 45.61009, -15939.5078125], [-123.27005, 45.60286, -15432.3740234375]]], [[[-123.24352, 45.55583, -1490.646728515625], [-123.24035, 45.55147, -2322.370849609375], [-123.24642, 45.56048, -2317.371826171875], [-123.24352, 45.55583, -1490.646728515625]]], [[[-123.26665, 45.59545, -19996.578125], [-123.27005, 45.60286, -19489.4453125], [-123.26665, 45.59545, -18982.310546875], [-123.26665, 45.59545, -19996.578125]]], [[[-123.24035, 45.55147, -2322.370849609375], [-123.24352, 45.55583, -1490.646728515625], [-123.23728, 45.54738, -1448.8023681640625], [-123.24035, 45.55147, -2322.370849609375]]], [[[-123.24352, 45.55583, -1490.646728515625], [-123.24057, 45.55176, -616.7717895507812], [-123.23728, 45.54738, -1448.8023681640625], [-123.24352, 45.55583, -1490.646728515625]]], [[[-123.24352, 45.55583, -1490.646728515625], [-123.24655, 45.56068, -678.5153198242188], [-123.24057, 45.55176, -616.7717895507812], [-123.24352, 45.55583, -1490.646728515625]]], [[[-123.24935, 45.56516, -1505.4696044921875], [-123.24655, 45.56068, -678.5153198242188], [-123.24352, 45.55583, -1490.646728515625], [-123.24935, 45.56516, -1505.4696044921875]]], [[[-123.24655, 45.56068, -678.5153198242188], [-123.24935, 45.56516, -1505.4696044921875], [-123.25209, 45.56955, -638.432373046875], [-123.24655, 45.56068, -678.5153198242188]]], [[[-123.24655, 45.56068, -678.5153198242188], [-123.25209, 45.56955, -638.432373046875], [-123.24915, 45.56484, 190.48614501953125], [-123.24655, 45.56068, -678.5153198242188]]], [[[-123.24655, 45.56068, -678.5153198242188], [-123.24915, 45.56484, 190.48614501953125], [-123.24397, 45.55656, 193.7982635498047], [-123.24655, 45.56068, -678.5153198242188]]], [[[-123.2915, 45.6388, -11882.4365234375], [-123.29596, 45.64594, -12389.5703125], [-123.29596, 45.64594, -11375.302734375], [-123.2915, 45.6388, -11882.4365234375]]], [[[-123.24057, 45.55176, -616.7717895507812], [-123.24655, 45.56068, -678.5153198242188], [-123.24397, 45.55656, 193.7982635498047], [-123.24057, 45.55176, -616.7717895507812]]], [[[-123.24057, 45.55176, -616.7717895507812], [-123.24397, 45.55656, 193.7982635498047], [-123.23816, 45.54854, 304.6594543457031], [-123.24057, 45.55176, -616.7717895507812]]], [[[-123.24057, 45.55176, -616.7717895507812], [-123.23816, 45.54854, 304.6594543457031], [-123.23533, 45.544, -537.0296630859375], [-123.24057, 45.55176, -616.7717895507812]]], [[[-123.23728, 45.54738, -1448.8023681640625], [-123.24057, 45.55176, -616.7717895507812], [-123.23533, 45.544, -537.0296630859375], [-123.23728, 45.54738, -1448.8023681640625]]], [[[-123.23533, 45.544, -537.0296630859375], [-123.23816, 45.54854, 304.6594543457031], [-123.23322, 45.5402, 361.27520751953125], [-123.23533, 45.544, -537.0296630859375]]], [[[-123.23533, 45.544, -537.0296630859375], [-123.23322, 45.5402, 361.27520751953125], [-123.23012, 45.53612, -502.4553527832031], [-123.23533, 45.544, -537.0296630859375]]], [[[-123.22652, 45.53252, 377.27838134765625], [-123.23012, 45.53612, -502.4553527832031], [-123.23322, 45.5402, 361.27520751953125], [-123.22652, 45.53252, 377.27838134765625]]], [[[-123.22357, 45.52936, -536.2218627929688], [-123.23012, 45.53612, -502.4553527832031], [-123.22652, 45.53252, 377.27838134765625], [-123.22357, 45.52936, -536.2218627929688]]], [[[-123.22357, 45.52936, -536.2218627929688], [-123.22652, 45.53252, 377.27838134765625], [-123.21967, 45.52491, 284.4287414550781], [-123.22357, 45.52936, -536.2218627929688]]], [[[-123.21725, 45.5218, -641.9918823242188], [-123.22357, 45.52936, -536.2218627929688], [-123.21967, 45.52491, 284.4287414550781], [-123.21725, 45.5218, -641.9918823242188]]], [[[-123.21725, 45.5218, -641.9918823242188], [-123.21967, 45.52491, 284.4287414550781], [-123.21413, 45.51681, 162.62413024902344], [-123.21725, 45.5218, -641.9918823242188]]], [[[-123.21185, 45.5127, -708.658447265625], [-123.21725, 45.5218, -641.9918823242188], [-123.21413, 45.51681, 162.62413024902344], [-123.21185, 45.5127, -708.658447265625]]], [[[-123.2915, 45.6388, -12896.7041015625], [-123.29596, 45.64594, -12389.5703125], [-123.2915, 45.6388, -11882.4365234375], [-123.2915, 45.6388, -12896.7041015625]]], [[[-123.21185, 45.5127, -708.658447265625], [-123.21413, 45.51681, 162.62413024902344], [-123.20967, 45.50834, 158.75930786132812], [-123.21185, 45.5127, -708.658447265625]]], [[[-123.20655, 45.50455, -720.8615112304688], [-123.21185, 45.5127, -708.658447265625], [-123.20967, 45.50834, 158.75930786132812], [-123.20655, 45.50455, -720.8615112304688]]], [[[-123.20655, 45.50455, -720.8615112304688], [-123.20967, 45.50834, 158.75930786132812], [-123.20275, 45.50075, 142.81495666503906], [-123.20655, 45.50455, -720.8615112304688]]], [[[-123.19918, 45.49677, -717.6650390625], [-123.20655, 45.50455, -720.8615112304688], [-123.20275, 45.50075, 142.81495666503906], [-123.19918, 45.49677, -717.6650390625]]], [[[-123.19918, 45.49677, -717.6650390625], [-123.20275, 45.50075, 142.81495666503906], [-123.19593, 45.49306, 165.0670166015625], [-123.19918, 45.49677, -717.6650390625]]], [[[-123.19282, 45.48909, -706.5404052734375], [-123.19918, 45.49677, -717.6650390625], [-123.19593, 45.49306, 165.0670166015625], [-123.19282, 45.48909, -706.5404052734375]]], [[[-123.19282, 45.48909, -706.5404052734375], [-123.19593, 45.49306, 165.0670166015625], [-123.18982, 45.48509, 165.60012817382812], [-123.19282, 45.48909, -706.5404052734375]]], [[[-123.18707, 45.48142, -729.4544677734375], [-123.19282, 45.48909, -706.5404052734375], [-123.18982, 45.48509, 165.60012817382812], [-123.18707, 45.48142, -729.4544677734375]]], [[[-123.18707, 45.48142, -729.4544677734375], [-123.18982, 45.48509, 165.60012817382812], [-123.18381, 45.47708, 117.03739929199219], [-123.18707, 45.48142, -729.4544677734375]]], [[[-123.17944, 45.47363, -720.967041015625], [-123.18707, 45.48142, -729.4544677734375], [-123.18381, 45.47708, 117.03739929199219], [-123.17944, 45.47363, -720.967041015625]]], [[[-123.17944, 45.47363, -720.967041015625], [-123.18381, 45.47708, 117.03739929199219], [-123.17494, 45.47063, 176.63365173339844], [-123.17944, 45.47363, -720.967041015625]]], [[[-123.30436, 45.66037, -12389.5703125], [-123.30436, 45.66037, -13403.837890625], [-123.30882, 45.66751, -12896.7041015625], [-123.30436, 45.66037, -12389.5703125]]], [[[-123.17069, 45.46816, -736.0365600585938], [-123.17944, 45.47363, -720.967041015625], [-123.17494, 45.47063, 176.63365173339844], [-123.17069, 45.46816, -736.0365600585938]]], [[[-123.17069, 45.46816, -736.0365600585938], [-123.17494, 45.47063, 176.63365173339844], [-123.16496, 45.46499, 83.96305847167969], [-123.17069, 45.46816, -736.0365600585938]]], [[[-123.15964, 45.46321, -811.249755859375], [-123.17069, 45.46816, -736.0365600585938], [-123.16496, 45.46499, 83.96305847167969], [-123.15964, 45.46321, -811.249755859375]]], [[[-123.29596, 45.64594, -10361.03515625], [-123.29596, 45.64594, -11375.302734375], [-123.3, 45.6532, -10868.1689453125], [-123.29596, 45.64594, -10361.03515625]]], [[[-123.15964, 45.46321, -811.249755859375], [-123.16496, 45.46499, 83.96305847167969], [-123.15334, 45.46111, 35.35154724121094], [-123.15964, 45.46321, -811.249755859375]]], [[[-123.14768, 45.45858, -880.820556640625], [-123.15964, 45.46321, -811.249755859375], [-123.15334, 45.46111, 35.35154724121094], [-123.14768, 45.45858, -880.820556640625]]], [[[-123.14768, 45.45858, -880.820556640625], [-123.15334, 45.46111, 35.35154724121094], [-123.1425, 45.45623, 32.50776672363281], [-123.14768, 45.45858, -880.820556640625]]], [[[-123.13792, 45.45328, -844.595703125], [-123.14768, 45.45858, -880.820556640625], [-123.1425, 45.45623, 32.50776672363281], [-123.13792, 45.45328, -844.595703125]]], [[[-123.28704, 45.63166, -19489.4453125], [-123.28704, 45.63166, -20503.712890625], [-123.2915, 45.6388, -19996.578125], [-123.28704, 45.63166, -19489.4453125]]], [[[-123.13792, 45.45328, -844.595703125], [-123.1425, 45.45623, 32.50776672363281], [-123.13308, 45.45005, 29.924833297729492], [-123.13792, 45.45328, -844.595703125]]], [[[-123.13192, 45.44906, -1366.9266357421875], [-123.13308, 45.45005, 29.924833297729492], [-123.12903, 45.44653, -470.1113586425781], [-123.13192, 45.44906, -1366.9266357421875]]], [[[-123.13192, 45.44906, -1366.9266357421875], [-123.12903, 45.44653, -470.1113586425781], [-123.125, 45.443, -970.1475219726562], [-123.13192, 45.44906, -1366.9266357421875]]], [[[-123.13205, 45.44917, -2454.75537109375], [-123.13192, 45.44906, -1366.9266357421875], [-123.125, 45.443, -1972.791015625], [-123.13205, 45.44917, -2454.75537109375]]], [[[-123.125, 45.443, 32.49599838256836], [-123.12903, 45.44653, -470.1113586425781], [-123.13308, 45.45005, 29.924833297729492], [-123.125, 45.443, 32.49599838256836]]], [[[-123.2544, 45.57352, -1499.1343994140625], [-123.25654, 45.57737, -600.0069580078125], [-123.25209, 45.56955, -638.432373046875], [-123.2544, 45.57352, -1499.1343994140625]]], [[[-123.25856, 45.58113, -1499.63916015625], [-123.25654, 45.57737, -600.0069580078125], [-123.2544, 45.57352, -1499.1343994140625], [-123.25856, 45.58113, -1499.63916015625]]], [[[-123.26301, 45.58961, -1504.553466796875], [-123.26062, 45.58524, -638.3836059570312], [-123.25856, 45.58113, -1499.63916015625], [-123.26301, 45.58961, -1504.553466796875]]], [[[-123.26301, 45.58961, -1504.553466796875], [-123.26593, 45.59428, -677.9251708984375], [-123.26062, 45.58524, -638.3836059570312], [-123.26301, 45.58961, -1504.553466796875]]], [[[-123.27272, 45.60775, -1486.3084716796875], [-123.27015, 45.60308, -649.0855102539062], [-123.26827, 45.59885, -1529.193115234375], [-123.27272, 45.60775, -1486.3084716796875]]], [[[-123.27272, 45.60775, -1486.3084716796875], [-123.27511, 45.61158, -593.9942626953125], [-123.27015, 45.60308, -649.0855102539062], [-123.27272, 45.60775, -1486.3084716796875]]], [[[-123.27762, 45.6156, -1463.097412109375], [-123.27993, 45.6193, -573.269287109375], [-123.27511, 45.61158, -593.9942626953125], [-123.27762, 45.6156, -1463.097412109375]]], [[[-123.28254, 45.62377, -1421.0059814453125], [-123.27993, 45.6193, -573.269287109375], [-123.27762, 45.6156, -1463.097412109375], [-123.28254, 45.62377, -1421.0059814453125]]], [[[-123.28254, 45.62377, -1421.0059814453125], [-123.28495, 45.62811, -560.8112182617188], [-123.27993, 45.6193, -573.269287109375], [-123.28254, 45.62377, -1421.0059814453125]]], [[[-123.28495, 45.62811, -560.8112182617188], [-123.28733, 45.63212, -1416.6826171875], [-123.28981, 45.6361, -538.897705078125], [-123.28495, 45.62811, -560.8112182617188]]], [[[-123.28495, 45.62811, -560.8112182617188], [-123.28725, 45.632, 330.64715576171875], [-123.28244, 45.6236, 290.0652770996094], [-123.28495, 45.62811, -560.8112182617188]]], [[[-123.27511, 45.61158, -593.9942626953125], [-123.27741, 45.61526, 306.0425720214844], [-123.27225, 45.607, 243.06101989746094], [-123.27511, 45.61158, -593.9942626953125]]], [[[-123.27015, 45.60308, -649.0855102539062], [-123.27511, 45.61158, -593.9942626953125], [-123.27225, 45.607, 243.06101989746094], [-123.27015, 45.60308, -649.0855102539062]]], [[[-123.27015, 45.60308, -649.0855102539062], [-123.27225, 45.607, 243.06101989746094], [-123.26809, 45.59844, 200.09564208984375], [-123.27015, 45.60308, -649.0855102539062]]], [[[-123.26593, 45.59428, -677.9251708984375], [-123.26809, 45.59844, 200.09564208984375], [-123.26328, 45.59005, 187.7211456298828], [-123.26593, 45.59428, -677.9251708984375]]], [[[-123.26062, 45.58524, -638.3836059570312], [-123.26593, 45.59428, -677.9251708984375], [-123.26328, 45.59005, 187.7211456298828], [-123.26062, 45.58524, -638.3836059570312]]], [[[-123.26062, 45.58524, -638.3836059570312], [-123.26328, 45.59005, 187.7211456298828], [-123.2588, 45.5816, 271.0349426269531], [-123.26062, 45.58524, -638.3836059570312]]], [[[-123.25654, 45.57737, -600.0069580078125], [-123.2588, 45.5816, 271.0349426269531], [-123.25419, 45.57315, 270.2064514160156], [-123.25654, 45.57737, -600.0069580078125]]], [[[-123.28981, 45.6361, -538.897705078125], [-123.29241, 45.64026, 326.17462158203125], [-123.28725, 45.632, 330.64715576171875], [-123.28981, 45.6361, -538.897705078125]]], [[[-123.28981, 45.6361, -538.897705078125], [-123.29458, 45.64373, -597.836669921875], [-123.29241, 45.64026, 326.17462158203125], [-123.28981, 45.6361, -538.897705078125]]], [[[-123.29203, 45.63965, -1460.734375], [-123.29458, 45.64373, -597.836669921875], [-123.28981, 45.6361, -538.897705078125], [-123.29203, 45.63965, -1460.734375]]], [[[-123.29704, 45.64787, -1470.2669677734375], [-123.29458, 45.64373, -597.836669921875], [-123.29203, 45.63965, -1460.734375], [-123.29704, 45.64787, -1470.2669677734375]]], [[[-123.29458, 45.64373, -597.836669921875], [-123.29704, 45.64787, -1470.2669677734375], [-123.29978, 45.65281, -660.0546264648438], [-123.29458, 45.64373, -597.836669921875]]], [[[-123.29978, 45.65281, -660.0546264648438], [-123.30487, 45.66119, -646.3900146484375], [-123.3022, 45.65692, 216.96786499023438], [-123.29978, 45.65281, -660.0546264648438]]], [[[-123.30222, 45.65695, -1504.4112548828125], [-123.29978, 45.65281, -660.0546264648438], [-123.29704, 45.64787, -1470.2669677734375], [-123.30222, 45.65695, -1504.4112548828125]]], [[[-123.29964, 45.65255, -2392.6259765625], [-123.30433, 45.66032, -2299.769287109375], [-123.30222, 45.65695, -1504.4112548828125], [-123.29964, 45.65255, -2392.6259765625]]], [[[-123.30399, 45.65979, -3214.8623046875], [-123.30878, 45.66746, -2729.54345703125], [-123.30433, 45.66032, -2299.769287109375], [-123.30399, 45.65979, -3214.8623046875]]], [[[-123.30399, 45.65979, -3214.8623046875], [-123.29887, 45.65116, -3414.22900390625], [-123.30399, 45.65978, -4207.99267578125], [-123.30399, 45.65979, -3214.8623046875]]], [[[-123.29887, 45.65116, -3414.22900390625], [-123.30399, 45.65979, -3214.8623046875], [-123.29964, 45.65255, -2392.6259765625], [-123.29887, 45.65116, -3414.22900390625]]], [[[-123.29964, 45.65255, -2392.6259765625], [-123.29494, 45.64431, -2399.972412109375], [-123.29887, 45.65116, -3414.22900390625], [-123.29964, 45.65255, -2392.6259765625]]], [[[-123.29494, 45.64431, -2399.972412109375], [-123.29704, 45.64787, -1470.2669677734375], [-123.29203, 45.63965, -1460.734375], [-123.29494, 45.64431, -2399.972412109375]]], [[[-123.29262, 45.64059, -3219.770263671875], [-123.29494, 45.64431, -2399.972412109375], [-123.28954, 45.63567, -2331.364501953125], [-123.29262, 45.64059, -3219.770263671875]]], [[[-123.29262, 45.64059, -3219.770263671875], [-123.29887, 45.65116, -3414.22900390625], [-123.29494, 45.64431, -2399.972412109375], [-123.29262, 45.64059, -3219.770263671875]]], [[[-123.29544, 45.6451, -4069.998046875], [-123.29887, 45.65116, -3414.22900390625], [-123.29262, 45.64059, -3219.770263671875], [-123.29544, 45.6451, -4069.998046875]]], [[[-123.29544, 45.6451, -4069.998046875], [-123.29974, 45.65273, -4657.62939453125], [-123.29887, 45.65116, -3414.22900390625], [-123.29544, 45.6451, -4069.998046875]]], [[[-123.29544, 45.6451, -4069.998046875], [-123.29595, 45.64592, -5241.22705078125], [-123.29974, 45.65273, -4657.62939453125], [-123.29544, 45.6451, -4069.998046875]]], [[[-123.29203, 45.63965, -4751.24951171875], [-123.29544, 45.6451, -4069.998046875], [-123.28955, 45.63569, -4025.67626953125], [-123.29203, 45.63965, -4751.24951171875]]], [[[-123.2911, 45.63816, -5753.66748046875], [-123.29203, 45.63965, -4751.24951171875], [-123.28722, 45.63195, -4959.06396484375], [-123.2911, 45.63816, -5753.66748046875]]], [[[-123.29203, 45.63965, -4751.24951171875], [-123.2911, 45.63816, -5753.66748046875], [-123.29595, 45.64592, -5241.22705078125], [-123.29203, 45.63965, -4751.24951171875]]], [[[-123.29595, 45.64592, -5241.22705078125], [-123.2911, 45.63816, -5753.66748046875], [-123.29596, 45.64594, -6303.96435546875], [-123.29595, 45.64592, -5241.22705078125]]], [[[-123.29595, 45.64592, -5241.22705078125], [-123.29998, 45.65317, -5782.6123046875], [-123.29974, 45.65273, -4657.62939453125], [-123.29595, 45.64592, -5241.22705078125]]], [[[-123.29998, 45.65317, -5782.6123046875], [-123.30436, 45.66037, -6303.96435546875], [-123.30433, 45.66032, -5281.412109375], [-123.29998, 45.65317, -5782.6123046875]]], [[[-123.3, 45.6532, -6811.09814453125], [-123.30436, 45.66037, -6303.96435546875], [-123.29998, 45.65317, -5782.6123046875], [-123.3, 45.6532, -6811.09814453125]]], [[[-123.3, 45.6532, -7825.36572265625], [-123.30436, 45.66037, -7318.23193359375], [-123.3, 45.6532, -6811.09814453125], [-123.3, 45.6532, -7825.36572265625]]], [[[-123.3, 45.6532, -8839.6337890625], [-123.30436, 45.66037, -8332.5], [-123.3, 45.6532, -7825.36572265625], [-123.3, 45.6532, -8839.6337890625]]], [[[-123.3, 45.6532, -8839.6337890625], [-123.30436, 45.66037, -9346.767578125], [-123.30436, 45.66037, -8332.5], [-123.3, 45.6532, -8839.6337890625]]], [[[-123.3, 45.6532, -9853.9013671875], [-123.30436, 45.66037, -9346.767578125], [-123.3, 45.6532, -8839.6337890625], [-123.3, 45.6532, -9853.9013671875]]], [[[-123.3, 45.6532, -9853.9013671875], [-123.30436, 45.66037, -10361.03515625], [-123.30436, 45.66037, -9346.767578125], [-123.3, 45.6532, -9853.9013671875]]], [[[-123.26995, 45.60265, -21584.998046875], [-123.27391, 45.60966, -22070.7734375], [-123.27418, 45.61009, -21010.845703125], [-123.26995, 45.60265, -21584.998046875]]], [[[-123.26665, 45.59545, -12896.7041015625], [-123.27005, 45.60286, -12389.5703125], [-123.26655, 45.59529, -11869.3935546875], [-123.26665, 45.59545, -12896.7041015625]]], [[[-123.26219, 45.5883, -12382.583984375], [-123.26219, 45.58831, -13403.837890625], [-123.26665, 45.59545, -12896.7041015625], [-123.26219, 45.5883, -12382.583984375]]], [[[-123.2915, 45.6388, -10868.1689453125], [-123.29596, 45.64594, -11375.302734375], [-123.29596, 45.64594, -10361.03515625], [-123.2915, 45.6388, -10868.1689453125]]], [[[-123.26172, 45.58745, -21994.193359375], [-123.26393, 45.5911, -22927.919921875], [-123.26685, 45.59576, -22130.7109375], [-123.26172, 45.58745, -21994.193359375]]], [[[-123.26219, 45.58831, -15432.3740234375], [-123.26219, 45.58831, -16446.640625], [-123.26665, 45.59545, -15939.5078125], [-123.26219, 45.58831, -15432.3740234375]]], [[[-123.26665, 45.59545, -17968.04296875], [-123.26219, 45.58831, -17460.908203125], [-123.26219, 45.58831, -18475.17578125], [-123.26665, 45.59545, -17968.04296875]]], [[[-123.2915, 45.6388, -12896.7041015625], [-123.2915, 45.6388, -13910.9716796875], [-123.29596, 45.64594, -13403.837890625], [-123.2915, 45.6388, -12896.7041015625]]], [[[-123.26219, 45.58831, -15432.3740234375], [-123.26665, 45.59545, -14925.2392578125], [-123.26219, 45.58831, -14418.10546875], [-123.26219, 45.58831, -15432.3740234375]]], [[[-123.2915, 45.6388, -13910.9716796875], [-123.2915, 45.6388, -12896.7041015625], [-123.28704, 45.63166, -13403.837890625], [-123.2915, 45.6388, -13910.9716796875]]], [[[-123.27418, 45.61009, -19996.578125], [-123.27864, 45.61723, -20503.712890625], [-123.27864, 45.61723, -19489.4453125], [-123.27418, 45.61009, -19996.578125]]], [[[-123.28704, 45.63166, -14418.10546875], [-123.2915, 45.6388, -13910.9716796875], [-123.28704, 45.63166, -13403.837890625], [-123.28704, 45.63166, -14418.10546875]]], [[[-123.2915, 45.6388, -13910.9716796875], [-123.28704, 45.63166, -14418.10546875], [-123.2915, 45.6388, -14925.2392578125], [-123.2915, 45.6388, -13910.9716796875]]], [[[-123.27005, 45.60286, -15432.3740234375], [-123.27418, 45.61009, -15939.5078125], [-123.27418, 45.61009, -14925.2392578125], [-123.27005, 45.60286, -15432.3740234375]]], [[[-123.2915, 45.6388, -13910.9716796875], [-123.2915, 45.6388, -14925.2392578125], [-123.29596, 45.64594, -14418.10546875], [-123.2915, 45.6388, -13910.9716796875]]], [[[-123.26685, 45.59576, -22130.7109375], [-123.26936, 45.60132, -22818.744140625], [-123.26995, 45.60265, -21584.998046875], [-123.26685, 45.59576, -22130.7109375]]], [[[-123.2915, 45.6388, -13910.9716796875], [-123.29596, 45.64594, -14418.10546875], [-123.29596, 45.64594, -13403.837890625], [-123.2915, 45.6388, -13910.9716796875]]], [[[-123.27418, 45.61009, -13910.9716796875], [-123.27005, 45.60286, -14418.10546875], [-123.27418, 45.61009, -14925.2392578125], [-123.27418, 45.61009, -13910.9716796875]]], [[[-123.29596, 45.64594, -14418.10546875], [-123.3, 45.6532, -13910.9716796875], [-123.29596, 45.64594, -13403.837890625], [-123.29596, 45.64594, -14418.10546875]]], [[[-123.27418, 45.61009, -21010.845703125], [-123.27864, 45.61723, -21517.98046875], [-123.27864, 45.61723, -20503.712890625], [-123.27418, 45.61009, -21010.845703125]]], [[[-123.3, 45.6532, -13910.9716796875], [-123.29596, 45.64594, -14418.10546875], [-123.3, 45.6532, -14925.2392578125], [-123.3, 45.6532, -13910.9716796875]]], [[[-123.27418, 45.61009, -12896.7041015625], [-123.27005, 45.60286, -13403.837890625], [-123.27418, 45.61009, -13910.9716796875], [-123.27418, 45.61009, -12896.7041015625]]], [[[-123.3, 45.6532, -13910.9716796875], [-123.3, 45.6532, -14925.2392578125], [-123.30436, 45.66037, -14418.10546875], [-123.3, 45.6532, -13910.9716796875]]], [[[-123.3, 45.6532, -13910.9716796875], [-123.30436, 45.66037, -14418.10546875], [-123.30436, 45.66037, -13403.837890625], [-123.3, 45.6532, -13910.9716796875]]], [[[-123.26665, 45.59545, -16953.775390625], [-123.27005, 45.60286, -16446.640625], [-123.26665, 45.59545, -15939.5078125], [-123.26665, 45.59545, -16953.775390625]]], [[[-123.26219, 45.58831, -16446.640625], [-123.26219, 45.58831, -17460.908203125], [-123.26665, 45.59545, -16953.775390625], [-123.26219, 45.58831, -16446.640625]]], [[[-123.26665, 45.59545, -18982.310546875], [-123.27005, 45.60286, -18475.17578125], [-123.26665, 45.59545, -17968.04296875], [-123.26665, 45.59545, -18982.310546875]]], [[[-123.29596, 45.64594, -11375.302734375], [-123.29596, 45.64594, -12389.5703125], [-123.3, 45.6532, -11882.4365234375], [-123.29596, 45.64594, -11375.302734375]]], [[[-123.27005, 45.60286, -19489.4453125], [-123.26997, 45.60269, -20525.794921875], [-123.27418, 45.61009, -19996.578125], [-123.27005, 45.60286, -19489.4453125]]], [[[-123.3, 45.6532, -11882.4365234375], [-123.30436, 45.66037, -11375.302734375], [-123.3, 45.6532, -10868.1689453125], [-123.3, 45.6532, -11882.4365234375]]], [[[-123.26216, 45.58825, -20468.548828125], [-123.25977, 45.58354, -21150.947265625], [-123.2659, 45.59425, -21099.119140625], [-123.26216, 45.58825, -20468.548828125]]], [[[-123.30436, 45.66037, -11375.302734375], [-123.3, 45.6532, -11882.4365234375], [-123.30436, 45.66037, -12389.5703125], [-123.30436, 45.66037, -11375.302734375]]], [[[-123.30436, 45.66037, -11375.302734375], [-123.30436, 45.66037, -12389.5703125], [-123.30882, 45.66751, -11882.4365234375], [-123.30436, 45.66037, -11375.302734375]]], [[[-123.26665, 45.59545, -18982.310546875], [-123.27005, 45.60286, -19489.4453125], [-123.27005, 45.60286, -18475.17578125], [-123.26665, 45.59545, -18982.310546875]]], [[[-123.30436, 45.66037, -10361.03515625], [-123.30436, 45.66037, -11375.302734375], [-123.30882, 45.66751, -10868.1689453125], [-123.30436, 45.66037, -10361.03515625]]], [[[-123.26995, 45.60265, -21584.998046875], [-123.26936, 45.60132, -22818.744140625], [-123.27391, 45.60966, -22070.7734375], [-123.26995, 45.60265, -21584.998046875]]], [[[-123.3, 45.6532, -10868.1689453125], [-123.30436, 45.66037, -11375.302734375], [-123.30436, 45.66037, -10361.03515625], [-123.3, 45.6532, -10868.1689453125]]], [[[-123.27005, 45.60286, -19489.4453125], [-123.27418, 45.61009, -19996.578125], [-123.27418, 45.61009, -18982.310546875], [-123.27005, 45.60286, -19489.4453125]]], [[[-123.30436, 45.66037, -10361.03515625], [-123.30882, 45.66751, -9853.9013671875], [-123.30436, 45.66037, -9346.767578125], [-123.30436, 45.66037, -10361.03515625]]], [[[-123.26219, 45.58831, -15432.3740234375], [-123.26665, 45.59545, -15939.5078125], [-123.26665, 45.59545, -14925.2392578125], [-123.26219, 45.58831, -15432.3740234375]]], [[[-123.30882, 45.66751, -9853.9013671875], [-123.31306, 45.67471, -9346.767578125], [-123.30882, 45.66751, -8839.6337890625], [-123.30882, 45.66751, -9853.9013671875]]], [[[-123.30882, 45.66751, -10868.1689453125], [-123.31306, 45.67471, -11375.302734375], [-123.31306, 45.67471, -10361.03515625], [-123.30882, 45.66751, -10868.1689453125]]], [[[-123.30882, 45.66751, -11882.4365234375], [-123.31306, 45.67471, -11375.302734375], [-123.30882, 45.66751, -10868.1689453125], [-123.30882, 45.66751, -11882.4365234375]]], [[[-123.26219, 45.58831, -17460.908203125], [-123.26665, 45.59545, -17968.04296875], [-123.26665, 45.59545, -16953.775390625], [-123.26219, 45.58831, -17460.908203125]]], [[[-123.27005, 45.60286, -17460.908203125], [-123.27418, 45.61009, -17968.04296875], [-123.27418, 45.61009, -16953.775390625], [-123.27005, 45.60286, -17460.908203125]]], [[[-123.2659, 45.59425, -21099.119140625], [-123.26997, 45.60269, -20525.794921875], [-123.26665, 45.59545, -19996.578125], [-123.2659, 45.59425, -21099.119140625]]], [[[-123.26219, 45.58831, -14418.10546875], [-123.26665, 45.59545, -13910.9716796875], [-123.26219, 45.58831, -13403.837890625], [-123.26219, 45.58831, -14418.10546875]]], [[[-123.3, 45.6532, -12896.7041015625], [-123.30436, 45.66037, -12389.5703125], [-123.3, 45.6532, -11882.4365234375], [-123.3, 45.6532, -12896.7041015625]]], [[[-123.26997, 45.60269, -20525.794921875], [-123.27418, 45.61009, -21010.845703125], [-123.27418, 45.61009, -19996.578125], [-123.26997, 45.60269, -20525.794921875]]], [[[-123.30882, 45.66751, -13910.9716796875], [-123.30436, 45.66037, -14418.10546875], [-123.30882, 45.66751, -14925.2392578125], [-123.30882, 45.66751, -13910.9716796875]]], [[[-123.26665, 45.59545, -13910.9716796875], [-123.26219, 45.58831, -14418.10546875], [-123.26665, 45.59545, -14925.2392578125], [-123.26665, 45.59545, -13910.9716796875]]], [[[-123.30882, 45.66751, -13910.9716796875], [-123.30882, 45.66751, -14925.2392578125], [-123.31306, 45.67471, -14418.10546875], [-123.30882, 45.66751, -13910.9716796875]]], [[[-123.30882, 45.66751, -13910.9716796875], [-123.31306, 45.67471, -14418.10546875], [-123.31306, 45.67471, -13403.837890625], [-123.30882, 45.66751, -13910.9716796875]]], [[[-123.31306, 45.67471, -14418.10546875], [-123.317, 45.682, -13910.9716796875], [-123.31306, 45.67471, -13403.837890625], [-123.31306, 45.67471, -14418.10546875]]], [[[-123.31306, 45.67471, -14418.10546875], [-123.317, 45.682, -14925.2392578125], [-123.317, 45.682, -13910.9716796875], [-123.31306, 45.67471, -14418.10546875]]], [[[-123.26219, 45.58831, -18475.17578125], [-123.26201, 45.58801, -19512.201171875], [-123.26665, 45.59545, -18982.310546875], [-123.26219, 45.58831, -18475.17578125]]], [[[-123.31306, 45.67471, -15432.3740234375], [-123.317, 45.682, -14925.2392578125], [-123.31306, 45.67471, -14418.10546875], [-123.31306, 45.67471, -15432.3740234375]]], [[[-123.27864, 45.61723, -17460.908203125], [-123.2829, 45.62443, -17968.04296875], [-123.2829, 45.62443, -16953.775390625], [-123.27864, 45.61723, -17460.908203125]]], [[[-123.30882, 45.66751, -15939.5078125], [-123.31306, 45.67471, -16446.640625], [-123.31306, 45.67471, -15432.3740234375], [-123.30882, 45.66751, -15939.5078125]]], [[[-123.27391, 45.60966, -22070.7734375], [-123.27864, 45.61723, -21517.98046875], [-123.27418, 45.61009, -21010.845703125], [-123.27391, 45.60966, -22070.7734375]]], [[[-123.27401, 45.60981, -23052.248046875], [-123.27391, 45.60966, -22070.7734375], [-123.26936, 45.60132, -22818.744140625], [-123.27401, 45.60981, -23052.248046875]]], [[[-123.27418, 45.61009, -18982.310546875], [-123.27864, 45.61723, -18475.17578125], [-123.27418, 45.61009, -17968.04296875], [-123.27418, 45.61009, -18982.310546875]]], [[[-123.30436, 45.66037, -17460.908203125], [-123.30882, 45.66751, -17968.04296875], [-123.30882, 45.66751, -16953.775390625], [-123.30436, 45.66037, -17460.908203125]]], [[[-123.26655, 45.59529, -11869.3935546875], [-123.27005, 45.60286, -11375.302734375], [-123.26665, 45.59545, -10868.1689453125], [-123.26655, 45.59529, -11869.3935546875]]], [[[-123.30436, 45.66037, -17460.908203125], [-123.3, 45.6532, -17968.04296875], [-123.30436, 45.66037, -18475.17578125], [-123.30436, 45.66037, -17460.908203125]]], [[[-123.27005, 45.60286, -15432.3740234375], [-123.27418, 45.61009, -14925.2392578125], [-123.27005, 45.60286, -14418.10546875], [-123.27005, 45.60286, -15432.3740234375]]], [[[-123.27418, 45.61009, -11882.4365234375], [-123.27864, 45.61723, -12389.5703125], [-123.27864, 45.61723, -11375.302734375], [-123.27418, 45.61009, -11882.4365234375]]], [[[-123.29596, 45.64594, -17460.908203125], [-123.3, 45.6532, -17968.04296875], [-123.3, 45.6532, -16953.775390625], [-123.29596, 45.64594, -17460.908203125]]], [[[-123.2829, 45.62443, -14925.2392578125], [-123.2829, 45.62443, -15939.5078125], [-123.28704, 45.63166, -15432.3740234375], [-123.2829, 45.62443, -14925.2392578125]]], [[[-123.29596, 45.64594, -17460.908203125], [-123.29596, 45.64594, -18475.17578125], [-123.3, 45.6532, -17968.04296875], [-123.29596, 45.64594, -17460.908203125]]], [[[-123.27418, 45.61009, -13910.9716796875], [-123.27418, 45.61009, -14925.2392578125], [-123.27864, 45.61723, -14418.10546875], [-123.27418, 45.61009, -13910.9716796875]]], [[[-123.29596, 45.64594, -17460.908203125], [-123.2915, 45.6388, -17968.04296875], [-123.29596, 45.64594, -18475.17578125], [-123.29596, 45.64594, -17460.908203125]]], [[[-123.27418, 45.61009, -12896.7041015625], [-123.27418, 45.61009, -13910.9716796875], [-123.27864, 45.61723, -13403.837890625], [-123.27418, 45.61009, -12896.7041015625]]], [[[-123.2915, 45.6388, -17968.04296875], [-123.29596, 45.64594, -17460.908203125], [-123.2915, 45.6388, -16953.775390625], [-123.2915, 45.6388, -17968.04296875]]], [[[-123.27864, 45.61723, -22532.248046875], [-123.27868, 45.61729, -23544.681640625], [-123.2829, 45.62443, -23039.380859375], [-123.27864, 45.61723, -22532.248046875]]], [[[-123.28704, 45.63166, -17460.908203125], [-123.2915, 45.6388, -17968.04296875], [-123.2915, 45.6388, -16953.775390625], [-123.28704, 45.63166, -17460.908203125]]], [[[-123.27418, 45.61009, -14925.2392578125], [-123.27418, 45.61009, -15939.5078125], [-123.27864, 45.61723, -15432.3740234375], [-123.27418, 45.61009, -14925.2392578125]]], [[[-123.2915, 45.6388, -17968.04296875], [-123.28704, 45.63166, -17460.908203125], [-123.28704, 45.63166, -18475.17578125], [-123.2915, 45.6388, -17968.04296875]]], [[[-123.27864, 45.61723, -15432.3740234375], [-123.2829, 45.62443, -15939.5078125], [-123.2829, 45.62443, -14925.2392578125], [-123.27864, 45.61723, -15432.3740234375]]], [[[-123.28704, 45.63166, -18475.17578125], [-123.2915, 45.6388, -18982.310546875], [-123.2915, 45.6388, -17968.04296875], [-123.28704, 45.63166, -18475.17578125]]], [[[-123.27864, 45.61723, -19489.4453125], [-123.27864, 45.61723, -20503.712890625], [-123.2829, 45.62443, -19996.578125], [-123.27864, 45.61723, -19489.4453125]]], [[[-123.2915, 45.6388, -18982.310546875], [-123.28704, 45.63166, -18475.17578125], [-123.28704, 45.63166, -19489.4453125], [-123.2915, 45.6388, -18982.310546875]]], [[[-123.28704, 45.63166, -15432.3740234375], [-123.2915, 45.6388, -15939.5078125], [-123.2915, 45.6388, -14925.2392578125], [-123.28704, 45.63166, -15432.3740234375]]], [[[-123.28704, 45.63166, -19489.4453125], [-123.2915, 45.6388, -19996.578125], [-123.2915, 45.6388, -18982.310546875], [-123.28704, 45.63166, -19489.4453125]]], [[[-123.27864, 45.61723, -21517.98046875], [-123.2829, 45.62443, -22025.11328125], [-123.2829, 45.62443, -21010.845703125], [-123.27864, 45.61723, -21517.98046875]]], [[[-123.27418, 45.61009, -19996.578125], [-123.27864, 45.61723, -19489.4453125], [-123.27418, 45.61009, -18982.310546875], [-123.27418, 45.61009, -19996.578125]]], [[[-123.2829, 45.62443, -19996.578125], [-123.28704, 45.63166, -20503.712890625], [-123.28704, 45.63166, -19489.4453125], [-123.2829, 45.62443, -19996.578125]]], [[[-123.27864, 45.61723, -16446.640625], [-123.27864, 45.61723, -17460.908203125], [-123.2829, 45.62443, -16953.775390625], [-123.27864, 45.61723, -16446.640625]]], [[[-123.2829, 45.62443, -21010.845703125], [-123.28704, 45.63166, -20503.712890625], [-123.2829, 45.62443, -19996.578125], [-123.2829, 45.62443, -21010.845703125]]], [[[-123.27864, 45.61723, -17460.908203125], [-123.27864, 45.61723, -18475.17578125], [-123.2829, 45.62443, -17968.04296875], [-123.27864, 45.61723, -17460.908203125]]], [[[-123.2829, 45.62443, -21010.845703125], [-123.28704, 45.63166, -21517.98046875], [-123.28704, 45.63166, -20503.712890625], [-123.2829, 45.62443, -21010.845703125]]], [[[-123.27401, 45.60981, -23052.248046875], [-123.27456, 45.6107, -23959.22265625], [-123.27868, 45.61729, -23544.681640625], [-123.27401, 45.60981, -23052.248046875]]], [[[-123.2829, 45.62443, -22025.11328125], [-123.28704, 45.63166, -21517.98046875], [-123.2829, 45.62443, -21010.845703125], [-123.2829, 45.62443, -22025.11328125]]], [[[-123.27864, 45.61723, -16446.640625], [-123.2829, 45.62443, -16953.775390625], [-123.2829, 45.62443, -15939.5078125], [-123.27864, 45.61723, -16446.640625]]], [[[-123.2829, 45.62443, -22025.11328125], [-123.28704, 45.63166, -22532.248046875], [-123.28704, 45.63166, -21517.98046875], [-123.2829, 45.62443, -22025.11328125]]], [[[-123.27864, 45.61723, -15432.3740234375], [-123.27864, 45.61723, -16446.640625], [-123.2829, 45.62443, -15939.5078125], [-123.27864, 45.61723, -15432.3740234375]]], [[[-123.2829, 45.62443, -23039.380859375], [-123.28704, 45.63166, -22532.248046875], [-123.2829, 45.62443, -22025.11328125], [-123.2829, 45.62443, -23039.380859375]]], [[[-123.27418, 45.61009, -12896.7041015625], [-123.27005, 45.60286, -12389.5703125], [-123.27005, 45.60286, -13403.837890625], [-123.27418, 45.61009, -12896.7041015625]]], [[[-123.2829, 45.62443, -23039.380859375], [-123.28704, 45.63166, -23546.515625], [-123.28704, 45.63166, -22532.248046875], [-123.2829, 45.62443, -23039.380859375]]], [[[-123.27418, 45.61009, -16953.775390625], [-123.27864, 45.61723, -16446.640625], [-123.27418, 45.61009, -15939.5078125], [-123.27418, 45.61009, -16953.775390625]]], [[[-123.28287, 45.62438, -24057.748046875], [-123.28704, 45.63166, -23546.515625], [-123.2829, 45.62443, -23039.380859375], [-123.28287, 45.62438, -24057.748046875]]], [[[-123.27864, 45.61723, -19489.4453125], [-123.2829, 45.62443, -19996.578125], [-123.2829, 45.62443, -18982.310546875], [-123.27864, 45.61723, -19489.4453125]]], [[[-123.28287, 45.62438, -24057.748046875], [-123.28704, 45.63166, -24560.783203125], [-123.28704, 45.63166, -23546.515625], [-123.28287, 45.62438, -24057.748046875]]], [[[-123.27418, 45.61009, -14925.2392578125], [-123.27864, 45.61723, -15432.3740234375], [-123.27864, 45.61723, -14418.10546875], [-123.27418, 45.61009, -14925.2392578125]]], [[[-123.28287, 45.62438, -24057.748046875], [-123.2829, 45.62443, -25067.916015625], [-123.28704, 45.63166, -24560.783203125], [-123.28287, 45.62438, -24057.748046875]]], [[[-123.2829, 45.62443, -16953.775390625], [-123.28704, 45.63166, -17460.908203125], [-123.28704, 45.63166, -16446.640625], [-123.2829, 45.62443, -16953.775390625]]], [[[-123.27814, 45.61643, -24660.791015625], [-123.2829, 45.62443, -25067.916015625], [-123.28287, 45.62438, -24057.748046875], [-123.27814, 45.61643, -24660.791015625]]], [[[-123.27864, 45.61723, -14418.10546875], [-123.2829, 45.62443, -13910.9716796875], [-123.27864, 45.61723, -13403.837890625], [-123.27864, 45.61723, -14418.10546875]]], [[[-123.2829, 45.62443, -25067.916015625], [-123.27814, 45.61643, -24660.791015625], [-123.27934, 45.61835, -25722.142578125], [-123.2829, 45.62443, -25067.916015625]]], [[[-123.27864, 45.61723, -12389.5703125], [-123.2829, 45.62443, -12896.7041015625], [-123.2829, 45.62443, -11882.4365234375], [-123.27864, 45.61723, -12389.5703125]]], [[[-123.2829, 45.62443, -25067.916015625], [-123.27934, 45.61835, -25722.142578125], [-123.2834, 45.62533, -26019.666015625], [-123.2829, 45.62443, -25067.916015625]]], [[[-123.27418, 45.61009, -12896.7041015625], [-123.27864, 45.61723, -13403.837890625], [-123.27864, 45.61723, -12389.5703125], [-123.27418, 45.61009, -12896.7041015625]]], [[[-123.2829, 45.62443, -25067.916015625], [-123.2834, 45.62533, -26019.666015625], [-123.28709, 45.63175, -25598.205078125], [-123.2829, 45.62443, -25067.916015625]]], [[[-123.27391, 45.60966, -22070.7734375], [-123.27864, 45.61723, -22532.248046875], [-123.27864, 45.61723, -21517.98046875], [-123.27391, 45.60966, -22070.7734375]]], [[[-123.2829, 45.62443, -25067.916015625], [-123.28709, 45.63175, -25598.205078125], [-123.28704, 45.63166, -24560.783203125], [-123.2829, 45.62443, -25067.916015625]]], [[[-123.27391, 45.60966, -22070.7734375], [-123.27401, 45.60981, -23052.248046875], [-123.27864, 45.61723, -22532.248046875], [-123.27391, 45.60966, -22070.7734375]]], [[[-123.28704, 45.63166, -24560.783203125], [-123.28709, 45.63175, -25598.205078125], [-123.2915, 45.6388, -25067.916015625], [-123.28704, 45.63166, -24560.783203125]]], [[[-123.27418, 45.61009, -21010.845703125], [-123.27864, 45.61723, -20503.712890625], [-123.27418, 45.61009, -19996.578125], [-123.27418, 45.61009, -21010.845703125]]], [[[-123.28704, 45.63166, -24560.783203125], [-123.2915, 45.6388, -25067.916015625], [-123.2915, 45.6388, -24053.6484375], [-123.28704, 45.63166, -24560.783203125]]], [[[-123.25977, 45.58354, -21150.947265625], [-123.26172, 45.58745, -21994.193359375], [-123.2659, 45.59425, -21099.119140625], [-123.25977, 45.58354, -21150.947265625]]], [[[-123.28704, 45.63166, -23546.515625], [-123.28704, 45.63166, -24560.783203125], [-123.2915, 45.6388, -24053.6484375], [-123.28704, 45.63166, -23546.515625]]], [[[-123.27005, 45.60286, -14418.10546875], [-123.27418, 45.61009, -13910.9716796875], [-123.27005, 45.60286, -13403.837890625], [-123.27005, 45.60286, -14418.10546875]]], [[[-123.28704, 45.63166, -23546.515625], [-123.2915, 45.6388, -24053.6484375], [-123.2915, 45.6388, -23039.380859375], [-123.28704, 45.63166, -23546.515625]]], [[[-123.27418, 45.61009, -12896.7041015625], [-123.27864, 45.61723, -12389.5703125], [-123.27418, 45.61009, -11882.4365234375], [-123.27418, 45.61009, -12896.7041015625]]], [[[-123.2915, 45.6388, -23039.380859375], [-123.28704, 45.63166, -22532.248046875], [-123.28704, 45.63166, -23546.515625], [-123.2915, 45.6388, -23039.380859375]]], [[[-123.27864, 45.61723, -18475.17578125], [-123.2829, 45.62443, -18982.310546875], [-123.2829, 45.62443, -17968.04296875], [-123.27864, 45.61723, -18475.17578125]]], [[[-123.28704, 45.63166, -22532.248046875], [-123.2915, 45.6388, -23039.380859375], [-123.2915, 45.6388, -22025.11328125], [-123.28704, 45.63166, -22532.248046875]]], [[[-123.28704, 45.63166, -15432.3740234375], [-123.2915, 45.6388, -14925.2392578125], [-123.28704, 45.63166, -14418.10546875], [-123.28704, 45.63166, -15432.3740234375]]], [[[-123.28704, 45.63166, -21517.98046875], [-123.28704, 45.63166, -22532.248046875], [-123.2915, 45.6388, -22025.11328125], [-123.28704, 45.63166, -21517.98046875]]], [[[-123.27418, 45.61009, -11882.4365234375], [-123.27005, 45.60286, -11375.302734375], [-123.27005, 45.60286, -12389.5703125], [-123.27418, 45.61009, -11882.4365234375]]], [[[-123.28704, 45.63166, -21517.98046875], [-123.2915, 45.6388, -22025.11328125], [-123.2915, 45.6388, -21010.845703125], [-123.28704, 45.63166, -21517.98046875]]], [[[-123.27864, 45.61723, -11375.302734375], [-123.27864, 45.61723, -12389.5703125], [-123.2829, 45.62443, -11882.4365234375], [-123.27864, 45.61723, -11375.302734375]]], [[[-123.28704, 45.63166, -20503.712890625], [-123.28704, 45.63166, -21517.98046875], [-123.2915, 45.6388, -21010.845703125], [-123.28704, 45.63166, -20503.712890625]]], [[[-123.27418, 45.61009, -15939.5078125], [-123.27864, 45.61723, -16446.640625], [-123.27864, 45.61723, -15432.3740234375], [-123.27418, 45.61009, -15939.5078125]]], [[[-123.28704, 45.63166, -20503.712890625], [-123.2915, 45.6388, -21010.845703125], [-123.2915, 45.6388, -19996.578125], [-123.28704, 45.63166, -20503.712890625]]], [[[-123.26936, 45.60132, -22818.744140625], [-123.2701, 45.60297, -23855.94921875], [-123.27401, 45.60981, -23052.248046875], [-123.26936, 45.60132, -22818.744140625]]], [[[-123.2915, 45.6388, -21010.845703125], [-123.29596, 45.64594, -20503.712890625], [-123.2915, 45.6388, -19996.578125], [-123.2915, 45.6388, -21010.845703125]]], [[[-123.26623, 45.59476, -5795.77978515625], [-123.27023, 45.60327, -5768.7099609375], [-123.2682, 45.5987, -4918.02490234375], [-123.26623, 45.59476, -5795.77978515625]]], [[[-123.2915, 45.6388, -21010.845703125], [-123.29596, 45.64594, -21517.98046875], [-123.29596, 45.64594, -20503.712890625], [-123.2915, 45.6388, -21010.845703125]]], [[[-123.26842, 45.59919, -6644.92529296875], [-123.27023, 45.60327, -5768.7099609375], [-123.26623, 45.59476, -5795.77978515625], [-123.26842, 45.59919, -6644.92529296875]]], [[[-123.2915, 45.6388, -22025.11328125], [-123.29596, 45.64594, -21517.98046875], [-123.2915, 45.6388, -21010.845703125], [-123.2915, 45.6388, -22025.11328125]]], [[[-123.26098, 45.58596, -4104.28076171875], [-123.26361, 45.59058, -4942.01220703125], [-123.26599, 45.59438, -4050.1533203125], [-123.26098, 45.58596, -4104.28076171875]]], [[[-123.2915, 45.6388, -22025.11328125], [-123.29596, 45.64594, -22532.248046875], [-123.29596, 45.64594, -21517.98046875], [-123.2915, 45.6388, -22025.11328125]]], [[[-123.27864, 45.61723, -22532.248046875], [-123.2829, 45.62443, -23039.380859375], [-123.2829, 45.62443, -22025.11328125], [-123.27864, 45.61723, -22532.248046875]]], [[[-123.2915, 45.6388, -23039.380859375], [-123.29596, 45.64594, -22532.248046875], [-123.2915, 45.6388, -22025.11328125], [-123.2915, 45.6388, -23039.380859375]]], [[[-123.26119, 45.58638, -5818.07080078125], [-123.26623, 45.59476, -5795.77978515625], [-123.26361, 45.59058, -4942.01220703125], [-123.26119, 45.58638, -5818.07080078125]]], [[[-123.2915, 45.6388, -23039.380859375], [-123.29596, 45.64594, -23546.515625], [-123.29596, 45.64594, -22532.248046875], [-123.2915, 45.6388, -23039.380859375]]], [[[-123.27418, 45.61009, -17968.04296875], [-123.27864, 45.61723, -17460.908203125], [-123.27418, 45.61009, -16953.775390625], [-123.27418, 45.61009, -17968.04296875]]], [[[-123.2915, 45.6388, -24053.6484375], [-123.29596, 45.64594, -23546.515625], [-123.2915, 45.6388, -23039.380859375], [-123.2915, 45.6388, -24053.6484375]]], [[[-123.25875, 45.58149, -3260.612060546875], [-123.26062, 45.58525, -2367.786865234375], [-123.25653, 45.57735, -2394.07958984375], [-123.25875, 45.58149, -3260.612060546875]]], [[[-123.2915, 45.6388, -24053.6484375], [-123.29596, 45.64594, -24560.783203125], [-123.29596, 45.64594, -23546.515625], [-123.2915, 45.6388, -24053.6484375]]], [[[-123.27864, 45.61723, -10361.03515625], [-123.27864, 45.61723, -11375.302734375], [-123.2829, 45.62443, -10868.1689453125], [-123.27864, 45.61723, -10361.03515625]]], [[[-123.2915, 45.6388, -25067.916015625], [-123.29596, 45.64594, -24560.783203125], [-123.2915, 45.6388, -24053.6484375], [-123.2915, 45.6388, -25067.916015625]]], [[[-123.26098, 45.58596, -4104.28076171875], [-123.26308, 45.58973, -3217.578857421875], [-123.25875, 45.58149, -3260.612060546875], [-123.26098, 45.58596, -4104.28076171875]]], [[[-123.2915, 45.6388, -25067.916015625], [-123.29596, 45.64594, -25575.05078125], [-123.29596, 45.64594, -24560.783203125], [-123.2915, 45.6388, -25067.916015625]]], [[[-123.26623, 45.59476, -5795.77978515625], [-123.2682, 45.5987, -4918.02490234375], [-123.26361, 45.59058, -4942.01220703125], [-123.26623, 45.59476, -5795.77978515625]]], [[[-123.29137, 45.63858, -26172.1328125], [-123.29596, 45.64594, -25575.05078125], [-123.2915, 45.6388, -25067.916015625], [-123.29137, 45.63858, -26172.1328125]]], [[[-123.2682, 45.5987, -4918.02490234375], [-123.27017, 45.60313, -4053.857177734375], [-123.26599, 45.59438, -4050.1533203125], [-123.2682, 45.5987, -4918.02490234375]]], [[[-123.29137, 45.63858, -26172.1328125], [-123.29563, 45.64542, -26655.61328125], [-123.29596, 45.64594, -25575.05078125], [-123.29137, 45.63858, -26172.1328125]]], [[[-123.26308, 45.58973, -3217.578857421875], [-123.26062, 45.58525, -2367.786865234375], [-123.25875, 45.58149, -3260.612060546875], [-123.26308, 45.58973, -3217.578857421875]]], [[[-123.29137, 45.63858, -26172.1328125], [-123.29045, 45.63711, -27419.521484375], [-123.29563, 45.64542, -26655.61328125], [-123.29137, 45.63858, -26172.1328125]]], [[[-123.26376, 45.59082, -6668.2666015625], [-123.26119, 45.58638, -5818.07080078125], [-123.25887, 45.58174, -6655.89404296875], [-123.26376, 45.59082, -6668.2666015625]]], [[[-123.28688, 45.6314, -26699.431640625], [-123.29045, 45.63711, -27419.521484375], [-123.29137, 45.63858, -26172.1328125], [-123.28688, 45.6314, -26699.431640625]]], [[[-123.27042, 45.6037, -7537.52490234375], [-123.27483, 45.61112, -7539.56884765625], [-123.27271, 45.60773, -6619.109375], [-123.27042, 45.6037, -7537.52490234375]]], [[[-123.29045, 45.63711, -27419.521484375], [-123.28688, 45.6314, -26699.431640625], [-123.28427, 45.62689, -27545.212890625], [-123.29045, 45.63711, -27419.521484375]]], [[[-123.26842, 45.59919, -6644.92529296875], [-123.26623, 45.59476, -5795.77978515625], [-123.26376, 45.59082, -6668.2666015625], [-123.26842, 45.59919, -6644.92529296875]]], [[[-123.28427, 45.62689, -27545.212890625], [-123.28632, 45.6305, -28393.06640625], [-123.29045, 45.63711, -27419.521484375], [-123.28427, 45.62689, -27545.212890625]]], [[[-123.27023, 45.60327, -5768.7099609375], [-123.27262, 45.6076, -4908.69189453125], [-123.2682, 45.5987, -4918.02490234375], [-123.27023, 45.60327, -5768.7099609375]]], [[[-123.28427, 45.62689, -27545.212890625], [-123.28127, 45.62149, -28379.6328125], [-123.28632, 45.6305, -28393.06640625], [-123.28427, 45.62689, -27545.212890625]]], [[[-123.26644, 45.59511, -7521.9677734375], [-123.26842, 45.59919, -6644.92529296875], [-123.26376, 45.59082, -6668.2666015625], [-123.26644, 45.59511, -7521.9677734375]]], [[[-123.28427, 45.62689, -27545.212890625], [-123.27897, 45.61774, -27481.494140625], [-123.28127, 45.62149, -28379.6328125], [-123.28427, 45.62689, -27545.212890625]]], [[[-123.2829, 45.62443, -8839.6337890625], [-123.27864, 45.61723, -8332.5], [-123.27843, 45.61689, -9311.2548828125], [-123.2829, 45.62443, -8839.6337890625]]], [[[-123.28175, 45.62235, -26712.8359375], [-123.27897, 45.61774, -27481.494140625], [-123.28427, 45.62689, -27545.212890625], [-123.28175, 45.62235, -26712.8359375]]], [[[-123.27271, 45.60773, -6619.109375], [-123.27023, 45.60327, -5768.7099609375], [-123.26842, 45.59919, -6644.92529296875], [-123.27271, 45.60773, -6619.109375]]], [[[-123.27661, 45.61397, -26585.326171875], [-123.27897, 45.61774, -27481.494140625], [-123.28175, 45.62235, -26712.8359375], [-123.27661, 45.61397, -26585.326171875]]], [[[-123.25891, 45.58182, -4981.75439453125], [-123.25654, 45.57738, -4127.63623046875], [-123.2539, 45.57261, -4956.7197265625], [-123.25891, 45.58182, -4981.75439453125]]], [[[-123.27661, 45.61397, -26585.326171875], [-123.27369, 45.60931, -27417.869140625], [-123.27897, 45.61774, -27481.494140625], [-123.27661, 45.61397, -26585.326171875]]], [[[-123.26376, 45.59082, -6668.2666015625], [-123.26623, 45.59476, -5795.77978515625], [-123.26119, 45.58638, -5818.07080078125], [-123.26376, 45.59082, -6668.2666015625]]], [[[-123.27661, 45.61397, -26585.326171875], [-123.27136, 45.60557, -26523.6484375], [-123.27369, 45.60931, -27417.869140625], [-123.27661, 45.61397, -26585.326171875]]], [[[-123.27415, 45.61003, -9796.69921875], [-123.27864, 45.61723, -10361.03515625], [-123.27843, 45.61689, -9311.2548828125], [-123.27415, 45.61003, -9796.69921875]]], [[[-123.27445, 45.61051, -25636.380859375], [-123.27136, 45.60557, -26523.6484375], [-123.27661, 45.61397, -26585.326171875], [-123.27445, 45.61051, -25636.380859375]]], [[[-123.25425, 45.57326, -3262.61376953125], [-123.25206, 45.56949, -2368.0419921875], [-123.24907, 45.56472, -3184.4521484375], [-123.25425, 45.57326, -3262.61376953125]]], [[[-123.27445, 45.61051, -25636.380859375], [-123.26955, 45.60175, -25622.36328125], [-123.27136, 45.60557, -26523.6484375], [-123.27445, 45.61051, -25636.380859375]]], [[[-123.25654, 45.57738, -4127.63623046875], [-123.26098, 45.58596, -4104.28076171875], [-123.25875, 45.58149, -3260.612060546875], [-123.25654, 45.57738, -4127.63623046875]]], [[[-123.27214, 45.60682, -24784.24609375], [-123.26955, 45.60175, -25622.36328125], [-123.27445, 45.61051, -25636.380859375], [-123.27214, 45.60682, -24784.24609375]]], [[[-123.26308, 45.58973, -3217.578857421875], [-123.26574, 45.59399, -2357.404541015625], [-123.26062, 45.58525, -2367.786865234375], [-123.26308, 45.58973, -3217.578857421875]]], [[[-123.26783, 45.59788, -24730.5], [-123.26955, 45.60175, -25622.36328125], [-123.27214, 45.60682, -24784.24609375], [-123.26783, 45.59788, -24730.5]]], [[[-123.25629, 45.57691, -7479.634765625], [-123.25887, 45.58174, -6655.89404296875], [-123.2537, 45.57226, -6644.10302734375], [-123.25629, 45.57691, -7479.634765625]]], [[[-123.26783, 45.59788, -24730.5], [-123.26531, 45.59329, -25566.701171875], [-123.26955, 45.60175, -25622.36328125], [-123.26783, 45.59788, -24730.5]]], [[[-123.27748, 45.61537, -6628.8134765625], [-123.27538, 45.61201, -5760.478515625], [-123.27271, 45.60773, -6619.109375], [-123.27748, 45.61537, -6628.8134765625]]], [[[-123.26783, 45.59788, -24730.5], [-123.26314, 45.58982, -24665.357421875], [-123.26531, 45.59329, -25566.701171875], [-123.26783, 45.59788, -24730.5]]], [[[-123.27353, 45.60904, -8558.697265625], [-123.27483, 45.61112, -7539.56884765625], [-123.27042, 45.6037, -7537.52490234375], [-123.27353, 45.60904, -8558.697265625]]], [[[-123.26783, 45.59788, -24730.5], [-123.2662, 45.59472, -23778.158203125], [-123.26314, 45.58982, -24665.357421875], [-123.26783, 45.59788, -24730.5]]], [[[-123.27042, 45.6037, -7537.52490234375], [-123.27271, 45.60773, -6619.109375], [-123.26842, 45.59919, -6644.92529296875], [-123.27042, 45.6037, -7537.52490234375]]], [[[-123.2701, 45.60297, -23855.94921875], [-123.2662, 45.59472, -23778.158203125], [-123.26783, 45.59788, -24730.5], [-123.2701, 45.60297, -23855.94921875]]], [[[-123.26822, 45.59875, -3187.02685546875], [-123.26574, 45.59399, -2357.404541015625], [-123.26308, 45.58973, -3217.578857421875], [-123.26822, 45.59875, -3187.02685546875]]], [[[-123.26936, 45.60132, -22818.744140625], [-123.2662, 45.59472, -23778.158203125], [-123.2701, 45.60297, -23855.94921875], [-123.26936, 45.60132, -22818.744140625]]], [[[-123.27538, 45.61201, -5760.478515625], [-123.27748, 45.61537, -6628.8134765625], [-123.28025, 45.6198, -5830.09912109375], [-123.27538, 45.61201, -5760.478515625]]], [[[-123.26393, 45.5911, -22927.919921875], [-123.2662, 45.59472, -23778.158203125], [-123.26936, 45.60132, -22818.744140625], [-123.26393, 45.5911, -22927.919921875]]], [[[-123.27538, 45.61201, -5760.478515625], [-123.28025, 45.6198, -5830.09912109375], [-123.27798, 45.61618, -4920.43408203125], [-123.27538, 45.61201, -5760.478515625]]], [[[-123.26393, 45.5911, -22927.919921875], [-123.26103, 45.58606, -23765.7734375], [-123.2662, 45.59472, -23778.158203125], [-123.26393, 45.5911, -22927.919921875]]], [[[-123.26112, 45.58624, -7510.57958984375], [-123.26376, 45.59082, -6668.2666015625], [-123.25887, 45.58174, -6655.89404296875], [-123.26112, 45.58624, -7510.57958984375]]], [[[-123.26393, 45.5911, -22927.919921875], [-123.25904, 45.58208, -22871.69921875], [-123.26103, 45.58606, -23765.7734375], [-123.26393, 45.5911, -22927.919921875]]], [[[-123.25629, 45.57691, -7479.634765625], [-123.26112, 45.58624, -7510.57958984375], [-123.25887, 45.58174, -6655.89404296875], [-123.25629, 45.57691, -7479.634765625]]], [[[-123.26172, 45.58745, -21994.193359375], [-123.25904, 45.58208, -22871.69921875], [-123.26393, 45.5911, -22927.919921875], [-123.26172, 45.58745, -21994.193359375]]], [[[-123.26822, 45.59875, -3187.02685546875], [-123.27034, 45.60351, -2361.350830078125], [-123.26574, 45.59399, -2357.404541015625], [-123.26822, 45.59875, -3187.02685546875]]], [[[-123.26172, 45.58745, -21994.193359375], [-123.25702, 45.57824, -21975.05078125], [-123.25904, 45.58208, -22871.69921875], [-123.26172, 45.58745, -21994.193359375]]], [[[-123.2659, 45.59425, -21099.119140625], [-123.26665, 45.59545, -19996.578125], [-123.26216, 45.58825, -20468.548828125], [-123.2659, 45.59425, -21099.119140625]]], [[[-123.25977, 45.58354, -21150.947265625], [-123.25702, 45.57824, -21975.05078125], [-123.26172, 45.58745, -21994.193359375], [-123.25977, 45.58354, -21150.947265625]]], [[[-123.27279, 45.60787, -3222.42578125], [-123.27034, 45.60351, -2361.350830078125], [-123.26822, 45.59875, -3187.02685546875], [-123.27279, 45.60787, -3222.42578125]]], [[[-123.25493, 45.57447, -21076.552734375], [-123.25702, 45.57824, -21975.05078125], [-123.25977, 45.58354, -21150.947265625], [-123.25493, 45.57447, -21076.552734375]]], [[[-123.25493, 45.57447, -21076.552734375], [-123.25222, 45.56975, -21906.12890625], [-123.25702, 45.57824, -21975.05078125], [-123.25493, 45.57447, -21076.552734375]]], [[[-123.26119, 45.58638, -5818.07080078125], [-123.26361, 45.59058, -4942.01220703125], [-123.25891, 45.58182, -4981.75439453125], [-123.26119, 45.58638, -5818.07080078125]]], [[[-123.25493, 45.57447, -21076.552734375], [-123.24979, 45.56586, -21020.69921875], [-123.25222, 45.56975, -21906.12890625], [-123.25493, 45.57447, -21076.552734375]]], [[[-123.27538, 45.61201, -5760.478515625], [-123.27798, 45.61618, -4920.43408203125], [-123.27262, 45.6076, -4908.69189453125], [-123.27538, 45.61201, -5760.478515625]]], [[[-123.24979, 45.56586, -21020.69921875], [-123.25493, 45.57447, -21076.552734375], [-123.25266, 45.57045, -20205.814453125], [-123.24979, 45.56586, -21020.69921875]]], [[[-123.27023, 45.60327, -5768.7099609375], [-123.27538, 45.61201, -5760.478515625], [-123.27262, 45.6076, -4908.69189453125], [-123.27023, 45.60327, -5768.7099609375]]], [[[-123.24745, 45.56212, -20121.2734375], [-123.24979, 45.56586, -21020.69921875], [-123.25266, 45.57045, -20205.814453125], [-123.24745, 45.56212, -20121.2734375]]], [[[-123.24907, 45.56472, -3184.4521484375], [-123.24642, 45.56048, -2317.371826171875], [-123.24354, 45.55586, -3149.37890625], [-123.24907, 45.56472, -3184.4521484375]]], [[[-123.24979, 45.56586, -21020.69921875], [-123.24745, 45.56212, -20121.2734375], [-123.2445, 45.55739, -20949.78515625], [-123.24979, 45.56586, -21020.69921875]]], [[[-123.2829, 45.62443, -12896.7041015625], [-123.28704, 45.63166, -12389.5703125], [-123.2829, 45.62443, -11882.4365234375], [-123.2829, 45.62443, -12896.7041015625]]], [[[-123.24979, 45.56586, -21020.69921875], [-123.2445, 45.55739, -20949.78515625], [-123.24684, 45.56114, -21844.20703125], [-123.24979, 45.56586, -21020.69921875]]], [[[-123.27279, 45.60787, -3222.42578125], [-123.27528, 45.61185, -2350.810791015625], [-123.27034, 45.60351, -2361.350830078125], [-123.27279, 45.60787, -3222.42578125]]], [[[-123.24979, 45.56586, -21020.69921875], [-123.24684, 45.56114, -21844.20703125], [-123.25222, 45.56975, -21906.12890625], [-123.24979, 45.56586, -21020.69921875]]], [[[-123.25636, 45.57705, -5814.07958984375], [-123.25891, 45.58182, -4981.75439453125], [-123.2539, 45.57261, -4956.7197265625], [-123.25636, 45.57705, -5814.07958984375]]], [[[-123.24684, 45.56114, -21844.20703125], [-123.24925, 45.56501, -22732.826171875], [-123.25222, 45.56975, -21906.12890625], [-123.24684, 45.56114, -21844.20703125]]], [[[-123.26361, 45.59058, -4942.01220703125], [-123.26098, 45.58596, -4104.28076171875], [-123.25891, 45.58182, -4981.75439453125], [-123.26361, 45.59058, -4942.01220703125]]], [[[-123.24684, 45.56114, -21844.20703125], [-123.24401, 45.55661, -22685.791015625], [-123.24925, 45.56501, -22732.826171875], [-123.24684, 45.56114, -21844.20703125]]], [[[-123.25891, 45.58182, -4981.75439453125], [-123.26098, 45.58596, -4104.28076171875], [-123.25654, 45.57738, -4127.63623046875], [-123.25891, 45.58182, -4981.75439453125]]], [[[-123.24684, 45.56114, -21844.20703125], [-123.24147, 45.55296, -21790.49609375], [-123.24401, 45.55661, -22685.791015625], [-123.24684, 45.56114, -21844.20703125]]], [[[-123.25654, 45.57738, -4127.63623046875], [-123.25875, 45.58149, -3260.612060546875], [-123.25425, 45.57326, -3262.61376953125], [-123.25654, 45.57738, -4127.63623046875]]], [[[-123.24684, 45.56114, -21844.20703125], [-123.2445, 45.55739, -20949.78515625], [-123.24147, 45.55296, -21790.49609375], [-123.24684, 45.56114, -21844.20703125]]], [[[-123.2915, 45.6388, -6811.09814453125], [-123.29596, 45.64594, -6303.96435546875], [-123.2911, 45.63816, -5753.66748046875], [-123.2915, 45.6388, -6811.09814453125]]], [[[-123.27262, 45.6076, -4908.69189453125], [-123.27553, 45.61224, -4074.01904296875], [-123.27017, 45.60313, -4053.857177734375], [-123.27262, 45.6076, -4908.69189453125]]], [[[-123.23878, 45.54937, -20892.556640625], [-123.23581, 45.54486, -21731.607421875], [-123.24147, 45.55296, -21790.49609375], [-123.23878, 45.54937, -20892.556640625]]], [[[-123.28473, 45.62772, -4074.082763671875], [-123.28722, 45.63195, -4959.06396484375], [-123.28955, 45.63569, -4025.67626953125], [-123.28473, 45.62772, -4074.082763671875]]], [[[-123.23386, 45.54135, -20826.513671875], [-123.23581, 45.54486, -21731.607421875], [-123.23878, 45.54937, -20892.556640625], [-123.23386, 45.54135, -20826.513671875]]], [[[-123.28056, 45.62029, -4043.846923828125], [-123.28473, 45.62772, -4074.082763671875], [-123.28277, 45.62419, -3161.6005859375], [-123.28056, 45.62029, -4043.846923828125]]], [[[-123.23386, 45.54135, -20826.513671875], [-123.231, 45.537, -21668.482421875], [-123.23581, 45.54486, -21731.607421875], [-123.23386, 45.54135, -20826.513671875]]], [[[-123.27528, 45.61185, -2350.810791015625], [-123.28035, 45.61997, -2307.289306640625], [-123.27762, 45.6156, -1463.097412109375], [-123.27528, 45.61185, -2350.810791015625]]], [[[-123.22752, 45.53352, -20783.591796875], [-123.231, 45.537, -21668.482421875], [-123.23386, 45.54135, -20826.513671875], [-123.22752, 45.53352, -20783.591796875]]], [[[-123.27553, 45.61224, -4074.01904296875], [-123.27802, 45.61623, -3194.23046875], [-123.27279, 45.60787, -3222.42578125], [-123.27553, 45.61224, -4074.01904296875]]], [[[-123.22752, 45.53352, -20783.591796875], [-123.22348, 45.52926, -21609.349609375], [-123.231, 45.537, -21668.482421875], [-123.22752, 45.53352, -20783.591796875]]], [[[-123.27802, 45.61623, -3194.23046875], [-123.28035, 45.61997, -2307.289306640625], [-123.27528, 45.61185, -2350.810791015625], [-123.27802, 45.61623, -3194.23046875]]], [[[-123.22092, 45.52634, -20757.90625], [-123.22348, 45.52926, -21609.349609375], [-123.22752, 45.53352, -20783.591796875], [-123.22092, 45.52634, -20757.90625]]], [[[-123.28035, 45.61997, -2307.289306640625], [-123.28494, 45.62809, -2284.3447265625], [-123.28254, 45.62377, -1421.0059814453125], [-123.28035, 45.61997, -2307.289306640625]]], [[[-123.22092, 45.52634, -20757.90625], [-123.21697, 45.52135, -21506.947265625], [-123.22348, 45.52926, -21609.349609375], [-123.22092, 45.52634, -20757.90625]]], [[[-123.2915, 45.6388, -9853.9013671875], [-123.29596, 45.64594, -10361.03515625], [-123.29596, 45.64594, -9346.767578125], [-123.2915, 45.6388, -9853.9013671875]]], [[[-123.21549, 45.51898, -20579.244140625], [-123.21697, 45.52135, -21506.947265625], [-123.22092, 45.52634, -20757.90625], [-123.21549, 45.51898, -20579.244140625]]], [[[-123.28714, 45.63183, -3189.524658203125], [-123.28494, 45.62809, -2284.3447265625], [-123.28277, 45.62419, -3161.6005859375], [-123.28714, 45.63183, -3189.524658203125]]], [[[-123.21955, 45.52477, -19958.71875], [-123.21549, 45.51898, -20579.244140625], [-123.22092, 45.52634, -20757.90625], [-123.21955, 45.52477, -19958.71875]]], [[[-123.28265, 45.62396, -6724.466796875], [-123.28729, 45.63206, -6389.43017578125], [-123.2849, 45.62802, -5784.751953125], [-123.28265, 45.62396, -6724.466796875]]], [[[-123.30399, 45.65978, -4207.99267578125], [-123.30882, 45.66751, -4782.5625], [-123.30882, 45.66751, -3768.294921875], [-123.30399, 45.65978, -4207.99267578125]]], [[[-123.21549, 45.51898, -20579.244140625], [-123.21955, 45.52477, -19958.71875], [-123.2153, 45.51868, -19519.052734375], [-123.21549, 45.51898, -20579.244140625]]], [[[-123.22478, 45.53075, -19855.255859375], [-123.21955, 45.52477, -19958.71875], [-123.22092, 45.52634, -20757.90625], [-123.22478, 45.53075, -19855.255859375]]], [[[-123.27528, 45.61185, -2350.810791015625], [-123.27762, 45.6156, -1463.097412109375], [-123.27272, 45.60775, -1486.3084716796875], [-123.27528, 45.61185, -2350.810791015625]]], [[[-123.22478, 45.53075, -19855.255859375], [-123.22092, 45.52634, -20757.90625], [-123.22752, 45.53352, -20783.591796875], [-123.22478, 45.53075, -19855.255859375]]], [[[-123.25437, 45.57346, -18495.087890625], [-123.25476, 45.57417, -19455.814453125], [-123.25846, 45.58093, -19008.06640625], [-123.25437, 45.57346, -18495.087890625]]], [[[-123.23149, 45.53749, -19905.091796875], [-123.22478, 45.53075, -19855.255859375], [-123.22752, 45.53352, -20783.591796875], [-123.23149, 45.53749, -19905.091796875]]], [[[-123.24935, 45.56516, -1505.4696044921875], [-123.24642, 45.56048, -2317.371826171875], [-123.25206, 45.56949, -2368.0419921875], [-123.24935, 45.56516, -1505.4696044921875]]], [[[-123.22716, 45.53316, -18845.859375], [-123.22478, 45.53075, -19855.255859375], [-123.23149, 45.53749, -19905.091796875], [-123.22716, 45.53316, -18845.859375]]], [[[-123.2915, 45.6388, -6811.09814453125], [-123.29596, 45.64594, -7318.23193359375], [-123.29596, 45.64594, -6303.96435546875], [-123.2915, 45.6388, -6811.09814453125]]], [[[-123.23414, 45.54184, -19089.275390625], [-123.22716, 45.53316, -18845.859375], [-123.23149, 45.53749, -19905.091796875], [-123.23414, 45.54184, -19089.275390625]]], [[[-123.23216, 45.5383, -18154.416015625], [-123.22716, 45.53316, -18845.859375], [-123.23414, 45.54184, -19089.275390625], [-123.23216, 45.5383, -18154.416015625]]], [[[-123.2849, 45.62802, -5784.751953125], [-123.28729, 45.63206, -6389.43017578125], [-123.2911, 45.63816, -5753.66748046875], [-123.2849, 45.62802, -5784.751953125]]], [[[-123.23216, 45.5383, -18154.416015625], [-123.22633, 45.53233, -17601.392578125], [-123.22716, 45.53316, -18845.859375], [-123.23216, 45.5383, -18154.416015625]]], [[[-123.26574, 45.59399, -2357.404541015625], [-123.27034, 45.60351, -2361.350830078125], [-123.26827, 45.59885, -1529.193115234375], [-123.26574, 45.59399, -2357.404541015625]]], [[[-123.23686, 45.54674, -18269.802734375], [-123.23216, 45.5383, -18154.416015625], [-123.23414, 45.54184, -19089.275390625], [-123.23686, 45.54674, -18269.802734375]]], [[[-123.317, 45.682, 288.7760009765625], [-123.31242, 45.67355, 228.48851013183594], [-123.31476, 45.67776, -248.50160217285156], [-123.317, 45.682, 288.7760009765625]]], [[[-123.23686, 45.54674, -18269.802734375], [-123.23414, 45.54184, -19089.275390625], [-123.23946, 45.55029, -19161.955078125], [-123.23686, 45.54674, -18269.802734375]]], [[[-123.23414, 45.54184, -19089.275390625], [-123.2364, 45.54591, -19995.501953125], [-123.23946, 45.55029, -19161.955078125], [-123.23414, 45.54184, -19089.275390625]]], [[[-123.29262, 45.64059, -3219.770263671875], [-123.28954, 45.63567, -2331.364501953125], [-123.28714, 45.63183, -3189.524658203125], [-123.29262, 45.64059, -3219.770263671875]]], [[[-123.28729, 45.63206, -6389.43017578125], [-123.287, 45.6316, -7313.89794921875], [-123.2915, 45.6388, -6811.09814453125], [-123.28729, 45.63206, -6389.43017578125]]], [[[-123.2364, 45.54591, -19995.501953125], [-123.23149, 45.53749, -19905.091796875], [-123.23386, 45.54135, -20826.513671875], [-123.2364, 45.54591, -19995.501953125]]], [[[-123.2915, 45.6388, -9853.9013671875], [-123.2915, 45.6388, -10868.1689453125], [-123.29596, 45.64594, -10361.03515625], [-123.2915, 45.6388, -9853.9013671875]]], [[[-123.2364, 45.54591, -19995.501953125], [-123.23386, 45.54135, -20826.513671875], [-123.23878, 45.54937, -20892.556640625], [-123.2364, 45.54591, -19995.501953125]]], [[[-123.28035, 45.61997, -2307.289306640625], [-123.28254, 45.62377, -1421.0059814453125], [-123.27762, 45.6156, -1463.097412109375], [-123.28035, 45.61997, -2307.289306640625]]], [[[-123.24205, 45.55374, -20057.0234375], [-123.2364, 45.54591, -19995.501953125], [-123.23878, 45.54937, -20892.556640625], [-123.24205, 45.55374, -20057.0234375]]], [[[-123.26062, 45.58525, -2367.786865234375], [-123.26301, 45.58961, -1504.553466796875], [-123.25856, 45.58113, -1499.63916015625], [-123.26062, 45.58525, -2367.786865234375]]], [[[-123.23946, 45.55029, -19161.955078125], [-123.2364, 45.54591, -19995.501953125], [-123.24205, 45.55374, -20057.0234375], [-123.23946, 45.55029, -19161.955078125]]], [[[-123.25035, 45.56676, -19266.169921875], [-123.24745, 45.56212, -20121.2734375], [-123.25266, 45.57045, -20205.814453125], [-123.25035, 45.56676, -19266.169921875]]], [[[-123.23946, 45.55029, -19161.955078125], [-123.24205, 45.55374, -20057.0234375], [-123.24533, 45.55873, -19182.109375], [-123.23946, 45.55029, -19161.955078125]]], [[[-123.28494, 45.62809, -2284.3447265625], [-123.28733, 45.63212, -1416.6826171875], [-123.28254, 45.62377, -1421.0059814453125], [-123.28494, 45.62809, -2284.3447265625]]], [[[-123.24533, 45.55873, -19182.109375], [-123.24205, 45.55374, -20057.0234375], [-123.24745, 45.56212, -20121.2734375], [-123.24533, 45.55873, -19182.109375]]], [[[-123.28729, 45.63206, -6389.43017578125], [-123.2915, 45.6388, -6811.09814453125], [-123.2911, 45.63816, -5753.66748046875], [-123.28729, 45.63206, -6389.43017578125]]], [[[-123.25035, 45.56676, -19266.169921875], [-123.24533, 45.55873, -19182.109375], [-123.24745, 45.56212, -20121.2734375], [-123.25035, 45.56676, -19266.169921875]]], [[[-123.28729, 45.63206, -6389.43017578125], [-123.28265, 45.62396, -6724.466796875], [-123.287, 45.6316, -7313.89794921875], [-123.28729, 45.63206, -6389.43017578125]]], [[[-123.25035, 45.56676, -19266.169921875], [-123.24927, 45.56503, -18221.2734375], [-123.24533, 45.55873, -19182.109375], [-123.25035, 45.56676, -19266.169921875]]], [[[-123.25206, 45.56949, -2368.0419921875], [-123.2544, 45.57352, -1499.1343994140625], [-123.24935, 45.56516, -1505.4696044921875], [-123.25206, 45.56949, -2368.0419921875]]], [[[-123.317, 45.682, 288.7760009765625], [-123.31476, 45.67776, -248.50160217285156], [-123.317, 45.682, -725.49169921875], [-123.317, 45.682, 288.7760009765625]]], [[[-123.24927, 45.56503, -18221.2734375], [-123.25035, 45.56676, -19266.169921875], [-123.25437, 45.57346, -18495.087890625], [-123.24927, 45.56503, -18221.2734375]]], [[[-123.24927, 45.56503, -18221.2734375], [-123.25437, 45.57346, -18495.087890625], [-123.25427, 45.57329, -17504.56640625], [-123.24927, 45.56503, -18221.2734375]]], [[[-123.28955, 45.63569, -4025.67626953125], [-123.29544, 45.6451, -4069.998046875], [-123.29262, 45.64059, -3219.770263671875], [-123.28955, 45.63569, -4025.67626953125]]], [[[-123.25848, 45.58096, -17968.04296875], [-123.25427, 45.57329, -17504.56640625], [-123.25437, 45.57346, -18495.087890625], [-123.25848, 45.58096, -17968.04296875]]], [[[-123.28704, 45.63166, -8332.5], [-123.28704, 45.63166, -9346.767578125], [-123.2915, 45.6388, -8839.6337890625], [-123.28704, 45.63166, -8332.5]]], [[[-123.25427, 45.57329, -17504.56640625], [-123.25848, 45.58096, -17968.04296875], [-123.25848, 45.58096, -16953.775390625], [-123.25427, 45.57329, -17504.56640625]]], [[[-123.2915, 45.6388, -7825.36572265625], [-123.29596, 45.64594, -8332.5], [-123.29596, 45.64594, -7318.23193359375], [-123.2915, 45.6388, -7825.36572265625]]], [[[-123.25449, 45.57369, -16446.640625], [-123.25427, 45.57329, -17504.56640625], [-123.25848, 45.58096, -16953.775390625], [-123.25449, 45.57369, -16446.640625]]], [[[-123.28704, 45.63166, -10361.03515625], [-123.28704, 45.63166, -11375.302734375], [-123.2915, 45.6388, -10868.1689453125], [-123.28704, 45.63166, -10361.03515625]]], [[[-123.25449, 45.57369, -16446.640625], [-123.25848, 45.58096, -16953.775390625], [-123.25848, 45.58096, -15939.5078125], [-123.25449, 45.57369, -16446.640625]]], [[[-123.25449, 45.57369, -15432.3740234375], [-123.25449, 45.57369, -16446.640625], [-123.25848, 45.58096, -15939.5078125], [-123.25449, 45.57369, -15432.3740234375]]], [[[-123.25206, 45.56949, -2368.0419921875], [-123.25653, 45.57735, -2394.07958984375], [-123.2544, 45.57352, -1499.1343994140625], [-123.25206, 45.56949, -2368.0419921875]]], [[[-123.25449, 45.57369, -15432.3740234375], [-123.25848, 45.58096, -15939.5078125], [-123.25848, 45.58096, -14925.2392578125], [-123.25449, 45.57369, -15432.3740234375]]], [[[-123.29203, 45.63965, -1460.734375], [-123.28981, 45.6361, -538.897705078125], [-123.28733, 45.63212, -1416.6826171875], [-123.29203, 45.63965, -1460.734375]]], [[[-123.25449, 45.57369, -15432.3740234375], [-123.25848, 45.58096, -14925.2392578125], [-123.25442, 45.57355, -14404.8671875], [-123.25449, 45.57369, -15432.3740234375]]], [[[-123.2915, 45.6388, -8839.6337890625], [-123.29596, 45.64594, -8332.5], [-123.2915, 45.6388, -7825.36572265625], [-123.2915, 45.6388, -8839.6337890625]]], [[[-123.25029, 45.56667, -14864.4296875], [-123.25449, 45.57369, -15432.3740234375], [-123.25442, 45.57355, -14404.8671875], [-123.25029, 45.56667, -14864.4296875]]], [[[-123.28954, 45.63567, -2331.364501953125], [-123.29203, 45.63965, -1460.734375], [-123.28733, 45.63212, -1416.6826171875], [-123.28954, 45.63567, -2331.364501953125]]], [[[-123.26095, 45.5859, -31590.951171875], [-123.25859, 45.58117, -32425.017578125], [-123.26305, 45.58968, -32485.798828125], [-123.26095, 45.5859, -31590.951171875]]], [[[-123.25024, 45.56658, -13652.8671875], [-123.25029, 45.56667, -14864.4296875], [-123.25442, 45.57355, -14404.8671875], [-123.25024, 45.56658, -13652.8671875]]], [[[-123.24673, 45.56096, -14330.828125], [-123.25029, 45.56667, -14864.4296875], [-123.25024, 45.56658, -13652.8671875], [-123.24673, 45.56096, -14330.828125]]], [[[-123.28473, 45.62772, -4074.082763671875], [-123.28955, 45.63569, -4025.67626953125], [-123.28714, 45.63183, -3189.524658203125], [-123.28473, 45.62772, -4074.082763671875]]], [[[-123.24673, 45.56096, -14330.828125], [-123.25024, 45.56658, -13652.8671875], [-123.24459, 45.55755, -13575.208984375], [-123.24673, 45.56096, -14330.828125]]], [[[-123.26574, 45.59399, -2357.404541015625], [-123.26827, 45.59885, -1529.193115234375], [-123.26301, 45.58961, -1504.553466796875], [-123.26574, 45.59399, -2357.404541015625]]], [[[-123.24199, 45.55365, -14502.0390625], [-123.24673, 45.56096, -14330.828125], [-123.24459, 45.55755, -13575.208984375], [-123.24199, 45.55365, -14502.0390625]]], [[[-123.28722, 45.63195, -4959.06396484375], [-123.28473, 45.62772, -4074.082763671875], [-123.28251, 45.62373, -4954.71923828125], [-123.28722, 45.63195, -4959.06396484375]]], [[[-123.26095, 45.5859, -31590.951171875], [-123.25654, 45.57737, -31529.755859375], [-123.25859, 45.58117, -32425.017578125], [-123.26095, 45.5859, -31590.951171875]]], [[[-123.24199, 45.55365, -14502.0390625], [-123.24459, 45.55755, -13575.208984375], [-123.23856, 45.54908, -13646.4677734375], [-123.24199, 45.55365, -14502.0390625]]], [[[-123.23664, 45.54635, -14606.6748046875], [-123.24199, 45.55365, -14502.0390625], [-123.23856, 45.54908, -13646.4677734375], [-123.23664, 45.54635, -14606.6748046875]]], [[[-123.27034, 45.60351, -2361.350830078125], [-123.27272, 45.60775, -1486.3084716796875], [-123.26827, 45.59885, -1529.193115234375], [-123.27034, 45.60351, -2361.350830078125]]], [[[-123.27005, 45.60286, -31714.783203125], [-123.26792, 45.59808, -32548.6328125], [-123.27205, 45.60667, -32609.8046875], [-123.27005, 45.60286, -31714.783203125]]], [[[-123.23289, 45.5396, -13892.5185546875], [-123.23664, 45.54635, -14606.6748046875], [-123.23856, 45.54908, -13646.4677734375], [-123.23289, 45.5396, -13892.5185546875]]], [[[-123.23664, 45.54635, -14606.6748046875], [-123.23289, 45.5396, -13892.5185546875], [-123.23241, 45.53873, -15007.1572265625], [-123.23664, 45.54635, -14606.6748046875]]], [[[-123.3, 45.6532, -8839.6337890625], [-123.29596, 45.64594, -9346.767578125], [-123.3, 45.6532, -9853.9013671875], [-123.3, 45.6532, -8839.6337890625]]], [[[-123.23289, 45.5396, -13892.5185546875], [-123.22625, 45.53225, -13503.19140625], [-123.2263, 45.5323, -14501.662109375], [-123.23289, 45.5396, -13892.5185546875]]], [[[-123.28277, 45.62419, -3161.6005859375], [-123.28494, 45.62809, -2284.3447265625], [-123.28035, 45.61997, -2307.289306640625], [-123.28277, 45.62419, -3161.6005859375]]], [[[-123.23125, 45.53725, -12829.52734375], [-123.22625, 45.53225, -13503.19140625], [-123.23289, 45.5396, -13892.5185546875], [-123.23125, 45.53725, -12829.52734375]]], [[[-123.2849, 45.62802, -5784.751953125], [-123.2911, 45.63816, -5753.66748046875], [-123.28722, 45.63195, -4959.06396484375], [-123.2849, 45.62802, -5784.751953125]]], [[[-123.23125, 45.53725, -12829.52734375], [-123.22538, 45.53138, -12563.8193359375], [-123.22625, 45.53225, -13503.19140625], [-123.23125, 45.53725, -12829.52734375]]], [[[-123.25653, 45.57735, -2394.07958984375], [-123.26062, 45.58525, -2367.786865234375], [-123.25856, 45.58113, -1499.63916015625], [-123.25653, 45.57735, -2394.07958984375]]], [[[-123.22031, 45.52564, -11917.9111328125], [-123.22538, 45.53138, -12563.8193359375], [-123.2273, 45.5333, -11848.228515625], [-123.22031, 45.52564, -11917.9111328125]]], [[[-123.3, 45.6532, -15939.5078125], [-123.30436, 45.66037, -16446.640625], [-123.30436, 45.66037, -15432.3740234375], [-123.3, 45.6532, -15939.5078125]]], [[[-123.22031, 45.52564, -11917.9111328125], [-123.22027, 45.52559, -12999.1845703125], [-123.22538, 45.53138, -12563.8193359375], [-123.22031, 45.52564, -11917.9111328125]]], [[[-123.2829, 45.62443, -13910.9716796875], [-123.28704, 45.63166, -14418.10546875], [-123.28704, 45.63166, -13403.837890625], [-123.2829, 45.62443, -13910.9716796875]]], [[[-123.22027, 45.52559, -12999.1845703125], [-123.22031, 45.52564, -11917.9111328125], [-123.21544, 45.5189, -12421.1396484375], [-123.22027, 45.52559, -12999.1845703125]]], [[[-123.2829, 45.62442, -7818.6728515625], [-123.287, 45.6316, -7313.89794921875], [-123.28265, 45.62396, -6724.466796875], [-123.2829, 45.62442, -7818.6728515625]]], [[[-123.2153, 45.51868, -13503.19140625], [-123.22027, 45.52559, -12999.1845703125], [-123.21544, 45.5189, -12421.1396484375], [-123.2153, 45.51868, -13503.19140625]]], [[[-123.3, 45.6532, -16953.775390625], [-123.30436, 45.66037, -17460.908203125], [-123.30436, 45.66037, -16446.640625], [-123.3, 45.6532, -16953.775390625]]], [[[-123.22027, 45.52559, -12999.1845703125], [-123.2153, 45.51868, -13503.19140625], [-123.22031, 45.52564, -14004.513671875], [-123.22027, 45.52559, -12999.1845703125]]], [[[-123.2829, 45.62443, -8839.6337890625], [-123.28704, 45.63166, -8332.5], [-123.2829, 45.62442, -7818.6728515625], [-123.2829, 45.62443, -8839.6337890625]]], [[[-123.22625, 45.53225, -13503.19140625], [-123.22027, 45.52559, -12999.1845703125], [-123.22031, 45.52564, -14004.513671875], [-123.22625, 45.53225, -13503.19140625]]], [[[-123.2829, 45.62443, -18982.310546875], [-123.28704, 45.63166, -18475.17578125], [-123.2829, 45.62443, -17968.04296875], [-123.2829, 45.62443, -18982.310546875]]], [[[-123.22625, 45.53225, -13503.19140625], [-123.22538, 45.53138, -12563.8193359375], [-123.22027, 45.52559, -12999.1845703125], [-123.22625, 45.53225, -13503.19140625]]], [[[-123.30882, 45.66751, -14925.2392578125], [-123.31306, 45.67471, -15432.3740234375], [-123.31306, 45.67471, -14418.10546875], [-123.30882, 45.66751, -14925.2392578125]]], [[[-123.2829, 45.62443, -9853.9013671875], [-123.2829, 45.62443, -10868.1689453125], [-123.28704, 45.63166, -10361.03515625], [-123.2829, 45.62443, -9853.9013671875]]], [[[-123.2263, 45.5323, -14501.662109375], [-123.22031, 45.52564, -14004.513671875], [-123.22031, 45.52564, -15007.1572265625], [-123.2263, 45.5323, -14501.662109375]]], [[[-123.28277, 45.62419, -3161.6005859375], [-123.28035, 45.61997, -2307.289306640625], [-123.27802, 45.61623, -3194.23046875], [-123.28277, 45.62419, -3161.6005859375]]], [[[-123.28704, 45.63166, -15432.3740234375], [-123.28704, 45.63166, -16446.640625], [-123.2915, 45.6388, -15939.5078125], [-123.28704, 45.63166, -15432.3740234375]]], [[[-123.22031, 45.52564, -14004.513671875], [-123.2153, 45.51868, -13503.19140625], [-123.2153, 45.51868, -14505.8349609375], [-123.22031, 45.52564, -14004.513671875]]], [[[-123.30436, 45.66037, -15432.3740234375], [-123.30436, 45.66037, -16446.640625], [-123.30882, 45.66751, -15939.5078125], [-123.30436, 45.66037, -15432.3740234375]]], [[[-123.21121, 45.51142, -14004.513671875], [-123.2153, 45.51868, -14505.8349609375], [-123.2153, 45.51868, -13503.19140625], [-123.21121, 45.51142, -14004.513671875]]], [[[-123.30436, 45.66037, -15432.3740234375], [-123.30882, 45.66751, -15939.5078125], [-123.30882, 45.66751, -14925.2392578125], [-123.30436, 45.66037, -15432.3740234375]]], [[[-123.2153, 45.51868, -14505.8349609375], [-123.21121, 45.51142, -14004.513671875], [-123.21121, 45.51142, -15007.1572265625], [-123.2153, 45.51868, -14505.8349609375]]], [[[-123.2829, 45.62443, -11882.4365234375], [-123.28704, 45.63166, -11375.302734375], [-123.2829, 45.62443, -10868.1689453125], [-123.2829, 45.62443, -11882.4365234375]]], [[[-123.2153, 45.51868, -15508.478515625], [-123.2153, 45.51868, -14505.8349609375], [-123.21121, 45.51142, -15007.1572265625], [-123.2153, 45.51868, -15508.478515625]]], [[[-123.28704, 45.63166, -11375.302734375], [-123.2915, 45.6388, -11882.4365234375], [-123.2915, 45.6388, -10868.1689453125], [-123.28704, 45.63166, -11375.302734375]]], [[[-123.2153, 45.51868, -15508.478515625], [-123.22031, 45.52564, -15007.1572265625], [-123.2153, 45.51868, -14505.8349609375], [-123.2153, 45.51868, -15508.478515625]]], [[[-123.2829, 45.62443, -13910.9716796875], [-123.2829, 45.62443, -14925.2392578125], [-123.28704, 45.63166, -14418.10546875], [-123.2829, 45.62443, -13910.9716796875]]], [[[-123.22031, 45.52564, -15007.1572265625], [-123.2153, 45.51868, -15508.478515625], [-123.22031, 45.52564, -16009.80078125], [-123.22031, 45.52564, -15007.1572265625]]], [[[-123.27802, 45.61623, -3194.23046875], [-123.27528, 45.61185, -2350.810791015625], [-123.27279, 45.60787, -3222.42578125], [-123.27802, 45.61623, -3194.23046875]]], [[[-123.2153, 45.51868, -15508.478515625], [-123.21121, 45.51142, -15007.1572265625], [-123.21121, 45.51142, -16009.80078125], [-123.2153, 45.51868, -15508.478515625]]], [[[-123.29596, 45.64594, -15432.3740234375], [-123.3, 45.6532, -15939.5078125], [-123.3, 45.6532, -14925.2392578125], [-123.29596, 45.64594, -15432.3740234375]]], [[[-123.21121, 45.51142, -15007.1572265625], [-123.20644, 45.50444, -15508.478515625], [-123.21121, 45.51142, -16009.80078125], [-123.21121, 45.51142, -15007.1572265625]]], [[[-123.2829, 45.62443, -14925.2392578125], [-123.28704, 45.63166, -15432.3740234375], [-123.28704, 45.63166, -14418.10546875], [-123.2829, 45.62443, -14925.2392578125]]], [[[-123.21121, 45.51142, -15007.1572265625], [-123.20644, 45.50444, -14505.8349609375], [-123.20644, 45.50444, -15508.478515625], [-123.21121, 45.51142, -15007.1572265625]]], [[[-123.27483, 45.61112, -7539.56884765625], [-123.27748, 45.61537, -6628.8134765625], [-123.27271, 45.60773, -6619.109375], [-123.27483, 45.61112, -7539.56884765625]]], [[[-123.21121, 45.51142, -14004.513671875], [-123.20644, 45.50444, -14505.8349609375], [-123.21121, 45.51142, -15007.1572265625], [-123.21121, 45.51142, -14004.513671875]]], [[[-123.30436, 45.66037, -16446.640625], [-123.30882, 45.66751, -16953.775390625], [-123.30882, 45.66751, -15939.5078125], [-123.30436, 45.66037, -16446.640625]]], [[[-123.28704, 45.63166, -11375.302734375], [-123.28704, 45.63166, -12389.5703125], [-123.2915, 45.6388, -11882.4365234375], [-123.28704, 45.63166, -11375.302734375]]], [[[-123.20022, 45.49797, -14004.513671875], [-123.20644, 45.50444, -14505.8349609375], [-123.20644, 45.50444, -13503.19140625], [-123.20022, 45.49797, -14004.513671875]]], [[[-123.28056, 45.62029, -4043.846923828125], [-123.28277, 45.62419, -3161.6005859375], [-123.27802, 45.61623, -3194.23046875], [-123.28056, 45.62029, -4043.846923828125]]], [[[-123.20644, 45.50444, -14505.8349609375], [-123.20022, 45.49797, -14004.513671875], [-123.20022, 45.49797, -15007.1572265625], [-123.20644, 45.50444, -14505.8349609375]]], [[[-123.20644, 45.50444, -15508.478515625], [-123.20644, 45.50444, -14505.8349609375], [-123.20022, 45.49797, -15007.1572265625], [-123.20644, 45.50444, -15508.478515625]]], [[[-123.28704, 45.63166, -12389.5703125], [-123.2915, 45.6388, -12896.7041015625], [-123.2915, 45.6388, -11882.4365234375], [-123.28704, 45.63166, -12389.5703125]]], [[[-123.20644, 45.50444, -15508.478515625], [-123.20022, 45.49797, -15007.1572265625], [-123.20022, 45.49797, -16009.80078125], [-123.20644, 45.50444, -15508.478515625]]], [[[-123.20644, 45.50444, -16511.123046875], [-123.20644, 45.50444, -15508.478515625], [-123.20022, 45.49797, -16009.80078125], [-123.20644, 45.50444, -16511.123046875]]], [[[-123.29596, 45.64594, -15432.3740234375], [-123.3, 45.6532, -14925.2392578125], [-123.29596, 45.64594, -14418.10546875], [-123.29596, 45.64594, -15432.3740234375]]], [[[-123.20644, 45.50444, -16511.123046875], [-123.21121, 45.51142, -16009.80078125], [-123.20644, 45.50444, -15508.478515625], [-123.20644, 45.50444, -16511.123046875]]], [[[-123.2829, 45.62443, -10868.1689453125], [-123.28704, 45.63166, -11375.302734375], [-123.28704, 45.63166, -10361.03515625], [-123.2829, 45.62443, -10868.1689453125]]], [[[-123.21121, 45.51142, -16009.80078125], [-123.20644, 45.50444, -16511.123046875], [-123.21121, 45.51142, -17012.443359375], [-123.21121, 45.51142, -16009.80078125]]], [[[-123.28704, 45.63166, -16446.640625], [-123.28704, 45.63166, -17460.908203125], [-123.2915, 45.6388, -16953.775390625], [-123.28704, 45.63166, -16446.640625]]], [[[-123.21367, 45.51608, -24128.291015625], [-123.21145, 45.51191, -24916.8515625], [-123.21624, 45.52019, -24985.630859375], [-123.21367, 45.51608, -24128.291015625]]], [[[-123.21121, 45.51142, -17012.443359375], [-123.20644, 45.50444, -16511.123046875], [-123.20644, 45.50444, -17513.765625], [-123.21121, 45.51142, -17012.443359375]]], [[[-123.3, 45.6532, -14925.2392578125], [-123.3, 45.6532, -15939.5078125], [-123.30436, 45.66037, -15432.3740234375], [-123.3, 45.6532, -14925.2392578125]]], [[[-123.21121, 45.51142, -17012.443359375], [-123.20644, 45.50444, -17513.765625], [-123.21121, 45.51142, -18015.087890625], [-123.21121, 45.51142, -17012.443359375]]], [[[-123.28704, 45.63166, -16446.640625], [-123.2915, 45.6388, -16953.775390625], [-123.2915, 45.6388, -15939.5078125], [-123.28704, 45.63166, -16446.640625]]], [[[-123.2153, 45.51868, -17513.765625], [-123.21121, 45.51142, -17012.443359375], [-123.21121, 45.51142, -18015.087890625], [-123.2153, 45.51868, -17513.765625]]], [[[-123.20644, 45.50444, -17513.765625], [-123.20644, 45.50444, -16511.123046875], [-123.20022, 45.49797, -17012.443359375], [-123.20644, 45.50444, -17513.765625]]], [[[-123.2915, 45.6388, -15939.5078125], [-123.29596, 45.64594, -16446.640625], [-123.29596, 45.64594, -15432.3740234375], [-123.2915, 45.6388, -15939.5078125]]], [[[-123.20644, 45.50444, -17513.765625], [-123.20022, 45.49797, -17012.443359375], [-123.20022, 45.49797, -18015.087890625], [-123.20644, 45.50444, -17513.765625]]], [[[-123.3, 45.6532, -16953.775390625], [-123.30436, 45.66037, -16446.640625], [-123.3, 45.6532, -15939.5078125], [-123.3, 45.6532, -16953.775390625]]], [[[-123.20022, 45.49797, -17012.443359375], [-123.19446, 45.49129, -17513.765625], [-123.20022, 45.49797, -18015.087890625], [-123.20022, 45.49797, -17012.443359375]]], [[[-123.27864, 45.61723, -10361.03515625], [-123.2829, 45.62443, -10868.1689453125], [-123.2829, 45.62443, -9853.9013671875], [-123.27864, 45.61723, -10361.03515625]]], [[[-123.19446, 45.49129, -17513.765625], [-123.20022, 45.49797, -17012.443359375], [-123.19446, 45.49129, -16511.123046875], [-123.19446, 45.49129, -17513.765625]]], [[[-123.19446, 45.49129, -17513.765625], [-123.19446, 45.49129, -16511.123046875], [-123.18928, 45.48437, -17012.443359375], [-123.19446, 45.49129, -17513.765625]]], [[[-123.28704, 45.63166, -10361.03515625], [-123.2915, 45.6388, -10868.1689453125], [-123.2915, 45.6388, -9853.9013671875], [-123.28704, 45.63166, -10361.03515625]]], [[[-123.19446, 45.49129, -17513.765625], [-123.18928, 45.48437, -17012.443359375], [-123.18928, 45.48437, -18015.087890625], [-123.19446, 45.49129, -17513.765625]]], [[[-123.2829, 45.62443, -8839.6337890625], [-123.28704, 45.63166, -9346.767578125], [-123.28704, 45.63166, -8332.5], [-123.2829, 45.62443, -8839.6337890625]]], [[[-123.19446, 45.49129, -18516.408203125], [-123.19446, 45.49129, -17513.765625], [-123.18928, 45.48437, -18015.087890625], [-123.19446, 45.49129, -18516.408203125]]], [[[-123.2829, 45.62443, -9853.9013671875], [-123.28704, 45.63166, -10361.03515625], [-123.28704, 45.63166, -9346.767578125], [-123.2829, 45.62443, -9853.9013671875]]], [[[-123.20022, 45.49797, -18015.087890625], [-123.19446, 45.49129, -17513.765625], [-123.19446, 45.49129, -18516.408203125], [-123.20022, 45.49797, -18015.087890625]]], [[[-123.2829, 45.62443, -17968.04296875], [-123.28704, 45.63166, -17460.908203125], [-123.2829, 45.62443, -16953.775390625], [-123.2829, 45.62443, -17968.04296875]]], [[[-123.20022, 45.49797, -18015.087890625], [-123.19446, 45.49129, -18516.408203125], [-123.20022, 45.49797, -19017.73046875], [-123.20022, 45.49797, -18015.087890625]]], [[[-123.28704, 45.63166, -17460.908203125], [-123.2829, 45.62443, -17968.04296875], [-123.28704, 45.63166, -18475.17578125], [-123.28704, 45.63166, -17460.908203125]]], [[[-123.19446, 45.49129, -18516.408203125], [-123.18928, 45.48437, -18015.087890625], [-123.18928, 45.48437, -19017.73046875], [-123.19446, 45.49129, -18516.408203125]]], [[[-123.29596, 45.64594, -16446.640625], [-123.3, 45.6532, -16953.775390625], [-123.3, 45.6532, -15939.5078125], [-123.29596, 45.64594, -16446.640625]]], [[[-123.18928, 45.48437, -18015.087890625], [-123.18409, 45.47746, -18516.408203125], [-123.18928, 45.48437, -19017.73046875], [-123.18928, 45.48437, -18015.087890625]]], [[[-123.30436, 45.66037, -15432.3740234375], [-123.30882, 45.66751, -14925.2392578125], [-123.30436, 45.66037, -14418.10546875], [-123.30436, 45.66037, -15432.3740234375]]], [[[-123.18409, 45.47746, -18516.408203125], [-123.18928, 45.48437, -18015.087890625], [-123.18409, 45.47746, -17513.765625], [-123.18409, 45.47746, -18516.408203125]]], [[[-123.28704, 45.63166, -10361.03515625], [-123.2915, 45.6388, -9853.9013671875], [-123.28704, 45.63166, -9346.767578125], [-123.28704, 45.63166, -10361.03515625]]], [[[-123.18409, 45.47746, -18516.408203125], [-123.18409, 45.47746, -17513.765625], [-123.17664, 45.47176, -18015.087890625], [-123.18409, 45.47746, -18516.408203125]]], [[[-123.2829, 45.62443, -16953.775390625], [-123.28704, 45.63166, -16446.640625], [-123.2829, 45.62443, -15939.5078125], [-123.2829, 45.62443, -16953.775390625]]], [[[-123.18409, 45.47746, -18516.408203125], [-123.17664, 45.47176, -18015.087890625], [-123.17664, 45.47176, -19017.73046875], [-123.18409, 45.47746, -18516.408203125]]], [[[-123.3, 45.6532, -14925.2392578125], [-123.30436, 45.66037, -15432.3740234375], [-123.30436, 45.66037, -14418.10546875], [-123.3, 45.6532, -14925.2392578125]]], [[[-123.18409, 45.47746, -19519.052734375], [-123.18409, 45.47746, -18516.408203125], [-123.17664, 45.47176, -19017.73046875], [-123.18409, 45.47746, -19519.052734375]]], [[[-123.2829, 45.62443, -12896.7041015625], [-123.2829, 45.62443, -13910.9716796875], [-123.28704, 45.63166, -13403.837890625], [-123.2829, 45.62443, -12896.7041015625]]], [[[-123.18928, 45.48437, -19017.73046875], [-123.18409, 45.47746, -18516.408203125], [-123.18409, 45.47746, -19519.052734375], [-123.18928, 45.48437, -19017.73046875]]], [[[-123.28265, 45.62396, -6724.466796875], [-123.27913, 45.61801, -7382.5654296875], [-123.2829, 45.62442, -7818.6728515625], [-123.28265, 45.62396, -6724.466796875]]], [[[-123.18928, 45.48437, -19017.73046875], [-123.18409, 45.47746, -19519.052734375], [-123.18928, 45.48437, -20020.375], [-123.18928, 45.48437, -19017.73046875]]], [[[-123.20022, 45.49797, -13001.8701171875], [-123.19446, 45.49129, -13503.19140625], [-123.20022, 45.49797, -14004.513671875], [-123.20022, 45.49797, -13001.8701171875]]], [[[-123.2829, 45.62443, -18982.310546875], [-123.28704, 45.63166, -19489.4453125], [-123.28704, 45.63166, -18475.17578125], [-123.2829, 45.62443, -18982.310546875]]], [[[-123.18409, 45.47746, -20521.6953125], [-123.18928, 45.48437, -20020.375], [-123.18409, 45.47746, -19519.052734375], [-123.18409, 45.47746, -20521.6953125]]], [[[-123.18928, 45.48437, -20020.375], [-123.18409, 45.47746, -20521.6953125], [-123.18928, 45.48437, -21023.017578125], [-123.18928, 45.48437, -20020.375]]], [[[-123.2915, 45.6388, -16953.775390625], [-123.29596, 45.64594, -16446.640625], [-123.2915, 45.6388, -15939.5078125], [-123.2915, 45.6388, -16953.775390625]]], [[[-123.18409, 45.47746, -20521.6953125], [-123.18409, 45.47746, -19519.052734375], [-123.17664, 45.47176, -20020.375], [-123.18409, 45.47746, -20521.6953125]]], [[[-123.29596, 45.64594, -16446.640625], [-123.29596, 45.64594, -17460.908203125], [-123.3, 45.6532, -16953.775390625], [-123.29596, 45.64594, -16446.640625]]], [[[-123.18409, 45.47746, -20521.6953125], [-123.17664, 45.47176, -20020.375], [-123.17664, 45.47176, -21023.017578125], [-123.18409, 45.47746, -20521.6953125]]], [[[-123.2829, 45.62443, -9853.9013671875], [-123.28704, 45.63166, -9346.767578125], [-123.2829, 45.62443, -8839.6337890625], [-123.2829, 45.62443, -9853.9013671875]]], [[[-123.17664, 45.47176, -20020.375], [-123.16814, 45.46674, -20521.6953125], [-123.17664, 45.47176, -21023.017578125], [-123.17664, 45.47176, -20020.375]]], [[[-123.30882, 45.66751, -14925.2392578125], [-123.30882, 45.66751, -15939.5078125], [-123.31306, 45.67471, -15432.3740234375], [-123.30882, 45.66751, -14925.2392578125]]], [[[-123.16814, 45.46674, -20521.6953125], [-123.17664, 45.47176, -20020.375], [-123.16814, 45.46674, -19519.052734375], [-123.16814, 45.46674, -20521.6953125]]], [[[-123.27913, 45.61801, -7382.5654296875], [-123.27864, 45.61723, -8332.5], [-123.2829, 45.62442, -7818.6728515625], [-123.27913, 45.61801, -7382.5654296875]]], [[[-123.16814, 45.46674, -20521.6953125], [-123.16814, 45.46674, -19519.052734375], [-123.15857, 45.46286, -20020.375], [-123.16814, 45.46674, -20521.6953125]]], [[[-123.28265, 45.62396, -6724.466796875], [-123.28025, 45.6198, -5830.09912109375], [-123.27748, 45.61537, -6628.8134765625], [-123.28265, 45.62396, -6724.466796875]]], [[[-123.16814, 45.46674, -20521.6953125], [-123.15857, 45.46286, -20020.375], [-123.15857, 45.46286, -21023.017578125], [-123.16814, 45.46674, -20521.6953125]]], [[[-123.27913, 45.61801, -7382.5654296875], [-123.27483, 45.61112, -7539.56884765625], [-123.27864, 45.61723, -8332.5], [-123.27913, 45.61801, -7382.5654296875]]], [[[-123.16814, 45.46674, -21524.33984375], [-123.16814, 45.46674, -20521.6953125], [-123.15857, 45.46286, -21023.017578125], [-123.16814, 45.46674, -21524.33984375]]], [[[-123.29596, 45.64594, -15432.3740234375], [-123.29596, 45.64594, -16446.640625], [-123.3, 45.6532, -15939.5078125], [-123.29596, 45.64594, -15432.3740234375]]], [[[-123.16814, 45.46674, -21524.33984375], [-123.17664, 45.47176, -21023.017578125], [-123.16814, 45.46674, -20521.6953125], [-123.16814, 45.46674, -21524.33984375]]], [[[-123.2915, 45.6388, -14925.2392578125], [-123.29596, 45.64594, -15432.3740234375], [-123.29596, 45.64594, -14418.10546875], [-123.2915, 45.6388, -14925.2392578125]]], [[[-123.17664, 45.47176, -21023.017578125], [-123.16814, 45.46674, -21524.33984375], [-123.17664, 45.47176, -22025.662109375], [-123.17664, 45.47176, -21023.017578125]]], [[[-123.27864, 45.61723, -8332.5], [-123.2829, 45.62443, -8839.6337890625], [-123.2829, 45.62442, -7818.6728515625], [-123.27864, 45.61723, -8332.5]]], [[[-123.16814, 45.46674, -22526.982421875], [-123.17664, 45.47176, -22025.662109375], [-123.16814, 45.46674, -21524.33984375], [-123.16814, 45.46674, -22526.982421875]]], [[[-123.17664, 45.47176, -22025.662109375], [-123.16814, 45.46674, -22526.982421875], [-123.17664, 45.47176, -23028.3046875], [-123.17664, 45.47176, -22025.662109375]]], [[[-123.28251, 45.62373, -4954.71923828125], [-123.28056, 45.62029, -4043.846923828125], [-123.27798, 45.61618, -4920.43408203125], [-123.28251, 45.62373, -4954.71923828125]]], [[[-123.16814, 45.46674, -22526.982421875], [-123.16814, 45.46674, -21524.33984375], [-123.15857, 45.46286, -22025.662109375], [-123.16814, 45.46674, -22526.982421875]]], [[[-123.28709, 45.63175, -25598.205078125], [-123.28688, 45.6314, -26699.431640625], [-123.29137, 45.63858, -26172.1328125], [-123.28709, 45.63175, -25598.205078125]]], [[[-123.16814, 45.46674, -22526.982421875], [-123.15857, 45.46286, -22025.662109375], [-123.15857, 45.46286, -23028.3046875], [-123.16814, 45.46674, -22526.982421875]]], [[[-123.30436, 45.66037, -16446.640625], [-123.30436, 45.66037, -17460.908203125], [-123.30882, 45.66751, -16953.775390625], [-123.30436, 45.66037, -16446.640625]]], [[[-123.15857, 45.46286, -22025.662109375], [-123.14885, 45.45911, -22526.982421875], [-123.15857, 45.46286, -23028.3046875], [-123.15857, 45.46286, -22025.662109375]]], [[[-123.25035, 45.56676, -19266.169921875], [-123.25476, 45.57417, -19455.814453125], [-123.25437, 45.57346, -18495.087890625], [-123.25035, 45.56676, -19266.169921875]]], [[[-123.14885, 45.45911, -22526.982421875], [-123.15857, 45.46286, -22025.662109375], [-123.14885, 45.45911, -21524.33984375], [-123.14885, 45.45911, -22526.982421875]]], [[[-123.28265, 45.62396, -6724.466796875], [-123.2849, 45.62802, -5784.751953125], [-123.28025, 45.6198, -5830.09912109375], [-123.28265, 45.62396, -6724.466796875]]], [[[-123.14885, 45.45911, -22526.982421875], [-123.14885, 45.45911, -21524.33984375], [-123.13986, 45.45457, -22025.662109375], [-123.14885, 45.45911, -22526.982421875]]], [[[-123.15857, 45.46286, -19017.73046875], [-123.14885, 45.45911, -19519.052734375], [-123.15857, 45.46286, -20020.375], [-123.15857, 45.46286, -19017.73046875]]], [[[-123.14885, 45.45911, -22526.982421875], [-123.13986, 45.45457, -22025.662109375], [-123.13986, 45.45457, -23028.3046875], [-123.14885, 45.45911, -22526.982421875]]], [[[-123.2682, 45.5987, -4918.02490234375], [-123.26599, 45.59438, -4050.1533203125], [-123.26361, 45.59058, -4942.01220703125], [-123.2682, 45.5987, -4918.02490234375]]], [[[-123.14885, 45.45911, -23529.626953125], [-123.14885, 45.45911, -22526.982421875], [-123.13986, 45.45457, -23028.3046875], [-123.14885, 45.45911, -23529.626953125]]], [[[-123.28175, 45.62235, -26712.8359375], [-123.28427, 45.62689, -27545.212890625], [-123.28688, 45.6314, -26699.431640625], [-123.28175, 45.62235, -26712.8359375]]], [[[-123.15857, 45.46286, -23028.3046875], [-123.14885, 45.45911, -22526.982421875], [-123.14885, 45.45911, -23529.626953125], [-123.15857, 45.46286, -23028.3046875]]], [[[-123.15857, 45.46286, -23028.3046875], [-123.14885, 45.45911, -23529.626953125], [-123.15857, 45.46286, -24030.94921875], [-123.15857, 45.46286, -23028.3046875]]], [[[-123.14885, 45.45911, -23529.626953125], [-123.13986, 45.45457, -23028.3046875], [-123.13986, 45.45457, -24030.94921875], [-123.14885, 45.45911, -23529.626953125]]], [[[-123.27445, 45.61051, -25636.380859375], [-123.27661, 45.61397, -26585.326171875], [-123.27934, 45.61835, -25722.142578125], [-123.27445, 45.61051, -25636.380859375]]], [[[-123.14885, 45.45911, -21524.33984375], [-123.13986, 45.45457, -21023.017578125], [-123.13986, 45.45457, -22025.662109375], [-123.14885, 45.45911, -21524.33984375]]], [[[-123.23819, 45.54858, -22630.2265625], [-123.2409, 45.5522, -23526.044921875], [-123.24401, 45.55661, -22685.791015625], [-123.23819, 45.54858, -22630.2265625]]], [[[-123.14885, 45.45911, -21524.33984375], [-123.14885, 45.45911, -20521.6953125], [-123.13986, 45.45457, -21023.017578125], [-123.14885, 45.45911, -21524.33984375]]], [[[-123.23819, 45.54858, -22630.2265625], [-123.23537, 45.54407, -23471.259765625], [-123.2409, 45.5522, -23526.044921875], [-123.23819, 45.54858, -22630.2265625]]], [[[-123.14885, 45.45911, -21524.33984375], [-123.15857, 45.46286, -21023.017578125], [-123.14885, 45.45911, -20521.6953125], [-123.14885, 45.45911, -21524.33984375]]], [[[-123.27456, 45.6107, -23959.22265625], [-123.27814, 45.61643, -24660.791015625], [-123.27868, 45.61729, -23544.681640625], [-123.27456, 45.6107, -23959.22265625]]], [[[-123.15857, 45.46286, -21023.017578125], [-123.14885, 45.45911, -21524.33984375], [-123.15857, 45.46286, -22025.662109375], [-123.15857, 45.46286, -21023.017578125]]], [[[-123.16814, 45.46674, -19519.052734375], [-123.15857, 45.46286, -19017.73046875], [-123.15857, 45.46286, -20020.375], [-123.16814, 45.46674, -19519.052734375]]], [[[-123.16814, 45.46674, -21524.33984375], [-123.15857, 45.46286, -21023.017578125], [-123.15857, 45.46286, -22025.662109375], [-123.16814, 45.46674, -21524.33984375]]], [[[-123.22348, 45.52926, -21609.349609375], [-123.2197, 45.52495, -22439.8828125], [-123.2269, 45.5329, -22488.150390625], [-123.22348, 45.52926, -21609.349609375]]], [[[-123.15857, 45.46286, -20020.375], [-123.14885, 45.45911, -20521.6953125], [-123.15857, 45.46286, -21023.017578125], [-123.15857, 45.46286, -20020.375]]], [[[-123.29596, 45.64594, -7318.23193359375], [-123.29596, 45.64594, -8332.5], [-123.3, 45.6532, -7825.36572265625], [-123.29596, 45.64594, -7318.23193359375]]], [[[-123.14885, 45.45911, -20521.6953125], [-123.15857, 45.46286, -20020.375], [-123.14885, 45.45911, -19519.052734375], [-123.14885, 45.45911, -20521.6953125]]], [[[-123.24147, 45.55296, -21790.49609375], [-123.23819, 45.54858, -22630.2265625], [-123.24401, 45.55661, -22685.791015625], [-123.24147, 45.55296, -21790.49609375]]], [[[-123.14885, 45.45911, -20521.6953125], [-123.14885, 45.45911, -19519.052734375], [-123.13986, 45.45457, -20020.375], [-123.14885, 45.45911, -20521.6953125]]], [[[-123.28056, 45.62029, -4043.846923828125], [-123.28251, 45.62373, -4954.71923828125], [-123.28473, 45.62772, -4074.082763671875], [-123.28056, 45.62029, -4043.846923828125]]], [[[-123.14885, 45.45911, -20521.6953125], [-123.13986, 45.45457, -20020.375], [-123.13986, 45.45457, -21023.017578125], [-123.14885, 45.45911, -20521.6953125]]], [[[-123.2834, 45.62533, -26019.666015625], [-123.28175, 45.62235, -26712.8359375], [-123.28688, 45.6314, -26699.431640625], [-123.2834, 45.62533, -26019.666015625]]], [[[-123.14885, 45.45911, -19519.052734375], [-123.13986, 45.45457, -19017.73046875], [-123.13986, 45.45457, -20020.375], [-123.14885, 45.45911, -19519.052734375]]], [[[-123.2834, 45.62533, -26019.666015625], [-123.27934, 45.61835, -25722.142578125], [-123.28175, 45.62235, -26712.8359375], [-123.2834, 45.62533, -26019.666015625]]], [[[-123.14885, 45.45911, -19519.052734375], [-123.14885, 45.45911, -18516.408203125], [-123.13986, 45.45457, -19017.73046875], [-123.14885, 45.45911, -19519.052734375]]], [[[-123.15857, 45.46286, -19017.73046875], [-123.14885, 45.45911, -18516.408203125], [-123.14885, 45.45911, -19519.052734375], [-123.15857, 45.46286, -19017.73046875]]], [[[-123.27262, 45.6076, -4908.69189453125], [-123.27017, 45.60313, -4053.857177734375], [-123.2682, 45.5987, -4918.02490234375], [-123.27262, 45.6076, -4908.69189453125]]], [[[-123.15857, 45.46286, -18015.087890625], [-123.14885, 45.45911, -18516.408203125], [-123.15857, 45.46286, -19017.73046875], [-123.15857, 45.46286, -18015.087890625]]], [[[-123.23149, 45.53749, -19905.091796875], [-123.22752, 45.53352, -20783.591796875], [-123.23386, 45.54135, -20826.513671875], [-123.23149, 45.53749, -19905.091796875]]], [[[-123.15857, 45.46286, -18015.087890625], [-123.14885, 45.45911, -17513.765625], [-123.14885, 45.45911, -18516.408203125], [-123.15857, 45.46286, -18015.087890625]]], [[[-123.24205, 45.55374, -20057.0234375], [-123.2445, 45.55739, -20949.78515625], [-123.24745, 45.56212, -20121.2734375], [-123.24205, 45.55374, -20057.0234375]]], [[[-123.14885, 45.45911, -18516.408203125], [-123.14885, 45.45911, -17513.765625], [-123.13986, 45.45457, -18015.087890625], [-123.14885, 45.45911, -18516.408203125]]], [[[-123.28704, 45.63166, -8332.5], [-123.2915, 45.6388, -8839.6337890625], [-123.2915, 45.6388, -7825.36572265625], [-123.28704, 45.63166, -8332.5]]], [[[-123.20022, 45.49797, -14004.513671875], [-123.19446, 45.49129, -14505.8349609375], [-123.20022, 45.49797, -15007.1572265625], [-123.20022, 45.49797, -14004.513671875]]], [[[-123.14885, 45.45911, -18516.408203125], [-123.13986, 45.45457, -18015.087890625], [-123.13986, 45.45457, -19017.73046875], [-123.14885, 45.45911, -18516.408203125]]], [[[-123.16814, 45.46674, -18516.408203125], [-123.15857, 45.46286, -18015.087890625], [-123.15857, 45.46286, -19017.73046875], [-123.16814, 45.46674, -18516.408203125]]], [[[-123.16814, 45.46674, -18516.408203125], [-123.16814, 45.46674, -17513.765625], [-123.15857, 45.46286, -18015.087890625], [-123.16814, 45.46674, -18516.408203125]]], [[[-123.29596, 45.64594, -10361.03515625], [-123.3, 45.6532, -9853.9013671875], [-123.29596, 45.64594, -9346.767578125], [-123.29596, 45.64594, -10361.03515625]]], [[[-123.17664, 45.47176, -18015.087890625], [-123.16814, 45.46674, -17513.765625], [-123.16814, 45.46674, -18516.408203125], [-123.17664, 45.47176, -18015.087890625]]], [[[-123.17664, 45.47176, -17012.443359375], [-123.16814, 45.46674, -17513.765625], [-123.17664, 45.47176, -18015.087890625], [-123.17664, 45.47176, -17012.443359375]]], [[[-123.17664, 45.47176, -18015.087890625], [-123.16814, 45.46674, -18516.408203125], [-123.17664, 45.47176, -19017.73046875], [-123.17664, 45.47176, -18015.087890625]]], [[[-123.31306, 45.67471, -18475.17578125], [-123.31306, 45.67471, -19489.4453125], [-123.317, 45.682, -18982.310546875], [-123.31306, 45.67471, -18475.17578125]]], [[[-123.18409, 45.47746, -17513.765625], [-123.17664, 45.47176, -17012.443359375], [-123.17664, 45.47176, -18015.087890625], [-123.18409, 45.47746, -17513.765625]]], [[[-123.19446, 45.49129, -16511.123046875], [-123.19446, 45.49129, -15508.478515625], [-123.18928, 45.48437, -16009.80078125], [-123.19446, 45.49129, -16511.123046875]]], [[[-123.26599, 45.59438, -4050.1533203125], [-123.27017, 45.60313, -4053.857177734375], [-123.26822, 45.59875, -3187.02685546875], [-123.26599, 45.59438, -4050.1533203125]]], [[[-123.20644, 45.50444, -11497.904296875], [-123.20604, 45.50404, -10498.9326171875], [-123.20022, 45.49797, -10996.5830078125], [-123.20644, 45.50444, -11497.904296875]]], [[[-123.18409, 45.47746, -17513.765625], [-123.18409, 45.47746, -16511.123046875], [-123.17664, 45.47176, -17012.443359375], [-123.18409, 45.47746, -17513.765625]]], [[[-123.13986, 45.45457, -21023.017578125], [-123.13196, 45.44909, -21524.33984375], [-123.13986, 45.45457, -22025.662109375], [-123.13986, 45.45457, -21023.017578125]]], [[[-123.18409, 45.47746, -17513.765625], [-123.18928, 45.48437, -17012.443359375], [-123.18409, 45.47746, -16511.123046875], [-123.18409, 45.47746, -17513.765625]]], [[[-123.21458, 45.51752, -10194.548828125], [-123.21214, 45.51327, -9311.2177734375], [-123.2102, 45.50941, -10076.1005859375], [-123.21458, 45.51752, -10194.548828125]]], [[[-123.27214, 45.60682, -24784.24609375], [-123.27445, 45.61051, -25636.380859375], [-123.27814, 45.61643, -24660.791015625], [-123.27214, 45.60682, -24784.24609375]]], [[[-123.18928, 45.48437, -17012.443359375], [-123.18409, 45.47746, -17513.765625], [-123.18928, 45.48437, -18015.087890625], [-123.18928, 45.48437, -17012.443359375]]], [[[-123.29596, 45.64594, -8332.5], [-123.3, 45.6532, -8839.6337890625], [-123.3, 45.6532, -7825.36572265625], [-123.29596, 45.64594, -8332.5]]], [[[-123.18928, 45.48437, -16009.80078125], [-123.18409, 45.47746, -16511.123046875], [-123.18928, 45.48437, -17012.443359375], [-123.18928, 45.48437, -16009.80078125]]], [[[-123.19446, 45.49129, -12500.5478515625], [-123.18928, 45.48437, -11999.2265625], [-123.18928, 45.48437, -13001.8701171875], [-123.19446, 45.49129, -12500.5478515625]]], [[[-123.17664, 45.47176, -19017.73046875], [-123.16814, 45.46674, -19519.052734375], [-123.17664, 45.47176, -20020.375], [-123.17664, 45.47176, -19017.73046875]]], [[[-123.18409, 45.47746, -16511.123046875], [-123.18928, 45.48437, -16009.80078125], [-123.18409, 45.47746, -15508.478515625], [-123.18409, 45.47746, -16511.123046875]]], [[[-123.29596, 45.64594, -7318.23193359375], [-123.3, 45.6532, -7825.36572265625], [-123.3, 45.6532, -6811.09814453125], [-123.29596, 45.64594, -7318.23193359375]]], [[[-123.18409, 45.47746, -16511.123046875], [-123.18409, 45.47746, -15508.478515625], [-123.17664, 45.47176, -16009.80078125], [-123.18409, 45.47746, -16511.123046875]]], [[[-123.27553, 45.61224, -4074.01904296875], [-123.28056, 45.62029, -4043.846923828125], [-123.27802, 45.61623, -3194.23046875], [-123.27553, 45.61224, -4074.01904296875]]], [[[-123.18409, 45.47746, -16511.123046875], [-123.17664, 45.47176, -16009.80078125], [-123.17664, 45.47176, -17012.443359375], [-123.18409, 45.47746, -16511.123046875]]], [[[-123.2915, 45.6388, -19996.578125], [-123.29596, 45.64594, -20503.712890625], [-123.29596, 45.64594, -19489.4453125], [-123.2915, 45.6388, -19996.578125]]], [[[-123.29596, 45.64594, -8332.5], [-123.29596, 45.64594, -9346.767578125], [-123.3, 45.6532, -8839.6337890625], [-123.29596, 45.64594, -8332.5]]], [[[-123.18409, 45.47746, -15508.478515625], [-123.17664, 45.47176, -15007.1572265625], [-123.17664, 45.47176, -16009.80078125], [-123.18409, 45.47746, -15508.478515625]]], [[[-123.28473, 45.62772, -4074.082763671875], [-123.28714, 45.63183, -3189.524658203125], [-123.28277, 45.62419, -3161.6005859375], [-123.28473, 45.62772, -4074.082763671875]]], [[[-123.18409, 45.47746, -15508.478515625], [-123.18409, 45.47746, -14505.8349609375], [-123.17664, 45.47176, -15007.1572265625], [-123.18409, 45.47746, -15508.478515625]]], [[[-123.18928, 45.48437, -15007.1572265625], [-123.18409, 45.47746, -14505.8349609375], [-123.18409, 45.47746, -15508.478515625], [-123.18928, 45.48437, -15007.1572265625]]], [[[-123.2701, 45.60297, -23855.94921875], [-123.27214, 45.60682, -24784.24609375], [-123.27456, 45.6107, -23959.22265625], [-123.2701, 45.60297, -23855.94921875]]], [[[-123.18928, 45.48437, -14004.513671875], [-123.18409, 45.47746, -14505.8349609375], [-123.18928, 45.48437, -15007.1572265625], [-123.18928, 45.48437, -14004.513671875]]], [[[-123.2701, 45.60297, -23855.94921875], [-123.26783, 45.59788, -24730.5], [-123.27214, 45.60682, -24784.24609375], [-123.2701, 45.60297, -23855.94921875]]], [[[-123.18928, 45.48437, -14004.513671875], [-123.18409, 45.47746, -13503.19140625], [-123.18409, 45.47746, -14505.8349609375], [-123.18928, 45.48437, -14004.513671875]]], [[[-123.26655, 45.59529, -11869.3935546875], [-123.27005, 45.60286, -12389.5703125], [-123.27005, 45.60286, -11375.302734375], [-123.26655, 45.59529, -11869.3935546875]]], [[[-123.18928, 45.48437, -13001.8701171875], [-123.18409, 45.47746, -13503.19140625], [-123.18928, 45.48437, -14004.513671875], [-123.18928, 45.48437, -13001.8701171875]]], [[[-123.20033, 45.49809, -9894.591796875], [-123.19485, 45.4918, -9426.0859375], [-123.19446, 45.49129, -10495.2607421875], [-123.20033, 45.49809, -9894.591796875]]], [[[-123.23581, 45.54486, -21731.607421875], [-123.23324, 45.54024, -22573.982421875], [-123.23819, 45.54858, -22630.2265625], [-123.23581, 45.54486, -21731.607421875]]], [[[-123.18409, 45.47746, -13503.19140625], [-123.18928, 45.48437, -13001.8701171875], [-123.18409, 45.47746, -12500.5478515625], [-123.18409, 45.47746, -13503.19140625]]], [[[-123.29596, 45.64594, -6303.96435546875], [-123.3, 45.6532, -6811.09814453125], [-123.29998, 45.65317, -5782.6123046875], [-123.29596, 45.64594, -6303.96435546875]]], [[[-123.24925, 45.56501, -22732.826171875], [-123.24401, 45.55661, -22685.791015625], [-123.24639, 45.56043, -23575.517578125], [-123.24925, 45.56501, -22732.826171875]]], [[[-123.18409, 45.47746, -13503.19140625], [-123.17664, 45.47176, -13001.8701171875], [-123.17664, 45.47176, -14004.513671875], [-123.18409, 45.47746, -13503.19140625]]], [[[-123.16814, 45.46674, -19519.052734375], [-123.17664, 45.47176, -19017.73046875], [-123.16814, 45.46674, -18516.408203125], [-123.16814, 45.46674, -19519.052734375]]], [[[-123.18409, 45.47746, -14505.8349609375], [-123.18409, 45.47746, -13503.19140625], [-123.17664, 45.47176, -14004.513671875], [-123.18409, 45.47746, -14505.8349609375]]], [[[-123.19446, 45.49129, -12500.5478515625], [-123.19446, 45.49129, -11497.904296875], [-123.18928, 45.48437, -11999.2265625], [-123.19446, 45.49129, -12500.5478515625]]], [[[-123.26599, 45.59438, -4050.1533203125], [-123.26822, 45.59875, -3187.02685546875], [-123.26308, 45.58973, -3217.578857421875], [-123.26599, 45.59438, -4050.1533203125]]], [[[-123.18409, 45.47746, -14505.8349609375], [-123.17664, 45.47176, -14004.513671875], [-123.17664, 45.47176, -15007.1572265625], [-123.18409, 45.47746, -14505.8349609375]]], [[[-123.18409, 45.47746, -19519.052734375], [-123.17664, 45.47176, -19017.73046875], [-123.17664, 45.47176, -20020.375], [-123.18409, 45.47746, -19519.052734375]]], [[[-123.19446, 45.49129, -15508.478515625], [-123.18928, 45.48437, -15007.1572265625], [-123.18928, 45.48437, -16009.80078125], [-123.19446, 45.49129, -15508.478515625]]], [[[-123.17664, 45.47176, -14004.513671875], [-123.16814, 45.46674, -14505.8349609375], [-123.17664, 45.47176, -15007.1572265625], [-123.17664, 45.47176, -14004.513671875]]], [[[-123.19942, 45.49705, -23171.6640625], [-123.19468, 45.49157, -23749.212890625], [-123.20261, 45.50061, -23979.1484375], [-123.19942, 45.49705, -23171.6640625]]], [[[-123.29137, 45.63858, -26172.1328125], [-123.2915, 45.6388, -25067.916015625], [-123.28709, 45.63175, -25598.205078125], [-123.29137, 45.63858, -26172.1328125]]], [[[-123.20636, 45.50436, -9363.494140625], [-123.20157, 45.49951, -8631.22265625], [-123.20033, 45.49809, -9894.591796875], [-123.20636, 45.50436, -9363.494140625]]], [[[-123.17664, 45.47176, -14004.513671875], [-123.16814, 45.46674, -13503.19140625], [-123.16814, 45.46674, -14505.8349609375], [-123.17664, 45.47176, -14004.513671875]]], [[[-123.20644, 45.50444, -16511.123046875], [-123.20022, 45.49797, -16009.80078125], [-123.20022, 45.49797, -17012.443359375], [-123.20644, 45.50444, -16511.123046875]]], [[[-123.27798, 45.61618, -4920.43408203125], [-123.27553, 45.61224, -4074.01904296875], [-123.27262, 45.6076, -4908.69189453125], [-123.27798, 45.61618, -4920.43408203125]]], [[[-123.17664, 45.47176, -13001.8701171875], [-123.16814, 45.46674, -13503.19140625], [-123.17664, 45.47176, -14004.513671875], [-123.17664, 45.47176, -13001.8701171875]]], [[[-123.27868, 45.61729, -23544.681640625], [-123.28287, 45.62438, -24057.748046875], [-123.2829, 45.62443, -23039.380859375], [-123.27868, 45.61729, -23544.681640625]]], [[[-123.16814, 45.46674, -13503.19140625], [-123.17664, 45.47176, -13001.8701171875], [-123.16814, 45.46674, -12500.5478515625], [-123.16814, 45.46674, -13503.19140625]]], [[[-123.19446, 45.49129, -13503.19140625], [-123.19446, 45.49129, -12500.5478515625], [-123.18928, 45.48437, -13001.8701171875], [-123.19446, 45.49129, -13503.19140625]]], [[[-123.29596, 45.64594, -6303.96435546875], [-123.29596, 45.64594, -7318.23193359375], [-123.3, 45.6532, -6811.09814453125], [-123.29596, 45.64594, -6303.96435546875]]], [[[-123.16814, 45.46674, -13503.19140625], [-123.16814, 45.46674, -12500.5478515625], [-123.15857, 45.46286, -13001.8701171875], [-123.16814, 45.46674, -13503.19140625]]], [[[-123.20636, 45.50436, -9363.494140625], [-123.2099, 45.50879, -8457.978515625], [-123.20157, 45.49951, -8631.22265625], [-123.20636, 45.50436, -9363.494140625]]], [[[-123.231, 45.537, -21668.482421875], [-123.2269, 45.5329, -22488.150390625], [-123.23324, 45.54024, -22573.982421875], [-123.231, 45.537, -21668.482421875]]], [[[-123.20022, 45.49797, -11999.2265625], [-123.19446, 45.49129, -12500.5478515625], [-123.20022, 45.49797, -13001.8701171875], [-123.20022, 45.49797, -11999.2265625]]], [[[-123.16814, 45.46674, -13503.19140625], [-123.15857, 45.46286, -13001.8701171875], [-123.15857, 45.46286, -14004.513671875], [-123.16814, 45.46674, -13503.19140625]]], [[[-123.20033, 45.49809, -9894.591796875], [-123.19446, 45.49129, -10495.2607421875], [-123.20022, 45.49797, -10996.5830078125], [-123.20033, 45.49809, -9894.591796875]]], [[[-123.27798, 45.61618, -4920.43408203125], [-123.28056, 45.62029, -4043.846923828125], [-123.27553, 45.61224, -4074.01904296875], [-123.27798, 45.61618, -4920.43408203125]]], [[[-123.20022, 45.49797, -10996.5830078125], [-123.19446, 45.49129, -11497.904296875], [-123.20022, 45.49797, -11999.2265625], [-123.20022, 45.49797, -10996.5830078125]]], [[[-123.16814, 45.46674, -14505.8349609375], [-123.16814, 45.46674, -13503.19140625], [-123.15857, 45.46286, -14004.513671875], [-123.16814, 45.46674, -14505.8349609375]]], [[[-123.29618, 45.64632, -28660.423828125], [-123.29572, 45.64555, -27661.56640625], [-123.29138, 45.63861, -28463.619140625], [-123.29618, 45.64632, -28660.423828125]]], [[[-123.23581, 45.54486, -21731.607421875], [-123.231, 45.537, -21668.482421875], [-123.23324, 45.54024, -22573.982421875], [-123.23581, 45.54486, -21731.607421875]]], [[[-123.31306, 45.67471, -17460.908203125], [-123.317, 45.682, -17968.04296875], [-123.317, 45.682, -16953.775390625], [-123.31306, 45.67471, -17460.908203125]]], [[[-123.16814, 45.46674, -14505.8349609375], [-123.15857, 45.46286, -14004.513671875], [-123.15857, 45.46286, -15007.1572265625], [-123.16814, 45.46674, -14505.8349609375]]], [[[-123.20033, 45.49809, -9894.591796875], [-123.20157, 45.49951, -8631.22265625], [-123.19485, 45.4918, -9426.0859375], [-123.20033, 45.49809, -9894.591796875]]], [[[-123.25437, 45.57346, -18495.087890625], [-123.25846, 45.58093, -19008.06640625], [-123.25848, 45.58096, -17968.04296875], [-123.25437, 45.57346, -18495.087890625]]], [[[-123.31306, 45.67471, -25575.05078125], [-123.31306, 45.67471, -26589.318359375], [-123.317, 45.682, -26082.185546875], [-123.31306, 45.67471, -25575.05078125]]], [[[-123.16814, 45.46674, -15508.478515625], [-123.16814, 45.46674, -14505.8349609375], [-123.15857, 45.46286, -15007.1572265625], [-123.16814, 45.46674, -15508.478515625]]], [[[-123.24205, 45.55374, -20057.0234375], [-123.23878, 45.54937, -20892.556640625], [-123.2445, 45.55739, -20949.78515625], [-123.24205, 45.55374, -20057.0234375]]], [[[-123.31306, 45.67471, -30646.388671875], [-123.31323, 45.67501, -31612.08203125], [-123.317, 45.682, -31153.5234375], [-123.31306, 45.67471, -30646.388671875]]], [[[-123.17664, 45.47176, -15007.1572265625], [-123.16814, 45.46674, -14505.8349609375], [-123.16814, 45.46674, -15508.478515625], [-123.17664, 45.47176, -15007.1572265625]]], [[[-123.20261, 45.50061, -23979.1484375], [-123.20624, 45.50424, -24887.037109375], [-123.20962, 45.50824, -24015.087890625], [-123.20261, 45.50061, -23979.1484375]]], [[[-123.23537, 45.54407, -23471.259765625], [-123.23324, 45.54024, -22573.982421875], [-123.22978, 45.53578, -23405.158203125], [-123.23537, 45.54407, -23471.259765625]]], [[[-123.17664, 45.47176, -15007.1572265625], [-123.16814, 45.46674, -15508.478515625], [-123.17664, 45.47176, -16009.80078125], [-123.17664, 45.47176, -15007.1572265625]]], [[[-123.2193, 45.52449, -24146.26953125], [-123.21624, 45.52019, -24985.630859375], [-123.22183, 45.52738, -25071.732421875], [-123.2193, 45.52449, -24146.26953125]]], [[[-123.16814, 45.46674, -19519.052734375], [-123.16814, 45.46674, -18516.408203125], [-123.15857, 45.46286, -19017.73046875], [-123.16814, 45.46674, -19519.052734375]]], [[[-123.2269, 45.5329, -22488.150390625], [-123.22299, 45.52871, -23315.689453125], [-123.22978, 45.53578, -23405.158203125], [-123.2269, 45.5329, -22488.150390625]]], [[[-123.16814, 45.46674, -15508.478515625], [-123.15857, 45.46286, -15007.1572265625], [-123.15857, 45.46286, -16009.80078125], [-123.16814, 45.46674, -15508.478515625]]], [[[-123.31306, 45.67471, -28617.853515625], [-123.31306, 45.67471, -29632.12109375], [-123.317, 45.682, -29124.98828125], [-123.31306, 45.67471, -28617.853515625]]], [[[-123.15857, 45.46286, -15007.1572265625], [-123.14885, 45.45911, -15508.478515625], [-123.15857, 45.46286, -16009.80078125], [-123.15857, 45.46286, -15007.1572265625]]], [[[-123.16814, 45.46674, -12500.5478515625], [-123.15857, 45.46286, -11999.2265625], [-123.15857, 45.46286, -13001.8701171875], [-123.16814, 45.46674, -12500.5478515625]]], [[[-123.16814, 45.46674, -12500.5478515625], [-123.16814, 45.46674, -11497.904296875], [-123.15857, 45.46286, -11999.2265625], [-123.16814, 45.46674, -12500.5478515625]]], [[[-123.20624, 45.50424, -24887.037109375], [-123.20249, 45.50049, -25713.466796875], [-123.20948, 45.50795, -25799.97265625], [-123.20624, 45.50424, -24887.037109375]]], [[[-123.16814, 45.46674, -12500.5478515625], [-123.17664, 45.47176, -11999.2265625], [-123.16814, 45.46674, -11497.904296875], [-123.16814, 45.46674, -12500.5478515625]]], [[[-123.17664, 45.47176, -11999.2265625], [-123.16814, 45.46674, -12500.5478515625], [-123.17664, 45.47176, -13001.8701171875], [-123.17664, 45.47176, -11999.2265625]]], [[[-123.231, 45.537, -21668.482421875], [-123.22348, 45.52926, -21609.349609375], [-123.2269, 45.5329, -22488.150390625], [-123.231, 45.537, -21668.482421875]]], [[[-123.18409, 45.47746, -12500.5478515625], [-123.17664, 45.47176, -11999.2265625], [-123.17664, 45.47176, -13001.8701171875], [-123.18409, 45.47746, -12500.5478515625]]], [[[-123.31306, 45.67471, -18475.17578125], [-123.31306, 45.67471, -17460.908203125], [-123.30882, 45.66751, -17968.04296875], [-123.31306, 45.67471, -18475.17578125]]], [[[-123.22348, 45.52926, -21609.349609375], [-123.21697, 45.52135, -21506.947265625], [-123.2197, 45.52495, -22439.8828125], [-123.22348, 45.52926, -21609.349609375]]], [[[-123.18409, 45.47746, -12500.5478515625], [-123.18409, 45.47746, -11497.904296875], [-123.17664, 45.47176, -11999.2265625], [-123.18409, 45.47746, -12500.5478515625]]], [[[-123.26103, 45.58606, -23765.7734375], [-123.25861, 45.58123, -24594.0], [-123.26314, 45.58982, -24665.357421875], [-123.26103, 45.58606, -23765.7734375]]], [[[-123.18928, 45.48437, -11999.2265625], [-123.18409, 45.47746, -11497.904296875], [-123.18409, 45.47746, -12500.5478515625], [-123.18928, 45.48437, -11999.2265625]]], [[[-123.317, 45.682, -32167.791015625], [-123.31323, 45.67501, -31612.08203125], [-123.31475, 45.67775, -32646.056640625], [-123.317, 45.682, -32167.791015625]]], [[[-123.27934, 45.61835, -25722.142578125], [-123.27661, 45.61397, -26585.326171875], [-123.28175, 45.62235, -26712.8359375], [-123.27934, 45.61835, -25722.142578125]]], [[[-123.20022, 45.49797, -14004.513671875], [-123.19446, 45.49129, -13503.19140625], [-123.19446, 45.49129, -14505.8349609375], [-123.20022, 45.49797, -14004.513671875]]], [[[-123.18928, 45.48437, -10996.5830078125], [-123.18409, 45.47746, -11497.904296875], [-123.18928, 45.48437, -11999.2265625], [-123.18928, 45.48437, -10996.5830078125]]], [[[-123.20022, 45.49797, -16009.80078125], [-123.19446, 45.49129, -16511.123046875], [-123.20022, 45.49797, -17012.443359375], [-123.20022, 45.49797, -16009.80078125]]], [[[-123.2565, 45.57729, -23706.888671875], [-123.25384, 45.57251, -24531.447265625], [-123.25861, 45.58123, -24594.0], [-123.2565, 45.57729, -23706.888671875]]], [[[-123.18409, 45.47746, -11497.904296875], [-123.18928, 45.48437, -10996.5830078125], [-123.18409, 45.47746, -10495.2607421875], [-123.18409, 45.47746, -11497.904296875]]], [[[-123.19446, 45.49129, -16511.123046875], [-123.18928, 45.48437, -16009.80078125], [-123.18928, 45.48437, -17012.443359375], [-123.19446, 45.49129, -16511.123046875]]], [[[-123.24868, 45.56408, -24466.82421875], [-123.24583, 45.55953, -25309.16015625], [-123.25101, 45.56782, -25366.3203125], [-123.24868, 45.56408, -24466.82421875]]], [[[-123.19446, 45.49129, -15508.478515625], [-123.20022, 45.49797, -15007.1572265625], [-123.19446, 45.49129, -14505.8349609375], [-123.19446, 45.49129, -15508.478515625]]], [[[-123.18409, 45.47746, -11497.904296875], [-123.18409, 45.47746, -10495.2607421875], [-123.17664, 45.47176, -10996.5830078125], [-123.18409, 45.47746, -11497.904296875]]], [[[-123.2834, 45.62533, -26019.666015625], [-123.28688, 45.6314, -26699.431640625], [-123.28709, 45.63175, -25598.205078125], [-123.2834, 45.62533, -26019.666015625]]], [[[-123.25384, 45.57251, -24531.447265625], [-123.25601, 45.57642, -25425.76171875], [-123.25861, 45.58123, -24594.0], [-123.25384, 45.57251, -24531.447265625]]], [[[-123.20261, 45.50061, -23979.1484375], [-123.19852, 45.49602, -24740.017578125], [-123.20624, 45.50424, -24887.037109375], [-123.20261, 45.50061, -23979.1484375]]], [[[-123.18409, 45.47746, -11497.904296875], [-123.17664, 45.47176, -10996.5830078125], [-123.17664, 45.47176, -11999.2265625], [-123.18409, 45.47746, -11497.904296875]]], [[[-123.25339, 45.5717, -26260.203125], [-123.25601, 45.57642, -25425.76171875], [-123.25101, 45.56782, -25366.3203125], [-123.25339, 45.5717, -26260.203125]]], [[[-123.31306, 45.67471, -22532.248046875], [-123.31306, 45.67471, -23546.515625], [-123.317, 45.682, -23039.380859375], [-123.31306, 45.67471, -22532.248046875]]], [[[-123.17664, 45.47176, -10996.5830078125], [-123.16814, 45.46674, -10495.2607421875], [-123.16814, 45.46674, -11497.904296875], [-123.17664, 45.47176, -10996.5830078125]]], [[[-123.22774, 45.53374, -28568.0390625], [-123.22373, 45.52955, -29404.111328125], [-123.231, 45.537, -29471.87890625], [-123.22774, 45.53374, -28568.0390625]]], [[[-123.23324, 45.54024, -22573.982421875], [-123.23537, 45.54407, -23471.259765625], [-123.23819, 45.54858, -22630.2265625], [-123.23324, 45.54024, -22573.982421875]]], [[[-123.22043, 45.52578, -28529.322265625], [-123.21701, 45.52142, -29364.91015625], [-123.22373, 45.52955, -29404.111328125], [-123.22043, 45.52578, -28529.322265625]]], [[[-123.2256, 45.5316, -24236.75], [-123.22895, 45.53495, -25132.123046875], [-123.23273, 45.53932, -24302.119140625], [-123.2256, 45.5316, -24236.75]]], [[[-123.25861, 45.58123, -24594.0], [-123.25601, 45.57642, -25425.76171875], [-123.26058, 45.58516, -25490.869140625], [-123.25861, 45.58123, -24594.0]]], [[[-123.17664, 45.47176, -8991.2958984375], [-123.16814, 45.46674, -9492.6171875], [-123.17664, 45.47176, -9993.939453125], [-123.17664, 45.47176, -8991.2958984375]]], [[[-123.21214, 45.51327, -9311.2177734375], [-123.21461, 45.51758, -8441.4638671875], [-123.2099, 45.50879, -8457.978515625], [-123.21214, 45.51327, -9311.2177734375]]], [[[-123.17664, 45.47176, -7988.65234375], [-123.16814, 45.46674, -8489.9736328125], [-123.17664, 45.47176, -8991.2958984375], [-123.17664, 45.47176, -7988.65234375]]], [[[-123.25405, 45.57289, -10072.328125], [-123.25144, 45.56851, -9219.96875], [-123.24926, 45.56501, -10115.138671875], [-123.25405, 45.57289, -10072.328125]]], [[[-123.25339, 45.5717, -26260.203125], [-123.25047, 45.56696, -27091.421875], [-123.25555, 45.57558, -27157.52734375], [-123.25339, 45.5717, -26260.203125]]], [[[-123.21135, 45.51171, -26698.595703125], [-123.20593, 45.50393, -26628.619140625], [-123.20909, 45.50718, -27519.216796875], [-123.21135, 45.51171, -26698.595703125]]], [[[-123.16814, 45.46674, -8489.9736328125], [-123.17664, 45.47176, -7988.65234375], [-123.16814, 45.46674, -7487.33056640625], [-123.16814, 45.46674, -8489.9736328125]]], [[[-123.2465, 45.5606, -9281.84765625], [-123.24863, 45.56401, -8375.4384765625], [-123.24384, 45.55634, -8429.861328125], [-123.2465, 45.5606, -9281.84765625]]], [[[-123.16814, 45.46674, -8489.9736328125], [-123.16814, 45.46674, -7487.33056640625], [-123.15857, 45.46286, -7988.65234375], [-123.16814, 45.46674, -8489.9736328125]]], [[[-123.26314, 45.58982, -24665.357421875], [-123.25861, 45.58123, -24594.0], [-123.26058, 45.58516, -25490.869140625], [-123.26314, 45.58982, -24665.357421875]]], [[[-123.20962, 45.50824, -24015.087890625], [-123.20624, 45.50424, -24887.037109375], [-123.21145, 45.51191, -24916.8515625], [-123.20962, 45.50824, -24015.087890625]]], [[[-123.16814, 45.46674, -8489.9736328125], [-123.15857, 45.46286, -7988.65234375], [-123.15857, 45.46286, -8991.2958984375], [-123.16814, 45.46674, -8489.9736328125]]], [[[-123.26103, 45.58606, -23765.7734375], [-123.26314, 45.58982, -24665.357421875], [-123.2662, 45.59472, -23778.158203125], [-123.26103, 45.58606, -23765.7734375]]], [[[-123.21461, 45.51758, -8441.4638671875], [-123.21251, 45.51402, -7540.6767578125], [-123.2099, 45.50879, -8457.978515625], [-123.21461, 45.51758, -8441.4638671875]]], [[[-123.16814, 45.46674, -9492.6171875], [-123.16814, 45.46674, -8489.9736328125], [-123.15857, 45.46286, -8991.2958984375], [-123.16814, 45.46674, -9492.6171875]]], [[[-123.26092, 45.58584, -9196.2626953125], [-123.26364, 45.59062, -8367.0703125], [-123.25868, 45.58136, -8338.224609375], [-123.26092, 45.58584, -9196.2626953125]]], [[[-123.23761, 45.54782, -24368.755859375], [-123.23486, 45.54315, -25200.369140625], [-123.24051, 45.55168, -25246.7265625], [-123.23761, 45.54782, -24368.755859375]]], [[[-123.20948, 45.50795, -25799.97265625], [-123.20593, 45.50393, -26628.619140625], [-123.21135, 45.51171, -26698.595703125], [-123.20948, 45.50795, -25799.97265625]]], [[[-123.16814, 45.46674, -9492.6171875], [-123.15857, 45.46286, -8991.2958984375], [-123.15857, 45.46286, -9993.939453125], [-123.16814, 45.46674, -9492.6171875]]], [[[-123.24051, 45.55168, -25246.7265625], [-123.23486, 45.54315, -25200.369140625], [-123.23721, 45.54728, -26075.23828125], [-123.24051, 45.55168, -25246.7265625]]], [[[-123.21701, 45.52142, -29364.91015625], [-123.22, 45.52528, -30240.072265625], [-123.22373, 45.52955, -29404.111328125], [-123.21701, 45.52142, -29364.91015625]]], [[[-123.16814, 45.46674, -10495.2607421875], [-123.15857, 45.46286, -9993.939453125], [-123.15857, 45.46286, -10996.5830078125], [-123.16814, 45.46674, -10495.2607421875]]], [[[-123.22774, 45.53374, -28568.0390625], [-123.22043, 45.52578, -28529.322265625], [-123.22373, 45.52955, -29404.111328125], [-123.22774, 45.53374, -28568.0390625]]], [[[-123.16814, 45.46674, -11497.904296875], [-123.16814, 45.46674, -10495.2607421875], [-123.15857, 45.46286, -10996.5830078125], [-123.16814, 45.46674, -11497.904296875]]], [[[-123.19446, 45.49129, -16511.123046875], [-123.20022, 45.49797, -16009.80078125], [-123.19446, 45.49129, -15508.478515625], [-123.19446, 45.49129, -16511.123046875]]], [[[-123.25601, 45.57642, -25425.76171875], [-123.25339, 45.5717, -26260.203125], [-123.25815, 45.58029, -26320.388671875], [-123.25601, 45.57642, -25425.76171875]]], [[[-123.20518, 45.50318, -28369.08984375], [-123.20063, 45.49844, -29131.6015625], [-123.20852, 45.50652, -29275.669921875], [-123.20518, 45.50318, -28369.08984375]]], [[[-123.16814, 45.46674, -7487.33056640625], [-123.15857, 45.46286, -6986.0087890625], [-123.15857, 45.46286, -7988.65234375], [-123.16814, 45.46674, -7487.33056640625]]], [[[-123.19469, 45.49159, -27333.794921875], [-123.19134, 45.48712, -28164.466796875], [-123.19763, 45.49501, -28229.78125], [-123.19469, 45.49159, -27333.794921875]]], [[[-123.23273, 45.53932, -24302.119140625], [-123.23486, 45.54315, -25200.369140625], [-123.23761, 45.54782, -24368.755859375], [-123.23273, 45.53932, -24302.119140625]]], [[[-123.22005, 45.52535, -8460.126953125], [-123.21717, 45.52167, -7579.12939453125], [-123.21461, 45.51758, -8441.4638671875], [-123.22005, 45.52535, -8460.126953125]]], [[[-123.16814, 45.46674, -7487.33056640625], [-123.16814, 45.46674, -6484.68701171875], [-123.15857, 45.46286, -6986.0087890625], [-123.16814, 45.46674, -7487.33056640625]]], [[[-123.19446, 45.49129, -14505.8349609375], [-123.19446, 45.49129, -13503.19140625], [-123.18928, 45.48437, -14004.513671875], [-123.19446, 45.49129, -14505.8349609375]]], [[[-123.25815, 45.58029, -26320.388671875], [-123.25555, 45.57558, -27157.52734375], [-123.26003, 45.58407, -27224.869140625], [-123.25815, 45.58029, -26320.388671875]]], [[[-123.19446, 45.49129, -13503.19140625], [-123.18928, 45.48437, -13001.8701171875], [-123.18928, 45.48437, -14004.513671875], [-123.19446, 45.49129, -13503.19140625]]], [[[-123.23761, 45.54782, -24368.755859375], [-123.24051, 45.55168, -25246.7265625], [-123.24363, 45.55601, -24413.720703125], [-123.23761, 45.54782, -24368.755859375]]], [[[-123.25888, 45.58177, -10129.896484375], [-123.25629, 45.57693, -9194.7158203125], [-123.25405, 45.57289, -10072.328125], [-123.25888, 45.58177, -10129.896484375]]], [[[-123.17719, 45.47212, -6927.09619140625], [-123.16814, 45.46674, -7487.33056640625], [-123.17664, 45.47176, -7988.65234375], [-123.17719, 45.47212, -6927.09619140625]]], [[[-123.20022, 45.49797, -15007.1572265625], [-123.19446, 45.49129, -15508.478515625], [-123.20022, 45.49797, -16009.80078125], [-123.20022, 45.49797, -15007.1572265625]]], [[[-123.18422, 45.47763, -7394.81494140625], [-123.17719, 45.47212, -6927.09619140625], [-123.17664, 45.47176, -7988.65234375], [-123.18422, 45.47763, -7394.81494140625]]], [[[-123.23844, 45.54892, -10194.9443359375], [-123.24122, 45.55263, -9313.94140625], [-123.23589, 45.54501, -9320.25390625], [-123.23844, 45.54892, -10194.9443359375]]], [[[-123.24527, 45.55864, -27042.029296875], [-123.2476, 45.56236, -27929.052734375], [-123.25047, 45.56696, -27091.421875], [-123.24527, 45.55864, -27042.029296875]]], [[[-123.24868, 45.56408, -24466.82421875], [-123.25384, 45.57251, -24531.447265625], [-123.25158, 45.56873, -23634.845703125], [-123.24868, 45.56408, -24466.82421875]]], [[[-123.20593, 45.50393, -26628.619140625], [-123.20196, 45.49996, -27466.921875], [-123.20909, 45.50718, -27519.216796875], [-123.20593, 45.50393, -26628.619140625]]], [[[-123.19643, 45.49364, -6742.55078125], [-123.19255, 45.48873, -5957.65869140625], [-123.1894, 45.48453, -6868.27734375], [-123.19643, 45.49364, -6742.55078125]]], [[[-123.25381, 45.57245, -8333.8798828125], [-123.25103, 45.56784, -7494.92626953125], [-123.24863, 45.56401, -8375.4384765625], [-123.25381, 45.57245, -8333.8798828125]]], [[[-123.2619, 45.58781, -28129.767578125], [-123.25954, 45.58307, -28958.671875], [-123.26415, 45.59143, -29026.890625], [-123.2619, 45.58781, -28129.767578125]]], [[[-123.25191, 45.56926, -10969.01171875], [-123.25679, 45.57783, -10953.8564453125], [-123.25405, 45.57289, -10072.328125], [-123.25191, 45.56926, -10969.01171875]]], [[[-123.19643, 45.49364, -6742.55078125], [-123.19986, 45.49756, -5867.65576171875], [-123.19255, 45.48873, -5957.65869140625], [-123.19643, 45.49364, -6742.55078125]]], [[[-123.23486, 45.54315, -25200.369140625], [-123.23273, 45.53932, -24302.119140625], [-123.22895, 45.53495, -25132.123046875], [-123.23486, 45.54315, -25200.369140625]]], [[[-123.28072, 45.62056, -30102.126953125], [-123.28342, 45.62536, -29277.826171875], [-123.27834, 45.61675, -29209.759765625], [-123.28072, 45.62056, -30102.126953125]]], [[[-123.2409, 45.5522, -23526.044921875], [-123.24363, 45.55601, -24413.720703125], [-123.24639, 45.56043, -23575.517578125], [-123.2409, 45.5522, -23526.044921875]]], [[[-123.22774, 45.53374, -28568.0390625], [-123.22417, 45.53006, -27694.728515625], [-123.22043, 45.52578, -28529.322265625], [-123.22774, 45.53374, -28568.0390625]]], [[[-123.20397, 45.50197, -6686.59326171875], [-123.20778, 45.50578, -5814.45361328125], [-123.19986, 45.49756, -5867.65576171875], [-123.20397, 45.50197, -6686.59326171875]]], [[[-123.2474, 45.56205, -12743.130859375], [-123.25312, 45.57121, -12715.275390625], [-123.24969, 45.56571, -11878.990234375], [-123.2474, 45.56205, -12743.130859375]]], [[[-123.23486, 45.54315, -25200.369140625], [-123.2322, 45.53836, -26026.353515625], [-123.23721, 45.54728, -26075.23828125], [-123.23486, 45.54315, -25200.369140625]]], [[[-123.21051, 45.51003, -6674.44873046875], [-123.20778, 45.50578, -5814.45361328125], [-123.20397, 45.50197, -6686.59326171875], [-123.21051, 45.51003, -6674.44873046875]]], [[[-123.30855, 45.66708, -31223.3828125], [-123.30516, 45.66166, -32142.361328125], [-123.31066, 45.67045, -32235.40234375], [-123.30855, 45.66708, -31223.3828125]]], [[[-123.25702, 45.57824, -21975.05078125], [-123.25222, 45.56975, -21906.12890625], [-123.25439, 45.5735, -22806.97265625], [-123.25702, 45.57824, -21975.05078125]]], [[[-123.21051, 45.51003, -6674.44873046875], [-123.21265, 45.51429, -5802.5107421875], [-123.20778, 45.50578, -5814.45361328125], [-123.21051, 45.51003, -6674.44873046875]]], [[[-123.25629, 45.57693, -9194.7158203125], [-123.25868, 45.58136, -8338.224609375], [-123.25381, 45.57245, -8333.8798828125], [-123.25629, 45.57693, -9194.7158203125]]], [[[-123.26058, 45.58516, -25490.869140625], [-123.2625, 45.5888, -26401.595703125], [-123.26531, 45.59329, -25566.701171875], [-123.26058, 45.58516, -25490.869140625]]], [[[-123.2102, 45.50941, -10076.1005859375], [-123.20604, 45.50404, -10498.9326171875], [-123.21137, 45.51174, -10990.734375], [-123.2102, 45.50941, -10076.1005859375]]], [[[-123.21506, 45.51829, -6669.1328125], [-123.21265, 45.51429, -5802.5107421875], [-123.21051, 45.51003, -6674.44873046875], [-123.21506, 45.51829, -6669.1328125]]], [[[-123.23589, 45.54501, -9320.25390625], [-123.24122, 45.55263, -9313.94140625], [-123.23837, 45.54882, -8439.6708984375], [-123.23589, 45.54501, -9320.25390625]]], [[[-123.25287, 45.5708, -27983.40625], [-123.25555, 45.57558, -27157.52734375], [-123.25047, 45.56696, -27091.421875], [-123.25287, 45.5708, -27983.40625]]], [[[-123.26304, 45.58967, -10125.794921875], [-123.26092, 45.58584, -9196.2626953125], [-123.25888, 45.58177, -10129.896484375], [-123.26304, 45.58967, -10125.794921875]]], [[[-123.24868, 45.56408, -24466.82421875], [-123.24363, 45.55601, -24413.720703125], [-123.24583, 45.55953, -25309.16015625], [-123.24868, 45.56408, -24466.82421875]]], [[[-123.22702, 45.53302, -8454.09765625], [-123.23371, 45.54107, -8441.322265625], [-123.23081, 45.53681, -7585.6494140625], [-123.22702, 45.53302, -8454.09765625]]], [[[-123.22022, 45.52554, -6714.86083984375], [-123.21763, 45.52241, -5805.08740234375], [-123.21506, 45.51829, -6669.1328125], [-123.22022, 45.52554, -6714.86083984375]]], [[[-123.20644, 45.50444, -12500.5478515625], [-123.20644, 45.50444, -11497.904296875], [-123.20022, 45.49797, -11999.2265625], [-123.20644, 45.50444, -12500.5478515625]]], [[[-123.26058, 45.58516, -25490.869140625], [-123.25601, 45.57642, -25425.76171875], [-123.25815, 45.58029, -26320.388671875], [-123.26058, 45.58516, -25490.869140625]]], [[[-123.24599, 45.55979, -7524.29638671875], [-123.24832, 45.56351, -6639.4189453125], [-123.24349, 45.55578, -6651.45947265625], [-123.24599, 45.55979, -7524.29638671875]]], [[[-123.22022, 45.52554, -6714.86083984375], [-123.22355, 45.52935, -5852.91650390625], [-123.21763, 45.52241, -5805.08740234375], [-123.22022, 45.52554, -6714.86083984375]]], [[[-123.31306, 45.67471, -22532.248046875], [-123.317, 45.682, -23039.380859375], [-123.317, 45.682, -22025.11328125], [-123.31306, 45.67471, -22532.248046875]]], [[[-123.24583, 45.55953, -25309.16015625], [-123.24809, 45.56315, -26201.734375], [-123.25101, 45.56782, -25366.3203125], [-123.24583, 45.55953, -25309.16015625]]], [[[-123.22684, 45.53284, -6734.47607421875], [-123.2304, 45.5364, -5862.0322265625], [-123.22355, 45.52935, -5852.91650390625], [-123.22684, 45.53284, -6734.47607421875]]], [[[-123.22183, 45.52738, -25071.732421875], [-123.21811, 45.52313, -25915.451171875], [-123.22486, 45.53084, -25966.984375], [-123.22183, 45.52738, -25071.732421875]]], [[[-123.23353, 45.54075, -6705.4609375], [-123.2304, 45.5364, -5862.0322265625], [-123.22684, 45.53284, -6734.47607421875], [-123.23353, 45.54075, -6705.4609375]]], [[[-123.26602, 45.59444, -9166.49609375], [-123.27026, 45.60334, -9259.484375], [-123.26856, 45.59952, -8384.189453125], [-123.26602, 45.59444, -9166.49609375]]], [[[-123.26103, 45.58606, -23765.7734375], [-123.2565, 45.57729, -23706.888671875], [-123.25861, 45.58123, -24594.0], [-123.26103, 45.58606, -23765.7734375]]], [[[-123.25144, 45.56851, -9219.96875], [-123.25381, 45.57245, -8333.8798828125], [-123.24863, 45.56401, -8375.4384765625], [-123.25144, 45.56851, -9219.96875]]], [[[-123.23353, 45.54075, -6705.4609375], [-123.23572, 45.5447, -5818.431640625], [-123.2304, 45.5364, -5862.0322265625], [-123.23353, 45.54075, -6705.4609375]]], [[[-123.24863, 45.56401, -8375.4384765625], [-123.24599, 45.55979, -7524.29638671875], [-123.24384, 45.55634, -8429.861328125], [-123.24863, 45.56401, -8375.4384765625]]], [[[-123.23353, 45.54075, -6705.4609375], [-123.23834, 45.54879, -6675.37744140625], [-123.23572, 45.5447, -5818.431640625], [-123.23353, 45.54075, -6705.4609375]]], [[[-123.24583, 45.55952, -5762.57861328125], [-123.24847, 45.56375, -4915.4345703125], [-123.24345, 45.55572, -4877.421875], [-123.24583, 45.55952, -5762.57861328125]]], [[[-123.23593, 45.54507, -7556.02099609375], [-123.24112, 45.5525, -7557.2177734375], [-123.23834, 45.54879, -6675.37744140625], [-123.23593, 45.54507, -7556.02099609375]]], [[[-123.30882, 45.66751, -19996.578125], [-123.31306, 45.67471, -20503.712890625], [-123.31306, 45.67471, -19489.4453125], [-123.30882, 45.66751, -19996.578125]]], [[[-123.2109, 45.5108, -28420.138671875], [-123.20852, 45.50652, -29275.669921875], [-123.21237, 45.51374, -29323.93359375], [-123.2109, 45.5108, -28420.138671875]]], [[[-123.23837, 45.54882, -8439.6708984375], [-123.24112, 45.5525, -7557.2177734375], [-123.23593, 45.54507, -7556.02099609375], [-123.23837, 45.54882, -8439.6708984375]]], [[[-123.22486, 45.53084, -25966.984375], [-123.22109, 45.52653, -26801.099609375], [-123.22822, 45.53422, -26861.853515625], [-123.22486, 45.53084, -25966.984375]]], [[[-123.29045, 45.63711, -27419.521484375], [-123.29572, 45.64555, -27661.56640625], [-123.29563, 45.64542, -26655.61328125], [-123.29045, 45.63711, -27419.521484375]]], [[[-123.24112, 45.5525, -7557.2177734375], [-123.24349, 45.55578, -6651.45947265625], [-123.23834, 45.54879, -6675.37744140625], [-123.24112, 45.5525, -7557.2177734375]]], [[[-123.26955, 45.60175, -25622.36328125], [-123.26743, 45.59696, -26460.748046875], [-123.27136, 45.60557, -26523.6484375], [-123.26955, 45.60175, -25622.36328125]]], [[[-123.24083, 45.55211, -5767.798828125], [-123.24349, 45.55578, -6651.45947265625], [-123.24583, 45.55952, -5762.57861328125], [-123.24083, 45.55211, -5767.798828125]]], [[[-123.19886, 45.49641, -26553.248046875], [-123.19529, 45.49233, -25570.6953125], [-123.19206, 45.48808, -26444.640625], [-123.19886, 45.49641, -26553.248046875]]], [[[-123.2619, 45.58781, -28129.767578125], [-123.25761, 45.57929, -28058.91015625], [-123.25954, 45.58307, -28958.671875], [-123.2619, 45.58781, -28129.767578125]]], [[[-123.24083, 45.55211, -5767.798828125], [-123.24583, 45.55952, -5762.57861328125], [-123.24345, 45.55572, -4877.421875], [-123.24083, 45.55211, -5767.798828125]]], [[[-123.19886, 45.49641, -26553.248046875], [-123.19206, 45.48808, -26444.640625], [-123.19469, 45.49159, -27333.794921875], [-123.19886, 45.49641, -26553.248046875]]], [[[-123.24083, 45.55211, -5767.798828125], [-123.24345, 45.55572, -4877.421875], [-123.2378, 45.54807, -4908.73876953125], [-123.24083, 45.55211, -5767.798828125]]], [[[-123.26721, 45.59646, -9914.453125], [-123.26602, 45.59444, -9166.49609375], [-123.26304, 45.58967, -10125.794921875], [-123.26721, 45.59646, -9914.453125]]], [[[-123.28127, 45.62149, -28379.6328125], [-123.27834, 45.61675, -29209.759765625], [-123.28342, 45.62536, -29277.826171875], [-123.28127, 45.62149, -28379.6328125]]], [[[-123.24175, 45.55333, -12759.138671875], [-123.23852, 45.54902, -11914.625], [-123.23576, 45.54477, -12844.18359375], [-123.24175, 45.55333, -12759.138671875]]], [[[-123.23572, 45.5447, -5818.431640625], [-123.24083, 45.55211, -5767.798828125], [-123.2378, 45.54807, -4908.73876953125], [-123.23572, 45.5447, -5818.431640625]]], [[[-123.29045, 45.63711, -27419.521484375], [-123.29138, 45.63861, -28463.619140625], [-123.29572, 45.64555, -27661.56640625], [-123.29045, 45.63711, -27419.521484375]]], [[[-123.23572, 45.5447, -5818.431640625], [-123.23318, 45.54012, -4983.3681640625], [-123.2304, 45.5364, -5862.0322265625], [-123.23572, 45.5447, -5818.431640625]]], [[[-123.25144, 45.56851, -9219.96875], [-123.25629, 45.57693, -9194.7158203125], [-123.25381, 45.57245, -8333.8798828125], [-123.25144, 45.56851, -9219.96875]]], [[[-123.29596, 45.64594, -24560.783203125], [-123.3, 45.6532, -25067.916015625], [-123.3, 45.6532, -24053.6484375], [-123.29596, 45.64594, -24560.783203125]]], [[[-123.2409, 45.5522, -23526.044921875], [-123.23761, 45.54782, -24368.755859375], [-123.24363, 45.55601, -24413.720703125], [-123.2409, 45.5522, -23526.044921875]]], [[[-123.24616, 45.56006, -4015.966064453125], [-123.24847, 45.56375, -4915.4345703125], [-123.25139, 45.56843, -4087.083251953125], [-123.24616, 45.56006, -4015.966064453125]]], [[[-123.22695, 45.53295, -4982.23193359375], [-123.22355, 45.52935, -5852.91650390625], [-123.2304, 45.5364, -5862.0322265625], [-123.22695, 45.53295, -4982.23193359375]]], [[[-123.26743, 45.59696, -26460.748046875], [-123.26473, 45.59237, -27298.45703125], [-123.26914, 45.60082, -27358.484375], [-123.26743, 45.59696, -26460.748046875]]], [[[-123.24583, 45.55953, -25309.16015625], [-123.24051, 45.55168, -25246.7265625], [-123.24306, 45.5551, -26145.80078125], [-123.24583, 45.55953, -25309.16015625]]], [[[-123.20196, 45.49996, -27466.921875], [-123.20518, 45.50318, -28369.08984375], [-123.20909, 45.50718, -27519.216796875], [-123.20196, 45.49996, -27466.921875]]], [[[-123.22082, 45.52623, -4945.48193359375], [-123.21763, 45.52241, -5805.08740234375], [-123.22355, 45.52935, -5852.91650390625], [-123.22082, 45.52623, -4945.48193359375]]], [[[-123.22, 45.52528, -30240.072265625], [-123.21701, 45.52142, -29364.91015625], [-123.21435, 45.51716, -30191.130859375], [-123.22, 45.52528, -30240.072265625]]], [[[-123.2625, 45.5888, -26401.595703125], [-123.26743, 45.59696, -26460.748046875], [-123.26531, 45.59329, -25566.701171875], [-123.2625, 45.5888, -26401.595703125]]], [[[-123.2109, 45.5108, -28420.138671875], [-123.20518, 45.50318, -28369.08984375], [-123.20852, 45.50652, -29275.669921875], [-123.2109, 45.5108, -28420.138671875]]], [[[-123.26955, 45.60175, -25622.36328125], [-123.26531, 45.59329, -25566.701171875], [-123.26743, 45.59696, -26460.748046875], [-123.26955, 45.60175, -25622.36328125]]], [[[-123.23589, 45.54501, -9320.25390625], [-123.23837, 45.54882, -8439.6708984375], [-123.23371, 45.54107, -8441.322265625], [-123.23589, 45.54501, -9320.25390625]]], [[[-123.29596, 45.64594, -24560.783203125], [-123.29596, 45.64594, -25575.05078125], [-123.3, 45.6532, -25067.916015625], [-123.29596, 45.64594, -24560.783203125]]], [[[-123.21265, 45.51429, -5802.5107421875], [-123.21521, 45.51853, -4932.79248046875], [-123.21042, 45.50984, -4940.22265625], [-123.21265, 45.51429, -5802.5107421875]]], [[[-123.22373, 45.52955, -29404.111328125], [-123.22689, 45.53289, -30303.70703125], [-123.231, 45.537, -29471.87890625], [-123.22373, 45.52955, -29404.111328125]]], [[[-123.23486, 45.54315, -25200.369140625], [-123.22895, 45.53495, -25132.123046875], [-123.2322, 45.53836, -26026.353515625], [-123.23486, 45.54315, -25200.369140625]]], [[[-123.20249, 45.50049, -25713.466796875], [-123.20593, 45.50393, -26628.619140625], [-123.20948, 45.50795, -25799.97265625], [-123.20249, 45.50049, -25713.466796875]]], [[[-123.3, 45.6532, -21010.845703125], [-123.30436, 45.66037, -21517.98046875], [-123.30436, 45.66037, -20503.712890625], [-123.3, 45.6532, -21010.845703125]]], [[[-123.20778, 45.50578, -5814.45361328125], [-123.21042, 45.50984, -4940.22265625], [-123.20342, 45.50142, -5000.1279296875], [-123.20778, 45.50578, -5814.45361328125]]], [[[-123.23576, 45.54478, -11052.46875], [-123.23354, 45.54078, -10178.193359375], [-123.23085, 45.53685, -11044.9208984375], [-123.23576, 45.54478, -11052.46875]]], [[[-123.24925, 45.56501, -22732.826171875], [-123.25158, 45.56873, -23634.845703125], [-123.25439, 45.5735, -22806.97265625], [-123.24925, 45.56501, -22732.826171875]]], [[[-123.19986, 45.49756, -5867.65576171875], [-123.20778, 45.50578, -5814.45361328125], [-123.20342, 45.50142, -5000.1279296875], [-123.19986, 45.49756, -5867.65576171875]]], [[[-123.25458, 45.57384, -11861.03515625], [-123.25191, 45.56926, -10969.01171875], [-123.24969, 45.56571, -11878.990234375], [-123.25458, 45.57384, -11861.03515625]]], [[[-123.29596, 45.64594, -20503.712890625], [-123.3, 45.6532, -21010.845703125], [-123.3, 45.6532, -19996.578125], [-123.29596, 45.64594, -20503.712890625]]], [[[-123.25458, 45.57384, -11861.03515625], [-123.25679, 45.57783, -10953.8564453125], [-123.25191, 45.56926, -10969.01171875], [-123.25458, 45.57384, -11861.03515625]]], [[[-123.2409, 45.5522, -23526.044921875], [-123.23537, 45.54407, -23471.259765625], [-123.23761, 45.54782, -24368.755859375], [-123.2409, 45.5522, -23526.044921875]]], [[[-123.22, 45.52528, -30240.072265625], [-123.21668, 45.52089, -31063.232421875], [-123.22292, 45.52863, -31131.2421875], [-123.22, 45.52528, -30240.072265625]]], [[[-123.26701, 45.59603, -28192.58984375], [-123.26914, 45.60082, -27358.484375], [-123.26473, 45.59237, -27298.45703125], [-123.26701, 45.59603, -28192.58984375]]], [[[-123.25312, 45.57121, -12715.275390625], [-123.25458, 45.57384, -11861.03515625], [-123.24969, 45.56571, -11878.990234375], [-123.25312, 45.57121, -12715.275390625]]], [[[-123.19255, 45.48873, -5957.65869140625], [-123.19597, 45.4931, -5045.39892578125], [-123.1897, 45.48494, -5124.79638671875], [-123.19255, 45.48873, -5957.65869140625]]], [[[-123.25339, 45.5717, -26260.203125], [-123.25555, 45.57558, -27157.52734375], [-123.25815, 45.58029, -26320.388671875], [-123.25339, 45.5717, -26260.203125]]], [[[-123.24154, 45.55305, -11044.7802734375], [-123.24452, 45.55743, -11891.970703125], [-123.24691, 45.56125, -11001.2392578125], [-123.24154, 45.55305, -11044.7802734375]]], [[[-123.19255, 45.48873, -5957.65869140625], [-123.1897, 45.48494, -5124.79638671875], [-123.18524, 45.47899, -6152.42041015625], [-123.19255, 45.48873, -5957.65869140625]]], [[[-123.2829, 45.62442, -7818.6728515625], [-123.28704, 45.63166, -8332.5], [-123.287, 45.6316, -7313.89794921875], [-123.2829, 45.62442, -7818.6728515625]]], [[[-123.29596, 45.64594, -21517.98046875], [-123.29596, 45.64594, -22532.248046875], [-123.3, 45.6532, -22025.11328125], [-123.29596, 45.64594, -21517.98046875]]], [[[-123.18414, 45.47752, -5142.5400390625], [-123.18524, 45.47899, -6152.42041015625], [-123.1897, 45.48494, -5124.79638671875], [-123.18414, 45.47752, -5142.5400390625]]], [[[-123.2474, 45.56205, -12743.130859375], [-123.24969, 45.56571, -11878.990234375], [-123.24452, 45.55743, -11891.970703125], [-123.2474, 45.56205, -12743.130859375]]], [[[-123.17698, 45.47199, -5954.11572265625], [-123.18524, 45.47899, -6152.42041015625], [-123.18414, 45.47752, -5142.5400390625], [-123.17698, 45.47199, -5954.11572265625]]], [[[-123.18524, 45.47899, -6152.42041015625], [-123.17698, 45.47199, -5954.11572265625], [-123.17719, 45.47212, -6927.09619140625], [-123.18524, 45.47899, -6152.42041015625]]], [[[-123.17664, 45.47176, -26166.423828125], [-123.16832, 45.46685, -25625.998046875], [-123.1701, 45.46784, -26879.75], [-123.17664, 45.47176, -26166.423828125]]], [[[-123.17698, 45.47199, -5954.11572265625], [-123.16814, 45.46674, -6484.68701171875], [-123.17719, 45.47212, -6927.09619140625], [-123.17698, 45.47199, -5954.11572265625]]], [[[-123.27026, 45.60334, -9259.484375], [-123.26721, 45.59646, -9914.453125], [-123.27008, 45.60294, -10352.857421875], [-123.27026, 45.60334, -9259.484375]]], [[[-123.24925, 45.56501, -22732.826171875], [-123.24639, 45.56043, -23575.517578125], [-123.25158, 45.56873, -23634.845703125], [-123.24925, 45.56501, -22732.826171875]]], [[[-123.2142, 45.51692, -22279.044921875], [-123.21653, 45.52065, -23272.681640625], [-123.2197, 45.52495, -22439.8828125], [-123.2142, 45.51692, -22279.044921875]]], [[[-123.2193, 45.52449, -24146.26953125], [-123.22183, 45.52738, -25071.732421875], [-123.2256, 45.5316, -24236.75], [-123.2193, 45.52449, -24146.26953125]]], [[[-123.23576, 45.54478, -11052.46875], [-123.23844, 45.54892, -10194.9443359375], [-123.23354, 45.54078, -10178.193359375], [-123.23576, 45.54478, -11052.46875]]], [[[-123.1765, 45.47167, -5026.9443359375], [-123.17698, 45.47199, -5954.11572265625], [-123.18414, 45.47752, -5142.5400390625], [-123.1765, 45.47167, -5026.9443359375]]], [[[-123.18414, 45.47752, -5142.5400390625], [-123.18066, 45.47444, -4212.509765625], [-123.1765, 45.47167, -5026.9443359375], [-123.18414, 45.47752, -5142.5400390625]]], [[[-123.22346, 45.52925, -11040.3515625], [-123.23085, 45.53685, -11044.9208984375], [-123.22725, 45.53325, -10179.5986328125], [-123.22346, 45.52925, -11040.3515625]]], [[[-123.29596, 45.64594, -19489.4453125], [-123.3, 45.6532, -19996.578125], [-123.3, 45.6532, -18982.310546875], [-123.29596, 45.64594, -19489.4453125]]], [[[-123.24452, 45.55743, -11891.970703125], [-123.24154, 45.55305, -11044.7802734375], [-123.23852, 45.54902, -11914.625], [-123.24452, 45.55743, -11891.970703125]]], [[[-123.3, 45.6532, -19996.578125], [-123.30436, 45.66037, -19489.4453125], [-123.3, 45.6532, -18982.310546875], [-123.3, 45.6532, -19996.578125]]], [[[-123.1897, 45.48494, -5124.79638671875], [-123.1928, 45.48907, -4179.68408203125], [-123.18702, 45.48136, -4196.29296875], [-123.1897, 45.48494, -5124.79638671875]]], [[[-123.21237, 45.51374, -29323.93359375], [-123.21435, 45.51716, -30191.130859375], [-123.21701, 45.52142, -29364.91015625], [-123.21237, 45.51374, -29323.93359375]]], [[[-123.3, 45.6532, -24053.6484375], [-123.29596, 45.64594, -23546.515625], [-123.29596, 45.64594, -24560.783203125], [-123.3, 45.6532, -24053.6484375]]], [[[-123.30272, 45.65776, -31304.08203125], [-123.29994, 45.65309, -32109.580078125], [-123.30516, 45.66166, -32142.361328125], [-123.30272, 45.65776, -31304.08203125]]], [[[-123.19597, 45.4931, -5045.39892578125], [-123.1928, 45.48907, -4179.68408203125], [-123.1897, 45.48494, -5124.79638671875], [-123.19597, 45.4931, -5045.39892578125]]], [[[-123.26914, 45.60082, -27358.484375], [-123.26701, 45.59603, -28192.58984375], [-123.27088, 45.60473, -28253.326171875], [-123.26914, 45.60082, -27358.484375]]], [[[-123.19597, 45.4931, -5045.39892578125], [-123.1994, 45.49703, -4179.06298828125], [-123.1928, 45.48907, -4179.68408203125], [-123.19597, 45.4931, -5045.39892578125]]], [[[-123.20342, 45.50142, -5000.1279296875], [-123.1994, 45.49703, -4179.06298828125], [-123.19597, 45.4931, -5045.39892578125], [-123.20342, 45.50142, -5000.1279296875]]], [[[-123.3, 45.6532, -23039.380859375], [-123.30436, 45.66037, -23546.515625], [-123.30436, 45.66037, -22532.248046875], [-123.3, 45.6532, -23039.380859375]]], [[[-123.21042, 45.50984, -4940.22265625], [-123.20708, 45.50508, -4125.89306640625], [-123.20342, 45.50142, -5000.1279296875], [-123.21042, 45.50984, -4940.22265625]]], [[[-123.19852, 45.49602, -24740.017578125], [-123.19529, 45.49233, -25570.6953125], [-123.20249, 45.50049, -25713.466796875], [-123.19852, 45.49602, -24740.017578125]]], [[[-123.3, 45.6532, -21010.845703125], [-123.30436, 45.66037, -20503.712890625], [-123.3, 45.6532, -19996.578125], [-123.3, 45.6532, -21010.845703125]]], [[[-123.21042, 45.50984, -4940.22265625], [-123.2126, 45.5142, -4072.561279296875], [-123.20708, 45.50508, -4125.89306640625], [-123.21042, 45.50984, -4940.22265625]]], [[[-123.2625, 45.5888, -26401.595703125], [-123.26003, 45.58407, -27224.869140625], [-123.26473, 45.59237, -27298.45703125], [-123.2625, 45.5888, -26401.595703125]]], [[[-123.30041, 45.65394, -30364.37109375], [-123.30272, 45.65776, -31304.08203125], [-123.3048, 45.66108, -30585.11328125], [-123.30041, 45.65394, -30364.37109375]]], [[[-123.21521, 45.51853, -4932.79248046875], [-123.2126, 45.5142, -4072.561279296875], [-123.21042, 45.50984, -4940.22265625], [-123.21521, 45.51853, -4932.79248046875]]], [[[-123.2465, 45.5606, -9281.84765625], [-123.25144, 45.56851, -9219.96875], [-123.24863, 45.56401, -8375.4384765625], [-123.2465, 45.5606, -9281.84765625]]], [[[-123.26003, 45.58407, -27224.869140625], [-123.25555, 45.57558, -27157.52734375], [-123.25761, 45.57929, -28058.91015625], [-123.26003, 45.58407, -27224.869140625]]], [[[-123.20909, 45.50718, -27519.216796875], [-123.2109, 45.5108, -28420.138671875], [-123.21293, 45.51485, -27593.845703125], [-123.20909, 45.50718, -27519.216796875]]], [[[-123.21521, 45.51853, -4932.79248046875], [-123.2178, 45.52268, -4061.081298828125], [-123.2126, 45.5142, -4072.561279296875], [-123.21521, 45.51853, -4932.79248046875]]], [[[-123.22082, 45.52623, -4945.48193359375], [-123.2178, 45.52268, -4061.081298828125], [-123.21521, 45.51853, -4932.79248046875], [-123.22082, 45.52623, -4945.48193359375]]], [[[-123.22082, 45.52623, -4945.48193359375], [-123.22407, 45.52994, -4073.86669921875], [-123.2178, 45.52268, -4061.081298828125], [-123.22082, 45.52623, -4945.48193359375]]], [[[-123.29596, 45.64594, -25575.05078125], [-123.29563, 45.64542, -26655.61328125], [-123.3, 45.6532, -26082.185546875], [-123.29596, 45.64594, -25575.05078125]]], [[[-123.29596, 45.64594, -25575.05078125], [-123.3, 45.6532, -26082.185546875], [-123.3, 45.6532, -25067.916015625], [-123.29596, 45.64594, -25575.05078125]]], [[[-123.27604, 45.61306, -28311.583984375], [-123.27318, 45.60849, -29148.314453125], [-123.27834, 45.61675, -29209.759765625], [-123.27604, 45.61306, -28311.583984375]]], [[[-123.23318, 45.54012, -4983.3681640625], [-123.23515, 45.54366, -4072.20654296875], [-123.23042, 45.53642, -4106.681640625], [-123.23318, 45.54012, -4983.3681640625]]], [[[-123.28127, 45.62149, -28379.6328125], [-123.28342, 45.62536, -29277.826171875], [-123.28632, 45.6305, -28393.06640625], [-123.28127, 45.62149, -28379.6328125]]], [[[-123.23318, 45.54012, -4983.3681640625], [-123.2378, 45.54807, -4908.73876953125], [-123.23515, 45.54366, -4072.20654296875], [-123.23318, 45.54012, -4983.3681640625]]], [[[-123.3, 45.6532, -19996.578125], [-123.29596, 45.64594, -19489.4453125], [-123.29596, 45.64594, -20503.712890625], [-123.3, 45.6532, -19996.578125]]], [[[-123.17221, 45.469, -28838.201171875], [-123.17631, 45.47154, -29743.03125], [-123.18159, 45.47506, -28924.23046875], [-123.17221, 45.469, -28838.201171875]]], [[[-123.2378, 45.54807, -4908.73876953125], [-123.24046, 45.55162, -4006.8935546875], [-123.23515, 45.54366, -4072.20654296875], [-123.2378, 45.54807, -4908.73876953125]]], [[[-123.26003, 45.58407, -27224.869140625], [-123.2619, 45.58781, -28129.767578125], [-123.26473, 45.59237, -27298.45703125], [-123.26003, 45.58407, -27224.869140625]]], [[[-123.24046, 45.55162, -4006.8935546875], [-123.24345, 45.55572, -4877.421875], [-123.24616, 45.56006, -4015.966064453125], [-123.24046, 45.55162, -4006.8935546875]]], [[[-123.29572, 45.64555, -27661.56640625], [-123.29618, 45.64632, -28660.423828125], [-123.29998, 45.65316, -28147.689453125], [-123.29572, 45.64555, -27661.56640625]]], [[[-123.23852, 45.54902, -11914.625], [-123.24154, 45.55305, -11044.7802734375], [-123.23576, 45.54478, -11052.46875], [-123.23852, 45.54902, -11914.625]]], [[[-123.24046, 45.55162, -4006.8935546875], [-123.24616, 45.56006, -4015.966064453125], [-123.24354, 45.55586, -3149.37890625], [-123.24046, 45.55162, -4006.8935546875]]], [[[-123.29587, 45.6458, -30279.109375], [-123.29289, 45.64102, -31139.48046875], [-123.29786, 45.64935, -31207.513671875], [-123.29587, 45.6458, -30279.109375]]], [[[-123.23515, 45.54366, -4072.20654296875], [-123.24046, 45.55162, -4006.8935546875], [-123.23722, 45.54729, -3175.38134765625], [-123.23515, 45.54366, -4072.20654296875]]], [[[-123.30436, 45.66037, -27603.5859375], [-123.30882, 45.66751, -28110.720703125], [-123.30882, 45.66751, -27096.453125], [-123.30436, 45.66037, -27603.5859375]]], [[[-123.23515, 45.54366, -4072.20654296875], [-123.23722, 45.54729, -3175.38134765625], [-123.2329, 45.53963, -3195.75], [-123.23515, 45.54366, -4072.20654296875]]], [[[-123.20948, 45.50795, -25799.97265625], [-123.21135, 45.51171, -26698.595703125], [-123.21334, 45.51554, -25806.34765625], [-123.20948, 45.50795, -25799.97265625]]], [[[-123.317, 45.682, -19996.578125], [-123.31306, 45.67471, -20503.712890625], [-123.317, 45.682, -21010.845703125], [-123.317, 45.682, -19996.578125]]], [[[-123.23515, 45.54366, -4072.20654296875], [-123.2329, 45.53963, -3195.75], [-123.23042, 45.53642, -4106.681640625], [-123.23515, 45.54366, -4072.20654296875]]], [[[-123.20518, 45.50318, -28369.08984375], [-123.19763, 45.49501, -28229.78125], [-123.20063, 45.49844, -29131.6015625], [-123.20518, 45.50318, -28369.08984375]]], [[[-123.30436, 45.66037, -24560.783203125], [-123.30882, 45.66751, -25067.916015625], [-123.30882, 45.66751, -24053.6484375], [-123.30436, 45.66037, -24560.783203125]]], [[[-123.2178, 45.52268, -4061.081298828125], [-123.22407, 45.52994, -4073.86669921875], [-123.22099, 45.52642, -3189.0986328125], [-123.2178, 45.52268, -4061.081298828125]]], [[[-123.3, 45.6532, -27096.453125], [-123.30436, 45.66037, -26589.318359375], [-123.3, 45.6532, -26082.185546875], [-123.3, 45.6532, -27096.453125]]], [[[-123.2178, 45.52268, -4061.081298828125], [-123.22099, 45.52642, -3189.0986328125], [-123.21512, 45.51839, -3204.581787109375], [-123.2178, 45.52268, -4061.081298828125]]], [[[-123.29563, 45.64542, -26655.61328125], [-123.3, 45.6532, -27096.453125], [-123.3, 45.6532, -26082.185546875], [-123.29563, 45.64542, -26655.61328125]]], [[[-123.21512, 45.51839, -3204.581787109375], [-123.2126, 45.5142, -4072.561279296875], [-123.2178, 45.52268, -4061.081298828125], [-123.21512, 45.51839, -3204.581787109375]]], [[[-123.22822, 45.53422, -26861.853515625], [-123.22417, 45.53006, -27694.728515625], [-123.23185, 45.53785, -27735.99609375], [-123.22822, 45.53422, -26861.853515625]]], [[[-123.29138, 45.63861, -28463.619140625], [-123.29356, 45.6421, -29419.4140625], [-123.29618, 45.64632, -28660.423828125], [-123.29138, 45.63861, -28463.619140625]]], [[[-123.2126, 45.5142, -4072.561279296875], [-123.21512, 45.51839, -3204.581787109375], [-123.21007, 45.50915, -3258.493896484375], [-123.2126, 45.5142, -4072.561279296875]]], [[[-123.28632, 45.6305, -28393.06640625], [-123.28342, 45.62536, -29277.826171875], [-123.28827, 45.63363, -29351.05859375], [-123.28632, 45.6305, -28393.06640625]]], [[[-123.20708, 45.50508, -4125.89306640625], [-123.2126, 45.5142, -4072.561279296875], [-123.21007, 45.50915, -3258.493896484375], [-123.20708, 45.50508, -4125.89306640625]]], [[[-123.3, 45.6532, -18982.310546875], [-123.30436, 45.66037, -18475.17578125], [-123.3, 45.6532, -17968.04296875], [-123.3, 45.6532, -18982.310546875]]], [[[-123.1994, 45.49703, -4179.06298828125], [-123.20708, 45.50508, -4125.89306640625], [-123.20273, 45.50073, -3309.170654296875], [-123.1994, 45.49703, -4179.06298828125]]], [[[-123.30436, 45.66037, -22532.248046875], [-123.30882, 45.66751, -23039.380859375], [-123.30882, 45.66751, -22025.11328125], [-123.30436, 45.66037, -22532.248046875]]], [[[-123.1994, 45.49703, -4179.06298828125], [-123.20273, 45.50073, -3309.170654296875], [-123.19604, 45.49318, -3316.9580078125], [-123.1994, 45.49703, -4179.06298828125]]], [[[-123.28127, 45.62149, -28379.6328125], [-123.27604, 45.61306, -28311.583984375], [-123.27834, 45.61675, -29209.759765625], [-123.28127, 45.62149, -28379.6328125]]], [[[-123.1928, 45.48907, -4179.68408203125], [-123.1994, 45.49703, -4179.06298828125], [-123.19604, 45.49318, -3316.9580078125], [-123.1928, 45.48907, -4179.68408203125]]], [[[-123.3, 45.6532, -22025.11328125], [-123.30436, 45.66037, -21517.98046875], [-123.3, 45.6532, -21010.845703125], [-123.3, 45.6532, -22025.11328125]]], [[[-123.1928, 45.48907, -4179.68408203125], [-123.19604, 45.49318, -3316.9580078125], [-123.18974, 45.48499, -3310.39453125], [-123.1928, 45.48907, -4179.68408203125]]], [[[-123.29596, 45.64594, -23546.515625], [-123.3, 45.6532, -24053.6484375], [-123.3, 45.6532, -23039.380859375], [-123.29596, 45.64594, -23546.515625]]], [[[-123.18702, 45.48136, -4196.29296875], [-123.1928, 45.48907, -4179.68408203125], [-123.18974, 45.48499, -3310.39453125], [-123.18702, 45.48136, -4196.29296875]]], [[[-123.3, 45.6532, -23039.380859375], [-123.30436, 45.66037, -22532.248046875], [-123.3, 45.6532, -22025.11328125], [-123.3, 45.6532, -23039.380859375]]], [[[-123.18702, 45.48136, -4196.29296875], [-123.18974, 45.48499, -3310.39453125], [-123.18417, 45.47756, -3321.61328125], [-123.18702, 45.48136, -4196.29296875]]], [[[-123.27369, 45.60931, -27417.869140625], [-123.27604, 45.61306, -28311.583984375], [-123.27897, 45.61774, -27481.494140625], [-123.27369, 45.60931, -27417.869140625]]], [[[-123.18417, 45.47756, -3321.61328125], [-123.18066, 45.47444, -4212.509765625], [-123.18702, 45.48136, -4196.29296875], [-123.18417, 45.47756, -3321.61328125]]], [[[-123.29618, 45.64632, -28660.423828125], [-123.29356, 45.6421, -29419.4140625], [-123.29936, 45.65205, -29345.927734375], [-123.29618, 45.64632, -28660.423828125]]], [[[-123.18066, 45.47444, -4212.509765625], [-123.18417, 45.47756, -3321.61328125], [-123.17589, 45.47126, -3363.64501953125], [-123.18066, 45.47444, -4212.509765625]]], [[[-123.29356, 45.6421, -29419.4140625], [-123.29054, 45.63727, -30245.7421875], [-123.29587, 45.6458, -30279.109375], [-123.29356, 45.6421, -29419.4140625]]], [[[-123.1701, 45.46783, -4305.19580078125], [-123.18066, 45.47444, -4212.509765625], [-123.17589, 45.47126, -3363.64501953125], [-123.1701, 45.46783, -4305.19580078125]]], [[[-123.29618, 45.64632, -28660.423828125], [-123.29936, 45.65205, -29345.927734375], [-123.29998, 45.65316, -28147.689453125], [-123.29618, 45.64632, -28660.423828125]]], [[[-123.1701, 45.46783, -4305.19580078125], [-123.1765, 45.47167, -5026.9443359375], [-123.18066, 45.47444, -4212.509765625], [-123.1701, 45.46783, -4305.19580078125]]], [[[-123.30882, 45.66751, -23039.380859375], [-123.31306, 45.67471, -23546.515625], [-123.31306, 45.67471, -22532.248046875], [-123.30882, 45.66751, -23039.380859375]]], [[[-123.1765, 45.47167, -5026.9443359375], [-123.1701, 45.46783, -4305.19580078125], [-123.16824, 45.4668, -5447.4306640625], [-123.1765, 45.47167, -5026.9443359375]]], [[[-123.27369, 45.60931, -27417.869140625], [-123.27088, 45.60473, -28253.326171875], [-123.27604, 45.61306, -28311.583984375], [-123.27369, 45.60931, -27417.869140625]]], [[[-123.16824, 45.4668, -5447.4306640625], [-123.1701, 45.46783, -4305.19580078125], [-123.15924, 45.46308, -4933.6748046875], [-123.16824, 45.4668, -5447.4306640625]]], [[[-123.30417, 45.66008, -28646.19921875], [-123.30882, 45.66751, -29124.98828125], [-123.30882, 45.66751, -28110.720703125], [-123.30417, 45.66008, -28646.19921875]]], [[[-123.16824, 45.4668, -5447.4306640625], [-123.15924, 45.46308, -4933.6748046875], [-123.15857, 45.46286, -5983.365234375], [-123.16824, 45.4668, -5447.4306640625]]], [[[-123.30882, 45.66751, -25067.916015625], [-123.30436, 45.66037, -24560.783203125], [-123.30436, 45.66037, -25575.05078125], [-123.30882, 45.66751, -25067.916015625]]], [[[-123.16814, 45.46674, -6484.68701171875], [-123.16824, 45.4668, -5447.4306640625], [-123.15857, 45.46286, -5983.365234375], [-123.16814, 45.46674, -6484.68701171875]]], [[[-123.29936, 45.65205, -29345.927734375], [-123.29587, 45.6458, -30279.109375], [-123.30041, 45.65394, -30364.37109375], [-123.29936, 45.65205, -29345.927734375]]], [[[-123.16814, 45.46674, -6484.68701171875], [-123.15857, 45.46286, -5983.365234375], [-123.15857, 45.46286, -6986.0087890625], [-123.16814, 45.46674, -6484.68701171875]]], [[[-123.22895, 45.53495, -25132.123046875], [-123.22183, 45.52738, -25071.732421875], [-123.22486, 45.53084, -25966.984375], [-123.22895, 45.53495, -25132.123046875]]], [[[-123.15857, 45.46286, -5983.365234375], [-123.14885, 45.45911, -6484.68701171875], [-123.15857, 45.46286, -6986.0087890625], [-123.15857, 45.46286, -5983.365234375]]], [[[-123.15857, 45.46286, -5983.365234375], [-123.14885, 45.45911, -5482.04345703125], [-123.14885, 45.45911, -6484.68701171875], [-123.15857, 45.46286, -5983.365234375]]], [[[-123.29998, 45.65316, -28147.689453125], [-123.30436, 45.66037, -27603.5859375], [-123.3, 45.6532, -27096.453125], [-123.29998, 45.65316, -28147.689453125]]], [[[-123.15924, 45.46308, -4933.6748046875], [-123.14885, 45.45911, -5482.04345703125], [-123.15857, 45.46286, -5983.365234375], [-123.15924, 45.46308, -4933.6748046875]]], [[[-123.31306, 45.67471, -19489.4453125], [-123.317, 45.682, -19996.578125], [-123.317, 45.682, -18982.310546875], [-123.31306, 45.67471, -19489.4453125]]], [[[-123.14885, 45.45911, -6484.68701171875], [-123.14885, 45.45911, -5482.04345703125], [-123.13986, 45.45457, -5983.365234375], [-123.14885, 45.45911, -6484.68701171875]]], [[[-123.30436, 45.66037, -26589.318359375], [-123.30882, 45.66751, -27096.453125], [-123.30882, 45.66751, -26082.185546875], [-123.30436, 45.66037, -26589.318359375]]], [[[-123.14885, 45.45911, -6484.68701171875], [-123.13986, 45.45457, -5983.365234375], [-123.13986, 45.45457, -6986.0087890625], [-123.14885, 45.45911, -6484.68701171875]]], [[[-123.30436, 45.66037, -18475.17578125], [-123.30436, 45.66037, -19489.4453125], [-123.30882, 45.66751, -18982.310546875], [-123.30436, 45.66037, -18475.17578125]]], [[[-123.1701, 45.46783, -4305.19580078125], [-123.15883, 45.46294, -3920.138671875], [-123.15924, 45.46308, -4933.6748046875], [-123.1701, 45.46783, -4305.19580078125]]], [[[-123.30882, 45.66751, -24053.6484375], [-123.31306, 45.67471, -23546.515625], [-123.30882, 45.66751, -23039.380859375], [-123.30882, 45.66751, -24053.6484375]]], [[[-123.15883, 45.46294, -3920.138671875], [-123.1701, 45.46783, -4305.19580078125], [-123.1664, 45.46578, -3362.878173828125], [-123.15883, 45.46294, -3920.138671875]]], [[[-123.30882, 45.66751, -29124.98828125], [-123.30417, 45.66008, -28646.19921875], [-123.30436, 45.66037, -29632.12109375], [-123.30882, 45.66751, -29124.98828125]]], [[[-123.1701, 45.46783, -4305.19580078125], [-123.17589, 45.47126, -3363.64501953125], [-123.1664, 45.46578, -3362.878173828125], [-123.1701, 45.46783, -4305.19580078125]]], [[[-123.30436, 45.66037, -27603.5859375], [-123.30417, 45.66008, -28646.19921875], [-123.30882, 45.66751, -28110.720703125], [-123.30436, 45.66037, -27603.5859375]]], [[[-123.17589, 45.47126, -3363.64501953125], [-123.1708, 45.46822, -2510.989990234375], [-123.1664, 45.46578, -3362.878173828125], [-123.17589, 45.47126, -3363.64501953125]]], [[[-123.30882, 45.66751, -26082.185546875], [-123.31306, 45.67471, -26589.318359375], [-123.31306, 45.67471, -25575.05078125], [-123.30882, 45.66751, -26082.185546875]]], [[[-123.17589, 45.47126, -3363.64501953125], [-123.18013, 45.47409, -2461.488037109375], [-123.1708, 45.46822, -2510.989990234375], [-123.17589, 45.47126, -3363.64501953125]]], [[[-123.30882, 45.66751, -25067.916015625], [-123.31306, 45.67471, -25575.05078125], [-123.31306, 45.67471, -24560.783203125], [-123.30882, 45.66751, -25067.916015625]]], [[[-123.18417, 45.47756, -3321.61328125], [-123.18013, 45.47409, -2461.488037109375], [-123.17589, 45.47126, -3363.64501953125], [-123.18417, 45.47756, -3321.61328125]]], [[[-123.30436, 45.66037, -23546.515625], [-123.30882, 45.66751, -24053.6484375], [-123.30882, 45.66751, -23039.380859375], [-123.30436, 45.66037, -23546.515625]]], [[[-123.18417, 45.47756, -3321.61328125], [-123.18685, 45.48113, -2430.71826171875], [-123.18013, 45.47409, -2461.488037109375], [-123.18417, 45.47756, -3321.61328125]]], [[[-123.30882, 45.66751, -24053.6484375], [-123.31306, 45.67471, -24560.783203125], [-123.31306, 45.67471, -23546.515625], [-123.30882, 45.66751, -24053.6484375]]], [[[-123.18974, 45.48499, -3310.39453125], [-123.18685, 45.48113, -2430.71826171875], [-123.18417, 45.47756, -3321.61328125], [-123.18974, 45.48499, -3310.39453125]]], [[[-123.3, 45.6532, -26082.185546875], [-123.30436, 45.66037, -25575.05078125], [-123.3, 45.6532, -25067.916015625], [-123.3, 45.6532, -26082.185546875]]], [[[-123.18974, 45.48499, -3310.39453125], [-123.19292, 45.48923, -2458.673828125], [-123.18685, 45.48113, -2430.71826171875], [-123.18974, 45.48499, -3310.39453125]]], [[[-123.29998, 45.65316, -28147.689453125], [-123.29936, 45.65205, -29345.927734375], [-123.30417, 45.66008, -28646.19921875], [-123.29998, 45.65316, -28147.689453125]]], [[[-123.29572, 45.64555, -27661.56640625], [-123.29998, 45.65316, -28147.689453125], [-123.3, 45.6532, -27096.453125], [-123.29572, 45.64555, -27661.56640625]]], [[[-123.19604, 45.49318, -3316.9580078125], [-123.19292, 45.48923, -2458.673828125], [-123.18974, 45.48499, -3310.39453125], [-123.19604, 45.49318, -3316.9580078125]]], [[[-123.19604, 45.49318, -3316.9580078125], [-123.19923, 45.49683, -2443.402099609375], [-123.19292, 45.48923, -2458.673828125], [-123.19604, 45.49318, -3316.9580078125]]], [[[-123.30882, 45.66751, -21010.845703125], [-123.31306, 45.67471, -21517.98046875], [-123.31306, 45.67471, -20503.712890625], [-123.30882, 45.66751, -21010.845703125]]], [[[-123.20273, 45.50073, -3309.170654296875], [-123.19923, 45.49683, -2443.402099609375], [-123.19604, 45.49318, -3316.9580078125], [-123.20273, 45.50073, -3309.170654296875]]], [[[-123.29356, 45.6421, -29419.4140625], [-123.28827, 45.63363, -29351.05859375], [-123.29054, 45.63727, -30245.7421875], [-123.29356, 45.6421, -29419.4140625]]], [[[-123.20273, 45.50073, -3309.170654296875], [-123.2065, 45.5045, -2442.888671875], [-123.19923, 45.49683, -2443.402099609375], [-123.20273, 45.50073, -3309.170654296875]]], [[[-123.29936, 45.65205, -29345.927734375], [-123.30041, 45.65394, -30364.37109375], [-123.30436, 45.66037, -29632.12109375], [-123.29936, 45.65205, -29345.927734375]]], [[[-123.21007, 45.50915, -3258.493896484375], [-123.2065, 45.5045, -2442.888671875], [-123.20273, 45.50073, -3309.170654296875], [-123.21007, 45.50915, -3258.493896484375]]], [[[-123.30436, 45.66037, -29632.12109375], [-123.30882, 45.66751, -30139.255859375], [-123.30882, 45.66751, -29124.98828125], [-123.30436, 45.66037, -29632.12109375]]], [[[-123.21007, 45.50915, -3258.493896484375], [-123.21226, 45.51352, -2391.408935546875], [-123.2065, 45.5045, -2442.888671875], [-123.21007, 45.50915, -3258.493896484375]]], [[[-123.30436, 45.66037, -20503.712890625], [-123.30882, 45.66751, -21010.845703125], [-123.30882, 45.66751, -19996.578125], [-123.30436, 45.66037, -20503.712890625]]], [[[-123.21512, 45.51839, -3204.581787109375], [-123.21226, 45.51352, -2391.408935546875], [-123.21007, 45.50915, -3258.493896484375], [-123.21512, 45.51839, -3204.581787109375]]], [[[-123.3, 45.6532, -27096.453125], [-123.30436, 45.66037, -27603.5859375], [-123.30436, 45.66037, -26589.318359375], [-123.3, 45.6532, -27096.453125]]], [[[-123.21512, 45.51839, -3204.581787109375], [-123.21773, 45.52256, -2329.622314453125], [-123.21226, 45.51352, -2391.408935546875], [-123.21512, 45.51839, -3204.581787109375]]], [[[-123.30882, 45.66751, -18982.310546875], [-123.31306, 45.67471, -19489.4453125], [-123.31306, 45.67471, -18475.17578125], [-123.30882, 45.66751, -18982.310546875]]], [[[-123.22099, 45.52642, -3189.0986328125], [-123.21773, 45.52256, -2329.622314453125], [-123.21512, 45.51839, -3204.581787109375], [-123.22099, 45.52642, -3189.0986328125]]], [[[-123.31306, 45.67471, -21517.98046875], [-123.317, 45.682, -22025.11328125], [-123.317, 45.682, -21010.845703125], [-123.31306, 45.67471, -21517.98046875]]], [[[-123.22099, 45.52642, -3189.0986328125], [-123.22409, 45.52996, -2316.033203125], [-123.21773, 45.52256, -2329.622314453125], [-123.22099, 45.52642, -3189.0986328125]]], [[[-123.30882, 45.66751, -22025.11328125], [-123.31306, 45.67471, -22532.248046875], [-123.31306, 45.67471, -21517.98046875], [-123.30882, 45.66751, -22025.11328125]]], [[[-123.22736, 45.53336, -3198.066162109375], [-123.22409, 45.52996, -2316.033203125], [-123.22099, 45.52642, -3189.0986328125], [-123.22736, 45.53336, -3198.066162109375]]], [[[-123.28827, 45.63363, -29351.05859375], [-123.28547, 45.62905, -30180.42578125], [-123.29054, 45.63727, -30245.7421875], [-123.28827, 45.63363, -29351.05859375]]], [[[-123.22736, 45.53336, -3198.066162109375], [-123.23038, 45.53638, -2286.619384765625], [-123.22409, 45.52996, -2316.033203125], [-123.22736, 45.53336, -3198.066162109375]]], [[[-123.30882, 45.66751, -27096.453125], [-123.31306, 45.67471, -27603.5859375], [-123.31306, 45.67471, -26589.318359375], [-123.30882, 45.66751, -27096.453125]]], [[[-123.22736, 45.53336, -3198.066162109375], [-123.2329, 45.53963, -3195.75], [-123.23038, 45.53638, -2286.619384765625], [-123.22736, 45.53336, -3198.066162109375]]], [[[-123.30882, 45.66751, -18982.310546875], [-123.31306, 45.67471, -18475.17578125], [-123.30882, 45.66751, -17968.04296875], [-123.30882, 45.66751, -18982.310546875]]], [[[-123.2329, 45.53963, -3195.75], [-123.235, 45.5434, -2298.965576171875], [-123.23038, 45.53638, -2286.619384765625], [-123.2329, 45.53963, -3195.75]]], [[[-123.30436, 45.66037, -19489.4453125], [-123.30882, 45.66751, -19996.578125], [-123.30882, 45.66751, -18982.310546875], [-123.30436, 45.66037, -19489.4453125]]], [[[-123.235, 45.5434, -2298.965576171875], [-123.2329, 45.53963, -3195.75], [-123.23722, 45.54729, -3175.38134765625], [-123.235, 45.5434, -2298.965576171875]]], [[[-123.30882, 45.66751, -28110.720703125], [-123.31306, 45.67471, -28617.853515625], [-123.31306, 45.67471, -27603.5859375], [-123.30882, 45.66751, -28110.720703125]]], [[[-123.235, 45.5434, -2298.965576171875], [-123.23293, 45.53967, -1385.21875], [-123.23038, 45.53638, -2286.619384765625], [-123.235, 45.5434, -2298.965576171875]]], [[[-123.30436, 45.66037, -21517.98046875], [-123.30882, 45.66751, -22025.11328125], [-123.30882, 45.66751, -21010.845703125], [-123.30436, 45.66037, -21517.98046875]]], [[[-123.23038, 45.53638, -2286.619384765625], [-123.23293, 45.53967, -1385.21875], [-123.22702, 45.53302, -1403.9312744140625], [-123.23038, 45.53638, -2286.619384765625]]], [[[-123.22409, 45.52996, -2316.033203125], [-123.23038, 45.53638, -2286.619384765625], [-123.22702, 45.53302, -1403.9312744140625], [-123.22409, 45.52996, -2316.033203125]]], [[[-123.30882, 45.66751, -22025.11328125], [-123.31306, 45.67471, -21517.98046875], [-123.30882, 45.66751, -21010.845703125], [-123.30882, 45.66751, -22025.11328125]]], [[[-123.22409, 45.52996, -2316.033203125], [-123.22702, 45.53302, -1403.9312744140625], [-123.2207, 45.52608, -1452.673095703125], [-123.22409, 45.52996, -2316.033203125]]], [[[-123.21773, 45.52256, -2329.622314453125], [-123.22409, 45.52996, -2316.033203125], [-123.2207, 45.52608, -1452.673095703125], [-123.21773, 45.52256, -2329.622314453125]]], [[[-123.30436, 45.66037, -26589.318359375], [-123.30436, 45.66037, -27603.5859375], [-123.30882, 45.66751, -27096.453125], [-123.30436, 45.66037, -26589.318359375]]], [[[-123.21773, 45.52256, -2329.622314453125], [-123.2207, 45.52608, -1452.673095703125], [-123.21467, 45.51767, -1516.9334716796875], [-123.21773, 45.52256, -2329.622314453125]]], [[[-123.21226, 45.51352, -2391.408935546875], [-123.21773, 45.52256, -2329.622314453125], [-123.21467, 45.51767, -1516.9334716796875], [-123.21226, 45.51352, -2391.408935546875]]], [[[-123.29936, 45.65205, -29345.927734375], [-123.30436, 45.66037, -29632.12109375], [-123.30417, 45.66008, -28646.19921875], [-123.29936, 45.65205, -29345.927734375]]], [[[-123.21226, 45.51352, -2391.408935546875], [-123.21467, 45.51767, -1516.9334716796875], [-123.20974, 45.50849, -1577.044677734375], [-123.21226, 45.51352, -2391.408935546875]]], [[[-123.2065, 45.5045, -2442.888671875], [-123.21226, 45.51352, -2391.408935546875], [-123.20974, 45.50849, -1577.044677734375], [-123.2065, 45.5045, -2442.888671875]]], [[[-123.30882, 45.66751, -21010.845703125], [-123.31306, 45.67471, -20503.712890625], [-123.30882, 45.66751, -19996.578125], [-123.30882, 45.66751, -21010.845703125]]], [[[-123.2065, 45.5045, -2442.888671875], [-123.20974, 45.50849, -1577.044677734375], [-123.20271, 45.50071, -1576.6817626953125], [-123.2065, 45.5045, -2442.888671875]]], [[[-123.19923, 45.49683, -2443.402099609375], [-123.2065, 45.5045, -2442.888671875], [-123.20271, 45.50071, -1576.6817626953125], [-123.19923, 45.49683, -2443.402099609375]]], [[[-123.30882, 45.66751, -19996.578125], [-123.31306, 45.67471, -19489.4453125], [-123.30882, 45.66751, -18982.310546875], [-123.30882, 45.66751, -19996.578125]]], [[[-123.19923, 45.49683, -2443.402099609375], [-123.20271, 45.50071, -1576.6817626953125], [-123.1958, 45.49291, -1578.0732421875], [-123.19923, 45.49683, -2443.402099609375]]], [[[-123.19292, 45.48923, -2458.673828125], [-123.19923, 45.49683, -2443.402099609375], [-123.1958, 45.49291, -1578.0732421875], [-123.19292, 45.48923, -2458.673828125]]], [[[-123.3, 45.6532, -25067.916015625], [-123.30436, 45.66037, -24560.783203125], [-123.3, 45.6532, -24053.6484375], [-123.3, 45.6532, -25067.916015625]]], [[[-123.19292, 45.48923, -2458.673828125], [-123.1958, 45.49291, -1578.0732421875], [-123.19007, 45.48542, -1583.778076171875], [-123.19292, 45.48923, -2458.673828125]]], [[[-123.18685, 45.48113, -2430.71826171875], [-123.19292, 45.48923, -2458.673828125], [-123.19007, 45.48542, -1583.778076171875], [-123.18685, 45.48113, -2430.71826171875]]], [[[-123.30436, 45.66037, -25575.05078125], [-123.30882, 45.66751, -26082.185546875], [-123.30882, 45.66751, -25067.916015625], [-123.30436, 45.66037, -25575.05078125]]], [[[-123.18685, 45.48113, -2430.71826171875], [-123.19007, 45.48542, -1583.778076171875], [-123.18376, 45.47701, -1570.53759765625], [-123.18685, 45.48113, -2430.71826171875]]], [[[-123.18013, 45.47409, -2461.488037109375], [-123.18685, 45.48113, -2430.71826171875], [-123.18376, 45.47701, -1570.53759765625], [-123.18013, 45.47409, -2461.488037109375]]], [[[-123.30882, 45.66751, -23039.380859375], [-123.30436, 45.66037, -22532.248046875], [-123.30436, 45.66037, -23546.515625], [-123.30882, 45.66751, -23039.380859375]]], [[[-123.18013, 45.47409, -2461.488037109375], [-123.18376, 45.47701, -1570.53759765625], [-123.17521, 45.47081, -1622.934814453125], [-123.18013, 45.47409, -2461.488037109375]]], [[[-123.1708, 45.46822, -2510.989990234375], [-123.18013, 45.47409, -2461.488037109375], [-123.17521, 45.47081, -1622.934814453125], [-123.1708, 45.46822, -2510.989990234375]]], [[[-123.29356, 45.6421, -29419.4140625], [-123.29587, 45.6458, -30279.109375], [-123.29936, 45.65205, -29345.927734375], [-123.29356, 45.6421, -29419.4140625]]], [[[-123.1708, 45.46822, -2510.989990234375], [-123.17521, 45.47081, -1622.934814453125], [-123.16566, 45.46537, -1649.71484375], [-123.1708, 45.46822, -2510.989990234375]]], [[[-123.24616, 45.56006, -4015.966064453125], [-123.24907, 45.56472, -3184.4521484375], [-123.24354, 45.55586, -3149.37890625], [-123.24616, 45.56006, -4015.966064453125]]], [[[-123.24907, 45.56472, -3184.4521484375], [-123.24616, 45.56006, -4015.966064453125], [-123.25139, 45.56843, -4087.083251953125], [-123.24907, 45.56472, -3184.4521484375]]], [[[-123.28342, 45.62536, -29277.826171875], [-123.28072, 45.62056, -30102.126953125], [-123.28547, 45.62905, -30180.42578125], [-123.28342, 45.62536, -29277.826171875]]], [[[-123.25139, 45.56843, -4087.083251953125], [-123.25425, 45.57326, -3262.61376953125], [-123.24907, 45.56472, -3184.4521484375], [-123.25139, 45.56843, -4087.083251953125]]], [[[-123.30436, 45.66037, -19489.4453125], [-123.30436, 45.66037, -20503.712890625], [-123.30882, 45.66751, -19996.578125], [-123.30436, 45.66037, -19489.4453125]]], [[[-123.25139, 45.56843, -4087.083251953125], [-123.25654, 45.57738, -4127.63623046875], [-123.25425, 45.57326, -3262.61376953125], [-123.25139, 45.56843, -4087.083251953125]]], [[[-123.30436, 45.66037, -20503.712890625], [-123.30436, 45.66037, -21517.98046875], [-123.30882, 45.66751, -21010.845703125], [-123.30436, 45.66037, -20503.712890625]]], [[[-123.25139, 45.56843, -4087.083251953125], [-123.2539, 45.57261, -4956.7197265625], [-123.25654, 45.57738, -4127.63623046875], [-123.25139, 45.56843, -4087.083251953125]]], [[[-123.30882, 45.66751, -30139.255859375], [-123.31306, 45.67471, -29632.12109375], [-123.30882, 45.66751, -29124.98828125], [-123.30882, 45.66751, -30139.255859375]]], [[[-123.2539, 45.57261, -4956.7197265625], [-123.25139, 45.56843, -4087.083251953125], [-123.24847, 45.56375, -4915.4345703125], [-123.2539, 45.57261, -4956.7197265625]]], [[[-123.30882, 45.66751, -30139.255859375], [-123.31306, 45.67471, -30646.388671875], [-123.31306, 45.67471, -29632.12109375], [-123.30882, 45.66751, -30139.255859375]]], [[[-123.30855, 45.66708, -31223.3828125], [-123.31306, 45.67471, -30646.388671875], [-123.30882, 45.66751, -30139.255859375], [-123.30855, 45.66708, -31223.3828125]]], [[[-123.25106, 45.5679, -5785.45361328125], [-123.25636, 45.57705, -5814.07958984375], [-123.2539, 45.57261, -4956.7197265625], [-123.25106, 45.5679, -5785.45361328125]]], [[[-123.30855, 45.66708, -31223.3828125], [-123.31323, 45.67501, -31612.08203125], [-123.31306, 45.67471, -30646.388671875], [-123.30855, 45.66708, -31223.3828125]]], [[[-123.25106, 45.5679, -5785.45361328125], [-123.2537, 45.57226, -6644.10302734375], [-123.25636, 45.57705, -5814.07958984375], [-123.25106, 45.5679, -5785.45361328125]]], [[[-123.28013, 45.61961, -31846.24609375], [-123.27783, 45.61593, -30940.291015625], [-123.27494, 45.6113, -31779.34375], [-123.28013, 45.61961, -31846.24609375]]], [[[-123.2537, 45.57226, -6644.10302734375], [-123.25106, 45.5679, -5785.45361328125], [-123.24832, 45.56351, -6639.4189453125], [-123.2537, 45.57226, -6644.10302734375]]], [[[-123.30882, 45.66751, -25067.916015625], [-123.31306, 45.67471, -24560.783203125], [-123.30882, 45.66751, -24053.6484375], [-123.30882, 45.66751, -25067.916015625]]], [[[-123.25103, 45.56784, -7494.92626953125], [-123.2537, 45.57226, -6644.10302734375], [-123.24832, 45.56351, -6639.4189453125], [-123.25103, 45.56784, -7494.92626953125]]], [[[-123.317, 45.682, -23039.380859375], [-123.31306, 45.67471, -23546.515625], [-123.317, 45.682, -24053.6484375], [-123.317, 45.682, -23039.380859375]]], [[[-123.30041, 45.65394, -30364.37109375], [-123.29786, 45.64935, -31207.513671875], [-123.30272, 45.65776, -31304.08203125], [-123.30041, 45.65394, -30364.37109375]]], [[[-123.25381, 45.57245, -8333.8798828125], [-123.25629, 45.57691, -7479.634765625], [-123.25103, 45.56784, -7494.92626953125], [-123.25381, 45.57245, -8333.8798828125]]], [[[-123.31306, 45.67471, -28617.853515625], [-123.317, 45.682, -29124.98828125], [-123.317, 45.682, -28110.720703125], [-123.31306, 45.67471, -28617.853515625]]], [[[-123.25868, 45.58136, -8338.224609375], [-123.25629, 45.57691, -7479.634765625], [-123.25381, 45.57245, -8333.8798828125], [-123.25868, 45.58136, -8338.224609375]]], [[[-123.30855, 45.66708, -31223.3828125], [-123.31066, 45.67045, -32235.40234375], [-123.31323, 45.67501, -31612.08203125], [-123.30855, 45.66708, -31223.3828125]]], [[[-123.25868, 45.58136, -8338.224609375], [-123.26112, 45.58624, -7510.57958984375], [-123.25629, 45.57691, -7479.634765625], [-123.25868, 45.58136, -8338.224609375]]], [[[-123.30882, 45.66751, -29124.98828125], [-123.31306, 45.67471, -28617.853515625], [-123.30882, 45.66751, -28110.720703125], [-123.30882, 45.66751, -29124.98828125]]], [[[-123.26364, 45.59062, -8367.0703125], [-123.26644, 45.59511, -7521.9677734375], [-123.26112, 45.58624, -7510.57958984375], [-123.26364, 45.59062, -8367.0703125]]], [[[-123.26644, 45.5951, -29919.865234375], [-123.26874, 45.59992, -29087.2578125], [-123.26415, 45.59143, -29026.890625], [-123.26644, 45.5951, -29919.865234375]]], [[[-123.26856, 45.59952, -8384.189453125], [-123.26644, 45.59511, -7521.9677734375], [-123.26364, 45.59062, -8367.0703125], [-123.26856, 45.59952, -8384.189453125]]], [[[-123.27548, 45.61216, -30046.90625], [-123.28072, 45.62056, -30102.126953125], [-123.27834, 45.61675, -29209.759765625], [-123.27548, 45.61216, -30046.90625]]], [[[-123.26856, 45.59952, -8384.189453125], [-123.27042, 45.6037, -7537.52490234375], [-123.26644, 45.59511, -7521.9677734375], [-123.26856, 45.59952, -8384.189453125]]], [[[-123.29054, 45.63727, -30245.7421875], [-123.29289, 45.64102, -31139.48046875], [-123.29587, 45.6458, -30279.109375], [-123.29054, 45.63727, -30245.7421875]]], [[[-123.26856, 45.59952, -8384.189453125], [-123.27353, 45.60904, -8558.697265625], [-123.27042, 45.6037, -7537.52490234375], [-123.26856, 45.59952, -8384.189453125]]], [[[-123.29054, 45.63727, -30245.7421875], [-123.28768, 45.63269, -31081.173828125], [-123.29289, 45.64102, -31139.48046875], [-123.29054, 45.63727, -30245.7421875]]], [[[-123.27026, 45.60334, -9259.484375], [-123.27353, 45.60904, -8558.697265625], [-123.26856, 45.59952, -8384.189453125], [-123.27026, 45.60334, -9259.484375]]], [[[-123.27604, 45.61306, -28311.583984375], [-123.27088, 45.60473, -28253.326171875], [-123.27318, 45.60849, -29148.314453125], [-123.27604, 45.61306, -28311.583984375]]], [[[-123.27026, 45.60334, -9259.484375], [-123.27415, 45.61003, -9796.69921875], [-123.27353, 45.60904, -8558.697265625], [-123.27026, 45.60334, -9259.484375]]], [[[-123.28283, 45.62429, -31007.06640625], [-123.28013, 45.61961, -31846.24609375], [-123.28491, 45.62803, -31912.1328125], [-123.28283, 45.62429, -31007.06640625]]], [[[-123.27008, 45.60294, -10352.857421875], [-123.27418, 45.61009, -10868.1689453125], [-123.27415, 45.61003, -9796.69921875], [-123.27008, 45.60294, -10352.857421875]]], [[[-123.27548, 45.61216, -30046.90625], [-123.2705, 45.60387, -29983.3828125], [-123.27261, 45.60758, -30882.7890625], [-123.27548, 45.61216, -30046.90625]]], [[[-123.29289, 45.64102, -31139.48046875], [-123.28999, 45.63639, -31978.53515625], [-123.29518, 45.64469, -32045.40234375], [-123.29289, 45.64102, -31139.48046875]]], [[[-123.27008, 45.60294, -10352.857421875], [-123.26665, 45.59545, -10868.1689453125], [-123.27005, 45.60286, -11375.302734375], [-123.27008, 45.60294, -10352.857421875]]], [[[-123.28768, 45.63269, -31081.173828125], [-123.28491, 45.62803, -31912.1328125], [-123.28999, 45.63639, -31978.53515625], [-123.28768, 45.63269, -31081.173828125]]], [[[-123.26473, 45.59237, -27298.45703125], [-123.2619, 45.58781, -28129.767578125], [-123.26701, 45.59603, -28192.58984375], [-123.26473, 45.59237, -27298.45703125]]], [[[-123.26665, 45.59545, -10868.1689453125], [-123.26304, 45.58967, -10125.794921875], [-123.26173, 45.58745, -11217.6826171875], [-123.26665, 45.59545, -10868.1689453125]]], [[[-123.28072, 45.62056, -30102.126953125], [-123.27548, 45.61216, -30046.90625], [-123.27783, 45.61593, -30940.291015625], [-123.28072, 45.62056, -30102.126953125]]], [[[-123.26173, 45.58745, -11217.6826171875], [-123.26655, 45.59529, -11869.3935546875], [-123.26665, 45.59545, -10868.1689453125], [-123.26173, 45.58745, -11217.6826171875]]], [[[-123.26173, 45.58745, -11217.6826171875], [-123.25862, 45.58125, -11860.6279296875], [-123.26219, 45.5883, -12382.583984375], [-123.26173, 45.58745, -11217.6826171875]]], [[[-123.30272, 45.65776, -31304.08203125], [-123.29786, 45.64935, -31207.513671875], [-123.29994, 45.65309, -32109.580078125], [-123.30272, 45.65776, -31304.08203125]]], [[[-123.25862, 45.58125, -11860.6279296875], [-123.25679, 45.57783, -10953.8564453125], [-123.25458, 45.57384, -11861.03515625], [-123.25862, 45.58125, -11860.6279296875]]], [[[-123.25821, 45.58041, -12832.5751953125], [-123.25862, 45.58125, -11860.6279296875], [-123.25458, 45.57384, -11861.03515625], [-123.25821, 45.58041, -12832.5751953125]]], [[[-123.25821, 45.58041, -12832.5751953125], [-123.26219, 45.5883, -12382.583984375], [-123.25862, 45.58125, -11860.6279296875], [-123.25821, 45.58041, -12832.5751953125]]], [[[-123.28013, 45.61961, -31846.24609375], [-123.28283, 45.62429, -31007.06640625], [-123.27783, 45.61593, -30940.291015625], [-123.28013, 45.61961, -31846.24609375]]], [[[-123.28768, 45.63269, -31081.173828125], [-123.28283, 45.62429, -31007.06640625], [-123.28491, 45.62803, -31912.1328125], [-123.28768, 45.63269, -31081.173828125]]], [[[-123.26701, 45.59603, -28192.58984375], [-123.2619, 45.58781, -28129.767578125], [-123.26415, 45.59143, -29026.890625], [-123.26701, 45.59603, -28192.58984375]]], [[[-123.25848, 45.58096, -13910.9716796875], [-123.25442, 45.57355, -14404.8671875], [-123.25848, 45.58096, -14925.2392578125], [-123.25848, 45.58096, -13910.9716796875]]], [[[-123.27261, 45.60758, -30882.7890625], [-123.27494, 45.6113, -31779.34375], [-123.27783, 45.61593, -30940.291015625], [-123.27261, 45.60758, -30882.7890625]]], [[[-123.30882, 45.66751, -27096.453125], [-123.31306, 45.67471, -26589.318359375], [-123.30882, 45.66751, -26082.185546875], [-123.30882, 45.66751, -27096.453125]]], [[[-123.25024, 45.56658, -13652.8671875], [-123.25478, 45.5742, -13471.9697265625], [-123.25312, 45.57121, -12715.275390625], [-123.25024, 45.56658, -13652.8671875]]], [[[-123.2915, 45.6388, -9853.9013671875], [-123.29596, 45.64594, -9346.767578125], [-123.2915, 45.6388, -8839.6337890625], [-123.2915, 45.6388, -9853.9013671875]]], [[[-123.24459, 45.55755, -13575.208984375], [-123.25024, 45.56658, -13652.8671875], [-123.2474, 45.56205, -12743.130859375], [-123.24459, 45.55755, -13575.208984375]]], [[[-123.3048, 45.66108, -30585.11328125], [-123.30272, 45.65776, -31304.08203125], [-123.30855, 45.66708, -31223.3828125], [-123.3048, 45.66108, -30585.11328125]]], [[[-123.24459, 45.55755, -13575.208984375], [-123.2474, 45.56205, -12743.130859375], [-123.24175, 45.55333, -12759.138671875], [-123.24459, 45.55755, -13575.208984375]]], [[[-123.2849, 45.62802, -5784.751953125], [-123.28722, 45.63195, -4959.06396484375], [-123.28251, 45.62373, -4954.71923828125], [-123.2849, 45.62802, -5784.751953125]]], [[[-123.23349, 45.54068, -11914.693359375], [-123.23852, 45.54902, -11914.625], [-123.23576, 45.54478, -11052.46875], [-123.23349, 45.54068, -11914.693359375]]], [[[-123.23349, 45.54068, -11914.693359375], [-123.23576, 45.54478, -11052.46875], [-123.23085, 45.53685, -11044.9208984375], [-123.23349, 45.54068, -11914.693359375]]], [[[-123.21544, 45.5189, -12421.1396484375], [-123.21643, 45.52049, -11197.626953125], [-123.21154, 45.51208, -11941.3095703125], [-123.21544, 45.5189, -12421.1396484375]]], [[[-123.31306, 45.67471, -16446.640625], [-123.31306, 45.67471, -17460.908203125], [-123.317, 45.682, -16953.775390625], [-123.31306, 45.67471, -16446.640625]]], [[[-123.21544, 45.5189, -12421.1396484375], [-123.21154, 45.51208, -11941.3095703125], [-123.21121, 45.51142, -13001.8701171875], [-123.21544, 45.5189, -12421.1396484375]]], [[[-123.20644, 45.50444, -13503.19140625], [-123.20022, 45.49797, -13001.8701171875], [-123.20022, 45.49797, -14004.513671875], [-123.20644, 45.50444, -13503.19140625]]], [[[-123.22895, 45.53495, -25132.123046875], [-123.22486, 45.53084, -25966.984375], [-123.2322, 45.53836, -26026.353515625], [-123.22895, 45.53495, -25132.123046875]]], [[[-123.2915, 45.6388, -18982.310546875], [-123.29596, 45.64594, -19489.4453125], [-123.29596, 45.64594, -18475.17578125], [-123.2915, 45.6388, -18982.310546875]]], [[[-123.19446, 45.49129, -15508.478515625], [-123.19446, 45.49129, -14505.8349609375], [-123.18928, 45.48437, -15007.1572265625], [-123.19446, 45.49129, -15508.478515625]]], [[[-123.19446, 45.49129, -14505.8349609375], [-123.18928, 45.48437, -14004.513671875], [-123.18928, 45.48437, -15007.1572265625], [-123.19446, 45.49129, -14505.8349609375]]], [[[-123.21137, 45.51174, -10990.734375], [-123.20644, 45.50444, -11497.904296875], [-123.21154, 45.51208, -11941.3095703125], [-123.21137, 45.51174, -10990.734375]]], [[[-123.20644, 45.50444, -11497.904296875], [-123.21137, 45.51174, -10990.734375], [-123.20604, 45.50404, -10498.9326171875], [-123.20644, 45.50444, -11497.904296875]]], [[[-123.2102, 45.50941, -10076.1005859375], [-123.20636, 45.50436, -9363.494140625], [-123.20604, 45.50404, -10498.9326171875], [-123.2102, 45.50941, -10076.1005859375]]], [[[-123.22702, 45.53302, -8454.09765625], [-123.22333, 45.52909, -7590.51416015625], [-123.22005, 45.52535, -8460.126953125], [-123.22702, 45.53302, -8454.09765625]]], [[[-123.23371, 45.54107, -8441.322265625], [-123.22702, 45.53302, -8454.09765625], [-123.23093, 45.53693, -9304.3115234375], [-123.23371, 45.54107, -8441.322265625]]], [[[-123.22183, 45.52738, -25071.732421875], [-123.21624, 45.52019, -24985.630859375], [-123.21811, 45.52313, -25915.451171875], [-123.22183, 45.52738, -25071.732421875]]], [[[-123.24122, 45.55263, -9313.94140625], [-123.24384, 45.55634, -8429.861328125], [-123.23837, 45.54882, -8439.6708984375], [-123.24122, 45.55263, -9313.94140625]]], [[[-123.25405, 45.57289, -10072.328125], [-123.25629, 45.57693, -9194.7158203125], [-123.25144, 45.56851, -9219.96875], [-123.25405, 45.57289, -10072.328125]]], [[[-123.26602, 45.59444, -9166.49609375], [-123.26856, 45.59952, -8384.189453125], [-123.26364, 45.59062, -8367.0703125], [-123.26602, 45.59444, -9166.49609375]]], [[[-123.26092, 45.58584, -9196.2626953125], [-123.26602, 45.59444, -9166.49609375], [-123.26364, 45.59062, -8367.0703125], [-123.26092, 45.58584, -9196.2626953125]]], [[[-123.25629, 45.57693, -9194.7158203125], [-123.26092, 45.58584, -9196.2626953125], [-123.25868, 45.58136, -8338.224609375], [-123.25629, 45.57693, -9194.7158203125]]], [[[-123.22689, 45.53289, -30303.70703125], [-123.22, 45.52528, -30240.072265625], [-123.22292, 45.52863, -31131.2421875], [-123.22689, 45.53289, -30303.70703125]]], [[[-123.24599, 45.55979, -7524.29638671875], [-123.24863, 45.56401, -8375.4384765625], [-123.25103, 45.56784, -7494.92626953125], [-123.24599, 45.55979, -7524.29638671875]]], [[[-123.24583, 45.55952, -5762.57861328125], [-123.25106, 45.5679, -5785.45361328125], [-123.24847, 45.56375, -4915.4345703125], [-123.24583, 45.55952, -5762.57861328125]]], [[[-123.24847, 45.56375, -4915.4345703125], [-123.24616, 45.56006, -4015.966064453125], [-123.24345, 45.55572, -4877.421875], [-123.24847, 45.56375, -4915.4345703125]]], [[[-123.25821, 45.58041, -12832.5751953125], [-123.25458, 45.57384, -11861.03515625], [-123.25312, 45.57121, -12715.275390625], [-123.25821, 45.58041, -12832.5751953125]]], [[[-123.24175, 45.55333, -12759.138671875], [-123.24452, 45.55743, -11891.970703125], [-123.23852, 45.54902, -11914.625], [-123.24175, 45.55333, -12759.138671875]]], [[[-123.22346, 45.52925, -11040.3515625], [-123.22725, 45.53325, -10179.5986328125], [-123.22005, 45.52534, -10201.794921875], [-123.22346, 45.52925, -11040.3515625]]], [[[-123.21643, 45.52049, -11197.626953125], [-123.22346, 45.52925, -11040.3515625], [-123.22005, 45.52534, -10201.794921875], [-123.21643, 45.52049, -11197.626953125]]], [[[-123.21643, 45.52049, -11197.626953125], [-123.21458, 45.51752, -10194.548828125], [-123.21137, 45.51174, -10990.734375], [-123.21643, 45.52049, -11197.626953125]]], [[[-123.21643, 45.52049, -11197.626953125], [-123.21137, 45.51174, -10990.734375], [-123.21154, 45.51208, -11941.3095703125], [-123.21643, 45.52049, -11197.626953125]]], [[[-123.31306, 45.67471, -29632.12109375], [-123.31306, 45.67471, -30646.388671875], [-123.317, 45.682, -30139.255859375], [-123.31306, 45.67471, -29632.12109375]]], [[[-123.2197, 45.52495, -22439.8828125], [-123.21653, 45.52065, -23272.681640625], [-123.22299, 45.52871, -23315.689453125], [-123.2197, 45.52495, -22439.8828125]]], [[[-123.22005, 45.52534, -10201.794921875], [-123.22348, 45.52926, -9323.1220703125], [-123.21701, 45.52141, -9316.6591796875], [-123.22005, 45.52534, -10201.794921875]]], [[[-123.18533, 45.47911, -28076.52734375], [-123.17712, 45.47208, -27933.380859375], [-123.18159, 45.47506, -28924.23046875], [-123.18533, 45.47911, -28076.52734375]]], [[[-123.22725, 45.53325, -10179.5986328125], [-123.23093, 45.53693, -9304.3115234375], [-123.22348, 45.52926, -9323.1220703125], [-123.22725, 45.53325, -10179.5986328125]]], [[[-123.18174, 45.47516, -27080.130859375], [-123.1701, 45.46784, -26879.75], [-123.17712, 45.47208, -27933.380859375], [-123.18174, 45.47516, -27080.130859375]]], [[[-123.2142, 45.51692, -22279.044921875], [-123.21204, 45.51308, -23212.427734375], [-123.21653, 45.52065, -23272.681640625], [-123.2142, 45.51692, -22279.044921875]]], [[[-123.23354, 45.54078, -10178.193359375], [-123.23589, 45.54501, -9320.25390625], [-123.23093, 45.53693, -9304.3115234375], [-123.23354, 45.54078, -10178.193359375]]], [[[-123.21334, 45.51554, -25806.34765625], [-123.21135, 45.51171, -26698.595703125], [-123.21536, 45.51877, -26747.693359375], [-123.21334, 45.51554, -25806.34765625]]], [[[-123.23354, 45.54078, -10178.193359375], [-123.23844, 45.54892, -10194.9443359375], [-123.23589, 45.54501, -9320.25390625], [-123.23354, 45.54078, -10178.193359375]]], [[[-123.16649, 45.46583, -29661.080078125], [-123.1551, 45.4617, -29570.091796875], [-123.16006, 45.46335, -30483.98828125], [-123.16649, 45.46583, -29661.080078125]]], [[[-123.21334, 45.51554, -25806.34765625], [-123.21536, 45.51877, -26747.693359375], [-123.21811, 45.52313, -25915.451171875], [-123.21334, 45.51554, -25806.34765625]]], [[[-123.22348, 45.52926, -9323.1220703125], [-123.22702, 45.53302, -8454.09765625], [-123.22005, 45.52535, -8460.126953125], [-123.22348, 45.52926, -9323.1220703125]]], [[[-123.21701, 45.52141, -9316.6591796875], [-123.22348, 45.52926, -9323.1220703125], [-123.22005, 45.52535, -8460.126953125], [-123.21701, 45.52141, -9316.6591796875]]], [[[-123.15772, 45.46257, -28002.30078125], [-123.14885, 45.45911, -27540.201171875], [-123.14918, 45.45927, -28612.76953125], [-123.15772, 45.46257, -28002.30078125]]], [[[-123.21701, 45.52141, -9316.6591796875], [-123.22005, 45.52535, -8460.126953125], [-123.21461, 45.51758, -8441.4638671875], [-123.21701, 45.52141, -9316.6591796875]]], [[[-123.22299, 45.52871, -23315.689453125], [-123.2193, 45.52449, -24146.26953125], [-123.2256, 45.5316, -24236.75], [-123.22299, 45.52871, -23315.689453125]]], [[[-123.24691, 45.56125, -11001.2392578125], [-123.24926, 45.56501, -10115.138671875], [-123.24413, 45.55681, -10163.4521484375], [-123.24691, 45.56125, -11001.2392578125]]], [[[-123.24969, 45.56571, -11878.990234375], [-123.25191, 45.56926, -10969.01171875], [-123.24691, 45.56125, -11001.2392578125], [-123.24969, 45.56571, -11878.990234375]]], [[[-123.18873, 45.48364, -27272.0546875], [-123.19134, 45.48712, -28164.466796875], [-123.19469, 45.49159, -27333.794921875], [-123.18873, 45.48364, -27272.0546875]]], [[[-123.19763, 45.49501, -28229.78125], [-123.19134, 45.48712, -28164.466796875], [-123.19397, 45.49062, -29068.0234375], [-123.19763, 45.49501, -28229.78125]]], [[[-123.25191, 45.56926, -10969.01171875], [-123.25405, 45.57289, -10072.328125], [-123.24926, 45.56501, -10115.138671875], [-123.25191, 45.56926, -10969.01171875]]], [[[-123.24926, 45.56501, -10115.138671875], [-123.2465, 45.5606, -9281.84765625], [-123.24413, 45.55681, -10163.4521484375], [-123.24926, 45.56501, -10115.138671875]]], [[[-123.23371, 45.54107, -8441.322265625], [-123.23837, 45.54882, -8439.6708984375], [-123.23593, 45.54507, -7556.02099609375], [-123.23371, 45.54107, -8441.322265625]]], [[[-123.3, 45.6532, -27096.453125], [-123.29563, 45.64542, -26655.61328125], [-123.29572, 45.64555, -27661.56640625], [-123.3, 45.6532, -27096.453125]]], [[[-123.22109, 45.52653, -26801.099609375], [-123.21536, 45.51877, -26747.693359375], [-123.2175, 45.52219, -27636.716796875], [-123.22109, 45.52653, -26801.099609375]]], [[[-123.22684, 45.53284, -6734.47607421875], [-123.23081, 45.53681, -7585.6494140625], [-123.23353, 45.54075, -6705.4609375], [-123.22684, 45.53284, -6734.47607421875]]], [[[-123.2197, 45.52495, -22439.8828125], [-123.22299, 45.52871, -23315.689453125], [-123.2269, 45.5329, -22488.150390625], [-123.2197, 45.52495, -22439.8828125]]], [[[-123.22333, 45.52909, -7590.51416015625], [-123.23081, 45.53681, -7585.6494140625], [-123.22684, 45.53284, -6734.47607421875], [-123.22333, 45.52909, -7590.51416015625]]], [[[-123.21536, 45.51877, -26747.693359375], [-123.21293, 45.51485, -27593.845703125], [-123.2175, 45.52219, -27636.716796875], [-123.21536, 45.51877, -26747.693359375]]], [[[-123.18605, 45.48007, -26369.6484375], [-123.18328, 45.47638, -25596.052734375], [-123.17664, 45.47176, -26166.423828125], [-123.18605, 45.48007, -26369.6484375]]], [[[-123.20624, 45.50424, -24887.037109375], [-123.19852, 45.49602, -24740.017578125], [-123.20249, 45.50049, -25713.466796875], [-123.20624, 45.50424, -24887.037109375]]], [[[-123.21251, 45.51402, -7540.6767578125], [-123.21506, 45.51829, -6669.1328125], [-123.21051, 45.51003, -6674.44873046875], [-123.21251, 45.51402, -7540.6767578125]]], [[[-123.20729, 45.50529, -7611.1650390625], [-123.2099, 45.50879, -8457.978515625], [-123.21251, 45.51402, -7540.6767578125], [-123.20729, 45.50529, -7611.1650390625]]], [[[-123.2099, 45.50879, -8457.978515625], [-123.20729, 45.50529, -7611.1650390625], [-123.20157, 45.49951, -8631.22265625], [-123.2099, 45.50879, -8457.978515625]]], [[[-123.2269, 45.5329, -22488.150390625], [-123.22978, 45.53578, -23405.158203125], [-123.23324, 45.54024, -22573.982421875], [-123.2269, 45.5329, -22488.150390625]]], [[[-123.20003, 45.49775, -7607.220703125], [-123.20157, 45.49951, -8631.22265625], [-123.20729, 45.50529, -7611.1650390625], [-123.20003, 45.49775, -7607.220703125]]], [[[-123.21367, 45.51608, -24128.291015625], [-123.21624, 45.52019, -24985.630859375], [-123.2193, 45.52449, -24146.26953125], [-123.21367, 45.51608, -24128.291015625]]], [[[-123.20157, 45.49951, -8631.22265625], [-123.20003, 45.49775, -7607.220703125], [-123.19471, 45.49162, -8451.03515625], [-123.20157, 45.49951, -8631.22265625]]], [[[-123.14506, 45.45739, -29549.76171875], [-123.13849, 45.45366, -30256.357421875], [-123.14873, 45.45906, -30393.658203125], [-123.14506, 45.45739, -29549.76171875]]], [[[-123.19471, 45.49162, -8451.03515625], [-123.19485, 45.4918, -9426.0859375], [-123.20157, 45.49951, -8631.22265625], [-123.19471, 45.49162, -8451.03515625]]], [[[-123.17712, 45.47208, -27933.380859375], [-123.16783, 45.46657, -27897.326171875], [-123.17221, 45.469, -28838.201171875], [-123.17712, 45.47208, -27933.380859375]]], [[[-123.19485, 45.4918, -9426.0859375], [-123.18928, 45.48437, -8991.2958984375], [-123.18928, 45.48437, -9993.939453125], [-123.19485, 45.4918, -9426.0859375]]], [[[-123.21653, 45.52065, -23272.681640625], [-123.21367, 45.51608, -24128.291015625], [-123.2193, 45.52449, -24146.26953125], [-123.21653, 45.52065, -23272.681640625]]], [[[-123.31306, 45.67471, -17460.908203125], [-123.31306, 45.67471, -18475.17578125], [-123.317, 45.682, -17968.04296875], [-123.31306, 45.67471, -17460.908203125]]], [[[-123.19446, 45.49129, -10495.2607421875], [-123.18928, 45.48437, -9993.939453125], [-123.18928, 45.48437, -10996.5830078125], [-123.19446, 45.49129, -10495.2607421875]]], [[[-123.14885, 45.45911, -27540.201171875], [-123.13986, 45.45457, -28041.5234375], [-123.14918, 45.45927, -28612.76953125], [-123.14885, 45.45911, -27540.201171875]]], [[[-123.2256, 45.5316, -24236.75], [-123.22183, 45.52738, -25071.732421875], [-123.22895, 45.53495, -25132.123046875], [-123.2256, 45.5316, -24236.75]]], [[[-123.18928, 45.48437, -9993.939453125], [-123.18409, 45.47746, -10495.2607421875], [-123.18928, 45.48437, -10996.5830078125], [-123.18928, 45.48437, -9993.939453125]]], [[[-123.18928, 45.48437, -9993.939453125], [-123.18409, 45.47746, -9492.6171875], [-123.18409, 45.47746, -10495.2607421875], [-123.18928, 45.48437, -9993.939453125]]], [[[-123.18928, 45.48437, -8991.2958984375], [-123.18409, 45.47746, -9492.6171875], [-123.18928, 45.48437, -9993.939453125], [-123.18928, 45.48437, -8991.2958984375]]], [[[-123.18928, 45.48437, -8991.2958984375], [-123.18409, 45.47746, -8489.9736328125], [-123.18409, 45.47746, -9492.6171875], [-123.18928, 45.48437, -8991.2958984375]]], [[[-123.16649, 45.46583, -29661.080078125], [-123.16006, 45.46335, -30483.98828125], [-123.17075, 45.4682, -30571.13671875], [-123.16649, 45.46583, -29661.080078125]]], [[[-123.18908, 45.48411, -7986.06884765625], [-123.18409, 45.47746, -8489.9736328125], [-123.18928, 45.48437, -8991.2958984375], [-123.18908, 45.48411, -7986.06884765625]]], [[[-123.18908, 45.48411, -7986.06884765625], [-123.18422, 45.47763, -7394.81494140625], [-123.18409, 45.47746, -8489.9736328125], [-123.18908, 45.48411, -7986.06884765625]]], [[[-123.15772, 45.46257, -28002.30078125], [-123.14918, 45.45927, -28612.76953125], [-123.1617, 45.4639, -28781.93359375], [-123.15772, 45.46257, -28002.30078125]]], [[[-123.19352, 45.49002, -7530.919921875], [-123.1894, 45.48453, -6868.27734375], [-123.18908, 45.48411, -7986.06884765625], [-123.19352, 45.49002, -7530.919921875]]], [[[-123.25555, 45.57558, -27157.52734375], [-123.25287, 45.5708, -27983.40625], [-123.25761, 45.57929, -28058.91015625], [-123.25555, 45.57558, -27157.52734375]]], [[[-123.31306, 45.67471, -12389.5703125], [-123.317, 45.682, -12896.7041015625], [-123.317, 45.682, -11882.4365234375], [-123.31306, 45.67471, -12389.5703125]]], [[[-123.1894, 45.48453, -6868.27734375], [-123.19352, 45.49002, -7530.919921875], [-123.19643, 45.49364, -6742.55078125], [-123.1894, 45.48453, -6868.27734375]]], [[[-123.24868, 45.56408, -24466.82421875], [-123.25101, 45.56782, -25366.3203125], [-123.25384, 45.57251, -24531.447265625], [-123.24868, 45.56408, -24466.82421875]]], [[[-123.25384, 45.57251, -24531.447265625], [-123.2565, 45.57729, -23706.888671875], [-123.25158, 45.56873, -23634.845703125], [-123.25384, 45.57251, -24531.447265625]]], [[[-123.19471, 45.49162, -8451.03515625], [-123.19352, 45.49002, -7530.919921875], [-123.18908, 45.48411, -7986.06884765625], [-123.19471, 45.49162, -8451.03515625]]], [[[-123.19471, 45.49162, -8451.03515625], [-123.18908, 45.48411, -7986.06884765625], [-123.18928, 45.48437, -8991.2958984375], [-123.19471, 45.49162, -8451.03515625]]], [[[-123.24809, 45.56315, -26201.734375], [-123.25047, 45.56696, -27091.421875], [-123.25339, 45.5717, -26260.203125], [-123.24809, 45.56315, -26201.734375]]], [[[-123.20003, 45.49775, -7607.220703125], [-123.20397, 45.50197, -6686.59326171875], [-123.19643, 45.49364, -6742.55078125], [-123.20003, 45.49775, -7607.220703125]]], [[[-123.25339, 45.5717, -26260.203125], [-123.25101, 45.56782, -25366.3203125], [-123.24809, 45.56315, -26201.734375], [-123.25339, 45.5717, -26260.203125]]], [[[-123.20003, 45.49775, -7607.220703125], [-123.20729, 45.50529, -7611.1650390625], [-123.20397, 45.50197, -6686.59326171875], [-123.20003, 45.49775, -7607.220703125]]], [[[-123.20729, 45.50529, -7611.1650390625], [-123.21051, 45.51003, -6674.44873046875], [-123.20397, 45.50197, -6686.59326171875], [-123.20729, 45.50529, -7611.1650390625]]], [[[-123.16783, 45.46657, -27897.326171875], [-123.15772, 45.46257, -28002.30078125], [-123.1617, 45.4639, -28781.93359375], [-123.16783, 45.46657, -27897.326171875]]], [[[-123.18409, 45.47746, -9492.6171875], [-123.18409, 45.47746, -8489.9736328125], [-123.17664, 45.47176, -8991.2958984375], [-123.18409, 45.47746, -9492.6171875]]], [[[-123.17712, 45.47208, -27933.380859375], [-123.17221, 45.469, -28838.201171875], [-123.18159, 45.47506, -28924.23046875], [-123.17712, 45.47208, -27933.380859375]]], [[[-123.18409, 45.47746, -10495.2607421875], [-123.18409, 45.47746, -9492.6171875], [-123.17664, 45.47176, -9993.939453125], [-123.18409, 45.47746, -10495.2607421875]]], [[[-123.18917, 45.48423, -25482.845703125], [-123.18605, 45.48007, -26369.6484375], [-123.19206, 45.48808, -26444.640625], [-123.18917, 45.48423, -25482.845703125]]], [[[-123.20604, 45.50404, -10498.9326171875], [-123.20636, 45.50436, -9363.494140625], [-123.20033, 45.49809, -9894.591796875], [-123.20604, 45.50404, -10498.9326171875]]], [[[-123.21154, 45.51208, -11941.3095703125], [-123.20644, 45.50444, -12500.5478515625], [-123.21121, 45.51142, -13001.8701171875], [-123.21154, 45.51208, -11941.3095703125]]], [[[-123.1551, 45.4617, -29570.091796875], [-123.14873, 45.45906, -30393.658203125], [-123.16006, 45.46335, -30483.98828125], [-123.1551, 45.4617, -29570.091796875]]], [[[-123.19206, 45.48808, -26444.640625], [-123.18873, 45.48364, -27272.0546875], [-123.19469, 45.49159, -27333.794921875], [-123.19206, 45.48808, -26444.640625]]], [[[-123.25848, 45.58096, -14925.2392578125], [-123.26219, 45.58831, -15432.3740234375], [-123.26219, 45.58831, -14418.10546875], [-123.25848, 45.58096, -14925.2392578125]]], [[[-123.25848, 45.58096, -15939.5078125], [-123.26219, 45.58831, -16446.640625], [-123.26219, 45.58831, -15432.3740234375], [-123.25848, 45.58096, -15939.5078125]]], [[[-123.17631, 45.47154, -29743.03125], [-123.16649, 45.46583, -29661.080078125], [-123.17075, 45.4682, -30571.13671875], [-123.17631, 45.47154, -29743.03125]]], [[[-123.25848, 45.58096, -16953.775390625], [-123.26219, 45.58831, -16446.640625], [-123.25848, 45.58096, -15939.5078125], [-123.25848, 45.58096, -16953.775390625]]], [[[-123.25848, 45.58096, -16953.775390625], [-123.26219, 45.58831, -17460.908203125], [-123.26219, 45.58831, -16446.640625], [-123.25848, 45.58096, -16953.775390625]]], [[[-123.25848, 45.58096, -17968.04296875], [-123.26219, 45.58831, -17460.908203125], [-123.25848, 45.58096, -16953.775390625], [-123.25848, 45.58096, -17968.04296875]]], [[[-123.22978, 45.53578, -23405.158203125], [-123.22299, 45.52871, -23315.689453125], [-123.2256, 45.5316, -24236.75], [-123.22978, 45.53578, -23405.158203125]]], [[[-123.25848, 45.58096, -17968.04296875], [-123.26219, 45.58831, -18475.17578125], [-123.26219, 45.58831, -17460.908203125], [-123.25848, 45.58096, -17968.04296875]]], [[[-123.18917, 45.48423, -25482.845703125], [-123.19206, 45.48808, -26444.640625], [-123.19529, 45.49233, -25570.6953125], [-123.18917, 45.48423, -25482.845703125]]], [[[-123.25846, 45.58093, -19008.06640625], [-123.26219, 45.58831, -18475.17578125], [-123.25848, 45.58096, -17968.04296875], [-123.25846, 45.58093, -19008.06640625]]], [[[-123.25846, 45.58093, -19008.06640625], [-123.26201, 45.58801, -19512.201171875], [-123.26219, 45.58831, -18475.17578125], [-123.25846, 45.58093, -19008.06640625]]], [[[-123.2175, 45.52219, -27636.716796875], [-123.22043, 45.52578, -28529.322265625], [-123.22417, 45.53006, -27694.728515625], [-123.2175, 45.52219, -27636.716796875]]], [[[-123.31306, 45.67471, -13403.837890625], [-123.317, 45.682, -13910.9716796875], [-123.317, 45.682, -12896.7041015625], [-123.31306, 45.67471, -13403.837890625]]], [[[-123.25476, 45.57417, -19455.814453125], [-123.25787, 45.57977, -20171.314453125], [-123.25846, 45.58093, -19008.06640625], [-123.25476, 45.57417, -19455.814453125]]], [[[-123.25787, 45.57977, -20171.314453125], [-123.25493, 45.57447, -21076.552734375], [-123.25977, 45.58354, -21150.947265625], [-123.25787, 45.57977, -20171.314453125]]], [[[-123.26216, 45.58825, -20468.548828125], [-123.25787, 45.57977, -20171.314453125], [-123.25977, 45.58354, -21150.947265625], [-123.26216, 45.58825, -20468.548828125]]], [[[-123.25787, 45.57977, -20171.314453125], [-123.26216, 45.58825, -20468.548828125], [-123.26201, 45.58801, -19512.201171875], [-123.25787, 45.57977, -20171.314453125]]], [[[-123.26665, 45.59545, -19996.578125], [-123.26201, 45.58801, -19512.201171875], [-123.26216, 45.58825, -20468.548828125], [-123.26665, 45.59545, -19996.578125]]], [[[-123.26219, 45.58831, -18475.17578125], [-123.26665, 45.59545, -18982.310546875], [-123.26665, 45.59545, -17968.04296875], [-123.26219, 45.58831, -18475.17578125]]], [[[-123.26665, 45.59545, -12896.7041015625], [-123.26219, 45.58831, -13403.837890625], [-123.26665, 45.59545, -13910.9716796875], [-123.26665, 45.59545, -12896.7041015625]]], [[[-123.26665, 45.59545, -13910.9716796875], [-123.27005, 45.60286, -14418.10546875], [-123.27005, 45.60286, -13403.837890625], [-123.26665, 45.59545, -13910.9716796875]]], [[[-123.27005, 45.60286, -11375.302734375], [-123.27418, 45.61009, -11882.4365234375], [-123.27418, 45.61009, -10868.1689453125], [-123.27005, 45.60286, -11375.302734375]]], [[[-123.27418, 45.61009, -13910.9716796875], [-123.27864, 45.61723, -14418.10546875], [-123.27864, 45.61723, -13403.837890625], [-123.27418, 45.61009, -13910.9716796875]]], [[[-123.27401, 45.60981, -23052.248046875], [-123.27868, 45.61729, -23544.681640625], [-123.27864, 45.61723, -22532.248046875], [-123.27401, 45.60981, -23052.248046875]]], [[[-123.27864, 45.61723, -21517.98046875], [-123.27864, 45.61723, -22532.248046875], [-123.2829, 45.62443, -22025.11328125], [-123.27864, 45.61723, -21517.98046875]]], [[[-123.2829, 45.62443, -18982.310546875], [-123.27864, 45.61723, -18475.17578125], [-123.27864, 45.61723, -19489.4453125], [-123.2829, 45.62443, -18982.310546875]]], [[[-123.27864, 45.61723, -11375.302734375], [-123.2829, 45.62443, -11882.4365234375], [-123.2829, 45.62443, -10868.1689453125], [-123.27864, 45.61723, -11375.302734375]]], [[[-123.27415, 45.61003, -9796.69921875], [-123.27843, 45.61689, -9311.2548828125], [-123.27353, 45.60904, -8558.697265625], [-123.27415, 45.61003, -9796.69921875]]], [[[-123.27353, 45.60904, -8558.697265625], [-123.27864, 45.61723, -8332.5], [-123.27483, 45.61112, -7539.56884765625], [-123.27353, 45.60904, -8558.697265625]]], [[[-123.26644, 45.59511, -7521.9677734375], [-123.27042, 45.6037, -7537.52490234375], [-123.26842, 45.59919, -6644.92529296875], [-123.26644, 45.59511, -7521.9677734375]]], [[[-123.26112, 45.58624, -7510.57958984375], [-123.26644, 45.59511, -7521.9677734375], [-123.26376, 45.59082, -6668.2666015625], [-123.26112, 45.58624, -7510.57958984375]]], [[[-123.25636, 45.57705, -5814.07958984375], [-123.26119, 45.58638, -5818.07080078125], [-123.25891, 45.58182, -4981.75439453125], [-123.25636, 45.57705, -5814.07958984375]]], [[[-123.26098, 45.58596, -4104.28076171875], [-123.26599, 45.59438, -4050.1533203125], [-123.26308, 45.58973, -3217.578857421875], [-123.26098, 45.58596, -4104.28076171875]]], [[[-123.25875, 45.58149, -3260.612060546875], [-123.25653, 45.57735, -2394.07958984375], [-123.25425, 45.57326, -3262.61376953125], [-123.25875, 45.58149, -3260.612060546875]]], [[[-123.28494, 45.62809, -2284.3447265625], [-123.28714, 45.63183, -3189.524658203125], [-123.28954, 45.63567, -2331.364501953125], [-123.28494, 45.62809, -2284.3447265625]]], [[[-123.26062, 45.58525, -2367.786865234375], [-123.26574, 45.59399, -2357.404541015625], [-123.26301, 45.58961, -1504.553466796875], [-123.26062, 45.58525, -2367.786865234375]]], [[[-123.25653, 45.57735, -2394.07958984375], [-123.25856, 45.58113, -1499.63916015625], [-123.2544, 45.57352, -1499.1343994140625], [-123.25653, 45.57735, -2394.07958984375]]], [[[-123.25206, 45.56949, -2368.0419921875], [-123.25425, 45.57326, -3262.61376953125], [-123.25653, 45.57735, -2394.07958984375], [-123.25206, 45.56949, -2368.0419921875]]], [[[-123.2544, 45.57352, -1499.1343994140625], [-123.25209, 45.56955, -638.432373046875], [-123.24935, 45.56516, -1505.4696044921875], [-123.2544, 45.57352, -1499.1343994140625]]], [[[-123.2829, 45.62443, -11882.4365234375], [-123.28704, 45.63166, -12389.5703125], [-123.28704, 45.63166, -11375.302734375], [-123.2829, 45.62443, -11882.4365234375]]], [[[-123.2829, 45.62443, -12896.7041015625], [-123.28704, 45.63166, -13403.837890625], [-123.28704, 45.63166, -12389.5703125], [-123.2829, 45.62443, -12896.7041015625]]], [[[-123.2915, 45.6388, -12896.7041015625], [-123.28704, 45.63166, -12389.5703125], [-123.28704, 45.63166, -13403.837890625], [-123.2915, 45.6388, -12896.7041015625]]], [[[-123.27864, 45.61723, -10361.03515625], [-123.2829, 45.62443, -9853.9013671875], [-123.27843, 45.61689, -9311.2548828125], [-123.27864, 45.61723, -10361.03515625]]], [[[-123.2915, 45.6388, -8839.6337890625], [-123.28704, 45.63166, -9346.767578125], [-123.2915, 45.6388, -9853.9013671875], [-123.2915, 45.6388, -8839.6337890625]]], [[[-123.287, 45.6316, -7313.89794921875], [-123.2915, 45.6388, -7825.36572265625], [-123.2915, 45.6388, -6811.09814453125], [-123.287, 45.6316, -7313.89794921875]]], [[[-123.28025, 45.6198, -5830.09912109375], [-123.2849, 45.62802, -5784.751953125], [-123.28251, 45.62373, -4954.71923828125], [-123.28025, 45.6198, -5830.09912109375]]], [[[-123.27017, 45.60313, -4053.857177734375], [-123.27279, 45.60787, -3222.42578125], [-123.26822, 45.59875, -3187.02685546875], [-123.27017, 45.60313, -4053.857177734375]]], [[[-123.25035, 45.56676, -19266.169921875], [-123.25266, 45.57045, -20205.814453125], [-123.25476, 45.57417, -19455.814453125], [-123.25035, 45.56676, -19266.169921875]]], [[[-123.24925, 45.56501, -22732.826171875], [-123.25439, 45.5735, -22806.97265625], [-123.25222, 45.56975, -21906.12890625], [-123.24925, 45.56501, -22732.826171875]]], [[[-123.30436, 45.66037, -21517.98046875], [-123.30436, 45.66037, -22532.248046875], [-123.30882, 45.66751, -22025.11328125], [-123.30436, 45.66037, -21517.98046875]]], [[[-123.30882, 45.66751, -29124.98828125], [-123.31306, 45.67471, -29632.12109375], [-123.31306, 45.67471, -28617.853515625], [-123.30882, 45.66751, -29124.98828125]]], [[[-123.30855, 45.66708, -31223.3828125], [-123.30272, 45.65776, -31304.08203125], [-123.30516, 45.66166, -32142.361328125], [-123.30855, 45.66708, -31223.3828125]]], [[[-123.26701, 45.59603, -28192.58984375], [-123.26874, 45.59992, -29087.2578125], [-123.27088, 45.60473, -28253.326171875], [-123.26701, 45.59603, -28192.58984375]]], [[[-123.26874, 45.59992, -29087.2578125], [-123.26644, 45.5951, -29919.865234375], [-123.2705, 45.60387, -29983.3828125], [-123.26874, 45.59992, -29087.2578125]]], [[[-123.31306, 45.67471, -30646.388671875], [-123.317, 45.682, -31153.5234375], [-123.317, 45.682, -30139.255859375], [-123.31306, 45.67471, -30646.388671875]]], [[[-123.31306, 45.67471, -26589.318359375], [-123.317, 45.682, -27096.453125], [-123.317, 45.682, -26082.185546875], [-123.31306, 45.67471, -26589.318359375]]], [[[-123.31306, 45.67471, -24560.783203125], [-123.31306, 45.67471, -25575.05078125], [-123.317, 45.682, -25067.916015625], [-123.31306, 45.67471, -24560.783203125]]], [[[-123.22, 45.52528, -30240.072265625], [-123.21435, 45.51716, -30191.130859375], [-123.21668, 45.52089, -31063.232421875], [-123.22, 45.52528, -30240.072265625]]], [[[-123.18533, 45.47911, -28076.52734375], [-123.18159, 45.47506, -28924.23046875], [-123.18798, 45.48264, -28997.103515625], [-123.18533, 45.47911, -28076.52734375]]], [[[-123.17631, 45.47154, -29743.03125], [-123.17221, 45.469, -28838.201171875], [-123.16649, 45.46583, -29661.080078125], [-123.17631, 45.47154, -29743.03125]]], [[[-123.14918, 45.45927, -28612.76953125], [-123.14506, 45.45739, -29549.76171875], [-123.1551, 45.4617, -29570.091796875], [-123.14918, 45.45927, -28612.76953125]]], [[[-123.30882, 45.66751, -7825.36572265625], [-123.31306, 45.67471, -8332.5], [-123.31306, 45.67471, -7318.23193359375], [-123.30882, 45.66751, -7825.36572265625]]], [[[-123.31306, 45.67471, -4275.4287109375], [-123.317, 45.682, -4782.5625], [-123.317, 45.682, -3768.294921875], [-123.31306, 45.67471, -4275.4287109375]]], [[[-123.30793, 45.66608, -1583.012939453125], [-123.31299, 45.67459, -1140.3167724609375], [-123.30981, 45.66909, -614.6045532226562], [-123.30793, 45.66608, -1583.012939453125]]]]}}]}