{"type": "FeatureCollection", "features": [{"type": "Feature", "properties": {"name": "Hite (Thorn Hollow)", "CFM_ID": 78, "region": "Backarc_OR", "primary_state/province": "OR", "secondary_state/province": null, "avg_dip": 85, "dip_dir": "NW", "rake": -20, "slip_sense": "Sinistral and Normal", "fault_level": 1, "NSHM23_sliprates": null, "QFFDAgeCatBin": "late Quaternary", "QFFDAgeBin": "<130,000", "upper_depth": 1.1, "upper_depth_constraint": "topography", "lower_depth": -17.9, "lower_depth_constraint": "SDL", "3D_model_constraints": "trace extended at constant dip", "reference": "USGS QFFD", "nshm23_id": null, "lineage": null, "usgs_qffd_#": "845c", "comments": null, "id": "78"}, "geometry": {"type": "MultiPolygon", "coordinates": [[[[-118.57434, 45.51183, -6781.45654296875], [-118.57686, 45.50543, -6290.92431640625], [-118.5732, 45.5117, -5773.5244140625], [-118.57434, 45.51183, -6781.45654296875]]], [[[-118.49261, 45.64568, -9267.34765625], [-118.48738, 45.65359, -9445.705078125], [-118.49123, 45.64905, -10254.7431640625], [-118.49261, 45.64568, -9267.34765625]]], [[[-118.4897, 45.65312, -11166.4892578125], [-118.49315, 45.64946, -12071.78515625], [-118.49564, 45.64468, -11113.6337890625], [-118.4897, 45.65312, -11166.4892578125]]], [[[-118.56761, 45.51761, -5353.55419921875], [-118.57193, 45.5119, -4796.18603515625], [-118.56621, 45.51759, -4259.3173828125], [-118.56761, 45.51761, -5353.55419921875]]], [[[-118.47678, 45.67156, -6362.7939453125], [-118.48011, 45.66919, -6828.88525390625], [-118.48027, 45.66651, -6210.283203125], [-118.47678, 45.67156, -6362.7939453125]]], [[[-118.58328, 45.51244, -14516.6533203125], [-118.58323, 45.51435, -15341.478515625], [-118.58674, 45.50723, -15270.7646484375], [-118.58328, 45.51244, -14516.6533203125]]], [[[-118.48038, 45.66048, -6274.91064453125], [-118.4828, 45.65412, -5862.94140625], [-118.47975, 45.6616, -5699.9384765625], [-118.48038, 45.66048, -6274.91064453125]]], [[[-118.49349, 45.63618, -5814.03955078125], [-118.49527, 45.63193, -4846.2568359375], [-118.49054, 45.64044, -4883.98095703125], [-118.49349, 45.63618, -5814.03955078125]]], [[[-118.48079, 45.66446, -6676.68603515625], [-118.48038, 45.66048, -6274.91064453125], [-118.48027, 45.66651, -6210.283203125], [-118.48079, 45.66446, -6676.68603515625]]], [[[-118.57434, 45.51183, -6781.45654296875], [-118.57797, 45.50563, -7301.4716796875], [-118.57686, 45.50543, -6290.92431640625], [-118.57434, 45.51183, -6781.45654296875]]], [[[-118.48354, 45.65893, -8653.6376953125], [-118.48439, 45.65927, -9548.2001953125], [-118.48738, 45.65359, -9445.705078125], [-118.48354, 45.65893, -8653.6376953125]]], [[[-118.477, 45.66899, -4265.86376953125], [-118.47573, 45.67057, -4678.14453125], [-118.47795, 45.66912, -5112.3623046875], [-118.477, 45.66899, -4265.86376953125]]], [[[-118.42184, 45.82409, -14778.5361328125], [-118.42239, 45.82844, -15727.12109375], [-118.4238, 45.8195, -15701.080078125], [-118.42184, 45.82409, -14778.5361328125]]], [[[-118.56168, 45.52476, -4859.54638671875], [-118.563, 45.52465, -5892.15283203125], [-118.56761, 45.51761, -5353.55419921875], [-118.56168, 45.52476, -4859.54638671875]]], [[[-118.48738, 45.65359, -9445.705078125], [-118.49261, 45.64568, -9267.34765625], [-118.4874, 45.65156, -8555.8173828125], [-118.48738, 45.65359, -9445.705078125]]], [[[-118.47975, 45.6616, -5699.9384765625], [-118.4828, 45.65412, -5862.94140625], [-118.47968, 45.65798, -4943.44189453125], [-118.47975, 45.6616, -5699.9384765625]]], [[[-118.5798, 45.51759, -14715.333984375], [-118.58323, 45.51435, -15341.478515625], [-118.58328, 45.51244, -14516.6533203125], [-118.5798, 45.51759, -14715.333984375]]], [[[-118.48011, 45.66919, -6828.88525390625], [-118.48144, 45.66865, -7375.23583984375], [-118.4814, 45.66305, -7237.34521484375], [-118.48011, 45.66919, -6828.88525390625]]], [[[-118.49722, 45.63237, -6725.615234375], [-118.50396, 45.62508, -6741.04296875], [-118.5001, 45.62836, -5770.28515625], [-118.49722, 45.63237, -6725.615234375]]], [[[-118.53568, 45.57372, -11218.5966796875], [-118.53868, 45.56902, -12125.1728515625], [-118.54013, 45.56521, -11139.662109375], [-118.53568, 45.57372, -11218.5966796875]]], [[[-118.56154, 45.51677, -31.69292449951172], [-118.55756, 45.51979, 970.0731811523438], [-118.55664, 45.52348, -59.03456497192383], [-118.56154, 45.51677, -31.69292449951172]]], [[[-118.46971, 45.67937, -5791.46240234375], [-118.4658, 45.68803, -5866.029296875], [-118.46866, 45.68378, -6726.5], [-118.46971, 45.67937, -5791.46240234375]]], [[[-118.48826, 45.64583, -5825.1298828125], [-118.49349, 45.63618, -5814.03955078125], [-118.49054, 45.64044, -4883.98095703125], [-118.48826, 45.64583, -5825.1298828125]]], [[[-118.5798, 45.51759, -14715.333984375], [-118.57778, 45.52051, -15397.611328125], [-118.58323, 45.51435, -15341.478515625], [-118.5798, 45.51759, -14715.333984375]]], [[[-118.57357, 45.51813, -10334.9287109375], [-118.57257, 45.51776, -9277.693359375], [-118.56754, 45.52493, -9792.7763671875], [-118.57357, 45.51813, -10334.9287109375]]], [[[-118.48222, 45.6574, -6800.16796875], [-118.48038, 45.66048, -6274.91064453125], [-118.48079, 45.66446, -6676.68603515625], [-118.48222, 45.6574, -6800.16796875]]], [[[-118.50836, 45.61827, -6772.18310546875], [-118.50526, 45.62116, -5752.22802734375], [-118.50396, 45.62508, -6741.04296875], [-118.50836, 45.61827, -6772.18310546875]]], [[[-118.52403, 45.59903, -11441.5087890625], [-118.52415, 45.59516, -10437.919921875], [-118.52156, 45.6036, -10499.8994140625], [-118.52403, 45.59903, -11441.5087890625]]], [[[-118.56979, 45.51801, -7333.62451171875], [-118.57434, 45.51183, -6781.45654296875], [-118.56922, 45.51723, -6299.7216796875], [-118.56979, 45.51801, -7333.62451171875]]], [[[-118.46317, 45.69715, -7793.3798828125], [-118.46827, 45.68733, -7703.6650390625], [-118.46484, 45.69256, -6810.73681640625], [-118.46317, 45.69715, -7793.3798828125]]], [[[-118.48222, 45.6574, -6800.16796875], [-118.48596, 45.65028, -6713.09033203125], [-118.4828, 45.65412, -5862.94140625], [-118.48222, 45.6574, -6800.16796875]]], [[[-118.41267, 45.8857, -3629.952880859375], [-118.41443, 45.89456, -4060.2197265625], [-118.41373, 45.88613, -4593.51318359375], [-118.41267, 45.8857, -3629.952880859375]]], [[[-118.4741, 45.6788, -9287.6533203125], [-118.47161, 45.68204, -8563.8095703125], [-118.47098, 45.68644, -9687.1611328125], [-118.4741, 45.6788, -9287.6533203125]]], [[[-118.41275, 45.87782, -5103.54833984375], [-118.41373, 45.88613, -4593.51318359375], [-118.41476, 45.88646, -5543.8779296875], [-118.41275, 45.87782, -5103.54833984375]]], [[[-118.5798, 45.51759, -14715.333984375], [-118.57373, 45.52422, -14577.9912109375], [-118.57778, 45.52051, -15397.611328125], [-118.5798, 45.51759, -14715.333984375]]], [[[-118.50176, 45.62475, -4780.71728515625], [-118.49734, 45.62866, -3850.150390625], [-118.49527, 45.63193, -4846.2568359375], [-118.50176, 45.62475, -4780.71728515625]]], [[[-118.4897, 45.65312, -11166.4892578125], [-118.4881, 45.65799, -11942.1484375], [-118.49315, 45.64946, -12071.78515625], [-118.4897, 45.65312, -11166.4892578125]]], [[[-118.48596, 45.65028, -6713.09033203125], [-118.48886, 45.6478, -7543.59375], [-118.49194, 45.64208, -6653.703125], [-118.48596, 45.65028, -6713.09033203125]]], [[[-118.47843, 45.6755, -11089.318359375], [-118.48283, 45.67199, -11372.6484375], [-118.48213, 45.67178, -10653.4541015625], [-118.47843, 45.6755, -11089.318359375]]], [[[-118.4785, 45.66493, -4550.19970703125], [-118.47806, 45.66017, -4120.53857421875], [-118.47779, 45.66555, -3900.52197265625], [-118.4785, 45.66493, -4550.19970703125]]], [[[-118.5563, 45.54401, -11856.1376953125], [-118.55021, 45.55274, -11950.6962890625], [-118.55417, 45.54845, -12855.435546875], [-118.5563, 45.54401, -11856.1376953125]]], [[[-118.47161, 45.68204, -8563.8095703125], [-118.4741, 45.6788, -9287.6533203125], [-118.47688, 45.67428, -8828.6416015625], [-118.47161, 45.68204, -8563.8095703125]]], [[[-118.48308, 45.64663, -2108.5048828125], [-118.48844, 45.6374, -2034.5225830078125], [-118.4852, 45.64228, -1126.6129150390625], [-118.48308, 45.64663, -2108.5048828125]]], [[[-118.41657, 45.89498, -6006.63720703125], [-118.41827, 45.90317, -5485.8076171875], [-118.41932, 45.90336, -6458.22509765625], [-118.41657, 45.89498, -6006.63720703125]]], [[[-118.57782, 45.51209, -9800.5517578125], [-118.58127, 45.50623, -10295.1796875], [-118.58017, 45.50603, -9298.552734375], [-118.57782, 45.51209, -9800.5517578125]]], [[[-118.47073, 45.67518, -4856.615234375], [-118.46664, 45.68355, -4915.40771484375], [-118.46971, 45.67937, -5791.46240234375], [-118.47073, 45.67518, -4856.615234375]]], [[[-118.4828, 45.65412, -5862.94140625], [-118.48826, 45.64583, -5825.1298828125], [-118.48418, 45.64976, -4959.10986328125], [-118.4828, 45.65412, -5862.94140625]]], [[[-118.5798, 45.51759, -14715.333984375], [-118.57644, 45.51991, -13901.3515625], [-118.57373, 45.52422, -14577.9912109375], [-118.5798, 45.51759, -14715.333984375]]], [[[-118.56922, 45.51723, -6299.7216796875], [-118.57434, 45.51183, -6781.45654296875], [-118.5732, 45.5117, -5773.5244140625], [-118.56922, 45.51723, -6299.7216796875]]], [[[-118.46753, 45.67963, -4055.673828125], [-118.46943, 45.67466, -3446.255859375], [-118.46509, 45.68216, -3065.96533203125], [-118.46753, 45.67963, -4055.673828125]]], [[[-118.49112, 45.6364, -3914.885986328125], [-118.49527, 45.63193, -4846.2568359375], [-118.49734, 45.62866, -3850.150390625], [-118.49112, 45.6364, -3914.885986328125]]], [[[-118.54048, 45.57222, -14963.90625], [-118.5443, 45.56776, -15847.9990234375], [-118.54557, 45.56399, -14879.5615234375], [-118.54048, 45.57222, -14963.90625]]], [[[-118.57673, 45.5119, -8803.193359375], [-118.57257, 45.51776, -9277.693359375], [-118.57782, 45.51209, -9800.5517578125], [-118.57673, 45.5119, -8803.193359375]]], [[[-118.47546, 45.67469, -8102.06494140625], [-118.47688, 45.67428, -8828.6416015625], [-118.48079, 45.67042, -8431.4765625], [-118.47546, 45.67469, -8102.06494140625]]], [[[-118.48886, 45.6478, -7543.59375], [-118.49365, 45.64247, -8285.693359375], [-118.49437, 45.63854, -7403.65234375], [-118.48886, 45.6478, -7543.59375]]], [[[-118.40795, 45.85604, -3257.02099609375], [-118.4064, 45.85126, -2290.599365234375], [-118.40749, 45.86062, -2354.717041015625], [-118.40795, 45.85604, -3257.02099609375]]], [[[-118.57357, 45.51813, -10334.9287109375], [-118.5789, 45.51229, -10796.509765625], [-118.57782, 45.51209, -9800.5517578125], [-118.57357, 45.51813, -10334.9287109375]]], [[[-118.47161, 45.67966, -7541.07177734375], [-118.47161, 45.68204, -8563.8095703125], [-118.47546, 45.67469, -8102.06494140625], [-118.47161, 45.67966, -7541.07177734375]]], [[[-118.49054, 45.64044, -4883.98095703125], [-118.49112, 45.6364, -3914.885986328125], [-118.48644, 45.64529, -4000.551513671875], [-118.49054, 45.64044, -4883.98095703125]]], [[[-118.57644, 45.51991, -13901.3515625], [-118.5798, 45.51759, -14715.333984375], [-118.58328, 45.51244, -14516.6533203125], [-118.57644, 45.51991, -13901.3515625]]], [[[-118.56651, 45.51076, 193.59609985351562], [-118.569, 45.504, 857.8400268554688], [-118.56463, 45.51237, 950.9812622070312], [-118.56651, 45.51076, 193.59609985351562]]], [[[-118.48212, 45.66289, -7911.50634765625], [-118.48144, 45.66865, -7375.23583984375], [-118.48225, 45.66789, -8057.07568359375], [-118.48212, 45.66289, -7911.50634765625]]], [[[-118.49365, 45.64247, -8285.693359375], [-118.49746, 45.6342, -8182.97509765625], [-118.49437, 45.63854, -7403.65234375], [-118.49365, 45.64247, -8285.693359375]]], [[[-118.41371, 45.80704, -4066.185791015625], [-118.41629, 45.80253, -4996.12353515625], [-118.41616, 45.79835, -4020.77978515625], [-118.41371, 45.80704, -4066.185791015625]]], [[[-118.477, 45.66899, -4265.86376953125], [-118.46943, 45.67466, -3446.255859375], [-118.47573, 45.67057, -4678.14453125], [-118.477, 45.66899, -4265.86376953125]]], [[[-118.57644, 45.51991, -13901.3515625], [-118.58328, 45.51244, -14516.6533203125], [-118.58183, 45.51324, -13674.564453125], [-118.57644, 45.51991, -13901.3515625]]], [[[-118.54879, 45.5408, -3786.962646484375], [-118.55554, 45.53274, -4179.91015625], [-118.55141, 45.53637, -2957.781982421875], [-118.54879, 45.5408, -3786.962646484375]]], [[[-118.485, 45.6633, -10590.212890625], [-118.48664, 45.65714, -10358.6044921875], [-118.48433, 45.66377, -9964.4111328125], [-118.485, 45.6633, -10590.212890625]]], [[[-118.52007, 45.58647, -2793.82470703125], [-118.52123, 45.58204, -1869.552490234375], [-118.51649, 45.59048, -1846.624267578125], [-118.52007, 45.58647, -2793.82470703125]]], [[[-118.48349, 45.66396, -9182.6484375], [-118.4839, 45.66745, -9580.0888671875], [-118.48433, 45.66377, -9964.4111328125], [-118.48349, 45.66396, -9182.6484375]]], [[[-118.55856, 45.53998, -10937.1484375], [-118.5563, 45.54401, -11856.1376953125], [-118.56364, 45.53414, -11647.951171875], [-118.55856, 45.53998, -10937.1484375]]], [[[-118.48664, 45.65714, -10358.6044921875], [-118.48439, 45.65927, -9548.2001953125], [-118.48433, 45.66377, -9964.4111328125], [-118.48664, 45.65714, -10358.6044921875]]], [[[-118.51776, 45.59475, -4756.93896484375], [-118.51875, 45.59065, -3762.222900390625], [-118.51528, 45.59885, -3776.79541015625], [-118.51776, 45.59475, -4756.93896484375]]], [[[-118.40673, 45.83255, -2225.828125], [-118.40776, 45.82393, -2228.84716796875], [-118.40617, 45.82836, -1279.74609375], [-118.40673, 45.83255, -2225.828125]]], [[[-118.52335, 45.5821, -3700.5302734375], [-118.52007, 45.58647, -2793.82470703125], [-118.51875, 45.59065, -3762.222900390625], [-118.52335, 45.5821, -3700.5302734375]]], [[[-118.57647, 45.51886, -13126.2666015625], [-118.57644, 45.51991, -13901.3515625], [-118.58183, 45.51324, -13674.564453125], [-118.57647, 45.51886, -13126.2666015625]]], [[[-118.57472, 45.51817, -11253.9228515625], [-118.57999, 45.51247, -11784.8046875], [-118.5789, 45.51229, -10796.509765625], [-118.57472, 45.51817, -11253.9228515625]]], [[[-118.48011, 45.66919, -6828.88525390625], [-118.47531, 45.67376, -7164.4619140625], [-118.48144, 45.66865, -7375.23583984375], [-118.48011, 45.66919, -6828.88525390625]]], [[[-118.48795, 45.64129, -3022.474365234375], [-118.48644, 45.64529, -4000.551513671875], [-118.49112, 45.6364, -3914.885986328125], [-118.48795, 45.64129, -3022.474365234375]]], [[[-118.48325, 45.66889, -8988.263671875], [-118.47688, 45.67428, -8828.6416015625], [-118.47999, 45.67223, -9411.0244140625], [-118.48325, 45.66889, -8988.263671875]]], [[[-118.5488, 45.54861, -8554.12109375], [-118.55422, 45.54058, -7916.82177734375], [-118.54756, 45.54854, -7510.4990234375], [-118.5488, 45.54861, -8554.12109375]]], [[[-118.49123, 45.64905, -10254.7431640625], [-118.49564, 45.64468, -11113.6337890625], [-118.49659, 45.64095, -10125.4052734375], [-118.49123, 45.64905, -10254.7431640625]]], [[[-118.499, 45.62533, -2834.85302734375], [-118.49414, 45.62936, -1918.0833740234375], [-118.49219, 45.63253, -2921.306884765625], [-118.499, 45.62533, -2834.85302734375]]], [[[-118.41762, 45.8951, -6977.66455078125], [-118.41932, 45.90336, -6458.22509765625], [-118.42036, 45.90356, -7430.64306640625], [-118.41762, 45.8951, -6977.66455078125]]], [[[-118.57064, 45.52755, -13633.146484375], [-118.57644, 45.51991, -13901.3515625], [-118.57647, 45.51886, -13126.2666015625], [-118.57064, 45.52755, -13633.146484375]]], [[[-118.50418, 45.61711, -2820.42724609375], [-118.5005, 45.62119, -1893.922607421875], [-118.499, 45.62533, -2834.85302734375], [-118.50418, 45.61711, -2820.42724609375]]], [[[-118.51594, 45.60706, -7702.75732421875], [-118.51985, 45.59854, -7662.890625], [-118.51758, 45.60264, -6763.5869140625], [-118.51594, 45.60706, -7702.75732421875]]], [[[-118.53975, 45.55665, -5955.4462890625], [-118.54634, 45.5485, -6495.59130859375], [-118.5452, 45.54822, -5414.69580078125], [-118.53975, 45.55665, -5955.4462890625]]], [[[-118.51111, 45.62339, -11682.296875], [-118.51218, 45.61978, -10670.3232421875], [-118.50694, 45.62779, -10772.283203125], [-118.51111, 45.62339, -11682.296875]]], [[[-118.41164, 45.81953, -5071.60400390625], [-118.40988, 45.824, -4124.89453125], [-118.4104, 45.82859, -5070.42041015625], [-118.41164, 45.81953, -5071.60400390625]]], [[[-118.50172, 45.61733, -913.2564697265625], [-118.50245, 45.61385, 84.29684448242188], [-118.49791, 45.62159, 9.741642951965332], [-118.50172, 45.61733, -913.2564697265625]]], [[[-118.57644, 45.51991, -13901.3515625], [-118.57064, 45.52755, -13633.146484375], [-118.57373, 45.52422, -14577.9912109375], [-118.57644, 45.51991, -13901.3515625]]], [[[-118.50635, 45.61745, -4747.1689453125], [-118.50746, 45.61338, -3783.0263671875], [-118.5028, 45.62122, -3776.003173828125], [-118.50635, 45.61745, -4747.1689453125]]], [[[-118.52657, 45.58732, -8463.958984375], [-118.52953, 45.58304, -9366.607421875], [-118.53033, 45.57908, -8362.419921875], [-118.52657, 45.58732, -8463.958984375]]], [[[-118.48795, 45.64129, -3022.474365234375], [-118.48844, 45.6374, -2034.5225830078125], [-118.48308, 45.64663, -2108.5048828125], [-118.48795, 45.64129, -3022.474365234375]]], [[[-118.54204, 45.56038, -10103.9443359375], [-118.54013, 45.56521, -11139.662109375], [-118.5463, 45.55641, -10972.525390625], [-118.54204, 45.56038, -10103.9443359375]]], [[[-118.5452, 45.54822, -5414.69580078125], [-118.54045, 45.55415, -4875.14208984375], [-118.53975, 45.55665, -5955.4462890625], [-118.5452, 45.54822, -5414.69580078125]]], [[[-118.50502, 45.63107, -11780.6640625], [-118.49915, 45.6402, -11991.904296875], [-118.50307, 45.63446, -12754.2900390625], [-118.50502, 45.63107, -11780.6640625]]], [[[-118.50596, 45.60963, -844.2565307617188], [-118.50513, 45.61327, -1833.3951416015625], [-118.50945, 45.60588, -1795.079345703125], [-118.50596, 45.60963, -844.2565307617188]]], [[[-118.40945, 45.81962, -3172.077880859375], [-118.40776, 45.82393, -2228.84716796875], [-118.4083, 45.82832, -3175.34033203125], [-118.40945, 45.81962, -3172.077880859375]]], [[[-118.50513, 45.61327, -1833.3951416015625], [-118.50596, 45.60963, -844.2565307617188], [-118.50172, 45.61733, -913.2564697265625], [-118.50513, 45.61327, -1833.3951416015625]]], [[[-118.57064, 45.52755, -13633.146484375], [-118.56854, 45.53235, -14574.154296875], [-118.57373, 45.52422, -14577.9912109375], [-118.57064, 45.52755, -13633.146484375]]], [[[-118.48844, 45.6374, -2034.5225830078125], [-118.49414, 45.62936, -1918.0833740234375], [-118.4888, 45.63379, -1038.520263671875], [-118.48844, 45.6374, -2034.5225830078125]]], [[[-118.46943, 45.67466, -3446.255859375], [-118.46753, 45.67963, -4055.673828125], [-118.47073, 45.67518, -4856.615234375], [-118.46943, 45.67466, -3446.255859375]]], [[[-118.48844, 45.6374, -2034.5225830078125], [-118.49219, 45.63253, -2921.306884765625], [-118.49414, 45.62936, -1918.0833740234375], [-118.48844, 45.6374, -2034.5225830078125]]], [[[-118.40449, 45.85172, -426.19683837890625], [-118.40302, 45.84721, 493.12255859375], [-118.40404, 45.8564, 488.56488037109375], [-118.40449, 45.85172, -426.19683837890625]]], [[[-118.51267, 45.60272, -2797.697998046875], [-118.50945, 45.60588, -1795.079345703125], [-118.50838, 45.60957, -2786.978515625], [-118.51267, 45.60272, -2797.697998046875]]], [[[-118.57064, 45.52755, -13633.146484375], [-118.56439, 45.53656, -13675.2607421875], [-118.56854, 45.53235, -14574.154296875], [-118.57064, 45.52755, -13633.146484375]]], [[[-118.4968, 45.6252, -982.1701049804688], [-118.49414, 45.62936, -1918.0833740234375], [-118.5005, 45.62119, -1893.922607421875], [-118.4968, 45.6252, -982.1701049804688]]], [[[-118.49261, 45.64568, -9267.34765625], [-118.49659, 45.64095, -10125.4052734375], [-118.497, 45.63725, -9135.58984375], [-118.49261, 45.64568, -9267.34765625]]], [[[-118.51057, 45.61008, -4814.5791015625], [-118.51158, 45.60641, -3806.778564453125], [-118.50746, 45.61338, -3783.0263671875], [-118.51057, 45.61008, -4814.5791015625]]], [[[-118.57193, 45.5119, -4796.18603515625], [-118.5732, 45.5117, -5773.5244140625], [-118.57574, 45.50523, -5269.84326171875], [-118.57193, 45.5119, -4796.18603515625]]], [[[-118.55952, 45.5326, -7350.884765625], [-118.56427, 45.52442, -6834.81103515625], [-118.5582, 45.53283, -6411.97705078125], [-118.55952, 45.5326, -7350.884765625]]], [[[-118.49659, 45.64095, -10125.4052734375], [-118.49974, 45.63611, -11010.685546875], [-118.5013, 45.63246, -9985.244140625], [-118.49659, 45.64095, -10125.4052734375]]], [[[-118.5028, 45.62122, -3776.003173828125], [-118.50418, 45.61711, -2820.42724609375], [-118.499, 45.62533, -2834.85302734375], [-118.5028, 45.62122, -3776.003173828125]]], [[[-118.54204, 45.56038, -10103.9443359375], [-118.53603, 45.56936, -10210.375], [-118.54013, 45.56521, -11139.662109375], [-118.54204, 45.56038, -10103.9443359375]]], [[[-118.55504, 45.54113, -8934.525390625], [-118.55628, 45.54116, -9925.5068359375], [-118.56168, 45.53295, -9322.087890625], [-118.55504, 45.54113, -8934.525390625]]], [[[-118.48283, 45.67199, -11372.6484375], [-118.4853, 45.66746, -10887.2197265625], [-118.48213, 45.67178, -10653.4541015625], [-118.48283, 45.67199, -11372.6484375]]], [[[-118.48137, 45.6457, -134.7021026611328], [-118.48586, 45.63806, -121.83020782470703], [-118.4829, 45.64213, 851.8655395507812], [-118.48137, 45.6457, -134.7021026611328]]], [[[-118.40602, 45.8421, -2247.673583984375], [-118.40673, 45.83255, -2225.828125], [-118.40511, 45.83749, -1321.0782470703125], [-118.40602, 45.8421, -2247.673583984375]]], [[[-118.563, 45.52465, -5892.15283203125], [-118.56922, 45.51723, -6299.7216796875], [-118.56761, 45.51761, -5353.55419921875], [-118.563, 45.52465, -5892.15283203125]]], [[[-118.49564, 45.64468, -11113.6337890625], [-118.49315, 45.64946, -12071.78515625], [-118.49915, 45.6402, -11991.904296875], [-118.49564, 45.64468, -11113.6337890625]]], [[[-118.49734, 45.62866, -3850.150390625], [-118.499, 45.62533, -2834.85302734375], [-118.49219, 45.63253, -2921.306884765625], [-118.49734, 45.62866, -3850.150390625]]], [[[-118.57064, 45.52755, -13633.146484375], [-118.56644, 45.5321, -12702.6298828125], [-118.56439, 45.53656, -13675.2607421875], [-118.57064, 45.52755, -13633.146484375]]], [[[-118.56537, 45.52457, -7815.548828125], [-118.56979, 45.51801, -7333.62451171875], [-118.56427, 45.52442, -6834.81103515625], [-118.56537, 45.52457, -7815.548828125]]], [[[-118.49974, 45.63611, -11010.685546875], [-118.50502, 45.63107, -11780.6640625], [-118.50694, 45.62779, -10772.283203125], [-118.49974, 45.63611, -11010.685546875]]], [[[-118.51553, 45.59469, -2803.369873046875], [-118.51528, 45.59885, -3776.79541015625], [-118.51875, 45.59065, -3762.222900390625], [-118.51553, 45.59469, -2803.369873046875]]], [[[-118.47878, 45.67136, -7717.64013671875], [-118.47531, 45.67376, -7164.4619140625], [-118.47546, 45.67469, -8102.06494140625], [-118.47878, 45.67136, -7717.64013671875]]], [[[-118.54303, 45.54895, -4037.005615234375], [-118.54879, 45.5408, -3786.962646484375], [-118.54403, 45.54542, -2924.06494140625], [-118.54303, 45.54895, -4037.005615234375]]], [[[-118.48572, 45.66116, -11241.123046875], [-118.48664, 45.65714, -10358.6044921875], [-118.485, 45.6633, -10590.212890625], [-118.48572, 45.66116, -11241.123046875]]], [[[-118.51057, 45.61008, -4814.5791015625], [-118.50746, 45.61338, -3783.0263671875], [-118.50635, 45.61745, -4747.1689453125], [-118.51057, 45.61008, -4814.5791015625]]], [[[-118.42196, 45.76788, -1186.5791015625], [-118.42488, 45.75869, -1161.7271728515625], [-118.42225, 45.76352, -263.6839904785156], [-118.42196, 45.76788, -1186.5791015625]]], [[[-118.53288, 45.56607, -5769.59228515625], [-118.53475, 45.56142, -4854.36181640625], [-118.52949, 45.57002, -4769.107421875], [-118.53288, 45.56607, -5769.59228515625]]], [[[-118.48213, 45.67178, -10653.4541015625], [-118.4853, 45.66746, -10887.2197265625], [-118.48468, 45.6683, -10309.7763671875], [-118.48213, 45.67178, -10653.4541015625]]], [[[-118.52704, 45.574, -3789.40087890625], [-118.52767, 45.56899, -2885.66357421875], [-118.52454, 45.57748, -2758.5703125], [-118.52704, 45.574, -3789.40087890625]]], [[[-118.56644, 45.5321, -12702.6298828125], [-118.57064, 45.52755, -13633.146484375], [-118.57143, 45.52432, -12724.5849609375], [-118.56644, 45.5321, -12702.6298828125]]], [[[-118.51399, 45.60647, -5802.5888671875], [-118.51763, 45.59866, -5765.3330078125], [-118.51503, 45.60283, -4785.087890625], [-118.51399, 45.60647, -5802.5888671875]]], [[[-118.46943, 45.67466, -3446.255859375], [-118.47073, 45.67518, -4856.615234375], [-118.47573, 45.67057, -4678.14453125], [-118.46943, 45.67466, -3446.255859375]]], [[[-118.56168, 45.53295, -9322.087890625], [-118.56754, 45.52493, -9792.7763671875], [-118.56645, 45.52476, -8806.1083984375], [-118.56168, 45.53295, -9322.087890625]]], [[[-118.4881, 45.65799, -11942.1484375], [-118.48636, 45.6651, -11861.9189453125], [-118.48701, 45.66424, -12462.73828125], [-118.4881, 45.65799, -11942.1484375]]], [[[-118.52007, 45.58647, -2793.82470703125], [-118.52335, 45.5821, -3700.5302734375], [-118.52454, 45.57748, -2758.5703125], [-118.52007, 45.58647, -2793.82470703125]]], [[[-118.42791, 45.75488, -2109.829833984375], [-118.43199, 45.74621, -2097.020263671875], [-118.42917, 45.75024, -1181.600341796875], [-118.42791, 45.75488, -2109.829833984375]]], [[[-118.57257, 45.51776, -9277.693359375], [-118.56645, 45.52476, -8806.1083984375], [-118.56754, 45.52493, -9792.7763671875], [-118.57257, 45.51776, -9277.693359375]]], [[[-118.50502, 45.63107, -11780.6640625], [-118.50996, 45.6269, -12674.9111328125], [-118.51111, 45.62339, -11682.296875], [-118.50502, 45.63107, -11780.6640625]]], [[[-118.51503, 45.60283, -4785.087890625], [-118.51528, 45.59885, -3776.79541015625], [-118.51158, 45.60641, -3806.778564453125], [-118.51503, 45.60283, -4785.087890625]]], [[[-118.56644, 45.5321, -12702.6298828125], [-118.57143, 45.52432, -12724.5849609375], [-118.56982, 45.5252, -11815.0478515625], [-118.56644, 45.5321, -12702.6298828125]]], [[[-118.50502, 45.63107, -11780.6640625], [-118.50307, 45.63446, -12754.2900390625], [-118.50996, 45.6269, -12674.9111328125], [-118.50502, 45.63107, -11780.6640625]]], [[[-118.52533, 45.57248, -1865.2012939453125], [-118.52915, 45.56447, -1943.0665283203125], [-118.52586, 45.56767, -934.8229370117188], [-118.52533, 45.57248, -1865.2012939453125]]], [[[-118.4888, 45.65843, -12761.5283203125], [-118.4881, 45.65799, -11942.1484375], [-118.48701, 45.66424, -12462.73828125], [-118.4888, 45.65843, -12761.5283203125]]], [[[-118.5452, 45.54822, -5414.69580078125], [-118.55006, 45.54086, -4830.40234375], [-118.54303, 45.54895, -4037.005615234375], [-118.5452, 45.54822, -5414.69580078125]]], [[[-118.48572, 45.66116, -11241.123046875], [-118.485, 45.6633, -10590.212890625], [-118.4853, 45.66746, -10887.2197265625], [-118.48572, 45.66116, -11241.123046875]]], [[[-118.50513, 45.61327, -1833.3951416015625], [-118.50838, 45.60957, -2786.978515625], [-118.50945, 45.60588, -1795.079345703125], [-118.50513, 45.61327, -1833.3951416015625]]], [[[-118.47433, 45.68192, -10826.0380859375], [-118.47314, 45.68682, -11671.29296875], [-118.47747, 45.67812, -11857.75], [-118.47433, 45.68192, -10826.0380859375]]], [[[-118.5028, 45.62122, -3776.003173828125], [-118.50746, 45.61338, -3783.0263671875], [-118.50418, 45.61711, -2820.42724609375], [-118.5028, 45.62122, -3776.003173828125]]], [[[-118.56364, 45.53414, -11647.951171875], [-118.56644, 45.5321, -12702.6298828125], [-118.56982, 45.5252, -11815.0478515625], [-118.56364, 45.53414, -11647.951171875]]], [[[-118.48572, 45.66116, -11241.123046875], [-118.4881, 45.65799, -11942.1484375], [-118.4897, 45.65312, -11166.4892578125], [-118.48572, 45.66116, -11241.123046875]]], [[[-118.48137, 45.6457, -134.7021026611328], [-118.4852, 45.64228, -1126.6129150390625], [-118.48586, 45.63806, -121.83020782470703], [-118.48137, 45.6457, -134.7021026611328]]], [[[-118.4814, 45.66305, -7237.34521484375], [-118.48212, 45.66289, -7911.50634765625], [-118.48404, 45.65589, -7659.32568359375], [-118.4814, 45.66305, -7237.34521484375]]], [[[-118.50746, 45.61338, -3783.0263671875], [-118.51158, 45.60641, -3806.778564453125], [-118.50838, 45.60957, -2786.978515625], [-118.50746, 45.61338, -3783.0263671875]]], [[[-118.42488, 45.75869, -1161.7271728515625], [-118.426, 45.75421, -233.50936889648438], [-118.42225, 45.76352, -263.6839904785156], [-118.42488, 45.75869, -1161.7271728515625]]], [[[-118.5582, 45.53283, -6411.97705078125], [-118.563, 45.52465, -5892.15283203125], [-118.55692, 45.53285, -5375.69921875], [-118.5582, 45.53283, -6411.97705078125]]], [[[-118.49564, 45.64468, -11113.6337890625], [-118.49915, 45.6402, -11991.904296875], [-118.49974, 45.63611, -11010.685546875], [-118.49564, 45.64468, -11113.6337890625]]], [[[-118.51553, 45.59469, -2803.369873046875], [-118.52007, 45.58647, -2793.82470703125], [-118.51649, 45.59048, -1846.624267578125], [-118.51553, 45.59469, -2803.369873046875]]], [[[-118.56364, 45.53414, -11647.951171875], [-118.56065, 45.5402, -12723.2626953125], [-118.56644, 45.5321, -12702.6298828125], [-118.56364, 45.53414, -11647.951171875]]], [[[-118.47678, 45.67156, -6362.7939453125], [-118.47196, 45.67674, -6572.18017578125], [-118.47531, 45.67376, -7164.4619140625], [-118.47678, 45.67156, -6362.7939453125]]], [[[-118.5582, 45.53283, -6411.97705078125], [-118.56427, 45.52442, -6834.81103515625], [-118.563, 45.52465, -5892.15283203125], [-118.5582, 45.53283, -6411.97705078125]]], [[[-118.4859, 45.66737, -11441.103515625], [-118.48572, 45.66116, -11241.123046875], [-118.4853, 45.66746, -10887.2197265625], [-118.4859, 45.66737, -11441.103515625]]], [[[-118.56621, 45.51759, -4259.3173828125], [-118.56047, 45.52443, -3689.736083984375], [-118.56168, 45.52476, -4859.54638671875], [-118.56621, 45.51759, -4259.3173828125]]], [[[-118.51776, 45.59475, -4756.93896484375], [-118.51528, 45.59885, -3776.79541015625], [-118.51503, 45.60283, -4785.087890625], [-118.51776, 45.59475, -4756.93896484375]]], [[[-118.53783, 45.56476, -9063.3701171875], [-118.54204, 45.56038, -10103.9443359375], [-118.54417, 45.55626, -9189.5693359375], [-118.53783, 45.56476, -9063.3701171875]]], [[[-118.499, 45.62533, -2834.85302734375], [-118.49734, 45.62866, -3850.150390625], [-118.5028, 45.62122, -3776.003173828125], [-118.499, 45.62533, -2834.85302734375]]], [[[-118.43392, 45.73733, -208.12564086914062], [-118.43692, 45.73361, -1145.754638671875], [-118.43772, 45.72935, -196.967529296875], [-118.43392, 45.73733, -208.12564086914062]]], [[[-118.50838, 45.60957, -2786.978515625], [-118.50513, 45.61327, -1833.3951416015625], [-118.50418, 45.61711, -2820.42724609375], [-118.50838, 45.60957, -2786.978515625]]], [[[-118.5563, 45.54401, -11856.1376953125], [-118.56065, 45.5402, -12723.2626953125], [-118.56364, 45.53414, -11647.951171875], [-118.5563, 45.54401, -11856.1376953125]]], [[[-118.52243, 45.58645, -4685.49560546875], [-118.52626, 45.57872, -4739.8486328125], [-118.52335, 45.5821, -3700.5302734375], [-118.52243, 45.58645, -4685.49560546875]]], [[[-118.52051, 45.60723, -11511.3623046875], [-118.52156, 45.6036, -10499.8994140625], [-118.51678, 45.61163, -10585.580078125], [-118.52051, 45.60723, -11511.3623046875]]], [[[-118.55692, 45.53285, -5375.69921875], [-118.56168, 45.52476, -4859.54638671875], [-118.55554, 45.53274, -4179.91015625], [-118.55692, 45.53285, -5375.69921875]]], [[[-118.51591, 45.61538, -11593.375], [-118.51678, 45.61163, -10585.580078125], [-118.51218, 45.61978, -10670.3232421875], [-118.51591, 45.61538, -11593.375]]], [[[-118.52243, 45.58645, -4685.49560546875], [-118.51776, 45.59475, -4756.93896484375], [-118.52121, 45.59051, -5683.38671875], [-118.52243, 45.58645, -4685.49560546875]]], [[[-118.44826, 45.71921, -5022.67333984375], [-118.44534, 45.72273, -4039.377197265625], [-118.44427, 45.72725, -4986.45947265625], [-118.44826, 45.71921, -5022.67333984375]]], [[[-118.55141, 45.53637, -2957.781982421875], [-118.55717, 45.5284, -2907.697265625], [-118.55272, 45.53281, -1917.7969970703125], [-118.55141, 45.53637, -2957.781982421875]]], [[[-118.485, 45.6633, -10590.212890625], [-118.48433, 45.66377, -9964.4111328125], [-118.48468, 45.6683, -10309.7763671875], [-118.485, 45.6633, -10590.212890625]]], [[[-118.51528, 45.59885, -3776.79541015625], [-118.51553, 45.59469, -2803.369873046875], [-118.51267, 45.60272, -2797.697998046875], [-118.51528, 45.59885, -3776.79541015625]]], [[[-118.5563, 45.54401, -11856.1376953125], [-118.55417, 45.54845, -12855.435546875], [-118.56065, 45.5402, -12723.2626953125], [-118.5563, 45.54401, -11856.1376953125]]], [[[-118.50746, 45.61338, -3783.0263671875], [-118.50838, 45.60957, -2786.978515625], [-118.50418, 45.61711, -2820.42724609375], [-118.50746, 45.61338, -3783.0263671875]]], [[[-118.48011, 45.66919, -6828.88525390625], [-118.47678, 45.67156, -6362.7939453125], [-118.47531, 45.67376, -7164.4619140625], [-118.48011, 45.66919, -6828.88525390625]]], [[[-118.52123, 45.58204, -1869.552490234375], [-118.52007, 45.58647, -2793.82470703125], [-118.52454, 45.57748, -2758.5703125], [-118.52123, 45.58204, -1869.552490234375]]], [[[-118.56168, 45.52476, -4859.54638671875], [-118.56761, 45.51761, -5353.55419921875], [-118.56621, 45.51759, -4259.3173828125], [-118.56168, 45.52476, -4859.54638671875]]], [[[-118.54023, 45.54925, -1919.0428466796875], [-118.54622, 45.5412, -2031.3623046875], [-118.54235, 45.54448, -1040.3004150390625], [-118.54023, 45.54925, -1919.0428466796875]]], [[[-118.48166, 45.6715, -10052.2958984375], [-118.48468, 45.6683, -10309.7763671875], [-118.4839, 45.66745, -9580.0888671875], [-118.48166, 45.6715, -10052.2958984375]]], [[[-118.50635, 45.61745, -4747.1689453125], [-118.5028, 45.62122, -3776.003173828125], [-118.50176, 45.62475, -4780.71728515625], [-118.50635, 45.61745, -4747.1689453125]]], [[[-118.5563, 45.54401, -11856.1376953125], [-118.552, 45.5481, -10889.9912109375], [-118.55021, 45.55274, -11950.6962890625], [-118.5563, 45.54401, -11856.1376953125]]], [[[-118.56059, 45.53278, -8337.25], [-118.56645, 45.52476, -8806.1083984375], [-118.56537, 45.52457, -7815.548828125], [-118.56059, 45.53278, -8337.25]]], [[[-118.48213, 45.67178, -10653.4541015625], [-118.48468, 45.6683, -10309.7763671875], [-118.48166, 45.6715, -10052.2958984375], [-118.48213, 45.67178, -10653.4541015625]]], [[[-118.52243, 45.58645, -4685.49560546875], [-118.52523, 45.58307, -5708.64990234375], [-118.52626, 45.57872, -4739.8486328125], [-118.52243, 45.58645, -4685.49560546875]]], [[[-118.47044, 45.69047, -10724.2177734375], [-118.46395, 45.70135, -10605.0537109375], [-118.46774, 45.69708, -11560.2353515625], [-118.47044, 45.69047, -10724.2177734375]]], [[[-118.51158, 45.60641, -3806.778564453125], [-118.51267, 45.60272, -2797.697998046875], [-118.50838, 45.60957, -2786.978515625], [-118.51158, 45.60641, -3806.778564453125]]], [[[-118.552, 45.5481, -10889.9912109375], [-118.5563, 45.54401, -11856.1376953125], [-118.55856, 45.53998, -10937.1484375], [-118.552, 45.5481, -10889.9912109375]]], [[[-118.52243, 45.58645, -4685.49560546875], [-118.52335, 45.5821, -3700.5302734375], [-118.51875, 45.59065, -3762.222900390625], [-118.52243, 45.58645, -4685.49560546875]]], [[[-118.48664, 45.65714, -10358.6044921875], [-118.49123, 45.64905, -10254.7431640625], [-118.48738, 45.65359, -9445.705078125], [-118.48664, 45.65714, -10358.6044921875]]], [[[-118.49315, 45.64946, -12071.78515625], [-118.4881, 45.65799, -11942.1484375], [-118.4888, 45.65843, -12761.5283203125], [-118.49315, 45.64946, -12071.78515625]]], [[[-118.51776, 45.59475, -4756.93896484375], [-118.52243, 45.58645, -4685.49560546875], [-118.51875, 45.59065, -3762.222900390625], [-118.51776, 45.59475, -4756.93896484375]]], [[[-118.56621, 45.51759, -4259.3173828125], [-118.57193, 45.5119, -4796.18603515625], [-118.57096, 45.51131, -3748.86962890625], [-118.56621, 45.51759, -4259.3173828125]]], [[[-118.5005, 45.62119, -1893.922607421875], [-118.50513, 45.61327, -1833.3951416015625], [-118.50172, 45.61733, -913.2564697265625], [-118.5005, 45.62119, -1893.922607421875]]], [[[-118.552, 45.5481, -10889.9912109375], [-118.55856, 45.53998, -10937.1484375], [-118.55628, 45.54116, -9925.5068359375], [-118.552, 45.5481, -10889.9912109375]]], [[[-118.4968, 45.6252, -982.1701049804688], [-118.49791, 45.62159, 9.741642951965332], [-118.49175, 45.62943, -109.17919921875], [-118.4968, 45.6252, -982.1701049804688]]], [[[-118.57147, 45.51757, -8290.4326171875], [-118.56537, 45.52457, -7815.548828125], [-118.56645, 45.52476, -8806.1083984375], [-118.57147, 45.51757, -8290.4326171875]]], [[[-118.51347, 45.59423, -876.81982421875], [-118.51121, 45.5976, 127.0615234375], [-118.51071, 45.60199, -825.1564331054688], [-118.51347, 45.59423, -876.81982421875]]], [[[-118.54966, 45.54966, -9835.1982421875], [-118.552, 45.5481, -10889.9912109375], [-118.55628, 45.54116, -9925.5068359375], [-118.54966, 45.54966, -9835.1982421875]]], [[[-118.55167, 45.54065, -5953.5439453125], [-118.5582, 45.53283, -6411.97705078125], [-118.55692, 45.53285, -5375.69921875], [-118.55167, 45.54065, -5953.5439453125]]], [[[-118.49659, 45.64095, -10125.4052734375], [-118.49564, 45.64468, -11113.6337890625], [-118.49974, 45.63611, -11010.685546875], [-118.49659, 45.64095, -10125.4052734375]]], [[[-118.52718, 45.58332, -7476.55859375], [-118.52816, 45.57929, -6607.259765625], [-118.52434, 45.58731, -6659.4765625], [-118.52718, 45.58332, -7476.55859375]]], [[[-118.4897, 45.65312, -11166.4892578125], [-118.49564, 45.64468, -11113.6337890625], [-118.49123, 45.64905, -10254.7431640625], [-118.4897, 45.65312, -11166.4892578125]]], [[[-118.53475, 45.56142, -4854.36181640625], [-118.53665, 45.55721, -3869.57373046875], [-118.5311, 45.56512, -3842.07177734375], [-118.53475, 45.56142, -4854.36181640625]]], [[[-118.57147, 45.51757, -8290.4326171875], [-118.56979, 45.51801, -7333.62451171875], [-118.56537, 45.52457, -7815.548828125], [-118.57147, 45.51757, -8290.4326171875]]], [[[-118.51795, 45.58614, -914.8438720703125], [-118.5228, 45.5768, -983.5057983398438], [-118.51967, 45.58085, -34.01129913330078], [-118.51795, 45.58614, -914.8438720703125]]], [[[-118.54966, 45.54966, -9835.1982421875], [-118.5463, 45.55641, -10972.525390625], [-118.552, 45.5481, -10889.9912109375], [-118.54966, 45.54966, -9835.1982421875]]], [[[-118.48586, 45.63806, -121.83020782470703], [-118.48673, 45.63361, 758.7262573242188], [-118.4829, 45.64213, 851.8655395507812], [-118.48586, 45.63806, -121.83020782470703]]], [[[-118.47678, 45.67156, -6362.7939453125], [-118.4745, 45.67282, -5713.84326171875], [-118.47196, 45.67674, -6572.18017578125], [-118.47678, 45.67156, -6362.7939453125]]], [[[-118.53665, 45.55721, -3869.57373046875], [-118.54045, 45.55415, -4875.14208984375], [-118.54303, 45.54895, -4037.005615234375], [-118.53665, 45.55721, -3869.57373046875]]], [[[-118.41995, 45.77206, -234.64390563964844], [-118.41991, 45.76741, 689.6957397460938], [-118.41791, 45.77627, 701.6212768554688], [-118.41995, 45.77206, -234.64390563964844]]], [[[-118.51347, 45.59423, -876.81982421875], [-118.51313, 45.59858, -1830.294189453125], [-118.51649, 45.59048, -1846.624267578125], [-118.51347, 45.59423, -876.81982421875]]], [[[-118.53288, 45.56607, -5769.59228515625], [-118.5315, 45.57057, -6680.26953125], [-118.53605, 45.56297, -6710.49853515625], [-118.53288, 45.56607, -5769.59228515625]]], [[[-118.53067, 45.56026, -982.044189453125], [-118.52739, 45.5634, 21.924230575561523], [-118.52586, 45.56767, -934.8229370117188], [-118.53067, 45.56026, -982.044189453125]]], [[[-118.55006, 45.54086, -4830.40234375], [-118.55692, 45.53285, -5375.69921875], [-118.55554, 45.53274, -4179.91015625], [-118.55006, 45.54086, -4830.40234375]]], [[[-118.53467, 45.55664, -1925.0140380859375], [-118.54023, 45.54925, -1919.0428466796875], [-118.53662, 45.55277, -942.1219482421875], [-118.53467, 45.55664, -1925.0140380859375]]], [[[-118.54204, 45.56038, -10103.9443359375], [-118.5463, 45.55641, -10972.525390625], [-118.54966, 45.54966, -9835.1982421875], [-118.54204, 45.56038, -10103.9443359375]]], [[[-118.4968, 45.6252, -982.1701049804688], [-118.49175, 45.62943, -109.17919921875], [-118.4888, 45.63379, -1038.520263671875], [-118.4968, 45.6252, -982.1701049804688]]], [[[-118.54204, 45.56038, -10103.9443359375], [-118.53783, 45.56476, -9063.3701171875], [-118.53603, 45.56936, -10210.375], [-118.54204, 45.56038, -10103.9443359375]]], [[[-118.51172, 45.59284, 1045.4373779296875], [-118.51468, 45.58957, 53.49069595336914], [-118.51659, 45.58465, 910.0199584960938], [-118.51172, 45.59284, 1045.4373779296875]]], [[[-118.52898, 45.5748, -5710.65771484375], [-118.52523, 45.58307, -5708.64990234375], [-118.52816, 45.57929, -6607.259765625], [-118.52898, 45.5748, -5710.65771484375]]], [[[-118.53873, 45.55323, -2912.8349609375], [-118.53467, 45.55664, -1925.0140380859375], [-118.53277, 45.56069, -2887.23486328125], [-118.53873, 45.55323, -2912.8349609375]]], [[[-118.54417, 45.55626, -9189.5693359375], [-118.54232, 45.55691, -8147.73779296875], [-118.53783, 45.56476, -9063.3701171875], [-118.54417, 45.55626, -9189.5693359375]]], [[[-118.54403, 45.54542, -2924.06494140625], [-118.54023, 45.54925, -1919.0428466796875], [-118.53873, 45.55323, -2912.8349609375], [-118.54403, 45.54542, -2924.06494140625]]], [[[-118.47531, 45.67376, -7164.4619140625], [-118.47161, 45.67966, -7541.07177734375], [-118.47546, 45.67469, -8102.06494140625], [-118.47531, 45.67376, -7164.4619140625]]], [[[-118.54622, 45.5412, -2031.3623046875], [-118.55272, 45.53281, -1917.7969970703125], [-118.54862, 45.5369, -1051.3096923828125], [-118.54622, 45.5412, -2031.3623046875]]], [[[-118.48572, 45.66116, -11241.123046875], [-118.4859, 45.66737, -11441.103515625], [-118.48636, 45.6651, -11861.9189453125], [-118.48572, 45.66116, -11241.123046875]]], [[[-118.51553, 45.59469, -2803.369873046875], [-118.51875, 45.59065, -3762.222900390625], [-118.52007, 45.58647, -2793.82470703125], [-118.51553, 45.59469, -2803.369873046875]]], [[[-118.54417, 45.55626, -9189.5693359375], [-118.54966, 45.54966, -9835.1982421875], [-118.5488, 45.54861, -8554.12109375], [-118.54417, 45.55626, -9189.5693359375]]], [[[-118.52533, 45.57248, -1865.2012939453125], [-118.52586, 45.56767, -934.8229370117188], [-118.5228, 45.5768, -983.5057983398438], [-118.52533, 45.57248, -1865.2012939453125]]], [[[-118.54232, 45.55691, -8147.73779296875], [-118.54417, 45.55626, -9189.5693359375], [-118.5488, 45.54861, -8554.12109375], [-118.54232, 45.55691, -8147.73779296875]]], [[[-118.48586, 45.63806, -121.83020782470703], [-118.49175, 45.62943, -109.17919921875], [-118.48673, 45.63361, 758.7262573242188], [-118.48586, 45.63806, -121.83020782470703]]], [[[-118.52122, 45.61415, -15362.12890625], [-118.52478, 45.60977, -16257.7275390625], [-118.52593, 45.60597, -15288.0234375], [-118.52122, 45.61415, -15362.12890625]]], [[[-118.52533, 45.57248, -1865.2012939453125], [-118.52767, 45.56899, -2885.66357421875], [-118.52915, 45.56447, -1943.0665283203125], [-118.52533, 45.57248, -1865.2012939453125]]], [[[-118.4108, 45.8689, -4607.98388671875], [-118.41275, 45.87782, -5103.54833984375], [-118.41186, 45.86928, -5573.32666015625], [-118.4108, 45.8689, -4607.98388671875]]], [[[-118.42643, 45.77693, -6930.37646484375], [-118.42386, 45.78111, -5947.55712890625], [-118.4234, 45.78572, -6925.11376953125], [-118.42643, 45.77693, -6930.37646484375]]], [[[-118.53288, 45.56607, -5769.59228515625], [-118.53975, 45.55665, -5955.4462890625], [-118.53475, 45.56142, -4854.36181640625], [-118.53288, 45.56607, -5769.59228515625]]], [[[-118.54232, 45.55691, -8147.73779296875], [-118.5488, 45.54861, -8554.12109375], [-118.54756, 45.54854, -7510.4990234375], [-118.54232, 45.55691, -8147.73779296875]]], [[[-118.48586, 45.63806, -121.83020782470703], [-118.4888, 45.63379, -1038.520263671875], [-118.49175, 45.62943, -109.17919921875], [-118.48586, 45.63806, -121.83020782470703]]], [[[-118.56439, 45.53656, -13675.2607421875], [-118.55844, 45.54432, -13755.4990234375], [-118.56301, 45.5403, -14650.6142578125], [-118.56439, 45.53656, -13675.2607421875]]], [[[-118.50945, 45.60588, -1795.079345703125], [-118.51071, 45.60199, -825.1564331054688], [-118.50596, 45.60963, -844.2565307617188], [-118.50945, 45.60588, -1795.079345703125]]], [[[-118.40938, 45.86049, -4156.93505859375], [-118.40795, 45.85604, -3257.02099609375], [-118.40932, 45.86702, -3416.371337890625], [-118.40938, 45.86049, -4156.93505859375]]], [[[-118.51967, 45.58085, -34.01129913330078], [-118.52338, 45.57209, -50.817054748535156], [-118.5209, 45.57621, 888.0645141601562], [-118.51967, 45.58085, -34.01129913330078]]], [[[-118.43872, 45.75125, -9631.505859375], [-118.43793, 45.75536, -10640.0341796875], [-118.44175, 45.74669, -10585.9072265625], [-118.43872, 45.75125, -9631.505859375]]], [[[-118.53277, 45.56069, -2887.23486328125], [-118.53467, 45.55664, -1925.0140380859375], [-118.52915, 45.56447, -1943.0665283203125], [-118.53277, 45.56069, -2887.23486328125]]], [[[-118.54155, 45.5562, -7080.93896484375], [-118.54232, 45.55691, -8147.73779296875], [-118.54756, 45.54854, -7510.4990234375], [-118.54155, 45.5562, -7080.93896484375]]], [[[-118.51795, 45.58614, -914.8438720703125], [-118.51468, 45.58957, 53.49069595336914], [-118.51347, 45.59423, -876.81982421875], [-118.51795, 45.58614, -914.8438720703125]]], [[[-118.42209, 45.7767, -3084.572998046875], [-118.41965, 45.78065, -2131.460205078125], [-118.41923, 45.78507, -3078.73388671875], [-118.42209, 45.7767, -3084.572998046875]]], [[[-118.53665, 45.55721, -3869.57373046875], [-118.54303, 45.54895, -4037.005615234375], [-118.53873, 45.55323, -2912.8349609375], [-118.53665, 45.55721, -3869.57373046875]]], [[[-118.53622, 45.56455, -7663.49658203125], [-118.54232, 45.55691, -8147.73779296875], [-118.54155, 45.5562, -7080.93896484375], [-118.53622, 45.56455, -7663.49658203125]]], [[[-118.50596, 45.60963, -844.2565307617188], [-118.50724, 45.60565, 123.36988830566406], [-118.50245, 45.61385, 84.29684448242188], [-118.50596, 45.60963, -844.2565307617188]]], [[[-118.48212, 45.66289, -7911.50634765625], [-118.48225, 45.66789, -8057.07568359375], [-118.48282, 45.66543, -8568.11328125], [-118.48212, 45.66289, -7911.50634765625]]], [[[-118.53255, 45.55625, -1.516093015670776], [-118.53518, 45.55173, 837.0860595703125], [-118.52881, 45.55931, 1010.6316528320312], [-118.53255, 45.55625, -1.516093015670776]]], [[[-118.43603, 45.74734, -5953.69677734375], [-118.43226, 45.7554, -5941.52685546875], [-118.43539, 45.75165, -6930.36572265625], [-118.43603, 45.74734, -5953.69677734375]]], [[[-118.51347, 45.59423, -876.81982421875], [-118.51468, 45.58957, 53.49069595336914], [-118.51121, 45.5976, 127.0615234375], [-118.51347, 45.59423, -876.81982421875]]], [[[-118.53622, 45.56455, -7663.49658203125], [-118.53783, 45.56476, -9063.3701171875], [-118.54232, 45.55691, -8147.73779296875], [-118.53622, 45.56455, -7663.49658203125]]], [[[-118.50724, 45.60565, 123.36988830566406], [-118.50866, 45.60154, 1074.00732421875], [-118.50358, 45.60976, 1039.206298828125], [-118.50724, 45.60565, 123.36988830566406]]], [[[-118.47196, 45.67674, -6572.18017578125], [-118.46866, 45.68378, -6726.5], [-118.47161, 45.67966, -7541.07177734375], [-118.47196, 45.67674, -6572.18017578125]]], [[[-118.52704, 45.574, -3789.40087890625], [-118.52335, 45.5821, -3700.5302734375], [-118.52626, 45.57872, -4739.8486328125], [-118.52704, 45.574, -3789.40087890625]]], [[[-118.5488, 45.54861, -8554.12109375], [-118.55504, 45.54113, -8934.525390625], [-118.55422, 45.54058, -7916.82177734375], [-118.5488, 45.54861, -8554.12109375]]], [[[-118.52949, 45.57002, -4769.107421875], [-118.5311, 45.56512, -3842.07177734375], [-118.52704, 45.574, -3789.40087890625], [-118.52949, 45.57002, -4769.107421875]]], [[[-118.53622, 45.56455, -7663.49658203125], [-118.53348, 45.57033, -8325.5751953125], [-118.53783, 45.56476, -9063.3701171875], [-118.53622, 45.56455, -7663.49658203125]]], [[[-118.54045, 45.55415, -4875.14208984375], [-118.53665, 45.55721, -3869.57373046875], [-118.53475, 45.56142, -4854.36181640625], [-118.54045, 45.55415, -4875.14208984375]]], [[[-118.56065, 45.5402, -12723.2626953125], [-118.55844, 45.54432, -13755.4990234375], [-118.56439, 45.53656, -13675.2607421875], [-118.56065, 45.5402, -12723.2626953125]]], [[[-118.53467, 45.55664, -1925.0140380859375], [-118.53873, 45.55323, -2912.8349609375], [-118.54023, 45.54925, -1919.0428466796875], [-118.53467, 45.55664, -1925.0140380859375]]], [[[-118.57064, 45.52755, -13633.146484375], [-118.57647, 45.51886, -13126.2666015625], [-118.57143, 45.52432, -12724.5849609375], [-118.57064, 45.52755, -13633.146484375]]], [[[-118.53475, 45.56142, -4854.36181640625], [-118.5311, 45.56512, -3842.07177734375], [-118.52949, 45.57002, -4769.107421875], [-118.53475, 45.56142, -4854.36181640625]]], [[[-118.42643, 45.77693, -6930.37646484375], [-118.42642, 45.77246, -5946.37890625], [-118.42386, 45.78111, -5947.55712890625], [-118.42643, 45.77693, -6930.37646484375]]], [[[-118.51649, 45.59048, -1846.624267578125], [-118.51795, 45.58614, -914.8438720703125], [-118.51347, 45.59423, -876.81982421875], [-118.51649, 45.59048, -1846.624267578125]]], [[[-118.53622, 45.56455, -7663.49658203125], [-118.53108, 45.57452, -7450.19873046875], [-118.53348, 45.57033, -8325.5751953125], [-118.53622, 45.56455, -7663.49658203125]]], [[[-118.51313, 45.59858, -1830.294189453125], [-118.51347, 45.59423, -876.81982421875], [-118.51071, 45.60199, -825.1564331054688], [-118.51313, 45.59858, -1830.294189453125]]], [[[-118.54869, 45.55651, -12930.3642578125], [-118.55281, 45.55228, -13829.3076171875], [-118.55417, 45.54845, -12855.435546875], [-118.54869, 45.55651, -12930.3642578125]]], [[[-118.51553, 45.59469, -2803.369873046875], [-118.51313, 45.59858, -1830.294189453125], [-118.51267, 45.60272, -2797.697998046875], [-118.51553, 45.59469, -2803.369873046875]]], [[[-118.41387, 45.86928, -7486.34814453125], [-118.41466, 45.8778, -6979.8896484375], [-118.41572, 45.87788, -7995.07763671875], [-118.41387, 45.86928, -7486.34814453125]]], [[[-118.51071, 45.60199, -825.1564331054688], [-118.50724, 45.60565, 123.36988830566406], [-118.50596, 45.60963, -844.2565307617188], [-118.51071, 45.60199, -825.1564331054688]]], [[[-118.43188, 45.76445, -8723.2177734375], [-118.43457, 45.75984, -9684.4404296875], [-118.43557, 45.75548, -8727.953125], [-118.43188, 45.76445, -8723.2177734375]]], [[[-118.51071, 45.60199, -825.1564331054688], [-118.50945, 45.60588, -1795.079345703125], [-118.51313, 45.59858, -1830.294189453125], [-118.51071, 45.60199, -825.1564331054688]]], [[[-118.53622, 45.56455, -7663.49658203125], [-118.5315, 45.57057, -6680.26953125], [-118.53108, 45.57452, -7450.19873046875], [-118.53622, 45.56455, -7663.49658203125]]], [[[-118.4888, 45.63379, -1038.520263671875], [-118.48586, 45.63806, -121.83020782470703], [-118.4852, 45.64228, -1126.6129150390625], [-118.4888, 45.63379, -1038.520263671875]]], [[[-118.52155, 45.59974, -9490.048828125], [-118.52181, 45.59571, -8556.34765625], [-118.5188, 45.60422, -8572.3271484375], [-118.52155, 45.59974, -9490.048828125]]], [[[-118.51795, 45.58614, -914.8438720703125], [-118.51967, 45.58085, -34.01129913330078], [-118.51468, 45.58957, 53.49069595336914], [-118.51795, 45.58614, -914.8438720703125]]], [[[-118.44265, 45.73909, -8380.5029296875], [-118.44241, 45.7425, -9576.955078125], [-118.44643, 45.73401, -9411.3154296875], [-118.44265, 45.73909, -8380.5029296875]]], [[[-118.51121, 45.5976, 127.0615234375], [-118.51172, 45.59284, 1045.4373779296875], [-118.50866, 45.60154, 1074.00732421875], [-118.51121, 45.5976, 127.0615234375]]], [[[-118.53622, 45.56455, -7663.49658203125], [-118.53605, 45.56297, -6710.49853515625], [-118.5315, 45.57057, -6680.26953125], [-118.53622, 45.56455, -7663.49658203125]]], [[[-118.52915, 45.56447, -1943.0665283203125], [-118.53067, 45.56026, -982.044189453125], [-118.52586, 45.56767, -934.8229370117188], [-118.52915, 45.56447, -1943.0665283203125]]], [[[-118.45209, 45.7293, -12416.986328125], [-118.45138, 45.73345, -13387.189453125], [-118.45533, 45.72497, -13342.98828125], [-118.45209, 45.7293, -12416.986328125]]], [[[-118.53067, 45.56026, -982.044189453125], [-118.53255, 45.55625, -1.516093015670776], [-118.52739, 45.5634, 21.924230575561523], [-118.53067, 45.56026, -982.044189453125]]], [[[-118.53622, 45.56455, -7663.49658203125], [-118.54155, 45.5562, -7080.93896484375], [-118.53605, 45.56297, -6710.49853515625], [-118.53622, 45.56455, -7663.49658203125]]], [[[-118.53662, 45.55277, -942.1219482421875], [-118.53886, 45.54792, -70.8875732421875], [-118.53255, 45.55625, -1.516093015670776], [-118.53662, 45.55277, -942.1219482421875]]], [[[-118.46971, 45.67937, -5791.46240234375], [-118.46664, 45.68355, -4915.40771484375], [-118.4658, 45.68803, -5866.029296875], [-118.46971, 45.67937, -5791.46240234375]]], [[[-118.52915, 45.56447, -1943.0665283203125], [-118.53467, 45.55664, -1925.0140380859375], [-118.53067, 45.56026, -982.044189453125], [-118.52915, 45.56447, -1943.0665283203125]]], [[[-118.53975, 45.55665, -5955.4462890625], [-118.53605, 45.56297, -6710.49853515625], [-118.54155, 45.5562, -7080.93896484375], [-118.53975, 45.55665, -5955.4462890625]]], [[[-118.51795, 45.58614, -914.8438720703125], [-118.52123, 45.58204, -1869.552490234375], [-118.5228, 45.5768, -983.5057983398438], [-118.51795, 45.58614, -914.8438720703125]]], [[[-118.48636, 45.6651, -11861.9189453125], [-118.4881, 45.65799, -11942.1484375], [-118.48572, 45.66116, -11241.123046875], [-118.48636, 45.6651, -11861.9189453125]]], [[[-118.50172, 45.61733, -913.2564697265625], [-118.49791, 45.62159, 9.741642951965332], [-118.4968, 45.6252, -982.1701049804688], [-118.50172, 45.61733, -913.2564697265625]]], [[[-118.46484, 45.69256, -6810.73681640625], [-118.4658, 45.68803, -5866.029296875], [-118.46034, 45.69811, -5923.49951171875], [-118.46484, 45.69256, -6810.73681640625]]], [[[-118.53277, 45.56069, -2887.23486328125], [-118.52915, 45.56447, -1943.0665283203125], [-118.52767, 45.56899, -2885.66357421875], [-118.53277, 45.56069, -2887.23486328125]]], [[[-118.53605, 45.56297, -6710.49853515625], [-118.53975, 45.55665, -5955.4462890625], [-118.53288, 45.56607, -5769.59228515625], [-118.53605, 45.56297, -6710.49853515625]]], [[[-118.52586, 45.56767, -934.8229370117188], [-118.52338, 45.57209, -50.817054748535156], [-118.5228, 45.5768, -983.5057983398438], [-118.52586, 45.56767, -934.8229370117188]]], [[[-118.49974, 45.63611, -11010.685546875], [-118.49915, 45.6402, -11991.904296875], [-118.50502, 45.63107, -11780.6640625], [-118.49974, 45.63611, -11010.685546875]]], [[[-118.54862, 45.5369, -1051.3096923828125], [-118.55506, 45.52799, -933.4019165039062], [-118.55081, 45.53243, -125.686279296875], [-118.54862, 45.5369, -1051.3096923828125]]], [[[-118.41516, 45.82697, -9131.8310546875], [-118.41522, 45.83356, -9890.3544921875], [-118.41675, 45.82176, -9967.1552734375], [-118.41516, 45.82697, -9131.8310546875]]], [[[-118.56221, 45.51924, -2430.022705078125], [-118.55717, 45.5284, -2907.697265625], [-118.56047, 45.52443, -3689.736083984375], [-118.56221, 45.51924, -2430.022705078125]]], [[[-118.5315, 45.57057, -6680.26953125], [-118.53288, 45.56607, -5769.59228515625], [-118.52898, 45.5748, -5710.65771484375], [-118.5315, 45.57057, -6680.26953125]]], [[[-118.50172, 45.61733, -913.2564697265625], [-118.50596, 45.60963, -844.2565307617188], [-118.50245, 45.61385, 84.29684448242188], [-118.50172, 45.61733, -913.2564697265625]]], [[[-118.47073, 45.67518, -4856.615234375], [-118.4745, 45.67282, -5713.84326171875], [-118.47795, 45.66912, -5112.3623046875], [-118.47073, 45.67518, -4856.615234375]]], [[[-118.56621, 45.51759, -4259.3173828125], [-118.57096, 45.51131, -3748.86962890625], [-118.56541, 45.5172, -3338.62939453125], [-118.56621, 45.51759, -4259.3173828125]]], [[[-118.4315, 45.78134, -12700.6064453125], [-118.42858, 45.78983, -12742.07421875], [-118.43122, 45.78544, -13674.2041015625], [-118.4315, 45.78134, -12700.6064453125]]], [[[-118.5315, 45.57057, -6680.26953125], [-118.52898, 45.5748, -5710.65771484375], [-118.52816, 45.57929, -6607.259765625], [-118.5315, 45.57057, -6680.26953125]]], [[[-118.56959, 45.51175, -2780.151123046875], [-118.57096, 45.51131, -3748.86962890625], [-118.57349, 45.50482, -3227.2822265625], [-118.56959, 45.51175, -2780.151123046875]]], [[[-118.5315, 45.57057, -6680.26953125], [-118.52816, 45.57929, -6607.259765625], [-118.53108, 45.57452, -7450.19873046875], [-118.5315, 45.57057, -6680.26953125]]], [[[-118.57096, 45.51131, -3748.86962890625], [-118.57193, 45.5119, -4796.18603515625], [-118.57462, 45.50502, -4248.56298828125], [-118.57096, 45.51131, -3748.86962890625]]], [[[-118.52888, 45.59747, -15217.44140625], [-118.53253, 45.59298, -16102.318359375], [-118.53362, 45.58927, -15128.28515625], [-118.52888, 45.59747, -15217.44140625]]], [[[-118.56761, 45.51761, -5353.55419921875], [-118.5732, 45.5117, -5773.5244140625], [-118.57193, 45.5119, -4796.18603515625], [-118.56761, 45.51761, -5353.55419921875]]], [[[-118.47968, 45.65798, -4943.44189453125], [-118.48418, 45.64976, -4959.10986328125], [-118.48103, 45.65337, -4078.413818359375], [-118.47968, 45.65798, -4943.44189453125]]], [[[-118.52739, 45.5634, 21.924230575561523], [-118.53255, 45.55625, -1.516093015670776], [-118.52881, 45.55931, 1010.6316528320312], [-118.52739, 45.5634, 21.924230575561523]]], [[[-118.52718, 45.58332, -7476.55859375], [-118.53108, 45.57452, -7450.19873046875], [-118.52816, 45.57929, -6607.259765625], [-118.52718, 45.58332, -7476.55859375]]], [[[-118.54622, 45.5412, -2031.3623046875], [-118.54862, 45.5369, -1051.3096923828125], [-118.54235, 45.54448, -1040.3004150390625], [-118.54622, 45.5412, -2031.3623046875]]], [[[-118.497, 45.63725, -9135.58984375], [-118.5013, 45.63246, -9985.244140625], [-118.50358, 45.6288, -8840.9951171875], [-118.497, 45.63725, -9135.58984375]]], [[[-118.55717, 45.5284, -2907.697265625], [-118.56221, 45.51924, -2430.022705078125], [-118.5576, 45.52551, -1840.262939453125], [-118.55717, 45.5284, -2907.697265625]]], [[[-118.57357, 45.51813, -10334.9287109375], [-118.56847, 45.52551, -10844.0400390625], [-118.57472, 45.51817, -11253.9228515625], [-118.57357, 45.51813, -10334.9287109375]]], [[[-118.49175, 45.62943, -109.17919921875], [-118.49791, 45.62159, 9.741642951965332], [-118.49375, 45.62625, 878.6212158203125], [-118.49175, 45.62943, -109.17919921875]]], [[[-118.53108, 45.57452, -7450.19873046875], [-118.52718, 45.58332, -7476.55859375], [-118.53033, 45.57908, -8362.419921875], [-118.53108, 45.57452, -7450.19873046875]]], [[[-118.54448, 45.54033, -79.13597869873047], [-118.55081, 45.53243, -125.686279296875], [-118.54708, 45.53589, 828.0772094726562], [-118.54448, 45.54033, -79.13597869873047]]], [[[-118.46753, 45.67963, -4055.673828125], [-118.46509, 45.68216, -3065.96533203125], [-118.4636, 45.68808, -4005.916015625], [-118.46753, 45.67963, -4055.673828125]]], [[[-118.56221, 45.51924, -2430.022705078125], [-118.56047, 45.52443, -3689.736083984375], [-118.56541, 45.5172, -3338.62939453125], [-118.56221, 45.51924, -2430.022705078125]]], [[[-118.55167, 45.54065, -5953.5439453125], [-118.5529, 45.54072, -6968.87353515625], [-118.5582, 45.53283, -6411.97705078125], [-118.55167, 45.54065, -5953.5439453125]]], [[[-118.5228, 45.5768, -983.5057983398438], [-118.52338, 45.57209, -50.817054748535156], [-118.51967, 45.58085, -34.01129913330078], [-118.5228, 45.5768, -983.5057983398438]]], [[[-118.53348, 45.57033, -8325.5751953125], [-118.53108, 45.57452, -7450.19873046875], [-118.53033, 45.57908, -8362.419921875], [-118.53348, 45.57033, -8325.5751953125]]], [[[-118.47999, 45.67223, -9411.0244140625], [-118.47688, 45.67428, -8828.6416015625], [-118.4741, 45.6788, -9287.6533203125], [-118.47999, 45.67223, -9411.0244140625]]], [[[-118.56959, 45.51175, -2780.151123046875], [-118.56541, 45.5172, -3338.62939453125], [-118.57096, 45.51131, -3748.86962890625], [-118.56959, 45.51175, -2780.151123046875]]], [[[-118.42162, 45.8197, -13827.533203125], [-118.42025, 45.82877, -13851.7001953125], [-118.42184, 45.82409, -14778.5361328125], [-118.42162, 45.8197, -13827.533203125]]], [[[-118.55081, 45.53243, -125.686279296875], [-118.55664, 45.52348, -59.03456497192383], [-118.55302, 45.52797, 765.2035522460938], [-118.55081, 45.53243, -125.686279296875]]], [[[-118.53348, 45.57033, -8325.5751953125], [-118.53033, 45.57908, -8362.419921875], [-118.53332, 45.57418, -9298.021484375], [-118.53348, 45.57033, -8325.5751953125]]], [[[-118.51967, 45.58085, -34.01129913330078], [-118.5209, 45.57621, 888.0645141601562], [-118.51659, 45.58465, 910.0199584960938], [-118.51967, 45.58085, -34.01129913330078]]], [[[-118.53348, 45.57033, -8325.5751953125], [-118.53332, 45.57418, -9298.021484375], [-118.53783, 45.56476, -9063.3701171875], [-118.53348, 45.57033, -8325.5751953125]]], [[[-118.53886, 45.54792, -70.8875732421875], [-118.5406, 45.54361, 874.7601928710938], [-118.53518, 45.55173, 837.0860595703125], [-118.53886, 45.54792, -70.8875732421875]]], [[[-118.53332, 45.57418, -9298.021484375], [-118.53603, 45.56936, -10210.375], [-118.53783, 45.56476, -9063.3701171875], [-118.53332, 45.57418, -9298.021484375]]], [[[-118.53332, 45.57418, -9298.021484375], [-118.5329, 45.5785, -10299.8818359375], [-118.53603, 45.56936, -10210.375], [-118.53332, 45.57418, -9298.021484375]]], [[[-118.52338, 45.57209, -50.817054748535156], [-118.52739, 45.5634, 21.924230575561523], [-118.52384, 45.56748, 877.2655639648438], [-118.52338, 45.57209, -50.817054748535156]]], [[[-118.53332, 45.57418, -9298.021484375], [-118.52953, 45.58304, -9366.607421875], [-118.5329, 45.5785, -10299.8818359375], [-118.53332, 45.57418, -9298.021484375]]], [[[-118.51641, 45.62231, -15429.7919921875], [-118.52021, 45.61807, -16327.736328125], [-118.52122, 45.61415, -15362.12890625], [-118.51641, 45.62231, -15429.7919921875]]], [[[-118.53033, 45.57908, -8362.419921875], [-118.52953, 45.58304, -9366.607421875], [-118.53332, 45.57418, -9298.021484375], [-118.53033, 45.57908, -8362.419921875]]], [[[-118.54235, 45.54448, -1040.3004150390625], [-118.53886, 45.54792, -70.8875732421875], [-118.53662, 45.55277, -942.1219482421875], [-118.54235, 45.54448, -1040.3004150390625]]], [[[-118.52657, 45.58732, -8463.958984375], [-118.52532, 45.59138, -9431.9541015625], [-118.52953, 45.58304, -9366.607421875], [-118.52657, 45.58732, -8463.958984375]]], [[[-118.50245, 45.61385, 84.29684448242188], [-118.50724, 45.60565, 123.36988830566406], [-118.50358, 45.60976, 1039.206298828125], [-118.50245, 45.61385, 84.29684448242188]]], [[[-118.52657, 45.58732, -8463.958984375], [-118.52181, 45.59571, -8556.34765625], [-118.52532, 45.59138, -9431.9541015625], [-118.52657, 45.58732, -8463.958984375]]], [[[-118.52342, 45.5909, -7665.54248046875], [-118.52181, 45.59571, -8556.34765625], [-118.52657, 45.58732, -8463.958984375], [-118.52342, 45.5909, -7665.54248046875]]], [[[-118.56221, 45.51924, -2430.022705078125], [-118.56792, 45.51249, -1712.23974609375], [-118.56041, 45.5193, -1099.7203369140625], [-118.56221, 45.51924, -2430.022705078125]]], [[[-118.52342, 45.5909, -7665.54248046875], [-118.51985, 45.59854, -7662.890625], [-118.52181, 45.59571, -8556.34765625], [-118.52342, 45.5909, -7665.54248046875]]], [[[-118.56959, 45.51175, -2780.151123046875], [-118.57349, 45.50482, -3227.2822265625], [-118.57237, 45.50461, -2206.001708984375], [-118.56959, 45.51175, -2780.151123046875]]], [[[-118.51985, 45.59854, -7662.890625], [-118.52342, 45.5909, -7665.54248046875], [-118.52013, 45.59431, -6697.12890625], [-118.51985, 45.59854, -7662.890625]]], [[[-118.51985, 45.59854, -7662.890625], [-118.52013, 45.59431, -6697.12890625], [-118.51758, 45.60264, -6763.5869140625], [-118.51985, 45.59854, -7662.890625]]], [[[-118.51967, 45.58085, -34.01129913330078], [-118.51659, 45.58465, 910.0199584960938], [-118.51468, 45.58957, 53.49069595336914], [-118.51967, 45.58085, -34.01129913330078]]], [[[-118.51985, 45.59854, -7662.890625], [-118.51594, 45.60706, -7702.75732421875], [-118.5188, 45.60422, -8572.3271484375], [-118.51985, 45.59854, -7662.890625]]], [[[-118.52739, 45.5634, 21.924230575561523], [-118.52881, 45.55931, 1010.6316528320312], [-118.52384, 45.56748, 877.2655639648438], [-118.52739, 45.5634, 21.924230575561523]]], [[[-118.51985, 45.59854, -7662.890625], [-118.5188, 45.60422, -8572.3271484375], [-118.52181, 45.59571, -8556.34765625], [-118.51985, 45.59854, -7662.890625]]], [[[-118.50724, 45.60565, 123.36988830566406], [-118.51121, 45.5976, 127.0615234375], [-118.50866, 45.60154, 1074.00732421875], [-118.50724, 45.60565, 123.36988830566406]]], [[[-118.52181, 45.59571, -8556.34765625], [-118.52155, 45.59974, -9490.048828125], [-118.52532, 45.59138, -9431.9541015625], [-118.52181, 45.59571, -8556.34765625]]], [[[-118.55554, 45.53274, -4179.91015625], [-118.55717, 45.5284, -2907.697265625], [-118.55141, 45.53637, -2957.781982421875], [-118.55554, 45.53274, -4179.91015625]]], [[[-118.52155, 45.59974, -9490.048828125], [-118.52415, 45.59516, -10437.919921875], [-118.52532, 45.59138, -9431.9541015625], [-118.52155, 45.59974, -9490.048828125]]], [[[-118.52338, 45.57209, -50.817054748535156], [-118.52384, 45.56748, 877.2655639648438], [-118.5209, 45.57621, 888.0645141601562], [-118.52338, 45.57209, -50.817054748535156]]], [[[-118.52155, 45.59974, -9490.048828125], [-118.52156, 45.6036, -10499.8994140625], [-118.52415, 45.59516, -10437.919921875], [-118.52155, 45.59974, -9490.048828125]]], [[[-118.55141, 45.53637, -2957.781982421875], [-118.54622, 45.5412, -2031.3623046875], [-118.54403, 45.54542, -2924.06494140625], [-118.55141, 45.53637, -2957.781982421875]]], [[[-118.48166, 45.6715, -10052.2958984375], [-118.48325, 45.66889, -8988.263671875], [-118.47999, 45.67223, -9411.0244140625], [-118.48166, 45.6715, -10052.2958984375]]], [[[-118.5005, 45.62119, -1893.922607421875], [-118.50172, 45.61733, -913.2564697265625], [-118.4968, 45.6252, -982.1701049804688], [-118.5005, 45.62119, -1893.922607421875]]], [[[-118.51766, 45.60797, -9568.4501953125], [-118.52156, 45.6036, -10499.8994140625], [-118.52155, 45.59974, -9490.048828125], [-118.51766, 45.60797, -9568.4501953125]]], [[[-118.5576, 45.52551, -1840.262939453125], [-118.55272, 45.53281, -1917.7969970703125], [-118.55717, 45.5284, -2907.697265625], [-118.5576, 45.52551, -1840.262939453125]]], [[[-118.51766, 45.60797, -9568.4501953125], [-118.51678, 45.61163, -10585.580078125], [-118.52156, 45.6036, -10499.8994140625], [-118.51766, 45.60797, -9568.4501953125]]], [[[-118.55664, 45.52348, -59.03456497192383], [-118.55756, 45.51979, 970.0731811523438], [-118.55302, 45.52797, 765.2035522460938], [-118.55664, 45.52348, -59.03456497192383]]], [[[-118.51314, 45.6161, -9655.3525390625], [-118.51678, 45.61163, -10585.580078125], [-118.51766, 45.60797, -9568.4501953125], [-118.51314, 45.6161, -9655.3525390625]]], [[[-118.55081, 45.53243, -125.686279296875], [-118.55302, 45.52797, 765.2035522460938], [-118.54708, 45.53589, 828.0772094726562], [-118.55081, 45.53243, -125.686279296875]]], [[[-118.51314, 45.6161, -9655.3525390625], [-118.51218, 45.61978, -10670.3232421875], [-118.51678, 45.61163, -10585.580078125], [-118.51314, 45.6161, -9655.3525390625]]], [[[-118.50811, 45.62436, -9747.1943359375], [-118.51218, 45.61978, -10670.3232421875], [-118.51314, 45.6161, -9655.3525390625], [-118.50811, 45.62436, -9747.1943359375]]], [[[-118.50811, 45.62436, -9747.1943359375], [-118.50694, 45.62779, -10772.283203125], [-118.51218, 45.61978, -10670.3232421875], [-118.50811, 45.62436, -9747.1943359375]]], [[[-118.5576, 45.52551, -1840.262939453125], [-118.56221, 45.51924, -2430.022705078125], [-118.56041, 45.5193, -1099.7203369140625], [-118.5576, 45.52551, -1840.262939453125]]], [[[-118.50811, 45.62436, -9747.1943359375], [-118.5013, 45.63246, -9985.244140625], [-118.50694, 45.62779, -10772.283203125], [-118.50811, 45.62436, -9747.1943359375]]], [[[-118.51121, 45.5976, 127.0615234375], [-118.51468, 45.58957, 53.49069595336914], [-118.51172, 45.59284, 1045.4373779296875], [-118.51121, 45.5976, 127.0615234375]]], [[[-118.5013, 45.63246, -9985.244140625], [-118.50811, 45.62436, -9747.1943359375], [-118.50358, 45.6288, -8840.9951171875], [-118.5013, 45.63246, -9985.244140625]]], [[[-118.54023, 45.54925, -1919.0428466796875], [-118.54235, 45.54448, -1040.3004150390625], [-118.53662, 45.55277, -942.1219482421875], [-118.54023, 45.54925, -1919.0428466796875]]], [[[-118.497, 45.63725, -9135.58984375], [-118.49659, 45.64095, -10125.4052734375], [-118.5013, 45.63246, -9985.244140625], [-118.497, 45.63725, -9135.58984375]]], [[[-118.54862, 45.5369, -1051.3096923828125], [-118.55081, 45.53243, -125.686279296875], [-118.54448, 45.54033, -79.13597869873047], [-118.54862, 45.5369, -1051.3096923828125]]], [[[-118.49261, 45.64568, -9267.34765625], [-118.49123, 45.64905, -10254.7431640625], [-118.49659, 45.64095, -10125.4052734375], [-118.49261, 45.64568, -9267.34765625]]], [[[-118.48354, 45.65893, -8653.6376953125], [-118.48738, 45.65359, -9445.705078125], [-118.4874, 45.65156, -8555.8173828125], [-118.48354, 45.65893, -8653.6376953125]]], [[[-118.57673, 45.5119, -8803.193359375], [-118.58017, 45.50603, -9298.552734375], [-118.57907, 45.50583, -8300.849609375], [-118.57673, 45.5119, -8803.193359375]]], [[[-118.51641, 45.62231, -15429.7919921875], [-118.51519, 45.62605, -16393.736328125], [-118.52021, 45.61807, -16327.736328125], [-118.51641, 45.62231, -15429.7919921875]]], [[[-118.48439, 45.65927, -9548.2001953125], [-118.48354, 45.65893, -8653.6376953125], [-118.48349, 45.66396, -9182.6484375], [-118.48439, 45.65927, -9548.2001953125]]], [[[-118.569, 45.504, 857.8400268554688], [-118.56651, 45.51076, 193.59609985351562], [-118.57012, 45.5042, -163.44053649902344], [-118.569, 45.504, 857.8400268554688]]], [[[-118.48349, 45.66396, -9182.6484375], [-118.48433, 45.66377, -9964.4111328125], [-118.48439, 45.65927, -9548.2001953125], [-118.48349, 45.66396, -9182.6484375]]], [[[-118.56979, 45.51801, -7333.62451171875], [-118.56922, 45.51723, -6299.7216796875], [-118.56427, 45.52442, -6834.81103515625], [-118.56979, 45.51801, -7333.62451171875]]], [[[-118.48349, 45.66396, -9182.6484375], [-118.48325, 45.66889, -8988.263671875], [-118.4839, 45.66745, -9580.0888671875], [-118.48349, 45.66396, -9182.6484375]]], [[[-118.57472, 45.51817, -11253.9228515625], [-118.57621, 45.51785, -12158.271484375], [-118.57999, 45.51247, -11784.8046875], [-118.57472, 45.51817, -11253.9228515625]]], [[[-118.48349, 45.66396, -9182.6484375], [-118.48282, 45.66543, -8568.11328125], [-118.48325, 45.66889, -8988.263671875], [-118.48349, 45.66396, -9182.6484375]]], [[[-118.5789, 45.51229, -10796.509765625], [-118.57999, 45.51247, -11784.8046875], [-118.58236, 45.50643, -11290.84765625], [-118.5789, 45.51229, -10796.509765625]]], [[[-118.48349, 45.66396, -9182.6484375], [-118.48354, 45.65893, -8653.6376953125], [-118.48282, 45.66543, -8568.11328125], [-118.48349, 45.66396, -9182.6484375]]], [[[-118.56982, 45.5252, -11815.0478515625], [-118.56847, 45.52551, -10844.0400390625], [-118.56364, 45.53414, -11647.951171875], [-118.56982, 45.5252, -11815.0478515625]]], [[[-118.48212, 45.66289, -7911.50634765625], [-118.48282, 45.66543, -8568.11328125], [-118.48354, 45.65893, -8653.6376953125], [-118.48212, 45.66289, -7911.50634765625]]], [[[-118.56154, 45.51677, -31.69292449951172], [-118.56651, 45.51076, 193.59609985351562], [-118.56463, 45.51237, 950.9812622070312], [-118.56154, 45.51677, -31.69292449951172]]], [[[-118.48212, 45.66289, -7911.50634765625], [-118.4814, 45.66305, -7237.34521484375], [-118.48144, 45.66865, -7375.23583984375], [-118.48212, 45.66289, -7911.50634765625]]], [[[-118.57357, 45.51813, -10334.9287109375], [-118.57472, 45.51817, -11253.9228515625], [-118.5789, 45.51229, -10796.509765625], [-118.57357, 45.51813, -10334.9287109375]]], [[[-118.4814, 45.66305, -7237.34521484375], [-118.48404, 45.65589, -7659.32568359375], [-118.48222, 45.6574, -6800.16796875], [-118.4814, 45.66305, -7237.34521484375]]], [[[-118.48222, 45.6574, -6800.16796875], [-118.48079, 45.66446, -6676.68603515625], [-118.4814, 45.66305, -7237.34521484375], [-118.48222, 45.6574, -6800.16796875]]], [[[-118.57096, 45.51131, -3748.86962890625], [-118.57462, 45.50502, -4248.56298828125], [-118.57349, 45.50482, -3227.2822265625], [-118.57096, 45.51131, -3748.86962890625]]], [[[-118.48038, 45.66048, -6274.91064453125], [-118.48222, 45.6574, -6800.16796875], [-118.4828, 45.65412, -5862.94140625], [-118.48038, 45.66048, -6274.91064453125]]], [[[-118.57556, 45.51185, -7807.2333984375], [-118.57147, 45.51757, -8290.4326171875], [-118.57673, 45.5119, -8803.193359375], [-118.57556, 45.51185, -7807.2333984375]]], [[[-118.48027, 45.66651, -6210.283203125], [-118.48038, 45.66048, -6274.91064453125], [-118.47975, 45.6616, -5699.9384765625], [-118.48027, 45.66651, -6210.283203125]]], [[[-118.57257, 45.51776, -9277.693359375], [-118.57147, 45.51757, -8290.4326171875], [-118.56645, 45.52476, -8806.1083984375], [-118.57257, 45.51776, -9277.693359375]]], [[[-118.48011, 45.66919, -6828.88525390625], [-118.48079, 45.66446, -6676.68603515625], [-118.48027, 45.66651, -6210.283203125], [-118.48011, 45.66919, -6828.88525390625]]], [[[-118.48011, 45.66919, -6828.88525390625], [-118.4814, 45.66305, -7237.34521484375], [-118.48079, 45.66446, -6676.68603515625], [-118.48011, 45.66919, -6828.88525390625]]], [[[-118.57556, 45.51185, -7807.2333984375], [-118.57907, 45.50583, -8300.849609375], [-118.57797, 45.50563, -7301.4716796875], [-118.57556, 45.51185, -7807.2333984375]]], [[[-118.47975, 45.6679, -5726.2353515625], [-118.47678, 45.67156, -6362.7939453125], [-118.48027, 45.66651, -6210.283203125], [-118.47975, 45.6679, -5726.2353515625]]], [[[-118.53662, 45.55277, -942.1219482421875], [-118.53255, 45.55625, -1.516093015670776], [-118.53067, 45.56026, -982.044189453125], [-118.53662, 45.55277, -942.1219482421875]]], [[[-118.47678, 45.67156, -6362.7939453125], [-118.47975, 45.6679, -5726.2353515625], [-118.4745, 45.67282, -5713.84326171875], [-118.47678, 45.67156, -6362.7939453125]]], [[[-118.47531, 45.67376, -7164.4619140625], [-118.47196, 45.67674, -6572.18017578125], [-118.47161, 45.67966, -7541.07177734375], [-118.47531, 45.67376, -7164.4619140625]]], [[[-118.48144, 45.66865, -7375.23583984375], [-118.47531, 45.67376, -7164.4619140625], [-118.47878, 45.67136, -7717.64013671875], [-118.48144, 45.66865, -7375.23583984375]]], [[[-118.48225, 45.66789, -8057.07568359375], [-118.48144, 45.66865, -7375.23583984375], [-118.47878, 45.67136, -7717.64013671875], [-118.48225, 45.66789, -8057.07568359375]]], [[[-118.5732, 45.5117, -5773.5244140625], [-118.57686, 45.50543, -6290.92431640625], [-118.57574, 45.50523, -5269.84326171875], [-118.5732, 45.5117, -5773.5244140625]]], [[[-118.48225, 45.66789, -8057.07568359375], [-118.47878, 45.67136, -7717.64013671875], [-118.48079, 45.67042, -8431.4765625], [-118.48225, 45.66789, -8057.07568359375]]], [[[-118.56041, 45.5193, -1099.7203369140625], [-118.56154, 45.51677, -31.69292449951172], [-118.55664, 45.52348, -59.03456497192383], [-118.56041, 45.5193, -1099.7203369140625]]], [[[-118.48225, 45.66789, -8057.07568359375], [-118.48079, 45.67042, -8431.4765625], [-118.48325, 45.66889, -8988.263671875], [-118.48225, 45.66789, -8057.07568359375]]], [[[-118.57999, 45.51247, -11784.8046875], [-118.58099, 45.51276, -12752.7841796875], [-118.58346, 45.50663, -12285.857421875], [-118.57999, 45.51247, -11784.8046875]]], [[[-118.48225, 45.66789, -8057.07568359375], [-118.48325, 45.66889, -8988.263671875], [-118.48282, 45.66543, -8568.11328125], [-118.48225, 45.66789, -8057.07568359375]]], [[[-118.48079, 45.67042, -8431.4765625], [-118.47688, 45.67428, -8828.6416015625], [-118.48325, 45.66889, -8988.263671875], [-118.48079, 45.67042, -8431.4765625]]], [[[-118.57257, 45.51776, -9277.693359375], [-118.57357, 45.51813, -10334.9287109375], [-118.57782, 45.51209, -9800.5517578125], [-118.57257, 45.51776, -9277.693359375]]], [[[-118.47546, 45.67469, -8102.06494140625], [-118.47161, 45.68204, -8563.8095703125], [-118.47688, 45.67428, -8828.6416015625], [-118.47546, 45.67469, -8102.06494140625]]], [[[-118.52767, 45.56899, -2885.66357421875], [-118.52533, 45.57248, -1865.2012939453125], [-118.52454, 45.57748, -2758.5703125], [-118.52767, 45.56899, -2885.66357421875]]], [[[-118.47161, 45.67966, -7541.07177734375], [-118.46827, 45.68733, -7703.6650390625], [-118.47161, 45.68204, -8563.8095703125], [-118.47161, 45.67966, -7541.07177734375]]], [[[-118.56692, 45.51207, -687.7085571289062], [-118.57012, 45.5042, -163.44053649902344], [-118.56651, 45.51076, 193.59609985351562], [-118.56692, 45.51207, -687.7085571289062]]], [[[-118.47161, 45.67966, -7541.07177734375], [-118.46866, 45.68378, -6726.5], [-118.46827, 45.68733, -7703.6650390625], [-118.47161, 45.67966, -7541.07177734375]]], [[[-118.56692, 45.51207, -687.7085571289062], [-118.57125, 45.50441, -1184.7210693359375], [-118.57012, 45.5042, -163.44053649902344], [-118.56692, 45.51207, -687.7085571289062]]], [[[-118.47196, 45.67674, -6572.18017578125], [-118.46971, 45.67937, -5791.46240234375], [-118.46866, 45.68378, -6726.5], [-118.47196, 45.67674, -6572.18017578125]]], [[[-118.56154, 45.51677, -31.69292449951172], [-118.56041, 45.5193, -1099.7203369140625], [-118.56692, 45.51207, -687.7085571289062], [-118.56154, 45.51677, -31.69292449951172]]], [[[-118.4745, 45.67282, -5713.84326171875], [-118.46971, 45.67937, -5791.46240234375], [-118.47196, 45.67674, -6572.18017578125], [-118.4745, 45.67282, -5713.84326171875]]], [[[-118.52704, 45.574, -3789.40087890625], [-118.5311, 45.56512, -3842.07177734375], [-118.52767, 45.56899, -2885.66357421875], [-118.52704, 45.574, -3789.40087890625]]], [[[-118.4745, 45.67282, -5713.84326171875], [-118.47073, 45.67518, -4856.615234375], [-118.46971, 45.67937, -5791.46240234375], [-118.4745, 45.67282, -5713.84326171875]]], [[[-118.47073, 45.67518, -4856.615234375], [-118.47795, 45.66912, -5112.3623046875], [-118.47573, 45.67057, -4678.14453125], [-118.47073, 45.67518, -4856.615234375]]], [[[-118.46753, 45.67963, -4055.673828125], [-118.4636, 45.68808, -4005.916015625], [-118.46664, 45.68355, -4915.40771484375], [-118.46753, 45.67963, -4055.673828125]]], [[[-118.55506, 45.52799, -933.4019165039062], [-118.56041, 45.5193, -1099.7203369140625], [-118.55664, 45.52348, -59.03456497192383], [-118.55506, 45.52799, -933.4019165039062]]], [[[-118.47073, 45.67518, -4856.615234375], [-118.46753, 45.67963, -4055.673828125], [-118.46664, 45.68355, -4915.40771484375], [-118.47073, 45.67518, -4856.615234375]]], [[[-118.53467, 45.55664, -1925.0140380859375], [-118.53662, 45.55277, -942.1219482421875], [-118.53067, 45.56026, -982.044189453125], [-118.53467, 45.55664, -1925.0140380859375]]], [[[-118.46484, 45.69256, -6810.73681640625], [-118.46866, 45.68378, -6726.5], [-118.4658, 45.68803, -5866.029296875], [-118.46484, 45.69256, -6810.73681640625]]], [[[-118.5311, 45.56512, -3842.07177734375], [-118.53277, 45.56069, -2887.23486328125], [-118.52767, 45.56899, -2885.66357421875], [-118.5311, 45.56512, -3842.07177734375]]], [[[-118.46866, 45.68378, -6726.5], [-118.46484, 45.69256, -6810.73681640625], [-118.46827, 45.68733, -7703.6650390625], [-118.46866, 45.68378, -6726.5]]], [[[-118.5311, 45.56512, -3842.07177734375], [-118.53665, 45.55721, -3869.57373046875], [-118.53277, 45.56069, -2887.23486328125], [-118.5311, 45.56512, -3842.07177734375]]], [[[-118.46827, 45.68733, -7703.6650390625], [-118.46317, 45.69715, -7793.3798828125], [-118.46787, 45.69105, -8749.09765625], [-118.46827, 45.68733, -7703.6650390625]]], [[[-118.5789, 45.51229, -10796.509765625], [-118.58236, 45.50643, -11290.84765625], [-118.58127, 45.50623, -10295.1796875], [-118.5789, 45.51229, -10796.509765625]]], [[[-118.47161, 45.68204, -8563.8095703125], [-118.46827, 45.68733, -7703.6650390625], [-118.46787, 45.69105, -8749.09765625], [-118.47161, 45.68204, -8563.8095703125]]], [[[-118.56922, 45.51723, -6299.7216796875], [-118.5732, 45.5117, -5773.5244140625], [-118.56761, 45.51761, -5353.55419921875], [-118.56922, 45.51723, -6299.7216796875]]], [[[-118.47161, 45.68204, -8563.8095703125], [-118.46787, 45.69105, -8749.09765625], [-118.47098, 45.68644, -9687.1611328125], [-118.47161, 45.68204, -8563.8095703125]]], [[[-118.55628, 45.54116, -9925.5068359375], [-118.55856, 45.53998, -10937.1484375], [-118.56288, 45.53306, -10382.154296875], [-118.55628, 45.54116, -9925.5068359375]]], [[[-118.48166, 45.6715, -10052.2958984375], [-118.4839, 45.66745, -9580.0888671875], [-118.48325, 45.66889, -8988.263671875], [-118.48166, 45.6715, -10052.2958984375]]], [[[-118.54634, 45.5485, -6495.59130859375], [-118.55167, 45.54065, -5953.5439453125], [-118.5452, 45.54822, -5414.69580078125], [-118.54634, 45.5485, -6495.59130859375]]], [[[-118.4853, 45.66746, -10887.2197265625], [-118.48283, 45.67199, -11372.6484375], [-118.4859, 45.66737, -11441.103515625], [-118.4853, 45.66746, -10887.2197265625]]], [[[-118.50245, 45.61385, 84.29684448242188], [-118.50358, 45.60976, 1039.206298828125], [-118.49893, 45.61811, 994.8973388671875], [-118.50245, 45.61385, 84.29684448242188]]], [[[-118.48664, 45.65714, -10358.6044921875], [-118.48572, 45.66116, -11241.123046875], [-118.4897, 45.65312, -11166.4892578125], [-118.48664, 45.65714, -10358.6044921875]]], [[[-118.56288, 45.53306, -10382.154296875], [-118.56364, 45.53414, -11647.951171875], [-118.56847, 45.52551, -10844.0400390625], [-118.56288, 45.53306, -10382.154296875]]], [[[-118.485, 45.6633, -10590.212890625], [-118.48468, 45.6683, -10309.7763671875], [-118.4853, 45.66746, -10887.2197265625], [-118.485, 45.6633, -10590.212890625]]], [[[-118.57472, 45.51817, -11253.9228515625], [-118.56847, 45.52551, -10844.0400390625], [-118.56982, 45.5252, -11815.0478515625], [-118.57472, 45.51817, -11253.9228515625]]], [[[-118.48439, 45.65927, -9548.2001953125], [-118.48664, 45.65714, -10358.6044921875], [-118.48738, 45.65359, -9445.705078125], [-118.48439, 45.65927, -9548.2001953125]]], [[[-118.56168, 45.53295, -9322.087890625], [-118.56645, 45.52476, -8806.1083984375], [-118.56059, 45.53278, -8337.25], [-118.56168, 45.53295, -9322.087890625]]], [[[-118.48664, 45.65714, -10358.6044921875], [-118.4897, 45.65312, -11166.4892578125], [-118.49123, 45.64905, -10254.7431640625], [-118.48664, 45.65714, -10358.6044921875]]], [[[-118.57782, 45.51209, -9800.5517578125], [-118.5789, 45.51229, -10796.509765625], [-118.58127, 45.50623, -10295.1796875], [-118.57782, 45.51209, -9800.5517578125]]], [[[-118.5013, 45.63246, -9985.244140625], [-118.49974, 45.63611, -11010.685546875], [-118.50694, 45.62779, -10772.283203125], [-118.5013, 45.63246, -9985.244140625]]], [[[-118.55952, 45.5326, -7350.884765625], [-118.56537, 45.52457, -7815.548828125], [-118.56427, 45.52442, -6834.81103515625], [-118.55952, 45.5326, -7350.884765625]]], [[[-118.50502, 45.63107, -11780.6640625], [-118.51111, 45.62339, -11682.296875], [-118.50694, 45.62779, -10772.283203125], [-118.50502, 45.63107, -11780.6640625]]], [[[-118.51218, 45.61978, -10670.3232421875], [-118.51111, 45.62339, -11682.296875], [-118.51591, 45.61538, -11593.375], [-118.51218, 45.61978, -10670.3232421875]]], [[[-118.49791, 45.62159, 9.741642951965332], [-118.50245, 45.61385, 84.29684448242188], [-118.49893, 45.61811, 994.8973388671875], [-118.49791, 45.62159, 9.741642951965332]]], [[[-118.51678, 45.61163, -10585.580078125], [-118.51591, 45.61538, -11593.375], [-118.52051, 45.60723, -11511.3623046875], [-118.51678, 45.61163, -10585.580078125]]], [[[-118.56047, 45.52443, -3689.736083984375], [-118.56621, 45.51759, -4259.3173828125], [-118.56541, 45.5172, -3338.62939453125], [-118.56047, 45.52443, -3689.736083984375]]], [[[-118.52156, 45.6036, -10499.8994140625], [-118.52051, 45.60723, -11511.3623046875], [-118.52403, 45.59903, -11441.5087890625], [-118.52156, 45.6036, -10499.8994140625]]], [[[-118.54756, 45.54854, -7510.4990234375], [-118.5529, 45.54072, -6968.87353515625], [-118.54634, 45.5485, -6495.59130859375], [-118.54756, 45.54854, -7510.4990234375]]], [[[-118.52415, 45.59516, -10437.919921875], [-118.52403, 45.59903, -11441.5087890625], [-118.52803, 45.59084, -11364.96484375], [-118.52415, 45.59516, -10437.919921875]]], [[[-118.52338, 45.57209, -50.817054748535156], [-118.52586, 45.56767, -934.8229370117188], [-118.52739, 45.5634, 21.924230575561523], [-118.52338, 45.57209, -50.817054748535156]]], [[[-118.52907, 45.58707, -10367.814453125], [-118.52415, 45.59516, -10437.919921875], [-118.52803, 45.59084, -11364.96484375], [-118.52907, 45.58707, -10367.814453125]]], [[[-118.52532, 45.59138, -9431.9541015625], [-118.52415, 45.59516, -10437.919921875], [-118.52907, 45.58707, -10367.814453125], [-118.52532, 45.59138, -9431.9541015625]]], [[[-118.53255, 45.55625, -1.516093015670776], [-118.53886, 45.54792, -70.8875732421875], [-118.53518, 45.55173, 837.0860595703125], [-118.53255, 45.55625, -1.516093015670776]]], [[[-118.52953, 45.58304, -9366.607421875], [-118.52532, 45.59138, -9431.9541015625], [-118.52907, 45.58707, -10367.814453125], [-118.52953, 45.58304, -9366.607421875]]], [[[-118.56541, 45.5172, -3338.62939453125], [-118.56959, 45.51175, -2780.151123046875], [-118.56221, 45.51924, -2430.022705078125], [-118.56541, 45.5172, -3338.62939453125]]], [[[-118.52953, 45.58304, -9366.607421875], [-118.52907, 45.58707, -10367.814453125], [-118.5329, 45.5785, -10299.8818359375], [-118.52953, 45.58304, -9366.607421875]]], [[[-118.55717, 45.5284, -2907.697265625], [-118.55554, 45.53274, -4179.91015625], [-118.56047, 45.52443, -3689.736083984375], [-118.55717, 45.5284, -2907.697265625]]], [[[-118.52907, 45.58707, -10367.814453125], [-118.5321, 45.58244, -11290.03515625], [-118.5329, 45.5785, -10299.8818359375], [-118.52907, 45.58707, -10367.814453125]]], [[[-118.55856, 45.53998, -10937.1484375], [-118.56364, 45.53414, -11647.951171875], [-118.56288, 45.53306, -10382.154296875], [-118.55856, 45.53998, -10937.1484375]]], [[[-118.52907, 45.58707, -10367.814453125], [-118.52803, 45.59084, -11364.96484375], [-118.5321, 45.58244, -11290.03515625], [-118.52907, 45.58707, -10367.814453125]]], [[[-118.56059, 45.53278, -8337.25], [-118.56537, 45.52457, -7815.548828125], [-118.55952, 45.5326, -7350.884765625], [-118.56059, 45.53278, -8337.25]]], [[[-118.5321, 45.58244, -11290.03515625], [-118.52803, 45.59084, -11364.96484375], [-118.53168, 45.58639, -12272.185546875], [-118.5321, 45.58244, -11290.03515625]]], [[[-118.54634, 45.5485, -6495.59130859375], [-118.5529, 45.54072, -6968.87353515625], [-118.55167, 45.54065, -5953.5439453125], [-118.54634, 45.5485, -6495.59130859375]]], [[[-118.5321, 45.58244, -11290.03515625], [-118.53168, 45.58639, -12272.185546875], [-118.53538, 45.57778, -12195.654296875], [-118.5321, 45.58244, -11290.03515625]]], [[[-118.54879, 45.5408, -3786.962646484375], [-118.54303, 45.54895, -4037.005615234375], [-118.55006, 45.54086, -4830.40234375], [-118.54879, 45.5408, -3786.962646484375]]], [[[-118.53568, 45.57372, -11218.5966796875], [-118.5321, 45.58244, -11290.03515625], [-118.53538, 45.57778, -12195.654296875], [-118.53568, 45.57372, -11218.5966796875]]], [[[-118.55422, 45.54058, -7916.82177734375], [-118.55504, 45.54113, -8934.525390625], [-118.56059, 45.53278, -8337.25], [-118.55422, 45.54058, -7916.82177734375]]], [[[-118.5329, 45.5785, -10299.8818359375], [-118.5321, 45.58244, -11290.03515625], [-118.53568, 45.57372, -11218.5966796875], [-118.5329, 45.5785, -10299.8818359375]]], [[[-118.55504, 45.54113, -8934.525390625], [-118.54966, 45.54966, -9835.1982421875], [-118.55628, 45.54116, -9925.5068359375], [-118.55504, 45.54113, -8934.525390625]]], [[[-118.53603, 45.56936, -10210.375], [-118.5329, 45.5785, -10299.8818359375], [-118.53568, 45.57372, -11218.5966796875], [-118.53603, 45.56936, -10210.375]]], [[[-118.53603, 45.56936, -10210.375], [-118.53568, 45.57372, -11218.5966796875], [-118.54013, 45.56521, -11139.662109375], [-118.53603, 45.56936, -10210.375]]], [[[-118.56288, 45.53306, -10382.154296875], [-118.56754, 45.52493, -9792.7763671875], [-118.56168, 45.53295, -9322.087890625], [-118.56288, 45.53306, -10382.154296875]]], [[[-118.53568, 45.57372, -11218.5966796875], [-118.53538, 45.57778, -12195.654296875], [-118.53868, 45.56902, -12125.1728515625], [-118.53568, 45.57372, -11218.5966796875]]], [[[-118.55006, 45.54086, -4830.40234375], [-118.5452, 45.54822, -5414.69580078125], [-118.55167, 45.54065, -5953.5439453125], [-118.55006, 45.54086, -4830.40234375]]], [[[-118.53868, 45.56902, -12125.1728515625], [-118.53538, 45.57778, -12195.654296875], [-118.53807, 45.57301, -13099.115234375], [-118.53868, 45.56902, -12125.1728515625]]], [[[-118.54303, 45.54895, -4037.005615234375], [-118.54403, 45.54542, -2924.06494140625], [-118.53873, 45.55323, -2912.8349609375], [-118.54303, 45.54895, -4037.005615234375]]], [[[-118.53868, 45.56902, -12125.1728515625], [-118.53807, 45.57301, -13099.115234375], [-118.54287, 45.56458, -13015.494140625], [-118.53868, 45.56902, -12125.1728515625]]], [[[-118.55628, 45.54116, -9925.5068359375], [-118.56288, 45.53306, -10382.154296875], [-118.56168, 45.53295, -9322.087890625], [-118.55628, 45.54116, -9925.5068359375]]], [[[-118.54422, 45.56074, -12036.3466796875], [-118.53868, 45.56902, -12125.1728515625], [-118.54287, 45.56458, -13015.494140625], [-118.54422, 45.56074, -12036.3466796875]]], [[[-118.5452, 45.54822, -5414.69580078125], [-118.54303, 45.54895, -4037.005615234375], [-118.54045, 45.55415, -4875.14208984375], [-118.5452, 45.54822, -5414.69580078125]]], [[[-118.54422, 45.56074, -12036.3466796875], [-118.54013, 45.56521, -11139.662109375], [-118.53868, 45.56902, -12125.1728515625], [-118.54422, 45.56074, -12036.3466796875]]], [[[-118.49219, 45.63253, -2921.306884765625], [-118.48844, 45.6374, -2034.5225830078125], [-118.48795, 45.64129, -3022.474365234375], [-118.49219, 45.63253, -2921.306884765625]]], [[[-118.54013, 45.56521, -11139.662109375], [-118.54422, 45.56074, -12036.3466796875], [-118.5463, 45.55641, -10972.525390625], [-118.54013, 45.56521, -11139.662109375]]], [[[-118.51267, 45.60272, -2797.697998046875], [-118.51313, 45.59858, -1830.294189453125], [-118.50945, 45.60588, -1795.079345703125], [-118.51267, 45.60272, -2797.697998046875]]], [[[-118.5463, 45.55641, -10972.525390625], [-118.54422, 45.56074, -12036.3466796875], [-118.55021, 45.55274, -11950.6962890625], [-118.5463, 45.55641, -10972.525390625]]], [[[-118.49414, 45.62936, -1918.0833740234375], [-118.4968, 45.6252, -982.1701049804688], [-118.4888, 45.63379, -1038.520263671875], [-118.49414, 45.62936, -1918.0833740234375]]], [[[-118.5463, 45.55641, -10972.525390625], [-118.55021, 45.55274, -11950.6962890625], [-118.552, 45.5481, -10889.9912109375], [-118.5463, 45.55641, -10972.525390625]]], [[[-118.48137, 45.6457, -134.7021026611328], [-118.4829, 45.64213, 851.8655395507812], [-118.47699, 45.65001, 730.1386108398438], [-118.48137, 45.6457, -134.7021026611328]]], [[[-118.55021, 45.55274, -11950.6962890625], [-118.54422, 45.56074, -12036.3466796875], [-118.54869, 45.55651, -12930.3642578125], [-118.55021, 45.55274, -11950.6962890625]]], [[[-118.51503, 45.60283, -4785.087890625], [-118.51158, 45.60641, -3806.778564453125], [-118.51057, 45.61008, -4814.5791015625], [-118.51503, 45.60283, -4785.087890625]]], [[[-118.55021, 45.55274, -11950.6962890625], [-118.54869, 45.55651, -12930.3642578125], [-118.55417, 45.54845, -12855.435546875], [-118.55021, 45.55274, -11950.6962890625]]], [[[-118.54879, 45.5408, -3786.962646484375], [-118.55141, 45.53637, -2957.781982421875], [-118.54403, 45.54542, -2924.06494140625], [-118.54879, 45.5408, -3786.962646484375]]], [[[-118.55281, 45.55228, -13829.3076171875], [-118.54869, 45.55651, -12930.3642578125], [-118.54697, 45.5602, -13907.5556640625], [-118.55281, 45.55228, -13829.3076171875]]], [[[-118.5488, 45.54861, -8554.12109375], [-118.54966, 45.54966, -9835.1982421875], [-118.55504, 45.54113, -8934.525390625], [-118.5488, 45.54861, -8554.12109375]]], [[[-118.55281, 45.55228, -13829.3076171875], [-118.54697, 45.5602, -13907.5556640625], [-118.55142, 45.55608, -14800.7861328125], [-118.55281, 45.55228, -13829.3076171875]]], [[[-118.51758, 45.60264, -6763.5869140625], [-118.51399, 45.60647, -5802.5888671875], [-118.51257, 45.61079, -6762.2265625], [-118.51758, 45.60264, -6763.5869140625]]], [[[-118.55281, 45.55228, -13829.3076171875], [-118.55142, 45.55608, -14800.7861328125], [-118.55676, 45.54802, -14728.736328125], [-118.55281, 45.55228, -13829.3076171875]]], [[[-118.52013, 45.59431, -6697.12890625], [-118.52342, 45.5909, -7665.54248046875], [-118.52434, 45.58731, -6659.4765625], [-118.52013, 45.59431, -6697.12890625]]], [[[-118.55844, 45.54432, -13755.4990234375], [-118.55281, 45.55228, -13829.3076171875], [-118.55676, 45.54802, -14728.736328125], [-118.55844, 45.54432, -13755.4990234375]]], [[[-118.5188, 45.60422, -8572.3271484375], [-118.51766, 45.60797, -9568.4501953125], [-118.52155, 45.59974, -9490.048828125], [-118.5188, 45.60422, -8572.3271484375]]], [[[-118.55417, 45.54845, -12855.435546875], [-118.55281, 45.55228, -13829.3076171875], [-118.55844, 45.54432, -13755.4990234375], [-118.55417, 45.54845, -12855.435546875]]], [[[-118.50396, 45.62508, -6741.04296875], [-118.50526, 45.62116, -5752.22802734375], [-118.5001, 45.62836, -5770.28515625], [-118.50396, 45.62508, -6741.04296875]]], [[[-118.55417, 45.54845, -12855.435546875], [-118.55844, 45.54432, -13755.4990234375], [-118.56065, 45.5402, -12723.2626953125], [-118.55417, 45.54845, -12855.435546875]]], [[[-118.52434, 45.58731, -6659.4765625], [-118.52816, 45.57929, -6607.259765625], [-118.52523, 45.58307, -5708.64990234375], [-118.52434, 45.58731, -6659.4765625]]], [[[-118.56065, 45.5402, -12723.2626953125], [-118.56439, 45.53656, -13675.2607421875], [-118.56644, 45.5321, -12702.6298828125], [-118.56065, 45.5402, -12723.2626953125]]], [[[-118.56439, 45.53656, -13675.2607421875], [-118.56301, 45.5403, -14650.6142578125], [-118.56854, 45.53235, -14574.154296875], [-118.56439, 45.53656, -13675.2607421875]]], [[[-118.50943, 45.61425, -5784.72900390625], [-118.51057, 45.61008, -4814.5791015625], [-118.50635, 45.61745, -4747.1689453125], [-118.50943, 45.61425, -5784.72900390625]]], [[[-118.56301, 45.5403, -14650.6142578125], [-118.56701, 45.53603, -15545.837890625], [-118.56854, 45.53235, -14574.154296875], [-118.56301, 45.5403, -14650.6142578125]]], [[[-118.50635, 45.61745, -4747.1689453125], [-118.50526, 45.62116, -5752.22802734375], [-118.50943, 45.61425, -5784.72900390625], [-118.50635, 45.61745, -4747.1689453125]]], [[[-118.56301, 45.5403, -14650.6142578125], [-118.56117, 45.5439, -15620.31640625], [-118.56701, 45.53603, -15545.837890625], [-118.56301, 45.5403, -14650.6142578125]]], [[[-118.51758, 45.60264, -6763.5869140625], [-118.51763, 45.59866, -5765.3330078125], [-118.51399, 45.60647, -5802.5888671875], [-118.51758, 45.60264, -6763.5869140625]]], [[[-118.55676, 45.54802, -14728.736328125], [-118.56117, 45.5439, -15620.31640625], [-118.56301, 45.5403, -14650.6142578125], [-118.55676, 45.54802, -14728.736328125]]], [[[-118.55676, 45.54802, -14728.736328125], [-118.55541, 45.5518, -15695.298828125], [-118.56117, 45.5439, -15620.31640625], [-118.55676, 45.54802, -14728.736328125]]], [[[-118.50526, 45.62116, -5752.22802734375], [-118.50635, 45.61745, -4747.1689453125], [-118.50176, 45.62475, -4780.71728515625], [-118.50526, 45.62116, -5752.22802734375]]], [[[-118.55142, 45.55608, -14800.7861328125], [-118.55541, 45.5518, -15695.298828125], [-118.55676, 45.54802, -14728.736328125], [-118.55142, 45.55608, -14800.7861328125]]], [[[-118.57621, 45.51785, -12158.271484375], [-118.57647, 45.51886, -13126.2666015625], [-118.58099, 45.51276, -12752.7841796875], [-118.57621, 45.51785, -12158.271484375]]], [[[-118.55142, 45.55608, -14800.7861328125], [-118.54967, 45.55972, -15770.5185546875], [-118.55541, 45.5518, -15695.298828125], [-118.55142, 45.55608, -14800.7861328125]]], [[[-118.54557, 45.56399, -14879.5615234375], [-118.54967, 45.55972, -15770.5185546875], [-118.55142, 45.55608, -14800.7861328125], [-118.54557, 45.56399, -14879.5615234375]]], [[[-118.52704, 45.574, -3789.40087890625], [-118.52454, 45.57748, -2758.5703125], [-118.52335, 45.5821, -3700.5302734375], [-118.52704, 45.574, -3789.40087890625]]], [[[-118.54557, 45.56399, -14879.5615234375], [-118.5443, 45.56776, -15847.9990234375], [-118.54967, 45.55972, -15770.5185546875], [-118.54557, 45.56399, -14879.5615234375]]], [[[-118.51776, 45.59475, -4756.93896484375], [-118.51763, 45.59866, -5765.3330078125], [-118.52121, 45.59051, -5683.38671875], [-118.51776, 45.59475, -4756.93896484375]]], [[[-118.54048, 45.57222, -14963.90625], [-118.5403, 45.57611, -15931.9833984375], [-118.5443, 45.56776, -15847.9990234375], [-118.54048, 45.57222, -14963.90625]]], [[[-118.53729, 45.58086, -15044.9013671875], [-118.5403, 45.57611, -15931.9833984375], [-118.54048, 45.57222, -14963.90625], [-118.53729, 45.58086, -15044.9013671875]]], [[[-118.51057, 45.61008, -4814.5791015625], [-118.50943, 45.61425, -5784.72900390625], [-118.51399, 45.60647, -5802.5888671875], [-118.51057, 45.61008, -4814.5791015625]]], [[[-118.53729, 45.58086, -15044.9013671875], [-118.53667, 45.58461, -16018.5166015625], [-118.5403, 45.57611, -15931.9833984375], [-118.53729, 45.58086, -15044.9013671875]]], [[[-118.52013, 45.59431, -6697.12890625], [-118.51763, 45.59866, -5765.3330078125], [-118.51758, 45.60264, -6763.5869140625], [-118.52013, 45.59431, -6697.12890625]]], [[[-118.53362, 45.58927, -15128.28515625], [-118.53667, 45.58461, -16018.5166015625], [-118.53729, 45.58086, -15044.9013671875], [-118.53362, 45.58927, -15128.28515625]]], [[[-118.50703, 45.62226, -7771.779296875], [-118.50836, 45.61827, -6772.18310546875], [-118.50396, 45.62508, -6741.04296875], [-118.50703, 45.62226, -7771.779296875]]], [[[-118.53362, 45.58927, -15128.28515625], [-118.53253, 45.59298, -16102.318359375], [-118.53667, 45.58461, -16018.5166015625], [-118.53362, 45.58927, -15128.28515625]]], [[[-118.51401, 45.61237, -8661.1376953125], [-118.51314, 45.6161, -9655.3525390625], [-118.51766, 45.60797, -9568.4501953125], [-118.51401, 45.61237, -8661.1376953125]]], [[[-118.52888, 45.59747, -15217.44140625], [-118.52874, 45.60139, -16185.4638671875], [-118.53253, 45.59298, -16102.318359375], [-118.52888, 45.59747, -15217.44140625]]], [[[-118.52593, 45.60597, -15288.0234375], [-118.52874, 45.60139, -16185.4638671875], [-118.52888, 45.59747, -15217.44140625], [-118.52593, 45.60597, -15288.0234375]]], [[[-118.50703, 45.62226, -7771.779296875], [-118.51152, 45.61484, -7765.80029296875], [-118.50836, 45.61827, -6772.18310546875], [-118.50703, 45.62226, -7771.779296875]]], [[[-118.52593, 45.60597, -15288.0234375], [-118.52478, 45.60977, -16257.7275390625], [-118.52874, 45.60139, -16185.4638671875], [-118.52593, 45.60597, -15288.0234375]]], [[[-118.5001, 45.62836, -5770.28515625], [-118.50526, 45.62116, -5752.22802734375], [-118.50176, 45.62475, -4780.71728515625], [-118.5001, 45.62836, -5770.28515625]]], [[[-118.52122, 45.61415, -15362.12890625], [-118.52021, 45.61807, -16327.736328125], [-118.52478, 45.60977, -16257.7275390625], [-118.52122, 45.61415, -15362.12890625]]], [[[-118.50811, 45.62436, -9747.1943359375], [-118.50932, 45.62054, -8730.5458984375], [-118.50358, 45.6288, -8840.9951171875], [-118.50811, 45.62436, -9747.1943359375]]], [[[-118.51641, 45.62231, -15429.7919921875], [-118.5108, 45.63006, -15489.4287109375], [-118.51519, 45.62605, -16393.736328125], [-118.51641, 45.62231, -15429.7919921875]]], [[[-118.51257, 45.61079, -6762.2265625], [-118.50943, 45.61425, -5784.72900390625], [-118.50836, 45.61827, -6772.18310546875], [-118.51257, 45.61079, -6762.2265625]]], [[[-118.5108, 45.63006, -15489.4287109375], [-118.51641, 45.62231, -15429.7919921875], [-118.51266, 45.62639, -14545.609375], [-118.5108, 45.63006, -15489.4287109375]]], [[[-118.58099, 45.51276, -12752.7841796875], [-118.58183, 45.51324, -13674.564453125], [-118.58455, 45.50683, -13280.16796875], [-118.58099, 45.51276, -12752.7841796875]]], [[[-118.50583, 45.63393, -14596.779296875], [-118.5108, 45.63006, -15489.4287109375], [-118.51266, 45.62639, -14545.609375], [-118.50583, 45.63393, -14596.779296875]]], [[[-118.51152, 45.61484, -7765.80029296875], [-118.51257, 45.61079, -6762.2265625], [-118.50836, 45.61827, -6772.18310546875], [-118.51152, 45.61484, -7765.80029296875]]], [[[-118.5108, 45.63006, -15489.4287109375], [-118.50583, 45.63393, -14596.779296875], [-118.5044, 45.63794, -15559.3291015625], [-118.5108, 45.63006, -15489.4287109375]]], [[[-118.51152, 45.61484, -7765.80029296875], [-118.50932, 45.62054, -8730.5458984375], [-118.51401, 45.61237, -8661.1376953125], [-118.51152, 45.61484, -7765.80029296875]]], [[[-118.5044, 45.63794, -15559.3291015625], [-118.50858, 45.63343, -16450.291015625], [-118.5108, 45.63006, -15489.4287109375], [-118.5044, 45.63794, -15559.3291015625]]], [[[-118.51257, 45.61079, -6762.2265625], [-118.51399, 45.60647, -5802.5888671875], [-118.50943, 45.61425, -5784.72900390625], [-118.51257, 45.61079, -6762.2265625]]], [[[-118.5044, 45.63794, -15559.3291015625], [-118.50394, 45.64165, -16519.505859375], [-118.50858, 45.63343, -16450.291015625], [-118.5044, 45.63794, -15559.3291015625]]], [[[-118.52434, 45.58731, -6659.4765625], [-118.52523, 45.58307, -5708.64990234375], [-118.52121, 45.59051, -5683.38671875], [-118.52434, 45.58731, -6659.4765625]]], [[[-118.49985, 45.64644, -15641.3076171875], [-118.50394, 45.64165, -16519.505859375], [-118.5044, 45.63794, -15559.3291015625], [-118.49985, 45.64644, -15641.3076171875]]], [[[-118.51594, 45.60706, -7702.75732421875], [-118.51152, 45.61484, -7765.80029296875], [-118.51401, 45.61237, -8661.1376953125], [-118.51594, 45.60706, -7702.75732421875]]], [[[-118.49985, 45.64644, -15641.3076171875], [-118.49852, 45.64968, -16582.623046875], [-118.50394, 45.64165, -16519.505859375], [-118.49985, 45.64644, -15641.3076171875]]], [[[-118.50836, 45.61827, -6772.18310546875], [-118.50943, 45.61425, -5784.72900390625], [-118.50526, 45.62116, -5752.22802734375], [-118.50836, 45.61827, -6772.18310546875]]], [[[-118.49484, 45.65399, -15808.2080078125], [-118.49852, 45.64968, -16582.623046875], [-118.49985, 45.64644, -15641.3076171875], [-118.49484, 45.65399, -15808.2080078125]]], [[[-118.49484, 45.65399, -15808.2080078125], [-118.49415, 45.65722, -16638.6875], [-118.49852, 45.64968, -16582.623046875], [-118.49484, 45.65399, -15808.2080078125]]], [[[-118.51763, 45.59866, -5765.3330078125], [-118.51776, 45.59475, -4756.93896484375], [-118.51503, 45.60283, -4785.087890625], [-118.51763, 45.59866, -5765.3330078125]]], [[[-118.49415, 45.65722, -16638.6875], [-118.49484, 45.65399, -15808.2080078125], [-118.49072, 45.66147, -15892.7255859375], [-118.49415, 45.65722, -16638.6875]]], [[[-118.57999, 45.51247, -11784.8046875], [-118.58346, 45.50663, -12285.857421875], [-118.58236, 45.50643, -11290.84765625], [-118.57999, 45.51247, -11784.8046875]]], [[[-118.49072, 45.66147, -15892.7255859375], [-118.49157, 45.66342, -16688.62890625], [-118.49415, 45.65722, -16638.6875], [-118.49072, 45.66147, -15892.7255859375]]], [[[-118.51314, 45.6161, -9655.3525390625], [-118.51401, 45.61237, -8661.1376953125], [-118.50932, 45.62054, -8730.5458984375], [-118.51314, 45.6161, -9655.3525390625]]], [[[-118.49072, 45.66147, -15892.7255859375], [-118.49104, 45.66641, -16215.8369140625], [-118.49157, 45.66342, -16688.62890625], [-118.49072, 45.66147, -15892.7255859375]]], [[[-118.52898, 45.5748, -5710.65771484375], [-118.52626, 45.57872, -4739.8486328125], [-118.52523, 45.58307, -5708.64990234375], [-118.52898, 45.5748, -5710.65771484375]]], [[[-118.49104, 45.66641, -16215.8369140625], [-118.49072, 45.66147, -15892.7255859375], [-118.49049, 45.66788, -15710.2294921875], [-118.49104, 45.66641, -16215.8369140625]]], [[[-118.57621, 45.51785, -12158.271484375], [-118.58099, 45.51276, -12752.7841796875], [-118.57999, 45.51247, -11784.8046875], [-118.57621, 45.51785, -12158.271484375]]], [[[-118.49051, 45.67076, -16174.265625], [-118.49104, 45.66641, -16215.8369140625], [-118.49049, 45.66788, -15710.2294921875], [-118.49051, 45.67076, -16174.265625]]], [[[-118.49104, 45.66641, -16215.8369140625], [-118.49051, 45.67076, -16174.265625], [-118.49159, 45.6685, -16737.88671875], [-118.49104, 45.66641, -16215.8369140625]]], [[[-118.49104, 45.66641, -16215.8369140625], [-118.49159, 45.6685, -16737.88671875], [-118.49157, 45.66342, -16688.62890625], [-118.49104, 45.66641, -16215.8369140625]]], [[[-118.49051, 45.67076, -16174.265625], [-118.48911, 45.67265, -16768.44140625], [-118.49159, 45.6685, -16737.88671875], [-118.49051, 45.67076, -16174.265625]]], [[[-118.48625, 45.67452, -16224.6708984375], [-118.48911, 45.67265, -16768.44140625], [-118.49051, 45.67076, -16174.265625], [-118.48625, 45.67452, -16224.6708984375]]], [[[-118.48625, 45.67452, -16224.6708984375], [-118.48425, 45.67691, -16790.86328125], [-118.48911, 45.67265, -16768.44140625], [-118.48625, 45.67452, -16224.6708984375]]], [[[-118.48186, 45.67937, -16123.2138671875], [-118.48425, 45.67691, -16790.86328125], [-118.48625, 45.67452, -16224.6708984375], [-118.48186, 45.67937, -16123.2138671875]]], [[[-118.48186, 45.67937, -16123.2138671875], [-118.48087, 45.6831, -16837.6875], [-118.48425, 45.67691, -16790.86328125], [-118.48186, 45.67937, -16123.2138671875]]], [[[-118.47819, 45.68686, -15988.15625], [-118.48087, 45.6831, -16837.6875], [-118.48186, 45.67937, -16123.2138671875], [-118.47819, 45.68686, -15988.15625]]], [[[-118.47819, 45.68686, -15988.15625], [-118.47748, 45.69094, -16900.466796875], [-118.48087, 45.6831, -16837.6875], [-118.47819, 45.68686, -15988.15625]]], [[[-118.47401, 45.69554, -16001.7041015625], [-118.47748, 45.69094, -16900.466796875], [-118.47819, 45.68686, -15988.15625], [-118.47401, 45.69554, -16001.7041015625]]], [[[-118.47401, 45.69554, -16001.7041015625], [-118.47289, 45.69921, -16962.78515625], [-118.47748, 45.69094, -16900.466796875], [-118.47401, 45.69554, -16001.7041015625]]], [[[-118.46914, 45.70353, -16052.923828125], [-118.47289, 45.69921, -16962.78515625], [-118.47401, 45.69554, -16001.7041015625], [-118.46914, 45.70353, -16052.923828125]]], [[[-118.46914, 45.70353, -16052.923828125], [-118.46793, 45.70742, -17002.853515625], [-118.47289, 45.69921, -16962.78515625], [-118.46914, 45.70353, -16052.923828125]]], [[[-118.46452, 45.71191, -16095.4345703125], [-118.46793, 45.70742, -17002.853515625], [-118.46914, 45.70353, -16052.923828125], [-118.46452, 45.71191, -16095.4345703125]]], [[[-118.46452, 45.71191, -16095.4345703125], [-118.46389, 45.71586, -17046.009765625], [-118.46793, 45.70742, -17002.853515625], [-118.46452, 45.71191, -16095.4345703125]]], [[[-118.46096, 45.72048, -16137.1484375], [-118.46389, 45.71586, -17046.009765625], [-118.46452, 45.71191, -16095.4345703125], [-118.46096, 45.72048, -16137.1484375]]], [[[-118.46096, 45.72048, -16137.1484375], [-118.46015, 45.72437, -17090.79296875], [-118.46389, 45.71586, -17046.009765625], [-118.46096, 45.72048, -16137.1484375]]], [[[-118.45672, 45.72883, -16183.388671875], [-118.46015, 45.72437, -17090.79296875], [-118.46096, 45.72048, -16137.1484375], [-118.45672, 45.72883, -16183.388671875]]], [[[-118.45672, 45.72883, -16183.388671875], [-118.45608, 45.7328, -17133.77734375], [-118.46015, 45.72437, -17090.79296875], [-118.45672, 45.72883, -16183.388671875]]], [[[-118.45279, 45.73728, -16224.8994140625], [-118.45608, 45.7328, -17133.77734375], [-118.45672, 45.72883, -16183.388671875], [-118.45279, 45.73728, -16224.8994140625]]], [[[-118.45279, 45.73728, -16224.8994140625], [-118.45193, 45.74122, -17176.3359375], [-118.45608, 45.7328, -17133.77734375], [-118.45279, 45.73728, -16224.8994140625]]], [[[-118.44881, 45.74578, -16269.00390625], [-118.45193, 45.74122, -17176.3359375], [-118.45279, 45.73728, -16224.8994140625], [-118.44881, 45.74578, -16269.00390625]]], [[[-118.44881, 45.74578, -16269.00390625], [-118.4482, 45.74974, -17221.244140625], [-118.45193, 45.74122, -17176.3359375], [-118.44881, 45.74578, -16269.00390625]]], [[[-118.4482, 45.74974, -17221.244140625], [-118.44881, 45.74578, -16269.00390625], [-118.44529, 45.75433, -16312.5224609375], [-118.4482, 45.74974, -17221.244140625]]], [[[-118.44529, 45.75433, -16312.5224609375], [-118.44443, 45.75824, -17266.55078125], [-118.4482, 45.74974, -17221.244140625], [-118.44529, 45.75433, -16312.5224609375]]], [[[-118.44136, 45.76285, -16362.81640625], [-118.44443, 45.75824, -17266.55078125], [-118.44529, 45.75433, -16312.5224609375], [-118.44136, 45.76285, -16362.81640625]]], [[[-118.44136, 45.76285, -16362.81640625], [-118.44118, 45.76684, -17315.275390625], [-118.44443, 45.75824, -17266.55078125], [-118.44136, 45.76285, -16362.81640625]]], [[[-118.43864, 45.77164, -16414.1015625], [-118.44118, 45.76684, -17315.275390625], [-118.44136, 45.76285, -16362.81640625], [-118.43864, 45.77164, -16414.1015625]]], [[[-118.43864, 45.77164, -16414.1015625], [-118.43887, 45.77559, -17368.96484375], [-118.44118, 45.76684, -17315.275390625], [-118.43864, 45.77164, -16414.1015625]]], [[[-118.43616, 45.78028, -16464.6796875], [-118.43887, 45.77559, -17368.96484375], [-118.43864, 45.77164, -16414.1015625], [-118.43616, 45.78028, -16464.6796875]]], [[[-118.43616, 45.78028, -16464.6796875], [-118.4359, 45.78425, -17419.314453125], [-118.43887, 45.77559, -17368.96484375], [-118.43616, 45.78028, -16464.6796875]]], [[[-118.43616, 45.78028, -16464.6796875], [-118.43325, 45.78894, -16514.109375], [-118.4359, 45.78425, -17419.314453125], [-118.43616, 45.78028, -16464.6796875]]], [[[-118.43616, 45.78028, -16464.6796875], [-118.43357, 45.78485, -15554.9921875], [-118.43325, 45.78894, -16514.109375], [-118.43616, 45.78028, -16464.6796875]]], [[[-118.43357, 45.78485, -15554.9921875], [-118.43616, 45.78028, -16464.6796875], [-118.43653, 45.77628, -15501.7158203125], [-118.43357, 45.78485, -15554.9921875]]], [[[-118.43383, 45.78083, -14589.1484375], [-118.43357, 45.78485, -15554.9921875], [-118.43653, 45.77628, -15501.7158203125], [-118.43383, 45.78083, -14589.1484375]]], [[[-118.43383, 45.78083, -14589.1484375], [-118.4309, 45.78946, -14644.7568359375], [-118.43357, 45.78485, -15554.9921875], [-118.43383, 45.78083, -14589.1484375]]], [[[-118.43383, 45.78083, -14589.1484375], [-118.43122, 45.78544, -13674.2041015625], [-118.4309, 45.78946, -14644.7568359375], [-118.43383, 45.78083, -14589.1484375]]], [[[-118.43122, 45.78544, -13674.2041015625], [-118.43383, 45.78083, -14589.1484375], [-118.43419, 45.77674, -13622.1083984375], [-118.43122, 45.78544, -13674.2041015625]]], [[[-118.4315, 45.78134, -12700.6064453125], [-118.43122, 45.78544, -13674.2041015625], [-118.43419, 45.77674, -13622.1083984375], [-118.4315, 45.78134, -12700.6064453125]]], [[[-118.4315, 45.78134, -12700.6064453125], [-118.42891, 45.78577, -11758.8876953125], [-118.42858, 45.78983, -12742.07421875], [-118.4315, 45.78134, -12700.6064453125]]], [[[-118.42891, 45.78577, -11758.8876953125], [-118.4315, 45.78134, -12700.6064453125], [-118.43183, 45.7772, -11720.1884765625], [-118.42891, 45.78577, -11758.8876953125]]], [[[-118.42918, 45.78165, -10764.2607421875], [-118.42891, 45.78577, -11758.8876953125], [-118.43183, 45.7772, -11720.1884765625], [-118.42918, 45.78165, -10764.2607421875]]], [[[-118.42918, 45.78165, -10764.2607421875], [-118.42623, 45.79015, -10800.9638671875], [-118.42891, 45.78577, -11758.8876953125], [-118.42918, 45.78165, -10764.2607421875]]], [[[-118.42657, 45.78605, -9795.984375], [-118.42623, 45.79015, -10800.9638671875], [-118.42918, 45.78165, -10764.2607421875], [-118.42657, 45.78605, -9795.984375]]], [[[-118.42369, 45.79459, -9834.291015625], [-118.42623, 45.79015, -10800.9638671875], [-118.42657, 45.78605, -9795.984375], [-118.42369, 45.79459, -9834.291015625]]], [[[-118.42369, 45.79459, -9834.291015625], [-118.42393, 45.79871, -10838.9130859375], [-118.42623, 45.79015, -10800.9638671875], [-118.42369, 45.79459, -9834.291015625]]], [[[-118.42369, 45.79459, -9834.291015625], [-118.42166, 45.80325, -9874.6748046875], [-118.42393, 45.79871, -10838.9130859375], [-118.42369, 45.79459, -9834.291015625]]], [[[-118.42369, 45.79459, -9834.291015625], [-118.42151, 45.7995, -8890.0419921875], [-118.42166, 45.80325, -9874.6748046875], [-118.42369, 45.79459, -9834.291015625]]], [[[-118.42373, 45.79082, -8851.53515625], [-118.42151, 45.7995, -8890.0419921875], [-118.42369, 45.79459, -9834.291015625], [-118.42373, 45.79082, -8851.53515625]]], [[[-118.42373, 45.79082, -8851.53515625], [-118.42081, 45.79782, -7954.5634765625], [-118.42151, 45.7995, -8890.0419921875], [-118.42373, 45.79082, -8851.53515625]]], [[[-118.42081, 45.79782, -7954.5634765625], [-118.42373, 45.79082, -8851.53515625], [-118.42318, 45.78941, -7911.32958984375], [-118.42081, 45.79782, -7954.5634765625]]], [[[-118.42081, 45.79782, -7954.5634765625], [-118.42318, 45.78941, -7911.32958984375], [-118.42048, 45.79419, -6962.8447265625], [-118.42081, 45.79782, -7954.5634765625]]], [[[-118.42081, 45.79782, -7954.5634765625], [-118.42048, 45.79419, -6962.8447265625], [-118.41866, 45.80226, -6981.25830078125], [-118.42081, 45.79782, -7954.5634765625]]], [[[-118.41843, 45.80637, -7977.6103515625], [-118.42081, 45.79782, -7954.5634765625], [-118.41866, 45.80226, -6981.25830078125], [-118.41843, 45.80637, -7977.6103515625]]], [[[-118.41843, 45.80637, -7977.6103515625], [-118.42151, 45.7995, -8890.0419921875], [-118.42081, 45.79782, -7954.5634765625], [-118.41843, 45.80637, -7977.6103515625]]], [[[-118.41843, 45.80637, -7977.6103515625], [-118.41887, 45.80829, -8921.46484375], [-118.42151, 45.7995, -8890.0419921875], [-118.41843, 45.80637, -7977.6103515625]]], [[[-118.41592, 45.81516, -7978.60595703125], [-118.41887, 45.80829, -8921.46484375], [-118.41843, 45.80637, -7977.6103515625], [-118.41592, 45.81516, -7978.60595703125]]], [[[-118.41592, 45.81516, -7978.60595703125], [-118.41654, 45.8174, -8953.0400390625], [-118.41887, 45.80829, -8921.46484375], [-118.41592, 45.81516, -7978.60595703125]]], [[[-118.41592, 45.81516, -7978.60595703125], [-118.41419, 45.82499, -8064.14599609375], [-118.41654, 45.8174, -8953.0400390625], [-118.41592, 45.81516, -7978.60595703125]]], [[[-118.41419, 45.82499, -8064.14599609375], [-118.41592, 45.81516, -7978.60595703125], [-118.41385, 45.81975, -7048.64306640625], [-118.41419, 45.82499, -8064.14599609375]]], [[[-118.41419, 45.82499, -8064.14599609375], [-118.41385, 45.81975, -7048.64306640625], [-118.41264, 45.82829, -7033.83056640625], [-118.41419, 45.82499, -8064.14599609375]]], [[[-118.41241, 45.83515, -7561.125], [-118.41419, 45.82499, -8064.14599609375], [-118.41264, 45.82829, -7033.83056640625], [-118.41241, 45.83515, -7561.125]]], [[[-118.41241, 45.83515, -7561.125], [-118.41365, 45.83503, -8652.8349609375], [-118.41419, 45.82499, -8064.14599609375], [-118.41241, 45.83515, -7561.125]]], [[[-118.41241, 45.83515, -7561.125], [-118.41243, 45.84417, -8077.3037109375], [-118.41365, 45.83503, -8652.8349609375], [-118.41241, 45.83515, -7561.125]]], [[[-118.41241, 45.83515, -7561.125], [-118.41127, 45.84331, -7021.11669921875], [-118.41243, 45.84417, -8077.3037109375], [-118.41241, 45.83515, -7561.125]]], [[[-118.41241, 45.83515, -7561.125], [-118.41104, 45.83387, -6203.68359375], [-118.41127, 45.84331, -7021.11669921875], [-118.41241, 45.83515, -7561.125]]], [[[-118.41241, 45.83515, -7561.125], [-118.41264, 45.82829, -7033.83056640625], [-118.41104, 45.83387, -6203.68359375], [-118.41241, 45.83515, -7561.125]]], [[[-118.41264, 45.82829, -7033.83056640625], [-118.41201, 45.82422, -6037.44091796875], [-118.41104, 45.83387, -6203.68359375], [-118.41264, 45.82829, -7033.83056640625]]], [[[-118.41385, 45.81975, -7048.64306640625], [-118.41201, 45.82422, -6037.44091796875], [-118.41264, 45.82829, -7033.83056640625], [-118.41385, 45.81975, -7048.64306640625]]], [[[-118.41385, 45.81975, -7048.64306640625], [-118.41367, 45.81534, -6043.3388671875], [-118.41201, 45.82422, -6037.44091796875], [-118.41385, 45.81975, -7048.64306640625]]], [[[-118.41587, 45.81069, -7002.6552734375], [-118.41367, 45.81534, -6043.3388671875], [-118.41385, 45.81975, -7048.64306640625], [-118.41587, 45.81069, -7002.6552734375]]], [[[-118.41587, 45.81069, -7002.6552734375], [-118.41613, 45.80647, -6004.67138671875], [-118.41367, 45.81534, -6043.3388671875], [-118.41587, 45.81069, -7002.6552734375]]], [[[-118.41866, 45.80226, -6981.25830078125], [-118.41613, 45.80647, -6004.67138671875], [-118.41587, 45.81069, -7002.6552734375], [-118.41866, 45.80226, -6981.25830078125]]], [[[-118.41613, 45.80647, -6004.67138671875], [-118.41866, 45.80226, -6981.25830078125], [-118.41842, 45.79829, -5970.0859375], [-118.41613, 45.80647, -6004.67138671875]]], [[[-118.41613, 45.80647, -6004.67138671875], [-118.41842, 45.79829, -5970.0859375], [-118.41629, 45.80253, -4996.12353515625], [-118.41613, 45.80647, -6004.67138671875]]], [[[-118.41613, 45.80647, -6004.67138671875], [-118.41629, 45.80253, -4996.12353515625], [-118.41354, 45.81098, -5068.1103515625], [-118.41613, 45.80647, -6004.67138671875]]], [[[-118.41367, 45.81534, -6043.3388671875], [-118.41613, 45.80647, -6004.67138671875], [-118.41354, 45.81098, -5068.1103515625], [-118.41367, 45.81534, -6043.3388671875]]], [[[-118.41367, 45.81534, -6043.3388671875], [-118.41354, 45.81098, -5068.1103515625], [-118.41164, 45.81953, -5071.60400390625], [-118.41367, 45.81534, -6043.3388671875]]], [[[-118.41201, 45.82422, -6037.44091796875], [-118.41367, 45.81534, -6043.3388671875], [-118.41164, 45.81953, -5071.60400390625], [-118.41201, 45.82422, -6037.44091796875]]], [[[-118.41201, 45.82422, -6037.44091796875], [-118.41164, 45.81953, -5071.60400390625], [-118.4104, 45.82859, -5070.42041015625], [-118.41201, 45.82422, -6037.44091796875]]], [[[-118.41104, 45.83387, -6203.68359375], [-118.41201, 45.82422, -6037.44091796875], [-118.4104, 45.82859, -5070.42041015625], [-118.41104, 45.83387, -6203.68359375]]], [[[-118.41104, 45.83387, -6203.68359375], [-118.4104, 45.82859, -5070.42041015625], [-118.4094, 45.83721, -5104.169921875], [-118.41104, 45.83387, -6203.68359375]]], [[[-118.41021, 45.84308, -6055.26806640625], [-118.41104, 45.83387, -6203.68359375], [-118.4094, 45.83721, -5104.169921875], [-118.41021, 45.84308, -6055.26806640625]]], [[[-118.41021, 45.84308, -6055.26806640625], [-118.41127, 45.84331, -7021.11669921875], [-118.41104, 45.83387, -6203.68359375], [-118.41021, 45.84308, -6055.26806640625]]], [[[-118.41127, 45.84331, -7021.11669921875], [-118.41021, 45.84308, -6055.26806640625], [-118.41096, 45.85208, -6529.36279296875], [-118.41127, 45.84331, -7021.11669921875]]], [[[-118.41127, 45.84331, -7021.11669921875], [-118.41096, 45.85208, -6529.36279296875], [-118.41203, 45.85241, -7519.26708984375], [-118.41127, 45.84331, -7021.11669921875]]], [[[-118.41243, 45.84417, -8077.3037109375], [-118.41127, 45.84331, -7021.11669921875], [-118.41203, 45.85241, -7519.26708984375], [-118.41243, 45.84417, -8077.3037109375]]], [[[-118.41243, 45.84417, -8077.3037109375], [-118.41203, 45.85241, -7519.26708984375], [-118.41322, 45.85264, -8617.8349609375], [-118.41243, 45.84417, -8077.3037109375]]], [[[-118.41367, 45.84355, -9195.3291015625], [-118.41243, 45.84417, -8077.3037109375], [-118.41322, 45.85264, -8617.8349609375], [-118.41367, 45.84355, -9195.3291015625]]], [[[-118.41367, 45.84355, -9195.3291015625], [-118.41365, 45.83503, -8652.8349609375], [-118.41243, 45.84417, -8077.3037109375], [-118.41367, 45.84355, -9195.3291015625]]], [[[-118.41365, 45.83503, -8652.8349609375], [-118.41367, 45.84355, -9195.3291015625], [-118.41522, 45.83356, -9890.3544921875], [-118.41365, 45.83503, -8652.8349609375]]], [[[-118.41516, 45.82697, -9131.8310546875], [-118.41365, 45.83503, -8652.8349609375], [-118.41522, 45.83356, -9890.3544921875], [-118.41516, 45.82697, -9131.8310546875]]], [[[-118.41419, 45.82499, -8064.14599609375], [-118.41365, 45.83503, -8652.8349609375], [-118.41516, 45.82697, -9131.8310546875], [-118.41419, 45.82499, -8064.14599609375]]], [[[-118.41516, 45.82697, -9131.8310546875], [-118.41654, 45.8174, -8953.0400390625], [-118.41419, 45.82499, -8064.14599609375], [-118.41516, 45.82697, -9131.8310546875]]], [[[-118.41516, 45.82697, -9131.8310546875], [-118.41675, 45.82176, -9967.1552734375], [-118.41654, 45.8174, -8953.0400390625], [-118.41516, 45.82697, -9131.8310546875]]], [[[-118.41675, 45.82176, -9967.1552734375], [-118.41522, 45.83356, -9890.3544921875], [-118.4173, 45.82562, -10894.79296875], [-118.41675, 45.82176, -9967.1552734375]]], [[[-118.41675, 45.82176, -9967.1552734375], [-118.4173, 45.82562, -10894.79296875], [-118.41906, 45.81616, -10917.4892578125], [-118.41675, 45.82176, -9967.1552734375]]], [[[-118.41883, 45.81213, -9917.6611328125], [-118.41675, 45.82176, -9967.1552734375], [-118.41906, 45.81616, -10917.4892578125], [-118.41883, 45.81213, -9917.6611328125]]], [[[-118.41654, 45.8174, -8953.0400390625], [-118.41675, 45.82176, -9967.1552734375], [-118.41883, 45.81213, -9917.6611328125], [-118.41654, 45.8174, -8953.0400390625]]], [[[-118.41654, 45.8174, -8953.0400390625], [-118.41883, 45.81213, -9917.6611328125], [-118.41887, 45.80829, -8921.46484375], [-118.41654, 45.8174, -8953.0400390625]]], [[[-118.41887, 45.80829, -8921.46484375], [-118.41883, 45.81213, -9917.6611328125], [-118.42166, 45.80325, -9874.6748046875], [-118.41887, 45.80829, -8921.46484375]]], [[[-118.41887, 45.80829, -8921.46484375], [-118.42166, 45.80325, -9874.6748046875], [-118.42151, 45.7995, -8890.0419921875], [-118.41887, 45.80829, -8921.46484375]]], [[[-118.42166, 45.80325, -9874.6748046875], [-118.41883, 45.81213, -9917.6611328125], [-118.42147, 45.80728, -10883.5888671875], [-118.42166, 45.80325, -9874.6748046875]]], [[[-118.42166, 45.80325, -9874.6748046875], [-118.42147, 45.80728, -10883.5888671875], [-118.42393, 45.79871, -10838.9130859375], [-118.42166, 45.80325, -9874.6748046875]]], [[[-118.42147, 45.80728, -10883.5888671875], [-118.42407, 45.80278, -11835.8505859375], [-118.42393, 45.79871, -10838.9130859375], [-118.42147, 45.80728, -10883.5888671875]]], [[[-118.42407, 45.80278, -11835.8505859375], [-118.42147, 45.80728, -10883.5888671875], [-118.42128, 45.81137, -11880.875], [-118.42407, 45.80278, -11835.8505859375]]], [[[-118.42407, 45.80278, -11835.8505859375], [-118.42128, 45.81137, -11880.875], [-118.42383, 45.80687, -12818.1328125], [-118.42407, 45.80278, -11835.8505859375]]], [[[-118.42407, 45.80278, -11835.8505859375], [-118.42383, 45.80687, -12818.1328125], [-118.42625, 45.79829, -12779.4912109375], [-118.42407, 45.80278, -11835.8505859375]]], [[[-118.42604, 45.79421, -11798.5107421875], [-118.42407, 45.80278, -11835.8505859375], [-118.42625, 45.79829, -12779.4912109375], [-118.42604, 45.79421, -11798.5107421875]]], [[[-118.42393, 45.79871, -10838.9130859375], [-118.42407, 45.80278, -11835.8505859375], [-118.42604, 45.79421, -11798.5107421875], [-118.42393, 45.79871, -10838.9130859375]]], [[[-118.42623, 45.79015, -10800.9638671875], [-118.42393, 45.79871, -10838.9130859375], [-118.42604, 45.79421, -11798.5107421875], [-118.42623, 45.79015, -10800.9638671875]]], [[[-118.42623, 45.79015, -10800.9638671875], [-118.42604, 45.79421, -11798.5107421875], [-118.42891, 45.78577, -11758.8876953125], [-118.42623, 45.79015, -10800.9638671875]]], [[[-118.42604, 45.79421, -11798.5107421875], [-118.42858, 45.78983, -12742.07421875], [-118.42891, 45.78577, -11758.8876953125], [-118.42604, 45.79421, -11798.5107421875]]], [[[-118.42604, 45.79421, -11798.5107421875], [-118.42625, 45.79829, -12779.4912109375], [-118.42858, 45.78983, -12742.07421875], [-118.42604, 45.79421, -11798.5107421875]]], [[[-118.42858, 45.78983, -12742.07421875], [-118.42625, 45.79829, -12779.4912109375], [-118.42832, 45.79384, -13716.96875], [-118.42858, 45.78983, -12742.07421875]]], [[[-118.42858, 45.78983, -12742.07421875], [-118.42832, 45.79384, -13716.96875], [-118.43122, 45.78544, -13674.2041015625], [-118.42858, 45.78983, -12742.07421875]]], [[[-118.42832, 45.79384, -13716.96875], [-118.4309, 45.78946, -14644.7568359375], [-118.43122, 45.78544, -13674.2041015625], [-118.42832, 45.79384, -13716.96875]]], [[[-118.42832, 45.79384, -13716.96875], [-118.42851, 45.79798, -14679.8779296875], [-118.4309, 45.78946, -14644.7568359375], [-118.42832, 45.79384, -13716.96875]]], [[[-118.42639, 45.80243, -13748.630859375], [-118.42851, 45.79798, -14679.8779296875], [-118.42832, 45.79384, -13716.96875], [-118.42639, 45.80243, -13748.630859375]]], [[[-118.42639, 45.80243, -13748.630859375], [-118.42613, 45.80651, -14715.083984375], [-118.42851, 45.79798, -14679.8779296875], [-118.42639, 45.80243, -13748.630859375]]], [[[-118.42639, 45.80243, -13748.630859375], [-118.42359, 45.81095, -13790.5869140625], [-118.42613, 45.80651, -14715.083984375], [-118.42639, 45.80243, -13748.630859375]]], [[[-118.42383, 45.80687, -12818.1328125], [-118.42359, 45.81095, -13790.5869140625], [-118.42639, 45.80243, -13748.630859375], [-118.42383, 45.80687, -12818.1328125]]], [[[-118.42142, 45.81551, -12860.28515625], [-118.42359, 45.81095, -13790.5869140625], [-118.42383, 45.80687, -12818.1328125], [-118.42142, 45.81551, -12860.28515625]]], [[[-118.42359, 45.81095, -13790.5869140625], [-118.42142, 45.81551, -12860.28515625], [-118.42162, 45.8197, -13827.533203125], [-118.42359, 45.81095, -13790.5869140625]]], [[[-118.42359, 45.81095, -13790.5869140625], [-118.42162, 45.8197, -13827.533203125], [-118.42368, 45.8151, -14753.7763671875], [-118.42359, 45.81095, -13790.5869140625]]], [[[-118.42359, 45.81095, -13790.5869140625], [-118.42368, 45.8151, -14753.7763671875], [-118.42613, 45.80651, -14715.083984375], [-118.42359, 45.81095, -13790.5869140625]]], [[[-118.42368, 45.8151, -14753.7763671875], [-118.42588, 45.81057, -15677.4453125], [-118.42613, 45.80651, -14715.083984375], [-118.42368, 45.8151, -14753.7763671875]]], [[[-118.42588, 45.81057, -15677.4453125], [-118.42368, 45.8151, -14753.7763671875], [-118.4238, 45.8195, -15701.080078125], [-118.42588, 45.81057, -15677.4453125]]], [[[-118.42588, 45.81057, -15677.4453125], [-118.4238, 45.8195, -15701.080078125], [-118.42585, 45.81495, -16621.515625], [-118.42588, 45.81057, -15677.4453125]]], [[[-118.42588, 45.81057, -15677.4453125], [-118.42585, 45.81495, -16621.515625], [-118.42842, 45.80615, -16598.251953125], [-118.42588, 45.81057, -15677.4453125]]], [[[-118.42867, 45.80212, -15638.6357421875], [-118.42588, 45.81057, -15677.4453125], [-118.42842, 45.80615, -16598.251953125], [-118.42867, 45.80212, -15638.6357421875]]], [[[-118.42867, 45.80212, -15638.6357421875], [-118.42613, 45.80651, -14715.083984375], [-118.42588, 45.81057, -15677.4453125], [-118.42867, 45.80212, -15638.6357421875]]], [[[-118.42613, 45.80651, -14715.083984375], [-118.42867, 45.80212, -15638.6357421875], [-118.42851, 45.79798, -14679.8779296875], [-118.42613, 45.80651, -14715.083984375]]], [[[-118.43056, 45.79355, -15608.1787109375], [-118.42851, 45.79798, -14679.8779296875], [-118.42867, 45.80212, -15638.6357421875], [-118.43056, 45.79355, -15608.1787109375]]], [[[-118.4309, 45.78946, -14644.7568359375], [-118.42851, 45.79798, -14679.8779296875], [-118.43056, 45.79355, -15608.1787109375], [-118.4309, 45.78946, -14644.7568359375]]], [[[-118.4309, 45.78946, -14644.7568359375], [-118.43056, 45.79355, -15608.1787109375], [-118.43357, 45.78485, -15554.9921875], [-118.4309, 45.78946, -14644.7568359375]]], [[[-118.43056, 45.79355, -15608.1787109375], [-118.43325, 45.78894, -16514.109375], [-118.43357, 45.78485, -15554.9921875], [-118.43056, 45.79355, -15608.1787109375]]], [[[-118.43056, 45.79355, -15608.1787109375], [-118.43074, 45.79771, -16564.2890625], [-118.43325, 45.78894, -16514.109375], [-118.43056, 45.79355, -15608.1787109375]]], [[[-118.43056, 45.79355, -15608.1787109375], [-118.42867, 45.80212, -15638.6357421875], [-118.43074, 45.79771, -16564.2890625], [-118.43056, 45.79355, -15608.1787109375]]], [[[-118.42867, 45.80212, -15638.6357421875], [-118.42842, 45.80615, -16598.251953125], [-118.43074, 45.79771, -16564.2890625], [-118.42867, 45.80212, -15638.6357421875]]], [[[-118.42842, 45.80615, -16598.251953125], [-118.43094, 45.8017, -17519.072265625], [-118.43074, 45.79771, -16564.2890625], [-118.42842, 45.80615, -16598.251953125]]], [[[-118.42842, 45.80615, -16598.251953125], [-118.42809, 45.81039, -17539.7890625], [-118.43094, 45.8017, -17519.072265625], [-118.42842, 45.80615, -16598.251953125]]], [[[-118.42585, 45.81495, -16621.515625], [-118.42809, 45.81039, -17539.7890625], [-118.42842, 45.80615, -16598.251953125], [-118.42585, 45.81495, -16621.515625]]], [[[-118.42585, 45.81495, -16621.515625], [-118.426, 45.81918, -17564.078125], [-118.42809, 45.81039, -17539.7890625], [-118.42585, 45.81495, -16621.515625]]], [[[-118.42398, 45.82382, -16648.041015625], [-118.426, 45.81918, -17564.078125], [-118.42585, 45.81495, -16621.515625], [-118.42398, 45.82382, -16648.041015625]]], [[[-118.42398, 45.82382, -16648.041015625], [-118.42454, 45.82803, -17591.13671875], [-118.426, 45.81918, -17564.078125], [-118.42398, 45.82382, -16648.041015625]]], [[[-118.42295, 45.83274, -16674.66796875], [-118.42454, 45.82803, -17591.13671875], [-118.42398, 45.82382, -16648.041015625], [-118.42295, 45.83274, -16674.66796875]]], [[[-118.42295, 45.83274, -16674.66796875], [-118.42351, 45.83691, -17620.119140625], [-118.42454, 45.82803, -17591.13671875], [-118.42295, 45.83274, -16674.66796875]]], [[[-118.42193, 45.84166, -16706.384765625], [-118.42351, 45.83691, -17620.119140625], [-118.42295, 45.83274, -16674.66796875], [-118.42193, 45.84166, -16706.384765625]]], [[[-118.42193, 45.84166, -16706.384765625], [-118.42297, 45.84581, -17651.166015625], [-118.42351, 45.83691, -17620.119140625], [-118.42193, 45.84166, -16706.384765625]]], [[[-118.42154, 45.8506, -16739.5859375], [-118.42297, 45.84581, -17651.166015625], [-118.42193, 45.84166, -16706.384765625], [-118.42154, 45.8506, -16739.5859375]]], [[[-118.42154, 45.8506, -16739.5859375], [-118.42299, 45.85469, -17684.51171875], [-118.42297, 45.84581, -17651.166015625], [-118.42154, 45.8506, -16739.5859375]]], [[[-118.42257, 45.85956, -16772.02734375], [-118.42299, 45.85469, -17684.51171875], [-118.42154, 45.8506, -16739.5859375], [-118.42257, 45.85956, -16772.02734375]]], [[[-118.42257, 45.85956, -16772.02734375], [-118.424, 45.86358, -17721.9140625], [-118.42299, 45.85469, -17684.51171875], [-118.42257, 45.85956, -16772.02734375]]], [[[-118.42356, 45.86844, -16809.646484375], [-118.424, 45.86358, -17721.9140625], [-118.42257, 45.85956, -16772.02734375], [-118.42356, 45.86844, -16809.646484375]]], [[[-118.42356, 45.86844, -16809.646484375], [-118.42504, 45.87246, -17759.4375], [-118.424, 45.86358, -17721.9140625], [-118.42356, 45.86844, -16809.646484375]]], [[[-118.42467, 45.87736, -16850.1640625], [-118.42504, 45.87246, -17759.4375], [-118.42356, 45.86844, -16809.646484375], [-118.42467, 45.87736, -16850.1640625]]], [[[-118.42467, 45.87736, -16850.1640625], [-118.42653, 45.8813, -17800.478515625], [-118.42504, 45.87246, -17759.4375], [-118.42467, 45.87736, -16850.1640625]]], [[[-118.42673, 45.88605, -16958.892578125], [-118.42653, 45.8813, -17800.478515625], [-118.42467, 45.87736, -16850.1640625], [-118.42673, 45.88605, -16958.892578125]]], [[[-118.42673, 45.88605, -16958.892578125], [-118.42807, 45.89013, -17842.30078125], [-118.42653, 45.8813, -17800.478515625], [-118.42673, 45.88605, -16958.892578125]]], [[[-118.42828, 45.89617, -16897.84375], [-118.42807, 45.89013, -17842.30078125], [-118.42673, 45.88605, -16958.892578125], [-118.42828, 45.89617, -16897.84375]]], [[[-118.42828, 45.89617, -16897.84375], [-118.42984, 45.89858, -17883.57421875], [-118.42807, 45.89013, -17842.30078125], [-118.42828, 45.89617, -16897.84375]]], [[[-118.42828, 45.89617, -16897.84375], [-118.43026, 45.90206, -17498.349609375], [-118.42984, 45.89858, -17883.57421875], [-118.42828, 45.89617, -16897.84375]]], [[[-118.42828, 45.89617, -16897.84375], [-118.43077, 45.90549, -17112.54296875], [-118.43026, 45.90206, -17498.349609375], [-118.42828, 45.89617, -16897.84375]]], [[[-118.43077, 45.90549, -17112.54296875], [-118.42828, 45.89617, -16897.84375], [-118.42977, 45.90531, -16182.1767578125], [-118.43077, 45.90549, -17112.54296875]]], [[[-118.42727, 45.89697, -15776.884765625], [-118.42977, 45.90531, -16182.1767578125], [-118.42828, 45.89617, -16897.84375], [-118.42727, 45.89697, -15776.884765625]]], [[[-118.42727, 45.89697, -15776.884765625], [-118.42872, 45.90511, -15209.9853515625], [-118.42977, 45.90531, -16182.1767578125], [-118.42727, 45.89697, -15776.884765625]]], [[[-118.42727, 45.89697, -15776.884765625], [-118.42614, 45.89665, -14762.1279296875], [-118.42872, 45.90511, -15209.9853515625], [-118.42727, 45.89697, -15776.884765625]]], [[[-118.42727, 45.89697, -15776.884765625], [-118.42518, 45.88821, -15280.9140625], [-118.42614, 45.89665, -14762.1279296875], [-118.42727, 45.89697, -15776.884765625]]], [[[-118.42518, 45.88821, -15280.9140625], [-118.42727, 45.89697, -15776.884765625], [-118.4263, 45.88949, -16220.5673828125], [-118.42518, 45.88821, -15280.9140625]]], [[[-118.42518, 45.88821, -15280.9140625], [-118.4263, 45.88949, -16220.5673828125], [-118.42475, 45.88172, -15963.2578125], [-118.42518, 45.88821, -15280.9140625]]], [[[-118.42309, 45.87905, -14934.1943359375], [-118.42518, 45.88821, -15280.9140625], [-118.42475, 45.88172, -15963.2578125], [-118.42309, 45.87905, -14934.1943359375]]], [[[-118.42309, 45.87905, -14934.1943359375], [-118.4241, 45.88758, -14315.8486328125], [-118.42518, 45.88821, -15280.9140625], [-118.42309, 45.87905, -14934.1943359375]]], [[[-118.42177, 45.87779, -13922.224609375], [-118.4241, 45.88758, -14315.8486328125], [-118.42309, 45.87905, -14934.1943359375], [-118.42177, 45.87779, -13922.224609375]]], [[[-118.42177, 45.87779, -13922.224609375], [-118.42303, 45.88743, -13314.935546875], [-118.4241, 45.88758, -14315.8486328125], [-118.42177, 45.87779, -13922.224609375]]], [[[-118.42177, 45.87779, -13922.224609375], [-118.42089, 45.87892, -12814.232421875], [-118.42303, 45.88743, -13314.935546875], [-118.42177, 45.87779, -13922.224609375]]], [[[-118.42177, 45.87779, -13922.224609375], [-118.42015, 45.87075, -13293.3876953125], [-118.42089, 45.87892, -12814.232421875], [-118.42177, 45.87779, -13922.224609375]]], [[[-118.4203, 45.86558, -13999.998046875], [-118.42015, 45.87075, -13293.3876953125], [-118.42177, 45.87779, -13922.224609375], [-118.4203, 45.86558, -13999.998046875]]], [[[-118.4203, 45.86558, -13999.998046875], [-118.41882, 45.86165, -13000.658203125], [-118.42015, 45.87075, -13293.3876953125], [-118.4203, 45.86558, -13999.998046875]]], [[[-118.41882, 45.86165, -13000.658203125], [-118.4203, 45.86558, -13999.998046875], [-118.4192, 45.85606, -13945.4873046875], [-118.41882, 45.86165, -13000.658203125]]], [[[-118.41882, 45.86165, -13000.658203125], [-118.4192, 45.85606, -13945.4873046875], [-118.41766, 45.85262, -12840.8837890625], [-118.41882, 45.86165, -13000.658203125]]], [[[-118.4177, 45.86124, -11977.412109375], [-118.41882, 45.86165, -13000.658203125], [-118.41766, 45.85262, -12840.8837890625], [-118.4177, 45.86124, -11977.412109375]]], [[[-118.4177, 45.86124, -11977.412109375], [-118.41908, 45.87027, -12336.8583984375], [-118.41882, 45.86165, -13000.658203125], [-118.4177, 45.86124, -11977.412109375]]], [[[-118.4177, 45.86124, -11977.412109375], [-118.41813, 45.87042, -11416.4560546875], [-118.41908, 45.87027, -12336.8583984375], [-118.4177, 45.86124, -11977.412109375]]], [[[-118.4177, 45.86124, -11977.412109375], [-118.41672, 45.86168, -10999.328125], [-118.41813, 45.87042, -11416.4560546875], [-118.4177, 45.86124, -11977.412109375]]], [[[-118.4177, 45.86124, -11977.412109375], [-118.41626, 45.85305, -11466.541015625], [-118.41672, 45.86168, -10999.328125], [-118.4177, 45.86124, -11977.412109375]]], [[[-118.41626, 45.85305, -11466.541015625], [-118.4177, 45.86124, -11977.412109375], [-118.41766, 45.85262, -12840.8837890625], [-118.41626, 45.85305, -11466.541015625]]], [[[-118.41676, 45.84719, -12065.4580078125], [-118.41626, 45.85305, -11466.541015625], [-118.41766, 45.85262, -12840.8837890625], [-118.41676, 45.84719, -12065.4580078125]]], [[[-118.41577, 45.84373, -11111.6455078125], [-118.41626, 45.85305, -11466.541015625], [-118.41676, 45.84719, -12065.4580078125], [-118.41577, 45.84373, -11111.6455078125]]], [[[-118.41577, 45.84373, -11111.6455078125], [-118.4153, 45.85268, -10595.978515625], [-118.41626, 45.85305, -11466.541015625], [-118.41577, 45.84373, -11111.6455078125]]], [[[-118.41476, 45.84338, -10187.8681640625], [-118.4153, 45.85268, -10595.978515625], [-118.41577, 45.84373, -11111.6455078125], [-118.41476, 45.84338, -10187.8681640625]]], [[[-118.41476, 45.84338, -10187.8681640625], [-118.41431, 45.85264, -9653.1904296875], [-118.4153, 45.85268, -10595.978515625], [-118.41476, 45.84338, -10187.8681640625]]], [[[-118.41476, 45.84338, -10187.8681640625], [-118.41367, 45.84355, -9195.3291015625], [-118.41431, 45.85264, -9653.1904296875], [-118.41476, 45.84338, -10187.8681640625]]], [[[-118.41476, 45.84338, -10187.8681640625], [-118.41522, 45.83356, -9890.3544921875], [-118.41367, 45.84355, -9195.3291015625], [-118.41476, 45.84338, -10187.8681640625]]], [[[-118.41522, 45.83356, -9890.3544921875], [-118.41476, 45.84338, -10187.8681640625], [-118.4163, 45.83456, -10957.1552734375], [-118.41522, 45.83356, -9890.3544921875]]], [[[-118.41522, 45.83356, -9890.3544921875], [-118.4163, 45.83456, -10957.1552734375], [-118.4173, 45.82562, -10894.79296875], [-118.41522, 45.83356, -9890.3544921875]]], [[[-118.4163, 45.83456, -10957.1552734375], [-118.41806, 45.82915, -11946.0517578125], [-118.4173, 45.82562, -10894.79296875], [-118.4163, 45.83456, -10957.1552734375]]], [[[-118.41806, 45.82915, -11946.0517578125], [-118.4163, 45.83456, -10957.1552734375], [-118.41701, 45.83831, -11991.0], [-118.41806, 45.82915, -11946.0517578125]]], [[[-118.41806, 45.82915, -11946.0517578125], [-118.41701, 45.83831, -11991.0], [-118.41864, 45.83349, -12922.345703125], [-118.41806, 45.82915, -11946.0517578125]]], [[[-118.41806, 45.82915, -11946.0517578125], [-118.41864, 45.83349, -12922.345703125], [-118.4197, 45.82435, -12896.8369140625], [-118.41806, 45.82915, -11946.0517578125]]], [[[-118.41931, 45.82022, -11910.7587890625], [-118.41806, 45.82915, -11946.0517578125], [-118.4197, 45.82435, -12896.8369140625], [-118.41931, 45.82022, -11910.7587890625]]], [[[-118.4173, 45.82562, -10894.79296875], [-118.41806, 45.82915, -11946.0517578125], [-118.41931, 45.82022, -11910.7587890625], [-118.4173, 45.82562, -10894.79296875]]], [[[-118.4173, 45.82562, -10894.79296875], [-118.41931, 45.82022, -11910.7587890625], [-118.41906, 45.81616, -10917.4892578125], [-118.4173, 45.82562, -10894.79296875]]], [[[-118.41906, 45.81616, -10917.4892578125], [-118.41931, 45.82022, -11910.7587890625], [-118.42128, 45.81137, -11880.875], [-118.41906, 45.81616, -10917.4892578125]]], [[[-118.41906, 45.81616, -10917.4892578125], [-118.42128, 45.81137, -11880.875], [-118.42147, 45.80728, -10883.5888671875], [-118.41906, 45.81616, -10917.4892578125]]], [[[-118.41883, 45.81213, -9917.6611328125], [-118.41906, 45.81616, -10917.4892578125], [-118.42147, 45.80728, -10883.5888671875], [-118.41883, 45.81213, -9917.6611328125]]], [[[-118.42128, 45.81137, -11880.875], [-118.41931, 45.82022, -11910.7587890625], [-118.42142, 45.81551, -12860.28515625], [-118.42128, 45.81137, -11880.875]]], [[[-118.42128, 45.81137, -11880.875], [-118.42142, 45.81551, -12860.28515625], [-118.42383, 45.80687, -12818.1328125], [-118.42128, 45.81137, -11880.875]]], [[[-118.41931, 45.82022, -11910.7587890625], [-118.4197, 45.82435, -12896.8369140625], [-118.42142, 45.81551, -12860.28515625], [-118.41931, 45.82022, -11910.7587890625]]], [[[-118.4197, 45.82435, -12896.8369140625], [-118.42162, 45.8197, -13827.533203125], [-118.42142, 45.81551, -12860.28515625], [-118.4197, 45.82435, -12896.8369140625]]], [[[-118.4197, 45.82435, -12896.8369140625], [-118.42025, 45.82877, -13851.7001953125], [-118.42162, 45.8197, -13827.533203125], [-118.4197, 45.82435, -12896.8369140625]]], [[[-118.41864, 45.83349, -12922.345703125], [-118.42025, 45.82877, -13851.7001953125], [-118.4197, 45.82435, -12896.8369140625], [-118.41864, 45.83349, -12922.345703125]]], [[[-118.41864, 45.83349, -12922.345703125], [-118.41919, 45.83783, -13881.23046875], [-118.42025, 45.82877, -13851.7001953125], [-118.41864, 45.83349, -12922.345703125]]], [[[-118.4178, 45.84268, -12956.416015625], [-118.41919, 45.83783, -13881.23046875], [-118.41864, 45.83349, -12922.345703125], [-118.4178, 45.84268, -12956.416015625]]], [[[-118.4178, 45.84268, -12956.416015625], [-118.41879, 45.84707, -13898.8271484375], [-118.41919, 45.83783, -13881.23046875], [-118.4178, 45.84268, -12956.416015625]]], [[[-118.41766, 45.85262, -12840.8837890625], [-118.41879, 45.84707, -13898.8271484375], [-118.4178, 45.84268, -12956.416015625], [-118.41766, 45.85262, -12840.8837890625]]], [[[-118.41766, 45.85262, -12840.8837890625], [-118.4192, 45.85606, -13945.4873046875], [-118.41879, 45.84707, -13898.8271484375], [-118.41766, 45.85262, -12840.8837890625]]], [[[-118.41879, 45.84707, -13898.8271484375], [-118.4192, 45.85606, -13945.4873046875], [-118.41964, 45.8512, -14871.259765625], [-118.41879, 45.84707, -13898.8271484375]]], [[[-118.41879, 45.84707, -13898.8271484375], [-118.41964, 45.8512, -14871.259765625], [-118.41987, 45.84213, -14836.6953125], [-118.41879, 45.84707, -13898.8271484375]]], [[[-118.41919, 45.83783, -13881.23046875], [-118.41879, 45.84707, -13898.8271484375], [-118.41987, 45.84213, -14836.6953125], [-118.41919, 45.83783, -13881.23046875]]], [[[-118.41919, 45.83783, -13881.23046875], [-118.41987, 45.84213, -14836.6953125], [-118.4208, 45.83311, -14804.8828125], [-118.41919, 45.83783, -13881.23046875]]], [[[-118.42025, 45.82877, -13851.7001953125], [-118.41919, 45.83783, -13881.23046875], [-118.4208, 45.83311, -14804.8828125], [-118.42025, 45.82877, -13851.7001953125]]], [[[-118.42025, 45.82877, -13851.7001953125], [-118.4208, 45.83311, -14804.8828125], [-118.42184, 45.82409, -14778.5361328125], [-118.42025, 45.82877, -13851.7001953125]]], [[[-118.5576, 45.52551, -1840.262939453125], [-118.56041, 45.5193, -1099.7203369140625], [-118.55506, 45.52799, -933.4019165039062], [-118.5576, 45.52551, -1840.262939453125]]], [[[-118.42162, 45.8197, -13827.533203125], [-118.42184, 45.82409, -14778.5361328125], [-118.42368, 45.8151, -14753.7763671875], [-118.42162, 45.8197, -13827.533203125]]], [[[-118.42184, 45.82409, -14778.5361328125], [-118.4238, 45.8195, -15701.080078125], [-118.42368, 45.8151, -14753.7763671875], [-118.42184, 45.82409, -14778.5361328125]]], [[[-118.4208, 45.83311, -14804.8828125], [-118.42239, 45.82844, -15727.12109375], [-118.42184, 45.82409, -14778.5361328125], [-118.4208, 45.83311, -14804.8828125]]], [[[-118.4208, 45.83311, -14804.8828125], [-118.42135, 45.83741, -15756.6318359375], [-118.42239, 45.82844, -15727.12109375], [-118.4208, 45.83311, -14804.8828125]]], [[[-118.41987, 45.84213, -14836.6953125], [-118.42135, 45.83741, -15756.6318359375], [-118.4208, 45.83311, -14804.8828125], [-118.41987, 45.84213, -14836.6953125]]], [[[-118.42135, 45.83741, -15756.6318359375], [-118.41987, 45.84213, -14836.6953125], [-118.42091, 45.8464, -15787.5361328125], [-118.42135, 45.83741, -15756.6318359375]]], [[[-118.42135, 45.83741, -15756.6318359375], [-118.42091, 45.8464, -15787.5361328125], [-118.42193, 45.84166, -16706.384765625], [-118.42135, 45.83741, -15756.6318359375]]], [[[-118.42135, 45.83741, -15756.6318359375], [-118.42193, 45.84166, -16706.384765625], [-118.42295, 45.83274, -16674.66796875], [-118.42135, 45.83741, -15756.6318359375]]], [[[-118.42239, 45.82844, -15727.12109375], [-118.42135, 45.83741, -15756.6318359375], [-118.42295, 45.83274, -16674.66796875], [-118.42239, 45.82844, -15727.12109375]]], [[[-118.42239, 45.82844, -15727.12109375], [-118.42295, 45.83274, -16674.66796875], [-118.42398, 45.82382, -16648.041015625], [-118.42239, 45.82844, -15727.12109375]]], [[[-118.4238, 45.8195, -15701.080078125], [-118.42239, 45.82844, -15727.12109375], [-118.42398, 45.82382, -16648.041015625], [-118.4238, 45.8195, -15701.080078125]]], [[[-118.4238, 45.8195, -15701.080078125], [-118.42398, 45.82382, -16648.041015625], [-118.42585, 45.81495, -16621.515625], [-118.4238, 45.8195, -15701.080078125]]], [[[-118.42091, 45.8464, -15787.5361328125], [-118.42154, 45.8506, -16739.5859375], [-118.42193, 45.84166, -16706.384765625], [-118.42091, 45.8464, -15787.5361328125]]], [[[-118.42091, 45.8464, -15787.5361328125], [-118.42111, 45.85541, -15822.15625], [-118.42154, 45.8506, -16739.5859375], [-118.42091, 45.8464, -15787.5361328125]]], [[[-118.41964, 45.8512, -14871.259765625], [-118.42111, 45.85541, -15822.15625], [-118.42091, 45.8464, -15787.5361328125], [-118.41964, 45.8512, -14871.259765625]]], [[[-118.42067, 45.86024, -14901.7265625], [-118.42111, 45.85541, -15822.15625], [-118.41964, 45.8512, -14871.259765625], [-118.42067, 45.86024, -14901.7265625]]], [[[-118.42067, 45.86024, -14901.7265625], [-118.42212, 45.86438, -15855.814453125], [-118.42111, 45.85541, -15822.15625], [-118.42067, 45.86024, -14901.7265625]]], [[[-118.42173, 45.86997, -14892.0234375], [-118.42212, 45.86438, -15855.814453125], [-118.42067, 45.86024, -14901.7265625], [-118.42173, 45.86997, -14892.0234375]]], [[[-118.42173, 45.86997, -14892.0234375], [-118.42318, 45.87332, -15894.6875], [-118.42212, 45.86438, -15855.814453125], [-118.42173, 45.86997, -14892.0234375]]], [[[-118.42173, 45.86997, -14892.0234375], [-118.42309, 45.87905, -14934.1943359375], [-118.42318, 45.87332, -15894.6875], [-118.42173, 45.86997, -14892.0234375]]], [[[-118.42173, 45.86997, -14892.0234375], [-118.42177, 45.87779, -13922.224609375], [-118.42309, 45.87905, -14934.1943359375], [-118.42173, 45.86997, -14892.0234375]]], [[[-118.4203, 45.86558, -13999.998046875], [-118.42177, 45.87779, -13922.224609375], [-118.42173, 45.86997, -14892.0234375], [-118.4203, 45.86558, -13999.998046875]]], [[[-118.4203, 45.86558, -13999.998046875], [-118.42173, 45.86997, -14892.0234375], [-118.42067, 45.86024, -14901.7265625], [-118.4203, 45.86558, -13999.998046875]]], [[[-118.4192, 45.85606, -13945.4873046875], [-118.4203, 45.86558, -13999.998046875], [-118.42067, 45.86024, -14901.7265625], [-118.4192, 45.85606, -13945.4873046875]]], [[[-118.4192, 45.85606, -13945.4873046875], [-118.42067, 45.86024, -14901.7265625], [-118.41964, 45.8512, -14871.259765625], [-118.4192, 45.85606, -13945.4873046875]]], [[[-118.42475, 45.88172, -15963.2578125], [-118.42318, 45.87332, -15894.6875], [-118.42309, 45.87905, -14934.1943359375], [-118.42475, 45.88172, -15963.2578125]]], [[[-118.42318, 45.87332, -15894.6875], [-118.42475, 45.88172, -15963.2578125], [-118.42467, 45.87736, -16850.1640625], [-118.42318, 45.87332, -15894.6875]]], [[[-118.42318, 45.87332, -15894.6875], [-118.42467, 45.87736, -16850.1640625], [-118.42356, 45.86844, -16809.646484375], [-118.42318, 45.87332, -15894.6875]]], [[[-118.42212, 45.86438, -15855.814453125], [-118.42318, 45.87332, -15894.6875], [-118.42356, 45.86844, -16809.646484375], [-118.42212, 45.86438, -15855.814453125]]], [[[-118.42212, 45.86438, -15855.814453125], [-118.42356, 45.86844, -16809.646484375], [-118.42257, 45.85956, -16772.02734375], [-118.42212, 45.86438, -15855.814453125]]], [[[-118.42111, 45.85541, -15822.15625], [-118.42212, 45.86438, -15855.814453125], [-118.42257, 45.85956, -16772.02734375], [-118.42111, 45.85541, -15822.15625]]], [[[-118.42111, 45.85541, -15822.15625], [-118.42257, 45.85956, -16772.02734375], [-118.42154, 45.8506, -16739.5859375], [-118.42111, 45.85541, -15822.15625]]], [[[-118.42475, 45.88172, -15963.2578125], [-118.42673, 45.88605, -16958.892578125], [-118.42467, 45.87736, -16850.1640625], [-118.42475, 45.88172, -15963.2578125]]], [[[-118.42475, 45.88172, -15963.2578125], [-118.4263, 45.88949, -16220.5673828125], [-118.42673, 45.88605, -16958.892578125], [-118.42475, 45.88172, -15963.2578125]]], [[[-118.4263, 45.88949, -16220.5673828125], [-118.42828, 45.89617, -16897.84375], [-118.42673, 45.88605, -16958.892578125], [-118.4263, 45.88949, -16220.5673828125]]], [[[-118.4263, 45.88949, -16220.5673828125], [-118.42727, 45.89697, -15776.884765625], [-118.42828, 45.89617, -16897.84375], [-118.4263, 45.88949, -16220.5673828125]]], [[[-118.41964, 45.8512, -14871.259765625], [-118.42091, 45.8464, -15787.5361328125], [-118.41987, 45.84213, -14836.6953125], [-118.41964, 45.8512, -14871.259765625]]], [[[-118.41676, 45.84719, -12065.4580078125], [-118.41766, 45.85262, -12840.8837890625], [-118.4178, 45.84268, -12956.416015625], [-118.41676, 45.84719, -12065.4580078125]]], [[[-118.41701, 45.83831, -11991.0], [-118.41676, 45.84719, -12065.4580078125], [-118.4178, 45.84268, -12956.416015625], [-118.41701, 45.83831, -11991.0]]], [[[-118.41577, 45.84373, -11111.6455078125], [-118.41676, 45.84719, -12065.4580078125], [-118.41701, 45.83831, -11991.0], [-118.41577, 45.84373, -11111.6455078125]]], [[[-118.41577, 45.84373, -11111.6455078125], [-118.41701, 45.83831, -11991.0], [-118.4163, 45.83456, -10957.1552734375], [-118.41577, 45.84373, -11111.6455078125]]], [[[-118.41476, 45.84338, -10187.8681640625], [-118.41577, 45.84373, -11111.6455078125], [-118.4163, 45.83456, -10957.1552734375], [-118.41476, 45.84338, -10187.8681640625]]], [[[-118.41701, 45.83831, -11991.0], [-118.4178, 45.84268, -12956.416015625], [-118.41864, 45.83349, -12922.345703125], [-118.41701, 45.83831, -11991.0]]], [[[-118.41367, 45.84355, -9195.3291015625], [-118.41322, 45.85264, -8617.8349609375], [-118.41431, 45.85264, -9653.1904296875], [-118.41367, 45.84355, -9195.3291015625]]], [[[-118.41322, 45.85264, -8617.8349609375], [-118.41468, 45.86117, -9122.57421875], [-118.41431, 45.85264, -9653.1904296875], [-118.41322, 45.85264, -8617.8349609375]]], [[[-118.41468, 45.86117, -9122.57421875], [-118.41322, 45.85264, -8617.8349609375], [-118.41352, 45.86095, -8041.75048828125], [-118.41468, 45.86117, -9122.57421875]]], [[[-118.41468, 45.86117, -9122.57421875], [-118.41352, 45.86095, -8041.75048828125], [-118.41501, 45.86948, -8552.76953125], [-118.41468, 45.86117, -9122.57421875]]], [[[-118.41468, 45.86117, -9122.57421875], [-118.41501, 45.86948, -8552.76953125], [-118.41614, 45.86982, -9587.146484375], [-118.41468, 45.86117, -9122.57421875]]], [[[-118.41575, 45.86145, -10107.23046875], [-118.41468, 45.86117, -9122.57421875], [-118.41614, 45.86982, -9587.146484375], [-118.41575, 45.86145, -10107.23046875]]], [[[-118.41575, 45.86145, -10107.23046875], [-118.41431, 45.85264, -9653.1904296875], [-118.41468, 45.86117, -9122.57421875], [-118.41575, 45.86145, -10107.23046875]]], [[[-118.41431, 45.85264, -9653.1904296875], [-118.41575, 45.86145, -10107.23046875], [-118.4153, 45.85268, -10595.978515625], [-118.41431, 45.85264, -9653.1904296875]]], [[[-118.41672, 45.86168, -10999.328125], [-118.4153, 45.85268, -10595.978515625], [-118.41575, 45.86145, -10107.23046875], [-118.41672, 45.86168, -10999.328125]]], [[[-118.4153, 45.85268, -10595.978515625], [-118.41672, 45.86168, -10999.328125], [-118.41626, 45.85305, -11466.541015625], [-118.4153, 45.85268, -10595.978515625]]], [[[-118.41672, 45.86168, -10999.328125], [-118.41575, 45.86145, -10107.23046875], [-118.41719, 45.8703, -10531.2099609375], [-118.41672, 45.86168, -10999.328125]]], [[[-118.41672, 45.86168, -10999.328125], [-118.41719, 45.8703, -10531.2099609375], [-118.41813, 45.87042, -11416.4560546875], [-118.41672, 45.86168, -10999.328125]]], [[[-118.41719, 45.8703, -10531.2099609375], [-118.41899, 45.87902, -10939.013671875], [-118.41813, 45.87042, -11416.4560546875], [-118.41719, 45.8703, -10531.2099609375]]], [[[-118.41719, 45.8703, -10531.2099609375], [-118.41795, 45.87858, -10014.90234375], [-118.41899, 45.87902, -10939.013671875], [-118.41719, 45.8703, -10531.2099609375]]], [[[-118.41614, 45.86982, -9587.146484375], [-118.41795, 45.87858, -10014.90234375], [-118.41719, 45.8703, -10531.2099609375], [-118.41614, 45.86982, -9587.146484375]]], [[[-118.41795, 45.87858, -10014.90234375], [-118.41614, 45.86982, -9587.146484375], [-118.41684, 45.87811, -9032.7021484375], [-118.41795, 45.87858, -10014.90234375]]], [[[-118.41795, 45.87858, -10014.90234375], [-118.41684, 45.87811, -9032.7021484375], [-118.41893, 45.88691, -9461.9345703125], [-118.41795, 45.87858, -10014.90234375]]], [[[-118.41795, 45.87858, -10014.90234375], [-118.41893, 45.88691, -9461.9345703125], [-118.41998, 45.88734, -10423.92578125], [-118.41795, 45.87858, -10014.90234375]]], [[[-118.41899, 45.87902, -10939.013671875], [-118.41795, 45.87858, -10014.90234375], [-118.41998, 45.88734, -10423.92578125], [-118.41899, 45.87902, -10939.013671875]]], [[[-118.41899, 45.87902, -10939.013671875], [-118.41998, 45.88734, -10423.92578125], [-118.42101, 45.88761, -11372.537109375], [-118.41899, 45.87902, -10939.013671875]]], [[[-118.41992, 45.87904, -11842.8046875], [-118.41899, 45.87902, -10939.013671875], [-118.42101, 45.88761, -11372.537109375], [-118.41992, 45.87904, -11842.8046875]]], [[[-118.41992, 45.87904, -11842.8046875], [-118.41813, 45.87042, -11416.4560546875], [-118.41899, 45.87902, -10939.013671875], [-118.41992, 45.87904, -11842.8046875]]], [[[-118.41813, 45.87042, -11416.4560546875], [-118.41992, 45.87904, -11842.8046875], [-118.41908, 45.87027, -12336.8583984375], [-118.41813, 45.87042, -11416.4560546875]]], [[[-118.42089, 45.87892, -12814.232421875], [-118.41908, 45.87027, -12336.8583984375], [-118.41992, 45.87904, -11842.8046875], [-118.42089, 45.87892, -12814.232421875]]], [[[-118.41908, 45.87027, -12336.8583984375], [-118.42089, 45.87892, -12814.232421875], [-118.42015, 45.87075, -13293.3876953125], [-118.41908, 45.87027, -12336.8583984375]]], [[[-118.41882, 45.86165, -13000.658203125], [-118.41908, 45.87027, -12336.8583984375], [-118.42015, 45.87075, -13293.3876953125], [-118.41882, 45.86165, -13000.658203125]]], [[[-118.42089, 45.87892, -12814.232421875], [-118.41992, 45.87904, -11842.8046875], [-118.42201, 45.88754, -12331.525390625], [-118.42089, 45.87892, -12814.232421875]]], [[[-118.42089, 45.87892, -12814.232421875], [-118.42201, 45.88754, -12331.525390625], [-118.42303, 45.88743, -13314.935546875], [-118.42089, 45.87892, -12814.232421875]]], [[[-118.42201, 45.88754, -12331.525390625], [-118.42399, 45.89623, -12809.4287109375], [-118.42303, 45.88743, -13314.935546875], [-118.42201, 45.88754, -12331.525390625]]], [[[-118.42399, 45.89623, -12809.4287109375], [-118.42201, 45.88754, -12331.525390625], [-118.42295, 45.89613, -11838.439453125], [-118.42399, 45.89623, -12809.4287109375]]], [[[-118.42399, 45.89623, -12809.4287109375], [-118.42295, 45.89613, -11838.439453125], [-118.42559, 45.90453, -12292.7314453125], [-118.42399, 45.89623, -12809.4287109375]]], [[[-118.42399, 45.89623, -12809.4287109375], [-118.42559, 45.90453, -12292.7314453125], [-118.42663, 45.90472, -13265.1494140625], [-118.42399, 45.89623, -12809.4287109375]]], [[[-118.42503, 45.89632, -13781.662109375], [-118.42399, 45.89623, -12809.4287109375], [-118.42663, 45.90472, -13265.1494140625], [-118.42503, 45.89632, -13781.662109375]]], [[[-118.42503, 45.89632, -13781.662109375], [-118.42303, 45.88743, -13314.935546875], [-118.42399, 45.89623, -12809.4287109375], [-118.42503, 45.89632, -13781.662109375]]], [[[-118.42303, 45.88743, -13314.935546875], [-118.42503, 45.89632, -13781.662109375], [-118.4241, 45.88758, -14315.8486328125], [-118.42303, 45.88743, -13314.935546875]]], [[[-118.42614, 45.89665, -14762.1279296875], [-118.4241, 45.88758, -14315.8486328125], [-118.42503, 45.89632, -13781.662109375], [-118.42614, 45.89665, -14762.1279296875]]], [[[-118.4241, 45.88758, -14315.8486328125], [-118.42614, 45.89665, -14762.1279296875], [-118.42518, 45.88821, -15280.9140625], [-118.4241, 45.88758, -14315.8486328125]]], [[[-118.42614, 45.89665, -14762.1279296875], [-118.42503, 45.89632, -13781.662109375], [-118.42768, 45.90492, -14237.5673828125], [-118.42614, 45.89665, -14762.1279296875]]], [[[-118.42614, 45.89665, -14762.1279296875], [-118.42768, 45.90492, -14237.5673828125], [-118.42872, 45.90511, -15209.9853515625], [-118.42614, 45.89665, -14762.1279296875]]], [[[-118.42503, 45.89632, -13781.662109375], [-118.42663, 45.90472, -13265.1494140625], [-118.42768, 45.90492, -14237.5673828125], [-118.42503, 45.89632, -13781.662109375]]], [[[-118.42295, 45.89613, -11838.439453125], [-118.42454, 45.90434, -11320.314453125], [-118.42559, 45.90453, -12292.7314453125], [-118.42295, 45.89613, -11838.439453125]]], [[[-118.42295, 45.89613, -11838.439453125], [-118.42189, 45.89598, -10864.125], [-118.42454, 45.90434, -11320.314453125], [-118.42295, 45.89613, -11838.439453125]]], [[[-118.42295, 45.89613, -11838.439453125], [-118.42101, 45.88761, -11372.537109375], [-118.42189, 45.89598, -10864.125], [-118.42295, 45.89613, -11838.439453125]]], [[[-118.42101, 45.88761, -11372.537109375], [-118.42295, 45.89613, -11838.439453125], [-118.42201, 45.88754, -12331.525390625], [-118.42101, 45.88761, -11372.537109375]]], [[[-118.41992, 45.87904, -11842.8046875], [-118.42101, 45.88761, -11372.537109375], [-118.42201, 45.88754, -12331.525390625], [-118.41992, 45.87904, -11842.8046875]]], [[[-118.41998, 45.88734, -10423.92578125], [-118.42189, 45.89598, -10864.125], [-118.42101, 45.88761, -11372.537109375], [-118.41998, 45.88734, -10423.92578125]]], [[[-118.42189, 45.89598, -10864.125], [-118.41998, 45.88734, -10423.92578125], [-118.42082, 45.89572, -9891.8251953125], [-118.42189, 45.89598, -10864.125]]], [[[-118.42189, 45.89598, -10864.125], [-118.42082, 45.89572, -9891.8251953125], [-118.4235, 45.90414, -10347.896484375], [-118.42189, 45.89598, -10864.125]]], [[[-118.42189, 45.89598, -10864.125], [-118.4235, 45.90414, -10347.896484375], [-118.42454, 45.90434, -11320.314453125], [-118.42189, 45.89598, -10864.125]]], [[[-118.42082, 45.89572, -9891.8251953125], [-118.42245, 45.90395, -9375.478515625], [-118.4235, 45.90414, -10347.896484375], [-118.42082, 45.89572, -9891.8251953125]]], [[[-118.42082, 45.89572, -9891.8251953125], [-118.41973, 45.89543, -8921.623046875], [-118.42245, 45.90395, -9375.478515625], [-118.42082, 45.89572, -9891.8251953125]]], [[[-118.42082, 45.89572, -9891.8251953125], [-118.41893, 45.88691, -9461.9345703125], [-118.41973, 45.89543, -8921.623046875], [-118.42082, 45.89572, -9891.8251953125]]], [[[-118.41893, 45.88691, -9461.9345703125], [-118.42082, 45.89572, -9891.8251953125], [-118.41998, 45.88734, -10423.92578125], [-118.41893, 45.88691, -9461.9345703125]]], [[[-118.41785, 45.88655, -8476.8076171875], [-118.41973, 45.89543, -8921.623046875], [-118.41893, 45.88691, -9461.9345703125], [-118.41785, 45.88655, -8476.8076171875]]], [[[-118.41973, 45.89543, -8921.623046875], [-118.41785, 45.88655, -8476.8076171875], [-118.41866, 45.89518, -7949.708984375], [-118.41973, 45.89543, -8921.623046875]]], [[[-118.41973, 45.89543, -8921.623046875], [-118.41866, 45.89518, -7949.708984375], [-118.42141, 45.90375, -8403.060546875], [-118.41973, 45.89543, -8921.623046875]]], [[[-118.41973, 45.89543, -8921.623046875], [-118.42141, 45.90375, -8403.060546875], [-118.42245, 45.90395, -9375.478515625], [-118.41973, 45.89543, -8921.623046875]]], [[[-118.41866, 45.89518, -7949.708984375], [-118.42036, 45.90356, -7430.64306640625], [-118.42141, 45.90375, -8403.060546875], [-118.41866, 45.89518, -7949.708984375]]], [[[-118.41866, 45.89518, -7949.708984375], [-118.41762, 45.8951, -6977.66455078125], [-118.42036, 45.90356, -7430.64306640625], [-118.41866, 45.89518, -7949.708984375]]], [[[-118.41679, 45.88642, -7473.42041015625], [-118.41762, 45.8951, -6977.66455078125], [-118.41866, 45.89518, -7949.708984375], [-118.41679, 45.88642, -7473.42041015625]]], [[[-118.41576, 45.88642, -6500.671875], [-118.41762, 45.8951, -6977.66455078125], [-118.41679, 45.88642, -7473.42041015625], [-118.41576, 45.88642, -6500.671875]]], [[[-118.41576, 45.88642, -6500.671875], [-118.41657, 45.89498, -6006.63720703125], [-118.41762, 45.8951, -6977.66455078125], [-118.41576, 45.88642, -6500.671875]]], [[[-118.41476, 45.88646, -5543.8779296875], [-118.41657, 45.89498, -6006.63720703125], [-118.41576, 45.88642, -6500.671875], [-118.41476, 45.88646, -5543.8779296875]]], [[[-118.41476, 45.88646, -5543.8779296875], [-118.41551, 45.89481, -5031.82568359375], [-118.41657, 45.89498, -6006.63720703125], [-118.41476, 45.88646, -5543.8779296875]]], [[[-118.41373, 45.88613, -4593.51318359375], [-118.41551, 45.89481, -5031.82568359375], [-118.41476, 45.88646, -5543.8779296875], [-118.41373, 45.88613, -4593.51318359375]]], [[[-118.41373, 45.88613, -4593.51318359375], [-118.41443, 45.89456, -4060.2197265625], [-118.41551, 45.89481, -5031.82568359375], [-118.41373, 45.88613, -4593.51318359375]]], [[[-118.41267, 45.8857, -3629.952880859375], [-118.41335, 45.89425, -3090.072998046875], [-118.41443, 45.89456, -4060.2197265625], [-118.41267, 45.8857, -3629.952880859375]]], [[[-118.41163, 45.88569, -2647.364501953125], [-118.41335, 45.89425, -3090.072998046875], [-118.41267, 45.8857, -3629.952880859375], [-118.41163, 45.88569, -2647.364501953125]]], [[[-118.41163, 45.88569, -2647.364501953125], [-118.41226, 45.89406, -2094.0302734375], [-118.41335, 45.89425, -3090.072998046875], [-118.41163, 45.88569, -2647.364501953125]]], [[[-118.41038, 45.88481, -1539.231201171875], [-118.41226, 45.89406, -2094.0302734375], [-118.41163, 45.88569, -2647.364501953125], [-118.41038, 45.88481, -1539.231201171875]]], [[[-118.41038, 45.88481, -1539.231201171875], [-118.41113, 45.8941, -1012.8060302734375], [-118.41226, 45.89406, -2094.0302734375], [-118.41038, 45.88481, -1539.231201171875]]], [[[-118.41038, 45.88481, -1539.231201171875], [-118.40956, 45.88762, -490.47393798828125], [-118.41113, 45.8941, -1012.8060302734375], [-118.41038, 45.88481, -1539.231201171875]]], [[[-118.40956, 45.88762, -490.47393798828125], [-118.41038, 45.88481, -1539.231201171875], [-118.40837, 45.87925, -515.6448974609375], [-118.40956, 45.88762, -490.47393798828125]]], [[[-118.40956, 45.88762, -490.47393798828125], [-118.40837, 45.87925, -515.6448974609375], [-118.40821, 45.88385, 433.4984436035156], [-118.40956, 45.88762, -490.47393798828125]]], [[[-118.40956, 45.88762, -490.47393798828125], [-118.40821, 45.88385, 433.4984436035156], [-118.40944, 45.89299, 365.5418701171875], [-118.40956, 45.88762, -490.47393798828125]]], [[[-118.41113, 45.8941, -1012.8060302734375], [-118.40956, 45.88762, -490.47393798828125], [-118.40944, 45.89299, 365.5418701171875], [-118.41113, 45.8941, -1012.8060302734375]]], [[[-118.41113, 45.8941, -1012.8060302734375], [-118.40944, 45.89299, 365.5418701171875], [-118.41098, 45.89764, -130.69615173339844], [-118.41113, 45.8941, -1012.8060302734375]]], [[[-118.41113, 45.8941, -1012.8060302734375], [-118.41098, 45.89764, -130.69615173339844], [-118.41305, 45.90219, -623.71875], [-118.41113, 45.8941, -1012.8060302734375]]], [[[-118.41113, 45.8941, -1012.8060302734375], [-118.41305, 45.90219, -623.71875], [-118.41409, 45.90239, -1596.136474609375], [-118.41113, 45.8941, -1012.8060302734375]]], [[[-118.41226, 45.89406, -2094.0302734375], [-118.41113, 45.8941, -1012.8060302734375], [-118.41409, 45.90239, -1596.136474609375], [-118.41226, 45.89406, -2094.0302734375]]], [[[-118.41226, 45.89406, -2094.0302734375], [-118.41409, 45.90239, -1596.136474609375], [-118.41514, 45.90258, -2568.55419921875], [-118.41226, 45.89406, -2094.0302734375]]], [[[-118.41335, 45.89425, -3090.072998046875], [-118.41226, 45.89406, -2094.0302734375], [-118.41514, 45.90258, -2568.55419921875], [-118.41335, 45.89425, -3090.072998046875]]], [[[-118.41335, 45.89425, -3090.072998046875], [-118.41514, 45.90258, -2568.55419921875], [-118.41618, 45.90278, -3540.971923828125], [-118.41335, 45.89425, -3090.072998046875]]], [[[-118.41335, 45.89425, -3090.072998046875], [-118.41618, 45.90278, -3540.971923828125], [-118.41443, 45.89456, -4060.2197265625], [-118.41335, 45.89425, -3090.072998046875]]], [[[-118.41443, 45.89456, -4060.2197265625], [-118.41618, 45.90278, -3540.971923828125], [-118.41723, 45.90297, -4513.3896484375], [-118.41443, 45.89456, -4060.2197265625]]], [[[-118.41443, 45.89456, -4060.2197265625], [-118.41723, 45.90297, -4513.3896484375], [-118.41551, 45.89481, -5031.82568359375], [-118.41443, 45.89456, -4060.2197265625]]], [[[-118.41827, 45.90317, -5485.8076171875], [-118.41551, 45.89481, -5031.82568359375], [-118.41723, 45.90297, -4513.3896484375], [-118.41827, 45.90317, -5485.8076171875]]], [[[-118.41657, 45.89498, -6006.63720703125], [-118.41551, 45.89481, -5031.82568359375], [-118.41827, 45.90317, -5485.8076171875], [-118.41657, 45.89498, -6006.63720703125]]], [[[-118.41762, 45.8951, -6977.66455078125], [-118.41657, 45.89498, -6006.63720703125], [-118.41932, 45.90336, -6458.22509765625], [-118.41762, 45.8951, -6977.66455078125]]], [[[-118.412, 45.902, 348.6990051269531], [-118.41305, 45.90219, -623.71875], [-118.41098, 45.89764, -130.69615173339844], [-118.412, 45.902, 348.6990051269531]]], [[[-118.412, 45.902, 348.6990051269531], [-118.41098, 45.89764, -130.69615173339844], [-118.40944, 45.89299, 365.5418701171875], [-118.412, 45.902, 348.6990051269531]]], [[[-118.40821, 45.88385, 433.4984436035156], [-118.40837, 45.87925, -515.6448974609375], [-118.40638, 45.87473, 427.8359069824219], [-118.40821, 45.88385, 433.4984436035156]]], [[[-118.40656, 45.86985, -474.0237731933594], [-118.40638, 45.87473, 427.8359069824219], [-118.40837, 45.87925, -515.6448974609375], [-118.40656, 45.86985, -474.0237731933594]]], [[[-118.40656, 45.86985, -474.0237731933594], [-118.40507, 45.86558, 458.4739074707031], [-118.40638, 45.87473, 427.8359069824219], [-118.40656, 45.86985, -474.0237731933594]]], [[[-118.40656, 45.86985, -474.0237731933594], [-118.40549, 45.86069, -443.15386962890625], [-118.40507, 45.86558, 458.4739074707031], [-118.40656, 45.86985, -474.0237731933594]]], [[[-118.40694, 45.86497, -1387.1588134765625], [-118.40549, 45.86069, -443.15386962890625], [-118.40656, 45.86985, -474.0237731933594], [-118.40694, 45.86497, -1387.1588134765625]]], [[[-118.40596, 45.85601, -1367.4049072265625], [-118.40549, 45.86069, -443.15386962890625], [-118.40694, 45.86497, -1387.1588134765625], [-118.40596, 45.85601, -1367.4049072265625]]], [[[-118.40596, 45.85601, -1367.4049072265625], [-118.40449, 45.85172, -426.19683837890625], [-118.40549, 45.86069, -443.15386962890625], [-118.40596, 45.85601, -1367.4049072265625]]], [[[-118.40596, 45.85601, -1367.4049072265625], [-118.40501, 45.84702, -1342.3544921875], [-118.40449, 45.85172, -426.19683837890625], [-118.40596, 45.85601, -1367.4049072265625]]], [[[-118.40596, 45.85601, -1367.4049072265625], [-118.4064, 45.85126, -2290.599365234375], [-118.40501, 45.84702, -1342.3544921875], [-118.40596, 45.85601, -1367.4049072265625]]], [[[-118.4064, 45.85126, -2290.599365234375], [-118.40596, 45.85601, -1367.4049072265625], [-118.40749, 45.86062, -2354.717041015625], [-118.4064, 45.85126, -2290.599365234375]]], [[[-118.40795, 45.85604, -3257.02099609375], [-118.40708, 45.84638, -3209.367431640625], [-118.4064, 45.85126, -2290.599365234375], [-118.40795, 45.85604, -3257.02099609375]]], [[[-118.40795, 45.85604, -3257.02099609375], [-118.40852, 45.85139, -4283.94970703125], [-118.40708, 45.84638, -3209.367431640625], [-118.40795, 45.85604, -3257.02099609375]]], [[[-118.40852, 45.85139, -4283.94970703125], [-118.40795, 45.85604, -3257.02099609375], [-118.40938, 45.86049, -4156.93505859375], [-118.40852, 45.85139, -4283.94970703125]]], [[[-118.40852, 45.85139, -4283.94970703125], [-118.40938, 45.86049, -4156.93505859375], [-118.41031, 45.86004, -5091.4912109375], [-118.40852, 45.85139, -4283.94970703125]]], [[[-118.40996, 45.85169, -5619.9296875], [-118.40852, 45.85139, -4283.94970703125], [-118.41031, 45.86004, -5091.4912109375], [-118.40996, 45.85169, -5619.9296875]]], [[[-118.4091, 45.8456, -5047.77294921875], [-118.40852, 45.85139, -4283.94970703125], [-118.40996, 45.85169, -5619.9296875], [-118.4091, 45.8456, -5047.77294921875]]], [[[-118.4091, 45.8456, -5047.77294921875], [-118.40808, 45.8417, -4115.43603515625], [-118.40852, 45.85139, -4283.94970703125], [-118.4091, 45.8456, -5047.77294921875]]], [[[-118.4094, 45.83721, -5104.169921875], [-118.40808, 45.8417, -4115.43603515625], [-118.4091, 45.8456, -5047.77294921875], [-118.4094, 45.83721, -5104.169921875]]], [[[-118.4094, 45.83721, -5104.169921875], [-118.4088, 45.83292, -4110.8330078125], [-118.40808, 45.8417, -4115.43603515625], [-118.4094, 45.83721, -5104.169921875]]], [[[-118.4104, 45.82859, -5070.42041015625], [-118.4088, 45.83292, -4110.8330078125], [-118.4094, 45.83721, -5104.169921875], [-118.4104, 45.82859, -5070.42041015625]]], [[[-118.4104, 45.82859, -5070.42041015625], [-118.40988, 45.824, -4124.89453125], [-118.4088, 45.83292, -4110.8330078125], [-118.4104, 45.82859, -5070.42041015625]]], [[[-118.41164, 45.81953, -5071.60400390625], [-118.41147, 45.81524, -4105.5087890625], [-118.40988, 45.824, -4124.89453125], [-118.41164, 45.81953, -5071.60400390625]]], [[[-118.41354, 45.81098, -5068.1103515625], [-118.41147, 45.81524, -4105.5087890625], [-118.41164, 45.81953, -5071.60400390625], [-118.41354, 45.81098, -5068.1103515625]]], [[[-118.41354, 45.81098, -5068.1103515625], [-118.41371, 45.80704, -4066.185791015625], [-118.41147, 45.81524, -4105.5087890625], [-118.41354, 45.81098, -5068.1103515625]]], [[[-118.41629, 45.80253, -4996.12353515625], [-118.41371, 45.80704, -4066.185791015625], [-118.41354, 45.81098, -5068.1103515625], [-118.41629, 45.80253, -4996.12353515625]]], [[[-118.41371, 45.80704, -4066.185791015625], [-118.41616, 45.79835, -4020.77978515625], [-118.41398, 45.80288, -3094.666015625], [-118.41371, 45.80704, -4066.185791015625]]], [[[-118.41371, 45.80704, -4066.185791015625], [-118.41398, 45.80288, -3094.666015625], [-118.41122, 45.81134, -3127.582275390625], [-118.41371, 45.80704, -4066.185791015625]]], [[[-118.41147, 45.81524, -4105.5087890625], [-118.41371, 45.80704, -4066.185791015625], [-118.41122, 45.81134, -3127.582275390625], [-118.41147, 45.81524, -4105.5087890625]]], [[[-118.41147, 45.81524, -4105.5087890625], [-118.41122, 45.81134, -3127.582275390625], [-118.40945, 45.81962, -3172.077880859375], [-118.41147, 45.81524, -4105.5087890625]]], [[[-118.40988, 45.824, -4124.89453125], [-118.41147, 45.81524, -4105.5087890625], [-118.40945, 45.81962, -3172.077880859375], [-118.40988, 45.824, -4124.89453125]]], [[[-118.40988, 45.824, -4124.89453125], [-118.40945, 45.81962, -3172.077880859375], [-118.4083, 45.82832, -3175.34033203125], [-118.40988, 45.824, -4124.89453125]]], [[[-118.4088, 45.83292, -4110.8330078125], [-118.40988, 45.824, -4124.89453125], [-118.4083, 45.82832, -3175.34033203125], [-118.4088, 45.83292, -4110.8330078125]]], [[[-118.4088, 45.83292, -4110.8330078125], [-118.4083, 45.82832, -3175.34033203125], [-118.40722, 45.83718, -3156.826904296875], [-118.4088, 45.83292, -4110.8330078125]]], [[[-118.40808, 45.8417, -4115.43603515625], [-118.4088, 45.83292, -4110.8330078125], [-118.40722, 45.83718, -3156.826904296875], [-118.40808, 45.8417, -4115.43603515625]]], [[[-118.40808, 45.8417, -4115.43603515625], [-118.40722, 45.83718, -3156.826904296875], [-118.40708, 45.84638, -3209.367431640625], [-118.40808, 45.8417, -4115.43603515625]]], [[[-118.40808, 45.8417, -4115.43603515625], [-118.40708, 45.84638, -3209.367431640625], [-118.40852, 45.85139, -4283.94970703125], [-118.40808, 45.8417, -4115.43603515625]]], [[[-118.40708, 45.84638, -3209.367431640625], [-118.40722, 45.83718, -3156.826904296875], [-118.40602, 45.8421, -2247.673583984375], [-118.40708, 45.84638, -3209.367431640625]]], [[[-118.40708, 45.84638, -3209.367431640625], [-118.40602, 45.8421, -2247.673583984375], [-118.4064, 45.85126, -2290.599365234375], [-118.40708, 45.84638, -3209.367431640625]]], [[[-118.49175, 45.62943, -109.17919921875], [-118.49375, 45.62625, 878.6212158203125], [-118.48673, 45.63361, 758.7262573242188], [-118.49175, 45.62943, -109.17919921875]]], [[[-118.40602, 45.8421, -2247.673583984375], [-118.40501, 45.84702, -1342.3544921875], [-118.4064, 45.85126, -2290.599365234375], [-118.40602, 45.8421, -2247.673583984375]]], [[[-118.40602, 45.8421, -2247.673583984375], [-118.40511, 45.83749, -1321.0782470703125], [-118.40501, 45.84702, -1342.3544921875], [-118.40602, 45.8421, -2247.673583984375]]], [[[-118.49791, 45.62159, 9.741642951965332], [-118.49893, 45.61811, 994.8973388671875], [-118.49375, 45.62625, 878.6212158203125], [-118.49791, 45.62159, 9.741642951965332]]], [[[-118.40722, 45.83718, -3156.826904296875], [-118.40673, 45.83255, -2225.828125], [-118.40602, 45.8421, -2247.673583984375], [-118.40722, 45.83718, -3156.826904296875]]], [[[-118.4083, 45.82832, -3175.34033203125], [-118.40673, 45.83255, -2225.828125], [-118.40722, 45.83718, -3156.826904296875], [-118.4083, 45.82832, -3175.34033203125]]], [[[-118.4083, 45.82832, -3175.34033203125], [-118.40776, 45.82393, -2228.84716796875], [-118.40673, 45.83255, -2225.828125], [-118.4083, 45.82832, -3175.34033203125]]], [[[-118.40945, 45.81962, -3172.077880859375], [-118.40918, 45.81575, -2195.5859375], [-118.40776, 45.82393, -2228.84716796875], [-118.40945, 45.81962, -3172.077880859375]]], [[[-118.41122, 45.81134, -3127.582275390625], [-118.40918, 45.81575, -2195.5859375], [-118.40945, 45.81962, -3172.077880859375], [-118.41122, 45.81134, -3127.582275390625]]], [[[-118.41122, 45.81134, -3127.582275390625], [-118.41143, 45.80729, -2157.55078125], [-118.40918, 45.81575, -2195.5859375], [-118.41122, 45.81134, -3127.582275390625]]], [[[-118.41398, 45.80288, -3094.666015625], [-118.41143, 45.80729, -2157.55078125], [-118.41122, 45.81134, -3127.582275390625], [-118.41398, 45.80288, -3094.666015625]]], [[[-118.41143, 45.80729, -2157.55078125], [-118.41398, 45.80288, -3094.666015625], [-118.41403, 45.79837, -2174.2861328125], [-118.41143, 45.80729, -2157.55078125]]], [[[-118.41143, 45.80729, -2157.55078125], [-118.41403, 45.79837, -2174.2861328125], [-118.41193, 45.80263, -1235.7393798828125], [-118.41143, 45.80729, -2157.55078125]]], [[[-118.41143, 45.80729, -2157.55078125], [-118.41193, 45.80263, -1235.7393798828125], [-118.40897, 45.81167, -1234.7762451171875], [-118.41143, 45.80729, -2157.55078125]]], [[[-118.40918, 45.81575, -2195.5859375], [-118.41143, 45.80729, -2157.55078125], [-118.40897, 45.81167, -1234.7762451171875], [-118.40918, 45.81575, -2195.5859375]]], [[[-118.50418, 45.61711, -2820.42724609375], [-118.50513, 45.61327, -1833.3951416015625], [-118.5005, 45.62119, -1893.922607421875], [-118.50418, 45.61711, -2820.42724609375]]], [[[-118.40918, 45.81575, -2195.5859375], [-118.40897, 45.81167, -1234.7762451171875], [-118.40717, 45.82006, -1261.8585205078125], [-118.40918, 45.81575, -2195.5859375]]], [[[-118.40776, 45.82393, -2228.84716796875], [-118.40918, 45.81575, -2195.5859375], [-118.40717, 45.82006, -1261.8585205078125], [-118.40776, 45.82393, -2228.84716796875]]], [[[-118.40776, 45.82393, -2228.84716796875], [-118.40717, 45.82006, -1261.8585205078125], [-118.40617, 45.82836, -1279.74609375], [-118.40776, 45.82393, -2228.84716796875]]], [[[-118.40673, 45.83255, -2225.828125], [-118.40617, 45.82836, -1279.74609375], [-118.40511, 45.83749, -1321.0782470703125], [-118.40673, 45.83255, -2225.828125]]], [[[-118.40617, 45.82836, -1279.74609375], [-118.40461, 45.83295, -383.525146484375], [-118.40511, 45.83749, -1321.0782470703125], [-118.40617, 45.82836, -1279.74609375]]], [[[-118.40617, 45.82836, -1279.74609375], [-118.40558, 45.82422, -314.29461669921875], [-118.40461, 45.83295, -383.525146484375], [-118.40617, 45.82836, -1279.74609375]]], [[[-118.40717, 45.82006, -1261.8585205078125], [-118.40558, 45.82422, -314.29461669921875], [-118.40617, 45.82836, -1279.74609375], [-118.40717, 45.82006, -1261.8585205078125]]], [[[-118.40717, 45.82006, -1261.8585205078125], [-118.40697, 45.81593, -298.3093566894531], [-118.40558, 45.82422, -314.29461669921875], [-118.40717, 45.82006, -1261.8585205078125]]], [[[-118.40897, 45.81167, -1234.7762451171875], [-118.40697, 45.81593, -298.3093566894531], [-118.40717, 45.82006, -1261.8585205078125], [-118.40897, 45.81167, -1234.7762451171875]]], [[[-118.40897, 45.81167, -1234.7762451171875], [-118.4094, 45.80701, -311.9060363769531], [-118.40697, 45.81593, -298.3093566894531], [-118.40897, 45.81167, -1234.7762451171875]]], [[[-118.41193, 45.80263, -1235.7393798828125], [-118.4094, 45.80701, -311.9060363769531], [-118.40897, 45.81167, -1234.7762451171875], [-118.41193, 45.80263, -1235.7393798828125]]], [[[-118.41193, 45.80263, -1235.7393798828125], [-118.41194, 45.7981, -299.06170654296875], [-118.4094, 45.80701, -311.9060363769531], [-118.41193, 45.80263, -1235.7393798828125]]], [[[-118.41397, 45.79386, -1235.2816162109375], [-118.41194, 45.7981, -299.06170654296875], [-118.41193, 45.80263, -1235.7393798828125], [-118.41397, 45.79386, -1235.2816162109375]]], [[[-118.41397, 45.79386, -1235.2816162109375], [-118.41438, 45.78951, -291.511962890625], [-118.41194, 45.7981, -299.06170654296875], [-118.41397, 45.79386, -1235.2816162109375]]], [[[-118.41715, 45.78484, -1194.5865478515625], [-118.41438, 45.78951, -291.511962890625], [-118.41397, 45.79386, -1235.2816162109375], [-118.41715, 45.78484, -1194.5865478515625]]], [[[-118.41715, 45.78484, -1194.5865478515625], [-118.41763, 45.78029, -258.253662109375], [-118.41438, 45.78951, -291.511962890625], [-118.41715, 45.78484, -1194.5865478515625]]], [[[-118.42008, 45.77625, -1188.2294921875], [-118.41763, 45.78029, -258.253662109375], [-118.41715, 45.78484, -1194.5865478515625], [-118.42008, 45.77625, -1188.2294921875]]], [[[-118.42008, 45.77625, -1188.2294921875], [-118.41995, 45.77206, -234.64390563964844], [-118.41763, 45.78029, -258.253662109375], [-118.42008, 45.77625, -1188.2294921875]]], [[[-118.42196, 45.76788, -1186.5791015625], [-118.41995, 45.77206, -234.64390563964844], [-118.42008, 45.77625, -1188.2294921875], [-118.42196, 45.76788, -1186.5791015625]]], [[[-118.42196, 45.76788, -1186.5791015625], [-118.42225, 45.76352, -263.6839904785156], [-118.41995, 45.77206, -234.64390563964844], [-118.42196, 45.76788, -1186.5791015625]]], [[[-118.42445, 45.76339, -2101.508544921875], [-118.42488, 45.75869, -1161.7271728515625], [-118.42196, 45.76788, -1186.5791015625], [-118.42445, 45.76339, -2101.508544921875]]], [[[-118.42791, 45.75488, -2109.829833984375], [-118.42488, 45.75869, -1161.7271728515625], [-118.42445, 45.76339, -2101.508544921875], [-118.42791, 45.75488, -2109.829833984375]]], [[[-118.42791, 45.75488, -2109.829833984375], [-118.42917, 45.75024, -1181.600341796875], [-118.42488, 45.75869, -1161.7271728515625], [-118.42791, 45.75488, -2109.829833984375]]], [[[-118.43199, 45.74621, -2097.020263671875], [-118.42791, 45.75488, -2109.829833984375], [-118.4312, 45.75065, -3033.130859375], [-118.43199, 45.74621, -2097.020263671875]]], [[[-118.43485, 45.74223, -3047.300048828125], [-118.43199, 45.74621, -2097.020263671875], [-118.4312, 45.75065, -3033.130859375], [-118.43485, 45.74223, -3047.300048828125]]], [[[-118.43199, 45.74621, -2097.020263671875], [-118.43485, 45.74223, -3047.300048828125], [-118.4357, 45.73815, -2069.96923828125], [-118.43199, 45.74621, -2097.020263671875]]], [[[-118.43199, 45.74621, -2097.020263671875], [-118.4357, 45.73815, -2069.96923828125], [-118.43266, 45.7421, -1127.41845703125], [-118.43199, 45.74621, -2097.020263671875]]], [[[-118.43199, 45.74621, -2097.020263671875], [-118.43266, 45.7421, -1127.41845703125], [-118.42917, 45.75024, -1181.600341796875], [-118.43199, 45.74621, -2097.020263671875]]], [[[-118.43266, 45.7421, -1127.41845703125], [-118.42976, 45.74624, -203.4744873046875], [-118.42917, 45.75024, -1181.600341796875], [-118.43266, 45.7421, -1127.41845703125]]], [[[-118.42976, 45.74624, -203.4744873046875], [-118.43266, 45.7421, -1127.41845703125], [-118.43392, 45.73733, -208.12564086914062], [-118.42976, 45.74624, -203.4744873046875]]], [[[-118.42976, 45.74624, -203.4744873046875], [-118.43392, 45.73733, -208.12564086914062], [-118.43069, 45.74169, 699.2814331054688], [-118.42976, 45.74624, -203.4744873046875]]], [[[-118.42976, 45.74624, -203.4744873046875], [-118.43069, 45.74169, 699.2814331054688], [-118.42688, 45.75024, 743.2120361328125], [-118.42976, 45.74624, -203.4744873046875]]], [[[-118.426, 45.75421, -233.50936889648438], [-118.42976, 45.74624, -203.4744873046875], [-118.42688, 45.75024, 743.2120361328125], [-118.426, 45.75421, -233.50936889648438]]], [[[-118.42917, 45.75024, -1181.600341796875], [-118.42976, 45.74624, -203.4744873046875], [-118.426, 45.75421, -233.50936889648438], [-118.42917, 45.75024, -1181.600341796875]]], [[[-118.426, 45.75421, -233.50936889648438], [-118.42488, 45.75869, -1161.7271728515625], [-118.42917, 45.75024, -1181.600341796875], [-118.426, 45.75421, -233.50936889648438]]], [[[-118.426, 45.75421, -233.50936889648438], [-118.42277, 45.75868, 638.0280151367188], [-118.42225, 45.76352, -263.6839904785156], [-118.426, 45.75421, -233.50936889648438]]], [[[-118.426, 45.75421, -233.50936889648438], [-118.42688, 45.75024, 743.2120361328125], [-118.42277, 45.75868, 638.0280151367188], [-118.426, 45.75421, -233.50936889648438]]], [[[-118.41991, 45.76741, 689.6957397460938], [-118.42225, 45.76352, -263.6839904785156], [-118.42277, 45.75868, 638.0280151367188], [-118.41991, 45.76741, 689.6957397460938]]], [[[-118.41995, 45.77206, -234.64390563964844], [-118.42225, 45.76352, -263.6839904785156], [-118.41991, 45.76741, 689.6957397460938], [-118.41995, 45.77206, -234.64390563964844]]], [[[-118.41995, 45.77206, -234.64390563964844], [-118.41791, 45.77627, 701.6212768554688], [-118.41763, 45.78029, -258.253662109375], [-118.41995, 45.77206, -234.64390563964844]]], [[[-118.415, 45.78499, 639.4700317382812], [-118.41763, 45.78029, -258.253662109375], [-118.41791, 45.77627, 701.6212768554688], [-118.415, 45.78499, 639.4700317382812]]], [[[-118.41438, 45.78951, -291.511962890625], [-118.41763, 45.78029, -258.253662109375], [-118.415, 45.78499, 639.4700317382812], [-118.41438, 45.78951, -291.511962890625]]], [[[-118.41438, 45.78951, -291.511962890625], [-118.415, 45.78499, 639.4700317382812], [-118.41185, 45.79369, 639.1950073242188], [-118.41438, 45.78951, -291.511962890625]]], [[[-118.41194, 45.7981, -299.06170654296875], [-118.41438, 45.78951, -291.511962890625], [-118.41185, 45.79369, 639.1950073242188], [-118.41194, 45.7981, -299.06170654296875]]], [[[-118.41194, 45.7981, -299.06170654296875], [-118.41185, 45.79369, 639.1950073242188], [-118.40982, 45.80254, 622.6453247070312], [-118.41194, 45.7981, -299.06170654296875]]], [[[-118.4094, 45.80701, -311.9060363769531], [-118.41194, 45.7981, -299.06170654296875], [-118.40982, 45.80254, 622.6453247070312], [-118.4094, 45.80701, -311.9060363769531]]], [[[-118.4094, 45.80701, -311.9060363769531], [-118.40982, 45.80254, 622.6453247070312], [-118.40694, 45.81129, 614.4160766601562], [-118.4094, 45.80701, -311.9060363769531]]], [[[-118.40697, 45.81593, -298.3093566894531], [-118.4094, 45.80701, -311.9060363769531], [-118.40694, 45.81129, 614.4160766601562], [-118.40697, 45.81593, -298.3093566894531]]], [[[-118.40697, 45.81593, -298.3093566894531], [-118.40694, 45.81129, 614.4160766601562], [-118.40498, 45.82015, 641.990966796875], [-118.40697, 45.81593, -298.3093566894531]]], [[[-118.40558, 45.82422, -314.29461669921875], [-118.40697, 45.81593, -298.3093566894531], [-118.40498, 45.82015, 641.990966796875], [-118.40558, 45.82422, -314.29461669921875]]], [[[-118.40558, 45.82422, -314.29461669921875], [-118.40498, 45.82015, 641.990966796875], [-118.40399, 45.82908, 582.5878295898438], [-118.40558, 45.82422, -314.29461669921875]]], [[[-118.40461, 45.83295, -383.525146484375], [-118.40558, 45.82422, -314.29461669921875], [-118.40399, 45.82908, 582.5878295898438], [-118.40461, 45.83295, -383.525146484375]]], [[[-118.40461, 45.83295, -383.525146484375], [-118.40399, 45.82908, 582.5878295898438], [-118.403, 45.838, 505.3269958496094], [-118.40461, 45.83295, -383.525146484375]]], [[[-118.40401, 45.84251, -417.5362854003906], [-118.40461, 45.83295, -383.525146484375], [-118.403, 45.838, 505.3269958496094], [-118.40401, 45.84251, -417.5362854003906]]], [[[-118.40511, 45.83749, -1321.0782470703125], [-118.40461, 45.83295, -383.525146484375], [-118.40401, 45.84251, -417.5362854003906], [-118.40511, 45.83749, -1321.0782470703125]]], [[[-118.40501, 45.84702, -1342.3544921875], [-118.40511, 45.83749, -1321.0782470703125], [-118.40401, 45.84251, -417.5362854003906], [-118.40501, 45.84702, -1342.3544921875]]], [[[-118.40501, 45.84702, -1342.3544921875], [-118.40401, 45.84251, -417.5362854003906], [-118.40449, 45.85172, -426.19683837890625], [-118.40501, 45.84702, -1342.3544921875]]], [[[-118.40401, 45.84251, -417.5362854003906], [-118.40302, 45.84721, 493.12255859375], [-118.40449, 45.85172, -426.19683837890625], [-118.40401, 45.84251, -417.5362854003906]]], [[[-118.40401, 45.84251, -417.5362854003906], [-118.403, 45.838, 505.3269958496094], [-118.40302, 45.84721, 493.12255859375], [-118.40401, 45.84251, -417.5362854003906]]], [[[-118.40449, 45.85172, -426.19683837890625], [-118.40404, 45.8564, 488.56488037109375], [-118.40549, 45.86069, -443.15386962890625], [-118.40449, 45.85172, -426.19683837890625]]], [[[-118.40507, 45.86558, 458.4739074707031], [-118.40549, 45.86069, -443.15386962890625], [-118.40404, 45.8564, 488.56488037109375], [-118.40507, 45.86558, 458.4739074707031]]], [[[-118.43392, 45.73733, -208.12564086914062], [-118.43489, 45.73322, 745.1744384765625], [-118.43069, 45.74169, 699.2814331054688], [-118.43392, 45.73733, -208.12564086914062]]], [[[-118.43392, 45.73733, -208.12564086914062], [-118.43772, 45.72935, -196.967529296875], [-118.43489, 45.73322, 745.1744384765625], [-118.43392, 45.73733, -208.12564086914062]]], [[[-118.43692, 45.73361, -1145.754638671875], [-118.43392, 45.73733, -208.12564086914062], [-118.43266, 45.7421, -1127.41845703125], [-118.43692, 45.73361, -1145.754638671875]]], [[[-118.4357, 45.73815, -2069.96923828125], [-118.43692, 45.73361, -1145.754638671875], [-118.43266, 45.7421, -1127.41845703125], [-118.4357, 45.73815, -2069.96923828125]]], [[[-118.4357, 45.73815, -2069.96923828125], [-118.43974, 45.72982, -2098.547119140625], [-118.43692, 45.73361, -1145.754638671875], [-118.4357, 45.73815, -2069.96923828125]]], [[[-118.4357, 45.73815, -2069.96923828125], [-118.43872, 45.7344, -3024.907958984375], [-118.43974, 45.72982, -2098.547119140625], [-118.4357, 45.73815, -2069.96923828125]]], [[[-118.43872, 45.7344, -3024.907958984375], [-118.4357, 45.73815, -2069.96923828125], [-118.43485, 45.74223, -3047.300048828125], [-118.43872, 45.7344, -3024.907958984375]]], [[[-118.43782, 45.73846, -4009.53564453125], [-118.43872, 45.7344, -3024.907958984375], [-118.43485, 45.74223, -3047.300048828125], [-118.43782, 45.73846, -4009.53564453125]]], [[[-118.43872, 45.7344, -3024.907958984375], [-118.43782, 45.73846, -4009.53564453125], [-118.44158, 45.73068, -3987.950439453125], [-118.43872, 45.7344, -3024.907958984375]]], [[[-118.44158, 45.73068, -3987.950439453125], [-118.44249, 45.72611, -3046.4814453125], [-118.43872, 45.7344, -3024.907958984375], [-118.44158, 45.73068, -3987.950439453125]]], [[[-118.44158, 45.73068, -3987.950439453125], [-118.44534, 45.72273, -4039.377197265625], [-118.44249, 45.72611, -3046.4814453125], [-118.44158, 45.73068, -3987.950439453125]]], [[[-118.44427, 45.72725, -4986.45947265625], [-118.44534, 45.72273, -4039.377197265625], [-118.44158, 45.73068, -3987.950439453125], [-118.44427, 45.72725, -4986.45947265625]]], [[[-118.44826, 45.71921, -5022.67333984375], [-118.44905, 45.71489, -4041.929443359375], [-118.44534, 45.72273, -4039.377197265625], [-118.44826, 45.71921, -5022.67333984375]]], [[[-118.45188, 45.71111, -5027.63232421875], [-118.44905, 45.71489, -4041.929443359375], [-118.44826, 45.71921, -5022.67333984375], [-118.45188, 45.71111, -5027.63232421875]]], [[[-118.45188, 45.71111, -5027.63232421875], [-118.453, 45.7065, -4079.61376953125], [-118.44905, 45.71489, -4041.929443359375], [-118.45188, 45.71111, -5027.63232421875]]], [[[-118.45655, 45.70252, -5017.4169921875], [-118.453, 45.7065, -4079.61376953125], [-118.45188, 45.71111, -5027.63232421875], [-118.45655, 45.70252, -5017.4169921875]]], [[[-118.45655, 45.70252, -5017.4169921875], [-118.45829, 45.69782, -4066.780517578125], [-118.453, 45.7065, -4079.61376953125], [-118.45655, 45.70252, -5017.4169921875]]], [[[-118.46225, 45.69317, -4960.87841796875], [-118.45829, 45.69782, -4066.780517578125], [-118.45655, 45.70252, -5017.4169921875], [-118.46225, 45.69317, -4960.87841796875]]], [[[-118.46225, 45.69317, -4960.87841796875], [-118.4636, 45.68808, -4005.916015625], [-118.45829, 45.69782, -4066.780517578125], [-118.46225, 45.69317, -4960.87841796875]]], [[[-118.46664, 45.68355, -4915.40771484375], [-118.4636, 45.68808, -4005.916015625], [-118.46225, 45.69317, -4960.87841796875], [-118.46664, 45.68355, -4915.40771484375]]], [[[-118.57556, 45.51185, -7807.2333984375], [-118.57797, 45.50563, -7301.4716796875], [-118.57434, 45.51183, -6781.45654296875], [-118.57556, 45.51185, -7807.2333984375]]], [[[-118.4658, 45.68803, -5866.029296875], [-118.46664, 45.68355, -4915.40771484375], [-118.46225, 45.69317, -4960.87841796875], [-118.4658, 45.68803, -5866.029296875]]], [[[-118.57193, 45.5119, -4796.18603515625], [-118.57574, 45.50523, -5269.84326171875], [-118.57462, 45.50502, -4248.56298828125], [-118.57193, 45.5119, -4796.18603515625]]], [[[-118.4658, 45.68803, -5866.029296875], [-118.46225, 45.69317, -4960.87841796875], [-118.46034, 45.69811, -5923.49951171875], [-118.4658, 45.68803, -5866.029296875]]], [[[-118.46484, 45.69256, -6810.73681640625], [-118.46034, 45.69811, -5923.49951171875], [-118.45892, 45.70227, -6874.3291015625], [-118.46484, 45.69256, -6810.73681640625]]], [[[-118.56154, 45.51677, -31.69292449951172], [-118.56463, 45.51237, 950.9812622070312], [-118.55756, 45.51979, 970.0731811523438], [-118.56154, 45.51677, -31.69292449951172]]], [[[-118.46317, 45.69715, -7793.3798828125], [-118.46484, 45.69256, -6810.73681640625], [-118.45892, 45.70227, -6874.3291015625], [-118.46317, 45.69715, -7793.3798828125]]], [[[-118.45762, 45.70617, -7776.90478515625], [-118.46317, 45.69715, -7793.3798828125], [-118.45892, 45.70227, -6874.3291015625], [-118.45762, 45.70617, -7776.90478515625]]], [[[-118.46317, 45.69715, -7793.3798828125], [-118.45762, 45.70617, -7776.90478515625], [-118.46241, 45.70026, -8761.9833984375], [-118.46317, 45.69715, -7793.3798828125]]], [[[-118.46787, 45.69105, -8749.09765625], [-118.46317, 45.69715, -7793.3798828125], [-118.46241, 45.70026, -8761.9833984375], [-118.46787, 45.69105, -8749.09765625]]], [[[-118.56979, 45.51801, -7333.62451171875], [-118.57147, 45.51757, -8290.4326171875], [-118.57556, 45.51185, -7807.2333984375], [-118.56979, 45.51801, -7333.62451171875]]], [[[-118.46787, 45.69105, -8749.09765625], [-118.46241, 45.70026, -8761.9833984375], [-118.46648, 45.69564, -9765.0595703125], [-118.46787, 45.69105, -8749.09765625]]], [[[-118.46787, 45.69105, -8749.09765625], [-118.46648, 45.69564, -9765.0595703125], [-118.47098, 45.68644, -9687.1611328125], [-118.46787, 45.69105, -8749.09765625]]], [[[-118.47098, 45.68644, -9687.1611328125], [-118.46648, 45.69564, -9765.0595703125], [-118.47044, 45.69047, -10724.2177734375], [-118.47098, 45.68644, -9687.1611328125]]], [[[-118.47433, 45.68192, -10826.0380859375], [-118.47098, 45.68644, -9687.1611328125], [-118.47044, 45.69047, -10724.2177734375], [-118.47433, 45.68192, -10826.0380859375]]], [[[-118.47098, 45.68644, -9687.1611328125], [-118.47433, 45.68192, -10826.0380859375], [-118.4767, 45.67613, -10315.6328125], [-118.47098, 45.68644, -9687.1611328125]]], [[[-118.47098, 45.68644, -9687.1611328125], [-118.4767, 45.67613, -10315.6328125], [-118.47579, 45.67665, -9795.8828125], [-118.47098, 45.68644, -9687.1611328125]]], [[[-118.47579, 45.67665, -9795.8828125], [-118.4741, 45.6788, -9287.6533203125], [-118.47098, 45.68644, -9687.1611328125], [-118.47579, 45.67665, -9795.8828125]]], [[[-118.57472, 45.51817, -11253.9228515625], [-118.56982, 45.5252, -11815.0478515625], [-118.57621, 45.51785, -12158.271484375], [-118.57472, 45.51817, -11253.9228515625]]], [[[-118.47579, 45.67665, -9795.8828125], [-118.47999, 45.67223, -9411.0244140625], [-118.4741, 45.6788, -9287.6533203125], [-118.47579, 45.67665, -9795.8828125]]], [[[-118.55006, 45.54086, -4830.40234375], [-118.55167, 45.54065, -5953.5439453125], [-118.55692, 45.53285, -5375.69921875], [-118.55006, 45.54086, -4830.40234375]]], [[[-118.47999, 45.67223, -9411.0244140625], [-118.47579, 45.67665, -9795.8828125], [-118.48166, 45.6715, -10052.2958984375], [-118.47999, 45.67223, -9411.0244140625]]], [[[-118.5529, 45.54072, -6968.87353515625], [-118.55422, 45.54058, -7916.82177734375], [-118.55952, 45.5326, -7350.884765625], [-118.5529, 45.54072, -6968.87353515625]]], [[[-118.4767, 45.67613, -10315.6328125], [-118.48166, 45.6715, -10052.2958984375], [-118.47579, 45.67665, -9795.8828125], [-118.4767, 45.67613, -10315.6328125]]], [[[-118.4767, 45.67613, -10315.6328125], [-118.48213, 45.67178, -10653.4541015625], [-118.48166, 45.6715, -10052.2958984375], [-118.4767, 45.67613, -10315.6328125]]], [[[-118.5529, 45.54072, -6968.87353515625], [-118.55952, 45.5326, -7350.884765625], [-118.5582, 45.53283, -6411.97705078125], [-118.5529, 45.54072, -6968.87353515625]]], [[[-118.47843, 45.6755, -11089.318359375], [-118.48213, 45.67178, -10653.4541015625], [-118.4767, 45.67613, -10315.6328125], [-118.47843, 45.6755, -11089.318359375]]], [[[-118.47843, 45.6755, -11089.318359375], [-118.47747, 45.67812, -11857.75], [-118.48283, 45.67199, -11372.6484375], [-118.47843, 45.6755, -11089.318359375]]], [[[-118.53975, 45.55665, -5955.4462890625], [-118.54155, 45.5562, -7080.93896484375], [-118.54634, 45.5485, -6495.59130859375], [-118.53975, 45.55665, -5955.4462890625]]], [[[-118.47747, 45.67812, -11857.75], [-118.47843, 45.6755, -11089.318359375], [-118.47433, 45.68192, -10826.0380859375], [-118.47747, 45.67812, -11857.75]]], [[[-118.47433, 45.68192, -10826.0380859375], [-118.47044, 45.69047, -10724.2177734375], [-118.47314, 45.68682, -11671.29296875], [-118.47433, 45.68192, -10826.0380859375]]], [[[-118.47044, 45.69047, -10724.2177734375], [-118.46774, 45.69708, -11560.2353515625], [-118.47314, 45.68682, -11671.29296875], [-118.47044, 45.69047, -10724.2177734375]]], [[[-118.46648, 45.69564, -9765.0595703125], [-118.46395, 45.70135, -10605.0537109375], [-118.47044, 45.69047, -10724.2177734375], [-118.46648, 45.69564, -9765.0595703125]]], [[[-118.46648, 45.69564, -9765.0595703125], [-118.46008, 45.7058, -9647.01953125], [-118.46395, 45.70135, -10605.0537109375], [-118.46648, 45.69564, -9765.0595703125]]], [[[-118.46241, 45.70026, -8761.9833984375], [-118.46008, 45.7058, -9647.01953125], [-118.46648, 45.69564, -9765.0595703125], [-118.46241, 45.70026, -8761.9833984375]]], [[[-118.46241, 45.70026, -8761.9833984375], [-118.45691, 45.70949, -8704.0087890625], [-118.46008, 45.7058, -9647.01953125], [-118.46241, 45.70026, -8761.9833984375]]], [[[-118.46241, 45.70026, -8761.9833984375], [-118.45762, 45.70617, -7776.90478515625], [-118.45691, 45.70949, -8704.0087890625], [-118.46241, 45.70026, -8761.9833984375]]], [[[-118.45762, 45.70617, -7776.90478515625], [-118.45336, 45.71568, -8008.00244140625], [-118.45691, 45.70949, -8704.0087890625], [-118.45762, 45.70617, -7776.90478515625]]], [[[-118.45336, 45.71568, -8008.00244140625], [-118.45762, 45.70617, -7776.90478515625], [-118.45399, 45.71147, -6959.22021484375], [-118.45336, 45.71568, -8008.00244140625]]], [[[-118.45336, 45.71568, -8008.00244140625], [-118.45399, 45.71147, -6959.22021484375], [-118.45025, 45.72004, -7024.44287109375], [-118.45336, 45.71568, -8008.00244140625]]], [[[-118.44987, 45.72357, -8166.41796875], [-118.45336, 45.71568, -8008.00244140625], [-118.45025, 45.72004, -7024.44287109375], [-118.44987, 45.72357, -8166.41796875]]], [[[-118.44987, 45.72357, -8166.41796875], [-118.45445, 45.71676, -9302.3193359375], [-118.45336, 45.71568, -8008.00244140625], [-118.44987, 45.72357, -8166.41796875]]], [[[-118.45445, 45.71676, -9302.3193359375], [-118.44987, 45.72357, -8166.41796875], [-118.45005, 45.72576, -9302.1513671875], [-118.45445, 45.71676, -9302.3193359375]]], [[[-118.45382, 45.72097, -10387.4541015625], [-118.45445, 45.71676, -9302.3193359375], [-118.45005, 45.72576, -9302.1513671875], [-118.45382, 45.72097, -10387.4541015625]]], [[[-118.45445, 45.71676, -9302.3193359375], [-118.45382, 45.72097, -10387.4541015625], [-118.45787, 45.71184, -10407.447265625], [-118.45445, 45.71676, -9302.3193359375]]], [[[-118.46008, 45.7058, -9647.01953125], [-118.45445, 45.71676, -9302.3193359375], [-118.45787, 45.71184, -10407.447265625], [-118.46008, 45.7058, -9647.01953125]]], [[[-118.45445, 45.71676, -9302.3193359375], [-118.46008, 45.7058, -9647.01953125], [-118.45691, 45.70949, -8704.0087890625], [-118.45445, 45.71676, -9302.3193359375]]], [[[-118.45691, 45.70949, -8704.0087890625], [-118.45336, 45.71568, -8008.00244140625], [-118.45445, 45.71676, -9302.3193359375], [-118.45691, 45.70949, -8704.0087890625]]], [[[-118.46008, 45.7058, -9647.01953125], [-118.45787, 45.71184, -10407.447265625], [-118.46395, 45.70135, -10605.0537109375], [-118.46008, 45.7058, -9647.01953125]]], [[[-118.46395, 45.70135, -10605.0537109375], [-118.45787, 45.71184, -10407.447265625], [-118.46127, 45.70731, -11389.8876953125], [-118.46395, 45.70135, -10605.0537109375]]], [[[-118.46395, 45.70135, -10605.0537109375], [-118.46127, 45.70731, -11389.8876953125], [-118.46774, 45.69708, -11560.2353515625], [-118.46395, 45.70135, -10605.0537109375]]], [[[-118.46127, 45.70731, -11389.8876953125], [-118.46496, 45.70307, -12331.892578125], [-118.46774, 45.69708, -11560.2353515625], [-118.46127, 45.70731, -11389.8876953125]]], [[[-118.46127, 45.70731, -11389.8876953125], [-118.46, 45.71215, -12334.724609375], [-118.46496, 45.70307, -12331.892578125], [-118.46127, 45.70731, -11389.8876953125]]], [[[-118.46127, 45.70731, -11389.8876953125], [-118.45699, 45.71652, -11387.0322265625], [-118.46, 45.71215, -12334.724609375], [-118.46127, 45.70731, -11389.8876953125]]], [[[-118.45699, 45.71652, -11387.0322265625], [-118.46127, 45.70731, -11389.8876953125], [-118.45787, 45.71184, -10407.447265625], [-118.45699, 45.71652, -11387.0322265625]]], [[[-118.45382, 45.72097, -10387.4541015625], [-118.45699, 45.71652, -11387.0322265625], [-118.45787, 45.71184, -10407.447265625], [-118.45382, 45.72097, -10387.4541015625]]], [[[-118.45699, 45.71652, -11387.0322265625], [-118.45382, 45.72097, -10387.4541015625], [-118.45295, 45.72514, -11438.568359375], [-118.45699, 45.71652, -11387.0322265625]]], [[[-118.45699, 45.71652, -11387.0322265625], [-118.45295, 45.72514, -11438.568359375], [-118.45628, 45.72082, -12374.6650390625], [-118.45699, 45.71652, -11387.0322265625]]], [[[-118.45699, 45.71652, -11387.0322265625], [-118.45628, 45.72082, -12374.6650390625], [-118.46, 45.71215, -12334.724609375], [-118.45699, 45.71652, -11387.0322265625]]], [[[-118.45628, 45.72082, -12374.6650390625], [-118.45927, 45.71646, -13304.54296875], [-118.46, 45.71215, -12334.724609375], [-118.45628, 45.72082, -12374.6650390625]]], [[[-118.45927, 45.71646, -13304.54296875], [-118.45628, 45.72082, -12374.6650390625], [-118.45533, 45.72497, -13342.98828125], [-118.45927, 45.71646, -13304.54296875]]], [[[-118.45927, 45.71646, -13304.54296875], [-118.45533, 45.72497, -13342.98828125], [-118.45861, 45.72068, -14264.0107421875], [-118.45927, 45.71646, -13304.54296875]]], [[[-118.45927, 45.71646, -13304.54296875], [-118.45861, 45.72068, -14264.0107421875], [-118.46226, 45.71207, -14226.970703125], [-118.45927, 45.71646, -13304.54296875]]], [[[-118.45927, 45.71646, -13304.54296875], [-118.46226, 45.71207, -14226.970703125], [-118.46311, 45.70805, -13258.5771484375], [-118.45927, 45.71646, -13304.54296875]]], [[[-118.46311, 45.70805, -13258.5771484375], [-118.46, 45.71215, -12334.724609375], [-118.45927, 45.71646, -13304.54296875], [-118.46311, 45.70805, -13258.5771484375]]], [[[-118.46496, 45.70307, -12331.892578125], [-118.46, 45.71215, -12334.724609375], [-118.46311, 45.70805, -13258.5771484375], [-118.46496, 45.70307, -12331.892578125]]], [[[-118.46496, 45.70307, -12331.892578125], [-118.46311, 45.70805, -13258.5771484375], [-118.46868, 45.69886, -13262.2021484375], [-118.46496, 45.70307, -12331.892578125]]], [[[-118.47129, 45.69302, -12492.935546875], [-118.46496, 45.70307, -12331.892578125], [-118.46868, 45.69886, -13262.2021484375], [-118.47129, 45.69302, -12492.935546875]]], [[[-118.46496, 45.70307, -12331.892578125], [-118.47129, 45.69302, -12492.935546875], [-118.46774, 45.69708, -11560.2353515625], [-118.46496, 45.70307, -12331.892578125]]], [[[-118.47314, 45.68682, -11671.29296875], [-118.46774, 45.69708, -11560.2353515625], [-118.47129, 45.69302, -12492.935546875], [-118.47314, 45.68682, -11671.29296875]]], [[[-118.47547, 45.68403, -12610.9248046875], [-118.47314, 45.68682, -11671.29296875], [-118.47129, 45.69302, -12492.935546875], [-118.47547, 45.68403, -12610.9248046875]]], [[[-118.47747, 45.67812, -11857.75], [-118.47314, 45.68682, -11671.29296875], [-118.47547, 45.68403, -12610.9248046875], [-118.47747, 45.67812, -11857.75]]], [[[-118.47747, 45.67812, -11857.75], [-118.47547, 45.68403, -12610.9248046875], [-118.47906, 45.67714, -12779.9033203125], [-118.47747, 45.67812, -11857.75]]], [[[-118.47747, 45.67812, -11857.75], [-118.47906, 45.67714, -12779.9033203125], [-118.48234, 45.67332, -12163.7021484375], [-118.47747, 45.67812, -11857.75]]], [[[-118.41923, 45.78507, -3078.73388671875], [-118.41965, 45.78065, -2131.460205078125], [-118.41662, 45.7892, -2137.4775390625], [-118.41923, 45.78507, -3078.73388671875]]], [[[-118.48283, 45.67199, -11372.6484375], [-118.47747, 45.67812, -11857.75], [-118.48234, 45.67332, -12163.7021484375], [-118.48283, 45.67199, -11372.6484375]]], [[[-118.48283, 45.67199, -11372.6484375], [-118.48234, 45.67332, -12163.7021484375], [-118.48526, 45.67035, -11795.9912109375], [-118.48283, 45.67199, -11372.6484375]]], [[[-118.48283, 45.67199, -11372.6484375], [-118.48526, 45.67035, -11795.9912109375], [-118.4859, 45.66737, -11441.103515625], [-118.48283, 45.67199, -11372.6484375]]], [[[-118.48676, 45.6694, -12248.1767578125], [-118.4859, 45.66737, -11441.103515625], [-118.48526, 45.67035, -11795.9912109375], [-118.48676, 45.6694, -12248.1767578125]]], [[[-118.48676, 45.6694, -12248.1767578125], [-118.48636, 45.6651, -11861.9189453125], [-118.4859, 45.66737, -11441.103515625], [-118.48676, 45.6694, -12248.1767578125]]], [[[-118.48636, 45.6651, -11861.9189453125], [-118.48676, 45.6694, -12248.1767578125], [-118.48701, 45.66424, -12462.73828125], [-118.48636, 45.6651, -11861.9189453125]]], [[[-118.48701, 45.66424, -12462.73828125], [-118.48676, 45.6694, -12248.1767578125], [-118.48738, 45.66826, -12824.3251953125], [-118.48701, 45.66424, -12462.73828125]]], [[[-118.48701, 45.66424, -12462.73828125], [-118.48738, 45.66826, -12824.3251953125], [-118.48787, 45.66474, -13256.8994140625], [-118.48701, 45.66424, -12462.73828125]]], [[[-118.4888, 45.65843, -12761.5283203125], [-118.48701, 45.66424, -12462.73828125], [-118.48787, 45.66474, -13256.8994140625], [-118.4888, 45.65843, -12761.5283203125]]], [[[-118.48787, 45.66474, -13256.8994140625], [-118.48964, 45.65865, -13573.1103515625], [-118.4888, 45.65843, -12761.5283203125], [-118.48787, 45.66474, -13256.8994140625]]], [[[-118.48787, 45.66474, -13256.8994140625], [-118.48856, 45.6628, -13894.0537109375], [-118.48964, 45.65865, -13573.1103515625], [-118.48787, 45.66474, -13256.8994140625]]], [[[-118.48787, 45.66474, -13256.8994140625], [-118.48863, 45.66698, -13977.3896484375], [-118.48856, 45.6628, -13894.0537109375], [-118.48787, 45.66474, -13256.8994140625]]], [[[-118.48787, 45.66474, -13256.8994140625], [-118.48785, 45.67, -13477.533203125], [-118.48863, 45.66698, -13977.3896484375], [-118.48787, 45.66474, -13256.8994140625]]], [[[-118.48785, 45.67, -13477.533203125], [-118.48787, 45.66474, -13256.8994140625], [-118.48738, 45.66826, -12824.3251953125], [-118.48785, 45.67, -13477.533203125]]], [[[-118.48417, 45.67243, -12785.04296875], [-118.48785, 45.67, -13477.533203125], [-118.48738, 45.66826, -12824.3251953125], [-118.48417, 45.67243, -12785.04296875]]], [[[-118.48417, 45.67243, -12785.04296875], [-118.48227, 45.67482, -13431.720703125], [-118.48785, 45.67, -13477.533203125], [-118.48417, 45.67243, -12785.04296875]]], [[[-118.48417, 45.67243, -12785.04296875], [-118.47906, 45.67714, -12779.9033203125], [-118.48227, 45.67482, -13431.720703125], [-118.48417, 45.67243, -12785.04296875]]], [[[-118.48234, 45.67332, -12163.7021484375], [-118.47906, 45.67714, -12779.9033203125], [-118.48417, 45.67243, -12785.04296875], [-118.48234, 45.67332, -12163.7021484375]]], [[[-118.48234, 45.67332, -12163.7021484375], [-118.48417, 45.67243, -12785.04296875], [-118.48676, 45.6694, -12248.1767578125], [-118.48234, 45.67332, -12163.7021484375]]], [[[-118.48526, 45.67035, -11795.9912109375], [-118.48234, 45.67332, -12163.7021484375], [-118.48676, 45.6694, -12248.1767578125], [-118.48526, 45.67035, -11795.9912109375]]], [[[-118.48676, 45.6694, -12248.1767578125], [-118.48417, 45.67243, -12785.04296875], [-118.48738, 45.66826, -12824.3251953125], [-118.48676, 45.6694, -12248.1767578125]]], [[[-118.47906, 45.67714, -12779.9033203125], [-118.4782, 45.68073, -13600.0341796875], [-118.48227, 45.67482, -13431.720703125], [-118.47906, 45.67714, -12779.9033203125]]], [[[-118.47906, 45.67714, -12779.9033203125], [-118.47547, 45.68403, -12610.9248046875], [-118.4782, 45.68073, -13600.0341796875], [-118.47906, 45.67714, -12779.9033203125]]], [[[-118.4782, 45.68073, -13600.0341796875], [-118.47547, 45.68403, -12610.9248046875], [-118.47437, 45.68883, -13462.49609375], [-118.4782, 45.68073, -13600.0341796875]]], [[[-118.47627, 45.68655, -14239.986328125], [-118.4782, 45.68073, -13600.0341796875], [-118.47437, 45.68883, -13462.49609375], [-118.47627, 45.68655, -14239.986328125]]], [[[-118.47893, 45.68162, -14601.5888671875], [-118.4782, 45.68073, -13600.0341796875], [-118.47627, 45.68655, -14239.986328125], [-118.47893, 45.68162, -14601.5888671875]]], [[[-118.4782, 45.68073, -13600.0341796875], [-118.47893, 45.68162, -14601.5888671875], [-118.48146, 45.67637, -14178.4814453125], [-118.4782, 45.68073, -13600.0341796875]]], [[[-118.48227, 45.67482, -13431.720703125], [-118.4782, 45.68073, -13600.0341796875], [-118.48146, 45.67637, -14178.4814453125], [-118.48227, 45.67482, -13431.720703125]]], [[[-118.48227, 45.67482, -13431.720703125], [-118.48146, 45.67637, -14178.4814453125], [-118.48636, 45.67189, -13992.1376953125], [-118.48227, 45.67482, -13431.720703125]]], [[[-118.48785, 45.67, -13477.533203125], [-118.48227, 45.67482, -13431.720703125], [-118.48636, 45.67189, -13992.1376953125], [-118.48785, 45.67, -13477.533203125]]], [[[-118.48806, 45.67104, -14547.908203125], [-118.48785, 45.67, -13477.533203125], [-118.48636, 45.67189, -13992.1376953125], [-118.48806, 45.67104, -14547.908203125]]], [[[-118.48806, 45.67104, -14547.908203125], [-118.48863, 45.66698, -13977.3896484375], [-118.48785, 45.67, -13477.533203125], [-118.48806, 45.67104, -14547.908203125]]], [[[-118.48921, 45.6654, -14512.708984375], [-118.48863, 45.66698, -13977.3896484375], [-118.48806, 45.67104, -14547.908203125], [-118.48921, 45.6654, -14512.708984375]]], [[[-118.48856, 45.6628, -13894.0537109375], [-118.48863, 45.66698, -13977.3896484375], [-118.48921, 45.6654, -14512.708984375], [-118.48856, 45.6628, -13894.0537109375]]], [[[-118.49037, 45.65904, -14393.712890625], [-118.48856, 45.6628, -13894.0537109375], [-118.48921, 45.6654, -14512.708984375], [-118.49037, 45.65904, -14393.712890625]]], [[[-118.48964, 45.65865, -13573.1103515625], [-118.48856, 45.6628, -13894.0537109375], [-118.49037, 45.65904, -14393.712890625], [-118.48964, 45.65865, -13573.1103515625]]], [[[-118.48964, 45.65865, -13573.1103515625], [-118.49037, 45.65904, -14393.712890625], [-118.49246, 45.65444, -14033.5595703125], [-118.48964, 45.65865, -13573.1103515625]]], [[[-118.48964, 45.65865, -13573.1103515625], [-118.49246, 45.65444, -14033.5595703125], [-118.49264, 45.65214, -13121.7421875], [-118.48964, 45.65865, -13573.1103515625]]], [[[-118.48964, 45.65865, -13573.1103515625], [-118.49264, 45.65214, -13121.7421875], [-118.4888, 45.65843, -12761.5283203125], [-118.48964, 45.65865, -13573.1103515625]]], [[[-118.49315, 45.64946, -12071.78515625], [-118.4888, 45.65843, -12761.5283203125], [-118.49264, 45.65214, -13121.7421875], [-118.49315, 45.64946, -12071.78515625]]], [[[-118.49264, 45.65214, -13121.7421875], [-118.49813, 45.64428, -12953.9228515625], [-118.49315, 45.64946, -12071.78515625], [-118.49264, 45.65214, -13121.7421875]]], [[[-118.49264, 45.65214, -13121.7421875], [-118.49676, 45.64777, -13951.4296875], [-118.49813, 45.64428, -12953.9228515625], [-118.49264, 45.65214, -13121.7421875]]], [[[-118.49246, 45.65444, -14033.5595703125], [-118.49676, 45.64777, -13951.4296875], [-118.49264, 45.65214, -13121.7421875], [-118.49246, 45.65444, -14033.5595703125]]], [[[-118.49246, 45.65444, -14033.5595703125], [-118.49495, 45.65186, -14853.615234375], [-118.49676, 45.64777, -13951.4296875], [-118.49246, 45.65444, -14033.5595703125]]], [[[-118.49495, 45.65186, -14853.615234375], [-118.49246, 45.65444, -14033.5595703125], [-118.49037, 45.65904, -14393.712890625], [-118.49495, 45.65186, -14853.615234375]]], [[[-118.49495, 45.65186, -14853.615234375], [-118.49037, 45.65904, -14393.712890625], [-118.49029, 45.66017, -14924.4013671875], [-118.49495, 45.65186, -14853.615234375]]], [[[-118.49223, 45.65797, -15364.580078125], [-118.49495, 45.65186, -14853.615234375], [-118.49029, 45.66017, -14924.4013671875], [-118.49223, 45.65797, -15364.580078125]]], [[[-118.49223, 45.65797, -15364.580078125], [-118.49484, 45.65399, -15808.2080078125], [-118.49495, 45.65186, -14853.615234375], [-118.49223, 45.65797, -15364.580078125]]], [[[-118.49223, 45.65797, -15364.580078125], [-118.49072, 45.66147, -15892.7255859375], [-118.49484, 45.65399, -15808.2080078125], [-118.49223, 45.65797, -15364.580078125]]], [[[-118.49072, 45.66147, -15892.7255859375], [-118.49223, 45.65797, -15364.580078125], [-118.49029, 45.66017, -14924.4013671875], [-118.49072, 45.66147, -15892.7255859375]]], [[[-118.49072, 45.66147, -15892.7255859375], [-118.49029, 45.66017, -14924.4013671875], [-118.48992, 45.66606, -15171.8408203125], [-118.49072, 45.66147, -15892.7255859375]]], [[[-118.49072, 45.66147, -15892.7255859375], [-118.48992, 45.66606, -15171.8408203125], [-118.49049, 45.66788, -15710.2294921875], [-118.49072, 45.66147, -15892.7255859375]]], [[[-118.48992, 45.66606, -15171.8408203125], [-118.48858, 45.67141, -15270.8671875], [-118.49049, 45.66788, -15710.2294921875], [-118.48992, 45.66606, -15171.8408203125]]], [[[-118.48992, 45.66606, -15171.8408203125], [-118.48806, 45.67104, -14547.908203125], [-118.48858, 45.67141, -15270.8671875], [-118.48992, 45.66606, -15171.8408203125]]], [[[-118.48921, 45.6654, -14512.708984375], [-118.48806, 45.67104, -14547.908203125], [-118.48992, 45.66606, -15171.8408203125], [-118.48921, 45.6654, -14512.708984375]]], [[[-118.49029, 45.66017, -14924.4013671875], [-118.48921, 45.6654, -14512.708984375], [-118.48992, 45.66606, -15171.8408203125], [-118.49029, 45.66017, -14924.4013671875]]], [[[-118.49037, 45.65904, -14393.712890625], [-118.48921, 45.6654, -14512.708984375], [-118.49029, 45.66017, -14924.4013671875], [-118.49037, 45.65904, -14393.712890625]]], [[[-118.48806, 45.67104, -14547.908203125], [-118.48278, 45.67602, -14876.9443359375], [-118.48858, 45.67141, -15270.8671875], [-118.48806, 45.67104, -14547.908203125]]], [[[-118.48806, 45.67104, -14547.908203125], [-118.48146, 45.67637, -14178.4814453125], [-118.48278, 45.67602, -14876.9443359375], [-118.48806, 45.67104, -14547.908203125]]], [[[-118.48806, 45.67104, -14547.908203125], [-118.48636, 45.67189, -13992.1376953125], [-118.48146, 45.67637, -14178.4814453125], [-118.48806, 45.67104, -14547.908203125]]], [[[-118.47893, 45.68162, -14601.5888671875], [-118.48278, 45.67602, -14876.9443359375], [-118.48146, 45.67637, -14178.4814453125], [-118.47893, 45.68162, -14601.5888671875]]], [[[-118.47893, 45.68162, -14601.5888671875], [-118.47987, 45.68146, -15333.9873046875], [-118.48278, 45.67602, -14876.9443359375], [-118.47893, 45.68162, -14601.5888671875]]], [[[-118.47893, 45.68162, -14601.5888671875], [-118.47549, 45.69065, -15093.7509765625], [-118.47987, 45.68146, -15333.9873046875], [-118.47893, 45.68162, -14601.5888671875]]], [[[-118.47893, 45.68162, -14601.5888671875], [-118.47627, 45.68655, -14239.986328125], [-118.47549, 45.69065, -15093.7509765625], [-118.47893, 45.68162, -14601.5888671875]]], [[[-118.47627, 45.68655, -14239.986328125], [-118.47241, 45.69462, -14186.1220703125], [-118.47549, 45.69065, -15093.7509765625], [-118.47627, 45.68655, -14239.986328125]]], [[[-118.47627, 45.68655, -14239.986328125], [-118.47437, 45.68883, -13462.49609375], [-118.47241, 45.69462, -14186.1220703125], [-118.47627, 45.68655, -14239.986328125]]], [[[-118.47241, 45.69462, -14186.1220703125], [-118.47437, 45.68883, -13462.49609375], [-118.46868, 45.69886, -13262.2021484375], [-118.47241, 45.69462, -14186.1220703125]]], [[[-118.47241, 45.69462, -14186.1220703125], [-118.46868, 45.69886, -13262.2021484375], [-118.46671, 45.70382, -14174.666015625], [-118.47241, 45.69462, -14186.1220703125]]], [[[-118.46671, 45.70382, -14174.666015625], [-118.47037, 45.69965, -15088.1826171875], [-118.47241, 45.69462, -14186.1220703125], [-118.46671, 45.70382, -14174.666015625]]], [[[-118.46671, 45.70382, -14174.666015625], [-118.46553, 45.70774, -15142.005859375], [-118.47037, 45.69965, -15088.1826171875], [-118.46671, 45.70382, -14174.666015625]]], [[[-118.46671, 45.70382, -14174.666015625], [-118.46226, 45.71207, -14226.970703125], [-118.46553, 45.70774, -15142.005859375], [-118.46671, 45.70382, -14174.666015625]]], [[[-118.46311, 45.70805, -13258.5771484375], [-118.46226, 45.71207, -14226.970703125], [-118.46671, 45.70382, -14174.666015625], [-118.46311, 45.70805, -13258.5771484375]]], [[[-118.46311, 45.70805, -13258.5771484375], [-118.46671, 45.70382, -14174.666015625], [-118.46868, 45.69886, -13262.2021484375], [-118.46311, 45.70805, -13258.5771484375]]], [[[-118.46553, 45.70774, -15142.005859375], [-118.46226, 45.71207, -14226.970703125], [-118.46153, 45.7163, -15182.453125], [-118.46553, 45.70774, -15142.005859375]]], [[[-118.46553, 45.70774, -15142.005859375], [-118.46153, 45.7163, -15182.453125], [-118.46452, 45.71191, -16095.4345703125], [-118.46553, 45.70774, -15142.005859375]]], [[[-118.46553, 45.70774, -15142.005859375], [-118.46452, 45.71191, -16095.4345703125], [-118.46914, 45.70353, -16052.923828125], [-118.46553, 45.70774, -15142.005859375]]], [[[-118.46553, 45.70774, -15142.005859375], [-118.46914, 45.70353, -16052.923828125], [-118.47037, 45.69965, -15088.1826171875], [-118.46553, 45.70774, -15142.005859375]]], [[[-118.47401, 45.69554, -16001.7041015625], [-118.47037, 45.69965, -15088.1826171875], [-118.46914, 45.70353, -16052.923828125], [-118.47401, 45.69554, -16001.7041015625]]], [[[-118.47401, 45.69554, -16001.7041015625], [-118.47549, 45.69065, -15093.7509765625], [-118.47037, 45.69965, -15088.1826171875], [-118.47401, 45.69554, -16001.7041015625]]], [[[-118.47549, 45.69065, -15093.7509765625], [-118.47401, 45.69554, -16001.7041015625], [-118.47819, 45.68686, -15988.15625], [-118.47549, 45.69065, -15093.7509765625]]], [[[-118.47987, 45.68146, -15333.9873046875], [-118.47549, 45.69065, -15093.7509765625], [-118.47819, 45.68686, -15988.15625], [-118.47987, 45.68146, -15333.9873046875]]], [[[-118.48186, 45.67937, -16123.2138671875], [-118.47987, 45.68146, -15333.9873046875], [-118.47819, 45.68686, -15988.15625], [-118.48186, 45.67937, -16123.2138671875]]], [[[-118.47987, 45.68146, -15333.9873046875], [-118.48186, 45.67937, -16123.2138671875], [-118.48424, 45.67551, -15555.4794921875], [-118.47987, 45.68146, -15333.9873046875]]], [[[-118.48278, 45.67602, -14876.9443359375], [-118.47987, 45.68146, -15333.9873046875], [-118.48424, 45.67551, -15555.4794921875], [-118.48278, 45.67602, -14876.9443359375]]], [[[-118.48278, 45.67602, -14876.9443359375], [-118.48424, 45.67551, -15555.4794921875], [-118.48858, 45.67141, -15270.8671875], [-118.48278, 45.67602, -14876.9443359375]]], [[[-118.48858, 45.67141, -15270.8671875], [-118.48424, 45.67551, -15555.4794921875], [-118.48625, 45.67452, -16224.6708984375], [-118.48858, 45.67141, -15270.8671875]]], [[[-118.48858, 45.67141, -15270.8671875], [-118.48625, 45.67452, -16224.6708984375], [-118.49051, 45.67076, -16174.265625], [-118.48858, 45.67141, -15270.8671875]]], [[[-118.49051, 45.67076, -16174.265625], [-118.49049, 45.66788, -15710.2294921875], [-118.48858, 45.67141, -15270.8671875], [-118.49051, 45.67076, -16174.265625]]], [[[-118.48186, 45.67937, -16123.2138671875], [-118.48625, 45.67452, -16224.6708984375], [-118.48424, 45.67551, -15555.4794921875], [-118.48186, 45.67937, -16123.2138671875]]], [[[-118.47241, 45.69462, -14186.1220703125], [-118.47037, 45.69965, -15088.1826171875], [-118.47549, 45.69065, -15093.7509765625], [-118.47241, 45.69462, -14186.1220703125]]], [[[-118.46153, 45.7163, -15182.453125], [-118.46096, 45.72048, -16137.1484375], [-118.46452, 45.71191, -16095.4345703125], [-118.46153, 45.7163, -15182.453125]]], [[[-118.46153, 45.7163, -15182.453125], [-118.45769, 45.72478, -15224.654296875], [-118.46096, 45.72048, -16137.1484375], [-118.46153, 45.7163, -15182.453125]]], [[[-118.46153, 45.7163, -15182.453125], [-118.45861, 45.72068, -14264.0107421875], [-118.45769, 45.72478, -15224.654296875], [-118.46153, 45.7163, -15182.453125]]], [[[-118.45861, 45.72068, -14264.0107421875], [-118.46153, 45.7163, -15182.453125], [-118.46226, 45.71207, -14226.970703125], [-118.45861, 45.72068, -14264.0107421875]]], [[[-118.45441, 45.72906, -14308.162109375], [-118.45769, 45.72478, -15224.654296875], [-118.45861, 45.72068, -14264.0107421875], [-118.45441, 45.72906, -14308.162109375]]], [[[-118.45441, 45.72906, -14308.162109375], [-118.45372, 45.73318, -15268.455078125], [-118.45769, 45.72478, -15224.654296875], [-118.45441, 45.72906, -14308.162109375]]], [[[-118.45441, 45.72906, -14308.162109375], [-118.45047, 45.73752, -14353.458984375], [-118.45372, 45.73318, -15268.455078125], [-118.45441, 45.72906, -14308.162109375]]], [[[-118.45047, 45.73752, -14353.458984375], [-118.45441, 45.72906, -14308.162109375], [-118.45138, 45.73345, -13387.189453125], [-118.45047, 45.73752, -14353.458984375]]], [[[-118.44723, 45.74187, -13434.5078125], [-118.45047, 45.73752, -14353.458984375], [-118.45138, 45.73345, -13387.189453125], [-118.44723, 45.74187, -13434.5078125]]], [[[-118.44723, 45.74187, -13434.5078125], [-118.44651, 45.74603, -14398.0390625], [-118.45047, 45.73752, -14353.458984375], [-118.44723, 45.74187, -13434.5078125]]], [[[-118.44352, 45.75049, -13480.048828125], [-118.44651, 45.74603, -14398.0390625], [-118.44723, 45.74187, -13434.5078125], [-118.44352, 45.75049, -13480.048828125]]], [[[-118.44352, 45.75049, -13480.048828125], [-118.44287, 45.75465, -14443.291015625], [-118.44651, 45.74603, -14398.0390625], [-118.44352, 45.75049, -13480.048828125]]], [[[-118.44352, 45.75049, -13480.048828125], [-118.43953, 45.75912, -13533.5986328125], [-118.44287, 45.75465, -14443.291015625], [-118.44352, 45.75049, -13480.048828125]]], [[[-118.44043, 45.755, -12561.4560546875], [-118.43953, 45.75912, -13533.5986328125], [-118.44352, 45.75049, -13480.048828125], [-118.44043, 45.755, -12561.4560546875]]], [[[-118.43669, 45.76369, -12613.8037109375], [-118.43953, 45.75912, -13533.5986328125], [-118.44043, 45.755, -12561.4560546875], [-118.43669, 45.76369, -12613.8037109375]]], [[[-118.43953, 45.75912, -13533.5986328125], [-118.43669, 45.76369, -12613.8037109375], [-118.43645, 45.7679, -13581.2880859375], [-118.43953, 45.75912, -13533.5986328125]]], [[[-118.43953, 45.75912, -13533.5986328125], [-118.43645, 45.7679, -13581.2880859375], [-118.43903, 45.76329, -14497.7744140625], [-118.43953, 45.75912, -13533.5986328125]]], [[[-118.43953, 45.75912, -13533.5986328125], [-118.43903, 45.76329, -14497.7744140625], [-118.44287, 45.75465, -14443.291015625], [-118.43953, 45.75912, -13533.5986328125]]], [[[-118.43903, 45.76329, -14497.7744140625], [-118.44197, 45.75872, -15405.84375], [-118.44287, 45.75465, -14443.291015625], [-118.43903, 45.76329, -14497.7744140625]]], [[[-118.44197, 45.75872, -15405.84375], [-118.43903, 45.76329, -14497.7744140625], [-118.43878, 45.76749, -15456.5244140625], [-118.44197, 45.75872, -15405.84375]]], [[[-118.44197, 45.75872, -15405.84375], [-118.43878, 45.76749, -15456.5244140625], [-118.44136, 45.76285, -16362.81640625], [-118.44197, 45.75872, -15405.84375]]], [[[-118.44197, 45.75872, -15405.84375], [-118.44136, 45.76285, -16362.81640625], [-118.44529, 45.75433, -16312.5224609375], [-118.44197, 45.75872, -15405.84375]]], [[[-118.44583, 45.75019, -15356.716796875], [-118.44197, 45.75872, -15405.84375], [-118.44529, 45.75433, -16312.5224609375], [-118.44583, 45.75019, -15356.716796875]]], [[[-118.44287, 45.75465, -14443.291015625], [-118.44197, 45.75872, -15405.84375], [-118.44583, 45.75019, -15356.716796875], [-118.44287, 45.75465, -14443.291015625]]], [[[-118.44287, 45.75465, -14443.291015625], [-118.44583, 45.75019, -15356.716796875], [-118.44651, 45.74603, -14398.0390625], [-118.44287, 45.75465, -14443.291015625]]], [[[-118.44651, 45.74603, -14398.0390625], [-118.44583, 45.75019, -15356.716796875], [-118.44955, 45.74163, -15313.888671875], [-118.44651, 45.74603, -14398.0390625]]], [[[-118.45047, 45.73752, -14353.458984375], [-118.44651, 45.74603, -14398.0390625], [-118.44955, 45.74163, -15313.888671875], [-118.45047, 45.73752, -14353.458984375]]], [[[-118.45047, 45.73752, -14353.458984375], [-118.44955, 45.74163, -15313.888671875], [-118.45372, 45.73318, -15268.455078125], [-118.45047, 45.73752, -14353.458984375]]], [[[-118.44955, 45.74163, -15313.888671875], [-118.45279, 45.73728, -16224.8994140625], [-118.45372, 45.73318, -15268.455078125], [-118.44955, 45.74163, -15313.888671875]]], [[[-118.44955, 45.74163, -15313.888671875], [-118.44881, 45.74578, -16269.00390625], [-118.45279, 45.73728, -16224.8994140625], [-118.44955, 45.74163, -15313.888671875]]], [[[-118.44955, 45.74163, -15313.888671875], [-118.44583, 45.75019, -15356.716796875], [-118.44881, 45.74578, -16269.00390625], [-118.44955, 45.74163, -15313.888671875]]], [[[-118.44583, 45.75019, -15356.716796875], [-118.44529, 45.75433, -16312.5224609375], [-118.44881, 45.74578, -16269.00390625], [-118.44583, 45.75019, -15356.716796875]]], [[[-118.45372, 45.73318, -15268.455078125], [-118.45279, 45.73728, -16224.8994140625], [-118.45672, 45.72883, -16183.388671875], [-118.45372, 45.73318, -15268.455078125]]], [[[-118.45672, 45.72883, -16183.388671875], [-118.45769, 45.72478, -15224.654296875], [-118.45372, 45.73318, -15268.455078125], [-118.45672, 45.72883, -16183.388671875]]], [[[-118.45769, 45.72478, -15224.654296875], [-118.45672, 45.72883, -16183.388671875], [-118.46096, 45.72048, -16137.1484375], [-118.45769, 45.72478, -15224.654296875]]], [[[-118.43878, 45.76749, -15456.5244140625], [-118.43864, 45.77164, -16414.1015625], [-118.44136, 45.76285, -16362.81640625], [-118.43878, 45.76749, -15456.5244140625]]], [[[-118.43878, 45.76749, -15456.5244140625], [-118.43653, 45.77628, -15501.7158203125], [-118.43864, 45.77164, -16414.1015625], [-118.43878, 45.76749, -15456.5244140625]]], [[[-118.43638, 45.77211, -14542.7607421875], [-118.43653, 45.77628, -15501.7158203125], [-118.43878, 45.76749, -15456.5244140625], [-118.43638, 45.77211, -14542.7607421875]]], [[[-118.43638, 45.77211, -14542.7607421875], [-118.43383, 45.78083, -14589.1484375], [-118.43653, 45.77628, -15501.7158203125], [-118.43638, 45.77211, -14542.7607421875]]], [[[-118.43638, 45.77211, -14542.7607421875], [-118.43419, 45.77674, -13622.1083984375], [-118.43383, 45.78083, -14589.1484375], [-118.43638, 45.77211, -14542.7607421875]]], [[[-118.43638, 45.77211, -14542.7607421875], [-118.43645, 45.7679, -13581.2880859375], [-118.43419, 45.77674, -13622.1083984375], [-118.43638, 45.77211, -14542.7607421875]]], [[[-118.43645, 45.7679, -13581.2880859375], [-118.43638, 45.77211, -14542.7607421875], [-118.43903, 45.76329, -14497.7744140625], [-118.43645, 45.7679, -13581.2880859375]]], [[[-118.43638, 45.77211, -14542.7607421875], [-118.43878, 45.76749, -15456.5244140625], [-118.43903, 45.76329, -14497.7744140625], [-118.43638, 45.77211, -14542.7607421875]]], [[[-118.43412, 45.77254, -12655.234375], [-118.43419, 45.77674, -13622.1083984375], [-118.43645, 45.7679, -13581.2880859375], [-118.43412, 45.77254, -12655.234375]]], [[[-118.4315, 45.78134, -12700.6064453125], [-118.43419, 45.77674, -13622.1083984375], [-118.43412, 45.77254, -12655.234375], [-118.4315, 45.78134, -12700.6064453125]]], [[[-118.43183, 45.7772, -11720.1884765625], [-118.4315, 45.78134, -12700.6064453125], [-118.43412, 45.77254, -12655.234375], [-118.43183, 45.7772, -11720.1884765625]]], [[[-118.52123, 45.58204, -1869.552490234375], [-118.52454, 45.57748, -2758.5703125], [-118.52533, 45.57248, -1865.2012939453125], [-118.52123, 45.58204, -1869.552490234375]]], [[[-118.43412, 45.77254, -12655.234375], [-118.43409, 45.7683, -11680.865234375], [-118.43183, 45.7772, -11720.1884765625], [-118.43412, 45.77254, -12655.234375]]], [[[-118.43409, 45.7683, -11680.865234375], [-118.43412, 45.77254, -12655.234375], [-118.43669, 45.76369, -12613.8037109375], [-118.43409, 45.7683, -11680.865234375]]], [[[-118.41096, 45.85208, -6529.36279296875], [-118.41137, 45.86062, -6034.583984375], [-118.4124, 45.86079, -6990.4462890625], [-118.41096, 45.85208, -6529.36279296875]]], [[[-118.43669, 45.76369, -12613.8037109375], [-118.43709, 45.75947, -11636.3798828125], [-118.43409, 45.7683, -11680.865234375], [-118.43669, 45.76369, -12613.8037109375]]], [[[-118.47841, 45.65676, -3366.170654296875], [-118.48239, 45.64923, -3173.533447265625], [-118.47905, 45.6538, -2609.831787109375], [-118.47841, 45.65676, -3366.170654296875]]], [[[-118.43709, 45.75947, -11636.3798828125], [-118.43669, 45.76369, -12613.8037109375], [-118.44043, 45.755, -12561.4560546875], [-118.43709, 45.75947, -11636.3798828125]]], [[[-118.41684, 45.87811, -9032.7021484375], [-118.41572, 45.87788, -7995.07763671875], [-118.41785, 45.88655, -8476.8076171875], [-118.41684, 45.87811, -9032.7021484375]]], [[[-118.44115, 45.75085, -11581.2685546875], [-118.43709, 45.75947, -11636.3798828125], [-118.44043, 45.755, -12561.4560546875], [-118.44115, 45.75085, -11581.2685546875]]], [[[-118.41155, 45.8769, -4134.82080078125], [-118.41058, 45.87683, -3205.52490234375], [-118.41267, 45.8857, -3629.952880859375], [-118.41155, 45.8769, -4134.82080078125]]], [[[-118.44115, 45.75085, -11581.2685546875], [-118.43793, 45.75536, -10640.0341796875], [-118.43709, 45.75947, -11636.3798828125], [-118.44115, 45.75085, -11581.2685546875]]], [[[-118.41466, 45.8778, -6979.8896484375], [-118.41576, 45.88642, -6500.671875], [-118.41679, 45.88642, -7473.42041015625], [-118.41466, 45.8778, -6979.8896484375]]], [[[-118.43793, 45.75536, -10640.0341796875], [-118.44115, 45.75085, -11581.2685546875], [-118.44175, 45.74669, -10585.9072265625], [-118.43793, 45.75536, -10640.0341796875]]], [[[-118.41021, 45.84308, -6055.26806640625], [-118.40996, 45.85169, -5619.9296875], [-118.41096, 45.85208, -6529.36279296875], [-118.41021, 45.84308, -6055.26806640625]]], [[[-118.43872, 45.75125, -9631.505859375], [-118.43457, 45.75984, -9684.4404296875], [-118.43793, 45.75536, -10640.0341796875], [-118.43872, 45.75125, -9631.505859375]]], [[[-118.41021, 45.84308, -6055.26806640625], [-118.4091, 45.8456, -5047.77294921875], [-118.40996, 45.85169, -5619.9296875], [-118.41021, 45.84308, -6055.26806640625]]], [[[-118.43872, 45.75125, -9631.505859375], [-118.43557, 45.75548, -8727.953125], [-118.43457, 45.75984, -9684.4404296875], [-118.43872, 45.75125, -9631.505859375]]], [[[-118.41372, 45.87796, -6020.935546875], [-118.41275, 45.87782, -5103.54833984375], [-118.41476, 45.88646, -5543.8779296875], [-118.41372, 45.87796, -6020.935546875]]], [[[-118.43557, 45.75548, -8727.953125], [-118.43872, 45.75125, -9631.505859375], [-118.43945, 45.74696, -8732.3759765625], [-118.43557, 45.75548, -8727.953125]]], [[[-118.46943, 45.67466, -3446.255859375], [-118.46815, 45.67469, -2452.17138671875], [-118.46509, 45.68216, -3065.96533203125], [-118.46943, 45.67466, -3446.255859375]]], [[[-118.43817, 45.74765, -7894.2373046875], [-118.43557, 45.75548, -8727.953125], [-118.43945, 45.74696, -8732.3759765625], [-118.43817, 45.74765, -7894.2373046875]]], [[[-118.4124, 45.86079, -6990.4462890625], [-118.41137, 45.86062, -6034.583984375], [-118.41282, 45.86933, -6490.47900390625], [-118.4124, 45.86079, -6990.4462890625]]], [[[-118.43416, 45.7562, -7868.681640625], [-118.43557, 45.75548, -8727.953125], [-118.43817, 45.74765, -7894.2373046875], [-118.43416, 45.7562, -7868.681640625]]], [[[-118.40991, 45.87806, -2284.490234375], [-118.41038, 45.88481, -1539.231201171875], [-118.41163, 45.88569, -2647.364501953125], [-118.40991, 45.87806, -2284.490234375]]], [[[-118.43188, 45.76445, -8723.2177734375], [-118.43557, 45.75548, -8727.953125], [-118.43416, 45.7562, -7868.681640625], [-118.43188, 45.76445, -8723.2177734375]]], [[[-118.58183, 45.51324, -13674.564453125], [-118.58328, 45.51244, -14516.6533203125], [-118.58565, 45.50703, -14278.2978515625], [-118.58183, 45.51324, -13674.564453125]]], [[[-118.43188, 45.76445, -8723.2177734375], [-118.43167, 45.76869, -9728.1474609375], [-118.43457, 45.75984, -9684.4404296875], [-118.43188, 45.76445, -8723.2177734375]]], [[[-118.42943, 45.77362, -8785.1767578125], [-118.43167, 45.76869, -9728.1474609375], [-118.43188, 45.76445, -8723.2177734375], [-118.42943, 45.77362, -8785.1767578125]]], [[[-118.41501, 45.86948, -8552.76953125], [-118.41684, 45.87811, -9032.7021484375], [-118.41614, 45.86982, -9587.146484375], [-118.41501, 45.86948, -8552.76953125]]], [[[-118.42943, 45.77362, -8785.1767578125], [-118.42947, 45.7775, -9761.119140625], [-118.43167, 45.76869, -9728.1474609375], [-118.42943, 45.77362, -8785.1767578125]]], [[[-118.41352, 45.86095, -8041.75048828125], [-118.41387, 45.86928, -7486.34814453125], [-118.41501, 45.86948, -8552.76953125], [-118.41352, 45.86095, -8041.75048828125]]], [[[-118.42943, 45.77362, -8785.1767578125], [-118.42672, 45.78232, -8811.3779296875], [-118.42947, 45.7775, -9761.119140625], [-118.42943, 45.77362, -8785.1767578125]]], [[[-118.41058, 45.87683, -3205.52490234375], [-118.41155, 45.8769, -4134.82080078125], [-118.40932, 45.86702, -3416.371337890625], [-118.41058, 45.87683, -3205.52490234375]]], [[[-118.42672, 45.78232, -8811.3779296875], [-118.42943, 45.77362, -8785.1767578125], [-118.42612, 45.78099, -7886.08740234375], [-118.42672, 45.78232, -8811.3779296875]]], [[[-118.41352, 45.86095, -8041.75048828125], [-118.4124, 45.86079, -6990.4462890625], [-118.41387, 45.86928, -7486.34814453125], [-118.41352, 45.86095, -8041.75048828125]]], [[[-118.42318, 45.78941, -7911.32958984375], [-118.42672, 45.78232, -8811.3779296875], [-118.42612, 45.78099, -7886.08740234375], [-118.42318, 45.78941, -7911.32958984375]]], [[[-118.40996, 45.85169, -5619.9296875], [-118.41137, 45.86062, -6034.583984375], [-118.41096, 45.85208, -6529.36279296875], [-118.40996, 45.85169, -5619.9296875]]], [[[-118.42672, 45.78232, -8811.3779296875], [-118.42318, 45.78941, -7911.32958984375], [-118.42373, 45.79082, -8851.53515625], [-118.42672, 45.78232, -8811.3779296875]]], [[[-118.41387, 45.86928, -7486.34814453125], [-118.41572, 45.87788, -7995.07763671875], [-118.41501, 45.86948, -8552.76953125], [-118.41387, 45.86928, -7486.34814453125]]], [[[-118.42672, 45.78232, -8811.3779296875], [-118.42373, 45.79082, -8851.53515625], [-118.42657, 45.78605, -9795.984375], [-118.42672, 45.78232, -8811.3779296875]]], [[[-118.41096, 45.85208, -6529.36279296875], [-118.4124, 45.86079, -6990.4462890625], [-118.41203, 45.85241, -7519.26708984375], [-118.41096, 45.85208, -6529.36279296875]]], [[[-118.42672, 45.78232, -8811.3779296875], [-118.42657, 45.78605, -9795.984375], [-118.42947, 45.7775, -9761.119140625], [-118.42672, 45.78232, -8811.3779296875]]], [[[-118.41275, 45.87782, -5103.54833984375], [-118.41155, 45.8769, -4134.82080078125], [-118.41373, 45.88613, -4593.51318359375], [-118.41275, 45.87782, -5103.54833984375]]], [[[-118.42657, 45.78605, -9795.984375], [-118.42918, 45.78165, -10764.2607421875], [-118.42947, 45.7775, -9761.119140625], [-118.42657, 45.78605, -9795.984375]]], [[[-118.43181, 45.77297, -10729.8330078125], [-118.42947, 45.7775, -9761.119140625], [-118.42918, 45.78165, -10764.2607421875], [-118.43181, 45.77297, -10729.8330078125]]], [[[-118.43181, 45.77297, -10729.8330078125], [-118.43167, 45.76869, -9728.1474609375], [-118.42947, 45.7775, -9761.119140625], [-118.43181, 45.77297, -10729.8330078125]]], [[[-118.41155, 45.8769, -4134.82080078125], [-118.41267, 45.8857, -3629.952880859375], [-118.41373, 45.88613, -4593.51318359375], [-118.41155, 45.8769, -4134.82080078125]]], [[[-118.43167, 45.76869, -9728.1474609375], [-118.43181, 45.77297, -10729.8330078125], [-118.43431, 45.76406, -10689.4052734375], [-118.43167, 45.76869, -9728.1474609375]]], [[[-118.41572, 45.87788, -7995.07763671875], [-118.41466, 45.8778, -6979.8896484375], [-118.41679, 45.88642, -7473.42041015625], [-118.41572, 45.87788, -7995.07763671875]]], [[[-118.43457, 45.75984, -9684.4404296875], [-118.43167, 45.76869, -9728.1474609375], [-118.43431, 45.76406, -10689.4052734375], [-118.43457, 45.75984, -9684.4404296875]]], [[[-118.43457, 45.75984, -9684.4404296875], [-118.43431, 45.76406, -10689.4052734375], [-118.43793, 45.75536, -10640.0341796875], [-118.43457, 45.75984, -9684.4404296875]]], [[[-118.41282, 45.86933, -6490.47900390625], [-118.41466, 45.8778, -6979.8896484375], [-118.41387, 45.86928, -7486.34814453125], [-118.41282, 45.86933, -6490.47900390625]]], [[[-118.43431, 45.76406, -10689.4052734375], [-118.43709, 45.75947, -11636.3798828125], [-118.43793, 45.75536, -10640.0341796875], [-118.43431, 45.76406, -10689.4052734375]]], [[[-118.41572, 45.87788, -7995.07763671875], [-118.41679, 45.88642, -7473.42041015625], [-118.41785, 45.88655, -8476.8076171875], [-118.41572, 45.87788, -7995.07763671875]]], [[[-118.43431, 45.76406, -10689.4052734375], [-118.43409, 45.7683, -11680.865234375], [-118.43709, 45.75947, -11636.3798828125], [-118.43431, 45.76406, -10689.4052734375]]], [[[-118.40694, 45.86497, -1387.1588134765625], [-118.40656, 45.86985, -474.0237731933594], [-118.40821, 45.87453, -1403.2906494140625], [-118.40694, 45.86497, -1387.1588134765625]]], [[[-118.43181, 45.77297, -10729.8330078125], [-118.43409, 45.7683, -11680.865234375], [-118.43431, 45.76406, -10689.4052734375], [-118.43181, 45.77297, -10729.8330078125]]], [[[-118.40848, 45.86955, -2327.949462890625], [-118.40821, 45.87453, -1403.2906494140625], [-118.40991, 45.87806, -2284.490234375], [-118.40848, 45.86955, -2327.949462890625]]], [[[-118.43181, 45.77297, -10729.8330078125], [-118.43183, 45.7772, -11720.1884765625], [-118.43409, 45.7683, -11680.865234375], [-118.43181, 45.77297, -10729.8330078125]]], [[[-118.43181, 45.77297, -10729.8330078125], [-118.42918, 45.78165, -10764.2607421875], [-118.43183, 45.7772, -11720.1884765625], [-118.43181, 45.77297, -10729.8330078125]]], [[[-118.41684, 45.87811, -9032.7021484375], [-118.41501, 45.86948, -8552.76953125], [-118.41572, 45.87788, -7995.07763671875], [-118.41684, 45.87811, -9032.7021484375]]], [[[-118.42373, 45.79082, -8851.53515625], [-118.42369, 45.79459, -9834.291015625], [-118.42657, 45.78605, -9795.984375], [-118.42373, 45.79082, -8851.53515625]]], [[[-118.40938, 45.86049, -4156.93505859375], [-118.40932, 45.86702, -3416.371337890625], [-118.4108, 45.8689, -4607.98388671875], [-118.40938, 45.86049, -4156.93505859375]]], [[[-118.4234, 45.78572, -6925.11376953125], [-118.42318, 45.78941, -7911.32958984375], [-118.42612, 45.78099, -7886.08740234375], [-118.4234, 45.78572, -6925.11376953125]]], [[[-118.40694, 45.86497, -1387.1588134765625], [-118.40749, 45.86062, -2354.717041015625], [-118.40596, 45.85601, -1367.4049072265625], [-118.40694, 45.86497, -1387.1588134765625]]], [[[-118.42318, 45.78941, -7911.32958984375], [-118.4234, 45.78572, -6925.11376953125], [-118.42048, 45.79419, -6962.8447265625], [-118.42318, 45.78941, -7911.32958984375]]], [[[-118.40848, 45.86955, -2327.949462890625], [-118.40932, 45.86702, -3416.371337890625], [-118.40749, 45.86062, -2354.717041015625], [-118.40848, 45.86955, -2327.949462890625]]], [[[-118.4234, 45.78572, -6925.11376953125], [-118.42072, 45.78999, -5960.818359375], [-118.42048, 45.79419, -6962.8447265625], [-118.4234, 45.78572, -6925.11376953125]]], [[[-118.41137, 45.86062, -6034.583984375], [-118.41186, 45.86928, -5573.32666015625], [-118.41282, 45.86933, -6490.47900390625], [-118.41137, 45.86062, -6034.583984375]]], [[[-118.4234, 45.78572, -6925.11376953125], [-118.42386, 45.78111, -5947.55712890625], [-118.42072, 45.78999, -5960.818359375], [-118.4234, 45.78572, -6925.11376953125]]], [[[-118.58328, 45.51244, -14516.6533203125], [-118.58674, 45.50723, -15270.7646484375], [-118.58565, 45.50703, -14278.2978515625], [-118.58328, 45.51244, -14516.6533203125]]], [[[-118.42854, 45.76818, -6916.66796875], [-118.42642, 45.77246, -5946.37890625], [-118.42643, 45.77693, -6930.37646484375], [-118.42854, 45.76818, -6916.66796875]]], [[[-118.41058, 45.87683, -3205.52490234375], [-118.41163, 45.88569, -2647.364501953125], [-118.41267, 45.8857, -3629.952880859375], [-118.41058, 45.87683, -3205.52490234375]]], [[[-118.42854, 45.76818, -6916.66796875], [-118.42884, 45.76373, -5935.38134765625], [-118.42642, 45.77246, -5946.37890625], [-118.42854, 45.76818, -6916.66796875]]], [[[-118.41203, 45.85241, -7519.26708984375], [-118.41352, 45.86095, -8041.75048828125], [-118.41322, 45.85264, -8617.8349609375], [-118.41203, 45.85241, -7519.26708984375]]], [[[-118.42854, 45.76818, -6916.66796875], [-118.43129, 45.75978, -6922.74462890625], [-118.42884, 45.76373, -5935.38134765625], [-118.42854, 45.76818, -6916.66796875]]], [[[-118.41186, 45.86928, -5573.32666015625], [-118.41372, 45.87796, -6020.935546875], [-118.41282, 45.86933, -6490.47900390625], [-118.41186, 45.86928, -5573.32666015625]]], [[[-118.43092, 45.76417, -7832.2041015625], [-118.43129, 45.75978, -6922.74462890625], [-118.42854, 45.76818, -6916.66796875], [-118.43092, 45.76417, -7832.2041015625]]], [[[-118.4091, 45.8456, -5047.77294921875], [-118.41021, 45.84308, -6055.26806640625], [-118.4094, 45.83721, -5104.169921875], [-118.4091, 45.8456, -5047.77294921875]]], [[[-118.43092, 45.76417, -7832.2041015625], [-118.43416, 45.7562, -7868.681640625], [-118.43129, 45.75978, -6922.74462890625], [-118.43092, 45.76417, -7832.2041015625]]], [[[-118.41058, 45.87683, -3205.52490234375], [-118.40991, 45.87806, -2284.490234375], [-118.41163, 45.88569, -2647.364501953125], [-118.41058, 45.87683, -3205.52490234375]]], [[[-118.43188, 45.76445, -8723.2177734375], [-118.43416, 45.7562, -7868.681640625], [-118.43092, 45.76417, -7832.2041015625], [-118.43188, 45.76445, -8723.2177734375]]], [[[-118.4108, 45.8689, -4607.98388671875], [-118.40932, 45.86702, -3416.371337890625], [-118.41155, 45.8769, -4134.82080078125], [-118.4108, 45.8689, -4607.98388671875]]], [[[-118.43092, 45.76417, -7832.2041015625], [-118.42866, 45.77238, -7878.4150390625], [-118.43188, 45.76445, -8723.2177734375], [-118.43092, 45.76417, -7832.2041015625]]], [[[-118.41137, 45.86062, -6034.583984375], [-118.41031, 45.86004, -5091.4912109375], [-118.41186, 45.86928, -5573.32666015625], [-118.41137, 45.86062, -6034.583984375]]], [[[-118.42866, 45.77238, -7878.4150390625], [-118.43092, 45.76417, -7832.2041015625], [-118.42854, 45.76818, -6916.66796875], [-118.42866, 45.77238, -7878.4150390625]]], [[[-118.41679, 45.88642, -7473.42041015625], [-118.41866, 45.89518, -7949.708984375], [-118.41785, 45.88655, -8476.8076171875], [-118.41679, 45.88642, -7473.42041015625]]], [[[-118.42866, 45.77238, -7878.4150390625], [-118.42854, 45.76818, -6916.66796875], [-118.42643, 45.77693, -6930.37646484375], [-118.42866, 45.77238, -7878.4150390625]]], [[[-118.40996, 45.85169, -5619.9296875], [-118.41031, 45.86004, -5091.4912109375], [-118.41137, 45.86062, -6034.583984375], [-118.40996, 45.85169, -5619.9296875]]], [[[-118.42612, 45.78099, -7886.08740234375], [-118.42866, 45.77238, -7878.4150390625], [-118.42643, 45.77693, -6930.37646484375], [-118.42612, 45.78099, -7886.08740234375]]], [[[-118.42612, 45.78099, -7886.08740234375], [-118.42943, 45.77362, -8785.1767578125], [-118.42866, 45.77238, -7878.4150390625], [-118.42612, 45.78099, -7886.08740234375]]], [[[-118.58183, 45.51324, -13674.564453125], [-118.58565, 45.50703, -14278.2978515625], [-118.58455, 45.50683, -13280.16796875], [-118.58183, 45.51324, -13674.564453125]]], [[[-118.42943, 45.77362, -8785.1767578125], [-118.43188, 45.76445, -8723.2177734375], [-118.42866, 45.77238, -7878.4150390625], [-118.42943, 45.77362, -8785.1767578125]]], [[[-118.40991, 45.87806, -2284.490234375], [-118.41058, 45.87683, -3205.52490234375], [-118.40848, 45.86955, -2327.949462890625], [-118.40991, 45.87806, -2284.490234375]]], [[[-118.42612, 45.78099, -7886.08740234375], [-118.42643, 45.77693, -6930.37646484375], [-118.4234, 45.78572, -6925.11376953125], [-118.42612, 45.78099, -7886.08740234375]]], [[[-118.40795, 45.85604, -3257.02099609375], [-118.40749, 45.86062, -2354.717041015625], [-118.40932, 45.86702, -3416.371337890625], [-118.40795, 45.85604, -3257.02099609375]]], [[[-118.43416, 45.7562, -7868.681640625], [-118.43539, 45.75165, -6930.36572265625], [-118.43129, 45.75978, -6922.74462890625], [-118.43416, 45.7562, -7868.681640625]]], [[[-118.40932, 45.86702, -3416.371337890625], [-118.40848, 45.86955, -2327.949462890625], [-118.41058, 45.87683, -3205.52490234375], [-118.40932, 45.86702, -3416.371337890625]]], [[[-118.43416, 45.7562, -7868.681640625], [-118.43817, 45.74765, -7894.2373046875], [-118.43539, 45.75165, -6930.36572265625], [-118.43416, 45.7562, -7868.681640625]]], [[[-118.4108, 45.8689, -4607.98388671875], [-118.41155, 45.8769, -4134.82080078125], [-118.41275, 45.87782, -5103.54833984375], [-118.4108, 45.8689, -4607.98388671875]]], [[[-118.43817, 45.74765, -7894.2373046875], [-118.43905, 45.74334, -7035.68701171875], [-118.43539, 45.75165, -6930.36572265625], [-118.43817, 45.74765, -7894.2373046875]]], [[[-118.43817, 45.74765, -7894.2373046875], [-118.44265, 45.73909, -8380.5029296875], [-118.43905, 45.74334, -7035.68701171875], [-118.43817, 45.74765, -7894.2373046875]]], [[[-118.41466, 45.8778, -6979.8896484375], [-118.41372, 45.87796, -6020.935546875], [-118.41576, 45.88642, -6500.671875], [-118.41466, 45.8778, -6979.8896484375]]], [[[-118.43817, 45.74765, -7894.2373046875], [-118.43945, 45.74696, -8732.3759765625], [-118.44265, 45.73909, -8380.5029296875], [-118.43817, 45.74765, -7894.2373046875]]], [[[-118.44265, 45.73909, -8380.5029296875], [-118.43945, 45.74696, -8732.3759765625], [-118.44241, 45.7425, -9576.955078125], [-118.44265, 45.73909, -8380.5029296875]]], [[[-118.44265, 45.73909, -8380.5029296875], [-118.44643, 45.73401, -9411.3154296875], [-118.44598, 45.73174, -8130.4453125], [-118.44265, 45.73909, -8380.5029296875]]], [[[-118.41031, 45.86004, -5091.4912109375], [-118.40938, 45.86049, -4156.93505859375], [-118.4108, 45.8689, -4607.98388671875], [-118.41031, 45.86004, -5091.4912109375]]], [[[-118.44265, 45.73909, -8380.5029296875], [-118.44598, 45.73174, -8130.4453125], [-118.44273, 45.73595, -7091.28857421875], [-118.44265, 45.73909, -8380.5029296875]]], [[[-118.44265, 45.73909, -8380.5029296875], [-118.44273, 45.73595, -7091.28857421875], [-118.43905, 45.74334, -7035.68701171875], [-118.44265, 45.73909, -8380.5029296875]]], [[[-118.57373, 45.52422, -14577.9912109375], [-118.56854, 45.53235, -14574.154296875], [-118.57256, 45.52805, -15469.4638671875], [-118.57373, 45.52422, -14577.9912109375]]], [[[-118.44273, 45.73595, -7091.28857421875], [-118.43973, 45.73929, -5982.16552734375], [-118.43905, 45.74334, -7035.68701171875], [-118.44273, 45.73595, -7091.28857421875]]], [[[-118.44273, 45.73595, -7091.28857421875], [-118.44362, 45.73145, -6016.92626953125], [-118.43973, 45.73929, -5982.16552734375], [-118.44273, 45.73595, -7091.28857421875]]], [[[-118.4124, 45.86079, -6990.4462890625], [-118.41282, 45.86933, -6490.47900390625], [-118.41387, 45.86928, -7486.34814453125], [-118.4124, 45.86079, -6990.4462890625]]], [[[-118.44642, 45.72782, -7034.6982421875], [-118.44362, 45.73145, -6016.92626953125], [-118.44273, 45.73595, -7091.28857421875], [-118.44642, 45.72782, -7034.6982421875]]], [[[-118.44642, 45.72782, -7034.6982421875], [-118.4472, 45.7237, -5994.826171875], [-118.44362, 45.73145, -6016.92626953125], [-118.44642, 45.72782, -7034.6982421875]]], [[[-118.45025, 45.72004, -7024.44287109375], [-118.4472, 45.7237, -5994.826171875], [-118.44642, 45.72782, -7034.6982421875], [-118.45025, 45.72004, -7024.44287109375]]], [[[-118.45025, 45.72004, -7024.44287109375], [-118.45102, 45.71569, -6021.3291015625], [-118.4472, 45.7237, -5994.826171875], [-118.45025, 45.72004, -7024.44287109375]]], [[[-118.45399, 45.71147, -6959.22021484375], [-118.45102, 45.71569, -6021.3291015625], [-118.45025, 45.72004, -7024.44287109375], [-118.45399, 45.71147, -6959.22021484375]]], [[[-118.45399, 45.71147, -6959.22021484375], [-118.45496, 45.70701, -5980.30126953125], [-118.45102, 45.71569, -6021.3291015625], [-118.45399, 45.71147, -6959.22021484375]]], [[[-118.42625, 45.79829, -12779.4912109375], [-118.42639, 45.80243, -13748.630859375], [-118.42832, 45.79384, -13716.96875], [-118.42625, 45.79829, -12779.4912109375]]], [[[-118.45892, 45.70227, -6874.3291015625], [-118.45496, 45.70701, -5980.30126953125], [-118.45399, 45.71147, -6959.22021484375], [-118.45892, 45.70227, -6874.3291015625]]], [[[-118.41843, 45.80637, -7977.6103515625], [-118.41866, 45.80226, -6981.25830078125], [-118.41587, 45.81069, -7002.6552734375], [-118.41843, 45.80637, -7977.6103515625]]], [[[-118.45892, 45.70227, -6874.3291015625], [-118.46034, 45.69811, -5923.49951171875], [-118.45496, 45.70701, -5980.30126953125], [-118.45892, 45.70227, -6874.3291015625]]], [[[-118.46034, 45.69811, -5923.49951171875], [-118.45655, 45.70252, -5017.4169921875], [-118.45496, 45.70701, -5980.30126953125], [-118.46034, 45.69811, -5923.49951171875]]], [[[-118.46034, 45.69811, -5923.49951171875], [-118.46225, 45.69317, -4960.87841796875], [-118.45655, 45.70252, -5017.4169921875], [-118.46034, 45.69811, -5923.49951171875]]], [[[-118.45655, 45.70252, -5017.4169921875], [-118.45188, 45.71111, -5027.63232421875], [-118.45496, 45.70701, -5980.30126953125], [-118.45655, 45.70252, -5017.4169921875]]], [[[-118.45102, 45.71569, -6021.3291015625], [-118.45496, 45.70701, -5980.30126953125], [-118.45188, 45.71111, -5027.63232421875], [-118.45102, 45.71569, -6021.3291015625]]], [[[-118.45102, 45.71569, -6021.3291015625], [-118.45188, 45.71111, -5027.63232421875], [-118.44826, 45.71921, -5022.67333984375], [-118.45102, 45.71569, -6021.3291015625]]], [[[-118.5108, 45.63006, -15489.4287109375], [-118.50858, 45.63343, -16450.291015625], [-118.51519, 45.62605, -16393.736328125], [-118.5108, 45.63006, -15489.4287109375]]], [[[-118.4472, 45.7237, -5994.826171875], [-118.45102, 45.71569, -6021.3291015625], [-118.44826, 45.71921, -5022.67333984375], [-118.4472, 45.7237, -5994.826171875]]], [[[-118.4472, 45.7237, -5994.826171875], [-118.44826, 45.71921, -5022.67333984375], [-118.44427, 45.72725, -4986.45947265625], [-118.4472, 45.7237, -5994.826171875]]], [[[-118.44362, 45.73145, -6016.92626953125], [-118.4472, 45.7237, -5994.826171875], [-118.44427, 45.72725, -4986.45947265625], [-118.44362, 45.73145, -6016.92626953125]]], [[[-118.44362, 45.73145, -6016.92626953125], [-118.44427, 45.72725, -4986.45947265625], [-118.44082, 45.73482, -4984.7958984375], [-118.44362, 45.73145, -6016.92626953125]]], [[[-118.43074, 45.79771, -16564.2890625], [-118.43287, 45.7929, -17469.28125], [-118.43325, 45.78894, -16514.109375], [-118.43074, 45.79771, -16564.2890625]]], [[[-118.43973, 45.73929, -5982.16552734375], [-118.44362, 45.73145, -6016.92626953125], [-118.44082, 45.73482, -4984.7958984375], [-118.43973, 45.73929, -5982.16552734375]]], [[[-118.43973, 45.73929, -5982.16552734375], [-118.44082, 45.73482, -4984.7958984375], [-118.43677, 45.74298, -4963.0458984375], [-118.43973, 45.73929, -5982.16552734375]]], [[[-118.43603, 45.74734, -5953.69677734375], [-118.43973, 45.73929, -5982.16552734375], [-118.43677, 45.74298, -4963.0458984375], [-118.43603, 45.74734, -5953.69677734375]]], [[[-118.56701, 45.53603, -15545.837890625], [-118.57256, 45.52805, -15469.4638671875], [-118.56854, 45.53235, -14574.154296875], [-118.56701, 45.53603, -15545.837890625]]], [[[-118.43603, 45.74734, -5953.69677734375], [-118.43905, 45.74334, -7035.68701171875], [-118.43973, 45.73929, -5982.16552734375], [-118.43603, 45.74734, -5953.69677734375]]], [[[-118.43077, 45.90549, -17112.54296875], [-118.43161, 45.90565, -17898.173828125], [-118.43026, 45.90206, -17498.349609375], [-118.43077, 45.90549, -17112.54296875]]], [[[-118.43905, 45.74334, -7035.68701171875], [-118.43603, 45.74734, -5953.69677734375], [-118.43539, 45.75165, -6930.36572265625], [-118.43905, 45.74334, -7035.68701171875]]], [[[-118.57373, 45.52422, -14577.9912109375], [-118.57256, 45.52805, -15469.4638671875], [-118.57778, 45.52051, -15397.611328125], [-118.57373, 45.52422, -14577.9912109375]]], [[[-118.43603, 45.74734, -5953.69677734375], [-118.43318, 45.7513, -4945.65478515625], [-118.43226, 45.7554, -5941.52685546875], [-118.43603, 45.74734, -5953.69677734375]]], [[[-118.43603, 45.74734, -5953.69677734375], [-118.43677, 45.74298, -4963.0458984375], [-118.43318, 45.7513, -4945.65478515625], [-118.43603, 45.74734, -5953.69677734375]]], [[[-118.43677, 45.74298, -4963.0458984375], [-118.43397, 45.74678, -3991.625], [-118.43318, 45.7513, -4945.65478515625], [-118.43677, 45.74298, -4963.0458984375]]], [[[-118.43397, 45.74678, -3991.625], [-118.43677, 45.74298, -4963.0458984375], [-118.43782, 45.73846, -4009.53564453125], [-118.43397, 45.74678, -3991.625]]], [[[-118.40821, 45.87453, -1403.2906494140625], [-118.40656, 45.86985, -474.0237731933594], [-118.40837, 45.87925, -515.6448974609375], [-118.40821, 45.87453, -1403.2906494140625]]], [[[-118.43397, 45.74678, -3991.625], [-118.43782, 45.73846, -4009.53564453125], [-118.43485, 45.74223, -3047.300048828125], [-118.43397, 45.74678, -3991.625]]], [[[-118.43397, 45.74678, -3991.625], [-118.43485, 45.74223, -3047.300048828125], [-118.4312, 45.75065, -3033.130859375], [-118.43397, 45.74678, -3991.625]]], [[[-118.55844, 45.54432, -13755.4990234375], [-118.55676, 45.54802, -14728.736328125], [-118.56301, 45.5403, -14650.6142578125], [-118.55844, 45.54432, -13755.4990234375]]], [[[-118.43005, 45.75512, -3985.15185546875], [-118.43397, 45.74678, -3991.625], [-118.4312, 45.75065, -3033.130859375], [-118.43005, 45.75512, -3985.15185546875]]], [[[-118.43005, 45.75512, -3985.15185546875], [-118.43318, 45.7513, -4945.65478515625], [-118.43397, 45.74678, -3991.625], [-118.43005, 45.75512, -3985.15185546875]]], [[[-118.41592, 45.81516, -7978.60595703125], [-118.41843, 45.80637, -7977.6103515625], [-118.41587, 45.81069, -7002.6552734375], [-118.41592, 45.81516, -7978.60595703125]]], [[[-118.42915, 45.75926, -4960.77978515625], [-118.43318, 45.7513, -4945.65478515625], [-118.43005, 45.75512, -3985.15185546875], [-118.42915, 45.75926, -4960.77978515625]]], [[[-118.41038, 45.88481, -1539.231201171875], [-118.40991, 45.87806, -2284.490234375], [-118.40821, 45.87453, -1403.2906494140625], [-118.41038, 45.88481, -1539.231201171875]]], [[[-118.43226, 45.7554, -5941.52685546875], [-118.43318, 45.7513, -4945.65478515625], [-118.42915, 45.75926, -4960.77978515625], [-118.43226, 45.7554, -5941.52685546875]]], [[[-118.41592, 45.81516, -7978.60595703125], [-118.41587, 45.81069, -7002.6552734375], [-118.41385, 45.81975, -7048.64306640625], [-118.41592, 45.81516, -7978.60595703125]]], [[[-118.43226, 45.7554, -5941.52685546875], [-118.42915, 45.75926, -4960.77978515625], [-118.42884, 45.76373, -5935.38134765625], [-118.43226, 45.7554, -5941.52685546875]]], [[[-118.43129, 45.75978, -6922.74462890625], [-118.43226, 45.7554, -5941.52685546875], [-118.42884, 45.76373, -5935.38134765625], [-118.43129, 45.75978, -6922.74462890625]]], [[[-118.43129, 45.75978, -6922.74462890625], [-118.43539, 45.75165, -6930.36572265625], [-118.43226, 45.7554, -5941.52685546875], [-118.43129, 45.75978, -6922.74462890625]]], [[[-118.42884, 45.76373, -5935.38134765625], [-118.42915, 45.75926, -4960.77978515625], [-118.4263, 45.76804, -4972.60400390625], [-118.42884, 45.76373, -5935.38134765625]]], [[[-118.42642, 45.77246, -5946.37890625], [-118.42884, 45.76373, -5935.38134765625], [-118.4263, 45.76804, -4972.60400390625], [-118.42642, 45.77246, -5946.37890625]]], [[[-118.41203, 45.85241, -7519.26708984375], [-118.4124, 45.86079, -6990.4462890625], [-118.41352, 45.86095, -8041.75048828125], [-118.41203, 45.85241, -7519.26708984375]]], [[[-118.42642, 45.77246, -5946.37890625], [-118.4263, 45.76804, -4972.60400390625], [-118.42428, 45.77664, -4970.01953125], [-118.42642, 45.77246, -5946.37890625]]], [[[-118.43325, 45.78894, -16514.109375], [-118.43287, 45.7929, -17469.28125], [-118.4359, 45.78425, -17419.314453125], [-118.43325, 45.78894, -16514.109375]]], [[[-118.42386, 45.78111, -5947.55712890625], [-118.42642, 45.77246, -5946.37890625], [-118.42428, 45.77664, -4970.01953125], [-118.42386, 45.78111, -5947.55712890625]]], [[[-118.40848, 45.86955, -2327.949462890625], [-118.40749, 45.86062, -2354.717041015625], [-118.40694, 45.86497, -1387.1588134765625], [-118.40848, 45.86955, -2327.949462890625]]], [[[-118.42386, 45.78111, -5947.55712890625], [-118.42428, 45.77664, -4970.01953125], [-118.42123, 45.78562, -4998.0263671875], [-118.42386, 45.78111, -5947.55712890625]]], [[[-118.42072, 45.78999, -5960.818359375], [-118.42386, 45.78111, -5947.55712890625], [-118.42123, 45.78562, -4998.0263671875], [-118.42072, 45.78999, -5960.818359375]]], [[[-118.42072, 45.78999, -5960.818359375], [-118.42123, 45.78562, -4998.0263671875], [-118.41822, 45.7941, -4978.8212890625], [-118.42072, 45.78999, -5960.818359375]]], [[[-118.42383, 45.80687, -12818.1328125], [-118.42639, 45.80243, -13748.630859375], [-118.42625, 45.79829, -12779.4912109375], [-118.42383, 45.80687, -12818.1328125]]], [[[-118.41842, 45.79829, -5970.0859375], [-118.42072, 45.78999, -5960.818359375], [-118.41822, 45.7941, -4978.8212890625], [-118.41842, 45.79829, -5970.0859375]]], [[[-118.42048, 45.79419, -6962.8447265625], [-118.42072, 45.78999, -5960.818359375], [-118.41842, 45.79829, -5970.0859375], [-118.42048, 45.79419, -6962.8447265625]]], [[[-118.41684, 45.87811, -9032.7021484375], [-118.41785, 45.88655, -8476.8076171875], [-118.41893, 45.88691, -9461.9345703125], [-118.41684, 45.87811, -9032.7021484375]]], [[[-118.42048, 45.79419, -6962.8447265625], [-118.41842, 45.79829, -5970.0859375], [-118.41866, 45.80226, -6981.25830078125], [-118.42048, 45.79419, -6962.8447265625]]], [[[-118.41842, 45.79829, -5970.0859375], [-118.41822, 45.7941, -4978.8212890625], [-118.41629, 45.80253, -4996.12353515625], [-118.41842, 45.79829, -5970.0859375]]], [[[-118.41822, 45.7941, -4978.8212890625], [-118.41616, 45.79835, -4020.77978515625], [-118.41629, 45.80253, -4996.12353515625], [-118.41822, 45.7941, -4978.8212890625]]], [[[-118.41616, 45.79835, -4020.77978515625], [-118.41822, 45.7941, -4978.8212890625], [-118.41868, 45.78951, -4028.812255859375], [-118.41616, 45.79835, -4020.77978515625]]], [[[-118.41575, 45.86145, -10107.23046875], [-118.41614, 45.86982, -9587.146484375], [-118.41719, 45.8703, -10531.2099609375], [-118.41575, 45.86145, -10107.23046875]]], [[[-118.41616, 45.79835, -4020.77978515625], [-118.41868, 45.78951, -4028.812255859375], [-118.41615, 45.7936, -3083.237060546875], [-118.41616, 45.79835, -4020.77978515625]]], [[[-118.41616, 45.79835, -4020.77978515625], [-118.41615, 45.7936, -3083.237060546875], [-118.41398, 45.80288, -3094.666015625], [-118.41616, 45.79835, -4020.77978515625]]], [[[-118.41615, 45.7936, -3083.237060546875], [-118.41403, 45.79837, -2174.2861328125], [-118.41398, 45.80288, -3094.666015625], [-118.41615, 45.7936, -3083.237060546875]]], [[[-118.41615, 45.7936, -3083.237060546875], [-118.41662, 45.7892, -2137.4775390625], [-118.41403, 45.79837, -2174.2861328125], [-118.41615, 45.7936, -3083.237060546875]]], [[[-118.48433, 45.66377, -9964.4111328125], [-118.4839, 45.66745, -9580.0888671875], [-118.48468, 45.6683, -10309.7763671875], [-118.48433, 45.66377, -9964.4111328125]]], [[[-118.41923, 45.78507, -3078.73388671875], [-118.41662, 45.7892, -2137.4775390625], [-118.41615, 45.7936, -3083.237060546875], [-118.41923, 45.78507, -3078.73388671875]]], [[[-118.42209, 45.7767, -3084.572998046875], [-118.4221, 45.77222, -2141.90625], [-118.41965, 45.78065, -2131.460205078125], [-118.42209, 45.7767, -3084.572998046875]]], [[[-118.42418, 45.76767, -3060.57373046875], [-118.4221, 45.77222, -2141.90625], [-118.42209, 45.7767, -3084.572998046875], [-118.42418, 45.76767, -3060.57373046875]]], [[[-118.42418, 45.76767, -3060.57373046875], [-118.42445, 45.76339, -2101.508544921875], [-118.4221, 45.77222, -2141.90625], [-118.42418, 45.76767, -3060.57373046875]]], [[[-118.42418, 45.76767, -3060.57373046875], [-118.42691, 45.75927, -3048.3203125], [-118.42445, 45.76339, -2101.508544921875], [-118.42418, 45.76767, -3060.57373046875]]], [[[-118.42665, 45.76353, -4015.992919921875], [-118.42691, 45.75927, -3048.3203125], [-118.42418, 45.76767, -3060.57373046875], [-118.42665, 45.76353, -4015.992919921875]]], [[[-118.43005, 45.75512, -3985.15185546875], [-118.42691, 45.75927, -3048.3203125], [-118.42665, 45.76353, -4015.992919921875], [-118.43005, 45.75512, -3985.15185546875]]], [[[-118.43005, 45.75512, -3985.15185546875], [-118.4312, 45.75065, -3033.130859375], [-118.42691, 45.75927, -3048.3203125], [-118.43005, 45.75512, -3985.15185546875]]], [[[-118.42691, 45.75927, -3048.3203125], [-118.4312, 45.75065, -3033.130859375], [-118.42791, 45.75488, -2109.829833984375], [-118.42691, 45.75927, -3048.3203125]]], [[[-118.42691, 45.75927, -3048.3203125], [-118.42791, 45.75488, -2109.829833984375], [-118.42445, 45.76339, -2101.508544921875], [-118.42691, 45.75927, -3048.3203125]]], [[[-118.40848, 45.86955, -2327.949462890625], [-118.40694, 45.86497, -1387.1588134765625], [-118.40821, 45.87453, -1403.2906494140625], [-118.40848, 45.86955, -2327.949462890625]]], [[[-118.42915, 45.75926, -4960.77978515625], [-118.43005, 45.75512, -3985.15185546875], [-118.42665, 45.76353, -4015.992919921875], [-118.42915, 45.75926, -4960.77978515625]]], [[[-118.42665, 45.76353, -4015.992919921875], [-118.4263, 45.76804, -4972.60400390625], [-118.42915, 45.75926, -4960.77978515625], [-118.42665, 45.76353, -4015.992919921875]]], [[[-118.41031, 45.86004, -5091.4912109375], [-118.4108, 45.8689, -4607.98388671875], [-118.41186, 45.86928, -5573.32666015625], [-118.41031, 45.86004, -5091.4912109375]]], [[[-118.4263, 45.76804, -4972.60400390625], [-118.42665, 45.76353, -4015.992919921875], [-118.42426, 45.77218, -4006.54248046875], [-118.4263, 45.76804, -4972.60400390625]]], [[[-118.4263, 45.76804, -4972.60400390625], [-118.42426, 45.77218, -4006.54248046875], [-118.42428, 45.77664, -4970.01953125], [-118.4263, 45.76804, -4972.60400390625]]], [[[-118.42428, 45.77664, -4970.01953125], [-118.42426, 45.77218, -4006.54248046875], [-118.42166, 45.78116, -4038.653076171875], [-118.42428, 45.77664, -4970.01953125]]], [[[-118.42428, 45.77664, -4970.01953125], [-118.42166, 45.78116, -4038.653076171875], [-118.42123, 45.78562, -4998.0263671875], [-118.42428, 45.77664, -4970.01953125]]], [[[-118.40821, 45.87453, -1403.2906494140625], [-118.40837, 45.87925, -515.6448974609375], [-118.41038, 45.88481, -1539.231201171875], [-118.40821, 45.87453, -1403.2906494140625]]], [[[-118.42123, 45.78562, -4998.0263671875], [-118.42166, 45.78116, -4038.653076171875], [-118.41868, 45.78951, -4028.812255859375], [-118.42123, 45.78562, -4998.0263671875]]], [[[-118.42123, 45.78562, -4998.0263671875], [-118.41868, 45.78951, -4028.812255859375], [-118.41822, 45.7941, -4978.8212890625], [-118.42123, 45.78562, -4998.0263671875]]], [[[-118.41868, 45.78951, -4028.812255859375], [-118.42166, 45.78116, -4038.653076171875], [-118.41923, 45.78507, -3078.73388671875], [-118.41868, 45.78951, -4028.812255859375]]], [[[-118.41868, 45.78951, -4028.812255859375], [-118.41923, 45.78507, -3078.73388671875], [-118.41615, 45.7936, -3083.237060546875], [-118.41868, 45.78951, -4028.812255859375]]], [[[-118.42166, 45.78116, -4038.653076171875], [-118.42209, 45.7767, -3084.572998046875], [-118.41923, 45.78507, -3078.73388671875], [-118.42166, 45.78116, -4038.653076171875]]], [[[-118.42209, 45.7767, -3084.572998046875], [-118.42166, 45.78116, -4038.653076171875], [-118.42426, 45.77218, -4006.54248046875], [-118.42209, 45.7767, -3084.572998046875]]], [[[-118.42426, 45.77218, -4006.54248046875], [-118.42418, 45.76767, -3060.57373046875], [-118.42209, 45.7767, -3084.572998046875], [-118.42426, 45.77218, -4006.54248046875]]], [[[-118.42426, 45.77218, -4006.54248046875], [-118.42665, 45.76353, -4015.992919921875], [-118.42418, 45.76767, -3060.57373046875], [-118.42426, 45.77218, -4006.54248046875]]], [[[-118.4221, 45.77222, -2141.90625], [-118.42445, 45.76339, -2101.508544921875], [-118.42196, 45.76788, -1186.5791015625], [-118.4221, 45.77222, -2141.90625]]], [[[-118.4221, 45.77222, -2141.90625], [-118.42196, 45.76788, -1186.5791015625], [-118.42008, 45.77625, -1188.2294921875], [-118.4221, 45.77222, -2141.90625]]], [[[-118.42008, 45.77625, -1188.2294921875], [-118.41965, 45.78065, -2131.460205078125], [-118.4221, 45.77222, -2141.90625], [-118.42008, 45.77625, -1188.2294921875]]], [[[-118.41965, 45.78065, -2131.460205078125], [-118.42008, 45.77625, -1188.2294921875], [-118.41715, 45.78484, -1194.5865478515625], [-118.41965, 45.78065, -2131.460205078125]]], [[[-118.41662, 45.7892, -2137.4775390625], [-118.41965, 45.78065, -2131.460205078125], [-118.41715, 45.78484, -1194.5865478515625], [-118.41662, 45.7892, -2137.4775390625]]], [[[-118.41662, 45.7892, -2137.4775390625], [-118.41715, 45.78484, -1194.5865478515625], [-118.41397, 45.79386, -1235.2816162109375], [-118.41662, 45.7892, -2137.4775390625]]], [[[-118.41403, 45.79837, -2174.2861328125], [-118.41662, 45.7892, -2137.4775390625], [-118.41397, 45.79386, -1235.2816162109375], [-118.41403, 45.79837, -2174.2861328125]]], [[[-118.41403, 45.79837, -2174.2861328125], [-118.41397, 45.79386, -1235.2816162109375], [-118.41193, 45.80263, -1235.7393798828125], [-118.41403, 45.79837, -2174.2861328125]]], [[[-118.48079, 45.67042, -8431.4765625], [-118.47878, 45.67136, -7717.64013671875], [-118.47546, 45.67469, -8102.06494140625], [-118.48079, 45.67042, -8431.4765625]]], [[[-118.44082, 45.73482, -4984.7958984375], [-118.43782, 45.73846, -4009.53564453125], [-118.43677, 45.74298, -4963.0458984375], [-118.44082, 45.73482, -4984.7958984375]]], [[[-118.43074, 45.79771, -16564.2890625], [-118.43094, 45.8017, -17519.072265625], [-118.43287, 45.7929, -17469.28125], [-118.43074, 45.79771, -16564.2890625]]], [[[-118.43782, 45.73846, -4009.53564453125], [-118.44082, 45.73482, -4984.7958984375], [-118.44158, 45.73068, -3987.950439453125], [-118.43782, 45.73846, -4009.53564453125]]], [[[-118.44427, 45.72725, -4986.45947265625], [-118.44158, 45.73068, -3987.950439453125], [-118.44082, 45.73482, -4984.7958984375], [-118.44427, 45.72725, -4986.45947265625]]], [[[-118.43026, 45.90206, -17498.349609375], [-118.43161, 45.90565, -17898.173828125], [-118.42984, 45.89858, -17883.57421875], [-118.43026, 45.90206, -17498.349609375]]], [[[-118.45762, 45.70617, -7776.90478515625], [-118.45892, 45.70227, -6874.3291015625], [-118.45399, 45.71147, -6959.22021484375], [-118.45762, 45.70617, -7776.90478515625]]], [[[-118.44987, 45.72357, -8166.41796875], [-118.45025, 45.72004, -7024.44287109375], [-118.44642, 45.72782, -7034.6982421875], [-118.44987, 45.72357, -8166.41796875]]], [[[-118.44598, 45.73174, -8130.4453125], [-118.44987, 45.72357, -8166.41796875], [-118.44642, 45.72782, -7034.6982421875], [-118.44598, 45.73174, -8130.4453125]]], [[[-118.44598, 45.73174, -8130.4453125], [-118.45005, 45.72576, -9302.1513671875], [-118.44987, 45.72357, -8166.41796875], [-118.44598, 45.73174, -8130.4453125]]], [[[-118.44598, 45.73174, -8130.4453125], [-118.44643, 45.73401, -9411.3154296875], [-118.45005, 45.72576, -9302.1513671875], [-118.44598, 45.73174, -8130.4453125]]], [[[-118.4497, 45.72949, -10455.353515625], [-118.45005, 45.72576, -9302.1513671875], [-118.44643, 45.73401, -9411.3154296875], [-118.4497, 45.72949, -10455.353515625]]], [[[-118.45005, 45.72576, -9302.1513671875], [-118.4497, 45.72949, -10455.353515625], [-118.45382, 45.72097, -10387.4541015625], [-118.45005, 45.72576, -9302.1513671875]]], [[[-118.4497, 45.72949, -10455.353515625], [-118.45295, 45.72514, -11438.568359375], [-118.45382, 45.72097, -10387.4541015625], [-118.4497, 45.72949, -10455.353515625]]], [[[-118.4497, 45.72949, -10455.353515625], [-118.44901, 45.73369, -11479.783203125], [-118.45295, 45.72514, -11438.568359375], [-118.4497, 45.72949, -10455.353515625]]], [[[-118.44569, 45.73808, -10532.4580078125], [-118.44901, 45.73369, -11479.783203125], [-118.4497, 45.72949, -10455.353515625], [-118.44569, 45.73808, -10532.4580078125]]], [[[-118.44569, 45.73808, -10532.4580078125], [-118.44485, 45.74218, -11530.1650390625], [-118.44901, 45.73369, -11479.783203125], [-118.44569, 45.73808, -10532.4580078125]]], [[[-118.44569, 45.73808, -10532.4580078125], [-118.44175, 45.74669, -10585.9072265625], [-118.44485, 45.74218, -11530.1650390625], [-118.44569, 45.73808, -10532.4580078125]]], [[[-118.44241, 45.7425, -9576.955078125], [-118.44175, 45.74669, -10585.9072265625], [-118.44569, 45.73808, -10532.4580078125], [-118.44241, 45.7425, -9576.955078125]]], [[[-118.44241, 45.7425, -9576.955078125], [-118.43872, 45.75125, -9631.505859375], [-118.44175, 45.74669, -10585.9072265625], [-118.44241, 45.7425, -9576.955078125]]], [[[-118.44241, 45.7425, -9576.955078125], [-118.43945, 45.74696, -8732.3759765625], [-118.43872, 45.75125, -9631.505859375], [-118.44241, 45.7425, -9576.955078125]]], [[[-118.44241, 45.7425, -9576.955078125], [-118.44569, 45.73808, -10532.4580078125], [-118.44643, 45.73401, -9411.3154296875], [-118.44241, 45.7425, -9576.955078125]]], [[[-118.44643, 45.73401, -9411.3154296875], [-118.44569, 45.73808, -10532.4580078125], [-118.4497, 45.72949, -10455.353515625], [-118.44643, 45.73401, -9411.3154296875]]], [[[-118.44115, 45.75085, -11581.2685546875], [-118.44485, 45.74218, -11530.1650390625], [-118.44175, 45.74669, -10585.9072265625], [-118.44115, 45.75085, -11581.2685546875]]], [[[-118.41466, 45.8778, -6979.8896484375], [-118.41282, 45.86933, -6490.47900390625], [-118.41372, 45.87796, -6020.935546875], [-118.41466, 45.8778, -6979.8896484375]]], [[[-118.44115, 45.75085, -11581.2685546875], [-118.44417, 45.74632, -12510.7802734375], [-118.44485, 45.74218, -11530.1650390625], [-118.44115, 45.75085, -11581.2685546875]]], [[[-118.41372, 45.87796, -6020.935546875], [-118.41476, 45.88646, -5543.8779296875], [-118.41576, 45.88642, -6500.671875], [-118.41372, 45.87796, -6020.935546875]]], [[[-118.44115, 45.75085, -11581.2685546875], [-118.44043, 45.755, -12561.4560546875], [-118.44417, 45.74632, -12510.7802734375], [-118.44115, 45.75085, -11581.2685546875]]], [[[-118.41186, 45.86928, -5573.32666015625], [-118.41275, 45.87782, -5103.54833984375], [-118.41372, 45.87796, -6020.935546875], [-118.41186, 45.86928, -5573.32666015625]]], [[[-118.44043, 45.755, -12561.4560546875], [-118.44352, 45.75049, -13480.048828125], [-118.44417, 45.74632, -12510.7802734375], [-118.44043, 45.755, -12561.4560546875]]], [[[-118.44723, 45.74187, -13434.5078125], [-118.44417, 45.74632, -12510.7802734375], [-118.44352, 45.75049, -13480.048828125], [-118.44723, 45.74187, -13434.5078125]]], [[[-118.44811, 45.73779, -12462.4892578125], [-118.44417, 45.74632, -12510.7802734375], [-118.44723, 45.74187, -13434.5078125], [-118.44811, 45.73779, -12462.4892578125]]], [[[-118.44485, 45.74218, -11530.1650390625], [-118.44417, 45.74632, -12510.7802734375], [-118.44811, 45.73779, -12462.4892578125], [-118.44485, 45.74218, -11530.1650390625]]], [[[-118.44485, 45.74218, -11530.1650390625], [-118.44811, 45.73779, -12462.4892578125], [-118.44901, 45.73369, -11479.783203125], [-118.44485, 45.74218, -11530.1650390625]]], [[[-118.44811, 45.73779, -12462.4892578125], [-118.45209, 45.7293, -12416.986328125], [-118.44901, 45.73369, -11479.783203125], [-118.44811, 45.73779, -12462.4892578125]]], [[[-118.45209, 45.7293, -12416.986328125], [-118.44811, 45.73779, -12462.4892578125], [-118.45138, 45.73345, -13387.189453125], [-118.45209, 45.7293, -12416.986328125]]], [[[-118.45209, 45.7293, -12416.986328125], [-118.45533, 45.72497, -13342.98828125], [-118.45628, 45.72082, -12374.6650390625], [-118.45209, 45.7293, -12416.986328125]]], [[[-118.45295, 45.72514, -11438.568359375], [-118.45209, 45.7293, -12416.986328125], [-118.45628, 45.72082, -12374.6650390625], [-118.45295, 45.72514, -11438.568359375]]], [[[-118.45295, 45.72514, -11438.568359375], [-118.44901, 45.73369, -11479.783203125], [-118.45209, 45.7293, -12416.986328125], [-118.45295, 45.72514, -11438.568359375]]], [[[-118.45533, 45.72497, -13342.98828125], [-118.45138, 45.73345, -13387.189453125], [-118.45441, 45.72906, -14308.162109375], [-118.45533, 45.72497, -13342.98828125]]], [[[-118.45533, 45.72497, -13342.98828125], [-118.45441, 45.72906, -14308.162109375], [-118.45861, 45.72068, -14264.0107421875], [-118.45533, 45.72497, -13342.98828125]]], [[[-118.44811, 45.73779, -12462.4892578125], [-118.44723, 45.74187, -13434.5078125], [-118.45138, 45.73345, -13387.189453125], [-118.44811, 45.73779, -12462.4892578125]]], [[[-118.44598, 45.73174, -8130.4453125], [-118.44642, 45.72782, -7034.6982421875], [-118.44273, 45.73595, -7091.28857421875], [-118.44598, 45.73174, -8130.4453125]]], [[[-118.43412, 45.77254, -12655.234375], [-118.43645, 45.7679, -13581.2880859375], [-118.43669, 45.76369, -12613.8037109375], [-118.43412, 45.77254, -12655.234375]]], [[[-118.43653, 45.77628, -15501.7158203125], [-118.43616, 45.78028, -16464.6796875], [-118.43864, 45.77164, -16414.1015625], [-118.43653, 45.77628, -15501.7158203125]]], [[[-118.47129, 45.69302, -12492.935546875], [-118.46868, 45.69886, -13262.2021484375], [-118.47437, 45.68883, -13462.49609375], [-118.47129, 45.69302, -12492.935546875]]], [[[-118.47547, 45.68403, -12610.9248046875], [-118.47129, 45.69302, -12492.935546875], [-118.47437, 45.68883, -13462.49609375], [-118.47547, 45.68403, -12610.9248046875]]], [[[-118.49495, 45.65186, -14853.615234375], [-118.49484, 45.65399, -15808.2080078125], [-118.49985, 45.64644, -15641.3076171875], [-118.49495, 45.65186, -14853.615234375]]], [[[-118.49495, 45.65186, -14853.615234375], [-118.49985, 45.64644, -15641.3076171875], [-118.50109, 45.64284, -14690.3662109375], [-118.49495, 45.65186, -14853.615234375]]], [[[-118.49495, 45.65186, -14853.615234375], [-118.50109, 45.64284, -14690.3662109375], [-118.49676, 45.64777, -13951.4296875], [-118.49495, 45.65186, -14853.615234375]]], [[[-118.49676, 45.64777, -13951.4296875], [-118.50109, 45.64284, -14690.3662109375], [-118.50191, 45.63855, -13708.4033203125], [-118.49676, 45.64777, -13951.4296875]]], [[[-118.49813, 45.64428, -12953.9228515625], [-118.49676, 45.64777, -13951.4296875], [-118.50191, 45.63855, -13708.4033203125], [-118.49813, 45.64428, -12953.9228515625]]], [[[-118.49813, 45.64428, -12953.9228515625], [-118.50191, 45.63855, -13708.4033203125], [-118.50307, 45.63446, -12754.2900390625], [-118.49813, 45.64428, -12953.9228515625]]], [[[-118.49915, 45.6402, -11991.904296875], [-118.49813, 45.64428, -12953.9228515625], [-118.50307, 45.63446, -12754.2900390625], [-118.49915, 45.6402, -11991.904296875]]], [[[-118.49315, 45.64946, -12071.78515625], [-118.49813, 45.64428, -12953.9228515625], [-118.49915, 45.6402, -11991.904296875], [-118.49315, 45.64946, -12071.78515625]]], [[[-118.50813, 45.63036, -13646.4287109375], [-118.50307, 45.63446, -12754.2900390625], [-118.50191, 45.63855, -13708.4033203125], [-118.50813, 45.63036, -13646.4287109375]]], [[[-118.50307, 45.63446, -12754.2900390625], [-118.50813, 45.63036, -13646.4287109375], [-118.50996, 45.6269, -12674.9111328125], [-118.50307, 45.63446, -12754.2900390625]]], [[[-118.5138, 45.62282, -13569.40625], [-118.50996, 45.6269, -12674.9111328125], [-118.50813, 45.63036, -13646.4287109375], [-118.5138, 45.62282, -13569.40625]]], [[[-118.5138, 45.62282, -13569.40625], [-118.51495, 45.61912, -12583.3583984375], [-118.50996, 45.6269, -12674.9111328125], [-118.5138, 45.62282, -13569.40625]]], [[[-118.51495, 45.61912, -12583.3583984375], [-118.5138, 45.62282, -13569.40625], [-118.51863, 45.61467, -13484.103515625], [-118.51495, 45.61912, -12583.3583984375]]], [[[-118.51863, 45.61467, -13484.103515625], [-118.51952, 45.61093, -12501.4169921875], [-118.51495, 45.61912, -12583.3583984375], [-118.51863, 45.61467, -13484.103515625]]], [[[-118.51952, 45.61093, -12501.4169921875], [-118.51863, 45.61467, -13484.103515625], [-118.52321, 45.60663, -13409.919921875], [-118.51952, 45.61093, -12501.4169921875]]], [[[-118.52405, 45.6029, -12426.7578125], [-118.51952, 45.61093, -12501.4169921875], [-118.52321, 45.60663, -13409.919921875], [-118.52405, 45.6029, -12426.7578125]]], [[[-118.52051, 45.60723, -11511.3623046875], [-118.51952, 45.61093, -12501.4169921875], [-118.52405, 45.6029, -12426.7578125], [-118.52051, 45.60723, -11511.3623046875]]], [[[-118.51591, 45.61538, -11593.375], [-118.51952, 45.61093, -12501.4169921875], [-118.52051, 45.60723, -11511.3623046875], [-118.51591, 45.61538, -11593.375]]], [[[-118.51591, 45.61538, -11593.375], [-118.51495, 45.61912, -12583.3583984375], [-118.51952, 45.61093, -12501.4169921875], [-118.51591, 45.61538, -11593.375]]], [[[-118.51111, 45.62339, -11682.296875], [-118.51495, 45.61912, -12583.3583984375], [-118.51591, 45.61538, -11593.375], [-118.51111, 45.62339, -11682.296875]]], [[[-118.51111, 45.62339, -11682.296875], [-118.50996, 45.6269, -12674.9111328125], [-118.51495, 45.61912, -12583.3583984375], [-118.51111, 45.62339, -11682.296875]]], [[[-118.52051, 45.60723, -11511.3623046875], [-118.52405, 45.6029, -12426.7578125], [-118.52403, 45.59903, -11441.5087890625], [-118.52051, 45.60723, -11511.3623046875]]], [[[-118.52403, 45.59903, -11441.5087890625], [-118.52405, 45.6029, -12426.7578125], [-118.52681, 45.59446, -12358.3505859375], [-118.52403, 45.59903, -11441.5087890625]]], [[[-118.52403, 45.59903, -11441.5087890625], [-118.52681, 45.59446, -12358.3505859375], [-118.52803, 45.59084, -11364.96484375], [-118.52403, 45.59903, -11441.5087890625]]], [[[-118.52803, 45.59084, -11364.96484375], [-118.52681, 45.59446, -12358.3505859375], [-118.53168, 45.58639, -12272.185546875], [-118.52803, 45.59084, -11364.96484375]]], [[[-118.53168, 45.58639, -12272.185546875], [-118.52681, 45.59446, -12358.3505859375], [-118.53081, 45.59011, -13257.033203125], [-118.53168, 45.58639, -12272.185546875]]], [[[-118.53168, 45.58639, -12272.185546875], [-118.53081, 45.59011, -13257.033203125], [-118.53468, 45.58169, -13173.388671875], [-118.53168, 45.58639, -12272.185546875]]], [[[-118.53168, 45.58639, -12272.185546875], [-118.53468, 45.58169, -13173.388671875], [-118.53538, 45.57778, -12195.654296875], [-118.53168, 45.58639, -12272.185546875]]], [[[-118.53538, 45.57778, -12195.654296875], [-118.53468, 45.58169, -13173.388671875], [-118.53807, 45.57301, -13099.115234375], [-118.53538, 45.57778, -12195.654296875]]], [[[-118.53807, 45.57301, -13099.115234375], [-118.53468, 45.58169, -13173.388671875], [-118.53781, 45.57703, -14069.537109375], [-118.53807, 45.57301, -13099.115234375]]], [[[-118.53807, 45.57301, -13099.115234375], [-118.53781, 45.57703, -14069.537109375], [-118.54149, 45.5684, -13991.259765625], [-118.53807, 45.57301, -13099.115234375]]], [[[-118.53807, 45.57301, -13099.115234375], [-118.54149, 45.5684, -13991.259765625], [-118.54287, 45.56458, -13015.494140625], [-118.53807, 45.57301, -13099.115234375]]], [[[-118.54287, 45.56458, -13015.494140625], [-118.54149, 45.5684, -13991.259765625], [-118.54697, 45.5602, -13907.5556640625], [-118.54287, 45.56458, -13015.494140625]]], [[[-118.54287, 45.56458, -13015.494140625], [-118.54697, 45.5602, -13907.5556640625], [-118.54869, 45.55651, -12930.3642578125], [-118.54287, 45.56458, -13015.494140625]]], [[[-118.54422, 45.56074, -12036.3466796875], [-118.54287, 45.56458, -13015.494140625], [-118.54869, 45.55651, -12930.3642578125], [-118.54422, 45.56074, -12036.3466796875]]], [[[-118.54697, 45.5602, -13907.5556640625], [-118.54149, 45.5684, -13991.259765625], [-118.54557, 45.56399, -14879.5615234375], [-118.54697, 45.5602, -13907.5556640625]]], [[[-118.54697, 45.5602, -13907.5556640625], [-118.54557, 45.56399, -14879.5615234375], [-118.55142, 45.55608, -14800.7861328125], [-118.54697, 45.5602, -13907.5556640625]]], [[[-118.54149, 45.5684, -13991.259765625], [-118.54048, 45.57222, -14963.90625], [-118.54557, 45.56399, -14879.5615234375], [-118.54149, 45.5684, -13991.259765625]]], [[[-118.54149, 45.5684, -13991.259765625], [-118.53781, 45.57703, -14069.537109375], [-118.54048, 45.57222, -14963.90625], [-118.54149, 45.5684, -13991.259765625]]], [[[-118.53781, 45.57703, -14069.537109375], [-118.53729, 45.58086, -15044.9013671875], [-118.54048, 45.57222, -14963.90625], [-118.53781, 45.57703, -14069.537109375]]], [[[-118.53418, 45.58552, -14151.255859375], [-118.53729, 45.58086, -15044.9013671875], [-118.53781, 45.57703, -14069.537109375], [-118.53418, 45.58552, -14151.255859375]]], [[[-118.53418, 45.58552, -14151.255859375], [-118.53362, 45.58927, -15128.28515625], [-118.53729, 45.58086, -15044.9013671875], [-118.53418, 45.58552, -14151.255859375]]], [[[-118.53418, 45.58552, -14151.255859375], [-118.52968, 45.59373, -14241.240234375], [-118.53362, 45.58927, -15128.28515625], [-118.53418, 45.58552, -14151.255859375]]], [[[-118.53081, 45.59011, -13257.033203125], [-118.52968, 45.59373, -14241.240234375], [-118.53418, 45.58552, -14151.255859375], [-118.53081, 45.59011, -13257.033203125]]], [[[-118.52647, 45.59825, -13340.322265625], [-118.52968, 45.59373, -14241.240234375], [-118.53081, 45.59011, -13257.033203125], [-118.52647, 45.59825, -13340.322265625]]], [[[-118.52647, 45.59825, -13340.322265625], [-118.5264, 45.60217, -14314.1953125], [-118.52968, 45.59373, -14241.240234375], [-118.52647, 45.59825, -13340.322265625]]], [[[-118.52321, 45.60663, -13409.919921875], [-118.5264, 45.60217, -14314.1953125], [-118.52647, 45.59825, -13340.322265625], [-118.52321, 45.60663, -13409.919921875]]], [[[-118.52321, 45.60663, -13409.919921875], [-118.52218, 45.61033, -14390.1591796875], [-118.5264, 45.60217, -14314.1953125], [-118.52321, 45.60663, -13409.919921875]]], [[[-118.51863, 45.61467, -13484.103515625], [-118.52218, 45.61033, -14390.1591796875], [-118.52321, 45.60663, -13409.919921875], [-118.51863, 45.61467, -13484.103515625]]], [[[-118.51863, 45.61467, -13484.103515625], [-118.51764, 45.61849, -14458.880859375], [-118.52218, 45.61033, -14390.1591796875], [-118.51863, 45.61467, -13484.103515625]]], [[[-118.5138, 45.62282, -13569.40625], [-118.51764, 45.61849, -14458.880859375], [-118.51863, 45.61467, -13484.103515625], [-118.5138, 45.62282, -13569.40625]]], [[[-118.5138, 45.62282, -13569.40625], [-118.51266, 45.62639, -14545.609375], [-118.51764, 45.61849, -14458.880859375], [-118.5138, 45.62282, -13569.40625]]], [[[-118.5138, 45.62282, -13569.40625], [-118.50813, 45.63036, -13646.4287109375], [-118.51266, 45.62639, -14545.609375], [-118.5138, 45.62282, -13569.40625]]], [[[-118.50813, 45.63036, -13646.4287109375], [-118.50583, 45.63393, -14596.779296875], [-118.51266, 45.62639, -14545.609375], [-118.50813, 45.63036, -13646.4287109375]]], [[[-118.50813, 45.63036, -13646.4287109375], [-118.50191, 45.63855, -13708.4033203125], [-118.50583, 45.63393, -14596.779296875], [-118.50813, 45.63036, -13646.4287109375]]], [[[-118.50191, 45.63855, -13708.4033203125], [-118.50109, 45.64284, -14690.3662109375], [-118.50583, 45.63393, -14596.779296875], [-118.50191, 45.63855, -13708.4033203125]]], [[[-118.50109, 45.64284, -14690.3662109375], [-118.5044, 45.63794, -15559.3291015625], [-118.50583, 45.63393, -14596.779296875], [-118.50109, 45.64284, -14690.3662109375]]], [[[-118.50109, 45.64284, -14690.3662109375], [-118.49985, 45.64644, -15641.3076171875], [-118.5044, 45.63794, -15559.3291015625], [-118.50109, 45.64284, -14690.3662109375]]], [[[-118.51764, 45.61849, -14458.880859375], [-118.51266, 45.62639, -14545.609375], [-118.51641, 45.62231, -15429.7919921875], [-118.51764, 45.61849, -14458.880859375]]], [[[-118.51764, 45.61849, -14458.880859375], [-118.51641, 45.62231, -15429.7919921875], [-118.52122, 45.61415, -15362.12890625], [-118.51764, 45.61849, -14458.880859375]]], [[[-118.52218, 45.61033, -14390.1591796875], [-118.51764, 45.61849, -14458.880859375], [-118.52122, 45.61415, -15362.12890625], [-118.52218, 45.61033, -14390.1591796875]]], [[[-118.52218, 45.61033, -14390.1591796875], [-118.52122, 45.61415, -15362.12890625], [-118.52593, 45.60597, -15288.0234375], [-118.52218, 45.61033, -14390.1591796875]]], [[[-118.5264, 45.60217, -14314.1953125], [-118.52218, 45.61033, -14390.1591796875], [-118.52593, 45.60597, -15288.0234375], [-118.5264, 45.60217, -14314.1953125]]], [[[-118.5264, 45.60217, -14314.1953125], [-118.52593, 45.60597, -15288.0234375], [-118.52888, 45.59747, -15217.44140625], [-118.5264, 45.60217, -14314.1953125]]], [[[-118.52888, 45.59747, -15217.44140625], [-118.52968, 45.59373, -14241.240234375], [-118.5264, 45.60217, -14314.1953125], [-118.52888, 45.59747, -15217.44140625]]], [[[-118.52968, 45.59373, -14241.240234375], [-118.52888, 45.59747, -15217.44140625], [-118.53362, 45.58927, -15128.28515625], [-118.52968, 45.59373, -14241.240234375]]], [[[-118.52405, 45.6029, -12426.7578125], [-118.52321, 45.60663, -13409.919921875], [-118.52647, 45.59825, -13340.322265625], [-118.52405, 45.6029, -12426.7578125]]], [[[-118.52647, 45.59825, -13340.322265625], [-118.52681, 45.59446, -12358.3505859375], [-118.52405, 45.6029, -12426.7578125], [-118.52647, 45.59825, -13340.322265625]]], [[[-118.52681, 45.59446, -12358.3505859375], [-118.52647, 45.59825, -13340.322265625], [-118.53081, 45.59011, -13257.033203125], [-118.52681, 45.59446, -12358.3505859375]]], [[[-118.53468, 45.58169, -13173.388671875], [-118.53081, 45.59011, -13257.033203125], [-118.53418, 45.58552, -14151.255859375], [-118.53468, 45.58169, -13173.388671875]]], [[[-118.53468, 45.58169, -13173.388671875], [-118.53418, 45.58552, -14151.255859375], [-118.53781, 45.57703, -14069.537109375], [-118.53468, 45.58169, -13173.388671875]]], [[[-118.47843, 45.6755, -11089.318359375], [-118.4767, 45.67613, -10315.6328125], [-118.47433, 45.68192, -10826.0380859375], [-118.47843, 45.6755, -11089.318359375]]], [[[-118.4636, 45.68808, -4005.916015625], [-118.4603, 45.69273, -3114.003662109375], [-118.45829, 45.69782, -4066.780517578125], [-118.4636, 45.68808, -4005.916015625]]], [[[-118.4636, 45.68808, -4005.916015625], [-118.46509, 45.68216, -3065.96533203125], [-118.4603, 45.69273, -3114.003662109375], [-118.4636, 45.68808, -4005.916015625]]], [[[-118.46509, 45.68216, -3065.96533203125], [-118.4616, 45.68785, -2213.80224609375], [-118.4603, 45.69273, -3114.003662109375], [-118.46509, 45.68216, -3065.96533203125]]], [[[-118.46509, 45.68216, -3065.96533203125], [-118.46505, 45.6802, -2191.235107421875], [-118.4616, 45.68785, -2213.80224609375], [-118.46509, 45.68216, -3065.96533203125]]], [[[-118.46505, 45.6802, -2191.235107421875], [-118.46509, 45.68216, -3065.96533203125], [-118.46815, 45.67469, -2452.17138671875], [-118.46505, 45.6802, -2191.235107421875]]], [[[-118.46647, 45.67613, -1647.06396484375], [-118.46505, 45.6802, -2191.235107421875], [-118.46815, 45.67469, -2452.17138671875], [-118.46647, 45.67613, -1647.06396484375]]], [[[-118.46505, 45.6802, -2191.235107421875], [-118.46647, 45.67613, -1647.06396484375], [-118.46285, 45.6825, -1293.4361572265625], [-118.46505, 45.6802, -2191.235107421875]]], [[[-118.46505, 45.6802, -2191.235107421875], [-118.46285, 45.6825, -1293.4361572265625], [-118.4616, 45.68785, -2213.80224609375], [-118.46505, 45.6802, -2191.235107421875]]], [[[-118.46285, 45.6825, -1293.4361572265625], [-118.45843, 45.69229, -1324.9344482421875], [-118.4616, 45.68785, -2213.80224609375], [-118.46285, 45.6825, -1293.4361572265625]]], [[[-118.46285, 45.6825, -1293.4361572265625], [-118.45958, 45.68767, -424.3919677734375], [-118.45843, 45.69229, -1324.9344482421875], [-118.46285, 45.6825, -1293.4361572265625]]], [[[-118.46285, 45.6825, -1293.4361572265625], [-118.46399, 45.67818, -422.3214416503906], [-118.45958, 45.68767, -424.3919677734375], [-118.46285, 45.6825, -1293.4361572265625]]], [[[-118.46826, 45.67289, -998.2857055664062], [-118.46399, 45.67818, -422.3214416503906], [-118.46285, 45.6825, -1293.4361572265625], [-118.46826, 45.67289, -998.2857055664062]]], [[[-118.46826, 45.67289, -998.2857055664062], [-118.47007, 45.67045, -241.16351318359375], [-118.46399, 45.67818, -422.3214416503906], [-118.46826, 45.67289, -998.2857055664062]]], [[[-118.47437, 45.6669, -728.0186157226562], [-118.47007, 45.67045, -241.16351318359375], [-118.46826, 45.67289, -998.2857055664062], [-118.47437, 45.6669, -728.0186157226562]]], [[[-118.47273, 45.66723, 546.6744384765625], [-118.47007, 45.67045, -241.16351318359375], [-118.47437, 45.6669, -728.0186157226562], [-118.47273, 45.66723, 546.6744384765625]]], [[[-118.47007, 45.67045, -241.16351318359375], [-118.47273, 45.66723, 546.6744384765625], [-118.4649, 45.67421, 523.4782104492188], [-118.47007, 45.67045, -241.16351318359375]]], [[[-118.47007, 45.67045, -241.16351318359375], [-118.4649, 45.67421, 523.4782104492188], [-118.46399, 45.67818, -422.3214416503906], [-118.47007, 45.67045, -241.16351318359375]]], [[[-118.46071, 45.68266, 473.98516845703125], [-118.46399, 45.67818, -422.3214416503906], [-118.4649, 45.67421, 523.4782104492188], [-118.46071, 45.68266, 473.98516845703125]]], [[[-118.45958, 45.68767, -424.3919677734375], [-118.46399, 45.67818, -422.3214416503906], [-118.46071, 45.68266, 473.98516845703125], [-118.45958, 45.68767, -424.3919677734375]]], [[[-118.45958, 45.68767, -424.3919677734375], [-118.46071, 45.68266, 473.98516845703125], [-118.45687, 45.69121, 536.5059204101562], [-118.45958, 45.68767, -424.3919677734375]]], [[[-118.45504, 45.69592, -374.10662841796875], [-118.45958, 45.68767, -424.3919677734375], [-118.45687, 45.69121, 536.5059204101562], [-118.45504, 45.69592, -374.10662841796875]]], [[[-118.45843, 45.69229, -1324.9344482421875], [-118.45958, 45.68767, -424.3919677734375], [-118.45504, 45.69592, -374.10662841796875], [-118.45843, 45.69229, -1324.9344482421875]]], [[[-118.45843, 45.69229, -1324.9344482421875], [-118.45504, 45.69592, -374.10662841796875], [-118.45294, 45.70104, -1257.85791015625], [-118.45843, 45.69229, -1324.9344482421875]]], [[[-118.45625, 45.69754, -2223.04052734375], [-118.45843, 45.69229, -1324.9344482421875], [-118.45294, 45.70104, -1257.85791015625], [-118.45625, 45.69754, -2223.04052734375]]], [[[-118.45625, 45.69754, -2223.04052734375], [-118.4616, 45.68785, -2213.80224609375], [-118.45843, 45.69229, -1324.9344482421875], [-118.45625, 45.69754, -2223.04052734375]]], [[[-118.4603, 45.69273, -3114.003662109375], [-118.4616, 45.68785, -2213.80224609375], [-118.45625, 45.69754, -2223.04052734375], [-118.4603, 45.69273, -3114.003662109375]]], [[[-118.4603, 45.69273, -3114.003662109375], [-118.45625, 45.69754, -2223.04052734375], [-118.45458, 45.70207, -3151.403076171875], [-118.4603, 45.69273, -3114.003662109375]]], [[[-118.4603, 45.69273, -3114.003662109375], [-118.45458, 45.70207, -3151.403076171875], [-118.45829, 45.69782, -4066.780517578125], [-118.4603, 45.69273, -3114.003662109375]]], [[[-118.45458, 45.70207, -3151.403076171875], [-118.453, 45.7065, -4079.61376953125], [-118.45829, 45.69782, -4066.780517578125], [-118.45458, 45.70207, -3151.403076171875]]], [[[-118.453, 45.7065, -4079.61376953125], [-118.45458, 45.70207, -3151.403076171875], [-118.44999, 45.71028, -3113.315185546875], [-118.453, 45.7065, -4079.61376953125]]], [[[-118.44905, 45.71489, -4041.929443359375], [-118.453, 45.7065, -4079.61376953125], [-118.44999, 45.71028, -3113.315185546875], [-118.44905, 45.71489, -4041.929443359375]]], [[[-118.44905, 45.71489, -4041.929443359375], [-118.44999, 45.71028, -3113.315185546875], [-118.44628, 45.71848, -3071.44287109375], [-118.44905, 45.71489, -4041.929443359375]]], [[[-118.44534, 45.72273, -4039.377197265625], [-118.44905, 45.71489, -4041.929443359375], [-118.44628, 45.71848, -3071.44287109375], [-118.44534, 45.72273, -4039.377197265625]]], [[[-118.44534, 45.72273, -4039.377197265625], [-118.44628, 45.71848, -3071.44287109375], [-118.44249, 45.72611, -3046.4814453125], [-118.44534, 45.72273, -4039.377197265625]]], [[[-118.44628, 45.71848, -3071.44287109375], [-118.44349, 45.72175, -2095.2275390625], [-118.44249, 45.72611, -3046.4814453125], [-118.44628, 45.71848, -3071.44287109375]]], [[[-118.44628, 45.71848, -3071.44287109375], [-118.44728, 45.71385, -2146.260009765625], [-118.44349, 45.72175, -2095.2275390625], [-118.44628, 45.71848, -3071.44287109375]]], [[[-118.44999, 45.71028, -3113.315185546875], [-118.44728, 45.71385, -2146.260009765625], [-118.44628, 45.71848, -3071.44287109375], [-118.44999, 45.71028, -3113.315185546875]]], [[[-118.44999, 45.71028, -3113.315185546875], [-118.45129, 45.70557, -2187.3515625], [-118.44728, 45.71385, -2146.260009765625], [-118.44999, 45.71028, -3113.315185546875]]], [[[-118.45458, 45.70207, -3151.403076171875], [-118.45129, 45.70557, -2187.3515625], [-118.44999, 45.71028, -3113.315185546875], [-118.45458, 45.70207, -3151.403076171875]]], [[[-118.45458, 45.70207, -3151.403076171875], [-118.45625, 45.69754, -2223.04052734375], [-118.45129, 45.70557, -2187.3515625], [-118.45458, 45.70207, -3151.403076171875]]], [[[-118.45294, 45.70104, -1257.85791015625], [-118.45129, 45.70557, -2187.3515625], [-118.45625, 45.69754, -2223.04052734375], [-118.45294, 45.70104, -1257.85791015625]]], [[[-118.45129, 45.70557, -2187.3515625], [-118.45294, 45.70104, -1257.85791015625], [-118.44831, 45.70909, -1227.6732177734375], [-118.45129, 45.70557, -2187.3515625]]], [[[-118.44728, 45.71385, -2146.260009765625], [-118.45129, 45.70557, -2187.3515625], [-118.44831, 45.70909, -1227.6732177734375], [-118.44728, 45.71385, -2146.260009765625]]], [[[-118.44728, 45.71385, -2146.260009765625], [-118.44831, 45.70909, -1227.6732177734375], [-118.44467, 45.71711, -1165.7806396484375], [-118.44728, 45.71385, -2146.260009765625]]], [[[-118.44467, 45.71711, -1165.7806396484375], [-118.44349, 45.72175, -2095.2275390625], [-118.44728, 45.71385, -2146.260009765625], [-118.44467, 45.71711, -1165.7806396484375]]], [[[-118.44349, 45.72175, -2095.2275390625], [-118.44467, 45.71711, -1165.7806396484375], [-118.44051, 45.72555, -1146.054443359375], [-118.44349, 45.72175, -2095.2275390625]]], [[[-118.43974, 45.72982, -2098.547119140625], [-118.44349, 45.72175, -2095.2275390625], [-118.44051, 45.72555, -1146.054443359375], [-118.43974, 45.72982, -2098.547119140625]]], [[[-118.44249, 45.72611, -3046.4814453125], [-118.44349, 45.72175, -2095.2275390625], [-118.43974, 45.72982, -2098.547119140625], [-118.44249, 45.72611, -3046.4814453125]]], [[[-118.44249, 45.72611, -3046.4814453125], [-118.43974, 45.72982, -2098.547119140625], [-118.43872, 45.7344, -3024.907958984375], [-118.44249, 45.72611, -3046.4814453125]]], [[[-118.43974, 45.72982, -2098.547119140625], [-118.44051, 45.72555, -1146.054443359375], [-118.43692, 45.73361, -1145.754638671875], [-118.43974, 45.72982, -2098.547119140625]]], [[[-118.44051, 45.72555, -1146.054443359375], [-118.43772, 45.72935, -196.967529296875], [-118.43692, 45.73361, -1145.754638671875], [-118.44051, 45.72555, -1146.054443359375]]], [[[-118.44051, 45.72555, -1146.054443359375], [-118.44165, 45.72093, -224.64096069335938], [-118.43772, 45.72935, -196.967529296875], [-118.44051, 45.72555, -1146.054443359375]]], [[[-118.44467, 45.71711, -1165.7806396484375], [-118.44165, 45.72093, -224.64096069335938], [-118.44051, 45.72555, -1146.054443359375], [-118.44467, 45.71711, -1165.7806396484375]]], [[[-118.44467, 45.71711, -1165.7806396484375], [-118.44572, 45.71233, -247.59910583496094], [-118.44165, 45.72093, -224.64096069335938], [-118.44467, 45.71711, -1165.7806396484375]]], [[[-118.44831, 45.70909, -1227.6732177734375], [-118.44572, 45.71233, -247.59910583496094], [-118.44467, 45.71711, -1165.7806396484375], [-118.44831, 45.70909, -1227.6732177734375]]], [[[-118.44831, 45.70909, -1227.6732177734375], [-118.44972, 45.70446, -301.08758544921875], [-118.44572, 45.71233, -247.59910583496094], [-118.44831, 45.70909, -1227.6732177734375]]], [[[-118.45294, 45.70104, -1257.85791015625], [-118.44972, 45.70446, -301.08758544921875], [-118.44831, 45.70909, -1227.6732177734375], [-118.45294, 45.70104, -1257.85791015625]]], [[[-118.45294, 45.70104, -1257.85791015625], [-118.45504, 45.69592, -374.10662841796875], [-118.44972, 45.70446, -301.08758544921875], [-118.45294, 45.70104, -1257.85791015625]]], [[[-118.44972, 45.70446, -301.08758544921875], [-118.45504, 45.69592, -374.10662841796875], [-118.45174, 45.69942, 577.2257690429688], [-118.44972, 45.70446, -301.08758544921875]]], [[[-118.44972, 45.70446, -301.08758544921875], [-118.45174, 45.69942, 577.2257690429688], [-118.44672, 45.70762, 672.6265869140625], [-118.44972, 45.70446, -301.08758544921875]]], [[[-118.44572, 45.71233, -247.59910583496094], [-118.44972, 45.70446, -301.08758544921875], [-118.44672, 45.70762, 672.6265869140625], [-118.44572, 45.71233, -247.59910583496094]]], [[[-118.44572, 45.71233, -247.59910583496094], [-118.44672, 45.70762, 672.6265869140625], [-118.44291, 45.71619, 689.8001098632812], [-118.44572, 45.71233, -247.59910583496094]]], [[[-118.44165, 45.72093, -224.64096069335938], [-118.44572, 45.71233, -247.59910583496094], [-118.44291, 45.71619, 689.8001098632812], [-118.44165, 45.72093, -224.64096069335938]]], [[[-118.44165, 45.72093, -224.64096069335938], [-118.44291, 45.71619, 689.8001098632812], [-118.43871, 45.72466, 722.31591796875], [-118.44165, 45.72093, -224.64096069335938]]], [[[-118.43772, 45.72935, -196.967529296875], [-118.44165, 45.72093, -224.64096069335938], [-118.43871, 45.72466, 722.31591796875], [-118.43772, 45.72935, -196.967529296875]]], [[[-118.43772, 45.72935, -196.967529296875], [-118.43871, 45.72466, 722.31591796875], [-118.43489, 45.73322, 745.1744384765625], [-118.43772, 45.72935, -196.967529296875]]], [[[-118.45504, 45.69592, -374.10662841796875], [-118.45687, 45.69121, 536.5059204101562], [-118.45174, 45.69942, 577.2257690429688], [-118.45504, 45.69592, -374.10662841796875]]], [[[-118.47273, 45.66723, 546.6744384765625], [-118.47437, 45.6669, -728.0186157226562], [-118.47382, 45.66245, -189.8914031982422], [-118.47273, 45.66723, 546.6744384765625]]], [[[-118.47382, 45.66245, -189.8914031982422], [-118.473, 45.65842, 590.1674194335938], [-118.47273, 45.66723, 546.6744384765625], [-118.47382, 45.66245, -189.8914031982422]]], [[[-118.47629, 45.65363, -250.96165466308594], [-118.473, 45.65842, 590.1674194335938], [-118.47382, 45.66245, -189.8914031982422], [-118.47629, 45.65363, -250.96165466308594]]], [[[-118.47629, 45.65363, -250.96165466308594], [-118.47699, 45.65001, 730.1386108398438], [-118.473, 45.65842, 590.1674194335938], [-118.47629, 45.65363, -250.96165466308594]]], [[[-118.47629, 45.65363, -250.96165466308594], [-118.48137, 45.6457, -134.7021026611328], [-118.47699, 45.65001, 730.1386108398438], [-118.47629, 45.65363, -250.96165466308594]]], [[[-118.47629, 45.65363, -250.96165466308594], [-118.47937, 45.64985, -1105.796630859375], [-118.48137, 45.6457, -134.7021026611328], [-118.47629, 45.65363, -250.96165466308594]]], [[[-118.47629, 45.65363, -250.96165466308594], [-118.47463, 45.65909, -931.5009155273438], [-118.47937, 45.64985, -1105.796630859375], [-118.47629, 45.65363, -250.96165466308594]]], [[[-118.47463, 45.65909, -931.5009155273438], [-118.47629, 45.65363, -250.96165466308594], [-118.47382, 45.66245, -189.8914031982422], [-118.47463, 45.65909, -931.5009155273438]]], [[[-118.47437, 45.6669, -728.0186157226562], [-118.47463, 45.65909, -931.5009155273438], [-118.47382, 45.66245, -189.8914031982422], [-118.47437, 45.6669, -728.0186157226562]]], [[[-118.47437, 45.6669, -728.0186157226562], [-118.47492, 45.66494, -1224.222900390625], [-118.47463, 45.65909, -931.5009155273438], [-118.47437, 45.6669, -728.0186157226562]]], [[[-118.47437, 45.6669, -728.0186157226562], [-118.47556, 45.66683, -1827.2109375], [-118.47492, 45.66494, -1224.222900390625], [-118.47437, 45.6669, -728.0186157226562]]], [[[-118.47437, 45.6669, -728.0186157226562], [-118.4736, 45.66855, -1276.9908447265625], [-118.47556, 45.66683, -1827.2109375], [-118.47437, 45.6669, -728.0186157226562]]], [[[-118.4736, 45.66855, -1276.9908447265625], [-118.47437, 45.6669, -728.0186157226562], [-118.46826, 45.67289, -998.2857055664062], [-118.4736, 45.66855, -1276.9908447265625]]], [[[-118.47072, 45.67158, -1730.061279296875], [-118.4736, 45.66855, -1276.9908447265625], [-118.46826, 45.67289, -998.2857055664062], [-118.47072, 45.67158, -1730.061279296875]]], [[[-118.47072, 45.67158, -1730.061279296875], [-118.47556, 45.66683, -1827.2109375], [-118.4736, 45.66855, -1276.9908447265625], [-118.47072, 45.67158, -1730.061279296875]]], [[[-118.47072, 45.67158, -1730.061279296875], [-118.4748, 45.66924, -2805.08740234375], [-118.47556, 45.66683, -1827.2109375], [-118.47072, 45.67158, -1730.061279296875]]], [[[-118.47072, 45.67158, -1730.061279296875], [-118.46815, 45.67469, -2452.17138671875], [-118.4748, 45.66924, -2805.08740234375], [-118.47072, 45.67158, -1730.061279296875]]], [[[-118.46647, 45.67613, -1647.06396484375], [-118.46815, 45.67469, -2452.17138671875], [-118.47072, 45.67158, -1730.061279296875], [-118.46647, 45.67613, -1647.06396484375]]], [[[-118.47072, 45.67158, -1730.061279296875], [-118.46826, 45.67289, -998.2857055664062], [-118.46647, 45.67613, -1647.06396484375], [-118.47072, 45.67158, -1730.061279296875]]], [[[-118.46647, 45.67613, -1647.06396484375], [-118.46826, 45.67289, -998.2857055664062], [-118.46285, 45.6825, -1293.4361572265625], [-118.46647, 45.67613, -1647.06396484375]]], [[[-118.4748, 45.66924, -2805.08740234375], [-118.46815, 45.67469, -2452.17138671875], [-118.46943, 45.67466, -3446.255859375], [-118.4748, 45.66924, -2805.08740234375]]], [[[-118.47518, 45.66984, -3613.582763671875], [-118.4748, 45.66924, -2805.08740234375], [-118.46943, 45.67466, -3446.255859375], [-118.47518, 45.66984, -3613.582763671875]]], [[[-118.4748, 45.66924, -2805.08740234375], [-118.47518, 45.66984, -3613.582763671875], [-118.47721, 45.66348, -3344.846435546875], [-118.4748, 45.66924, -2805.08740234375]]], [[[-118.47721, 45.66348, -3344.846435546875], [-118.47636, 45.66113, -2548.972900390625], [-118.4748, 45.66924, -2805.08740234375], [-118.47721, 45.66348, -3344.846435546875]]], [[[-118.47636, 45.66113, -2548.972900390625], [-118.47721, 45.66348, -3344.846435546875], [-118.47841, 45.65676, -3366.170654296875], [-118.47636, 45.66113, -2548.972900390625]]], [[[-118.47636, 45.66113, -2548.972900390625], [-118.47841, 45.65676, -3366.170654296875], [-118.47905, 45.6538, -2609.831787109375], [-118.47636, 45.66113, -2548.972900390625]]], [[[-118.47636, 45.66113, -2548.972900390625], [-118.47905, 45.6538, -2609.831787109375], [-118.47714, 45.6554, -1719.13720703125], [-118.47636, 45.66113, -2548.972900390625]]], [[[-118.47636, 45.66113, -2548.972900390625], [-118.47714, 45.6554, -1719.13720703125], [-118.47535, 45.66181, -1613.7156982421875], [-118.47636, 45.66113, -2548.972900390625]]], [[[-118.47636, 45.66113, -2548.972900390625], [-118.47535, 45.66181, -1613.7156982421875], [-118.47556, 45.66683, -1827.2109375], [-118.47636, 45.66113, -2548.972900390625]]], [[[-118.4748, 45.66924, -2805.08740234375], [-118.47636, 45.66113, -2548.972900390625], [-118.47556, 45.66683, -1827.2109375], [-118.4748, 45.66924, -2805.08740234375]]], [[[-118.47556, 45.66683, -1827.2109375], [-118.47535, 45.66181, -1613.7156982421875], [-118.47492, 45.66494, -1224.222900390625], [-118.47556, 45.66683, -1827.2109375]]], [[[-118.47535, 45.66181, -1613.7156982421875], [-118.47463, 45.65909, -931.5009155273438], [-118.47492, 45.66494, -1224.222900390625], [-118.47535, 45.66181, -1613.7156982421875]]], [[[-118.47535, 45.66181, -1613.7156982421875], [-118.47714, 45.6554, -1719.13720703125], [-118.47463, 45.65909, -931.5009155273438], [-118.47535, 45.66181, -1613.7156982421875]]], [[[-118.47463, 45.65909, -931.5009155273438], [-118.47714, 45.6554, -1719.13720703125], [-118.47937, 45.64985, -1105.796630859375], [-118.47463, 45.65909, -931.5009155273438]]], [[[-118.47714, 45.6554, -1719.13720703125], [-118.48308, 45.64663, -2108.5048828125], [-118.47937, 45.64985, -1105.796630859375], [-118.47714, 45.6554, -1719.13720703125]]], [[[-118.47905, 45.6538, -2609.831787109375], [-118.48308, 45.64663, -2108.5048828125], [-118.47714, 45.6554, -1719.13720703125], [-118.47905, 45.6538, -2609.831787109375]]], [[[-118.48239, 45.64923, -3173.533447265625], [-118.48308, 45.64663, -2108.5048828125], [-118.47905, 45.6538, -2609.831787109375], [-118.48239, 45.64923, -3173.533447265625]]], [[[-118.48239, 45.64923, -3173.533447265625], [-118.48795, 45.64129, -3022.474365234375], [-118.48308, 45.64663, -2108.5048828125], [-118.48239, 45.64923, -3173.533447265625]]], [[[-118.48239, 45.64923, -3173.533447265625], [-118.48644, 45.64529, -4000.551513671875], [-118.48795, 45.64129, -3022.474365234375], [-118.48239, 45.64923, -3173.533447265625]]], [[[-118.48239, 45.64923, -3173.533447265625], [-118.48103, 45.65337, -4078.413818359375], [-118.48644, 45.64529, -4000.551513671875], [-118.48239, 45.64923, -3173.533447265625]]], [[[-118.47841, 45.65676, -3366.170654296875], [-118.48103, 45.65337, -4078.413818359375], [-118.48239, 45.64923, -3173.533447265625], [-118.47841, 45.65676, -3366.170654296875]]], [[[-118.47806, 45.66017, -4120.53857421875], [-118.48103, 45.65337, -4078.413818359375], [-118.47841, 45.65676, -3366.170654296875], [-118.47806, 45.66017, -4120.53857421875]]], [[[-118.47806, 45.66017, -4120.53857421875], [-118.47968, 45.65798, -4943.44189453125], [-118.48103, 45.65337, -4078.413818359375], [-118.47806, 45.66017, -4120.53857421875]]], [[[-118.47968, 45.65798, -4943.44189453125], [-118.47806, 45.66017, -4120.53857421875], [-118.4785, 45.66493, -4550.19970703125], [-118.47968, 45.65798, -4943.44189453125]]], [[[-118.47968, 45.65798, -4943.44189453125], [-118.4785, 45.66493, -4550.19970703125], [-118.47913, 45.66438, -5132.22607421875], [-118.47968, 45.65798, -4943.44189453125]]], [[[-118.47913, 45.66438, -5132.22607421875], [-118.47975, 45.6616, -5699.9384765625], [-118.47968, 45.65798, -4943.44189453125], [-118.47913, 45.66438, -5132.22607421875]]], [[[-118.47975, 45.6679, -5726.2353515625], [-118.47975, 45.6616, -5699.9384765625], [-118.47913, 45.66438, -5132.22607421875], [-118.47975, 45.6679, -5726.2353515625]]], [[[-118.47975, 45.6679, -5726.2353515625], [-118.48027, 45.66651, -6210.283203125], [-118.47975, 45.6616, -5699.9384765625], [-118.47975, 45.6679, -5726.2353515625]]], [[[-118.47795, 45.66912, -5112.3623046875], [-118.47975, 45.6679, -5726.2353515625], [-118.47913, 45.66438, -5132.22607421875], [-118.47795, 45.66912, -5112.3623046875]]], [[[-118.47795, 45.66912, -5112.3623046875], [-118.4745, 45.67282, -5713.84326171875], [-118.47975, 45.6679, -5726.2353515625], [-118.47795, 45.66912, -5112.3623046875]]], [[[-118.47795, 45.66912, -5112.3623046875], [-118.47913, 45.66438, -5132.22607421875], [-118.4785, 45.66493, -4550.19970703125], [-118.47795, 45.66912, -5112.3623046875]]], [[[-118.477, 45.66899, -4265.86376953125], [-118.47795, 45.66912, -5112.3623046875], [-118.4785, 45.66493, -4550.19970703125], [-118.477, 45.66899, -4265.86376953125]]], [[[-118.477, 45.66899, -4265.86376953125], [-118.47518, 45.66984, -3613.582763671875], [-118.46943, 45.67466, -3446.255859375], [-118.477, 45.66899, -4265.86376953125]]], [[[-118.477, 45.66899, -4265.86376953125], [-118.47779, 45.66555, -3900.52197265625], [-118.47518, 45.66984, -3613.582763671875], [-118.477, 45.66899, -4265.86376953125]]], [[[-118.4785, 45.66493, -4550.19970703125], [-118.47779, 45.66555, -3900.52197265625], [-118.477, 45.66899, -4265.86376953125], [-118.4785, 45.66493, -4550.19970703125]]], [[[-118.47779, 45.66555, -3900.52197265625], [-118.47806, 45.66017, -4120.53857421875], [-118.47721, 45.66348, -3344.846435546875], [-118.47779, 45.66555, -3900.52197265625]]], [[[-118.47779, 45.66555, -3900.52197265625], [-118.47721, 45.66348, -3344.846435546875], [-118.47518, 45.66984, -3613.582763671875], [-118.47779, 45.66555, -3900.52197265625]]], [[[-118.47806, 45.66017, -4120.53857421875], [-118.47841, 45.65676, -3366.170654296875], [-118.47721, 45.66348, -3344.846435546875], [-118.47806, 45.66017, -4120.53857421875]]], [[[-118.47968, 45.65798, -4943.44189453125], [-118.4828, 45.65412, -5862.94140625], [-118.48418, 45.64976, -4959.10986328125], [-118.47968, 45.65798, -4943.44189453125]]], [[[-118.48103, 45.65337, -4078.413818359375], [-118.48418, 45.64976, -4959.10986328125], [-118.48644, 45.64529, -4000.551513671875], [-118.48103, 45.65337, -4078.413818359375]]], [[[-118.48418, 45.64976, -4959.10986328125], [-118.49054, 45.64044, -4883.98095703125], [-118.48644, 45.64529, -4000.551513671875], [-118.48418, 45.64976, -4959.10986328125]]], [[[-118.48826, 45.64583, -5825.1298828125], [-118.49054, 45.64044, -4883.98095703125], [-118.48418, 45.64976, -4959.10986328125], [-118.48826, 45.64583, -5825.1298828125]]], [[[-118.49194, 45.64208, -6653.703125], [-118.49349, 45.63618, -5814.03955078125], [-118.48826, 45.64583, -5825.1298828125], [-118.49194, 45.64208, -6653.703125]]], [[[-118.49194, 45.64208, -6653.703125], [-118.49722, 45.63237, -6725.615234375], [-118.49349, 45.63618, -5814.03955078125], [-118.49194, 45.64208, -6653.703125]]], [[[-118.49437, 45.63854, -7403.65234375], [-118.49722, 45.63237, -6725.615234375], [-118.49194, 45.64208, -6653.703125], [-118.49437, 45.63854, -7403.65234375]]], [[[-118.49437, 45.63854, -7403.65234375], [-118.50187, 45.629, -7661.9912109375], [-118.49722, 45.63237, -6725.615234375], [-118.49437, 45.63854, -7403.65234375]]], [[[-118.49437, 45.63854, -7403.65234375], [-118.49746, 45.6342, -8182.97509765625], [-118.50187, 45.629, -7661.9912109375], [-118.49437, 45.63854, -7403.65234375]]], [[[-118.49365, 45.64247, -8285.693359375], [-118.497, 45.63725, -9135.58984375], [-118.49746, 45.6342, -8182.97509765625], [-118.49365, 45.64247, -8285.693359375]]], [[[-118.49365, 45.64247, -8285.693359375], [-118.49261, 45.64568, -9267.34765625], [-118.497, 45.63725, -9135.58984375], [-118.49365, 45.64247, -8285.693359375]]], [[[-118.4874, 45.65156, -8555.8173828125], [-118.49261, 45.64568, -9267.34765625], [-118.49365, 45.64247, -8285.693359375], [-118.4874, 45.65156, -8555.8173828125]]], [[[-118.4874, 45.65156, -8555.8173828125], [-118.49365, 45.64247, -8285.693359375], [-118.48886, 45.6478, -7543.59375], [-118.4874, 45.65156, -8555.8173828125]]], [[[-118.48404, 45.65589, -7659.32568359375], [-118.4874, 45.65156, -8555.8173828125], [-118.48886, 45.6478, -7543.59375], [-118.48404, 45.65589, -7659.32568359375]]], [[[-118.48404, 45.65589, -7659.32568359375], [-118.48354, 45.65893, -8653.6376953125], [-118.4874, 45.65156, -8555.8173828125], [-118.48404, 45.65589, -7659.32568359375]]], [[[-118.48212, 45.66289, -7911.50634765625], [-118.48354, 45.65893, -8653.6376953125], [-118.48404, 45.65589, -7659.32568359375], [-118.48212, 45.66289, -7911.50634765625]]], [[[-118.48404, 45.65589, -7659.32568359375], [-118.48886, 45.6478, -7543.59375], [-118.48596, 45.65028, -6713.09033203125], [-118.48404, 45.65589, -7659.32568359375]]], [[[-118.48222, 45.6574, -6800.16796875], [-118.48404, 45.65589, -7659.32568359375], [-118.48596, 45.65028, -6713.09033203125], [-118.48222, 45.6574, -6800.16796875]]], [[[-118.4828, 45.65412, -5862.94140625], [-118.48596, 45.65028, -6713.09033203125], [-118.48826, 45.64583, -5825.1298828125], [-118.4828, 45.65412, -5862.94140625]]], [[[-118.48596, 45.65028, -6713.09033203125], [-118.49194, 45.64208, -6653.703125], [-118.48826, 45.64583, -5825.1298828125], [-118.48596, 45.65028, -6713.09033203125]]], [[[-118.48886, 45.6478, -7543.59375], [-118.49437, 45.63854, -7403.65234375], [-118.49194, 45.64208, -6653.703125], [-118.48886, 45.6478, -7543.59375]]], [[[-118.497, 45.63725, -9135.58984375], [-118.50358, 45.6288, -8840.9951171875], [-118.49746, 45.6342, -8182.97509765625], [-118.497, 45.63725, -9135.58984375]]], [[[-118.50187, 45.629, -7661.9912109375], [-118.49746, 45.6342, -8182.97509765625], [-118.50358, 45.6288, -8840.9951171875], [-118.50187, 45.629, -7661.9912109375]]], [[[-118.50187, 45.629, -7661.9912109375], [-118.50358, 45.6288, -8840.9951171875], [-118.50703, 45.62226, -7771.779296875], [-118.50187, 45.629, -7661.9912109375]]], [[[-118.50187, 45.629, -7661.9912109375], [-118.50703, 45.62226, -7771.779296875], [-118.50396, 45.62508, -6741.04296875], [-118.50187, 45.629, -7661.9912109375]]], [[[-118.50187, 45.629, -7661.9912109375], [-118.50396, 45.62508, -6741.04296875], [-118.49722, 45.63237, -6725.615234375], [-118.50187, 45.629, -7661.9912109375]]], [[[-118.49722, 45.63237, -6725.615234375], [-118.5001, 45.62836, -5770.28515625], [-118.49349, 45.63618, -5814.03955078125], [-118.49722, 45.63237, -6725.615234375]]], [[[-118.49349, 45.63618, -5814.03955078125], [-118.5001, 45.62836, -5770.28515625], [-118.49527, 45.63193, -4846.2568359375], [-118.49349, 45.63618, -5814.03955078125]]], [[[-118.49054, 45.64044, -4883.98095703125], [-118.49527, 45.63193, -4846.2568359375], [-118.49112, 45.6364, -3914.885986328125], [-118.49054, 45.64044, -4883.98095703125]]], [[[-118.49112, 45.6364, -3914.885986328125], [-118.49219, 45.63253, -2921.306884765625], [-118.48795, 45.64129, -3022.474365234375], [-118.49112, 45.6364, -3914.885986328125]]], [[[-118.49112, 45.6364, -3914.885986328125], [-118.49734, 45.62866, -3850.150390625], [-118.49219, 45.63253, -2921.306884765625], [-118.49112, 45.6364, -3914.885986328125]]], [[[-118.50176, 45.62475, -4780.71728515625], [-118.5028, 45.62122, -3776.003173828125], [-118.49734, 45.62866, -3850.150390625], [-118.50176, 45.62475, -4780.71728515625]]], [[[-118.52523, 45.58307, -5708.64990234375], [-118.52243, 45.58645, -4685.49560546875], [-118.52121, 45.59051, -5683.38671875], [-118.52523, 45.58307, -5708.64990234375]]], [[[-118.51267, 45.60272, -2797.697998046875], [-118.51158, 45.60641, -3806.778564453125], [-118.51528, 45.59885, -3776.79541015625], [-118.51267, 45.60272, -2797.697998046875]]], [[[-118.499, 45.62533, -2834.85302734375], [-118.5005, 45.62119, -1893.922607421875], [-118.49414, 45.62936, -1918.0833740234375], [-118.499, 45.62533, -2834.85302734375]]], [[[-118.48308, 45.64663, -2108.5048828125], [-118.4852, 45.64228, -1126.6129150390625], [-118.47937, 45.64985, -1105.796630859375], [-118.48308, 45.64663, -2108.5048828125]]], [[[-118.4852, 45.64228, -1126.6129150390625], [-118.48137, 45.6457, -134.7021026611328], [-118.47937, 45.64985, -1105.796630859375], [-118.4852, 45.64228, -1126.6129150390625]]], [[[-118.48844, 45.6374, -2034.5225830078125], [-118.4888, 45.63379, -1038.520263671875], [-118.4852, 45.64228, -1126.6129150390625], [-118.48844, 45.6374, -2034.5225830078125]]], [[[-118.51071, 45.60199, -825.1564331054688], [-118.51121, 45.5976, 127.0615234375], [-118.50724, 45.60565, 123.36988830566406], [-118.51071, 45.60199, -825.1564331054688]]], [[[-118.52123, 45.58204, -1869.552490234375], [-118.51795, 45.58614, -914.8438720703125], [-118.51649, 45.59048, -1846.624267578125], [-118.52123, 45.58204, -1869.552490234375]]], [[[-118.51553, 45.59469, -2803.369873046875], [-118.51649, 45.59048, -1846.624267578125], [-118.51313, 45.59858, -1830.294189453125], [-118.51553, 45.59469, -2803.369873046875]]], [[[-118.52533, 45.57248, -1865.2012939453125], [-118.5228, 45.5768, -983.5057983398438], [-118.52123, 45.58204, -1869.552490234375], [-118.52533, 45.57248, -1865.2012939453125]]], [[[-118.53665, 45.55721, -3869.57373046875], [-118.53873, 45.55323, -2912.8349609375], [-118.53277, 45.56069, -2887.23486328125], [-118.53665, 45.55721, -3869.57373046875]]], [[[-118.53886, 45.54792, -70.8875732421875], [-118.54235, 45.54448, -1040.3004150390625], [-118.54448, 45.54033, -79.13597869873047], [-118.53886, 45.54792, -70.8875732421875]]], [[[-118.53886, 45.54792, -70.8875732421875], [-118.54448, 45.54033, -79.13597869873047], [-118.5406, 45.54361, 874.7601928710938], [-118.53886, 45.54792, -70.8875732421875]]], [[[-118.54448, 45.54033, -79.13597869873047], [-118.54708, 45.53589, 828.0772094726562], [-118.5406, 45.54361, 874.7601928710938], [-118.54448, 45.54033, -79.13597869873047]]], [[[-118.55272, 45.53281, -1917.7969970703125], [-118.55506, 45.52799, -933.4019165039062], [-118.54862, 45.5369, -1051.3096923828125], [-118.55272, 45.53281, -1917.7969970703125]]], [[[-118.55272, 45.53281, -1917.7969970703125], [-118.5576, 45.52551, -1840.262939453125], [-118.55506, 45.52799, -933.4019165039062], [-118.55272, 45.53281, -1917.7969970703125]]], [[[-118.56792, 45.51249, -1712.23974609375], [-118.56959, 45.51175, -2780.151123046875], [-118.57237, 45.50461, -2206.001708984375], [-118.56792, 45.51249, -1712.23974609375]]], [[[-118.56792, 45.51249, -1712.23974609375], [-118.56221, 45.51924, -2430.022705078125], [-118.56959, 45.51175, -2780.151123046875], [-118.56792, 45.51249, -1712.23974609375]]], [[[-118.55506, 45.52799, -933.4019165039062], [-118.55664, 45.52348, -59.03456497192383], [-118.55081, 45.53243, -125.686279296875], [-118.55506, 45.52799, -933.4019165039062]]], [[[-118.56692, 45.51207, -687.7085571289062], [-118.56651, 45.51076, 193.59609985351562], [-118.56154, 45.51677, -31.69292449951172], [-118.56692, 45.51207, -687.7085571289062]]], [[[-118.56692, 45.51207, -687.7085571289062], [-118.56792, 45.51249, -1712.23974609375], [-118.57125, 45.50441, -1184.7210693359375], [-118.56692, 45.51207, -687.7085571289062]]], [[[-118.56041, 45.5193, -1099.7203369140625], [-118.56792, 45.51249, -1712.23974609375], [-118.56692, 45.51207, -687.7085571289062], [-118.56041, 45.5193, -1099.7203369140625]]], [[[-118.56792, 45.51249, -1712.23974609375], [-118.57237, 45.50461, -2206.001708984375], [-118.57125, 45.50441, -1184.7210693359375], [-118.56792, 45.51249, -1712.23974609375]]], [[[-118.56979, 45.51801, -7333.62451171875], [-118.57556, 45.51185, -7807.2333984375], [-118.57434, 45.51183, -6781.45654296875], [-118.56979, 45.51801, -7333.62451171875]]], [[[-118.57147, 45.51757, -8290.4326171875], [-118.57257, 45.51776, -9277.693359375], [-118.57673, 45.5119, -8803.193359375], [-118.57147, 45.51757, -8290.4326171875]]], [[[-118.57556, 45.51185, -7807.2333984375], [-118.57673, 45.5119, -8803.193359375], [-118.57907, 45.50583, -8300.849609375], [-118.57556, 45.51185, -7807.2333984375]]], [[[-118.57673, 45.5119, -8803.193359375], [-118.57782, 45.51209, -9800.5517578125], [-118.58017, 45.50603, -9298.552734375], [-118.57673, 45.5119, -8803.193359375]]], [[[-118.57357, 45.51813, -10334.9287109375], [-118.56754, 45.52493, -9792.7763671875], [-118.56847, 45.52551, -10844.0400390625], [-118.57357, 45.51813, -10334.9287109375]]], [[[-118.54417, 45.55626, -9189.5693359375], [-118.54204, 45.56038, -10103.9443359375], [-118.54966, 45.54966, -9835.1982421875], [-118.54417, 45.55626, -9189.5693359375]]], [[[-118.54756, 45.54854, -7510.4990234375], [-118.55422, 45.54058, -7916.82177734375], [-118.5529, 45.54072, -6968.87353515625], [-118.54756, 45.54854, -7510.4990234375]]], [[[-118.54155, 45.5562, -7080.93896484375], [-118.54756, 45.54854, -7510.4990234375], [-118.54634, 45.5485, -6495.59130859375], [-118.54155, 45.5562, -7080.93896484375]]], [[[-118.54879, 45.5408, -3786.962646484375], [-118.55006, 45.54086, -4830.40234375], [-118.55554, 45.53274, -4179.91015625], [-118.54879, 45.5408, -3786.962646484375]]], [[[-118.54403, 45.54542, -2924.06494140625], [-118.54622, 45.5412, -2031.3623046875], [-118.54023, 45.54925, -1919.0428466796875], [-118.54403, 45.54542, -2924.06494140625]]], [[[-118.55141, 45.53637, -2957.781982421875], [-118.55272, 45.53281, -1917.7969970703125], [-118.54622, 45.5412, -2031.3623046875], [-118.55141, 45.53637, -2957.781982421875]]], [[[-118.55554, 45.53274, -4179.91015625], [-118.56168, 45.52476, -4859.54638671875], [-118.56047, 45.52443, -3689.736083984375], [-118.55554, 45.53274, -4179.91015625]]], [[[-118.55692, 45.53285, -5375.69921875], [-118.563, 45.52465, -5892.15283203125], [-118.56168, 45.52476, -4859.54638671875], [-118.55692, 45.53285, -5375.69921875]]], [[[-118.56288, 45.53306, -10382.154296875], [-118.56847, 45.52551, -10844.0400390625], [-118.56754, 45.52493, -9792.7763671875], [-118.56288, 45.53306, -10382.154296875]]], [[[-118.55504, 45.54113, -8934.525390625], [-118.56168, 45.53295, -9322.087890625], [-118.56059, 45.53278, -8337.25], [-118.55504, 45.54113, -8934.525390625]]], [[[-118.55422, 45.54058, -7916.82177734375], [-118.56059, 45.53278, -8337.25], [-118.55952, 45.5326, -7350.884765625], [-118.55422, 45.54058, -7916.82177734375]]], [[[-118.563, 45.52465, -5892.15283203125], [-118.56427, 45.52442, -6834.81103515625], [-118.56922, 45.51723, -6299.7216796875], [-118.563, 45.52465, -5892.15283203125]]], [[[-118.54862, 45.5369, -1051.3096923828125], [-118.54448, 45.54033, -79.13597869873047], [-118.54235, 45.54448, -1040.3004150390625], [-118.54862, 45.5369, -1051.3096923828125]]], [[[-118.53975, 45.55665, -5955.4462890625], [-118.54045, 45.55415, -4875.14208984375], [-118.53475, 45.56142, -4854.36181640625], [-118.53975, 45.55665, -5955.4462890625]]], [[[-118.52898, 45.5748, -5710.65771484375], [-118.53288, 45.56607, -5769.59228515625], [-118.52949, 45.57002, -4769.107421875], [-118.52898, 45.5748, -5710.65771484375]]], [[[-118.52898, 45.5748, -5710.65771484375], [-118.52949, 45.57002, -4769.107421875], [-118.52626, 45.57872, -4739.8486328125], [-118.52898, 45.5748, -5710.65771484375]]], [[[-118.52718, 45.58332, -7476.55859375], [-118.52434, 45.58731, -6659.4765625], [-118.52342, 45.5909, -7665.54248046875], [-118.52718, 45.58332, -7476.55859375]]], [[[-118.52718, 45.58332, -7476.55859375], [-118.52342, 45.5909, -7665.54248046875], [-118.52657, 45.58732, -8463.958984375], [-118.52718, 45.58332, -7476.55859375]]], [[[-118.52718, 45.58332, -7476.55859375], [-118.52657, 45.58732, -8463.958984375], [-118.53033, 45.57908, -8362.419921875], [-118.52718, 45.58332, -7476.55859375]]], [[[-118.52013, 45.59431, -6697.12890625], [-118.52434, 45.58731, -6659.4765625], [-118.52121, 45.59051, -5683.38671875], [-118.52013, 45.59431, -6697.12890625]]], [[[-118.52013, 45.59431, -6697.12890625], [-118.52121, 45.59051, -5683.38671875], [-118.51763, 45.59866, -5765.3330078125], [-118.52013, 45.59431, -6697.12890625]]], [[[-118.51758, 45.60264, -6763.5869140625], [-118.51257, 45.61079, -6762.2265625], [-118.51594, 45.60706, -7702.75732421875], [-118.51758, 45.60264, -6763.5869140625]]], [[[-118.51152, 45.61484, -7765.80029296875], [-118.51594, 45.60706, -7702.75732421875], [-118.51257, 45.61079, -6762.2265625], [-118.51152, 45.61484, -7765.80029296875]]], [[[-118.51594, 45.60706, -7702.75732421875], [-118.51401, 45.61237, -8661.1376953125], [-118.5188, 45.60422, -8572.3271484375], [-118.51594, 45.60706, -7702.75732421875]]], [[[-118.51766, 45.60797, -9568.4501953125], [-118.5188, 45.60422, -8572.3271484375], [-118.51401, 45.61237, -8661.1376953125], [-118.51766, 45.60797, -9568.4501953125]]], [[[-118.50932, 45.62054, -8730.5458984375], [-118.50811, 45.62436, -9747.1943359375], [-118.51314, 45.6161, -9655.3525390625], [-118.50932, 45.62054, -8730.5458984375]]], [[[-118.50703, 45.62226, -7771.779296875], [-118.50358, 45.6288, -8840.9951171875], [-118.50932, 45.62054, -8730.5458984375], [-118.50703, 45.62226, -7771.779296875]]], [[[-118.51152, 45.61484, -7765.80029296875], [-118.50703, 45.62226, -7771.779296875], [-118.50932, 45.62054, -8730.5458984375], [-118.51152, 45.61484, -7765.80029296875]]], [[[-118.5001, 45.62836, -5770.28515625], [-118.50176, 45.62475, -4780.71728515625], [-118.49527, 45.63193, -4846.2568359375], [-118.5001, 45.62836, -5770.28515625]]], [[[-118.51399, 45.60647, -5802.5888671875], [-118.51503, 45.60283, -4785.087890625], [-118.51057, 45.61008, -4814.5791015625], [-118.51399, 45.60647, -5802.5888671875]]], [[[-118.52949, 45.57002, -4769.107421875], [-118.52704, 45.574, -3789.40087890625], [-118.52626, 45.57872, -4739.8486328125], [-118.52949, 45.57002, -4769.107421875]]], [[[-118.57621, 45.51785, -12158.271484375], [-118.56982, 45.5252, -11815.0478515625], [-118.57143, 45.52432, -12724.5849609375], [-118.57621, 45.51785, -12158.271484375]]], [[[-118.57647, 45.51886, -13126.2666015625], [-118.57621, 45.51785, -12158.271484375], [-118.57143, 45.52432, -12724.5849609375], [-118.57647, 45.51886, -13126.2666015625]]], [[[-118.58099, 45.51276, -12752.7841796875], [-118.58455, 45.50683, -13280.16796875], [-118.58346, 45.50663, -12285.857421875], [-118.58099, 45.51276, -12752.7841796875]]], [[[-118.57647, 45.51886, -13126.2666015625], [-118.58183, 45.51324, -13674.564453125], [-118.58099, 45.51276, -12752.7841796875], [-118.57647, 45.51886, -13126.2666015625]]]]}}]}