{"type": "FeatureCollection", "features": [{"type": "Feature", "properties": {"name": "North Olympic", "CFM_ID": 98, "region": "ForearcIntraarc_WA", "primary_state/province": "WA", "secondary_state/province": null, "avg_dip": 60, "dip_dir": "vertical", "rake": 180, "slip_sense": "Dextral", "fault_level": 1, "NSHM23_sliprates": 0.52, "QFFDAgeCatBin": "latest Quaternary", "QFFDAgeBin": "<15,000", "upper_depth": 0.6, "upper_depth_constraint": "topography", "lower_depth": -34.6, "lower_depth_constraint": "SDL", "3D_model_constraints": "trace extended at constant dip", "reference": "US NSHM 2023; Schermer et al.(2021)", "nshm23_id": 2804.0, "lineage": "renamed, dip direction and slip sense changed", "usgs_qffd_#": "556", "comments": "name and kinematics from Schermer, 2D and 3D geometry from NSHM23; in NSHM23 as Lake Creek-Boundary Creek - Sadie Creek", "id": "98"}, "geometry": {"type": "MultiPolygon", "coordinates": [[[[-123.76546, 48.20137, -19854.017578125], [-123.77714, 48.20643, -20239.873046875], [-123.77875, 48.20204, -19367.48046875], [-123.76546, 48.20137, -19854.017578125]]], [[[-123.72578, 48.19319, -20051.21875], [-123.73383, 48.19216, -19549.640625], [-123.72425, 48.19019, -19588.263671875], [-123.72578, 48.19319, -20051.21875]]], [[[-123.54734, 48.0865, -4745.94970703125], [-123.55586, 48.08298, -3945.427490234375], [-123.54141, 48.0813, -3928.15478515625], [-123.54734, 48.0865, -4745.94970703125]]], [[[-123.66768, 48.19434, -22709.76171875], [-123.65804, 48.19722, -23541.166015625], [-123.67301, 48.19996, -23519.814453125], [-123.66768, 48.19434, -22709.76171875]]], [[[-123.89421, 48.14894, -4623.63232421875], [-123.90637, 48.14699, -4326.751953125], [-123.8995, 48.14413, -3661.91015625], [-123.89421, 48.14894, -4623.63232421875]]], [[[-123.37221, 48.09775, -12246.02734375], [-123.35872, 48.09773, -12691.8955078125], [-123.37062, 48.10212, -13121.3046875], [-123.37221, 48.09775, -12246.02734375]]], [[[-123.34877, 48.08866, -11410.529296875], [-123.33569, 48.0885, -11868.62890625], [-123.34718, 48.09302, -12285.8525390625], [-123.34877, 48.08866, -11410.529296875]]], [[[-123.59157, 48.08255, -3170.339599609375], [-123.58612, 48.0778, -2334.8349609375], [-123.57785, 48.08131, -3136.414306640625], [-123.59157, 48.08255, -3170.339599609375]]], [[[-123.92079, 48.14144, -3105.934814453125], [-123.91524, 48.13737, -2393.726318359375], [-123.90649, 48.14012, -2930.27197265625], [-123.92079, 48.14144, -3105.934814453125]]], [[[-123.83628, 48.28732, -32307.41015625], [-123.82498, 48.28595, -32315.66015625], [-123.82914, 48.29136, -33129.3671875], [-123.83628, 48.28732, -32307.41015625]]], [[[-123.46224, 48.11017, -11342.2705078125], [-123.45729, 48.10467, -10444.810546875], [-123.44974, 48.10682, -11222.267578125], [-123.46224, 48.11017, -11342.2705078125]]], [[[-123.66779, 48.13613, -11740.83203125], [-123.66369, 48.13114, -10861.7734375], [-123.65641, 48.13484, -11707.2529296875], [-123.66779, 48.13613, -11740.83203125]]], [[[-123.58978, 48.0908, -4788.22119140625], [-123.5978, 48.08723, -3972.73193359375], [-123.58349, 48.08608, -3973.04541015625], [-123.58978, 48.0908, -4788.22119140625]]], [[[-123.78126, 48.23377, -24964.748046875], [-123.79418, 48.23481, -24465.48046875], [-123.78275, 48.22942, -24100.103515625], [-123.78126, 48.23377, -24964.748046875]]], [[[-123.30915, 48.09056, -12634.0986328125], [-123.29748, 48.08834, -12072.3134765625], [-123.29588, 48.09269, -12948.5244140625], [-123.30915, 48.09056, -12634.0986328125]]], [[[-123.87483, 48.1537, -5933.80419921875], [-123.87957, 48.14961, -4976.79638671875], [-123.86696, 48.14941, -5494.4814453125], [-123.87483, 48.1537, -5933.80419921875]]], [[[-123.64558, 48.07993, -1467.2725830078125], [-123.65964, 48.08127, -1506.5609130859375], [-123.65401, 48.07657, -684.842529296875], [-123.64558, 48.07993, -1467.2725830078125]]], [[[-123.5813, 48.17852, -21671.37890625], [-123.57302, 48.18172, -22510.078125], [-123.58858, 48.18338, -22485.009765625], [-123.5813, 48.17852, -21671.37890625]]], [[[-123.57179, 48.07619, -2332.644287109375], [-123.58612, 48.0778, -2334.8349609375], [-123.57984, 48.07312, -1525.3375244140625], [-123.57179, 48.07619, -2332.644287109375]]], [[[-123.26543, 48.1753, -29596.529296875], [-123.25219, 48.1775, -29906.810546875], [-123.26383, 48.17965, -30472.740234375], [-123.26543, 48.1753, -29596.529296875]]], [[[-123.6479, 48.1017, -5628.99365234375], [-123.65975, 48.10331, -5655.126953125], [-123.65546, 48.09799, -4787.865234375], [-123.6479, 48.1017, -5628.99365234375]]], [[[-123.33324, 48.1677, -26688.076171875], [-123.32174, 48.16286, -26290.912109375], [-123.32015, 48.16722, -27166.232421875], [-123.33324, 48.1677, -26688.076171875]]], [[[-123.79043, 48.1106, -2276.302734375], [-123.80232, 48.11412, -2231.82080078125], [-123.79831, 48.10854, -1418.9007568359375], [-123.79043, 48.1106, -2276.302734375]]], [[[-123.70313, 48.22024, -25999.646484375], [-123.68971, 48.21703, -25977.6953125], [-123.69459, 48.22282, -26826.28515625], [-123.70313, 48.22024, -25999.646484375]]], [[[-123.45271, 48.05783, -1868.1907958984375], [-123.46102, 48.05489, -1081.521484375], [-123.44798, 48.05274, -1044.63818359375], [-123.45271, 48.05783, -1868.1907958984375]]], [[[-123.33129, 48.13667, -21039.095703125], [-123.33288, 48.13231, -20163.78125], [-123.31972, 48.13229, -20612.22265625], [-123.33129, 48.13667, -21039.095703125]]], [[[-123.92669, 48.13781, -2298.322998046875], [-123.93486, 48.14097, -2675.910400390625], [-123.93607, 48.13541, -1591.01806640625], [-123.92669, 48.13781, -2298.322998046875]]], [[[-123.39047, 48.08512, -9151.716796875], [-123.39128, 48.08087, -8331.0830078125], [-123.37856, 48.08029, -8744.955078125], [-123.39047, 48.08512, -9151.716796875]]], [[[-123.72343, 48.2093, -23097.05859375], [-123.72436, 48.20466, -22195.4765625], [-123.71321, 48.20477, -22741.52734375], [-123.72343, 48.2093, -23097.05859375]]], [[[-123.6031, 48.09225, -4816.40478515625], [-123.5978, 48.08723, -3972.73193359375], [-123.58978, 48.0908, -4788.22119140625], [-123.6031, 48.09225, -4816.40478515625]]], [[[-123.67301, 48.19996, -23519.814453125], [-123.65804, 48.19722, -23541.166015625], [-123.66425, 48.20252, -24360.62890625], [-123.67301, 48.19996, -23519.814453125]]], [[[-123.90234, 48.16453, -7843.9033203125], [-123.9132, 48.16337, -7466.69970703125], [-123.90388, 48.1603, -7002.72998046875], [-123.90234, 48.16453, -7843.9033203125]]], [[[-123.43239, 48.19582, -28499.8203125], [-123.42469, 48.19857, -29343.42578125], [-123.43747, 48.20084, -29338.537109375], [-123.43239, 48.19582, -28499.8203125]]], [[[-123.40643, 48.07659, -6991.28466796875], [-123.41418, 48.07327, -6146.1796875], [-123.40214, 48.07147, -6134.306640625], [-123.40643, 48.07659, -6991.28466796875]]], [[[-123.60548, 48.08379, -3155.8994140625], [-123.59944, 48.07903, -2366.179931640625], [-123.59157, 48.08255, -3170.339599609375], [-123.60548, 48.08379, -3155.8994140625]]], [[[-123.64269, 48.11943, -9131.68359375], [-123.64993, 48.11553, -8266.228515625], [-123.63726, 48.11448, -8258.818359375], [-123.64269, 48.11943, -9131.68359375]]], [[[-123.38226, 48.17791, -26947.060546875], [-123.36922, 48.17638, -27029.322265625], [-123.3741, 48.18093, -27758.525390625], [-123.38226, 48.17791, -26947.060546875]]], [[[-123.65018, 48.09313, -3940.23486328125], [-123.64437, 48.08843, -3121.52880859375], [-123.6367, 48.09189, -3947.12353515625], [-123.65018, 48.09313, -3940.23486328125]]], [[[-123.76868, 48.19262, -18108.46484375], [-123.78037, 48.19766, -18495.091796875], [-123.78198, 48.19328, -17622.705078125], [-123.76868, 48.19262, -18108.46484375]]], [[[-123.57524, 48.08961, -4777.48388671875], [-123.58349, 48.08608, -3973.04541015625], [-123.56968, 48.08445, -3954.442626953125], [-123.57524, 48.08961, -4777.48388671875]]], [[[-123.66768, 48.19434, -22709.76171875], [-123.65194, 48.192, -22727.826171875], [-123.65804, 48.19722, -23541.166015625], [-123.66768, 48.19434, -22709.76171875]]], [[[-123.89615, 48.14086, -3022.80810546875], [-123.90649, 48.14012, -2930.27197265625], [-123.8991, 48.13855, -2531.0185546875], [-123.89615, 48.14086, -3022.80810546875]]], [[[-123.60958, 48.11997, -9911.916015625], [-123.61759, 48.11639, -9066.8837890625], [-123.60407, 48.11502, -9070.2275390625], [-123.60958, 48.11997, -9911.916015625]]], [[[-123.70313, 48.22024, -25999.646484375], [-123.69881, 48.21473, -25161.404296875], [-123.68971, 48.21703, -25977.6953125], [-123.70313, 48.22024, -25999.646484375]]], [[[-123.5978, 48.08723, -3972.73193359375], [-123.61086, 48.089, -3979.905029296875], [-123.60548, 48.08379, -3155.8994140625], [-123.5978, 48.08723, -3972.73193359375]]], [[[-123.8995, 48.14413, -3661.91015625], [-123.88637, 48.14598, -4159.40625], [-123.89421, 48.14894, -4623.63232421875], [-123.8995, 48.14413, -3661.91015625]]], [[[-123.42621, 48.13789, -17855.828125], [-123.42779, 48.13353, -16980.447265625], [-123.41421, 48.13346, -17428.900390625], [-123.42621, 48.13789, -17855.828125]]], [[[-123.74803, 48.21338, -22987.576171875], [-123.75935, 48.21899, -23345.08203125], [-123.76079, 48.21453, -22468.44140625], [-123.74803, 48.21338, -22987.576171875]]], [[[-123.6086, 48.09751, -5646.3193359375], [-123.61639, 48.09403, -4804.56298828125], [-123.6031, 48.09225, -4816.40478515625], [-123.6086, 48.09751, -5646.3193359375]]], [[[-123.3325, 48.09726, -13617.341796875], [-123.32088, 48.0934, -13157.62109375], [-123.31929, 48.09778, -14031.75390625], [-123.3325, 48.09726, -13617.341796875]]], [[[-123.93093, 48.1497, -4432.8408203125], [-123.94166, 48.15501, -4792.357421875], [-123.94325, 48.15063, -3919.4677734375], [-123.93093, 48.1497, -4432.8408203125]]], [[[-123.45003, 48.11178, -12118.02734375], [-123.4358, 48.11171, -12601.728515625], [-123.44867, 48.11614, -12986.9677734375], [-123.45003, 48.11178, -12118.02734375]]], [[[-123.35036, 48.08429, -10535.20703125], [-123.33888, 48.07974, -10119.9140625], [-123.33729, 48.08412, -10994.2705078125], [-123.35036, 48.08429, -10535.20703125]]], [[[-123.59157, 48.08255, -3170.339599609375], [-123.59944, 48.07903, -2366.179931640625], [-123.58612, 48.0778, -2334.8349609375], [-123.59157, 48.08255, -3170.339599609375]]], [[[-123.67238, 48.14124, -12575.708984375], [-123.67981, 48.13789, -11737.1875], [-123.66779, 48.13613, -11740.83203125], [-123.67238, 48.14124, -12575.708984375]]], [[[-123.36038, 48.16825, -25820.76171875], [-123.37491, 48.16865, -25396.208984375], [-123.36216, 48.1638, -24920.619140625], [-123.36038, 48.16825, -25820.76171875]]], [[[-123.56968, 48.08445, -3954.442626953125], [-123.57785, 48.08131, -3136.414306640625], [-123.56378, 48.07934, -3149.8662109375], [-123.56968, 48.08445, -3954.442626953125]]], [[[-123.30009, 48.15037, -24521.326171875], [-123.28836, 48.14734, -24009.458984375], [-123.28676, 48.15171, -24884.486328125], [-123.30009, 48.15037, -24521.326171875]]], [[[-123.8991, 48.13855, -2531.0185546875], [-123.90614, 48.13638, -2165.09619140625], [-123.89366, 48.13567, -2048.087890625], [-123.8991, 48.13855, -2531.0185546875]]], [[[-123.79429, 48.10267, -634.037109375], [-123.80256, 48.10086, 203.88063049316406], [-123.7905, 48.09692, 161.5089569091797], [-123.79429, 48.10267, -634.037109375]]], [[[-123.6883, 48.14853, -13397.66796875], [-123.69567, 48.1456, -12544.3173828125], [-123.68396, 48.14313, -12578.9091796875], [-123.6883, 48.14853, -13397.66796875]]], [[[-123.63102, 48.08689, -3130.880126953125], [-123.6367, 48.09189, -3947.12353515625], [-123.64437, 48.08843, -3121.52880859375], [-123.63102, 48.08689, -3130.880126953125]]], [[[-123.34997, 48.15887, -24499.671875], [-123.33642, 48.15896, -24938.564453125], [-123.34838, 48.16324, -25374.91015625], [-123.34997, 48.15887, -24499.671875]]], [[[-123.90444, 48.15146, -5213.40771484375], [-123.91618, 48.15459, -5720.7314453125], [-123.91778, 48.15021, -4848.236328125], [-123.90444, 48.15146, -5213.40771484375]]], [[[-123.64008, 48.128, -10826.3623046875], [-123.64773, 48.12429, -9985.1640625], [-123.63491, 48.12317, -9972.568359375], [-123.64008, 48.128, -10826.3623046875]]], [[[-123.54639, 48.17925, -22533.724609375], [-123.53935, 48.18273, -23395.458984375], [-123.55177, 48.18424, -23389.650390625], [-123.54639, 48.17925, -22533.724609375]]], [[[-123.66535, 48.08634, -2282.2578125], [-123.67037, 48.09149, -3098.843017578125], [-123.67799, 48.0879, -2284.792724609375], [-123.66535, 48.08634, -2282.2578125]]], [[[-123.50829, 48.20581, -28438.56640625], [-123.50043, 48.20912, -29280.75390625], [-123.51397, 48.21074, -29250.599609375], [-123.50829, 48.20581, -28438.56640625]]], [[[-123.31856, 48.17159, -28041.552734375], [-123.32015, 48.16722, -27166.232421875], [-123.30693, 48.16732, -27606.99609375], [-123.31856, 48.17159, -28041.552734375]]], [[[-123.56588, 48.07118, -1542.5550537109375], [-123.55257, 48.07003, -1479.846435546875], [-123.55774, 48.07474, -2323.42138671875], [-123.56588, 48.07118, -1542.5550537109375]]], [[[-123.73419, 48.17071, -15556.15625], [-123.74071, 48.17408, -15935.4931640625], [-123.74197, 48.17008, -15142.240234375], [-123.73419, 48.17071, -15556.15625]]], [[[-123.91524, 48.13737, -2393.726318359375], [-123.91408, 48.13283, -1530.5230712890625], [-123.90614, 48.13638, -2165.09619140625], [-123.91524, 48.13737, -2393.726318359375]]], [[[-123.71337, 48.21811, -25181.91796875], [-123.69881, 48.21473, -25161.404296875], [-123.70313, 48.22024, -25999.646484375], [-123.71337, 48.21811, -25181.91796875]]], [[[-123.57785, 48.08131, -3136.414306640625], [-123.58612, 48.0778, -2334.8349609375], [-123.57179, 48.07619, -2332.644287109375], [-123.57785, 48.08131, -3136.414306640625]]], [[[-123.74803, 48.21338, -22987.576171875], [-123.74647, 48.21804, -23910.58984375], [-123.75935, 48.21899, -23345.08203125], [-123.74803, 48.21338, -22987.576171875]]], [[[-123.63102, 48.08689, -3130.880126953125], [-123.63872, 48.08351, -2308.723388671875], [-123.62533, 48.08197, -2315.05615234375], [-123.63102, 48.08689, -3130.880126953125]]], [[[-123.44974, 48.10682, -11222.267578125], [-123.45003, 48.11178, -12118.02734375], [-123.46224, 48.11017, -11342.2705078125], [-123.44974, 48.10682, -11222.267578125]]], [[[-123.36922, 48.17638, -27029.322265625], [-123.35794, 48.17328, -26854.166015625], [-123.36057, 48.17881, -27758.7109375], [-123.36922, 48.17638, -27029.322265625]]], [[[-123.54989, 48.07831, -3123.10009765625], [-123.55774, 48.07474, -2323.42138671875], [-123.54483, 48.07321, -2301.21533203125], [-123.54989, 48.07831, -3123.10009765625]]], [[[-123.25861, 48.16001, -26408.48828125], [-123.24696, 48.15731, -25876.22265625], [-123.24536, 48.16169, -26750.662109375], [-123.25861, 48.16001, -26408.48828125]]], [[[-123.86836, 48.13608, -3002.723388671875], [-123.8599, 48.13832, -3798.246826171875], [-123.8744, 48.14261, -3924.317626953125], [-123.86836, 48.13608, -3002.723388671875]]], [[[-123.75592, 48.19145, -18630.71484375], [-123.7543, 48.19583, -19502.82421875], [-123.76707, 48.19699, -18981.240234375], [-123.75592, 48.19145, -18630.71484375]]], [[[-123.56685, 48.17664, -21695.662109375], [-123.55912, 48.18044, -22548.09765625], [-123.57302, 48.18172, -22510.078125], [-123.56685, 48.17664, -21695.662109375]]], [[[-123.66718, 48.09988, -4777.7333984375], [-123.675, 48.0964, -3973.57421875], [-123.66263, 48.09463, -3929.62451171875], [-123.66718, 48.09988, -4777.7333984375]]], [[[-123.63233, 48.13165, -11648.880859375], [-123.63649, 48.13656, -12534.5703125], [-123.64421, 48.13294, -11723.486328125], [-123.63233, 48.13165, -11648.880859375]]], [[[-123.35315, 48.15014, -22749.208984375], [-123.34121, 48.14584, -22314.341796875], [-123.33961, 48.15021, -23189.083984375], [-123.35315, 48.15014, -22749.208984375]]], [[[-123.56968, 48.08445, -3954.442626953125], [-123.58349, 48.08608, -3973.04541015625], [-123.57785, 48.08131, -3136.414306640625], [-123.56968, 48.08445, -3954.442626953125]]], [[[-123.44698, 48.18905, -26829.251953125], [-123.44145, 48.18404, -26028.0078125], [-123.43426, 48.18745, -26859.685546875], [-123.44698, 48.18905, -26829.251953125]]], [[[-123.71337, 48.21811, -25181.91796875], [-123.70535, 48.2121, -24410.123046875], [-123.69881, 48.21473, -25161.404296875], [-123.71337, 48.21811, -25181.91796875]]], [[[-123.61411, 48.10266, -6502.92138671875], [-123.6086, 48.09751, -5646.3193359375], [-123.6007, 48.10087, -6508.4267578125], [-123.61411, 48.10266, -6502.92138671875]]], [[[-123.45243, 48.09909, -9666.056640625], [-123.44823, 48.09347, -8786.0673828125], [-123.43976, 48.09691, -9671.3544921875], [-123.45243, 48.09909, -9666.056640625]]], [[[-123.56685, 48.17664, -21695.662109375], [-123.57302, 48.18172, -22510.078125], [-123.5813, 48.17852, -21671.37890625], [-123.56685, 48.17664, -21695.662109375]]], [[[-123.4151, 48.05103, -1882.547607421875], [-123.42341, 48.04801, -1079.55029296875], [-123.40978, 48.046, -1075.1285400390625], [-123.4151, 48.05103, -1882.547607421875]]], [[[-123.35156, 48.15451, -23624.44140625], [-123.33961, 48.15021, -23189.083984375], [-123.33802, 48.15458, -24063.82421875], [-123.35156, 48.15451, -23624.44140625]]], [[[-123.90614, 48.13638, -2165.09619140625], [-123.8991, 48.13855, -2531.0185546875], [-123.90649, 48.14012, -2930.27197265625], [-123.90614, 48.13638, -2165.09619140625]]], [[[-123.45744, 48.12509, -14317.3515625], [-123.44608, 48.12041, -13901.1328125], [-123.44439, 48.12476, -14786.27734375], [-123.45744, 48.12509, -14317.3515625]]], [[[-123.29077, 48.17674, -29780.9609375], [-123.27876, 48.17355, -29259.630859375], [-123.27715, 48.17791, -30134.662109375], [-123.29077, 48.17674, -29780.9609375]]], [[[-123.65018, 48.09313, -3940.23486328125], [-123.65748, 48.08942, -3110.6123046875], [-123.64437, 48.08843, -3121.52880859375], [-123.65018, 48.09313, -3940.23486328125]]], [[[-123.49557, 48.20422, -28434.748046875], [-123.48752, 48.2078, -29241.76953125], [-123.50043, 48.20912, -29280.75390625], [-123.49557, 48.20422, -28434.748046875]]], [[[-123.71337, 48.21811, -25181.91796875], [-123.71509, 48.21432, -24412.859375], [-123.70535, 48.2121, -24410.123046875], [-123.71337, 48.21811, -25181.91796875]]], [[[-123.48888, 48.06455, -2045.406982421875], [-123.49841, 48.06201, -1320.15087890625], [-123.48469, 48.05959, -1178.3013916015625], [-123.48888, 48.06455, -2045.406982421875]]], [[[-123.39272, 48.18863, -28562.2265625], [-123.37917, 48.18607, -28587.15625], [-123.38472, 48.19129, -29396.87109375], [-123.39272, 48.18863, -28562.2265625]]], [[[-123.7051, 48.08335, -664.8980102539062], [-123.71367, 48.08092, 136.00233459472656], [-123.70096, 48.07799, 155.19345092773438], [-123.7051, 48.08335, -664.8980102539062]]], [[[-123.64558, 48.07993, -1467.2725830078125], [-123.64017, 48.075, -657.2096557617188], [-123.63303, 48.07858, -1503.6873779296875], [-123.64558, 48.07993, -1467.2725830078125]]], [[[-123.38226, 48.17791, -26947.060546875], [-123.3741, 48.18093, -27758.525390625], [-123.38737, 48.18313, -27773.658203125], [-123.38226, 48.17791, -26947.060546875]]], [[[-123.38151, 48.07128, -6950.294921875], [-123.36826, 48.07149, -7443.28076171875], [-123.38181, 48.07595, -7814.400390625], [-123.38151, 48.07128, -6950.294921875]]], [[[-123.44801, 48.21117, -30975.505859375], [-123.4528, 48.21674, -31798.39453125], [-123.45988, 48.21346, -30913.3046875], [-123.44801, 48.21117, -30975.505859375]]], [[[-123.61283, 48.08042, -2309.16064453125], [-123.62029, 48.0771, -1481.3341064453125], [-123.60658, 48.07537, -1541.9068603515625], [-123.61283, 48.08042, -2309.16064453125]]], [[[-123.61759, 48.11639, -9066.8837890625], [-123.62962, 48.11818, -9108.9443359375], [-123.62539, 48.11291, -8207.162109375], [-123.61759, 48.11639, -9066.8837890625]]], [[[-123.73997, 48.20023, -20820.734375], [-123.72567, 48.19991, -21270.767578125], [-123.7378, 48.20442, -21685.291015625], [-123.73997, 48.20023, -20820.734375]]], [[[-123.59157, 48.08255, -3170.339599609375], [-123.58349, 48.08608, -3973.04541015625], [-123.5978, 48.08723, -3972.73193359375], [-123.59157, 48.08255, -3170.339599609375]]], [[[-123.78359, 48.1889, -16750.314453125], [-123.78198, 48.19328, -17622.705078125], [-123.79514, 48.19436, -17110.21484375], [-123.78359, 48.1889, -16750.314453125]]], [[[-123.33159, 48.17209, -27569.71875], [-123.33324, 48.1677, -26688.076171875], [-123.32015, 48.16722, -27166.232421875], [-123.33159, 48.17209, -27569.71875]]], [[[-123.54734, 48.0865, -4745.94970703125], [-123.54141, 48.0813, -3928.15478515625], [-123.53253, 48.08439, -4716.04736328125], [-123.54734, 48.0865, -4745.94970703125]]], [[[-123.64898, 48.1381, -12547.9755859375], [-123.64421, 48.13294, -11723.486328125], [-123.63649, 48.13656, -12534.5703125], [-123.64898, 48.1381, -12547.9755859375]]], [[[-123.71509, 48.21432, -24412.859375], [-123.71337, 48.21811, -25181.91796875], [-123.72291, 48.21691, -24544.166015625], [-123.71509, 48.21432, -24412.859375]]], [[[-123.56378, 48.07934, -3149.8662109375], [-123.55774, 48.07474, -2323.42138671875], [-123.54989, 48.07831, -3123.10009765625], [-123.56378, 48.07934, -3149.8662109375]]], [[[-123.73883, 48.17895, -16909.80078125], [-123.73006, 48.17954, -17365.244140625], [-123.73768, 48.18113, -17355.646484375], [-123.73883, 48.17895, -16909.80078125]]], [[[-123.43239, 48.19582, -28499.8203125], [-123.43747, 48.20084, -29338.537109375], [-123.44464, 48.19747, -28492.337890625], [-123.43239, 48.19582, -28499.8203125]]], [[[-123.77252, 48.21962, -22857.36328125], [-123.78408, 48.22498, -23229.990234375], [-123.78565, 48.2206, -22355.330078125], [-123.77252, 48.21962, -22857.36328125]]], [[[-123.56968, 48.08445, -3954.442626953125], [-123.56378, 48.07934, -3149.8662109375], [-123.55586, 48.08298, -3945.427490234375], [-123.56968, 48.08445, -3954.442626953125]]], [[[-123.35843, 48.18722, -29404.220703125], [-123.34492, 48.18425, -29435.791015625], [-123.35031, 48.18982, -30239.5], [-123.35843, 48.18722, -29404.220703125]]], [[[-123.92451, 48.13336, -1485.721923828125], [-123.93069, 48.12957, -632.6893920898438], [-123.91976, 48.12861, -630.8294677734375], [-123.92451, 48.13336, -1485.721923828125]]], [[[-123.50366, 48.11579, -11225.7568359375], [-123.51288, 48.11276, -10454.625], [-123.49772, 48.1107, -10416.0166015625], [-123.50366, 48.11579, -11225.7568359375]]], [[[-123.5771, 48.23478, -32551.6328125], [-123.56362, 48.23349, -32536.2421875], [-123.56908, 48.23834, -33392.20703125], [-123.5771, 48.23478, -32551.6328125]]], [[[-123.65018, 48.09313, -3940.23486328125], [-123.66263, 48.09463, -3929.62451171875], [-123.65748, 48.08942, -3110.6123046875], [-123.65018, 48.09313, -3940.23486328125]]], [[[-123.71509, 48.21432, -24412.859375], [-123.72291, 48.21691, -24544.166015625], [-123.72432, 48.2138, -23914.908203125], [-123.71509, 48.21432, -24412.859375]]], [[[-123.6803, 48.10129, -4814.7041015625], [-123.675, 48.0964, -3973.57421875], [-123.66718, 48.09988, -4777.7333984375], [-123.6803, 48.10129, -4814.7041015625]]], [[[-123.36904, 48.10648, -13996.5732421875], [-123.35554, 48.10648, -14441.4326171875], [-123.36745, 48.11085, -14871.853515625], [-123.36904, 48.10648, -13996.5732421875]]], [[[-123.78408, 48.22498, -23229.990234375], [-123.79571, 48.23042, -23593.037109375], [-123.79729, 48.22604, -22720.875], [-123.78408, 48.22498, -23229.990234375]]], [[[-123.58978, 48.0908, -4788.22119140625], [-123.58162, 48.09444, -5613.955078125], [-123.5952, 48.09573, -5651.72119140625], [-123.58978, 48.0908, -4788.22119140625]]], [[[-123.51397, 48.21074, -29250.599609375], [-123.50043, 48.20912, -29280.75390625], [-123.5062, 48.2142, -30086.0234375], [-123.51397, 48.21074, -29250.599609375]]], [[[-123.88637, 48.14598, -4159.40625], [-123.8744, 48.14261, -3924.317626953125], [-123.87957, 48.14961, -4976.79638671875], [-123.88637, 48.14598, -4159.40625]]], [[[-123.7474, 48.18298, -17325.53125], [-123.75916, 48.18268, -16886.490234375], [-123.74875, 48.17855, -16452.169921875], [-123.7474, 48.18298, -17325.53125]]], [[[-123.72291, 48.21691, -24544.166015625], [-123.72851, 48.22076, -25079.19921875], [-123.73412, 48.2179, -24327.263671875], [-123.72291, 48.21691, -24544.166015625]]], [[[-123.66493, 48.10863, -6498.716796875], [-123.65975, 48.10331, -5655.126953125], [-123.65224, 48.10671, -6531.607421875], [-123.66493, 48.10863, -6498.716796875]]], [[[-123.44077, 48.10202, -10619.2041015625], [-123.4272, 48.09833, -10370.10546875], [-123.4259, 48.10281, -11256.4541015625], [-123.44077, 48.10202, -10619.2041015625]]], [[[-123.41983, 48.0561, -2719.58203125], [-123.42785, 48.05318, -1909.6827392578125], [-123.4151, 48.05103, -1882.547607421875], [-123.41983, 48.0561, -2719.58203125]]], [[[-123.68109, 48.15154, -14251.876953125], [-123.6883, 48.14853, -13397.66796875], [-123.6766, 48.14633, -13420.62109375], [-123.68109, 48.15154, -14251.876953125]]], [[[-123.94622, 48.14172, -2160.209716796875], [-123.94794, 48.13759, -1321.2119140625], [-123.93607, 48.13541, -1591.01806640625], [-123.94622, 48.14172, -2160.209716796875]]], [[[-123.30489, 48.13723, -21898.951171875], [-123.29317, 48.13424, -21384.380859375], [-123.29157, 48.1386, -22259.40625], [-123.30489, 48.13723, -21898.951171875]]], [[[-123.56378, 48.07934, -3149.8662109375], [-123.57785, 48.08131, -3136.414306640625], [-123.57179, 48.07619, -2332.644287109375], [-123.56378, 48.07934, -3149.8662109375]]], [[[-123.44608, 48.12041, -13901.1328125], [-123.43254, 48.12043, -14354.2490234375], [-123.44439, 48.12476, -14786.27734375], [-123.44608, 48.12041, -13901.1328125]]], [[[-123.75754, 48.18706, -17758.603515625], [-123.76868, 48.19262, -18108.46484375], [-123.77029, 48.18824, -17235.689453125], [-123.75754, 48.18706, -17758.603515625]]], [[[-123.49841, 48.06201, -1320.15087890625], [-123.5068, 48.0593, -520.7788696289062], [-123.49469, 48.05701, -462.60205078125], [-123.49841, 48.06201, -1320.15087890625]]], [[[-123.35194, 48.07993, -9659.8876953125], [-123.33888, 48.07974, -10119.9140625], [-123.35036, 48.08429, -10535.20703125], [-123.35194, 48.07993, -9659.8876953125]]], [[[-123.84912, 48.28759, -32321.765625], [-123.84174, 48.29163, -33142.97265625], [-123.85535, 48.29159, -33142.89453125], [-123.84912, 48.28759, -32321.765625]]], [[[-123.65505, 48.12084, -9104.17578125], [-123.65887, 48.12618, -9996.6455078125], [-123.66637, 48.12246, -9144.119140625], [-123.65505, 48.12084, -9104.17578125]]], [[[-123.4404, 48.16287, -22016.087890625], [-123.44512, 48.16741, -22735.080078125], [-123.45294, 48.16397, -21906.98828125], [-123.4404, 48.16287, -22016.087890625]]], [[[-123.62353, 48.09037, -3961.1025390625], [-123.63102, 48.08689, -3130.880126953125], [-123.61789, 48.08548, -3136.292724609375], [-123.62353, 48.09037, -3961.1025390625]]], [[[-123.72206, 48.17294, -16530.17578125], [-123.71222, 48.16865, -16135.0537109375], [-123.71044, 48.17291, -16992.505859375], [-123.72206, 48.17294, -16530.17578125]]], [[[-123.91, 48.14271, -3499.29296875], [-123.91938, 48.14582, -3975.740478515625], [-123.92079, 48.14144, -3105.934814453125], [-123.91, 48.14271, -3499.29296875]]], [[[-123.45003, 48.11178, -12118.02734375], [-123.44974, 48.10682, -11222.267578125], [-123.4374, 48.10716, -11691.802734375], [-123.45003, 48.11178, -12118.02734375]]], [[[-123.36346, 48.15928, -24029.833984375], [-123.36505, 48.15492, -23154.482421875], [-123.35156, 48.15451, -23624.44140625], [-123.36346, 48.15928, -24029.833984375]]], [[[-123.62533, 48.08197, -2315.05615234375], [-123.63872, 48.08351, -2308.723388671875], [-123.63303, 48.07858, -1503.6873779296875], [-123.62533, 48.08197, -2315.05615234375]]], [[[-123.47569, 48.1119, -11397.708984375], [-123.48448, 48.10854, -10516.4775390625], [-123.47092, 48.10651, -10503.8408203125], [-123.47569, 48.1119, -11397.708984375]]], [[[-123.71509, 48.21432, -24412.859375], [-123.72432, 48.2138, -23914.908203125], [-123.71434, 48.21037, -23721.59375], [-123.71509, 48.21432, -24412.859375]]], [[[-123.69567, 48.1456, -12544.3173828125], [-123.7005, 48.15093, -13393.7568359375], [-123.70786, 48.14787, -12539.1064453125], [-123.69567, 48.1456, -12544.3173828125]]], [[[-123.86836, 48.13608, -3002.723388671875], [-123.8639, 48.13063, -2213.802978515625], [-123.85486, 48.13258, -3021.52490234375], [-123.86836, 48.13608, -3002.723388671875]]], [[[-123.30596, 48.09929, -14384.158203125], [-123.29428, 48.09704, -13824.7353515625], [-123.29268, 48.10138, -14700.9462890625], [-123.30596, 48.09929, -14384.158203125]]], [[[-123.31609, 48.10655, -15780.029296875], [-123.30436, 48.10366, -15259.1884765625], [-123.30276, 48.10803, -16134.22265625], [-123.31609, 48.10655, -15780.029296875]]], [[[-123.56174, 48.08768, -4790.98291015625], [-123.55586, 48.08298, -3945.427490234375], [-123.54734, 48.0865, -4745.94970703125], [-123.56174, 48.08768, -4790.98291015625]]], [[[-123.79194, 48.20308, -18857.423828125], [-123.78037, 48.19766, -18495.091796875], [-123.77875, 48.20204, -19367.48046875], [-123.79194, 48.20308, -18857.423828125]]], [[[-123.85603, 48.14647, -5479.1953125], [-123.85164, 48.14068, -4653.91357421875], [-123.84307, 48.14308, -5509.09521484375], [-123.85603, 48.14647, -5479.1953125]]], [[[-123.47623, 48.06296, -1948.1365966796875], [-123.48888, 48.06455, -2045.406982421875], [-123.48469, 48.05959, -1178.3013916015625], [-123.47623, 48.06296, -1948.1365966796875]]], [[[-123.37917, 48.18607, -28587.15625], [-123.37127, 48.18919, -29410.69140625], [-123.38472, 48.19129, -29396.87109375], [-123.37917, 48.18607, -28587.15625]]], [[[-123.72772, 48.1886, -19121.2734375], [-123.73383, 48.19216, -19549.640625], [-123.73555, 48.18821, -18753.892578125], [-123.72772, 48.1886, -19121.2734375]]], [[[-123.493, 48.06963, -2908.402587890625], [-123.48888, 48.06455, -2045.406982421875], [-123.48013, 48.06773, -2825.6240234375], [-123.493, 48.06963, -2908.402587890625]]], [[[-123.64837, 48.17866, -20283.15625], [-123.63931, 48.18188, -21105.857421875], [-123.65477, 48.18373, -21086.93359375], [-123.64837, 48.17866, -20283.15625]]], [[[-123.94622, 48.14172, -2160.209716796875], [-123.93486, 48.14097, -2675.910400390625], [-123.94484, 48.14625, -3046.578369140625], [-123.94622, 48.14172, -2160.209716796875]]], [[[-123.32887, 48.07149, -8786.955078125], [-123.31714, 48.06872, -8258.9521484375], [-123.31554, 48.07308, -9133.9814453125], [-123.32887, 48.07149, -8786.955078125]]], [[[-123.56133, 48.21993, -30034.123046875], [-123.55283, 48.2232, -30880.041015625], [-123.56641, 48.22504, -30863.6328125], [-123.56133, 48.21993, -30034.123046875]]], [[[-123.31013, 48.15857, -25858.28125], [-123.29849, 48.15476, -25395.453125], [-123.29689, 48.15914, -26269.580078125], [-123.31013, 48.15857, -25858.28125]]], [[[-123.93847, 48.16376, -6538.13720703125], [-123.94007, 48.15938, -5665.2470703125], [-123.92773, 48.15846, -6177.6943359375], [-123.93847, 48.16376, -6538.13720703125]]], [[[-123.45269, 48.13822, -16940.638671875], [-123.45427, 48.13384, -16065.9501953125], [-123.44124, 48.13345, -16539.935546875], [-123.45269, 48.13822, -16940.638671875]]], [[[-123.2587, 48.19241, -33047.12109375], [-123.24727, 48.19087, -32578.73046875], [-123.24826, 48.19613, -33654.7109375], [-123.2587, 48.19241, -33047.12109375]]], [[[-123.50782, 48.07262, -2956.0869140625], [-123.51649, 48.06977, -2162.533447265625], [-123.50274, 48.06725, -2150.3173828125], [-123.50782, 48.07262, -2956.0869140625]]], [[[-123.3567, 48.06683, -7033.9287109375], [-123.34367, 48.0666, -7496.84716796875], [-123.35512, 48.0712, -7909.248046875], [-123.3567, 48.06683, -7033.9287109375]]], [[[-123.71509, 48.21432, -24412.859375], [-123.71434, 48.21037, -23721.59375], [-123.70535, 48.2121, -24410.123046875], [-123.71509, 48.21432, -24412.859375]]], [[[-123.57378, 48.06802, -731.8939819335938], [-123.56871, 48.06298, 83.25625610351562], [-123.56072, 48.06655, -697.8102416992188], [-123.57378, 48.06802, -731.8939819335938]]], [[[-123.6766, 48.14633, -13420.62109375], [-123.67238, 48.14124, -12575.708984375], [-123.66527, 48.14467, -13422.7578125], [-123.6766, 48.14633, -13420.62109375]]], [[[-123.73188, 48.19637, -20401.27734375], [-123.72578, 48.19319, -20051.21875], [-123.72163, 48.19547, -20677.07421875], [-123.73188, 48.19637, -20401.27734375]]], [[[-123.66263, 48.09463, -3929.62451171875], [-123.67037, 48.09149, -3098.843017578125], [-123.65748, 48.08942, -3110.6123046875], [-123.66263, 48.09463, -3929.62451171875]]], [[[-123.8386, 48.12412, -2204.548828125], [-123.84692, 48.1215, -1376.2012939453125], [-123.83563, 48.11875, -1352.5977783203125], [-123.8386, 48.12412, -2204.548828125]]], [[[-123.38726, 48.09382, -10898.9453125], [-123.38884, 48.08946, -10023.55078125], [-123.37538, 48.08902, -10495.4853515625], [-123.38726, 48.09382, -10898.9453125]]], [[[-123.57179, 48.07619, -2332.644287109375], [-123.56588, 48.07118, -1542.5550537109375], [-123.55774, 48.07474, -2323.42138671875], [-123.57179, 48.07619, -2332.644287109375]]], [[[-123.37273, 48.1728, -26245.634765625], [-123.35794, 48.17328, -26854.166015625], [-123.36922, 48.17638, -27029.322265625], [-123.37273, 48.1728, -26245.634765625]]], [[[-123.66263, 48.09463, -3929.62451171875], [-123.675, 48.0964, -3973.57421875], [-123.67037, 48.09149, -3098.843017578125], [-123.66263, 48.09463, -3929.62451171875]]], [[[-123.49746, 48.16564, -20920.931640625], [-123.50282, 48.17038, -21785.951171875], [-123.50977, 48.16646, -20924.951171875], [-123.49746, 48.16564, -20920.931640625]]], [[[-123.61926, 48.13018, -11633.064453125], [-123.62437, 48.13516, -12459.576171875], [-123.63233, 48.13165, -11648.880859375], [-123.61926, 48.13018, -11633.064453125]]], [[[-123.6479, 48.1017, -5628.99365234375], [-123.64265, 48.09682, -4769.25732421875], [-123.63507, 48.10046, -5615.685546875], [-123.6479, 48.1017, -5628.99365234375]]], [[[-123.74833, 48.15932, -12899.6357421875], [-123.76179, 48.15949, -12431.9892578125], [-123.75008, 48.15515, -12057.822265625], [-123.74833, 48.15932, -12899.6357421875]]], [[[-123.60883, 48.15522, -16642.12109375], [-123.59505, 48.15342, -16603.1640625], [-123.5981, 48.15854, -17534.41796875], [-123.60883, 48.15522, -16642.12109375]]], [[[-123.63102, 48.08689, -3130.880126953125], [-123.62533, 48.08197, -2315.05615234375], [-123.61789, 48.08548, -3136.292724609375], [-123.63102, 48.08689, -3130.880126953125]]], [[[-123.34694, 48.16767, -26257.626953125], [-123.33324, 48.1677, -26688.076171875], [-123.34503, 48.17182, -27100.095703125], [-123.34694, 48.16767, -26257.626953125]]], [[[-123.54989, 48.07831, -3123.10009765625], [-123.55586, 48.08298, -3945.427490234375], [-123.56378, 48.07934, -3149.8662109375], [-123.54989, 48.07831, -3123.10009765625]]], [[[-123.60596, 48.12853, -11624.0947265625], [-123.59785, 48.13193, -12430.06640625], [-123.61127, 48.13339, -12450.9580078125], [-123.60596, 48.12853, -11624.0947265625]]], [[[-123.71434, 48.21037, -23721.59375], [-123.70358, 48.20685, -23512.580078125], [-123.70535, 48.2121, -24410.123046875], [-123.71434, 48.21037, -23721.59375]]], [[[-123.675, 48.0964, -3973.57421875], [-123.68753, 48.09785, -3964.429931640625], [-123.68241, 48.09274, -3141.943115234375], [-123.675, 48.0964, -3973.57421875]]], [[[-123.72643, 48.18579, -18681.6875], [-123.72772, 48.1886, -19121.2734375], [-123.73555, 48.18821, -18753.892578125], [-123.72643, 48.18579, -18681.6875]]], [[[-123.49469, 48.05701, -462.60205078125], [-123.5068, 48.0593, -520.7788696289062], [-123.50318, 48.05404, 320.024658203125], [-123.49469, 48.05701, -462.60205078125]]], [[[-123.34367, 48.0666, -7496.84716796875], [-123.34526, 48.06222, -6622.49169921875], [-123.33206, 48.06272, -7038.6884765625], [-123.34367, 48.0666, -7496.84716796875]]], [[[-123.43515, 48.0915, -8771.890625], [-123.43249, 48.0863, -7917.64990234375], [-123.41849, 48.0883, -8847.3330078125], [-123.43515, 48.0915, -8771.890625]]], [[[-123.57378, 48.06802, -731.8939819335938], [-123.58798, 48.06962, -728.4635620117188], [-123.58181, 48.06497, 73.51586151123047], [-123.57378, 48.06802, -731.8939819335938]]], [[[-123.65477, 48.18373, -21086.93359375], [-123.64581, 48.1869, -21914.748046875], [-123.66133, 48.1891, -21916.287109375], [-123.65477, 48.18373, -21086.93359375]]], [[[-123.42728, 48.19047, -27722.900390625], [-123.43239, 48.19582, -28499.8203125], [-123.43978, 48.19237, -27668.80078125], [-123.42728, 48.19047, -27722.900390625]]], [[[-123.64437, 48.08843, -3121.52880859375], [-123.65157, 48.08467, -2287.443359375], [-123.63872, 48.08351, -2308.723388671875], [-123.64437, 48.08843, -3121.52880859375]]], [[[-123.28516, 48.15608, -25759.513671875], [-123.29849, 48.15476, -25395.453125], [-123.28676, 48.15171, -24884.486328125], [-123.28516, 48.15608, -25759.513671875]]], [[[-123.92079, 48.14144, -3105.934814453125], [-123.93253, 48.14531, -3560.4140625], [-123.93486, 48.14097, -2675.910400390625], [-123.92079, 48.14144, -3105.934814453125]]], [[[-123.3341, 48.09288, -12742.9873046875], [-123.33569, 48.0885, -11868.62890625], [-123.32248, 48.08902, -12283.48828125], [-123.3341, 48.09288, -12742.9873046875]]], [[[-123.77875, 48.20204, -19367.48046875], [-123.79034, 48.20745, -19731.029296875], [-123.79194, 48.20308, -18857.423828125], [-123.77875, 48.20204, -19367.48046875]]], [[[-123.66535, 48.08634, -2282.2578125], [-123.65964, 48.08127, -1506.5609130859375], [-123.65157, 48.08467, -2287.443359375], [-123.66535, 48.08634, -2282.2578125]]], [[[-123.46918, 48.12882, -14785.416015625], [-123.45585, 48.12947, -15191.244140625], [-123.46759, 48.13319, -15658.8408203125], [-123.46918, 48.12882, -14785.416015625]]], [[[-123.55912, 48.18044, -22548.09765625], [-123.55177, 48.18424, -23389.650390625], [-123.56558, 48.18518, -23362.021484375], [-123.55912, 48.18044, -22548.09765625]]], [[[-123.60548, 48.08379, -3155.8994140625], [-123.61283, 48.08042, -2309.16064453125], [-123.59944, 48.07903, -2366.179931640625], [-123.60548, 48.08379, -3155.8994140625]]], [[[-123.37917, 48.18607, -28587.15625], [-123.36621, 48.18407, -28578.6796875], [-123.37127, 48.18919, -29410.69140625], [-123.37917, 48.18607, -28587.15625]]], [[[-123.91463, 48.15897, -6593.45947265625], [-123.9132, 48.16337, -7466.69970703125], [-123.92613, 48.16285, -7050.125], [-123.91463, 48.15897, -6593.45947265625]]], [[[-123.38033, 48.1507, -21827.484375], [-123.36822, 48.14619, -21403.7578125], [-123.36664, 48.15056, -22279.125], [-123.38033, 48.1507, -21827.484375]]], [[[-123.24826, 48.19613, -33654.7109375], [-123.23411, 48.19232, -32871.73046875], [-123.23251, 48.1967, -33746.171875], [-123.24826, 48.19613, -33654.7109375]]], [[[-123.66535, 48.08634, -2282.2578125], [-123.67799, 48.0879, -2284.792724609375], [-123.67295, 48.08313, -1444.4876708984375], [-123.66535, 48.08634, -2282.2578125]]], [[[-123.45111, 48.14259, -17815.310546875], [-123.43967, 48.13779, -17416.74609375], [-123.4381, 48.14213, -18293.54296875], [-123.45111, 48.14259, -17815.310546875]]], [[[-123.71321, 48.20477, -22741.52734375], [-123.70358, 48.20685, -23512.580078125], [-123.71434, 48.21037, -23721.59375], [-123.71321, 48.20477, -22741.52734375]]], [[[-123.47213, 48.05788, -1102.650390625], [-123.48096, 48.05491, -314.7951354980469], [-123.46922, 48.05243, -250.63796997070312], [-123.47213, 48.05788, -1102.650390625]]], [[[-123.5162, 48.20247, -27618.029296875], [-123.50829, 48.20581, -28438.56640625], [-123.52224, 48.20716, -28443.064453125], [-123.5162, 48.20247, -27618.029296875]]], [[[-123.61283, 48.08042, -2309.16064453125], [-123.62533, 48.08197, -2315.05615234375], [-123.62029, 48.0771, -1481.3341064453125], [-123.61283, 48.08042, -2309.16064453125]]], [[[-123.65743, 48.11206, -7376.47900390625], [-123.65224, 48.10671, -6531.607421875], [-123.6447, 48.11055, -7386.837890625], [-123.65743, 48.11206, -7376.47900390625]]], [[[-123.81493, 48.17788, -13110.9765625], [-123.81333, 48.18226, -13983.9248046875], [-123.82687, 48.18286, -13504.5087890625], [-123.81493, 48.17788, -13110.9765625]]], [[[-123.39745, 48.14183, -19645.490234375], [-123.39587, 48.14619, -20521.02734375], [-123.40946, 48.14654, -20055.2890625], [-123.39745, 48.14183, -19645.490234375]]], [[[-123.44867, 48.11614, -12986.9677734375], [-123.4358, 48.11171, -12601.728515625], [-123.43413, 48.11607, -13479.1279296875], [-123.44867, 48.11614, -12986.9677734375]]], [[[-123.58798, 48.06962, -728.4635620117188], [-123.59517, 48.06594, 89.03192901611328], [-123.58181, 48.06497, 73.51586151123047], [-123.58798, 48.06962, -728.4635620117188]]], [[[-123.45199, 48.19408, -27650.66015625], [-123.46478, 48.19652, -27580.375], [-123.45931, 48.19115, -26806.087890625], [-123.45199, 48.19408, -27650.66015625]]], [[[-123.86321, 48.27778, -30362.85546875], [-123.87141, 48.28129, -30930.296875], [-123.87229, 48.27722, -30128.603515625], [-123.86321, 48.27778, -30362.85546875]]], [[[-123.66535, 48.08634, -2282.2578125], [-123.67295, 48.08313, -1444.4876708984375], [-123.65964, 48.08127, -1506.5609130859375], [-123.66535, 48.08634, -2282.2578125]]], [[[-123.73555, 48.18821, -18753.892578125], [-123.73383, 48.19216, -19549.640625], [-123.74359, 48.19162, -19080.544921875], [-123.73555, 48.18821, -18753.892578125]]], [[[-123.63102, 48.08689, -3130.880126953125], [-123.64437, 48.08843, -3121.52880859375], [-123.63872, 48.08351, -2308.723388671875], [-123.63102, 48.08689, -3130.880126953125]]], [[[-123.45636, 48.09068, -7923.2607421875], [-123.4519, 48.08499, -7067.60546875], [-123.4438, 48.08828, -7917.20068359375], [-123.45636, 48.09068, -7923.2607421875]]], [[[-123.48096, 48.05491, -314.7951354980469], [-123.49011, 48.05202, 372.5304260253906], [-123.47731, 48.05005, 585.2930297851562], [-123.48096, 48.05491, -314.7951354980469]]], [[[-123.46759, 48.13319, -15658.8408203125], [-123.45427, 48.13384, -16065.9501953125], [-123.46601, 48.13757, -16533.26171875], [-123.46759, 48.13319, -15658.8408203125]]], [[[-123.55807, 48.22835, -31709.677734375], [-123.56362, 48.23349, -32536.2421875], [-123.57176, 48.22984, -31710.15234375], [-123.55807, 48.22835, -31709.677734375]]], [[[-123.74091, 48.16558, -14332.642578125], [-123.75166, 48.16484, -13799.365234375], [-123.73775, 48.16103, -13625.0361328125], [-123.74091, 48.16558, -14332.642578125]]], [[[-123.92079, 48.14144, -3105.934814453125], [-123.92669, 48.13781, -2298.322998046875], [-123.91524, 48.13737, -2393.726318359375], [-123.92079, 48.14144, -3105.934814453125]]], [[[-123.64773, 48.12429, -9985.1640625], [-123.65505, 48.12084, -9104.17578125], [-123.64269, 48.11943, -9131.68359375], [-123.64773, 48.12429, -9985.1640625]]], [[[-123.29208, 48.17228, -28891.98046875], [-123.27876, 48.17355, -29259.630859375], [-123.29077, 48.17674, -29780.9609375], [-123.29208, 48.17228, -28891.98046875]]], [[[-123.61086, 48.089, -3979.905029296875], [-123.61789, 48.08548, -3136.292724609375], [-123.60548, 48.08379, -3155.8994140625], [-123.61086, 48.089, -3979.905029296875]]], [[[-123.66133, 48.1891, -21916.287109375], [-123.64581, 48.1869, -21914.748046875], [-123.65194, 48.192, -22727.826171875], [-123.66133, 48.1891, -21916.287109375]]], [[[-123.79994, 48.18126, -14489.388671875], [-123.81172, 48.18663, -14856.8779296875], [-123.81333, 48.18226, -13983.9248046875], [-123.79994, 48.18126, -14489.388671875]]], [[[-123.69911, 48.20104, -22635.830078125], [-123.70358, 48.20685, -23512.580078125], [-123.71321, 48.20477, -22741.52734375], [-123.69911, 48.20104, -22635.830078125]]], [[[-123.46102, 48.05489, -1081.521484375], [-123.45648, 48.04996, -263.3752746582031], [-123.44798, 48.05274, -1044.63818359375], [-123.46102, 48.05489, -1081.521484375]]], [[[-123.64233, 48.17295, -19327.865234375], [-123.63306, 48.17651, -20283.462890625], [-123.64837, 48.17866, -20283.15625], [-123.64233, 48.17295, -19327.865234375]]], [[[-123.42728, 48.19047, -27722.900390625], [-123.41941, 48.19311, -28555.171875], [-123.43239, 48.19582, -28499.8203125], [-123.42728, 48.19047, -27722.900390625]]], [[[-123.48469, 48.05959, -1178.3013916015625], [-123.49469, 48.05701, -462.60205078125], [-123.48096, 48.05491, -314.7951354980469], [-123.48469, 48.05959, -1178.3013916015625]]], [[[-123.26383, 48.17965, -30472.740234375], [-123.25058, 48.18188, -30781.392578125], [-123.26236, 48.18405, -31358.28125], [-123.26383, 48.17965, -30472.740234375]]], [[[-123.79834, 48.18563, -15362.9970703125], [-123.81012, 48.19101, -15729.833984375], [-123.81172, 48.18663, -14856.8779296875], [-123.79834, 48.18563, -15362.9970703125]]], [[[-123.86562, 48.14432, -4629.07568359375], [-123.86696, 48.14941, -5494.4814453125], [-123.87957, 48.14961, -4976.79638671875], [-123.86562, 48.14432, -4629.07568359375]]], [[[-123.53448, 48.06357, -638.0106811523438], [-123.54733, 48.06496, -667.2371826171875], [-123.54228, 48.05995, 151.11476135253906], [-123.53448, 48.06357, -638.0106811523438]]], [[[-123.59016, 48.23637, -32505.96875], [-123.58275, 48.23999, -33368.45703125], [-123.59562, 48.2412, -33358.1640625], [-123.59016, 48.23637, -32505.96875]]], [[[-123.31714, 48.06872, -8258.9521484375], [-123.30548, 48.0666, -7691.25927734375], [-123.30388, 48.07095, -8567.4697265625], [-123.31714, 48.06872, -8258.9521484375]]], [[[-123.71874, 48.18166, -18268.7890625], [-123.72852, 48.18392, -18236.18359375], [-123.72868, 48.18158, -17803.9140625], [-123.71874, 48.18166, -18268.7890625]]], [[[-123.48096, 48.05491, -314.7951354980469], [-123.49469, 48.05701, -462.60205078125], [-123.49011, 48.05202, 372.5304260253906], [-123.48096, 48.05491, -314.7951354980469]]], [[[-123.64837, 48.17866, -20283.15625], [-123.63306, 48.17651, -20283.462890625], [-123.63931, 48.18188, -21105.857421875], [-123.64837, 48.17866, -20283.15625]]], [[[-123.36826, 48.07149, -7443.28076171875], [-123.36976, 48.0668, -6512.49951171875], [-123.3567, 48.06683, -7033.9287109375], [-123.36826, 48.07149, -7443.28076171875]]], [[[-123.45243, 48.09909, -9666.056640625], [-123.43976, 48.09691, -9671.3544921875], [-123.44077, 48.10202, -10619.2041015625], [-123.45243, 48.09909, -9666.056640625]]], [[[-123.62533, 48.08197, -2315.05615234375], [-123.63303, 48.07858, -1503.6873779296875], [-123.62029, 48.0771, -1481.3341064453125], [-123.62533, 48.08197, -2315.05615234375]]], [[[-123.6015, 48.1235, -10739.7646484375], [-123.60958, 48.11997, -9911.916015625], [-123.59598, 48.11828, -9919.0263671875], [-123.6015, 48.1235, -10739.7646484375]]], [[[-123.84021, 48.18359, -13014.2470703125], [-123.8533, 48.18449, -12511.544921875], [-123.84181, 48.17922, -12141.017578125], [-123.84021, 48.18359, -13014.2470703125]]], [[[-123.37992, 48.05788, -4498.126953125], [-123.38784, 48.0549, -3653.98779296875], [-123.37493, 48.05257, -3667.3193359375], [-123.37992, 48.05788, -4498.126953125]]], [[[-123.60335, 48.23744, -32516.087890625], [-123.59562, 48.2412, -33358.1640625], [-123.60934, 48.24219, -33353.57421875], [-123.60335, 48.23744, -32516.087890625]]], [[[-123.53109, 48.07162, -2243.626708984375], [-123.53963, 48.06819, -1482.6241455078125], [-123.52581, 48.06698, -1402.2689208984375], [-123.53109, 48.07162, -2243.626708984375]]], [[[-123.31394, 48.07745, -10009.0107421875], [-123.31554, 48.07308, -9133.9814453125], [-123.30228, 48.07529, -9443.6806640625], [-123.31394, 48.07745, -10009.0107421875]]], [[[-123.69911, 48.20104, -22635.830078125], [-123.68834, 48.20319, -23508.53515625], [-123.70358, 48.20685, -23512.580078125], [-123.69911, 48.20104, -22635.830078125]]], [[[-123.62029, 48.0771, -1481.3341064453125], [-123.6279, 48.07364, -666.97265625], [-123.61373, 48.07203, -705.8229370117188], [-123.62029, 48.0771, -1481.3341064453125]]], [[[-123.35512, 48.0712, -7909.248046875], [-123.34207, 48.07098, -8371.203125], [-123.35353, 48.07556, -8784.5673828125], [-123.35512, 48.0712, -7909.248046875]]], [[[-123.45988, 48.21346, -30913.3046875], [-123.46713, 48.21003, -30056.283203125], [-123.45507, 48.20803, -30096.4140625], [-123.45988, 48.21346, -30913.3046875]]], [[[-123.58798, 48.06962, -728.4635620117188], [-123.60128, 48.07061, -714.3824462890625], [-123.59517, 48.06594, 89.03192901611328], [-123.58798, 48.06962, -728.4635620117188]]], [[[-123.45269, 48.13822, -16940.638671875], [-123.44124, 48.13345, -16539.935546875], [-123.43967, 48.13779, -17416.74609375], [-123.45269, 48.13822, -16940.638671875]]], [[[-123.54757, 48.21837, -30040.369140625], [-123.55283, 48.2232, -30880.041015625], [-123.56133, 48.21993, -30034.123046875], [-123.54757, 48.21837, -30040.369140625]]], [[[-123.57378, 48.06802, -731.8939819335938], [-123.58181, 48.06497, 73.51586151123047], [-123.56871, 48.06298, 83.25625610351562], [-123.57378, 48.06802, -731.8939819335938]]], [[[-123.72415, 48.16827, -15586.009765625], [-123.71348, 48.16425, -15274.916015625], [-123.71222, 48.16865, -16135.0537109375], [-123.72415, 48.16827, -15586.009765625]]], [[[-123.93486, 48.14097, -2675.910400390625], [-123.94622, 48.14172, -2160.209716796875], [-123.93607, 48.13541, -1591.01806640625], [-123.93486, 48.14097, -2675.910400390625]]], [[[-123.3714, 48.13746, -19653.01171875], [-123.38509, 48.13761, -19201.65234375], [-123.37299, 48.1331, -18777.625], [-123.3714, 48.13746, -19653.01171875]]], [[[-123.69911, 48.20104, -22635.830078125], [-123.68383, 48.19747, -22635.58203125], [-123.68834, 48.20319, -23508.53515625], [-123.69911, 48.20104, -22635.830078125]]], [[[-123.58612, 48.0778, -2334.8349609375], [-123.59398, 48.07426, -1533.9801025390625], [-123.57984, 48.07312, -1525.3375244140625], [-123.58612, 48.0778, -2334.8349609375]]], [[[-123.74833, 48.15932, -12899.6357421875], [-123.73816, 48.15241, -12047.640625], [-123.73141, 48.15522, -12885.68359375], [-123.74833, 48.15932, -12899.6357421875]]], [[[-123.4381, 48.14213, -18293.54296875], [-123.42463, 48.14226, -18731.197265625], [-123.43653, 48.14648, -19170.322265625], [-123.4381, 48.14213, -18293.54296875]]], [[[-123.71874, 48.18166, -18268.7890625], [-123.70709, 48.18156, -18721.796875], [-123.71715, 48.1861, -19150.341796875], [-123.71874, 48.18166, -18268.7890625]]], [[[-123.58798, 48.06962, -728.4635620117188], [-123.59398, 48.07426, -1533.9801025390625], [-123.60128, 48.07061, -714.3824462890625], [-123.58798, 48.06962, -728.4635620117188]]], [[[-123.74071, 48.17408, -15935.4931640625], [-123.73419, 48.17071, -15556.15625], [-123.73131, 48.17261, -16048.7509765625], [-123.74071, 48.17408, -15935.4931640625]]], [[[-123.85491, 48.18011, -11639.25390625], [-123.8664, 48.185, -12032.419921875], [-123.868, 48.18062, -11159.9931640625], [-123.85491, 48.18011, -11639.25390625]]], [[[-123.35236, 48.11522, -16191.009765625], [-123.35395, 48.11085, -15316.2177734375], [-123.34083, 48.11048, -15787.16015625], [-123.35236, 48.11522, -16191.009765625]]], [[[-123.35474, 48.14578, -21873.97265625], [-123.34121, 48.14584, -22314.341796875], [-123.35315, 48.15014, -22749.208984375], [-123.35474, 48.14578, -21873.97265625]]], [[[-123.52181, 48.07486, -2998.956787109375], [-123.53109, 48.07162, -2243.626708984375], [-123.51649, 48.06977, -2162.533447265625], [-123.52181, 48.07486, -2998.956787109375]]], [[[-123.77875, 48.20204, -19367.48046875], [-123.77714, 48.20643, -20239.873046875], [-123.79034, 48.20745, -19731.029296875], [-123.77875, 48.20204, -19367.48046875]]], [[[-123.46102, 48.05489, -1081.521484375], [-123.46922, 48.05243, -250.63796997070312], [-123.45648, 48.04996, -263.3752746582031], [-123.46102, 48.05489, -1081.521484375]]], [[[-123.71062, 48.24924, -31004.0703125], [-123.6957, 48.24519, -30893.193359375], [-123.70431, 48.2504, -31484.267578125], [-123.71062, 48.24924, -31004.0703125]]], [[[-123.53963, 48.06819, -1482.6241455078125], [-123.53448, 48.06357, -638.0106811523438], [-123.52581, 48.06698, -1402.2689208984375], [-123.53963, 48.06819, -1482.6241455078125]]], [[[-123.35315, 48.15014, -22749.208984375], [-123.33961, 48.15021, -23189.083984375], [-123.35156, 48.15451, -23624.44140625], [-123.35315, 48.15014, -22749.208984375]]], [[[-123.85836, 48.20691, -16394.5546875], [-123.85997, 48.20253, -15522.1279296875], [-123.84687, 48.20202, -16000.70703125], [-123.85836, 48.20691, -16394.5546875]]], [[[-123.32088, 48.0934, -13157.62109375], [-123.30915, 48.09056, -12634.0986328125], [-123.30756, 48.09492, -13509.12890625], [-123.32088, 48.0934, -13157.62109375]]], [[[-123.29368, 48.1679, -28017.85546875], [-123.28196, 48.16481, -27509.572265625], [-123.28036, 48.16918, -28384.6015625], [-123.29368, 48.1679, -28017.85546875]]], [[[-123.54733, 48.06496, -667.2371826171875], [-123.56072, 48.06655, -697.8102416992188], [-123.55539, 48.06191, 137.1762237548828], [-123.54733, 48.06496, -667.2371826171875]]], [[[-123.40338, 48.08951, -9536.4912109375], [-123.38884, 48.08946, -10023.55078125], [-123.40095, 48.09395, -10448.484375], [-123.40338, 48.08951, -9536.4912109375]]], [[[-123.69911, 48.20104, -22635.830078125], [-123.69796, 48.19555, -21684.728515625], [-123.68383, 48.19747, -22635.58203125], [-123.69911, 48.20104, -22635.830078125]]], [[[-123.61789, 48.08548, -3136.292724609375], [-123.61283, 48.08042, -2309.16064453125], [-123.60548, 48.08379, -3155.8994140625], [-123.61789, 48.08548, -3136.292724609375]]], [[[-123.42463, 48.14226, -18731.197265625], [-123.4381, 48.14213, -18293.54296875], [-123.42621, 48.13789, -17855.828125], [-123.42463, 48.14226, -18731.197265625]]], [[[-123.80578, 48.2398, -24861.97265625], [-123.79418, 48.23481, -24465.48046875], [-123.79177, 48.23945, -25424.21875], [-123.80578, 48.2398, -24861.97265625]]], [[[-123.50274, 48.06725, -2150.3173828125], [-123.51118, 48.06462, -1343.0992431640625], [-123.49841, 48.06201, -1320.15087890625], [-123.50274, 48.06725, -2150.3173828125]]], [[[-123.65477, 48.18373, -21086.93359375], [-123.63931, 48.18188, -21105.857421875], [-123.64581, 48.1869, -21914.748046875], [-123.65477, 48.18373, -21086.93359375]]], [[[-123.82526, 48.18723, -14377.1640625], [-123.83861, 48.18796, -13887.474609375], [-123.82687, 48.18286, -13504.5087890625], [-123.82526, 48.18723, -14377.1640625]]], [[[-123.45111, 48.14259, -17815.310546875], [-123.46443, 48.14195, -17407.658203125], [-123.45269, 48.13822, -16940.638671875], [-123.45111, 48.14259, -17815.310546875]]], [[[-123.68558, 48.08439, -1476.1468505859375], [-123.68053, 48.07961, -641.75830078125], [-123.67295, 48.08313, -1444.4876708984375], [-123.68558, 48.08439, -1476.1468505859375]]], [[[-123.4406, 48.05567, -1897.483642578125], [-123.45271, 48.05783, -1868.1907958984375], [-123.44798, 48.05274, -1044.63818359375], [-123.4406, 48.05567, -1897.483642578125]]], [[[-123.32292, 48.12353, -18863.53125], [-123.31129, 48.1197, -18402.45703125], [-123.30969, 48.12408, -19276.580078125], [-123.32292, 48.12353, -18863.53125]]], [[[-123.79834, 48.18563, -15362.9970703125], [-123.81172, 48.18663, -14856.8779296875], [-123.79994, 48.18126, -14489.388671875], [-123.79834, 48.18563, -15362.9970703125]]], [[[-123.42621, 48.13789, -17855.828125], [-123.43967, 48.13779, -17416.74609375], [-123.42779, 48.13353, -16980.447265625], [-123.42621, 48.13789, -17855.828125]]], [[[-123.5062, 48.2142, -30086.0234375], [-123.49259, 48.21258, -30095.990234375], [-123.49817, 48.21747, -30925.359375], [-123.5062, 48.2142, -30086.0234375]]], [[[-123.44798, 48.05274, -1044.63818359375], [-123.45648, 48.04996, -263.3752746582031], [-123.44331, 48.04737, -244.26617431640625], [-123.44798, 48.05274, -1044.63818359375]]], [[[-123.73528, 48.20889, -22613.52734375], [-123.74803, 48.21338, -22987.576171875], [-123.74933, 48.20896, -22117.275390625], [-123.73528, 48.20889, -22613.52734375]]], [[[-123.57179, 48.07619, -2332.644287109375], [-123.57984, 48.07312, -1525.3375244140625], [-123.56588, 48.07118, -1542.5550537109375], [-123.57179, 48.07619, -2332.644287109375]]], [[[-123.51114, 48.19745, -26774.66015625], [-123.50332, 48.2007, -27605.896484375], [-123.5162, 48.20247, -27618.029296875], [-123.51114, 48.19745, -26774.66015625]]], [[[-123.3741, 48.18093, -27758.525390625], [-123.36057, 48.17881, -27758.7109375], [-123.36621, 48.18407, -28578.6796875], [-123.3741, 48.18093, -27758.525390625]]], [[[-123.61639, 48.09403, -4804.56298828125], [-123.61086, 48.089, -3979.905029296875], [-123.6031, 48.09225, -4816.40478515625], [-123.61639, 48.09403, -4804.56298828125]]], [[[-123.78198, 48.19328, -17622.705078125], [-123.78037, 48.19766, -18495.091796875], [-123.79354, 48.19872, -17983.8203125], [-123.78198, 48.19328, -17622.705078125]]], [[[-123.43133, 48.04507, -263.2936096191406], [-123.43895, 48.04199, 570.4140014648438], [-123.42587, 48.03998, 517.22607421875], [-123.43133, 48.04507, -263.2936096191406]]], [[[-123.59797, 48.21082, -27455.7265625], [-123.58991, 48.21423, -28307.4921875], [-123.60356, 48.21572, -28317.466796875], [-123.59797, 48.21082, -27455.7265625]]], [[[-123.63303, 48.07858, -1503.6873779296875], [-123.6279, 48.07364, -666.97265625], [-123.62029, 48.0771, -1481.3341064453125], [-123.63303, 48.07858, -1503.6873779296875]]], [[[-123.69796, 48.19555, -21684.728515625], [-123.69911, 48.20104, -22635.830078125], [-123.71237, 48.1996, -21828.048828125], [-123.69796, 48.19555, -21684.728515625]]], [[[-123.71039, 48.08881, -1455.981689453125], [-123.7191, 48.08608, -658.014892578125], [-123.7051, 48.08335, -664.8980102539062], [-123.71039, 48.08881, -1455.981689453125]]], [[[-123.39807, 48.07941, -7760.775390625], [-123.40411, 48.08522, -8697.8740234375], [-123.40976, 48.08193, -7916.7578125], [-123.39807, 48.07941, -7760.775390625]]], [[[-123.89623, 48.16245, -7352.09765625], [-123.90234, 48.16453, -7843.9033203125], [-123.90388, 48.1603, -7002.72998046875], [-123.89623, 48.16245, -7352.09765625]]], [[[-123.30596, 48.09929, -14384.158203125], [-123.30756, 48.09492, -13509.12890625], [-123.29428, 48.09704, -13824.7353515625], [-123.30596, 48.09929, -14384.158203125]]], [[[-123.72772, 48.1886, -19121.2734375], [-123.72425, 48.19019, -19588.263671875], [-123.73383, 48.19216, -19549.640625], [-123.72772, 48.1886, -19121.2734375]]], [[[-123.66718, 48.09988, -4777.7333984375], [-123.66263, 48.09463, -3929.62451171875], [-123.65546, 48.09799, -4787.865234375], [-123.66718, 48.09988, -4777.7333984375]]], [[[-123.41104, 48.14218, -19179.841796875], [-123.39745, 48.14183, -19645.490234375], [-123.40946, 48.14654, -20055.2890625], [-123.41104, 48.14218, -19179.841796875]]], [[[-123.87661, 48.19273, -13397.71875], [-123.88843, 48.19529, -13939.806640625], [-123.89003, 48.1909, -13067.330078125], [-123.87661, 48.19273, -13397.71875]]], [[[-123.44823, 48.09347, -8786.0673828125], [-123.45636, 48.09068, -7923.2607421875], [-123.4438, 48.08828, -7917.20068359375], [-123.44823, 48.09347, -8786.0673828125]]], [[[-123.59944, 48.07903, -2366.179931640625], [-123.60658, 48.07537, -1541.9068603515625], [-123.59398, 48.07426, -1533.9801025390625], [-123.59944, 48.07903, -2366.179931640625]]], [[[-123.37566, 48.1639, -24471.109375], [-123.36216, 48.1638, -24920.619140625], [-123.37491, 48.16865, -25396.208984375], [-123.37566, 48.1639, -24471.109375]]], [[[-123.69282, 48.08104, -644.4794921875], [-123.69745, 48.08614, -1480.1400146484375], [-123.7051, 48.08335, -664.8980102539062], [-123.69282, 48.08104, -644.4794921875]]], [[[-123.41262, 48.13782, -18304.376953125], [-123.39904, 48.13747, -18769.9375], [-123.41104, 48.14218, -19179.841796875], [-123.41262, 48.13782, -18304.376953125]]], [[[-123.88523, 48.20405, -15684.7578125], [-123.88362, 48.20843, -16557.234375], [-123.89696, 48.20717, -16190.7626953125], [-123.88523, 48.20405, -15684.7578125]]], [[[-123.76237, 48.21022, -21608.859375], [-123.77551, 48.2108, -21111.388671875], [-123.76384, 48.20572, -20723.669921875], [-123.76237, 48.21022, -21608.859375]]], [[[-123.51649, 48.06977, -2162.533447265625], [-123.53109, 48.07162, -2243.626708984375], [-123.52581, 48.06698, -1402.2689208984375], [-123.51649, 48.06977, -2162.533447265625]]], [[[-123.85572, 48.24955, -24753.81640625], [-123.86918, 48.24786, -24409.51171875], [-123.85734, 48.24516, -23876.548828125], [-123.85572, 48.24955, -24753.81640625]]], [[[-123.89114, 48.29544, -32748.251953125], [-123.90088, 48.30094, -33043.47265625], [-123.9025, 48.29655, -32171.771484375], [-123.89114, 48.29544, -32748.251953125]]], [[[-123.75887, 48.25074, -29145.921875], [-123.74996, 48.2527, -29907.787109375], [-123.76414, 48.25633, -29935.4140625], [-123.75887, 48.25074, -29145.921875]]], [[[-123.51118, 48.06462, -1343.0992431640625], [-123.52581, 48.06698, -1402.2689208984375], [-123.52035, 48.06197, -583.8155517578125], [-123.51118, 48.06462, -1343.0992431640625]]], [[[-123.33091, 48.10164, -14491.697265625], [-123.31929, 48.09778, -14031.75390625], [-123.31769, 48.10217, -14905.8876953125], [-123.33091, 48.10164, -14491.697265625]]], [[[-123.88734, 48.23345, -21425.7578125], [-123.90051, 48.23297, -21008.994140625], [-123.88895, 48.22907, -20553.2578125], [-123.88734, 48.23345, -21425.7578125]]], [[[-123.26704, 48.17096, -28720.31640625], [-123.28036, 48.16918, -28384.6015625], [-123.26864, 48.16661, -27844.103515625], [-123.26704, 48.17096, -28720.31640625]]], [[[-123.48469, 48.05959, -1178.3013916015625], [-123.48096, 48.05491, -314.7951354980469], [-123.47213, 48.05788, -1102.650390625], [-123.48469, 48.05959, -1178.3013916015625]]], [[[-123.46478, 48.19652, -27580.375], [-123.45729, 48.19949, -28430.244140625], [-123.46989, 48.20167, -28396.96484375], [-123.46478, 48.19652, -27580.375]]], [[[-123.91333, 48.19791, -14029.5703125], [-123.91173, 48.20229, -14901.998046875], [-123.92412, 48.20315, -14394.1337890625], [-123.91333, 48.19791, -14029.5703125]]], [[[-123.71146, 48.19543, -21094.787109375], [-123.69796, 48.19555, -21684.728515625], [-123.71237, 48.1996, -21828.048828125], [-123.71146, 48.19543, -21094.787109375]]], [[[-123.55539, 48.06191, 137.1762237548828], [-123.56072, 48.06655, -697.8102416992188], [-123.56871, 48.06298, 83.25625610351562], [-123.55539, 48.06191, 137.1762237548828]]], [[[-123.8018, 48.24855, -26638.935546875], [-123.78569, 48.24362, -26486.771484375], [-123.78942, 48.24927, -27326.78125], [-123.8018, 48.24855, -26638.935546875]]], [[[-123.73383, 48.19216, -19549.640625], [-123.74171, 48.19588, -19945.8046875], [-123.74359, 48.19162, -19080.544921875], [-123.73383, 48.19216, -19549.640625]]], [[[-123.75916, 48.18268, -16886.490234375], [-123.7719, 48.18387, -16362.9072265625], [-123.76078, 48.17829, -16014.37890625], [-123.75916, 48.18268, -16886.490234375]]], [[[-123.44823, 48.09347, -8786.0673828125], [-123.46113, 48.09649, -8755.7587890625], [-123.45636, 48.09068, -7923.2607421875], [-123.44823, 48.09347, -8786.0673828125]]], [[[-123.49469, 48.05701, -462.60205078125], [-123.50318, 48.05404, 320.024658203125], [-123.49011, 48.05202, 372.5304260253906], [-123.49469, 48.05701, -462.60205078125]]], [[[-123.34863, 48.0479, -3819.0517578125], [-123.35547, 48.04421, -2914.48046875], [-123.34051, 48.04321, -3143.84228515625], [-123.34863, 48.0479, -3819.0517578125]]], [[[-123.78444, 48.27109, -31542.212890625], [-123.77608, 48.2734, -32375.173828125], [-123.78824, 48.27656, -32368.845703125], [-123.78444, 48.27109, -31542.212890625]]], [[[-123.37875, 48.15507, -22702.75], [-123.36505, 48.15492, -23154.482421875], [-123.37716, 48.15943, -23578.015625], [-123.37875, 48.15507, -22702.75]]], [[[-123.45427, 48.13384, -16065.9501953125], [-123.46759, 48.13319, -15658.8408203125], [-123.45585, 48.12947, -15191.244140625], [-123.45427, 48.13384, -16065.9501953125]]], [[[-123.88202, 48.21281, -17429.708984375], [-123.89376, 48.21593, -17935.76171875], [-123.89536, 48.21155, -17063.26171875], [-123.88202, 48.21281, -17429.708984375]]], [[[-123.77351, 48.17949, -15490.1298828125], [-123.7719, 48.18387, -16362.9072265625], [-123.78521, 48.18452, -15877.9208984375], [-123.77351, 48.17949, -15490.1298828125]]], [[[-123.67295, 48.08313, -1444.4876708984375], [-123.66694, 48.07805, -669.2479858398438], [-123.65964, 48.08127, -1506.5609130859375], [-123.67295, 48.08313, -1444.4876708984375]]], [[[-123.39745, 48.14183, -19645.490234375], [-123.38351, 48.14197, -20076.939453125], [-123.39587, 48.14619, -20521.02734375], [-123.39745, 48.14183, -19645.490234375]]], [[[-123.90017, 48.1984, -14445.7646484375], [-123.91333, 48.19791, -14029.5703125], [-123.90177, 48.19402, -13573.265625], [-123.90017, 48.1984, -14445.7646484375]]], [[[-123.35794, 48.17328, -26854.166015625], [-123.34694, 48.16767, -26257.626953125], [-123.34503, 48.17182, -27100.095703125], [-123.35794, 48.17328, -26854.166015625]]], [[[-123.59398, 48.07426, -1533.9801025390625], [-123.58798, 48.06962, -728.4635620117188], [-123.57984, 48.07312, -1525.3375244140625], [-123.59398, 48.07426, -1533.9801025390625]]], [[[-123.69796, 48.19555, -21684.728515625], [-123.71146, 48.19543, -21094.787109375], [-123.70312, 48.1905, -20531.263671875], [-123.69796, 48.19555, -21684.728515625]]], [[[-123.42463, 48.14226, -18731.197265625], [-123.41262, 48.13782, -18304.376953125], [-123.41104, 48.14218, -19179.841796875], [-123.42463, 48.14226, -18731.197265625]]], [[[-123.8734, 48.20147, -15144.19140625], [-123.88523, 48.20405, -15684.7578125], [-123.88683, 48.19967, -14812.2822265625], [-123.8734, 48.20147, -15144.19140625]]], [[[-123.69441, 48.18114, -19208.966796875], [-123.70709, 48.18156, -18721.796875], [-123.69593, 48.17667, -18324.076171875], [-123.69441, 48.18114, -19208.966796875]]], [[[-123.54483, 48.07321, -2301.21533203125], [-123.55774, 48.07474, -2323.42138671875], [-123.55257, 48.07003, -1479.846435546875], [-123.54483, 48.07321, -2301.21533203125]]], [[[-123.47217, 48.19324, -26740.115234375], [-123.46478, 48.19652, -27580.375], [-123.47726, 48.1983, -27559.03125], [-123.47217, 48.19324, -26740.115234375]]], [[[-123.89003, 48.1909, -13067.330078125], [-123.90337, 48.18964, -12700.7666015625], [-123.89164, 48.18652, -12194.8544921875], [-123.89003, 48.1909, -13067.330078125]]], [[[-123.40883, 48.18294, -26923.6171875], [-123.41379, 48.18801, -27749.11328125], [-123.42198, 48.18504, -26946.603515625], [-123.40883, 48.18294, -26923.6171875]]], [[[-123.77714, 48.20643, -20239.873046875], [-123.77551, 48.2108, -21111.388671875], [-123.78874, 48.21181, -20604.638671875], [-123.77714, 48.20643, -20239.873046875]]], [[[-123.65401, 48.07657, -684.842529296875], [-123.66694, 48.07805, -669.2479858398438], [-123.66141, 48.07295, 125.56643676757812], [-123.65401, 48.07657, -684.842529296875]]], [[[-123.57302, 48.18172, -22510.078125], [-123.55912, 48.18044, -22548.09765625], [-123.56558, 48.18518, -23362.021484375], [-123.57302, 48.18172, -22510.078125]]], [[[-123.53109, 48.07162, -2243.626708984375], [-123.54483, 48.07321, -2301.21533203125], [-123.53963, 48.06819, -1482.6241455078125], [-123.53109, 48.07162, -2243.626708984375]]], [[[-123.69094, 48.19035, -21044.490234375], [-123.69796, 48.19555, -21684.728515625], [-123.70312, 48.1905, -20531.263671875], [-123.69094, 48.19035, -21044.490234375]]], [[[-123.56174, 48.08768, -4790.98291015625], [-123.56968, 48.08445, -3954.442626953125], [-123.55586, 48.08298, -3945.427490234375], [-123.56174, 48.08768, -4790.98291015625]]], [[[-123.72432, 48.2138, -23914.908203125], [-123.72291, 48.21691, -24544.166015625], [-123.73412, 48.2179, -24327.263671875], [-123.72432, 48.2138, -23914.908203125]]], [[[-123.42728, 48.19047, -27722.900390625], [-123.41379, 48.18801, -27749.11328125], [-123.41941, 48.19311, -28555.171875], [-123.42728, 48.19047, -27722.900390625]]], [[[-123.76066, 48.09998, -1414.20654296875], [-123.75692, 48.09439, -596.4910278320312], [-123.74841, 48.09663, -1416.083984375], [-123.76066, 48.09998, -1414.20654296875]]], [[[-123.80685, 48.1063, -604.5048217773438], [-123.81911, 48.10959, -588.4508056640625], [-123.81526, 48.10383, 204.76303100585938], [-123.80685, 48.1063, -604.5048217773438]]], [[[-123.91493, 48.19353, -13157.142578125], [-123.92572, 48.19877, -13521.24609375], [-123.92731, 48.19439, -12648.3583984375], [-123.91493, 48.19353, -13157.142578125]]], [[[-123.76078, 48.17829, -16014.37890625], [-123.77351, 48.17949, -15490.1298828125], [-123.7624, 48.17391, -15142.271484375], [-123.76078, 48.17829, -16014.37890625]]], [[[-123.63494, 48.07, 171.9521942138672], [-123.64017, 48.075, -657.2096557617188], [-123.64807, 48.07187, 123.47798156738281], [-123.63494, 48.07, 171.9521942138672]]], [[[-123.6062, 48.22903, -30848.564453125], [-123.59795, 48.23263, -31668.158203125], [-123.61162, 48.23378, -31694.185546875], [-123.6062, 48.22903, -30848.564453125]]], [[[-123.91813, 48.18476, -11412.2861328125], [-123.92891, 48.19002, -11775.470703125], [-123.9305, 48.18564, -10902.583984375], [-123.91813, 48.18476, -11412.2861328125]]], [[[-123.54067, 48.17399, -21707.09375], [-123.52811, 48.1728, -21717.931640625], [-123.53356, 48.17764, -22575.982421875], [-123.54067, 48.17399, -21707.09375]]], [[[-123.46102, 48.05489, -1081.521484375], [-123.45271, 48.05783, -1868.1907958984375], [-123.46408, 48.06026, -1947.95849609375], [-123.46102, 48.05489, -1081.521484375]]], [[[-123.30329, 48.14161, -22773.076171875], [-123.28997, 48.14297, -23134.431640625], [-123.30169, 48.14599, -23647.201171875], [-123.30329, 48.14161, -22773.076171875]]], [[[-123.54483, 48.07321, -2301.21533203125], [-123.55257, 48.07003, -1479.846435546875], [-123.53963, 48.06819, -1482.6241455078125], [-123.54483, 48.07321, -2301.21533203125]]], [[[-123.69094, 48.19035, -21044.490234375], [-123.67872, 48.19188, -21778.765625], [-123.69796, 48.19555, -21684.728515625], [-123.69094, 48.19035, -21044.490234375]]], [[[-123.45648, 48.04996, -263.3752746582031], [-123.46922, 48.05243, -250.63796997070312], [-123.46473, 48.04696, 532.392333984375], [-123.45648, 48.04996, -263.3752746582031]]], [[[-123.36976, 48.0668, -6512.49951171875], [-123.35841, 48.06245, -6150.47412109375], [-123.3567, 48.06683, -7033.9287109375], [-123.36976, 48.0668, -6512.49951171875]]], [[[-123.87501, 48.1971, -14270.955078125], [-123.88683, 48.19967, -14812.2822265625], [-123.88843, 48.19529, -13939.806640625], [-123.87501, 48.1971, -14270.955078125]]], [[[-123.69593, 48.17667, -18324.076171875], [-123.70875, 48.17726, -17862.37109375], [-123.6971, 48.17207, -17432.349609375], [-123.69593, 48.17667, -18324.076171875]]], [[[-123.51118, 48.06462, -1343.0992431640625], [-123.5068, 48.0593, -520.7788696289062], [-123.49841, 48.06201, -1320.15087890625], [-123.51118, 48.06462, -1343.0992431640625]]], [[[-123.41754, 48.07861, -7049.79296875], [-123.42142, 48.08401, -7940.4755859375], [-123.42874, 48.08068, -7033.6259765625], [-123.41754, 48.07861, -7049.79296875]]], [[[-123.7051, 48.08335, -664.8980102539062], [-123.7191, 48.08608, -658.014892578125], [-123.71367, 48.08092, 136.00233459472656], [-123.7051, 48.08335, -664.8980102539062]]], [[[-123.44698, 48.18905, -26829.251953125], [-123.45199, 48.19408, -27650.66015625], [-123.45931, 48.19115, -26806.087890625], [-123.44698, 48.18905, -26829.251953125]]], [[[-123.52581, 48.06698, -1402.2689208984375], [-123.53448, 48.06357, -638.0106811523438], [-123.52035, 48.06197, -583.8155517578125], [-123.52581, 48.06698, -1402.2689208984375]]], [[[-123.75266, 48.20019, -20370.10546875], [-123.75123, 48.20468, -21256.626953125], [-123.76384, 48.20572, -20723.669921875], [-123.75266, 48.20019, -20370.10546875]]], [[[-123.72377, 48.09115, -1463.8492431640625], [-123.7191, 48.08608, -658.014892578125], [-123.71039, 48.08881, -1455.981689453125], [-123.72377, 48.09115, -1463.8492431640625]]], [[[-123.62571, 48.1483, -14965.6806640625], [-123.62993, 48.15312, -15830.1767578125], [-123.63783, 48.14963, -15041.2421875], [-123.62571, 48.1483, -14965.6806640625]]], [[[-123.7191, 48.08608, -658.014892578125], [-123.7316, 48.08847, -621.0608520507812], [-123.72676, 48.08296, 164.31002807617188], [-123.7191, 48.08608, -658.014892578125]]], [[[-123.33159, 48.17209, -27569.71875], [-123.34503, 48.17182, -27100.095703125], [-123.33324, 48.1677, -26688.076171875], [-123.33159, 48.17209, -27569.71875]]], [[[-123.68029, 48.18589, -20610.37109375], [-123.67872, 48.19188, -21778.765625], [-123.69094, 48.19035, -21044.490234375], [-123.68029, 48.18589, -20610.37109375]]], [[[-123.52035, 48.06197, -583.8155517578125], [-123.52893, 48.05899, 193.47596740722656], [-123.51586, 48.05697, 253.46095275878906], [-123.52035, 48.06197, -583.8155517578125]]], [[[-123.73556, 48.09395, -1437.3487548828125], [-123.74339, 48.09122, -613.8934936523438], [-123.7316, 48.08847, -621.0608520507812], [-123.73556, 48.09395, -1437.3487548828125]]], [[[-123.46922, 48.05243, -250.63796997070312], [-123.48096, 48.05491, -314.7951354980469], [-123.47731, 48.05005, 585.2930297851562], [-123.46922, 48.05243, -250.63796997070312]]], [[[-123.30329, 48.14161, -22773.076171875], [-123.29157, 48.1386, -22259.40625], [-123.28997, 48.14297, -23134.431640625], [-123.30329, 48.14161, -22773.076171875]]], [[[-123.57658, 48.21264, -28317.41015625], [-123.58446, 48.20895, -27467.201171875], [-123.57088, 48.20772, -27465.38671875], [-123.57658, 48.21264, -28317.41015625]]], [[[-123.7191, 48.08608, -658.014892578125], [-123.72676, 48.08296, 164.31002807617188], [-123.71367, 48.08092, 136.00233459472656], [-123.7191, 48.08608, -658.014892578125]]], [[[-123.39745, 48.14183, -19645.490234375], [-123.39904, 48.13747, -18769.9375], [-123.38509, 48.13761, -19201.65234375], [-123.39745, 48.14183, -19645.490234375]]], [[[-123.36038, 48.16825, -25820.76171875], [-123.34838, 48.16324, -25374.91015625], [-123.34694, 48.16767, -26257.626953125], [-123.36038, 48.16825, -25820.76171875]]], [[[-123.55257, 48.07003, -1479.846435546875], [-123.54733, 48.06496, -667.2371826171875], [-123.53963, 48.06819, -1482.6241455078125], [-123.55257, 48.07003, -1479.846435546875]]], [[[-123.68029, 48.18589, -20610.37109375], [-123.66975, 48.18629, -21137.16015625], [-123.67872, 48.19188, -21778.765625], [-123.68029, 48.18589, -20610.37109375]]], [[[-123.71715, 48.1861, -19150.341796875], [-123.70562, 48.18609, -19615.98828125], [-123.71524, 48.19085, -20102.169921875], [-123.71715, 48.1861, -19150.341796875]]], [[[-123.75692, 48.09439, -596.4910278320312], [-123.76066, 48.09998, -1414.20654296875], [-123.76861, 48.09724, -584.0635375976562], [-123.75692, 48.09439, -596.4910278320312]]], [[[-123.40976, 48.08193, -7916.7578125], [-123.40643, 48.07659, -6991.28466796875], [-123.39807, 48.07941, -7760.775390625], [-123.40976, 48.08193, -7916.7578125]]], [[[-123.46478, 48.19652, -27580.375], [-123.45199, 48.19408, -27650.66015625], [-123.45729, 48.19949, -28430.244140625], [-123.46478, 48.19652, -27580.375]]], [[[-123.90337, 48.18964, -12700.7666015625], [-123.90497, 48.18526, -11828.267578125], [-123.89164, 48.18652, -12194.8544921875], [-123.90337, 48.18964, -12700.7666015625]]], [[[-123.38226, 48.17791, -26947.060546875], [-123.37273, 48.1728, -26245.634765625], [-123.36922, 48.17638, -27029.322265625], [-123.38226, 48.17791, -26947.060546875]]], [[[-123.42785, 48.05318, -1909.6827392578125], [-123.43592, 48.05028, -1094.62744140625], [-123.42341, 48.04801, -1079.55029296875], [-123.42785, 48.05318, -1909.6827392578125]]], [[[-123.31394, 48.07745, -10009.0107421875], [-123.30228, 48.07529, -9443.6806640625], [-123.30068, 48.07964, -10319.8916015625], [-123.31394, 48.07745, -10009.0107421875]]], [[[-123.89644, 48.17338, -9577.419921875], [-123.90818, 48.1765, -10083.2685546875], [-123.90978, 48.17211, -9210.76171875], [-123.89644, 48.17338, -9577.419921875]]], [[[-123.76469, 48.16446, -13295.0498046875], [-123.76396, 48.16948, -14262.78515625], [-123.77663, 48.17054, -13716.28125], [-123.76469, 48.16446, -13295.0498046875]]], [[[-123.63872, 48.08351, -2308.723388671875], [-123.64558, 48.07993, -1467.2725830078125], [-123.63303, 48.07858, -1503.6873779296875], [-123.63872, 48.08351, -2308.723388671875]]], [[[-123.24826, 48.19613, -33654.7109375], [-123.24727, 48.19087, -32578.73046875], [-123.23411, 48.19232, -32871.73046875], [-123.24826, 48.19613, -33654.7109375]]], [[[-123.55257, 48.07003, -1479.846435546875], [-123.56072, 48.06655, -697.8102416992188], [-123.54733, 48.06496, -667.2371826171875], [-123.55257, 48.07003, -1479.846435546875]]], [[[-123.49784, 48.19583, -26780.275390625], [-123.48509, 48.1948, -26749.806640625], [-123.4902, 48.1995, -27596.26171875], [-123.49784, 48.19583, -26780.275390625]]], [[[-123.89595, 48.1286, -640.8634033203125], [-123.9088, 48.12877, -648.10302734375], [-123.90316, 48.12494, 175.9596710205078], [-123.89595, 48.1286, -640.8634033203125]]], [[[-123.66562, 48.18101, -20269.966796875], [-123.66975, 48.18629, -21137.16015625], [-123.68029, 48.18589, -20610.37109375], [-123.66562, 48.18101, -20269.966796875]]], [[[-123.52035, 48.06197, -583.8155517578125], [-123.51586, 48.05697, 253.46095275878906], [-123.5068, 48.0593, -520.7788696289062], [-123.52035, 48.06197, -583.8155517578125]]], [[[-123.85083, 48.12695, -2201.419921875], [-123.85938, 48.12492, -1405.602783203125], [-123.84692, 48.1215, -1376.2012939453125], [-123.85083, 48.12695, -2201.419921875]]], [[[-123.90495, 48.25566, -24868.787109375], [-123.91539, 48.26141, -25198.15234375], [-123.91701, 48.25702, -24326.44921875], [-123.90495, 48.25566, -24868.787109375]]], [[[-123.70817, 48.22569, -26790.931640625], [-123.70313, 48.22024, -25999.646484375], [-123.69459, 48.22282, -26826.28515625], [-123.70817, 48.22569, -26790.931640625]]], [[[-123.69282, 48.08104, -644.4794921875], [-123.7051, 48.08335, -664.8980102539062], [-123.70096, 48.07799, 155.19345092773438], [-123.69282, 48.08104, -644.4794921875]]], [[[-123.78984, 48.17113, -13223.326171875], [-123.78843, 48.17576, -14133.1396484375], [-123.80154, 48.1769, -13615.78515625], [-123.78984, 48.17113, -13223.326171875]]], [[[-123.89485, 48.15888, -6608.99609375], [-123.89623, 48.16245, -7352.09765625], [-123.90388, 48.1603, -7002.72998046875], [-123.89485, 48.15888, -6608.99609375]]], [[[-123.37273, 48.1728, -26245.634765625], [-123.36038, 48.16825, -25820.76171875], [-123.35794, 48.17328, -26854.166015625], [-123.37273, 48.1728, -26245.634765625]]], [[[-123.41754, 48.07861, -7049.79296875], [-123.42874, 48.08068, -7033.6259765625], [-123.42482, 48.07521, -6167.1171875], [-123.41754, 48.07861, -7049.79296875]]], [[[-123.52728, 48.07967, -3851.42626953125], [-123.53635, 48.07626, -3089.701904296875], [-123.52181, 48.07486, -2998.956787109375], [-123.52728, 48.07967, -3851.42626953125]]], [[[-123.52271, 48.16792, -20859.798828125], [-123.5158, 48.17156, -21737.720703125], [-123.52811, 48.1728, -21717.931640625], [-123.52271, 48.16792, -20859.798828125]]], [[[-123.81093, 48.11171, -1424.3846435546875], [-123.82368, 48.1155, -1345.4605712890625], [-123.81911, 48.10959, -588.4508056640625], [-123.81093, 48.11171, -1424.3846435546875]]], [[[-123.36038, 48.16825, -25820.76171875], [-123.34694, 48.16767, -26257.626953125], [-123.35794, 48.17328, -26854.166015625], [-123.36038, 48.16825, -25820.76171875]]], [[[-123.48234, 48.20309, -28397.419921875], [-123.47485, 48.20674, -29222.826171875], [-123.48752, 48.2078, -29241.76953125], [-123.48234, 48.20309, -28397.419921875]]], [[[-123.9321, 48.18127, -10029.6962890625], [-123.94274, 48.18672, -10379.212890625], [-123.94435, 48.18233, -9507.5107421875], [-123.9321, 48.18127, -10029.6962890625]]], [[[-123.65477, 48.18373, -21086.93359375], [-123.66975, 48.18629, -21137.16015625], [-123.66562, 48.18101, -20269.966796875], [-123.65477, 48.18373, -21086.93359375]]], [[[-123.65401, 48.07657, -684.842529296875], [-123.64807, 48.07187, 123.47798156738281], [-123.64017, 48.075, -657.2096557617188], [-123.65401, 48.07657, -684.842529296875]]], [[[-123.82178, 48.12888, -3845.875244140625], [-123.83018, 48.12648, -3017.937255859375], [-123.81897, 48.1232, -3006.679931640625], [-123.82178, 48.12888, -3845.875244140625]]], [[[-123.47997, 48.21154, -30067.82421875], [-123.46713, 48.21003, -30056.283203125], [-123.47216, 48.21516, -30889.37109375], [-123.47997, 48.21154, -30067.82421875]]], [[[-123.83798, 48.13751, -4694.94140625], [-123.83391, 48.13199, -3850.972900390625], [-123.82549, 48.13443, -4685.90966796875], [-123.83798, 48.13751, -4694.94140625]]], [[[-123.66975, 48.18629, -21137.16015625], [-123.65477, 48.18373, -21086.93359375], [-123.66133, 48.1891, -21916.287109375], [-123.66975, 48.18629, -21137.16015625]]], [[[-123.86836, 48.13608, -3002.723388671875], [-123.87876, 48.13423, -2199.235107421875], [-123.8639, 48.13063, -2213.802978515625], [-123.86836, 48.13608, -3002.723388671875]]], [[[-123.55361, 48.1755, -21675.9921875], [-123.54639, 48.17925, -22533.724609375], [-123.55912, 48.18044, -22548.09765625], [-123.55361, 48.1755, -21675.9921875]]], [[[-123.88637, 48.14598, -4159.40625], [-123.88835, 48.14248, -3449.485595703125], [-123.8744, 48.14261, -3924.317626953125], [-123.88637, 48.14598, -4159.40625]]], [[[-123.33483, 48.16333, -25813.314453125], [-123.34838, 48.16324, -25374.91015625], [-123.33642, 48.15896, -24938.564453125], [-123.33483, 48.16333, -25813.314453125]]], [[[-123.85164, 48.14068, -4653.91357421875], [-123.84652, 48.13496, -3869.340576171875], [-123.83798, 48.13751, -4694.94140625], [-123.85164, 48.14068, -4653.91357421875]]], [[[-123.66975, 48.18629, -21137.16015625], [-123.66133, 48.1891, -21916.287109375], [-123.67872, 48.19188, -21778.765625], [-123.66975, 48.18629, -21137.16015625]]], [[[-123.81093, 48.11171, -1424.3846435546875], [-123.80685, 48.1063, -604.5048217773438], [-123.79831, 48.10854, -1418.9007568359375], [-123.81093, 48.11171, -1424.3846435546875]]], [[[-123.89376, 48.21593, -17935.76171875], [-123.90532, 48.21982, -18391.7109375], [-123.90692, 48.21544, -17519.283203125], [-123.89376, 48.21593, -17935.76171875]]], [[[-123.36995, 48.04734, -2859.171630859375], [-123.38307, 48.04961, -2834.067138671875], [-123.37799, 48.04437, -2022.803955078125], [-123.36995, 48.04734, -2859.171630859375]]], [[[-123.71337, 48.21811, -25181.91796875], [-123.70313, 48.22024, -25999.646484375], [-123.71376, 48.22274, -26008.373046875], [-123.71337, 48.21811, -25181.91796875]]], [[[-123.68558, 48.08439, -1476.1468505859375], [-123.69282, 48.08104, -644.4794921875], [-123.68053, 48.07961, -641.75830078125], [-123.68558, 48.08439, -1476.1468505859375]]], [[[-123.38884, 48.08946, -10023.55078125], [-123.37697, 48.08465, -9620.220703125], [-123.37538, 48.08902, -10495.4853515625], [-123.38884, 48.08946, -10023.55078125]]], [[[-123.90614, 48.13638, -2165.09619140625], [-123.90649, 48.14012, -2930.27197265625], [-123.91524, 48.13737, -2393.726318359375], [-123.90614, 48.13638, -2165.09619140625]]], [[[-123.37856, 48.08029, -8744.955078125], [-123.36509, 48.08024, -9192.814453125], [-123.37697, 48.08465, -9620.220703125], [-123.37856, 48.08029, -8744.955078125]]], [[[-123.43982, 48.08298, -7016.68505859375], [-123.44795, 48.07972, -6171.82861328125], [-123.43601, 48.07749, -6136.42041015625], [-123.43982, 48.08298, -7016.68505859375]]], [[[-123.64558, 48.07993, -1467.2725830078125], [-123.65401, 48.07657, -684.842529296875], [-123.64017, 48.075, -657.2096557617188], [-123.64558, 48.07993, -1467.2725830078125]]], [[[-123.36509, 48.08024, -9192.814453125], [-123.35353, 48.07556, -8784.5673828125], [-123.35194, 48.07993, -9659.8876953125], [-123.36509, 48.08024, -9192.814453125]]], [[[-123.34207, 48.07098, -8371.203125], [-123.33046, 48.06711, -7912.8212890625], [-123.32887, 48.07149, -8786.955078125], [-123.34207, 48.07098, -8371.203125]]], [[[-123.37491, 48.16865, -25396.208984375], [-123.36038, 48.16825, -25820.76171875], [-123.37273, 48.1728, -26245.634765625], [-123.37491, 48.16865, -25396.208984375]]], [[[-123.47213, 48.05788, -1102.650390625], [-123.46922, 48.05243, -250.63796997070312], [-123.46102, 48.05489, -1081.521484375], [-123.47213, 48.05788, -1102.650390625]]], [[[-123.76707, 48.19699, -18981.240234375], [-123.78037, 48.19766, -18495.091796875], [-123.76868, 48.19262, -18108.46484375], [-123.76707, 48.19699, -18981.240234375]]], [[[-123.67875, 48.20561, -24319.033203125], [-123.67029, 48.20818, -25148.568359375], [-123.68404, 48.21118, -25154.990234375], [-123.67875, 48.20561, -24319.033203125]]], [[[-123.91, 48.14271, -3499.29296875], [-123.90637, 48.14699, -4326.751953125], [-123.91938, 48.14582, -3975.740478515625], [-123.91, 48.14271, -3499.29296875]]], [[[-123.63491, 48.12317, -9972.568359375], [-123.64269, 48.11943, -9131.68359375], [-123.62962, 48.11818, -9108.9443359375], [-123.63491, 48.12317, -9972.568359375]]], [[[-123.58275, 48.23999, -33368.45703125], [-123.59016, 48.23637, -32505.96875], [-123.5771, 48.23478, -32551.6328125], [-123.58275, 48.23999, -33368.45703125]]], [[[-123.63102, 48.08689, -3130.880126953125], [-123.62353, 48.09037, -3961.1025390625], [-123.6367, 48.09189, -3947.12353515625], [-123.63102, 48.08689, -3130.880126953125]]], [[[-123.66768, 48.19434, -22709.76171875], [-123.67872, 48.19188, -21778.765625], [-123.66133, 48.1891, -21916.287109375], [-123.66768, 48.19434, -22709.76171875]]], [[[-123.80719, 48.11959, -3029.337646484375], [-123.8155, 48.11738, -2195.2353515625], [-123.80232, 48.11412, -2231.82080078125], [-123.80719, 48.11959, -3029.337646484375]]], [[[-123.72852, 48.18392, -18236.18359375], [-123.73757, 48.18341, -17787.908203125], [-123.72868, 48.18158, -17803.9140625], [-123.72852, 48.18392, -18236.18359375]]], [[[-123.81897, 48.1232, -3006.679931640625], [-123.80719, 48.11959, -3029.337646484375], [-123.81086, 48.12515, -3864.734130859375], [-123.81897, 48.1232, -3006.679931640625]]], [[[-123.36032, 48.09336, -11817.1171875], [-123.36191, 48.08898, -10942.3486328125], [-123.34877, 48.08866, -11410.529296875], [-123.36032, 48.09336, -11817.1171875]]], [[[-123.86562, 48.14432, -4629.07568359375], [-123.8744, 48.14261, -3924.317626953125], [-123.8599, 48.13832, -3798.246826171875], [-123.86562, 48.14432, -4629.07568359375]]], [[[-123.62179, 48.12172, -9965.7470703125], [-123.614, 48.12511, -10809.244140625], [-123.62716, 48.12681, -10807.3095703125], [-123.62179, 48.12172, -9965.7470703125]]], [[[-123.78635, 48.10498, -1472.52685546875], [-123.79429, 48.10267, -634.037109375], [-123.78217, 48.09993, -629.4319458007812], [-123.78635, 48.10498, -1472.52685546875]]], [[[-123.65903, 48.16132, -16740.32421875], [-123.6666, 48.15809, -15917.5263671875], [-123.65457, 48.15645, -15896.583984375], [-123.65903, 48.16132, -16740.32421875]]], [[[-123.75692, 48.09439, -596.4910278320312], [-123.76861, 48.09724, -584.0635375976562], [-123.76473, 48.09193, 250.81907653808594], [-123.75692, 48.09439, -596.4910278320312]]], [[[-123.31013, 48.15857, -25858.28125], [-123.32333, 48.15849, -25415.603515625], [-123.31173, 48.15419, -24983.939453125], [-123.31013, 48.15857, -25858.28125]]], [[[-123.8991, 48.13855, -2531.0185546875], [-123.89366, 48.13567, -2048.087890625], [-123.88846, 48.13843, -2660.134765625], [-123.8991, 48.13855, -2531.0185546875]]], [[[-123.67872, 48.19188, -21778.765625], [-123.66768, 48.19434, -22709.76171875], [-123.68383, 48.19747, -22635.58203125], [-123.67872, 48.19188, -21778.765625]]], [[[-123.76861, 48.09724, -584.0635375976562], [-123.78217, 48.09993, -629.4319458007812], [-123.77742, 48.09487, 194.7131805419922], [-123.76861, 48.09724, -584.0635375976562]]], [[[-123.26021, 48.15563, -25533.908203125], [-123.24857, 48.15294, -25001.78515625], [-123.24696, 48.15731, -25876.22265625], [-123.26021, 48.15563, -25533.908203125]]], [[[-123.46649, 48.1881, -25952.138671875], [-123.45931, 48.19115, -26806.087890625], [-123.47217, 48.19324, -26740.115234375], [-123.46649, 48.1881, -25952.138671875]]], [[[-123.91294, 48.23378, -20504.34765625], [-123.91134, 48.23816, -21377.234375], [-123.92345, 48.23944, -20839.640625], [-123.91294, 48.23378, -20504.34765625]]], [[[-123.67872, 48.19188, -21778.765625], [-123.68383, 48.19747, -22635.58203125], [-123.69796, 48.19555, -21684.728515625], [-123.67872, 48.19188, -21778.765625]]], [[[-123.68053, 48.07961, -641.75830078125], [-123.68786, 48.07599, 174.18911743164062], [-123.67452, 48.07493, 157.2218017578125], [-123.68053, 48.07961, -641.75830078125]]], [[[-123.72868, 48.18158, -17803.9140625], [-123.73768, 48.18113, -17355.646484375], [-123.73006, 48.17954, -17365.244140625], [-123.72868, 48.18158, -17803.9140625]]], [[[-123.39047, 48.08512, -9151.716796875], [-123.37856, 48.08029, -8744.955078125], [-123.37697, 48.08465, -9620.220703125], [-123.39047, 48.08512, -9151.716796875]]], [[[-123.8995, 48.14413, -3661.91015625], [-123.88835, 48.14248, -3449.485595703125], [-123.88637, 48.14598, -4159.40625], [-123.8995, 48.14413, -3661.91015625]]], [[[-123.38784, 48.0549, -3653.98779296875], [-123.39559, 48.05197, -2811.703125], [-123.38307, 48.04961, -2834.067138671875], [-123.38784, 48.0549, -3653.98779296875]]], [[[-123.90975, 48.24253, -22250.123046875], [-123.90815, 48.24691, -23123.01171875], [-123.92023, 48.24823, -22583.044921875], [-123.90975, 48.24253, -22250.123046875]]], [[[-123.37127, 48.18919, -29410.69140625], [-123.35843, 48.18722, -29404.220703125], [-123.36346, 48.19239, -30238.986328125], [-123.37127, 48.18919, -29410.69140625]]], [[[-123.65887, 48.12618, -9996.6455078125], [-123.65505, 48.12084, -9104.17578125], [-123.64773, 48.12429, -9985.1640625], [-123.65887, 48.12618, -9996.6455078125]]], [[[-123.33924, 48.11485, -16662.5078125], [-123.32612, 48.11478, -17114.8203125], [-123.33765, 48.11921, -17537.84375], [-123.33924, 48.11485, -16662.5078125]]], [[[-123.88413, 48.24222, -23170.75390625], [-123.8973, 48.24173, -22753.849609375], [-123.88574, 48.23783, -22298.255859375], [-123.88413, 48.24222, -23170.75390625]]], [[[-123.28356, 48.16044, -26634.54296875], [-123.29689, 48.15914, -26269.580078125], [-123.28516, 48.15608, -25759.513671875], [-123.28356, 48.16044, -26634.54296875]]], [[[-123.54733, 48.06496, -667.2371826171875], [-123.55539, 48.06191, 137.1762237548828], [-123.54228, 48.05995, 151.11476135253906], [-123.54733, 48.06496, -667.2371826171875]]], [[[-123.68383, 48.19747, -22635.58203125], [-123.66768, 48.19434, -22709.76171875], [-123.67301, 48.19996, -23519.814453125], [-123.68383, 48.19747, -22635.58203125]]], [[[-123.89615, 48.14086, -3022.80810546875], [-123.8995, 48.14413, -3661.91015625], [-123.90649, 48.14012, -2930.27197265625], [-123.89615, 48.14086, -3022.80810546875]]], [[[-123.26021, 48.15563, -25533.908203125], [-123.27345, 48.15356, -25215.46875], [-123.26182, 48.15126, -24659.328125], [-123.26021, 48.15563, -25533.908203125]]], [[[-123.53448, 48.06357, -638.0106811523438], [-123.54228, 48.05995, 151.11476135253906], [-123.52893, 48.05899, 193.47596740722656], [-123.53448, 48.06357, -638.0106811523438]]], [[[-123.68383, 48.19747, -22635.58203125], [-123.67301, 48.19996, -23519.814453125], [-123.68834, 48.20319, -23508.53515625], [-123.68383, 48.19747, -22635.58203125]]], [[[-123.69282, 48.08104, -644.4794921875], [-123.70096, 48.07799, 155.19345092773438], [-123.68786, 48.07599, 174.18911743164062], [-123.69282, 48.08104, -644.4794921875]]], [[[-123.73775, 48.16103, -13625.0361328125], [-123.72804, 48.16353, -14552.3486328125], [-123.74091, 48.16558, -14332.642578125], [-123.73775, 48.16103, -13625.0361328125]]], [[[-123.82178, 48.12888, -3845.875244140625], [-123.83391, 48.13199, -3850.972900390625], [-123.83018, 48.12648, -3017.937255859375], [-123.82178, 48.12888, -3845.875244140625]]], [[[-123.36191, 48.08898, -10942.3486328125], [-123.35036, 48.08429, -10535.20703125], [-123.34877, 48.08866, -11410.529296875], [-123.36191, 48.08898, -10942.3486328125]]], [[[-123.61127, 48.13339, -12450.9580078125], [-123.61926, 48.13018, -11633.064453125], [-123.60596, 48.12853, -11624.0947265625], [-123.61127, 48.13339, -12450.9580078125]]], [[[-123.26021, 48.15563, -25533.908203125], [-123.26182, 48.15126, -24659.328125], [-123.24857, 48.15294, -25001.78515625], [-123.26021, 48.15563, -25533.908203125]]], [[[-123.879, 48.13908, -3074.5244140625], [-123.87876, 48.13423, -2199.235107421875], [-123.86836, 48.13608, -3002.723388671875], [-123.879, 48.13908, -3074.5244140625]]], [[[-123.67875, 48.20561, -24319.033203125], [-123.68834, 48.20319, -23508.53515625], [-123.67301, 48.19996, -23519.814453125], [-123.67875, 48.20561, -24319.033203125]]], [[[-123.8744, 48.14261, -3924.317626953125], [-123.86562, 48.14432, -4629.07568359375], [-123.87957, 48.14961, -4976.79638671875], [-123.8744, 48.14261, -3924.317626953125]]], [[[-123.73176, 48.17517, -16487.619140625], [-123.73883, 48.17895, -16909.80078125], [-123.73946, 48.17659, -16447.51171875], [-123.73176, 48.17517, -16487.619140625]]], [[[-123.79422, 48.11646, -3072.232177734375], [-123.80232, 48.11412, -2231.82080078125], [-123.79043, 48.1106, -2276.302734375], [-123.79422, 48.11646, -3072.232177734375]]], [[[-123.34559, 48.09739, -13161.1728515625], [-123.3325, 48.09726, -13617.341796875], [-123.34401, 48.10175, -14036.4921875], [-123.34559, 48.09739, -13161.1728515625]]], [[[-123.73141, 48.15522, -12885.68359375], [-123.73816, 48.15241, -12047.640625], [-123.72225, 48.15051, -12383.7783203125], [-123.73141, 48.15522, -12885.68359375]]], [[[-123.31013, 48.15857, -25858.28125], [-123.31173, 48.15419, -24983.939453125], [-123.29849, 48.15476, -25395.453125], [-123.31013, 48.15857, -25858.28125]]], [[[-123.80719, 48.11959, -3029.337646484375], [-123.81897, 48.1232, -3006.679931640625], [-123.8155, 48.11738, -2195.2353515625], [-123.80719, 48.11959, -3029.337646484375]]], [[[-123.47987, 48.18998, -25913.255859375], [-123.48509, 48.1948, -26749.806640625], [-123.49264, 48.19111, -25935.177734375], [-123.47987, 48.18998, -25913.255859375]]], [[[-123.88092, 48.25098, -24915.751953125], [-123.89409, 48.2505, -24498.70703125], [-123.88253, 48.2466, -24043.25390625], [-123.88092, 48.25098, -24915.751953125]]], [[[-123.67875, 48.20561, -24319.033203125], [-123.6934, 48.20894, -24334.681640625], [-123.68834, 48.20319, -23508.53515625], [-123.67875, 48.20561, -24319.033203125]]], [[[-123.60128, 48.07061, -714.3824462890625], [-123.61373, 48.07203, -705.8229370117188], [-123.60852, 48.06696, 102.35821533203125], [-123.60128, 48.07061, -714.3824462890625]]], [[[-123.72868, 48.18158, -17803.9140625], [-123.73757, 48.18341, -17787.908203125], [-123.73768, 48.18113, -17355.646484375], [-123.72868, 48.18158, -17803.9140625]]], [[[-123.7731, 48.10256, -1400.8492431640625], [-123.78217, 48.09993, -629.4319458007812], [-123.76861, 48.09724, -584.0635375976562], [-123.7731, 48.10256, -1400.8492431640625]]], [[[-123.4902, 48.1995, -27596.26171875], [-123.48234, 48.20309, -28397.419921875], [-123.49557, 48.20422, -28434.748046875], [-123.4902, 48.1995, -27596.26171875]]], [[[-123.89891, 48.23735, -21881.421875], [-123.90975, 48.24253, -22250.123046875], [-123.91134, 48.23816, -21377.234375], [-123.89891, 48.23735, -21881.421875]]], [[[-123.41335, 48.09817, -10879.3212890625], [-123.41496, 48.09347, -9938.6669921875], [-123.40095, 48.09395, -10448.484375], [-123.41335, 48.09817, -10879.3212890625]]], [[[-123.61373, 48.07203, -705.8229370117188], [-123.62163, 48.06894, 105.34494018554688], [-123.60852, 48.06696, 102.35821533203125], [-123.61373, 48.07203, -705.8229370117188]]], [[[-123.49784, 48.19583, -26780.275390625], [-123.50332, 48.2007, -27605.896484375], [-123.51114, 48.19745, -26774.66015625], [-123.49784, 48.19583, -26780.275390625]]], [[[-123.90175, 48.26441, -26614.5625], [-123.91378, 48.2658, -26069.85546875], [-123.90335, 48.26003, -25741.673828125], [-123.90175, 48.26441, -26614.5625]]], [[[-123.35843, 48.18722, -29404.220703125], [-123.35031, 48.18982, -30239.5], [-123.36346, 48.19239, -30238.986328125], [-123.35843, 48.18722, -29404.220703125]]], [[[-123.40379, 48.12438, -16143.2255859375], [-123.41737, 48.12473, -15677.931640625], [-123.40537, 48.12002, -15267.640625], [-123.40379, 48.12438, -16143.2255859375]]], [[[-123.8772, 48.22596, -20047.13671875], [-123.88895, 48.22907, -20553.2578125], [-123.89055, 48.22469, -19680.759765625], [-123.8772, 48.22596, -20047.13671875]]], [[[-123.63649, 48.13656, -12534.5703125], [-123.63233, 48.13165, -11648.880859375], [-123.62437, 48.13516, -12459.576171875], [-123.63649, 48.13656, -12534.5703125]]], [[[-123.66694, 48.07805, -669.2479858398438], [-123.68053, 48.07961, -641.75830078125], [-123.67452, 48.07493, 157.2218017578125], [-123.66694, 48.07805, -669.2479858398438]]], [[[-123.28196, 48.16481, -27509.572265625], [-123.26864, 48.16661, -27844.103515625], [-123.28036, 48.16918, -28384.6015625], [-123.28196, 48.16481, -27509.572265625]]], [[[-123.67875, 48.20561, -24319.033203125], [-123.68404, 48.21118, -25154.990234375], [-123.6934, 48.20894, -24334.681640625], [-123.67875, 48.20561, -24319.033203125]]], [[[-123.7316, 48.08847, -621.0608520507812], [-123.74339, 48.09122, -613.8934936523438], [-123.73946, 48.08588, 213.21507263183594], [-123.7316, 48.08847, -621.0608520507812]]], [[[-123.72206, 48.17294, -16530.17578125], [-123.72986, 48.17713, -16939.861328125], [-123.73176, 48.17517, -16487.619140625], [-123.72206, 48.17294, -16530.17578125]]], [[[-123.75692, 48.09439, -596.4910278320312], [-123.76473, 48.09193, 250.81907653808594], [-123.75216, 48.08881, 175.47280883789062], [-123.75692, 48.09439, -596.4910278320312]]], [[[-123.62539, 48.11291, -8207.162109375], [-123.633, 48.10931, -7345.70361328125], [-123.62012, 48.10772, -7354.97412109375], [-123.62539, 48.11291, -8207.162109375]]], [[[-123.86836, 48.13608, -3002.723388671875], [-123.8744, 48.14261, -3924.317626953125], [-123.879, 48.13908, -3074.5244140625], [-123.86836, 48.13608, -3002.723388671875]]], [[[-123.45199, 48.19408, -27650.66015625], [-123.44698, 48.18905, -26829.251953125], [-123.43978, 48.19237, -27668.80078125], [-123.45199, 48.19408, -27650.66015625]]], [[[-123.43249, 48.0863, -7917.64990234375], [-123.43982, 48.08298, -7016.68505859375], [-123.42874, 48.08068, -7033.6259765625], [-123.43249, 48.0863, -7917.64990234375]]], [[[-123.82178, 48.12888, -3845.875244140625], [-123.81897, 48.1232, -3006.679931640625], [-123.81086, 48.12515, -3864.734130859375], [-123.82178, 48.12888, -3845.875244140625]]], [[[-123.67875, 48.20561, -24319.033203125], [-123.66425, 48.20252, -24360.62890625], [-123.67029, 48.20818, -25148.568359375], [-123.67875, 48.20561, -24319.033203125]]], [[[-123.66694, 48.07805, -669.2479858398438], [-123.67452, 48.07493, 157.2218017578125], [-123.66141, 48.07295, 125.56643676757812], [-123.66694, 48.07805, -669.2479858398438]]], [[[-123.65167, 48.12966, -10872.7958984375], [-123.65641, 48.13484, -11707.2529296875], [-123.66369, 48.13114, -10861.7734375], [-123.65167, 48.12966, -10872.7958984375]]], [[[-123.88835, 48.14248, -3449.485595703125], [-123.89615, 48.14086, -3022.80810546875], [-123.88846, 48.13843, -2660.134765625], [-123.88835, 48.14248, -3449.485595703125]]], [[[-123.70245, 48.16434, -15788.3203125], [-123.71348, 48.16425, -15274.916015625], [-123.70007, 48.15938, -14979.1533203125], [-123.70245, 48.16434, -15788.3203125]]], [[[-123.88064, 48.1662, -8177.31103515625], [-123.87173, 48.17105, -9244.6142578125], [-123.88597, 48.17039, -8914.5126953125], [-123.88064, 48.1662, -8177.31103515625]]], [[[-123.67301, 48.19996, -23519.814453125], [-123.66425, 48.20252, -24360.62890625], [-123.67875, 48.20561, -24319.033203125], [-123.67301, 48.19996, -23519.814453125]]], [[[-123.92079, 48.14144, -3105.934814453125], [-123.90649, 48.14012, -2930.27197265625], [-123.91, 48.14271, -3499.29296875], [-123.92079, 48.14144, -3105.934814453125]]], [[[-123.74091, 48.16558, -14332.642578125], [-123.74197, 48.17008, -15142.240234375], [-123.75128, 48.1696, -14695.7626953125], [-123.74091, 48.16558, -14332.642578125]]], [[[-123.85164, 48.14068, -4653.91357421875], [-123.8599, 48.13832, -3798.246826171875], [-123.84652, 48.13496, -3869.340576171875], [-123.85164, 48.14068, -4653.91357421875]]], [[[-123.41849, 48.0883, -8847.3330078125], [-123.40411, 48.08522, -8697.8740234375], [-123.40338, 48.08951, -9536.4912109375], [-123.41849, 48.0883, -8847.3330078125]]], [[[-123.41496, 48.09347, -9938.6669921875], [-123.40338, 48.08951, -9536.4912109375], [-123.40095, 48.09395, -10448.484375], [-123.41496, 48.09347, -9938.6669921875]]], [[[-123.32651, 48.14976, -23665.00390625], [-123.31333, 48.14981, -24109.59765625], [-123.32492, 48.15413, -24540.3046875], [-123.32651, 48.14976, -23665.00390625]]], [[[-123.80719, 48.11959, -3029.337646484375], [-123.80232, 48.11412, -2231.82080078125], [-123.79422, 48.11646, -3072.232177734375], [-123.80719, 48.11959, -3029.337646484375]]], [[[-123.3714, 48.13746, -19653.01171875], [-123.35951, 48.13268, -19248.228515625], [-123.35792, 48.13705, -20123.478515625], [-123.3714, 48.13746, -19653.01171875]]], [[[-123.66133, 48.1891, -21916.287109375], [-123.65194, 48.192, -22727.826171875], [-123.66768, 48.19434, -22709.76171875], [-123.66133, 48.1891, -21916.287109375]]], [[[-123.72163, 48.19547, -20677.07421875], [-123.71524, 48.19085, -20102.169921875], [-123.71146, 48.19543, -21094.787109375], [-123.72163, 48.19547, -20677.07421875]]], [[[-123.35474, 48.14578, -21873.97265625], [-123.3428, 48.14146, -21439.595703125], [-123.34121, 48.14584, -22314.341796875], [-123.35474, 48.14578, -21873.97265625]]], [[[-123.78942, 48.24927, -27326.78125], [-123.77516, 48.24556, -27435.314453125], [-123.7808, 48.25167, -28204.9921875], [-123.78942, 48.24927, -27326.78125]]], [[[-123.92293, 48.17161, -8794.994140625], [-123.93369, 48.17689, -9156.8076171875], [-123.93528, 48.17251, -8283.9169921875], [-123.92293, 48.17161, -8794.994140625]]], [[[-123.6971, 48.17207, -17432.349609375], [-123.71044, 48.17291, -16992.505859375], [-123.69906, 48.16798, -16599.212890625], [-123.6971, 48.17207, -17432.349609375]]], [[[-123.81493, 48.17788, -13110.9765625], [-123.82848, 48.17848, -12631.85546875], [-123.81651, 48.1734, -12218.08203125], [-123.81493, 48.17788, -13110.9765625]]], [[[-123.65903, 48.16132, -16740.32421875], [-123.65457, 48.15645, -15896.583984375], [-123.64683, 48.15978, -16705.029296875], [-123.65903, 48.16132, -16740.32421875]]], [[[-123.81333, 48.18226, -13983.9248046875], [-123.82526, 48.18723, -14377.1640625], [-123.82687, 48.18286, -13504.5087890625], [-123.81333, 48.18226, -13983.9248046875]]], [[[-123.74071, 48.17408, -15935.4931640625], [-123.73176, 48.17517, -16487.619140625], [-123.73946, 48.17659, -16447.51171875], [-123.74071, 48.17408, -15935.4931640625]]], [[[-123.8136, 48.13091, -4712.11376953125], [-123.82178, 48.12888, -3845.875244140625], [-123.81086, 48.12515, -3864.734130859375], [-123.8136, 48.13091, -4712.11376953125]]], [[[-123.84567, 48.17029, -10327.46484375], [-123.84341, 48.17483, -11263.3466796875], [-123.85655, 48.17567, -10756.6982421875], [-123.84567, 48.17029, -10327.46484375]]], [[[-123.28516, 48.15608, -25759.513671875], [-123.27345, 48.15356, -25215.46875], [-123.27185, 48.15791, -26091.6796875], [-123.28516, 48.15608, -25759.513671875]]], [[[-123.82088, 48.28053, -31495.96484375], [-123.81355, 48.28324, -32354.787109375], [-123.82498, 48.28595, -32315.66015625], [-123.82088, 48.28053, -31495.96484375]]], [[[-123.6883, 48.14853, -13397.66796875], [-123.68396, 48.14313, -12578.9091796875], [-123.6766, 48.14633, -13420.62109375], [-123.6883, 48.14853, -13397.66796875]]], [[[-123.79994, 48.18126, -14489.388671875], [-123.81333, 48.18226, -13983.9248046875], [-123.80154, 48.1769, -13615.78515625], [-123.79994, 48.18126, -14489.388671875]]], [[[-123.86836, 48.13608, -3002.723388671875], [-123.85486, 48.13258, -3021.52490234375], [-123.8599, 48.13832, -3798.246826171875], [-123.86836, 48.13608, -3002.723388671875]]], [[[-123.81333, 48.18226, -13983.9248046875], [-123.81172, 48.18663, -14856.8779296875], [-123.82526, 48.18723, -14377.1640625], [-123.81333, 48.18226, -13983.9248046875]]], [[[-123.30489, 48.13723, -21898.951171875], [-123.29157, 48.1386, -22259.40625], [-123.30329, 48.14161, -22773.076171875], [-123.30489, 48.13723, -21898.951171875]]], [[[-123.35156, 48.15451, -23624.44140625], [-123.33802, 48.15458, -24063.82421875], [-123.34997, 48.15887, -24499.671875], [-123.35156, 48.15451, -23624.44140625]]], [[[-123.64233, 48.17295, -19327.865234375], [-123.62656, 48.17145, -19421.703125], [-123.63306, 48.17651, -20283.462890625], [-123.64233, 48.17295, -19327.865234375]]], [[[-123.84128, 48.16485, -9558.931640625], [-123.8549, 48.16564, -9004.1201171875], [-123.84287, 48.15909, -8434.1689453125], [-123.84128, 48.16485, -9558.931640625]]], [[[-123.80758, 48.23542, -23980.955078125], [-123.79571, 48.23042, -23593.037109375], [-123.79418, 48.23481, -24465.48046875], [-123.80758, 48.23542, -23980.955078125]]], [[[-123.83003, 48.17394, -11732.994140625], [-123.82848, 48.17848, -12631.85546875], [-123.84181, 48.17922, -12141.017578125], [-123.83003, 48.17394, -11732.994140625]]], [[[-123.72986, 48.17713, -16939.861328125], [-123.72206, 48.17294, -16530.17578125], [-123.72037, 48.17733, -17406.40234375], [-123.72986, 48.17713, -16939.861328125]]], [[[-123.93253, 48.14531, -3560.4140625], [-123.94484, 48.14625, -3046.578369140625], [-123.93486, 48.14097, -2675.910400390625], [-123.93253, 48.14531, -3560.4140625]]], [[[-123.40095, 48.09395, -10448.484375], [-123.38726, 48.09382, -10898.9453125], [-123.39936, 48.09831, -11323.798828125], [-123.40095, 48.09395, -10448.484375]]], [[[-123.30649, 48.13284, -21024.826171875], [-123.29477, 48.12987, -20509.357421875], [-123.29317, 48.13424, -21384.380859375], [-123.30649, 48.13284, -21024.826171875]]], [[[-123.67518, 48.13273, -10891.3046875], [-123.68729, 48.13469, -10883.3662109375], [-123.68275, 48.1293, -10035.6640625], [-123.67518, 48.13273, -10891.3046875]]], [[[-123.62993, 48.15312, -15830.1767578125], [-123.62197, 48.15673, -16649.615234375], [-123.63461, 48.15787, -16681.486328125], [-123.62993, 48.15312, -15830.1767578125]]], [[[-123.33802, 48.15458, -24063.82421875], [-123.32651, 48.14976, -23665.00390625], [-123.32492, 48.15413, -24540.3046875], [-123.33802, 48.15458, -24063.82421875]]], [[[-123.63307, 48.1668, -18431.146484375], [-123.62656, 48.17145, -19421.703125], [-123.64233, 48.17295, -19327.865234375], [-123.63307, 48.1668, -18431.146484375]]], [[[-123.35474, 48.14578, -21873.97265625], [-123.36664, 48.15056, -22279.125], [-123.36822, 48.14619, -21403.7578125], [-123.35474, 48.14578, -21873.97265625]]], [[[-123.82944, 48.14011, -5541.02197265625], [-123.83798, 48.13751, -4694.94140625], [-123.82549, 48.13443, -4685.90966796875], [-123.82944, 48.14011, -5541.02197265625]]], [[[-123.73377, 48.16737, -14975.6005859375], [-123.72804, 48.16353, -14552.3486328125], [-123.72415, 48.16827, -15586.009765625], [-123.73377, 48.16737, -14975.6005859375]]], [[[-123.35872, 48.09773, -12691.8955078125], [-123.34718, 48.09302, -12285.8525390625], [-123.34559, 48.09739, -13161.1728515625], [-123.35872, 48.09773, -12691.8955078125]]], [[[-123.51979, 48.18539, -24257.3671875], [-123.51271, 48.18887, -25105.541015625], [-123.52565, 48.19009, -25097.85546875], [-123.51979, 48.18539, -24257.3671875]]], [[[-123.28196, 48.16481, -27509.572265625], [-123.29529, 48.16352, -27143.716796875], [-123.28356, 48.16044, -26634.54296875], [-123.28196, 48.16481, -27509.572265625]]], [[[-123.63307, 48.1668, -18431.146484375], [-123.61927, 48.16624, -18526.4921875], [-123.62656, 48.17145, -19421.703125], [-123.63307, 48.1668, -18431.146484375]]], [[[-123.72415, 48.16827, -15586.009765625], [-123.73131, 48.17261, -16048.7509765625], [-123.73419, 48.17071, -15556.15625], [-123.72415, 48.16827, -15586.009765625]]], [[[-123.3738, 48.09339, -11370.7509765625], [-123.36032, 48.09336, -11817.1171875], [-123.37221, 48.09775, -12246.02734375], [-123.3738, 48.09339, -11370.7509765625]]], [[[-123.67238, 48.14124, -12575.708984375], [-123.68396, 48.14313, -12578.9091796875], [-123.67981, 48.13789, -11737.1875], [-123.67238, 48.14124, -12575.708984375]]], [[[-123.28356, 48.16044, -26634.54296875], [-123.28516, 48.15608, -25759.513671875], [-123.27185, 48.15791, -26091.6796875], [-123.28356, 48.16044, -26634.54296875]]], [[[-123.63307, 48.1668, -18431.146484375], [-123.62645, 48.1617, -17541.01171875], [-123.61927, 48.16624, -18526.4921875], [-123.63307, 48.1668, -18431.146484375]]], [[[-123.73883, 48.17895, -16909.80078125], [-123.72986, 48.17713, -16939.861328125], [-123.73006, 48.17954, -17365.244140625], [-123.73883, 48.17895, -16909.80078125]]], [[[-123.33888, 48.07974, -10119.9140625], [-123.34048, 48.07536, -9245.55859375], [-123.32727, 48.07587, -9661.087890625], [-123.33888, 48.07974, -10119.9140625]]], [[[-123.43239, 48.19582, -28499.8203125], [-123.41941, 48.19311, -28555.171875], [-123.42469, 48.19857, -29343.42578125], [-123.43239, 48.19582, -28499.8203125]]], [[[-123.7005, 48.15093, -13393.7568359375], [-123.69567, 48.1456, -12544.3173828125], [-123.6883, 48.14853, -13397.66796875], [-123.7005, 48.15093, -13393.7568359375]]], [[[-123.26864, 48.16661, -27844.103515625], [-123.25701, 48.16438, -27283.0703125], [-123.2554, 48.16876, -28157.650390625], [-123.26864, 48.16661, -27844.103515625]]], [[[-123.63307, 48.1668, -18431.146484375], [-123.63914, 48.16281, -17510.931640625], [-123.62645, 48.1617, -17541.01171875], [-123.63307, 48.1668, -18431.146484375]]], [[[-123.30853, 48.16295, -26732.6328125], [-123.29689, 48.15914, -26269.580078125], [-123.29529, 48.16352, -27143.716796875], [-123.30853, 48.16295, -26732.6328125]]], [[[-123.64466, 48.16826, -18372.021484375], [-123.63914, 48.16281, -17510.931640625], [-123.63307, 48.1668, -18431.146484375], [-123.64466, 48.16826, -18372.021484375]]], [[[-123.71874, 48.18166, -18268.7890625], [-123.72643, 48.18579, -18681.6875], [-123.72852, 48.18392, -18236.18359375], [-123.71874, 48.18166, -18268.7890625]]], [[[-123.62716, 48.12681, -10807.3095703125], [-123.63491, 48.12317, -9972.568359375], [-123.62179, 48.12172, -9965.7470703125], [-123.62716, 48.12681, -10807.3095703125]]], [[[-123.64466, 48.16826, -18372.021484375], [-123.65149, 48.16486, -17568.42578125], [-123.63914, 48.16281, -17510.931640625], [-123.64466, 48.16826, -18372.021484375]]], [[[-123.72852, 48.18392, -18236.18359375], [-123.72643, 48.18579, -18681.6875], [-123.73555, 48.18821, -18753.892578125], [-123.72852, 48.18392, -18236.18359375]]], [[[-123.76237, 48.21022, -21608.859375], [-123.77405, 48.21526, -21992.666015625], [-123.77551, 48.2108, -21111.388671875], [-123.76237, 48.21022, -21608.859375]]], [[[-123.35872, 48.09773, -12691.8955078125], [-123.37221, 48.09775, -12246.02734375], [-123.36032, 48.09336, -11817.1171875], [-123.35872, 48.09773, -12691.8955078125]]], [[[-123.493, 48.06963, -2908.402587890625], [-123.49824, 48.07491, -3740.29443359375], [-123.50782, 48.07262, -2956.0869140625], [-123.493, 48.06963, -2908.402587890625]]], [[[-123.66957, 48.14976, -14261.8271484375], [-123.6766, 48.14633, -13420.62109375], [-123.66527, 48.14467, -13422.7578125], [-123.66957, 48.14976, -14261.8271484375]]], [[[-123.69911, 48.20104, -22635.830078125], [-123.71321, 48.20477, -22741.52734375], [-123.71237, 48.1996, -21828.048828125], [-123.69911, 48.20104, -22635.830078125]]], [[[-123.33729, 48.08412, -10994.2705078125], [-123.33888, 48.07974, -10119.9140625], [-123.32568, 48.08025, -10535.220703125], [-123.33729, 48.08412, -10994.2705078125]]], [[[-123.32771, 48.1104, -16240.44140625], [-123.31609, 48.10655, -15780.029296875], [-123.31449, 48.11093, -16654.18359375], [-123.32771, 48.1104, -16240.44140625]]], [[[-123.675, 48.0964, -3973.57421875], [-123.6803, 48.10129, -4814.7041015625], [-123.68753, 48.09785, -3964.429931640625], [-123.675, 48.0964, -3973.57421875]]], [[[-123.64466, 48.16826, -18372.021484375], [-123.6572, 48.17071, -18563.078125], [-123.65149, 48.16486, -17568.42578125], [-123.64466, 48.16826, -18372.021484375]]], [[[-123.69096, 48.1624, -15840.025390625], [-123.70007, 48.15938, -14979.1533203125], [-123.68584, 48.15709, -15080.962890625], [-123.69096, 48.1624, -15840.025390625]]], [[[-123.43249, 48.0863, -7917.64990234375], [-123.42142, 48.08401, -7940.4755859375], [-123.41849, 48.0883, -8847.3330078125], [-123.43249, 48.0863, -7917.64990234375]]], [[[-123.4053, 48.19095, -28547.91796875], [-123.41095, 48.19603, -29356.75390625], [-123.41941, 48.19311, -28555.171875], [-123.4053, 48.19095, -28547.91796875]]], [[[-123.65743, 48.11206, -7376.47900390625], [-123.6624, 48.1174, -8231.6796875], [-123.66992, 48.1136, -7375.4482421875], [-123.65743, 48.11206, -7376.47900390625]]], [[[-123.26864, 48.16661, -27844.103515625], [-123.27025, 48.16226, -26967.892578125], [-123.25701, 48.16438, -27283.0703125], [-123.26864, 48.16661, -27844.103515625]]], [[[-123.64466, 48.16826, -18372.021484375], [-123.64233, 48.17295, -19327.865234375], [-123.6572, 48.17071, -18563.078125], [-123.64466, 48.16826, -18372.021484375]]], [[[-123.74071, 48.17408, -15935.4931640625], [-123.73131, 48.17261, -16048.7509765625], [-123.73176, 48.17517, -16487.619140625], [-123.74071, 48.17408, -15935.4931640625]]], [[[-123.3738, 48.09339, -11370.7509765625], [-123.36191, 48.08898, -10942.3486328125], [-123.36032, 48.09336, -11817.1171875], [-123.3738, 48.09339, -11370.7509765625]]], [[[-123.63233, 48.13165, -11648.880859375], [-123.64008, 48.128, -10826.3623046875], [-123.62716, 48.12681, -10807.3095703125], [-123.63233, 48.13165, -11648.880859375]]], [[[-123.27345, 48.15356, -25215.46875], [-123.26021, 48.15563, -25533.908203125], [-123.27185, 48.15791, -26091.6796875], [-123.27345, 48.15356, -25215.46875]]], [[[-123.64466, 48.16826, -18372.021484375], [-123.63307, 48.1668, -18431.146484375], [-123.64233, 48.17295, -19327.865234375], [-123.64466, 48.16826, -18372.021484375]]], [[[-123.72037, 48.17733, -17406.40234375], [-123.73006, 48.17954, -17365.244140625], [-123.72986, 48.17713, -16939.861328125], [-123.72037, 48.17733, -17406.40234375]]], [[[-123.38884, 48.08946, -10023.55078125], [-123.39047, 48.08512, -9151.716796875], [-123.37697, 48.08465, -9620.220703125], [-123.38884, 48.08946, -10023.55078125]]], [[[-123.61996, 48.23046, -30860.673828125], [-123.6062, 48.22903, -30848.564453125], [-123.61162, 48.23378, -31694.185546875], [-123.61996, 48.23046, -30860.673828125]]], [[[-123.58996, 48.11313, -9090.0205078125], [-123.59813, 48.10966, -8235.9404296875], [-123.58439, 48.10813, -8214.0751953125], [-123.58996, 48.11313, -9090.0205078125]]], [[[-123.33961, 48.15021, -23189.083984375], [-123.34121, 48.14584, -22314.341796875], [-123.32811, 48.1454, -22789.703125], [-123.33961, 48.15021, -23189.083984375]]], [[[-123.65667, 48.17571, -19520.404296875], [-123.6572, 48.17071, -18563.078125], [-123.64233, 48.17295, -19327.865234375], [-123.65667, 48.17571, -19520.404296875]]], [[[-123.91, 48.14271, -3499.29296875], [-123.8995, 48.14413, -3661.91015625], [-123.90637, 48.14699, -4326.751953125], [-123.91, 48.14271, -3499.29296875]]], [[[-123.72852, 48.18392, -18236.18359375], [-123.73616, 48.18563, -18248.775390625], [-123.73757, 48.18341, -17787.908203125], [-123.72852, 48.18392, -18236.18359375]]], [[[-123.51288, 48.11276, -10454.625], [-123.50698, 48.10779, -9623.134765625], [-123.49772, 48.1107, -10416.0166015625], [-123.51288, 48.11276, -10454.625]]], [[[-123.63726, 48.11448, -8258.818359375], [-123.62539, 48.11291, -8207.162109375], [-123.62962, 48.11818, -9108.9443359375], [-123.63726, 48.11448, -8258.818359375]]], [[[-123.31493, 48.14543, -23235.25390625], [-123.30329, 48.14161, -22773.076171875], [-123.30169, 48.14599, -23647.201171875], [-123.31493, 48.14543, -23235.25390625]]], [[[-123.6572, 48.17071, -18563.078125], [-123.65667, 48.17571, -19520.404296875], [-123.66904, 48.17623, -19270.603515625], [-123.6572, 48.17071, -18563.078125]]], [[[-123.92079, 48.14144, -3105.934814453125], [-123.93486, 48.14097, -2675.910400390625], [-123.92669, 48.13781, -2298.322998046875], [-123.92079, 48.14144, -3105.934814453125]]], [[[-123.27185, 48.15791, -26091.6796875], [-123.25861, 48.16001, -26408.48828125], [-123.27025, 48.16226, -26967.892578125], [-123.27185, 48.15791, -26091.6796875]]], [[[-123.6572, 48.17071, -18563.078125], [-123.66904, 48.17623, -19270.603515625], [-123.67174, 48.17182, -18362.125], [-123.6572, 48.17071, -18563.078125]]], [[[-123.73377, 48.16737, -14975.6005859375], [-123.73419, 48.17071, -15556.15625], [-123.74197, 48.17008, -15142.240234375], [-123.73377, 48.16737, -14975.6005859375]]], [[[-123.37538, 48.08902, -10495.4853515625], [-123.36191, 48.08898, -10942.3486328125], [-123.3738, 48.09339, -11370.7509765625], [-123.37538, 48.08902, -10495.4853515625]]], [[[-123.82549, 48.13443, -4685.90966796875], [-123.83391, 48.13199, -3850.972900390625], [-123.82178, 48.12888, -3845.875244140625], [-123.82549, 48.13443, -4685.90966796875]]], [[[-123.40883, 48.18294, -26923.6171875], [-123.40039, 48.18583, -27719.82421875], [-123.41379, 48.18801, -27749.11328125], [-123.40883, 48.18294, -26923.6171875]]], [[[-123.62197, 48.15673, -16649.615234375], [-123.62993, 48.15312, -15830.1767578125], [-123.61774, 48.15179, -15775.779296875], [-123.62197, 48.15673, -16649.615234375]]], [[[-123.28356, 48.16044, -26634.54296875], [-123.27185, 48.15791, -26091.6796875], [-123.27025, 48.16226, -26967.892578125], [-123.28356, 48.16044, -26634.54296875]]], [[[-123.6572, 48.17071, -18563.078125], [-123.67174, 48.17182, -18362.125], [-123.66331, 48.16664, -17622.5], [-123.6572, 48.17071, -18563.078125]]], [[[-123.32333, 48.15849, -25415.603515625], [-123.33483, 48.16333, -25813.314453125], [-123.33642, 48.15896, -24938.564453125], [-123.32333, 48.15849, -25415.603515625]]], [[[-123.6572, 48.17071, -18563.078125], [-123.66331, 48.16664, -17622.5], [-123.65149, 48.16486, -17568.42578125], [-123.6572, 48.17071, -18563.078125]]], [[[-123.79418, 48.23481, -24465.48046875], [-123.80578, 48.2398, -24861.97265625], [-123.80758, 48.23542, -23980.955078125], [-123.79418, 48.23481, -24465.48046875]]], [[[-123.74197, 48.17008, -15142.240234375], [-123.74071, 48.17408, -15935.4931640625], [-123.74994, 48.17409, -15578.4951171875], [-123.74197, 48.17008, -15142.240234375]]], [[[-123.33569, 48.0885, -11868.62890625], [-123.33729, 48.08412, -10994.2705078125], [-123.32408, 48.08464, -11409.3544921875], [-123.33569, 48.0885, -11868.62890625]]], [[[-123.66957, 48.14976, -14261.8271484375], [-123.68109, 48.15154, -14251.876953125], [-123.6766, 48.14633, -13420.62109375], [-123.66957, 48.14976, -14261.8271484375]]], [[[-123.28196, 48.16481, -27509.572265625], [-123.28356, 48.16044, -26634.54296875], [-123.27025, 48.16226, -26967.892578125], [-123.28196, 48.16481, -27509.572265625]]], [[[-123.65149, 48.16486, -17568.42578125], [-123.66331, 48.16664, -17622.5], [-123.65903, 48.16132, -16740.32421875], [-123.65149, 48.16486, -17568.42578125]]], [[[-123.72037, 48.17733, -17406.40234375], [-123.72868, 48.18158, -17803.9140625], [-123.73006, 48.17954, -17365.244140625], [-123.72037, 48.17733, -17406.40234375]]], [[[-123.38181, 48.07595, -7814.400390625], [-123.36668, 48.07586, -8318.0478515625], [-123.37856, 48.08029, -8744.955078125], [-123.38181, 48.07595, -7814.400390625]]], [[[-123.79831, 48.10854, -1418.9007568359375], [-123.79429, 48.10267, -634.037109375], [-123.78635, 48.10498, -1472.52685546875], [-123.79831, 48.10854, -1418.9007568359375]]], [[[-123.65641, 48.13484, -11707.2529296875], [-123.65167, 48.12966, -10872.7958984375], [-123.64421, 48.13294, -11723.486328125], [-123.65641, 48.13484, -11707.2529296875]]], [[[-123.27025, 48.16226, -26967.892578125], [-123.25861, 48.16001, -26408.48828125], [-123.25701, 48.16438, -27283.0703125], [-123.27025, 48.16226, -26967.892578125]]], [[[-123.65149, 48.16486, -17568.42578125], [-123.65903, 48.16132, -16740.32421875], [-123.64683, 48.15978, -16705.029296875], [-123.65149, 48.16486, -17568.42578125]]], [[[-123.88835, 48.14248, -3449.485595703125], [-123.88846, 48.13843, -2660.134765625], [-123.879, 48.13908, -3074.5244140625], [-123.88835, 48.14248, -3449.485595703125]]], [[[-123.62993, 48.15312, -15830.1767578125], [-123.62571, 48.1483, -14965.6806640625], [-123.61774, 48.15179, -15775.779296875], [-123.62993, 48.15312, -15830.1767578125]]], [[[-123.32333, 48.15849, -25415.603515625], [-123.31013, 48.15857, -25858.28125], [-123.32174, 48.16286, -26290.912109375], [-123.32333, 48.15849, -25415.603515625]]], [[[-123.64683, 48.15978, -16705.029296875], [-123.63914, 48.16281, -17510.931640625], [-123.65149, 48.16486, -17568.42578125], [-123.64683, 48.15978, -16705.029296875]]], [[[-123.70007, 48.15938, -14979.1533203125], [-123.70718, 48.15621, -14089.8466796875], [-123.69309, 48.15417, -14231.517578125], [-123.70007, 48.15938, -14979.1533203125]]], [[[-123.3325, 48.09726, -13617.341796875], [-123.3341, 48.09288, -12742.9873046875], [-123.32088, 48.0934, -13157.62109375], [-123.3325, 48.09726, -13617.341796875]]], [[[-123.36621, 48.18407, -28578.6796875], [-123.35843, 48.18722, -29404.220703125], [-123.37127, 48.18919, -29410.69140625], [-123.36621, 48.18407, -28578.6796875]]], [[[-123.81493, 48.17788, -13110.9765625], [-123.82687, 48.18286, -13504.5087890625], [-123.82848, 48.17848, -12631.85546875], [-123.81493, 48.17788, -13110.9765625]]], [[[-123.71479, 48.15341, -13230.31640625], [-123.70786, 48.14787, -12539.1064453125], [-123.7005, 48.15093, -13393.7568359375], [-123.71479, 48.15341, -13230.31640625]]], [[[-123.94484, 48.14625, -3046.578369140625], [-123.95719, 48.14718, -2533.89208984375], [-123.94622, 48.14172, -2160.209716796875], [-123.94484, 48.14625, -3046.578369140625]]], [[[-123.25861, 48.16001, -26408.48828125], [-123.26021, 48.15563, -25533.908203125], [-123.24696, 48.15731, -25876.22265625], [-123.25861, 48.16001, -26408.48828125]]], [[[-123.63914, 48.16281, -17510.931640625], [-123.64683, 48.15978, -16705.029296875], [-123.63461, 48.15787, -16681.486328125], [-123.63914, 48.16281, -17510.931640625]]], [[[-123.72643, 48.18579, -18681.6875], [-123.71874, 48.18166, -18268.7890625], [-123.71715, 48.1861, -19150.341796875], [-123.72643, 48.18579, -18681.6875]]], [[[-123.36668, 48.07586, -8318.0478515625], [-123.36826, 48.07149, -7443.28076171875], [-123.35512, 48.0712, -7909.248046875], [-123.36668, 48.07586, -8318.0478515625]]], [[[-123.3341, 48.09288, -12742.9873046875], [-123.32248, 48.08902, -12283.48828125], [-123.32088, 48.0934, -13157.62109375], [-123.3341, 48.09288, -12742.9873046875]]], [[[-123.60658, 48.07537, -1541.9068603515625], [-123.59944, 48.07903, -2366.179931640625], [-123.61283, 48.08042, -2309.16064453125], [-123.60658, 48.07537, -1541.9068603515625]]], [[[-123.74833, 48.15932, -12899.6357421875], [-123.75008, 48.15515, -12057.822265625], [-123.73816, 48.15241, -12047.640625], [-123.74833, 48.15932, -12899.6357421875]]], [[[-123.25861, 48.16001, -26408.48828125], [-123.27185, 48.15791, -26091.6796875], [-123.26021, 48.15563, -25533.908203125], [-123.25861, 48.16001, -26408.48828125]]], [[[-123.62645, 48.1617, -17541.01171875], [-123.63914, 48.16281, -17510.931640625], [-123.63461, 48.15787, -16681.486328125], [-123.62645, 48.1617, -17541.01171875]]], [[[-123.79177, 48.23945, -25424.21875], [-123.80285, 48.24427, -25806.59765625], [-123.80578, 48.2398, -24861.97265625], [-123.79177, 48.23945, -25424.21875]]], [[[-123.30853, 48.16295, -26732.6328125], [-123.32174, 48.16286, -26290.912109375], [-123.31013, 48.15857, -25858.28125], [-123.30853, 48.16295, -26732.6328125]]], [[[-123.62645, 48.1617, -17541.01171875], [-123.63461, 48.15787, -16681.486328125], [-123.62197, 48.15673, -16649.615234375], [-123.62645, 48.1617, -17541.01171875]]], [[[-123.73377, 48.16737, -14975.6005859375], [-123.74197, 48.17008, -15142.240234375], [-123.74091, 48.16558, -14332.642578125], [-123.73377, 48.16737, -14975.6005859375]]], [[[-123.35299, 48.18154, -28593.115234375], [-123.35843, 48.18722, -29404.220703125], [-123.36621, 48.18407, -28578.6796875], [-123.35299, 48.18154, -28593.115234375]]], [[[-123.87982, 48.184, -11651.2470703125], [-123.87822, 48.18837, -12524.4833984375], [-123.89164, 48.18652, -12194.8544921875], [-123.87982, 48.184, -11651.2470703125]]], [[[-123.73141, 48.15522, -12885.68359375], [-123.72225, 48.15051, -12383.7783203125], [-123.71479, 48.15341, -13230.31640625], [-123.73141, 48.15522, -12885.68359375]]], [[[-123.86562, 48.14432, -4629.07568359375], [-123.8599, 48.13832, -3798.246826171875], [-123.85164, 48.14068, -4653.91357421875], [-123.86562, 48.14432, -4629.07568359375]]], [[[-123.30853, 48.16295, -26732.6328125], [-123.31013, 48.15857, -25858.28125], [-123.29689, 48.15914, -26269.580078125], [-123.30853, 48.16295, -26732.6328125]]], [[[-123.62645, 48.1617, -17541.01171875], [-123.62197, 48.15673, -16649.615234375], [-123.61306, 48.16058, -17554.884765625], [-123.62645, 48.1617, -17541.01171875]]], [[[-123.73176, 48.17517, -16487.619140625], [-123.72986, 48.17713, -16939.861328125], [-123.73883, 48.17895, -16909.80078125], [-123.73176, 48.17517, -16487.619140625]]], [[[-123.35872, 48.09773, -12691.8955078125], [-123.36032, 48.09336, -11817.1171875], [-123.34718, 48.09302, -12285.8525390625], [-123.35872, 48.09773, -12691.8955078125]]], [[[-123.35633, 48.14141, -20998.728515625], [-123.35474, 48.14578, -21873.97265625], [-123.36822, 48.14619, -21403.7578125], [-123.35633, 48.14141, -20998.728515625]]], [[[-123.66369, 48.13114, -10861.7734375], [-123.67518, 48.13273, -10891.3046875], [-123.67118, 48.12749, -10015.9423828125], [-123.66369, 48.13114, -10861.7734375]]], [[[-123.34838, 48.16324, -25374.91015625], [-123.33483, 48.16333, -25813.314453125], [-123.34694, 48.16767, -26257.626953125], [-123.34838, 48.16324, -25374.91015625]]], [[[-123.61927, 48.16624, -18526.4921875], [-123.62645, 48.1617, -17541.01171875], [-123.61306, 48.16058, -17554.884765625], [-123.61927, 48.16624, -18526.4921875]]], [[[-123.50318, 48.05404, 320.024658203125], [-123.5068, 48.0593, -520.7788696289062], [-123.51586, 48.05697, 253.46095275878906], [-123.50318, 48.05404, 320.024658203125]]], [[[-123.72415, 48.16827, -15586.009765625], [-123.72804, 48.16353, -14552.3486328125], [-123.71348, 48.16425, -15274.916015625], [-123.72415, 48.16827, -15586.009765625]]], [[[-123.35353, 48.07556, -8784.5673828125], [-123.34207, 48.07098, -8371.203125], [-123.34048, 48.07536, -9245.55859375], [-123.35353, 48.07556, -8784.5673828125]]], [[[-123.64898, 48.1381, -12547.9755859375], [-123.65641, 48.13484, -11707.2529296875], [-123.64421, 48.13294, -11723.486328125], [-123.64898, 48.1381, -12547.9755859375]]], [[[-123.33802, 48.15458, -24063.82421875], [-123.33961, 48.15021, -23189.083984375], [-123.32651, 48.14976, -23665.00390625], [-123.33802, 48.15458, -24063.82421875]]], [[[-123.61927, 48.16624, -18526.4921875], [-123.61306, 48.16058, -17554.884765625], [-123.60458, 48.16441, -18496.736328125], [-123.61927, 48.16624, -18526.4921875]]], [[[-123.72868, 48.18158, -17803.9140625], [-123.72037, 48.17733, -17406.40234375], [-123.71874, 48.18166, -18268.7890625], [-123.72868, 48.18158, -17803.9140625]]], [[[-123.42212, 48.11164, -13051.3916015625], [-123.40854, 48.1113, -13516.4443359375], [-123.42054, 48.116, -13926.9150390625], [-123.42212, 48.11164, -13051.3916015625]]], [[[-123.36057, 48.17881, -27758.7109375], [-123.35299, 48.18154, -28593.115234375], [-123.36621, 48.18407, -28578.6796875], [-123.36057, 48.17881, -27758.7109375]]], [[[-123.39904, 48.13747, -18769.9375], [-123.41262, 48.13782, -18304.376953125], [-123.40062, 48.13311, -17894.37109375], [-123.39904, 48.13747, -18769.9375]]], [[[-123.63726, 48.11448, -8258.818359375], [-123.633, 48.10931, -7345.70361328125], [-123.62539, 48.11291, -8207.162109375], [-123.63726, 48.11448, -8258.818359375]]], [[[-123.56588, 48.07118, -1542.5550537109375], [-123.56072, 48.06655, -697.8102416992188], [-123.55257, 48.07003, -1479.846435546875], [-123.56588, 48.07118, -1542.5550537109375]]], [[[-123.70245, 48.16434, -15788.3203125], [-123.71222, 48.16865, -16135.0537109375], [-123.71348, 48.16425, -15274.916015625], [-123.70245, 48.16434, -15788.3203125]]], [[[-123.32651, 48.14976, -23665.00390625], [-123.31493, 48.14543, -23235.25390625], [-123.31333, 48.14981, -24109.59765625], [-123.32651, 48.14976, -23665.00390625]]], [[[-123.94484, 48.14625, -3046.578369140625], [-123.95559, 48.15157, -3405.59423828125], [-123.95719, 48.14718, -2533.89208984375], [-123.94484, 48.14625, -3046.578369140625]]], [[[-123.61927, 48.16624, -18526.4921875], [-123.60458, 48.16441, -18496.736328125], [-123.61061, 48.17008, -19418.107421875], [-123.61927, 48.16624, -18526.4921875]]], [[[-123.33483, 48.16333, -25813.314453125], [-123.32333, 48.15849, -25415.603515625], [-123.32174, 48.16286, -26290.912109375], [-123.33483, 48.16333, -25813.314453125]]], [[[-123.61927, 48.16624, -18526.4921875], [-123.61061, 48.17008, -19418.107421875], [-123.62656, 48.17145, -19421.703125], [-123.61927, 48.16624, -18526.4921875]]], [[[-123.72804, 48.16353, -14552.3486328125], [-123.7244, 48.15866, -13803.658203125], [-123.71533, 48.16075, -14552.7861328125], [-123.72804, 48.16353, -14552.3486328125]]], [[[-123.39807, 48.07941, -7760.775390625], [-123.38181, 48.07595, -7814.400390625], [-123.39128, 48.08087, -8331.0830078125], [-123.39807, 48.07941, -7760.775390625]]], [[[-123.60958, 48.11997, -9911.916015625], [-123.6015, 48.1235, -10739.7646484375], [-123.614, 48.12511, -10809.244140625], [-123.60958, 48.11997, -9911.916015625]]], [[[-123.62656, 48.17145, -19421.703125], [-123.61061, 48.17008, -19418.107421875], [-123.6171, 48.17506, -20262.8359375], [-123.62656, 48.17145, -19421.703125]]], [[[-123.35315, 48.15014, -22749.208984375], [-123.36505, 48.15492, -23154.482421875], [-123.36664, 48.15056, -22279.125], [-123.35315, 48.15014, -22749.208984375]]], [[[-123.62656, 48.17145, -19421.703125], [-123.6171, 48.17506, -20262.8359375], [-123.63306, 48.17651, -20283.462890625], [-123.62656, 48.17145, -19421.703125]]], [[[-123.70007, 48.15938, -14979.1533203125], [-123.71533, 48.16075, -14552.7861328125], [-123.70718, 48.15621, -14089.8466796875], [-123.70007, 48.15938, -14979.1533203125]]], [[[-123.88906, 48.16097, -7037.84521484375], [-123.88794, 48.16359, -7562.93310546875], [-123.89623, 48.16245, -7352.09765625], [-123.88906, 48.16097, -7037.84521484375]]], [[[-123.36191, 48.08898, -10942.3486328125], [-123.37538, 48.08902, -10495.4853515625], [-123.3635, 48.08461, -10067.58203125], [-123.36191, 48.08898, -10942.3486328125]]], [[[-123.66779, 48.13613, -11740.83203125], [-123.67518, 48.13273, -10891.3046875], [-123.66369, 48.13114, -10861.7734375], [-123.66779, 48.13613, -11740.83203125]]], [[[-123.28196, 48.16481, -27509.572265625], [-123.27025, 48.16226, -26967.892578125], [-123.26864, 48.16661, -27844.103515625], [-123.28196, 48.16481, -27509.572265625]]], [[[-123.63306, 48.17651, -20283.462890625], [-123.6171, 48.17506, -20262.8359375], [-123.62373, 48.17986, -21088.45703125], [-123.63306, 48.17651, -20283.462890625]]], [[[-123.72804, 48.16353, -14552.3486328125], [-123.71533, 48.16075, -14552.7861328125], [-123.71348, 48.16425, -15274.916015625], [-123.72804, 48.16353, -14552.3486328125]]], [[[-123.36191, 48.08898, -10942.3486328125], [-123.3635, 48.08461, -10067.58203125], [-123.35036, 48.08429, -10535.20703125], [-123.36191, 48.08898, -10942.3486328125]]], [[[-123.39272, 48.18863, -28562.2265625], [-123.39748, 48.19408, -29372.79296875], [-123.4053, 48.19095, -28547.91796875], [-123.39272, 48.18863, -28562.2265625]]], [[[-123.89105, 48.154, -5652.8291015625], [-123.90337, 48.15605, -6134.78125], [-123.90444, 48.15146, -5213.40771484375], [-123.89105, 48.154, -5652.8291015625]]], [[[-123.59785, 48.13193, -12430.06640625], [-123.60596, 48.12853, -11624.0947265625], [-123.59336, 48.12665, -11568.791015625], [-123.59785, 48.13193, -12430.06640625]]], [[[-123.33642, 48.15896, -24938.564453125], [-123.32492, 48.15413, -24540.3046875], [-123.32333, 48.15849, -25415.603515625], [-123.33642, 48.15896, -24938.564453125]]], [[[-123.63306, 48.17651, -20283.462890625], [-123.62373, 48.17986, -21088.45703125], [-123.63931, 48.18188, -21105.857421875], [-123.63306, 48.17651, -20283.462890625]]], [[[-123.72415, 48.16827, -15586.009765625], [-123.72206, 48.17294, -16530.17578125], [-123.73131, 48.17261, -16048.7509765625], [-123.72415, 48.16827, -15586.009765625]]], [[[-123.36668, 48.07586, -8318.0478515625], [-123.35512, 48.0712, -7909.248046875], [-123.35353, 48.07556, -8784.5673828125], [-123.36668, 48.07586, -8318.0478515625]]], [[[-123.53839, 48.11146, -9723.7705078125], [-123.54778, 48.10829, -8955.8876953125], [-123.53183, 48.10625, -8921.7490234375], [-123.53839, 48.11146, -9723.7705078125]]], [[[-123.32015, 48.16722, -27166.232421875], [-123.30853, 48.16295, -26732.6328125], [-123.30693, 48.16732, -27606.99609375], [-123.32015, 48.16722, -27166.232421875]]], [[[-123.63931, 48.18188, -21105.857421875], [-123.62373, 48.17986, -21088.45703125], [-123.63029, 48.18469, -21911.61328125], [-123.63931, 48.18188, -21105.857421875]]], [[[-123.74197, 48.17008, -15142.240234375], [-123.74994, 48.17409, -15578.4951171875], [-123.75128, 48.1696, -14695.7626953125], [-123.74197, 48.17008, -15142.240234375]]], [[[-123.39807, 48.07941, -7760.775390625], [-123.3942, 48.07442, -7012.7763671875], [-123.38181, 48.07595, -7814.400390625], [-123.39807, 48.07941, -7760.775390625]]], [[[-123.67981, 48.13789, -11737.1875], [-123.67518, 48.13273, -10891.3046875], [-123.66779, 48.13613, -11740.83203125], [-123.67981, 48.13789, -11737.1875]]], [[[-123.33324, 48.1677, -26688.076171875], [-123.33483, 48.16333, -25813.314453125], [-123.32174, 48.16286, -26290.912109375], [-123.33324, 48.1677, -26688.076171875]]], [[[-123.63931, 48.18188, -21105.857421875], [-123.63029, 48.18469, -21911.61328125], [-123.64581, 48.1869, -21914.748046875], [-123.63931, 48.18188, -21105.857421875]]], [[[-123.36505, 48.15492, -23154.482421875], [-123.35315, 48.15014, -22749.208984375], [-123.35156, 48.15451, -23624.44140625], [-123.36505, 48.15492, -23154.482421875]]], [[[-123.89615, 48.14086, -3022.80810546875], [-123.8991, 48.13855, -2531.0185546875], [-123.88846, 48.13843, -2660.134765625], [-123.89615, 48.14086, -3022.80810546875]]], [[[-123.64581, 48.1869, -21914.748046875], [-123.63029, 48.18469, -21911.61328125], [-123.63673, 48.18992, -22701.859375], [-123.64581, 48.1869, -21914.748046875]]], [[[-123.90234, 48.16453, -7843.9033203125], [-123.89222, 48.16606, -8038.0009765625], [-123.89879, 48.16876, -8665.6962890625], [-123.90234, 48.16453, -7843.9033203125]]], [[[-123.88607, 48.27241, -28861.13671875], [-123.89694, 48.27755, -29232.41796875], [-123.89855, 48.27317, -28359.818359375], [-123.88607, 48.27241, -28861.13671875]]], [[[-123.6712, 48.16313, -16739.556640625], [-123.67871, 48.16024, -15955.6669921875], [-123.6666, 48.15809, -15917.5263671875], [-123.6712, 48.16313, -16739.556640625]]], [[[-123.3635, 48.08461, -10067.58203125], [-123.36509, 48.08024, -9192.814453125], [-123.35194, 48.07993, -9659.8876953125], [-123.3635, 48.08461, -10067.58203125]]], [[[-123.30969, 48.12408, -19276.580078125], [-123.29637, 48.1255, -19634.333984375], [-123.30809, 48.12846, -20150.703125], [-123.30969, 48.12408, -19276.580078125]]], [[[-123.64581, 48.1869, -21914.748046875], [-123.63673, 48.18992, -22701.859375], [-123.65194, 48.192, -22727.826171875], [-123.64581, 48.1869, -21914.748046875]]], [[[-123.33642, 48.15896, -24938.564453125], [-123.33802, 48.15458, -24063.82421875], [-123.32492, 48.15413, -24540.3046875], [-123.33642, 48.15896, -24938.564453125]]], [[[-123.88835, 48.14248, -3449.485595703125], [-123.8995, 48.14413, -3661.91015625], [-123.89615, 48.14086, -3022.80810546875], [-123.88835, 48.14248, -3449.485595703125]]], [[[-123.65194, 48.192, -22727.826171875], [-123.63673, 48.18992, -22701.859375], [-123.64297, 48.19498, -23521.08984375], [-123.65194, 48.192, -22727.826171875]]], [[[-123.49259, 48.21258, -30095.990234375], [-123.48487, 48.21632, -30930.0390625], [-123.49817, 48.21747, -30925.359375], [-123.49259, 48.21258, -30095.990234375]]], [[[-123.34439, 48.13709, -20564.841796875], [-123.33129, 48.13667, -21039.095703125], [-123.3428, 48.14146, -21439.595703125], [-123.34439, 48.13709, -20564.841796875]]], [[[-123.65194, 48.192, -22727.826171875], [-123.64297, 48.19498, -23521.08984375], [-123.65804, 48.19722, -23541.166015625], [-123.65194, 48.192, -22727.826171875]]], [[[-123.73377, 48.16737, -14975.6005859375], [-123.74091, 48.16558, -14332.642578125], [-123.72804, 48.16353, -14552.3486328125], [-123.73377, 48.16737, -14975.6005859375]]], [[[-123.33888, 48.07974, -10119.9140625], [-123.32727, 48.07587, -9661.087890625], [-123.32568, 48.08025, -10535.220703125], [-123.33888, 48.07974, -10119.9140625]]], [[[-123.63233, 48.13165, -11648.880859375], [-123.64421, 48.13294, -11723.486328125], [-123.64008, 48.128, -10826.3623046875], [-123.63233, 48.13165, -11648.880859375]]], [[[-123.71524, 48.19085, -20102.169921875], [-123.70312, 48.1905, -20531.263671875], [-123.71146, 48.19543, -21094.787109375], [-123.71524, 48.19085, -20102.169921875]]], [[[-123.25701, 48.16438, -27283.0703125], [-123.24536, 48.16169, -26750.662109375], [-123.24375, 48.16607, -27625.099609375], [-123.25701, 48.16438, -27283.0703125]]], [[[-123.76861, 48.09724, -584.0635375976562], [-123.77742, 48.09487, 194.7131805419922], [-123.76473, 48.09193, 250.81907653808594], [-123.76861, 48.09724, -584.0635375976562]]], [[[-123.65804, 48.19722, -23541.166015625], [-123.64297, 48.19498, -23521.08984375], [-123.64914, 48.20017, -24346.6640625], [-123.65804, 48.19722, -23541.166015625]]], [[[-123.87289, 48.27288, -29278.234375], [-123.88446, 48.27679, -29733.7109375], [-123.88607, 48.27241, -28861.13671875], [-123.87289, 48.27288, -29278.234375]]], [[[-123.66331, 48.16664, -17622.5], [-123.6712, 48.16313, -16739.556640625], [-123.65903, 48.16132, -16740.32421875], [-123.66331, 48.16664, -17622.5]]], [[[-123.35036, 48.08429, -10535.20703125], [-123.33729, 48.08412, -10994.2705078125], [-123.34877, 48.08866, -11410.529296875], [-123.35036, 48.08429, -10535.20703125]]], [[[-123.32132, 48.12791, -19737.873046875], [-123.32292, 48.12353, -18863.53125], [-123.30969, 48.12408, -19276.580078125], [-123.32132, 48.12791, -19737.873046875]]], [[[-123.78635, 48.10498, -1472.52685546875], [-123.78217, 48.09993, -629.4319458007812], [-123.7731, 48.10256, -1400.8492431640625], [-123.78635, 48.10498, -1472.52685546875]]], [[[-123.65804, 48.19722, -23541.166015625], [-123.64914, 48.20017, -24346.6640625], [-123.66425, 48.20252, -24360.62890625], [-123.65804, 48.19722, -23541.166015625]]], [[[-123.3988, 48.17247, -25310.0], [-123.4111, 48.17468, -25286.89453125], [-123.40202, 48.16869, -24473.728515625], [-123.3988, 48.17247, -25310.0]]], [[[-123.91463, 48.15897, -6593.45947265625], [-123.90388, 48.1603, -7002.72998046875], [-123.9132, 48.16337, -7466.69970703125], [-123.91463, 48.15897, -6593.45947265625]]], [[[-123.66425, 48.20252, -24360.62890625], [-123.64914, 48.20017, -24346.6640625], [-123.65525, 48.20547, -25177.041015625], [-123.66425, 48.20252, -24360.62890625]]], [[[-123.71222, 48.16865, -16135.0537109375], [-123.69906, 48.16798, -16599.212890625], [-123.71044, 48.17291, -16992.505859375], [-123.71222, 48.16865, -16135.0537109375]]], [[[-123.31929, 48.09778, -14031.75390625], [-123.30596, 48.09929, -14384.158203125], [-123.31769, 48.10217, -14905.8876953125], [-123.31929, 48.09778, -14031.75390625]]], [[[-123.62179, 48.12172, -9965.7470703125], [-123.62962, 48.11818, -9108.9443359375], [-123.61759, 48.11639, -9066.8837890625], [-123.62179, 48.12172, -9965.7470703125]]], [[[-123.30329, 48.14161, -22773.076171875], [-123.31493, 48.14543, -23235.25390625], [-123.31653, 48.14105, -22360.912109375], [-123.30329, 48.14161, -22773.076171875]]], [[[-123.66425, 48.20252, -24360.62890625], [-123.65525, 48.20547, -25177.041015625], [-123.67029, 48.20818, -25148.568359375], [-123.66425, 48.20252, -24360.62890625]]], [[[-123.68029, 48.18589, -20610.37109375], [-123.69094, 48.19035, -21044.490234375], [-123.69231, 48.18526, -20053.12890625], [-123.68029, 48.18589, -20610.37109375]]], [[[-123.65505, 48.12084, -9104.17578125], [-123.6624, 48.1174, -8231.6796875], [-123.64993, 48.11553, -8266.228515625], [-123.65505, 48.12084, -9104.17578125]]], [[[-123.69745, 48.08614, -1480.1400146484375], [-123.69282, 48.08104, -644.4794921875], [-123.68558, 48.08439, -1476.1468505859375], [-123.69745, 48.08614, -1480.1400146484375]]], [[[-123.28147, 48.13182, -20834.41796875], [-123.26983, 48.12938, -20286.42578125], [-123.26823, 48.13376, -21161.005859375], [-123.28147, 48.13182, -20834.41796875]]], [[[-123.67029, 48.20818, -25148.568359375], [-123.65525, 48.20547, -25177.041015625], [-123.6612, 48.21081, -26008.171875], [-123.67029, 48.20818, -25148.568359375]]], [[[-123.67524, 48.16764, -17465.46875], [-123.68469, 48.17198, -17861.306640625], [-123.68546, 48.16635, -16797.255859375], [-123.67524, 48.16764, -17465.46875]]], [[[-123.53839, 48.11146, -9723.7705078125], [-123.55344, 48.11315, -9830.37890625], [-123.54778, 48.10829, -8955.8876953125], [-123.53839, 48.11146, -9723.7705078125]]], [[[-123.29637, 48.1255, -19634.333984375], [-123.30969, 48.12408, -19276.580078125], [-123.29796, 48.12113, -18759.3125], [-123.29637, 48.1255, -19634.333984375]]], [[[-123.67029, 48.20818, -25148.568359375], [-123.6612, 48.21081, -26008.171875], [-123.67559, 48.2139, -25971.8671875], [-123.67029, 48.20818, -25148.568359375]]], [[[-123.68546, 48.16635, -16797.255859375], [-123.6971, 48.17207, -17432.349609375], [-123.69906, 48.16798, -16599.212890625], [-123.68546, 48.16635, -16797.255859375]]], [[[-123.37697, 48.08465, -9620.220703125], [-123.36509, 48.08024, -9192.814453125], [-123.3635, 48.08461, -10067.58203125], [-123.37697, 48.08465, -9620.220703125]]], [[[-123.55344, 48.11315, -9830.37890625], [-123.56754, 48.11534, -9857.9931640625], [-123.56209, 48.11005, -9010.560546875], [-123.55344, 48.11315, -9830.37890625]]], [[[-123.34083, 48.11048, -15787.16015625], [-123.32931, 48.10602, -15366.060546875], [-123.32771, 48.1104, -16240.44140625], [-123.34083, 48.11048, -15787.16015625]]], [[[-123.68404, 48.21118, -25154.990234375], [-123.67029, 48.20818, -25148.568359375], [-123.67559, 48.2139, -25971.8671875], [-123.68404, 48.21118, -25154.990234375]]], [[[-123.64254, 48.15467, -15870.498046875], [-123.64683, 48.15978, -16705.029296875], [-123.65457, 48.15645, -15896.583984375], [-123.64254, 48.15467, -15870.498046875]]], [[[-123.55344, 48.11315, -9830.37890625], [-123.56209, 48.11005, -9010.560546875], [-123.54778, 48.10829, -8955.8876953125], [-123.55344, 48.11315, -9830.37890625]]], [[[-123.32132, 48.12791, -19737.873046875], [-123.33447, 48.12794, -19288.47265625], [-123.32292, 48.12353, -18863.53125], [-123.32132, 48.12791, -19737.873046875]]], [[[-123.68404, 48.21118, -25154.990234375], [-123.67559, 48.2139, -25971.8671875], [-123.68971, 48.21703, -25977.6953125], [-123.68404, 48.21118, -25154.990234375]]], [[[-123.28147, 48.13182, -20834.41796875], [-123.28307, 48.12747, -19958.208984375], [-123.26983, 48.12938, -20286.42578125], [-123.28147, 48.13182, -20834.41796875]]], [[[-123.68404, 48.21118, -25154.990234375], [-123.68971, 48.21703, -25977.6953125], [-123.69881, 48.21473, -25161.404296875], [-123.68404, 48.21118, -25154.990234375]]], [[[-123.53726, 48.20012, -26740.58984375], [-123.52372, 48.19867, -26782.763671875], [-123.52968, 48.20349, -27595.060546875], [-123.53726, 48.20012, -26740.58984375]]], [[[-123.5813, 48.17852, -21671.37890625], [-123.58858, 48.18338, -22485.009765625], [-123.59724, 48.18019, -21683.626953125], [-123.5813, 48.17852, -21671.37890625]]], [[[-123.65546, 48.09799, -4787.865234375], [-123.66263, 48.09463, -3929.62451171875], [-123.65018, 48.09313, -3940.23486328125], [-123.65546, 48.09799, -4787.865234375]]], [[[-123.50332, 48.2007, -27605.896484375], [-123.49557, 48.20422, -28434.748046875], [-123.50829, 48.20581, -28438.56640625], [-123.50332, 48.2007, -27605.896484375]]], [[[-123.90372, 48.2242, -19264.138671875], [-123.89055, 48.22469, -19680.759765625], [-123.90211, 48.22859, -20136.56640625], [-123.90372, 48.2242, -19264.138671875]]], [[[-123.34605, 48.17587, -27825.09375], [-123.35794, 48.17328, -26854.166015625], [-123.34503, 48.17182, -27100.095703125], [-123.34605, 48.17587, -27825.09375]]], [[[-123.61373, 48.07203, -705.8229370117188], [-123.6279, 48.07364, -666.97265625], [-123.62163, 48.06894, 105.34494018554688], [-123.61373, 48.07203, -705.8229370117188]]], [[[-123.6934, 48.20894, -24334.681640625], [-123.68404, 48.21118, -25154.990234375], [-123.69881, 48.21473, -25161.404296875], [-123.6934, 48.20894, -24334.681640625]]], [[[-123.88607, 48.27241, -28861.13671875], [-123.88446, 48.27679, -29733.7109375], [-123.89694, 48.27755, -29232.41796875], [-123.88607, 48.27241, -28861.13671875]]], [[[-123.68546, 48.16635, -16797.255859375], [-123.69096, 48.1624, -15840.025390625], [-123.67871, 48.16024, -15955.6669921875], [-123.68546, 48.16635, -16797.255859375]]], [[[-123.3635, 48.08461, -10067.58203125], [-123.35194, 48.07993, -9659.8876953125], [-123.35036, 48.08429, -10535.20703125], [-123.3635, 48.08461, -10067.58203125]]], [[[-123.3297, 48.14103, -21914.40234375], [-123.31653, 48.14105, -22360.912109375], [-123.32811, 48.1454, -22789.703125], [-123.3297, 48.14103, -21914.40234375]]], [[[-123.70535, 48.2121, -24410.123046875], [-123.6934, 48.20894, -24334.681640625], [-123.69881, 48.21473, -25161.404296875], [-123.70535, 48.2121, -24410.123046875]]], [[[-123.43239, 48.19582, -28499.8203125], [-123.44464, 48.19747, -28492.337890625], [-123.43978, 48.19237, -27668.80078125], [-123.43239, 48.19582, -28499.8203125]]], [[[-123.72432, 48.2138, -23914.908203125], [-123.72343, 48.2093, -23097.05859375], [-123.71434, 48.21037, -23721.59375], [-123.72432, 48.2138, -23914.908203125]]], [[[-123.61639, 48.09403, -4804.56298828125], [-123.62353, 48.09037, -3961.1025390625], [-123.61086, 48.089, -3979.905029296875], [-123.61639, 48.09403, -4804.56298828125]]], [[[-123.40976, 48.08193, -7916.7578125], [-123.41754, 48.07861, -7049.79296875], [-123.40643, 48.07659, -6991.28466796875], [-123.40976, 48.08193, -7916.7578125]]], [[[-123.45199, 48.19408, -27650.66015625], [-123.43978, 48.19237, -27668.80078125], [-123.44464, 48.19747, -28492.337890625], [-123.45199, 48.19408, -27650.66015625]]], [[[-123.76078, 48.17829, -16014.37890625], [-123.7719, 48.18387, -16362.9072265625], [-123.77351, 48.17949, -15490.1298828125], [-123.76078, 48.17829, -16014.37890625]]], [[[-123.5158, 48.17156, -21737.720703125], [-123.52119, 48.17673, -22572.140625], [-123.52811, 48.1728, -21717.931640625], [-123.5158, 48.17156, -21737.720703125]]], [[[-123.26543, 48.1753, -29596.529296875], [-123.2538, 48.17313, -29032.23046875], [-123.25219, 48.1775, -29906.810546875], [-123.26543, 48.1753, -29596.529296875]]], [[[-123.81093, 48.11171, -1424.3846435546875], [-123.81911, 48.10959, -588.4508056640625], [-123.80685, 48.1063, -604.5048217773438], [-123.81093, 48.11171, -1424.3846435546875]]], [[[-123.6934, 48.20894, -24334.681640625], [-123.70535, 48.2121, -24410.123046875], [-123.70358, 48.20685, -23512.580078125], [-123.6934, 48.20894, -24334.681640625]]], [[[-123.43967, 48.13779, -17416.74609375], [-123.42621, 48.13789, -17855.828125], [-123.4381, 48.14213, -18293.54296875], [-123.43967, 48.13779, -17416.74609375]]], [[[-123.55361, 48.1755, -21675.9921875], [-123.55912, 48.18044, -22548.09765625], [-123.56685, 48.17664, -21695.662109375], [-123.55361, 48.1755, -21675.9921875]]], [[[-123.65401, 48.07657, -684.842529296875], [-123.65964, 48.08127, -1506.5609130859375], [-123.66694, 48.07805, -669.2479858398438], [-123.65401, 48.07657, -684.842529296875]]], [[[-123.27876, 48.17355, -29259.630859375], [-123.26704, 48.17096, -28720.31640625], [-123.26543, 48.1753, -29596.529296875], [-123.27876, 48.17355, -29259.630859375]]], [[[-123.70358, 48.20685, -23512.580078125], [-123.68834, 48.20319, -23508.53515625], [-123.6934, 48.20894, -24334.681640625], [-123.70358, 48.20685, -23512.580078125]]], [[[-123.65667, 48.17571, -19520.404296875], [-123.64233, 48.17295, -19327.865234375], [-123.64837, 48.17866, -20283.15625], [-123.65667, 48.17571, -19520.404296875]]], [[[-123.59598, 48.11828, -9919.0263671875], [-123.58996, 48.11313, -9090.0205078125], [-123.5817, 48.11675, -9917.560546875], [-123.59598, 48.11828, -9919.0263671875]]], [[[-123.30009, 48.15037, -24521.326171875], [-123.28676, 48.15171, -24884.486328125], [-123.29849, 48.15476, -25395.453125], [-123.30009, 48.15037, -24521.326171875]]], [[[-123.68971, 48.21703, -25977.6953125], [-123.67559, 48.2139, -25971.8671875], [-123.68108, 48.21956, -26815.986328125], [-123.68971, 48.21703, -25977.6953125]]], [[[-123.67174, 48.17182, -18362.125], [-123.66904, 48.17623, -19270.603515625], [-123.6829, 48.17662, -18794.77734375], [-123.67174, 48.17182, -18362.125]]], [[[-123.62778, 48.10419, -6494.14599609375], [-123.633, 48.10931, -7345.70361328125], [-123.64044, 48.10549, -6475.9013671875], [-123.62778, 48.10419, -6494.14599609375]]], [[[-123.34599, 48.13272, -19690.0859375], [-123.34439, 48.13709, -20564.841796875], [-123.35792, 48.13705, -20123.478515625], [-123.34599, 48.13272, -19690.0859375]]], [[[-123.68971, 48.21703, -25977.6953125], [-123.68108, 48.21956, -26815.986328125], [-123.69459, 48.22282, -26826.28515625], [-123.68971, 48.21703, -25977.6953125]]], [[[-123.29477, 48.12987, -20509.357421875], [-123.28147, 48.13182, -20834.41796875], [-123.29317, 48.13424, -21384.380859375], [-123.29477, 48.12987, -20509.357421875]]], [[[-123.78984, 48.17113, -13223.326171875], [-123.80154, 48.1769, -13615.78515625], [-123.80323, 48.17244, -12719.931640625], [-123.78984, 48.17113, -13223.326171875]]], [[[-123.65667, 48.17571, -19520.404296875], [-123.64837, 48.17866, -20283.15625], [-123.66562, 48.18101, -20269.966796875], [-123.65667, 48.17571, -19520.404296875]]], [[[-123.36032, 48.09336, -11817.1171875], [-123.34877, 48.08866, -11410.529296875], [-123.34718, 48.09302, -12285.8525390625], [-123.36032, 48.09336, -11817.1171875]]], [[[-123.71237, 48.1996, -21828.048828125], [-123.71321, 48.20477, -22741.52734375], [-123.72436, 48.20466, -22195.4765625], [-123.71237, 48.1996, -21828.048828125]]], [[[-123.30489, 48.13723, -21898.951171875], [-123.31813, 48.13667, -21486.5703125], [-123.30649, 48.13284, -21024.826171875], [-123.30489, 48.13723, -21898.951171875]]], [[[-123.69459, 48.22282, -26826.28515625], [-123.68108, 48.21956, -26815.986328125], [-123.68595, 48.22533, -27662.662109375], [-123.69459, 48.22282, -26826.28515625]]], [[[-123.69459, 48.22282, -26826.28515625], [-123.68595, 48.22533, -27662.662109375], [-123.7009, 48.22859, -27627.27734375], [-123.69459, 48.22282, -26826.28515625]]], [[[-123.34207, 48.07098, -8371.203125], [-123.34367, 48.0666, -7496.84716796875], [-123.33046, 48.06711, -7912.8212890625], [-123.34207, 48.07098, -8371.203125]]], [[[-123.39516, 48.18033, -26920.671875], [-123.38226, 48.17791, -26947.060546875], [-123.38737, 48.18313, -27773.658203125], [-123.39516, 48.18033, -26920.671875]]], [[[-123.71479, 48.15341, -13230.31640625], [-123.72225, 48.15051, -12383.7783203125], [-123.70786, 48.14787, -12539.1064453125], [-123.71479, 48.15341, -13230.31640625]]], [[[-123.675, 48.0964, -3973.57421875], [-123.68241, 48.09274, -3141.943115234375], [-123.67037, 48.09149, -3098.843017578125], [-123.675, 48.0964, -3973.57421875]]], [[[-123.33288, 48.13231, -20163.78125], [-123.32132, 48.12791, -19737.873046875], [-123.31972, 48.13229, -20612.22265625], [-123.33288, 48.13231, -20163.78125]]], [[[-123.70817, 48.22569, -26790.931640625], [-123.69459, 48.22282, -26826.28515625], [-123.7009, 48.22859, -27627.27734375], [-123.70817, 48.22569, -26790.931640625]]], [[[-123.75916, 48.18268, -16886.490234375], [-123.77029, 48.18824, -17235.689453125], [-123.7719, 48.18387, -16362.9072265625], [-123.75916, 48.18268, -16886.490234375]]], [[[-123.89373, 48.28631, -30977.6171875], [-123.90411, 48.29216, -31300.068359375], [-123.90572, 48.28777, -30428.3671875], [-123.89373, 48.28631, -30977.6171875]]], [[[-123.94622, 48.14172, -2160.209716796875], [-123.95719, 48.14718, -2533.89208984375], [-123.95879, 48.14279, -1662.189697265625], [-123.94622, 48.14172, -2160.209716796875]]], [[[-123.73188, 48.19637, -20401.27734375], [-123.72567, 48.19991, -21270.767578125], [-123.73997, 48.20023, -20820.734375], [-123.73188, 48.19637, -20401.27734375]]], [[[-123.46113, 48.09649, -8755.7587890625], [-123.46965, 48.09314, -7921.51806640625], [-123.45636, 48.09068, -7923.2607421875], [-123.46113, 48.09649, -8755.7587890625]]], [[[-123.58991, 48.21423, -28307.4921875], [-123.59797, 48.21082, -27455.7265625], [-123.58446, 48.20895, -27467.201171875], [-123.58991, 48.21423, -28307.4921875]]], [[[-123.6279, 48.07364, -666.97265625], [-123.63494, 48.07, 171.9521942138672], [-123.62163, 48.06894, 105.34494018554688], [-123.6279, 48.07364, -666.97265625]]], [[[-123.71376, 48.22274, -26008.373046875], [-123.70313, 48.22024, -25999.646484375], [-123.70817, 48.22569, -26790.931640625], [-123.71376, 48.22274, -26008.373046875]]], [[[-123.71715, 48.1861, -19150.341796875], [-123.72425, 48.19019, -19588.263671875], [-123.72772, 48.1886, -19121.2734375], [-123.71715, 48.1861, -19150.341796875]]], [[[-123.47946, 48.10335, -9674.6181640625], [-123.48725, 48.09984, -8796.005859375], [-123.4746, 48.09812, -8809.115234375], [-123.47946, 48.10335, -9674.6181640625]]], [[[-123.40039, 48.18583, -27719.82421875], [-123.39272, 48.18863, -28562.2265625], [-123.4053, 48.19095, -28547.91796875], [-123.40039, 48.18583, -27719.82421875]]], [[[-123.74875, 48.17855, -16452.169921875], [-123.75916, 48.18268, -16886.490234375], [-123.76078, 48.17829, -16014.37890625], [-123.74875, 48.17855, -16452.169921875]]], [[[-123.85535, 48.29159, -33142.89453125], [-123.86357, 48.28811, -32361.482421875], [-123.84912, 48.28759, -32321.765625], [-123.85535, 48.29159, -33142.89453125]]], [[[-123.52811, 48.1728, -21717.931640625], [-123.52119, 48.17673, -22572.140625], [-123.53356, 48.17764, -22575.982421875], [-123.52811, 48.1728, -21717.931640625]]], [[[-123.93093, 48.1497, -4432.8408203125], [-123.92933, 48.15408, -5305.267578125], [-123.94166, 48.15501, -4792.357421875], [-123.93093, 48.1497, -4432.8408203125]]], [[[-123.26704, 48.17096, -28720.31640625], [-123.27876, 48.17355, -29259.630859375], [-123.28036, 48.16918, -28384.6015625], [-123.26704, 48.17096, -28720.31640625]]], [[[-123.72353, 48.22359, -25779.521484375], [-123.71337, 48.21811, -25181.91796875], [-123.71376, 48.22274, -26008.373046875], [-123.72353, 48.22359, -25779.521484375]]], [[[-123.44331, 48.04737, -244.26617431640625], [-123.45165, 48.04492, 560.3745727539062], [-123.43895, 48.04199, 570.4140014648438], [-123.44331, 48.04737, -244.26617431640625]]], [[[-123.71337, 48.21811, -25181.91796875], [-123.72353, 48.22359, -25779.521484375], [-123.72851, 48.22076, -25079.19921875], [-123.71337, 48.21811, -25181.91796875]]], [[[-123.43515, 48.0915, -8771.890625], [-123.44823, 48.09347, -8786.0673828125], [-123.4438, 48.08828, -7917.20068359375], [-123.43515, 48.0915, -8771.890625]]], [[[-123.42198, 48.18504, -26946.603515625], [-123.41379, 48.18801, -27749.11328125], [-123.42728, 48.19047, -27722.900390625], [-123.42198, 48.18504, -26946.603515625]]], [[[-123.8226, 48.23166, -22619.7890625], [-123.83398, 48.23709, -22979.03515625], [-123.8356, 48.23271, -22106.744140625], [-123.8226, 48.23166, -22619.7890625]]], [[[-123.76469, 48.16446, -13295.0498046875], [-123.77663, 48.17054, -13716.28125], [-123.77739, 48.16497, -12685.140625], [-123.76469, 48.16446, -13295.0498046875]]], [[[-123.43592, 48.05028, -1094.62744140625], [-123.43133, 48.04507, -263.2936096191406], [-123.42341, 48.04801, -1079.55029296875], [-123.43592, 48.05028, -1094.62744140625]]], [[[-123.71337, 48.21811, -25181.91796875], [-123.72851, 48.22076, -25079.19921875], [-123.72291, 48.21691, -24544.166015625], [-123.71337, 48.21811, -25181.91796875]]], [[[-123.43982, 48.08298, -7016.68505859375], [-123.4519, 48.08499, -7067.60546875], [-123.44795, 48.07972, -6171.82861328125], [-123.43982, 48.08298, -7016.68505859375]]], [[[-123.41941, 48.19311, -28555.171875], [-123.41095, 48.19603, -29356.75390625], [-123.42469, 48.19857, -29343.42578125], [-123.41941, 48.19311, -28555.171875]]], [[[-123.7624, 48.17391, -15142.271484375], [-123.77351, 48.17949, -15490.1298828125], [-123.77512, 48.17511, -14617.3564453125], [-123.7624, 48.17391, -15142.271484375]]], [[[-123.51772, 48.1431, -16291.6298828125], [-123.53244, 48.14056, -15405.1474609375], [-123.51963, 48.13838, -15348.1279296875], [-123.51772, 48.1431, -16291.6298828125]]], [[[-123.7316, 48.08847, -621.0608520507812], [-123.73946, 48.08588, 213.21507263183594], [-123.72676, 48.08296, 164.31002807617188], [-123.7316, 48.08847, -621.0608520507812]]], [[[-123.29368, 48.1679, -28017.85546875], [-123.30693, 48.16732, -27606.99609375], [-123.29529, 48.16352, -27143.716796875], [-123.29368, 48.1679, -28017.85546875]]], [[[-123.68029, 48.18589, -20610.37109375], [-123.68037, 48.18083, -19679.2265625], [-123.66562, 48.18101, -20269.966796875], [-123.68029, 48.18589, -20610.37109375]]], [[[-123.72432, 48.2138, -23914.908203125], [-123.73412, 48.2179, -24327.263671875], [-123.73411, 48.21346, -23506.35546875], [-123.72432, 48.2138, -23914.908203125]]], [[[-123.88303, 48.17526, -9904.76953125], [-123.89484, 48.17776, -10449.90234375], [-123.89644, 48.17338, -9577.419921875], [-123.88303, 48.17526, -9904.76953125]]], [[[-123.40338, 48.08951, -9536.4912109375], [-123.39047, 48.08512, -9151.716796875], [-123.38884, 48.08946, -10023.55078125], [-123.40338, 48.08951, -9536.4912109375]]], [[[-123.85836, 48.20691, -16394.5546875], [-123.8718, 48.20584, -16017.4267578125], [-123.85997, 48.20253, -15522.1279296875], [-123.85836, 48.20691, -16394.5546875]]], [[[-123.4053, 48.19095, -28547.91796875], [-123.39748, 48.19408, -29372.79296875], [-123.41095, 48.19603, -29356.75390625], [-123.4053, 48.19095, -28547.91796875]]], [[[-123.76384, 48.20572, -20723.669921875], [-123.77714, 48.20643, -20239.873046875], [-123.76546, 48.20137, -19854.017578125], [-123.76384, 48.20572, -20723.669921875]]], [[[-123.43426, 48.18745, -26859.685546875], [-123.42198, 48.18504, -26946.603515625], [-123.42728, 48.19047, -27722.900390625], [-123.43426, 48.18745, -26859.685546875]]], [[[-123.89105, 48.154, -5652.8291015625], [-123.87483, 48.1537, -5933.80419921875], [-123.88431, 48.15747, -6424.88916015625], [-123.89105, 48.154, -5652.8291015625]]], [[[-123.72432, 48.2138, -23914.908203125], [-123.73411, 48.21346, -23506.35546875], [-123.72343, 48.2093, -23097.05859375], [-123.72432, 48.2138, -23914.908203125]]], [[[-123.32408, 48.08464, -11409.3544921875], [-123.31075, 48.08619, -11759.0693359375], [-123.32248, 48.08902, -12283.48828125], [-123.32408, 48.08464, -11409.3544921875]]], [[[-123.61926, 48.13018, -11633.064453125], [-123.63233, 48.13165, -11648.880859375], [-123.62716, 48.12681, -10807.3095703125], [-123.61926, 48.13018, -11633.064453125]]], [[[-123.6279, 48.07364, -666.97265625], [-123.64017, 48.075, -657.2096557617188], [-123.63494, 48.07, 171.9521942138672], [-123.6279, 48.07364, -666.97265625]]], [[[-123.74466, 48.13287, -8181.9775390625], [-123.73681, 48.13552, -9044.2783203125], [-123.74907, 48.13867, -9018.0478515625], [-123.74466, 48.13287, -8181.9775390625]]], [[[-123.73188, 48.19637, -20401.27734375], [-123.73997, 48.20023, -20820.734375], [-123.74171, 48.19588, -19945.8046875], [-123.73188, 48.19637, -20401.27734375]]], [[[-123.41849, 48.0883, -8847.3330078125], [-123.40976, 48.08193, -7916.7578125], [-123.40411, 48.08522, -8697.8740234375], [-123.41849, 48.0883, -8847.3330078125]]], [[[-123.58858, 48.18338, -22485.009765625], [-123.57302, 48.18172, -22510.078125], [-123.58046, 48.18691, -23289.412109375], [-123.58858, 48.18338, -22485.009765625]]], [[[-123.71321, 48.20477, -22741.52734375], [-123.71434, 48.21037, -23721.59375], [-123.72343, 48.2093, -23097.05859375], [-123.71321, 48.20477, -22741.52734375]]], [[[-123.74841, 48.09663, -1416.083984375], [-123.75692, 48.09439, -596.4910278320312], [-123.74339, 48.09122, -613.8934936523438], [-123.74841, 48.09663, -1416.083984375]]], [[[-123.72343, 48.2093, -23097.05859375], [-123.73528, 48.20889, -22613.52734375], [-123.72436, 48.20466, -22195.4765625], [-123.72343, 48.2093, -23097.05859375]]], [[[-123.3325, 48.09726, -13617.341796875], [-123.34559, 48.09739, -13161.1728515625], [-123.3341, 48.09288, -12742.9873046875], [-123.3325, 48.09726, -13617.341796875]]], [[[-123.37566, 48.1639, -24471.109375], [-123.36346, 48.15928, -24029.833984375], [-123.36216, 48.1638, -24920.619140625], [-123.37566, 48.1639, -24471.109375]]], [[[-123.60596, 48.12853, -11624.0947265625], [-123.6015, 48.1235, -10739.7646484375], [-123.59336, 48.12665, -11568.791015625], [-123.60596, 48.12853, -11624.0947265625]]], [[[-123.73411, 48.21346, -23506.35546875], [-123.73528, 48.20889, -22613.52734375], [-123.72343, 48.2093, -23097.05859375], [-123.73411, 48.21346, -23506.35546875]]], [[[-123.43515, 48.0915, -8771.890625], [-123.4438, 48.08828, -7917.20068359375], [-123.43249, 48.0863, -7917.64990234375], [-123.43515, 48.0915, -8771.890625]]], [[[-123.3741, 48.18093, -27758.525390625], [-123.36621, 48.18407, -28578.6796875], [-123.37917, 48.18607, -28587.15625], [-123.3741, 48.18093, -27758.525390625]]], [[[-123.76868, 48.19262, -18108.46484375], [-123.78198, 48.19328, -17622.705078125], [-123.77029, 48.18824, -17235.689453125], [-123.76868, 48.19262, -18108.46484375]]], [[[-123.43426, 48.18745, -26859.685546875], [-123.42728, 48.19047, -27722.900390625], [-123.43978, 48.19237, -27668.80078125], [-123.43426, 48.18745, -26859.685546875]]], [[[-123.83798, 48.13751, -4694.94140625], [-123.82944, 48.14011, -5541.02197265625], [-123.84307, 48.14308, -5509.09521484375], [-123.83798, 48.13751, -4694.94140625]]], [[[-123.73411, 48.21346, -23506.35546875], [-123.74803, 48.21338, -22987.576171875], [-123.73528, 48.20889, -22613.52734375], [-123.73411, 48.21346, -23506.35546875]]], [[[-123.34718, 48.09302, -12285.8525390625], [-123.33569, 48.0885, -11868.62890625], [-123.3341, 48.09288, -12742.9873046875], [-123.34718, 48.09302, -12285.8525390625]]], [[[-123.49841, 48.06201, -1320.15087890625], [-123.49469, 48.05701, -462.60205078125], [-123.48469, 48.05959, -1178.3013916015625], [-123.49841, 48.06201, -1320.15087890625]]], [[[-123.74803, 48.21338, -22987.576171875], [-123.73411, 48.21346, -23506.35546875], [-123.74647, 48.21804, -23910.58984375], [-123.74803, 48.21338, -22987.576171875]]], [[[-123.28147, 48.13182, -20834.41796875], [-123.29477, 48.12987, -20509.357421875], [-123.28307, 48.12747, -19958.208984375], [-123.28147, 48.13182, -20834.41796875]]], [[[-123.614, 48.12511, -10809.244140625], [-123.62179, 48.12172, -9965.7470703125], [-123.60958, 48.11997, -9911.916015625], [-123.614, 48.12511, -10809.244140625]]], [[[-123.30489, 48.13723, -21898.951171875], [-123.30649, 48.13284, -21024.826171875], [-123.29317, 48.13424, -21384.380859375], [-123.30489, 48.13723, -21898.951171875]]], [[[-123.85603, 48.14647, -5479.1953125], [-123.86562, 48.14432, -4629.07568359375], [-123.85164, 48.14068, -4653.91357421875], [-123.85603, 48.14647, -5479.1953125]]], [[[-123.74933, 48.20896, -22117.275390625], [-123.74803, 48.21338, -22987.576171875], [-123.76079, 48.21453, -22468.44140625], [-123.74933, 48.20896, -22117.275390625]]], [[[-123.34718, 48.09302, -12285.8525390625], [-123.3341, 48.09288, -12742.9873046875], [-123.34559, 48.09739, -13161.1728515625], [-123.34718, 48.09302, -12285.8525390625]]], [[[-123.45585, 48.12947, -15191.244140625], [-123.45744, 48.12509, -14317.3515625], [-123.44439, 48.12476, -14786.27734375], [-123.45585, 48.12947, -15191.244140625]]], [[[-123.87229, 48.27722, -30128.603515625], [-123.88286, 48.28117, -30606.28515625], [-123.88446, 48.27679, -29733.7109375], [-123.87229, 48.27722, -30128.603515625]]], [[[-123.73528, 48.20889, -22613.52734375], [-123.74933, 48.20896, -22117.275390625], [-123.7378, 48.20442, -21685.291015625], [-123.73528, 48.20889, -22613.52734375]]], [[[-123.4272, 48.09833, -10370.10546875], [-123.42707, 48.09348, -9476.365234375], [-123.41496, 48.09347, -9938.6669921875], [-123.4272, 48.09833, -10370.10546875]]], [[[-123.72436, 48.20466, -22195.4765625], [-123.73528, 48.20889, -22613.52734375], [-123.7378, 48.20442, -21685.291015625], [-123.72436, 48.20466, -22195.4765625]]], [[[-123.4746, 48.09812, -8809.115234375], [-123.48725, 48.09984, -8796.005859375], [-123.48234, 48.09458, -7930.43408203125], [-123.4746, 48.09812, -8809.115234375]]], [[[-123.35474, 48.14578, -21873.97265625], [-123.35633, 48.14141, -20998.728515625], [-123.3428, 48.14146, -21439.595703125], [-123.35474, 48.14578, -21873.97265625]]], [[[-123.74564, 48.18734, -18205.521484375], [-123.75592, 48.19145, -18630.71484375], [-123.75754, 48.18706, -17758.603515625], [-123.74564, 48.18734, -18205.521484375]]], [[[-123.42891, 48.18205, -26084.52734375], [-123.42198, 48.18504, -26946.603515625], [-123.43426, 48.18745, -26859.685546875], [-123.42891, 48.18205, -26084.52734375]]], [[[-123.85603, 48.14647, -5479.1953125], [-123.86696, 48.14941, -5494.4814453125], [-123.86562, 48.14432, -4629.07568359375], [-123.85603, 48.14647, -5479.1953125]]], [[[-123.72567, 48.19991, -21270.767578125], [-123.72436, 48.20466, -22195.4765625], [-123.7378, 48.20442, -21685.291015625], [-123.72567, 48.19991, -21270.767578125]]], [[[-123.72567, 48.19991, -21270.767578125], [-123.71237, 48.1996, -21828.048828125], [-123.72436, 48.20466, -22195.4765625], [-123.72567, 48.19991, -21270.767578125]]], [[[-123.46605, 48.10163, -9626.21484375], [-123.46113, 48.09649, -8755.7587890625], [-123.45243, 48.09909, -9666.056640625], [-123.46605, 48.10163, -9626.21484375]]], [[[-123.77405, 48.21526, -21992.666015625], [-123.78565, 48.2206, -22355.330078125], [-123.78713, 48.21617, -21478.181640625], [-123.77405, 48.21526, -21992.666015625]]], [[[-123.72567, 48.19991, -21270.767578125], [-123.71146, 48.19543, -21094.787109375], [-123.71237, 48.1996, -21828.048828125], [-123.72567, 48.19991, -21270.767578125]]], [[[-123.42874, 48.08068, -7033.6259765625], [-123.43601, 48.07749, -6136.42041015625], [-123.42482, 48.07521, -6167.1171875], [-123.42874, 48.08068, -7033.6259765625]]], [[[-123.38942, 48.1637, -24039.322265625], [-123.37716, 48.15943, -23578.015625], [-123.37566, 48.1639, -24471.109375], [-123.38942, 48.1637, -24039.322265625]]], [[[-123.7474, 48.18298, -17325.53125], [-123.74564, 48.18734, -18205.521484375], [-123.75754, 48.18706, -17758.603515625], [-123.7474, 48.18298, -17325.53125]]], [[[-123.36922, 48.17638, -27029.322265625], [-123.36057, 48.17881, -27758.7109375], [-123.3741, 48.18093, -27758.525390625], [-123.36922, 48.17638, -27029.322265625]]], [[[-123.88637, 48.14598, -4159.40625], [-123.87957, 48.14961, -4976.79638671875], [-123.89421, 48.14894, -4623.63232421875], [-123.88637, 48.14598, -4159.40625]]], [[[-123.72163, 48.19547, -20677.07421875], [-123.71146, 48.19543, -21094.787109375], [-123.72567, 48.19991, -21270.767578125], [-123.72163, 48.19547, -20677.07421875]]], [[[-123.45243, 48.09909, -9666.056640625], [-123.46113, 48.09649, -8755.7587890625], [-123.44823, 48.09347, -8786.0673828125], [-123.45243, 48.09909, -9666.056640625]]], [[[-123.72578, 48.19319, -20051.21875], [-123.71524, 48.19085, -20102.169921875], [-123.72163, 48.19547, -20677.07421875], [-123.72578, 48.19319, -20051.21875]]], [[[-123.45111, 48.14259, -17815.310546875], [-123.45269, 48.13822, -16940.638671875], [-123.43967, 48.13779, -17416.74609375], [-123.45111, 48.14259, -17815.310546875]]], [[[-123.39807, 48.07941, -7760.775390625], [-123.40643, 48.07659, -6991.28466796875], [-123.3942, 48.07442, -7012.7763671875], [-123.39807, 48.07941, -7760.775390625]]], [[[-123.53963, 48.06819, -1482.6241455078125], [-123.54733, 48.06496, -667.2371826171875], [-123.53448, 48.06357, -638.0106811523438], [-123.53963, 48.06819, -1482.6241455078125]]], [[[-123.39904, 48.13747, -18769.9375], [-123.40062, 48.13311, -17894.37109375], [-123.38668, 48.13324, -18326.35546875], [-123.39904, 48.13747, -18769.9375]]], [[[-123.77029, 48.18824, -17235.689453125], [-123.78359, 48.1889, -16750.314453125], [-123.7719, 48.18387, -16362.9072265625], [-123.77029, 48.18824, -17235.689453125]]], [[[-123.72578, 48.19319, -20051.21875], [-123.72425, 48.19019, -19588.263671875], [-123.71524, 48.19085, -20102.169921875], [-123.72578, 48.19319, -20051.21875]]], [[[-123.36505, 48.15492, -23154.482421875], [-123.37875, 48.15507, -22702.75], [-123.36664, 48.15056, -22279.125], [-123.36505, 48.15492, -23154.482421875]]], [[[-123.6766, 48.14633, -13420.62109375], [-123.68396, 48.14313, -12578.9091796875], [-123.67238, 48.14124, -12575.708984375], [-123.6766, 48.14633, -13420.62109375]]], [[[-123.72578, 48.19319, -20051.21875], [-123.73188, 48.19637, -20401.27734375], [-123.73383, 48.19216, -19549.640625], [-123.72578, 48.19319, -20051.21875]]], [[[-123.33569, 48.0885, -11868.62890625], [-123.34877, 48.08866, -11410.529296875], [-123.33729, 48.08412, -10994.2705078125], [-123.33569, 48.0885, -11868.62890625]]], [[[-123.36981, 48.14183, -20528.38671875], [-123.35792, 48.13705, -20123.478515625], [-123.35633, 48.14141, -20998.728515625], [-123.36981, 48.14183, -20528.38671875]]], [[[-123.61926, 48.13018, -11633.064453125], [-123.614, 48.12511, -10809.244140625], [-123.60596, 48.12853, -11624.0947265625], [-123.61926, 48.13018, -11633.064453125]]], [[[-123.73188, 48.19637, -20401.27734375], [-123.72163, 48.19547, -20677.07421875], [-123.72567, 48.19991, -21270.767578125], [-123.73188, 48.19637, -20401.27734375]]], [[[-123.43426, 48.18745, -26859.685546875], [-123.43978, 48.19237, -27668.80078125], [-123.44698, 48.18905, -26829.251953125], [-123.43426, 48.18745, -26859.685546875]]], [[[-123.75592, 48.19145, -18630.71484375], [-123.76707, 48.19699, -18981.240234375], [-123.76868, 48.19262, -18108.46484375], [-123.75592, 48.19145, -18630.71484375]]], [[[-123.45199, 48.19408, -27650.66015625], [-123.44464, 48.19747, -28492.337890625], [-123.45729, 48.19949, -28430.244140625], [-123.45199, 48.19408, -27650.66015625]]], [[[-123.68053, 48.07961, -641.75830078125], [-123.69282, 48.08104, -644.4794921875], [-123.68786, 48.07599, 174.18911743164062], [-123.68053, 48.07961, -641.75830078125]]], [[[-123.68037, 48.18083, -19679.2265625], [-123.68029, 48.18589, -20610.37109375], [-123.69231, 48.18526, -20053.12890625], [-123.68037, 48.18083, -19679.2265625]]], [[[-123.80285, 48.24427, -25806.59765625], [-123.79177, 48.23945, -25424.21875], [-123.78569, 48.24362, -26486.771484375], [-123.80285, 48.24427, -25806.59765625]]], [[[-123.73383, 48.19216, -19549.640625], [-123.73188, 48.19637, -20401.27734375], [-123.74171, 48.19588, -19945.8046875], [-123.73383, 48.19216, -19549.640625]]], [[[-123.43976, 48.09691, -9671.3544921875], [-123.44823, 48.09347, -8786.0673828125], [-123.43515, 48.0915, -8771.890625], [-123.43976, 48.09691, -9671.3544921875]]], [[[-123.39516, 48.18033, -26920.671875], [-123.40039, 48.18583, -27719.82421875], [-123.40883, 48.18294, -26923.6171875], [-123.39516, 48.18033, -26920.671875]]], [[[-123.76179, 48.15949, -12431.9892578125], [-123.76469, 48.16446, -13295.0498046875], [-123.77739, 48.16497, -12685.140625], [-123.76179, 48.15949, -12431.9892578125]]], [[[-123.72425, 48.19019, -19588.263671875], [-123.71715, 48.1861, -19150.341796875], [-123.71524, 48.19085, -20102.169921875], [-123.72425, 48.19019, -19588.263671875]]], [[[-123.47946, 48.10335, -9674.6181640625], [-123.49239, 48.1054, -9622.4267578125], [-123.48725, 48.09984, -8796.005859375], [-123.47946, 48.10335, -9674.6181640625]]], [[[-123.36981, 48.14183, -20528.38671875], [-123.35633, 48.14141, -20998.728515625], [-123.36822, 48.14619, -21403.7578125], [-123.36981, 48.14183, -20528.38671875]]], [[[-123.76396, 48.16948, -14262.78515625], [-123.77512, 48.17511, -14617.3564453125], [-123.77663, 48.17054, -13716.28125], [-123.76396, 48.16948, -14262.78515625]]], [[[-123.71715, 48.1861, -19150.341796875], [-123.70709, 48.18156, -18721.796875], [-123.70562, 48.18609, -19615.98828125], [-123.71715, 48.1861, -19150.341796875]]], [[[-123.38737, 48.18313, -27773.658203125], [-123.37917, 48.18607, -28587.15625], [-123.39272, 48.18863, -28562.2265625], [-123.38737, 48.18313, -27773.658203125]]], [[[-123.74339, 48.09122, -613.8934936523438], [-123.75216, 48.08881, 175.47280883789062], [-123.73946, 48.08588, 213.21507263183594], [-123.74339, 48.09122, -613.8934936523438]]], [[[-123.84692, 48.1215, -1376.2012939453125], [-123.84362, 48.11613, -525.4747924804688], [-123.83563, 48.11875, -1352.5977783203125], [-123.84692, 48.1215, -1376.2012939453125]]], [[[-123.88202, 48.21281, -17429.708984375], [-123.88041, 48.21719, -18302.185546875], [-123.89376, 48.21593, -17935.76171875], [-123.88202, 48.21281, -17429.708984375]]], [[[-123.58526, 48.12979, -12373.462890625], [-123.59336, 48.12665, -11568.791015625], [-123.57946, 48.12499, -11540.1044921875], [-123.58526, 48.12979, -12373.462890625]]], [[[-123.60128, 48.07061, -714.3824462890625], [-123.60852, 48.06696, 102.35821533203125], [-123.59517, 48.06594, 89.03192901611328], [-123.60128, 48.07061, -714.3824462890625]]], [[[-123.39272, 48.18863, -28562.2265625], [-123.38472, 48.19129, -29396.87109375], [-123.39748, 48.19408, -29372.79296875], [-123.39272, 48.18863, -28562.2265625]]], [[[-123.86011, 48.15266, -6400.52197265625], [-123.86696, 48.14941, -5494.4814453125], [-123.85603, 48.14647, -5479.1953125], [-123.86011, 48.15266, -6400.52197265625]]], [[[-123.71874, 48.18166, -18268.7890625], [-123.70875, 48.17726, -17862.37109375], [-123.70709, 48.18156, -18721.796875], [-123.71874, 48.18166, -18268.7890625]]], [[[-123.4438, 48.08828, -7917.20068359375], [-123.43982, 48.08298, -7016.68505859375], [-123.43249, 48.0863, -7917.64990234375], [-123.4438, 48.08828, -7917.20068359375]]], [[[-123.72037, 48.17733, -17406.40234375], [-123.70875, 48.17726, -17862.37109375], [-123.71874, 48.18166, -18268.7890625], [-123.72037, 48.17733, -17406.40234375]]], [[[-123.40643, 48.07659, -6991.28466796875], [-123.41754, 48.07861, -7049.79296875], [-123.41418, 48.07327, -6146.1796875], [-123.40643, 48.07659, -6991.28466796875]]], [[[-123.42891, 48.18205, -26084.52734375], [-123.43426, 48.18745, -26859.685546875], [-123.44145, 48.18404, -26028.0078125], [-123.42891, 48.18205, -26084.52734375]]], [[[-123.56588, 48.07118, -1542.5550537109375], [-123.57378, 48.06802, -731.8939819335938], [-123.56072, 48.06655, -697.8102416992188], [-123.56588, 48.07118, -1542.5550537109375]]], [[[-123.78037, 48.19766, -18495.091796875], [-123.79194, 48.20308, -18857.423828125], [-123.79354, 48.19872, -17983.8203125], [-123.78037, 48.19766, -18495.091796875]]], [[[-123.72037, 48.17733, -17406.40234375], [-123.71044, 48.17291, -16992.505859375], [-123.70875, 48.17726, -17862.37109375], [-123.72037, 48.17733, -17406.40234375]]], [[[-123.4053, 48.19095, -28547.91796875], [-123.41379, 48.18801, -27749.11328125], [-123.40039, 48.18583, -27719.82421875], [-123.4053, 48.19095, -28547.91796875]]], [[[-123.76469, 48.16446, -13295.0498046875], [-123.76179, 48.15949, -12431.9892578125], [-123.74833, 48.15932, -12899.6357421875], [-123.76469, 48.16446, -13295.0498046875]]], [[[-123.72206, 48.17294, -16530.17578125], [-123.71044, 48.17291, -16992.505859375], [-123.72037, 48.17733, -17406.40234375], [-123.72206, 48.17294, -16530.17578125]]], [[[-123.33569, 48.0885, -11868.62890625], [-123.32408, 48.08464, -11409.3544921875], [-123.32248, 48.08902, -12283.48828125], [-123.33569, 48.0885, -11868.62890625]]], [[[-123.36057, 48.17881, -27758.7109375], [-123.34605, 48.17587, -27825.09375], [-123.35299, 48.18154, -28593.115234375], [-123.36057, 48.17881, -27758.7109375]]], [[[-123.64008, 48.128, -10826.3623046875], [-123.63491, 48.12317, -9972.568359375], [-123.62716, 48.12681, -10807.3095703125], [-123.64008, 48.128, -10826.3623046875]]], [[[-123.84307, 48.14308, -5509.09521484375], [-123.85164, 48.14068, -4653.91357421875], [-123.83798, 48.13751, -4694.94140625], [-123.84307, 48.14308, -5509.09521484375]]], [[[-123.72415, 48.16827, -15586.009765625], [-123.71222, 48.16865, -16135.0537109375], [-123.72206, 48.17294, -16530.17578125], [-123.72415, 48.16827, -15586.009765625]]], [[[-123.39807, 48.07941, -7760.775390625], [-123.39128, 48.08087, -8331.0830078125], [-123.40411, 48.08522, -8697.8740234375], [-123.39807, 48.07941, -7760.775390625]]], [[[-123.30693, 48.16732, -27606.99609375], [-123.30853, 48.16295, -26732.6328125], [-123.29529, 48.16352, -27143.716796875], [-123.30693, 48.16732, -27606.99609375]]], [[[-123.92451, 48.13336, -1485.721923828125], [-123.91976, 48.12861, -630.8294677734375], [-123.91408, 48.13283, -1530.5230712890625], [-123.92451, 48.13336, -1485.721923828125]]], [[[-123.64254, 48.15467, -15870.498046875], [-123.62993, 48.15312, -15830.1767578125], [-123.63461, 48.15787, -16681.486328125], [-123.64254, 48.15467, -15870.498046875]]], [[[-123.72415, 48.16827, -15586.009765625], [-123.73419, 48.17071, -15556.15625], [-123.73377, 48.16737, -14975.6005859375], [-123.72415, 48.16827, -15586.009765625]]], [[[-123.40411, 48.08522, -8697.8740234375], [-123.39128, 48.08087, -8331.0830078125], [-123.39047, 48.08512, -9151.716796875], [-123.40411, 48.08522, -8697.8740234375]]], [[[-123.6146, 48.2254, -30031.3984375], [-123.61996, 48.23046, -30860.673828125], [-123.62852, 48.22736, -30024.0859375], [-123.6146, 48.2254, -30031.3984375]]], [[[-123.53839, 48.11146, -9723.7705078125], [-123.53183, 48.10625, -8921.7490234375], [-123.52209, 48.10927, -9675.1884765625], [-123.53839, 48.11146, -9723.7705078125]]], [[[-123.72206, 48.17294, -16530.17578125], [-123.73176, 48.17517, -16487.619140625], [-123.73131, 48.17261, -16048.7509765625], [-123.72206, 48.17294, -16530.17578125]]], [[[-123.40411, 48.08522, -8697.8740234375], [-123.39047, 48.08512, -9151.716796875], [-123.40338, 48.08951, -9536.4912109375], [-123.40411, 48.08522, -8697.8740234375]]], [[[-123.61996, 48.23046, -30860.673828125], [-123.6146, 48.2254, -30031.3984375], [-123.6062, 48.22903, -30848.564453125], [-123.61996, 48.23046, -30860.673828125]]], [[[-123.60958, 48.11997, -9911.916015625], [-123.60407, 48.11502, -9070.2275390625], [-123.59598, 48.11828, -9919.0263671875], [-123.60958, 48.11997, -9911.916015625]]], [[[-123.28516, 48.15608, -25759.513671875], [-123.28676, 48.15171, -24884.486328125], [-123.27345, 48.15356, -25215.46875], [-123.28516, 48.15608, -25759.513671875]]], [[[-123.66331, 48.16664, -17622.5], [-123.67524, 48.16764, -17465.46875], [-123.6712, 48.16313, -16739.556640625], [-123.66331, 48.16664, -17622.5]]], [[[-123.71715, 48.1861, -19150.341796875], [-123.72772, 48.1886, -19121.2734375], [-123.72643, 48.18579, -18681.6875], [-123.71715, 48.1861, -19150.341796875]]], [[[-123.33729, 48.08412, -10994.2705078125], [-123.32568, 48.08025, -10535.220703125], [-123.32408, 48.08464, -11409.3544921875], [-123.33729, 48.08412, -10994.2705078125]]], [[[-123.61127, 48.13339, -12450.9580078125], [-123.62437, 48.13516, -12459.576171875], [-123.61926, 48.13018, -11633.064453125], [-123.61127, 48.13339, -12450.9580078125]]], [[[-123.34605, 48.17587, -27825.09375], [-123.36057, 48.17881, -27758.7109375], [-123.35794, 48.17328, -26854.166015625], [-123.34605, 48.17587, -27825.09375]]], [[[-123.86115, 48.26977, -28772.4609375], [-123.87289, 48.27288, -29278.234375], [-123.8745, 48.2685, -28405.748046875], [-123.86115, 48.26977, -28772.4609375]]], [[[-123.72852, 48.18392, -18236.18359375], [-123.73555, 48.18821, -18753.892578125], [-123.73616, 48.18563, -18248.775390625], [-123.72852, 48.18392, -18236.18359375]]], [[[-123.78635, 48.10498, -1472.52685546875], [-123.77739, 48.10777, -2238.94775390625], [-123.79043, 48.1106, -2276.302734375], [-123.78635, 48.10498, -1472.52685546875]]], [[[-123.90388, 48.1603, -7002.72998046875], [-123.91463, 48.15897, -6593.45947265625], [-123.90337, 48.15605, -6134.78125], [-123.90388, 48.1603, -7002.72998046875]]], [[[-123.74091, 48.16558, -14332.642578125], [-123.75128, 48.1696, -14695.7626953125], [-123.75166, 48.16484, -13799.365234375], [-123.74091, 48.16558, -14332.642578125]]], [[[-123.36509, 48.08024, -9192.814453125], [-123.36668, 48.07586, -8318.0478515625], [-123.35353, 48.07556, -8784.5673828125], [-123.36509, 48.08024, -9192.814453125]]], [[[-123.72804, 48.16353, -14552.3486328125], [-123.73775, 48.16103, -13625.0361328125], [-123.7244, 48.15866, -13803.658203125], [-123.72804, 48.16353, -14552.3486328125]]], [[[-123.38181, 48.07595, -7814.400390625], [-123.36826, 48.07149, -7443.28076171875], [-123.36668, 48.07586, -8318.0478515625], [-123.38181, 48.07595, -7814.400390625]]], [[[-123.65167, 48.12966, -10872.7958984375], [-123.64008, 48.128, -10826.3623046875], [-123.64421, 48.13294, -11723.486328125], [-123.65167, 48.12966, -10872.7958984375]]], [[[-123.71533, 48.16075, -14552.7861328125], [-123.70007, 48.15938, -14979.1533203125], [-123.71348, 48.16425, -15274.916015625], [-123.71533, 48.16075, -14552.7861328125]]], [[[-123.34048, 48.07536, -9245.55859375], [-123.32887, 48.07149, -8786.955078125], [-123.32727, 48.07587, -9661.087890625], [-123.34048, 48.07536, -9245.55859375]]], [[[-123.60596, 48.12853, -11624.0947265625], [-123.614, 48.12511, -10809.244140625], [-123.6015, 48.1235, -10739.7646484375], [-123.60596, 48.12853, -11624.0947265625]]], [[[-123.70007, 48.15938, -14979.1533203125], [-123.69309, 48.15417, -14231.517578125], [-123.68584, 48.15709, -15080.962890625], [-123.70007, 48.15938, -14979.1533203125]]], [[[-123.55828, 48.18891, -24195.404296875], [-123.55114, 48.19269, -25030.0078125], [-123.56578, 48.19376, -24976.490234375], [-123.55828, 48.18891, -24195.404296875]]], [[[-123.69096, 48.1624, -15840.025390625], [-123.70245, 48.16434, -15788.3203125], [-123.70007, 48.15938, -14979.1533203125], [-123.69096, 48.1624, -15840.025390625]]], [[[-123.56339, 48.21125, -28340.25], [-123.55589, 48.21479, -29210.564453125], [-123.56895, 48.21644, -29164.830078125], [-123.56339, 48.21125, -28340.25]]], [[[-123.69906, 48.16798, -16599.212890625], [-123.70245, 48.16434, -15788.3203125], [-123.69096, 48.1624, -15840.025390625], [-123.69906, 48.16798, -16599.212890625]]], [[[-123.63726, 48.11448, -8258.818359375], [-123.6447, 48.11055, -7386.837890625], [-123.633, 48.10931, -7345.70361328125], [-123.63726, 48.11448, -8258.818359375]]], [[[-123.69906, 48.16798, -16599.212890625], [-123.71222, 48.16865, -16135.0537109375], [-123.70245, 48.16434, -15788.3203125], [-123.69906, 48.16798, -16599.212890625]]], [[[-123.3878, 48.16842, -24983.146484375], [-123.38942, 48.1637, -24039.322265625], [-123.37566, 48.1639, -24471.109375], [-123.3878, 48.16842, -24983.146484375]]], [[[-123.89373, 48.28631, -30977.6171875], [-123.90572, 48.28777, -30428.3671875], [-123.89534, 48.28193, -30105.017578125], [-123.89373, 48.28631, -30977.6171875]]], [[[-123.6971, 48.17207, -17432.349609375], [-123.70875, 48.17726, -17862.37109375], [-123.71044, 48.17291, -16992.505859375], [-123.6971, 48.17207, -17432.349609375]]], [[[-123.69593, 48.17667, -18324.076171875], [-123.70709, 48.18156, -18721.796875], [-123.70875, 48.17726, -17862.37109375], [-123.69593, 48.17667, -18324.076171875]]], [[[-123.69441, 48.18114, -19208.966796875], [-123.70562, 48.18609, -19615.98828125], [-123.70709, 48.18156, -18721.796875], [-123.69441, 48.18114, -19208.966796875]]], [[[-123.61215, 48.11141, -8220.08984375], [-123.60407, 48.11502, -9070.2275390625], [-123.61759, 48.11639, -9066.8837890625], [-123.61215, 48.11141, -8220.08984375]]], [[[-123.69231, 48.18526, -20053.12890625], [-123.70562, 48.18609, -19615.98828125], [-123.69441, 48.18114, -19208.966796875], [-123.69231, 48.18526, -20053.12890625]]], [[[-123.38854, 48.17414, -26039.087890625], [-123.38226, 48.17791, -26947.060546875], [-123.39516, 48.18033, -26920.671875], [-123.38854, 48.17414, -26039.087890625]]], [[[-123.69231, 48.18526, -20053.12890625], [-123.70312, 48.1905, -20531.263671875], [-123.70562, 48.18609, -19615.98828125], [-123.69231, 48.18526, -20053.12890625]]], [[[-123.32931, 48.10602, -15366.060546875], [-123.31769, 48.10217, -14905.8876953125], [-123.31609, 48.10655, -15780.029296875], [-123.32931, 48.10602, -15366.060546875]]], [[[-123.61759, 48.11639, -9066.8837890625], [-123.62539, 48.11291, -8207.162109375], [-123.61215, 48.11141, -8220.08984375], [-123.61759, 48.11639, -9066.8837890625]]], [[[-123.69094, 48.19035, -21044.490234375], [-123.70312, 48.1905, -20531.263671875], [-123.69231, 48.18526, -20053.12890625], [-123.69094, 48.19035, -21044.490234375]]], [[[-123.35353, 48.07556, -8784.5673828125], [-123.34048, 48.07536, -9245.55859375], [-123.35194, 48.07993, -9659.8876953125], [-123.35353, 48.07556, -8784.5673828125]]], [[[-123.65505, 48.12084, -9104.17578125], [-123.66637, 48.12246, -9144.119140625], [-123.6624, 48.1174, -8231.6796875], [-123.65505, 48.12084, -9104.17578125]]], [[[-123.66904, 48.17623, -19270.603515625], [-123.66562, 48.18101, -20269.966796875], [-123.68037, 48.18083, -19679.2265625], [-123.66904, 48.17623, -19270.603515625]]], [[[-123.3878, 48.16842, -24983.146484375], [-123.37491, 48.16865, -25396.208984375], [-123.38854, 48.17414, -26039.087890625], [-123.3878, 48.16842, -24983.146484375]]], [[[-123.79994, 48.18126, -14489.388671875], [-123.78682, 48.18014, -15005.5283203125], [-123.79834, 48.18563, -15362.9970703125], [-123.79994, 48.18126, -14489.388671875]]], [[[-123.65667, 48.17571, -19520.404296875], [-123.66562, 48.18101, -20269.966796875], [-123.66904, 48.17623, -19270.603515625], [-123.65667, 48.17571, -19520.404296875]]], [[[-123.65477, 48.18373, -21086.93359375], [-123.66562, 48.18101, -20269.966796875], [-123.64837, 48.17866, -20283.15625], [-123.65477, 48.18373, -21086.93359375]]], [[[-123.30068, 48.07964, -10319.8916015625], [-123.28744, 48.08126, -10666.0390625], [-123.29908, 48.08399, -11196.1025390625], [-123.30068, 48.07964, -10319.8916015625]]], [[[-123.62539, 48.11291, -8207.162109375], [-123.62012, 48.10772, -7354.97412109375], [-123.61215, 48.11141, -8220.08984375], [-123.62539, 48.11291, -8207.162109375]]], [[[-123.66904, 48.17623, -19270.603515625], [-123.68037, 48.18083, -19679.2265625], [-123.6829, 48.17662, -18794.77734375], [-123.66904, 48.17623, -19270.603515625]]], [[[-123.46649, 48.1881, -25952.138671875], [-123.45455, 48.18578, -26004.408203125], [-123.45931, 48.19115, -26806.087890625], [-123.46649, 48.1881, -25952.138671875]]], [[[-123.67174, 48.17182, -18362.125], [-123.6829, 48.17662, -18794.77734375], [-123.68469, 48.17198, -17861.306640625], [-123.67174, 48.17182, -18362.125]]], [[[-123.59813, 48.10966, -8235.9404296875], [-123.58996, 48.11313, -9090.0205078125], [-123.60407, 48.11502, -9070.2275390625], [-123.59813, 48.10966, -8235.9404296875]]], [[[-123.67174, 48.17182, -18362.125], [-123.68469, 48.17198, -17861.306640625], [-123.67524, 48.16764, -17465.46875], [-123.67174, 48.17182, -18362.125]]], [[[-123.65743, 48.11206, -7376.47900390625], [-123.66493, 48.10863, -6498.716796875], [-123.65224, 48.10671, -6531.607421875], [-123.65743, 48.11206, -7376.47900390625]]], [[[-123.67524, 48.16764, -17465.46875], [-123.66331, 48.16664, -17622.5], [-123.67174, 48.17182, -18362.125], [-123.67524, 48.16764, -17465.46875]]], [[[-123.59598, 48.11828, -9919.0263671875], [-123.60407, 48.11502, -9070.2275390625], [-123.58996, 48.11313, -9090.0205078125], [-123.59598, 48.11828, -9919.0263671875]]], [[[-123.6712, 48.16313, -16739.556640625], [-123.6666, 48.15809, -15917.5263671875], [-123.65903, 48.16132, -16740.32421875], [-123.6712, 48.16313, -16739.556640625]]], [[[-123.64269, 48.11943, -9131.68359375], [-123.63726, 48.11448, -8258.818359375], [-123.62962, 48.11818, -9108.9443359375], [-123.64269, 48.11943, -9131.68359375]]], [[[-123.6712, 48.16313, -16739.556640625], [-123.68546, 48.16635, -16797.255859375], [-123.67871, 48.16024, -15955.6669921875], [-123.6712, 48.16313, -16739.556640625]]], [[[-123.6447, 48.11055, -7386.837890625], [-123.64044, 48.10549, -6475.9013671875], [-123.633, 48.10931, -7345.70361328125], [-123.6447, 48.11055, -7386.837890625]]], [[[-123.67524, 48.16764, -17465.46875], [-123.68546, 48.16635, -16797.255859375], [-123.6712, 48.16313, -16739.556640625], [-123.67524, 48.16764, -17465.46875]]], [[[-123.53787, 48.19147, -25089.0859375], [-123.53098, 48.19499, -25951.0], [-123.54426, 48.19654, -25876.21484375], [-123.53787, 48.19147, -25089.0859375]]], [[[-123.68469, 48.17198, -17861.306640625], [-123.6971, 48.17207, -17432.349609375], [-123.68546, 48.16635, -16797.255859375], [-123.68469, 48.17198, -17861.306640625]]], [[[-123.43599, 48.17909, -25226.50390625], [-123.44894, 48.18075, -25201.478515625], [-123.44333, 48.1758, -24395.10546875], [-123.43599, 48.17909, -25226.50390625]]], [[[-123.68469, 48.17198, -17861.306640625], [-123.69593, 48.17667, -18324.076171875], [-123.6971, 48.17207, -17432.349609375], [-123.68469, 48.17198, -17861.306640625]]], [[[-123.45455, 48.18578, -26004.408203125], [-123.44698, 48.18905, -26829.251953125], [-123.45931, 48.19115, -26806.087890625], [-123.45455, 48.18578, -26004.408203125]]], [[[-123.7191, 48.08608, -658.014892578125], [-123.72377, 48.09115, -1463.8492431640625], [-123.7316, 48.08847, -621.0608520507812], [-123.7191, 48.08608, -658.014892578125]]], [[[-123.68469, 48.17198, -17861.306640625], [-123.6829, 48.17662, -18794.77734375], [-123.69593, 48.17667, -18324.076171875], [-123.68469, 48.17198, -17861.306640625]]], [[[-123.63726, 48.11448, -8258.818359375], [-123.64993, 48.11553, -8266.228515625], [-123.6447, 48.11055, -7386.837890625], [-123.63726, 48.11448, -8258.818359375]]], [[[-123.6829, 48.17662, -18794.77734375], [-123.69441, 48.18114, -19208.966796875], [-123.69593, 48.17667, -18324.076171875], [-123.6829, 48.17662, -18794.77734375]]], [[[-123.51437, 48.18029, -23432.822265625], [-123.50731, 48.18374, -24282.693359375], [-123.51979, 48.18539, -24257.3671875], [-123.51437, 48.18029, -23432.822265625]]], [[[-123.6829, 48.17662, -18794.77734375], [-123.68037, 48.18083, -19679.2265625], [-123.69441, 48.18114, -19208.966796875], [-123.6829, 48.17662, -18794.77734375]]], [[[-123.40334, 48.17784, -26114.80859375], [-123.39516, 48.18033, -26920.671875], [-123.40883, 48.18294, -26923.6171875], [-123.40334, 48.17784, -26114.80859375]]], [[[-123.68037, 48.18083, -19679.2265625], [-123.69231, 48.18526, -20053.12890625], [-123.69441, 48.18114, -19208.966796875], [-123.68037, 48.18083, -19679.2265625]]], [[[-123.62179, 48.12172, -9965.7470703125], [-123.61759, 48.11639, -9066.8837890625], [-123.60958, 48.11997, -9911.916015625], [-123.62179, 48.12172, -9965.7470703125]]], [[[-123.68546, 48.16635, -16797.255859375], [-123.69906, 48.16798, -16599.212890625], [-123.69096, 48.1624, -15840.025390625], [-123.68546, 48.16635, -16797.255859375]]], [[[-123.42891, 48.18205, -26084.52734375], [-123.41698, 48.17995, -26126.181640625], [-123.42198, 48.18504, -26946.603515625], [-123.42891, 48.18205, -26084.52734375]]], [[[-123.67871, 48.16024, -15955.6669921875], [-123.69096, 48.1624, -15840.025390625], [-123.68584, 48.15709, -15080.962890625], [-123.67871, 48.16024, -15955.6669921875]]], [[[-123.62012, 48.10772, -7354.97412109375], [-123.633, 48.10931, -7345.70361328125], [-123.62778, 48.10419, -6494.14599609375], [-123.62012, 48.10772, -7354.97412109375]]], [[[-123.67871, 48.16024, -15955.6669921875], [-123.68584, 48.15709, -15080.962890625], [-123.67397, 48.15482, -15095.34765625], [-123.67871, 48.16024, -15955.6669921875]]], [[[-123.62179, 48.12172, -9965.7470703125], [-123.63491, 48.12317, -9972.568359375], [-123.62962, 48.11818, -9108.9443359375], [-123.62179, 48.12172, -9965.7470703125]]], [[[-123.6666, 48.15809, -15917.5263671875], [-123.67871, 48.16024, -15955.6669921875], [-123.67397, 48.15482, -15095.34765625], [-123.6666, 48.15809, -15917.5263671875]]], [[[-123.6624, 48.1174, -8231.6796875], [-123.65743, 48.11206, -7376.47900390625], [-123.64993, 48.11553, -8266.228515625], [-123.6624, 48.1174, -8231.6796875]]], [[[-123.6666, 48.15809, -15917.5263671875], [-123.67397, 48.15482, -15095.34765625], [-123.66212, 48.15302, -15087.3388671875], [-123.6666, 48.15809, -15917.5263671875]]], [[[-123.45455, 48.18578, -26004.408203125], [-123.44894, 48.18075, -25201.478515625], [-123.44145, 48.18404, -26028.0078125], [-123.45455, 48.18578, -26004.408203125]]], [[[-123.66212, 48.15302, -15087.3388671875], [-123.65457, 48.15645, -15896.583984375], [-123.6666, 48.15809, -15917.5263671875], [-123.66212, 48.15302, -15087.3388671875]]], [[[-123.57608, 48.11181, -9049.509765625], [-123.58996, 48.11313, -9090.0205078125], [-123.58439, 48.10813, -8214.0751953125], [-123.57608, 48.11181, -9049.509765625]]], [[[-123.87289, 48.27288, -29278.234375], [-123.88607, 48.27241, -28861.13671875], [-123.8745, 48.2685, -28405.748046875], [-123.87289, 48.27288, -29278.234375]]], [[[-123.65457, 48.15645, -15896.583984375], [-123.66212, 48.15302, -15087.3388671875], [-123.65024, 48.15155, -15048.8349609375], [-123.65457, 48.15645, -15896.583984375]]], [[[-123.64254, 48.15467, -15870.498046875], [-123.65457, 48.15645, -15896.583984375], [-123.65024, 48.15155, -15048.8349609375], [-123.64254, 48.15467, -15870.498046875]]], [[[-123.43249, 48.0863, -7917.64990234375], [-123.42874, 48.08068, -7033.6259765625], [-123.42142, 48.08401, -7940.4755859375], [-123.43249, 48.0863, -7917.64990234375]]], [[[-123.56754, 48.11534, -9857.9931640625], [-123.57608, 48.11181, -9049.509765625], [-123.56209, 48.11005, -9010.560546875], [-123.56754, 48.11534, -9857.9931640625]]], [[[-123.64683, 48.15978, -16705.029296875], [-123.64254, 48.15467, -15870.498046875], [-123.63461, 48.15787, -16681.486328125], [-123.64683, 48.15978, -16705.029296875]]], [[[-123.65743, 48.11206, -7376.47900390625], [-123.66992, 48.1136, -7375.4482421875], [-123.66493, 48.10863, -6498.716796875], [-123.65743, 48.11206, -7376.47900390625]]], [[[-123.64254, 48.15467, -15870.498046875], [-123.63783, 48.14963, -15041.2421875], [-123.62993, 48.15312, -15830.1767578125], [-123.64254, 48.15467, -15870.498046875]]], [[[-123.36904, 48.10648, -13996.5732421875], [-123.35713, 48.1021, -13566.662109375], [-123.35554, 48.10648, -14441.4326171875], [-123.36904, 48.10648, -13996.5732421875]]], [[[-123.56339, 48.21125, -28340.25], [-123.56895, 48.21644, -29164.830078125], [-123.57658, 48.21264, -28317.41015625], [-123.56339, 48.21125, -28340.25]]], [[[-123.64254, 48.15467, -15870.498046875], [-123.65024, 48.15155, -15048.8349609375], [-123.63783, 48.14963, -15041.2421875], [-123.64254, 48.15467, -15870.498046875]]], [[[-123.64993, 48.11553, -8266.228515625], [-123.65743, 48.11206, -7376.47900390625], [-123.6447, 48.11055, -7386.837890625], [-123.64993, 48.11553, -8266.228515625]]], [[[-123.65024, 48.15155, -15048.8349609375], [-123.64555, 48.14643, -14224.9873046875], [-123.63783, 48.14963, -15041.2421875], [-123.65024, 48.15155, -15048.8349609375]]], [[[-123.53257, 48.18626, -24255.45703125], [-123.52666, 48.18149, -23422.224609375], [-123.51979, 48.18539, -24257.3671875], [-123.53257, 48.18626, -24255.45703125]]], [[[-123.64555, 48.14643, -14224.9873046875], [-123.65024, 48.15155, -15048.8349609375], [-123.65782, 48.14813, -14237.1123046875], [-123.64555, 48.14643, -14224.9873046875]]], [[[-123.49027, 48.11399, -11297.58984375], [-123.50366, 48.11579, -11225.7568359375], [-123.49772, 48.1107, -10416.0166015625], [-123.49027, 48.11399, -11297.58984375]]], [[[-123.64555, 48.14643, -14224.9873046875], [-123.65782, 48.14813, -14237.1123046875], [-123.65308, 48.14325, -13394.90625], [-123.64555, 48.14643, -14224.9873046875]]], [[[-123.4827, 48.22488, -32620.29296875], [-123.48894, 48.22974, -33467.85546875], [-123.49672, 48.22615, -32610.583984375], [-123.4827, 48.22488, -32620.29296875]]], [[[-123.52878, 48.11402, -10479.87109375], [-123.53839, 48.11146, -9723.7705078125], [-123.52209, 48.10927, -9675.1884765625], [-123.52878, 48.11402, -10479.87109375]]], [[[-123.64555, 48.14643, -14224.9873046875], [-123.65308, 48.14325, -13394.90625], [-123.64141, 48.1413, -13380.69921875], [-123.64555, 48.14643, -14224.9873046875]]], [[[-123.5817, 48.11675, -9917.560546875], [-123.57608, 48.11181, -9049.509765625], [-123.56754, 48.11534, -9857.9931640625], [-123.5817, 48.11675, -9917.560546875]]], [[[-123.46965, 48.09314, -7921.51806640625], [-123.47745, 48.08932, -7059.6533203125], [-123.4646, 48.08806, -7035.59423828125], [-123.46965, 48.09314, -7921.51806640625]]], [[[-123.64555, 48.14643, -14224.9873046875], [-123.64141, 48.1413, -13380.69921875], [-123.63358, 48.14484, -14176.947265625], [-123.64555, 48.14643, -14224.9873046875]]], [[[-123.64044, 48.10549, -6475.9013671875], [-123.6447, 48.11055, -7386.837890625], [-123.65224, 48.10671, -6531.607421875], [-123.64044, 48.10549, -6475.9013671875]]], [[[-123.50427, 48.22263, -31737.5390625], [-123.4906, 48.22113, -31778.953125], [-123.49672, 48.22615, -32610.583984375], [-123.50427, 48.22263, -31737.5390625]]], [[[-123.64555, 48.14643, -14224.9873046875], [-123.63358, 48.14484, -14176.947265625], [-123.63783, 48.14963, -15041.2421875], [-123.64555, 48.14643, -14224.9873046875]]], [[[-123.5817, 48.11675, -9917.560546875], [-123.58996, 48.11313, -9090.0205078125], [-123.57608, 48.11181, -9049.509765625], [-123.5817, 48.11675, -9917.560546875]]], [[[-123.63358, 48.14484, -14176.947265625], [-123.62571, 48.1483, -14965.6806640625], [-123.63783, 48.14963, -15041.2421875], [-123.63358, 48.14484, -14176.947265625]]], [[[-123.51802, 48.22394, -31745.03515625], [-123.51, 48.22765, -32581.931640625], [-123.52359, 48.22899, -32588.73828125], [-123.51802, 48.22394, -31745.03515625]]], [[[-123.60407, 48.11502, -9070.2275390625], [-123.61215, 48.11141, -8220.08984375], [-123.59813, 48.10966, -8235.9404296875], [-123.60407, 48.11502, -9070.2275390625]]], [[[-123.62571, 48.1483, -14965.6806640625], [-123.63358, 48.14484, -14176.947265625], [-123.62077, 48.14351, -14130.513671875], [-123.62571, 48.1483, -14965.6806640625]]], [[[-123.91618, 48.15459, -5720.7314453125], [-123.90337, 48.15605, -6134.78125], [-123.91463, 48.15897, -6593.45947265625], [-123.91618, 48.15459, -5720.7314453125]]], [[[-123.51288, 48.11276, -10454.625], [-123.52878, 48.11402, -10479.87109375], [-123.52209, 48.10927, -9675.1884765625], [-123.51288, 48.11276, -10454.625]]], [[[-123.47946, 48.10335, -9674.6181640625], [-123.48448, 48.10854, -10516.4775390625], [-123.49239, 48.1054, -9622.4267578125], [-123.47946, 48.10335, -9674.6181640625]]], [[[-123.61291, 48.14682, -14944.2265625], [-123.62571, 48.1483, -14965.6806640625], [-123.62077, 48.14351, -14130.513671875], [-123.61291, 48.14682, -14944.2265625]]], [[[-123.45776, 48.22223, -32630.66015625], [-123.46489, 48.21869, -31754.7578125], [-123.4528, 48.21674, -31798.39453125], [-123.45776, 48.22223, -32630.66015625]]], [[[-123.45622, 48.17741, -24367.7109375], [-123.44333, 48.1758, -24395.10546875], [-123.44894, 48.18075, -25201.478515625], [-123.45622, 48.17741, -24367.7109375]]], [[[-123.61291, 48.14682, -14944.2265625], [-123.61774, 48.15179, -15775.779296875], [-123.62571, 48.1483, -14965.6806640625], [-123.61291, 48.14682, -14944.2265625]]], [[[-123.46489, 48.21869, -31754.7578125], [-123.45776, 48.22223, -32630.66015625], [-123.46964, 48.2239, -32613.75], [-123.46489, 48.21869, -31754.7578125]]], [[[-123.47399, 48.18492, -25116.439453125], [-123.46649, 48.1881, -25952.138671875], [-123.47987, 48.18998, -25913.255859375], [-123.47399, 48.18492, -25116.439453125]]], [[[-123.47711, 48.22007, -31760.96484375], [-123.46489, 48.21869, -31754.7578125], [-123.46964, 48.2239, -32613.75], [-123.47711, 48.22007, -31760.96484375]]], [[[-123.61291, 48.14682, -14944.2265625], [-123.60479, 48.14999, -15762.2890625], [-123.61774, 48.15179, -15775.779296875], [-123.61291, 48.14682, -14944.2265625]]], [[[-123.4646, 48.08806, -7035.59423828125], [-123.47247, 48.08438, -6176.228515625], [-123.46, 48.08225, -6192.6552734375], [-123.4646, 48.08806, -7035.59423828125]]], [[[-123.63421, 48.23236, -30845.123046875], [-123.6396, 48.23752, -31661.541015625], [-123.64848, 48.23455, -30848.6640625], [-123.63421, 48.23236, -30845.123046875]]], [[[-123.56908, 48.23834, -33392.20703125], [-123.56165, 48.24203, -34214.8203125], [-123.57507, 48.24322, -34199.4140625], [-123.56908, 48.23834, -33392.20703125]]], [[[-123.60479, 48.14999, -15762.2890625], [-123.61291, 48.14682, -14944.2265625], [-123.60052, 48.14496, -14882.0888671875], [-123.60479, 48.14999, -15762.2890625]]], [[[-123.4827, 48.22488, -32620.29296875], [-123.47529, 48.22882, -33482.49609375], [-123.48894, 48.22974, -33467.85546875], [-123.4827, 48.22488, -32620.29296875]]], [[[-123.45622, 48.17741, -24367.7109375], [-123.44894, 48.18075, -25201.478515625], [-123.46171, 48.18272, -25151.861328125], [-123.45622, 48.17741, -24367.7109375]]], [[[-123.59169, 48.1483, -15688.34375], [-123.60479, 48.14999, -15762.2890625], [-123.60052, 48.14496, -14882.0888671875], [-123.59169, 48.1483, -15688.34375]]], [[[-123.38854, 48.17414, -26039.087890625], [-123.37491, 48.16865, -25396.208984375], [-123.37273, 48.1728, -26245.634765625], [-123.38854, 48.17414, -26039.087890625]]], [[[-123.59505, 48.15342, -16603.1640625], [-123.60479, 48.14999, -15762.2890625], [-123.59169, 48.1483, -15688.34375], [-123.59505, 48.15342, -16603.1640625]]], [[[-123.58794, 48.19175, -24102.4765625], [-123.58014, 48.19539, -24931.876953125], [-123.59427, 48.19696, -24927.044921875], [-123.58794, 48.19175, -24102.4765625]]], [[[-123.60883, 48.15522, -16642.12109375], [-123.60479, 48.14999, -15762.2890625], [-123.59505, 48.15342, -16603.1640625], [-123.60883, 48.15522, -16642.12109375]]], [[[-123.5293, 48.23425, -33416.5625], [-123.52162, 48.23753, -34258.46484375], [-123.53493, 48.23918, -34244.74609375], [-123.5293, 48.23425, -33416.5625]]], [[[-123.46649, 48.1881, -25952.138671875], [-123.46171, 48.18272, -25151.861328125], [-123.45455, 48.18578, -26004.408203125], [-123.46649, 48.1881, -25952.138671875]]], [[[-123.54232, 48.23544, -33414.07421875], [-123.53493, 48.23918, -34244.74609375], [-123.54836, 48.24032, -34229.73046875], [-123.54232, 48.23544, -33414.07421875]]], [[[-123.60883, 48.15522, -16642.12109375], [-123.61774, 48.15179, -15775.779296875], [-123.60479, 48.14999, -15762.2890625], [-123.60883, 48.15522, -16642.12109375]]], [[[-123.43599, 48.17909, -25226.50390625], [-123.42891, 48.18205, -26084.52734375], [-123.44145, 48.18404, -26028.0078125], [-123.43599, 48.17909, -25226.50390625]]], [[[-123.60883, 48.15522, -16642.12109375], [-123.62197, 48.15673, -16649.615234375], [-123.61774, 48.15179, -15775.779296875], [-123.60883, 48.15522, -16642.12109375]]], [[[-123.62318, 48.19998, -24991.982421875], [-123.61463, 48.20355, -25799.5078125], [-123.62894, 48.20527, -25832.095703125], [-123.62318, 48.19998, -24991.982421875]]], [[[-123.62197, 48.15673, -16649.615234375], [-123.60883, 48.15522, -16642.12109375], [-123.61306, 48.16058, -17554.884765625], [-123.62197, 48.15673, -16649.615234375]]], [[[-123.48726, 48.18637, -25085.447265625], [-123.47987, 48.18998, -25913.255859375], [-123.49264, 48.19111, -25935.177734375], [-123.48726, 48.18637, -25085.447265625]]], [[[-123.50427, 48.22263, -31737.5390625], [-123.51, 48.22765, -32581.931640625], [-123.51802, 48.22394, -31745.03515625], [-123.50427, 48.22263, -31737.5390625]]], [[[-123.29849, 48.15476, -25395.453125], [-123.28516, 48.15608, -25759.513671875], [-123.29689, 48.15914, -26269.580078125], [-123.29849, 48.15476, -25395.453125]]], [[[-123.48613, 48.08619, -6236.62255859375], [-123.49951, 48.08865, -6244.59423828125], [-123.49451, 48.08305, -5392.59912109375], [-123.48613, 48.08619, -6236.62255859375]]], [[[-123.5981, 48.15854, -17534.41796875], [-123.61306, 48.16058, -17554.884765625], [-123.60883, 48.15522, -16642.12109375], [-123.5981, 48.15854, -17534.41796875]]], [[[-123.50098, 48.10264, -8799.7578125], [-123.49576, 48.09715, -7963.9443359375], [-123.48725, 48.09984, -8796.005859375], [-123.50098, 48.10264, -8799.7578125]]], [[[-123.61306, 48.16058, -17554.884765625], [-123.5981, 48.15854, -17534.41796875], [-123.60458, 48.16441, -18496.736328125], [-123.61306, 48.16058, -17554.884765625]]], [[[-123.58014, 48.19539, -24931.876953125], [-123.58794, 48.19175, -24102.4765625], [-123.57311, 48.19032, -24129.357421875], [-123.58014, 48.19539, -24931.876953125]]], [[[-123.5981, 48.15854, -17534.41796875], [-123.5882, 48.1619, -18346.025390625], [-123.60458, 48.16441, -18496.736328125], [-123.5981, 48.15854, -17534.41796875]]], [[[-123.94622, 48.14172, -2160.209716796875], [-123.95879, 48.14279, -1662.189697265625], [-123.94794, 48.13759, -1321.2119140625], [-123.94622, 48.14172, -2160.209716796875]]], [[[-123.53257, 48.18626, -24255.45703125], [-123.52565, 48.19009, -25097.85546875], [-123.53787, 48.19147, -25089.0859375], [-123.53257, 48.18626, -24255.45703125]]], [[[-123.5981, 48.15854, -17534.41796875], [-123.58272, 48.15626, -17444.865234375], [-123.5882, 48.1619, -18346.025390625], [-123.5981, 48.15854, -17534.41796875]]], [[[-123.44281, 48.1291, -15663.115234375], [-123.43096, 48.1248, -15229.6650390625], [-123.42938, 48.12916, -16105.0615234375], [-123.44281, 48.1291, -15663.115234375]]], [[[-123.55828, 48.18891, -24195.404296875], [-123.54474, 48.18797, -24229.162109375], [-123.55114, 48.19269, -25030.0078125], [-123.55828, 48.18891, -24195.404296875]]], [[[-123.58272, 48.15626, -17444.865234375], [-123.5981, 48.15854, -17534.41796875], [-123.59505, 48.15342, -16603.1640625], [-123.58272, 48.15626, -17444.865234375]]], [[[-123.50731, 48.18374, -24282.693359375], [-123.5003, 48.18744, -25121.466796875], [-123.51271, 48.18887, -25105.541015625], [-123.50731, 48.18374, -24282.693359375]]], [[[-123.58081, 48.15108, -16519.623046875], [-123.58272, 48.15626, -17444.865234375], [-123.59505, 48.15342, -16603.1640625], [-123.58081, 48.15108, -16519.623046875]]], [[[-123.55018, 48.20989, -28364.177734375], [-123.55589, 48.21479, -29210.564453125], [-123.56339, 48.21125, -28340.25], [-123.55018, 48.20989, -28364.177734375]]], [[[-123.58081, 48.15108, -16519.623046875], [-123.56781, 48.15423, -17359.12109375], [-123.58272, 48.15626, -17444.865234375], [-123.58081, 48.15108, -16519.623046875]]], [[[-123.55018, 48.20989, -28364.177734375], [-123.5421, 48.21357, -29195.7578125], [-123.55589, 48.21479, -29210.564453125], [-123.55018, 48.20989, -28364.177734375]]], [[[-123.58081, 48.15108, -16519.623046875], [-123.56608, 48.14912, -16397.5], [-123.56781, 48.15423, -17359.12109375], [-123.58081, 48.15108, -16519.623046875]]], [[[-123.44894, 48.18075, -25201.478515625], [-123.45455, 48.18578, -26004.408203125], [-123.46171, 48.18272, -25151.861328125], [-123.44894, 48.18075, -25201.478515625]]], [[[-123.48613, 48.08619, -6236.62255859375], [-123.49106, 48.09154, -7104.25146484375], [-123.49951, 48.08865, -6244.59423828125], [-123.48613, 48.08619, -6236.62255859375]]], [[[-123.56608, 48.14912, -16397.5], [-123.58081, 48.15108, -16519.623046875], [-123.5768, 48.146, -15631.8310546875], [-123.56608, 48.14912, -16397.5]]], [[[-123.6007, 48.22423, -30003.314453125], [-123.59248, 48.22786, -30828.212890625], [-123.6062, 48.22903, -30848.564453125], [-123.6007, 48.22423, -30003.314453125]]], [[[-123.55606, 48.23702, -33399.82421875], [-123.56165, 48.24203, -34214.8203125], [-123.56908, 48.23834, -33392.20703125], [-123.55606, 48.23702, -33399.82421875]]], [[[-123.56608, 48.14912, -16397.5], [-123.5768, 48.146, -15631.8310546875], [-123.5618, 48.14399, -15472.55859375], [-123.56608, 48.14912, -16397.5]]], [[[-123.57247, 48.19897, -25774.251953125], [-123.55854, 48.19739, -25825.044921875], [-123.56509, 48.20248, -26639.54296875], [-123.57247, 48.19897, -25774.251953125]]], [[[-123.43976, 48.09691, -9671.3544921875], [-123.43515, 48.0915, -8771.890625], [-123.42707, 48.09348, -9476.365234375], [-123.43976, 48.09691, -9671.3544921875]]], [[[-123.56608, 48.14912, -16397.5], [-123.5618, 48.14399, -15472.55859375], [-123.55343, 48.14682, -16207.0732421875], [-123.56608, 48.14912, -16397.5]]], [[[-123.36664, 48.15056, -22279.125], [-123.35474, 48.14578, -21873.97265625], [-123.35315, 48.15014, -22749.208984375], [-123.36664, 48.15056, -22279.125]]], [[[-123.55114, 48.19269, -25030.0078125], [-123.54426, 48.19654, -25876.21484375], [-123.55854, 48.19739, -25825.044921875], [-123.55114, 48.19269, -25030.0078125]]], [[[-123.87986, 48.16143, -7259.70703125], [-123.88794, 48.16359, -7562.93310546875], [-123.88906, 48.16097, -7037.84521484375], [-123.87986, 48.16143, -7259.70703125]]], [[[-123.56608, 48.14912, -16397.5], [-123.55343, 48.14682, -16207.0732421875], [-123.55321, 48.15252, -17289.1171875], [-123.56608, 48.14912, -16397.5]]], [[[-123.57311, 48.19032, -24129.357421875], [-123.56578, 48.19376, -24976.490234375], [-123.58014, 48.19539, -24931.876953125], [-123.57311, 48.19032, -24129.357421875]]], [[[-123.89694, 48.27755, -29232.41796875], [-123.90895, 48.27898, -28684.9609375], [-123.89855, 48.27317, -28359.818359375], [-123.89694, 48.27755, -29232.41796875]]], [[[-123.41496, 48.09347, -9938.6669921875], [-123.41849, 48.0883, -8847.3330078125], [-123.40338, 48.08951, -9536.4912109375], [-123.41496, 48.09347, -9938.6669921875]]], [[[-123.56608, 48.14912, -16397.5], [-123.55321, 48.15252, -17289.1171875], [-123.56781, 48.15423, -17359.12109375], [-123.56608, 48.14912, -16397.5]]], [[[-123.74564, 48.18734, -18205.521484375], [-123.74359, 48.19162, -19080.544921875], [-123.75592, 48.19145, -18630.71484375], [-123.74564, 48.18734, -18205.521484375]]], [[[-123.56781, 48.15423, -17359.12109375], [-123.55321, 48.15252, -17289.1171875], [-123.5578, 48.15807, -18249.7734375], [-123.56781, 48.15423, -17359.12109375]]], [[[-123.64315, 48.22939, -30026.326171875], [-123.63421, 48.23236, -30845.123046875], [-123.64848, 48.23455, -30848.6640625], [-123.64315, 48.22939, -30026.326171875]]], [[[-123.56578, 48.19376, -24976.490234375], [-123.55854, 48.19739, -25825.044921875], [-123.57247, 48.19897, -25774.251953125], [-123.56578, 48.19376, -24976.490234375]]], [[[-123.56781, 48.15423, -17359.12109375], [-123.5578, 48.15807, -18249.7734375], [-123.57244, 48.15954, -18311.814453125], [-123.56781, 48.15423, -17359.12109375]]], [[[-123.67518, 48.13273, -10891.3046875], [-123.68275, 48.1293, -10035.6640625], [-123.67118, 48.12749, -10015.9423828125], [-123.67518, 48.13273, -10891.3046875]]], [[[-123.58272, 48.15626, -17444.865234375], [-123.56781, 48.15423, -17359.12109375], [-123.57244, 48.15954, -18311.814453125], [-123.58272, 48.15626, -17444.865234375]]], [[[-123.38726, 48.09382, -10898.9453125], [-123.37538, 48.08902, -10495.4853515625], [-123.3738, 48.09339, -11370.7509765625], [-123.38726, 48.09382, -10898.9453125]]], [[[-123.5003, 48.18744, -25121.466796875], [-123.48726, 48.18637, -25085.447265625], [-123.49264, 48.19111, -25935.177734375], [-123.5003, 48.18744, -25121.466796875]]], [[[-123.58272, 48.15626, -17444.865234375], [-123.57244, 48.15954, -18311.814453125], [-123.5882, 48.1619, -18346.025390625], [-123.58272, 48.15626, -17444.865234375]]], [[[-123.75266, 48.20019, -20370.10546875], [-123.76384, 48.20572, -20723.669921875], [-123.76546, 48.20137, -19854.017578125], [-123.75266, 48.20019, -20370.10546875]]], [[[-123.42421, 48.17666, -25288.912109375], [-123.41698, 48.17995, -26126.181640625], [-123.42891, 48.18205, -26084.52734375], [-123.42421, 48.17666, -25288.912109375]]], [[[-123.68763, 48.2395, -30181.5234375], [-123.67246, 48.23533, -30071.84765625], [-123.67801, 48.241, -30876.953125], [-123.68763, 48.2395, -30181.5234375]]], [[[-123.57244, 48.15954, -18311.814453125], [-123.57831, 48.16474, -19163.953125], [-123.5882, 48.1619, -18346.025390625], [-123.57244, 48.15954, -18311.814453125]]], [[[-123.47399, 48.18492, -25116.439453125], [-123.46171, 48.18272, -25151.861328125], [-123.46649, 48.1881, -25952.138671875], [-123.47399, 48.18492, -25116.439453125]]], [[[-123.74994, 48.17409, -15578.4951171875], [-123.74071, 48.17408, -15935.4931640625], [-123.74875, 48.17855, -16452.169921875], [-123.74994, 48.17409, -15578.4951171875]]], [[[-123.57244, 48.15954, -18311.814453125], [-123.56339, 48.16299, -19116.65234375], [-123.57831, 48.16474, -19163.953125], [-123.57244, 48.15954, -18311.814453125]]], [[[-123.60238, 48.19369, -24097.083984375], [-123.58794, 48.19175, -24102.4765625], [-123.59427, 48.19696, -24927.044921875], [-123.60238, 48.19369, -24097.083984375]]], [[[-123.74171, 48.19588, -19945.8046875], [-123.75266, 48.20019, -20370.10546875], [-123.7543, 48.19583, -19502.82421875], [-123.74171, 48.19588, -19945.8046875]]], [[[-123.5578, 48.15807, -18249.7734375], [-123.56339, 48.16299, -19116.65234375], [-123.57244, 48.15954, -18311.814453125], [-123.5578, 48.15807, -18249.7734375]]], [[[-123.74994, 48.17409, -15578.4951171875], [-123.76078, 48.17829, -16014.37890625], [-123.7624, 48.17391, -15142.271484375], [-123.74994, 48.17409, -15578.4951171875]]], [[[-123.63273, 48.19716, -24187.17578125], [-123.61728, 48.19513, -24133.271484375], [-123.62318, 48.19998, -24991.982421875], [-123.63273, 48.19716, -24187.17578125]]], [[[-123.37697, 48.08465, -9620.220703125], [-123.3635, 48.08461, -10067.58203125], [-123.37538, 48.08902, -10495.4853515625], [-123.37697, 48.08465, -9620.220703125]]], [[[-123.5578, 48.15807, -18249.7734375], [-123.54979, 48.16162, -19107.58984375], [-123.56339, 48.16299, -19116.65234375], [-123.5578, 48.15807, -18249.7734375]]], [[[-123.43599, 48.17909, -25226.50390625], [-123.44145, 48.18404, -26028.0078125], [-123.44894, 48.18075, -25201.478515625], [-123.43599, 48.17909, -25226.50390625]]], [[[-123.5578, 48.15807, -18249.7734375], [-123.54446, 48.15632, -18257.6796875], [-123.54979, 48.16162, -19107.58984375], [-123.5578, 48.15807, -18249.7734375]]], [[[-123.74875, 48.17855, -16452.169921875], [-123.73946, 48.17659, -16447.51171875], [-123.73883, 48.17895, -16909.80078125], [-123.74875, 48.17855, -16452.169921875]]], [[[-123.57311, 48.19032, -24129.357421875], [-123.55828, 48.18891, -24195.404296875], [-123.56578, 48.19376, -24976.490234375], [-123.57311, 48.19032, -24129.357421875]]], [[[-123.55321, 48.15252, -17289.1171875], [-123.54446, 48.15632, -18257.6796875], [-123.5578, 48.15807, -18249.7734375], [-123.55321, 48.15252, -17289.1171875]]], [[[-123.6007, 48.22423, -30003.314453125], [-123.6062, 48.22903, -30848.564453125], [-123.6146, 48.2254, -30031.3984375], [-123.6007, 48.22423, -30003.314453125]]], [[[-123.72269, 48.25237, -31164.64453125], [-123.73131, 48.25715, -31707.5859375], [-123.74, 48.25455, -30795.876953125], [-123.72269, 48.25237, -31164.64453125]]], [[[-123.79219, 48.1442, -8181.93212890625], [-123.78376, 48.14663, -9050.53125], [-123.79651, 48.15001, -9064.75390625], [-123.79219, 48.1442, -8181.93212890625]]], [[[-123.53799, 48.15132, -17429.12890625], [-123.54446, 48.15632, -18257.6796875], [-123.55321, 48.15252, -17289.1171875], [-123.53799, 48.15132, -17429.12890625]]], [[[-123.55114, 48.19269, -25030.0078125], [-123.53787, 48.19147, -25089.0859375], [-123.54426, 48.19654, -25876.21484375], [-123.55114, 48.19269, -25030.0078125]]], [[[-123.75166, 48.16484, -13799.365234375], [-123.76469, 48.16446, -13295.0498046875], [-123.74833, 48.15932, -12899.6357421875], [-123.75166, 48.16484, -13799.365234375]]], [[[-123.53799, 48.15132, -17429.12890625], [-123.53071, 48.15529, -18284.0859375], [-123.54446, 48.15632, -18257.6796875], [-123.53799, 48.15132, -17429.12890625]]], [[[-123.75592, 48.19145, -18630.71484375], [-123.74359, 48.19162, -19080.544921875], [-123.7543, 48.19583, -19502.82421875], [-123.75592, 48.19145, -18630.71484375]]], [[[-123.45988, 48.21346, -30913.3046875], [-123.46489, 48.21869, -31754.7578125], [-123.47216, 48.21516, -30889.37109375], [-123.45988, 48.21346, -30913.3046875]]], [[[-123.53619, 48.20861, -28374.572265625], [-123.52224, 48.20716, -28443.064453125], [-123.52861, 48.21205, -29243.25390625], [-123.53619, 48.20861, -28374.572265625]]], [[[-123.53799, 48.15132, -17429.12890625], [-123.52454, 48.14969, -17352.259765625], [-123.53071, 48.15529, -18284.0859375], [-123.53799, 48.15132, -17429.12890625]]], [[[-123.43599, 48.17909, -25226.50390625], [-123.42421, 48.17666, -25288.912109375], [-123.42891, 48.18205, -26084.52734375], [-123.43599, 48.17909, -25226.50390625]]], [[[-123.4519, 48.08499, -7067.60546875], [-123.46, 48.08225, -6192.6552734375], [-123.44795, 48.07972, -6171.82861328125], [-123.4519, 48.08499, -7067.60546875]]], [[[-123.53112, 48.14613, -16499.14453125], [-123.52454, 48.14969, -17352.259765625], [-123.53799, 48.15132, -17429.12890625], [-123.53112, 48.14613, -16499.14453125]]], [[[-123.58014, 48.19539, -24931.876953125], [-123.57247, 48.19897, -25774.251953125], [-123.58637, 48.20033, -25776.544921875], [-123.58014, 48.19539, -24931.876953125]]], [[[-123.47569, 48.1119, -11397.708984375], [-123.49027, 48.11399, -11297.58984375], [-123.48448, 48.10854, -10516.4775390625], [-123.47569, 48.1119, -11397.708984375]]], [[[-123.53112, 48.14613, -16499.14453125], [-123.51772, 48.1431, -16291.6298828125], [-123.52454, 48.14969, -17352.259765625], [-123.53112, 48.14613, -16499.14453125]]], [[[-123.7474, 48.18298, -17325.53125], [-123.73883, 48.17895, -16909.80078125], [-123.73768, 48.18113, -17355.646484375], [-123.7474, 48.18298, -17325.53125]]], [[[-123.61728, 48.19513, -24133.271484375], [-123.60238, 48.19369, -24097.083984375], [-123.6088, 48.19862, -24936.46875], [-123.61728, 48.19513, -24133.271484375]]], [[[-123.78359, 48.1889, -16750.314453125], [-123.77029, 48.18824, -17235.689453125], [-123.78198, 48.19328, -17622.705078125], [-123.78359, 48.1889, -16750.314453125]]], [[[-123.52359, 48.22899, -32588.73828125], [-123.51572, 48.23254, -33440.91796875], [-123.5293, 48.23425, -33416.5625], [-123.52359, 48.22899, -32588.73828125]]], [[[-123.53112, 48.14613, -16499.14453125], [-123.53244, 48.14056, -15405.1474609375], [-123.51772, 48.1431, -16291.6298828125], [-123.53112, 48.14613, -16499.14453125]]], [[[-123.4519, 48.08499, -7067.60546875], [-123.4646, 48.08806, -7035.59423828125], [-123.46, 48.08225, -6192.6552734375], [-123.4519, 48.08499, -7067.60546875]]], [[[-123.38226, 48.17791, -26947.060546875], [-123.38854, 48.17414, -26039.087890625], [-123.37273, 48.1728, -26245.634765625], [-123.38226, 48.17791, -26947.060546875]]], [[[-123.53112, 48.14613, -16499.14453125], [-123.54007, 48.14418, -16020.873046875], [-123.53244, 48.14056, -15405.1474609375], [-123.53112, 48.14613, -16499.14453125]]], [[[-123.52359, 48.22899, -32588.73828125], [-123.51, 48.22765, -32581.931640625], [-123.51572, 48.23254, -33440.91796875], [-123.52359, 48.22899, -32588.73828125]]], [[[-123.62662, 48.19183, -23365.837890625], [-123.61728, 48.19513, -24133.271484375], [-123.63273, 48.19716, -24187.17578125], [-123.62662, 48.19183, -23365.837890625]]], [[[-123.54471, 48.14814, -16703.703125], [-123.54007, 48.14418, -16020.873046875], [-123.53112, 48.14613, -16499.14453125], [-123.54471, 48.14814, -16703.703125]]], [[[-123.74564, 48.18734, -18205.521484375], [-123.73616, 48.18563, -18248.775390625], [-123.73555, 48.18821, -18753.892578125], [-123.74564, 48.18734, -18205.521484375]]], [[[-123.55114, 48.19269, -25030.0078125], [-123.55854, 48.19739, -25825.044921875], [-123.56578, 48.19376, -24976.490234375], [-123.55114, 48.19269, -25030.0078125]]], [[[-123.8136, 48.13091, -4712.11376953125], [-123.82549, 48.13443, -4685.90966796875], [-123.82178, 48.12888, -3845.875244140625], [-123.8136, 48.13091, -4712.11376953125]]], [[[-123.54471, 48.14814, -16703.703125], [-123.55343, 48.14682, -16207.0732421875], [-123.54007, 48.14418, -16020.873046875], [-123.54471, 48.14814, -16703.703125]]], [[[-123.41698, 48.17995, -26126.181640625], [-123.40883, 48.18294, -26923.6171875], [-123.42198, 48.18504, -26946.603515625], [-123.41698, 48.17995, -26126.181640625]]], [[[-123.54471, 48.14814, -16703.703125], [-123.55321, 48.15252, -17289.1171875], [-123.55343, 48.14682, -16207.0732421875], [-123.54471, 48.14814, -16703.703125]]], [[[-123.42463, 48.14226, -18731.197265625], [-123.42621, 48.13789, -17855.828125], [-123.41262, 48.13782, -18304.376953125], [-123.42463, 48.14226, -18731.197265625]]], [[[-123.64456, 48.20758, -25876.130859375], [-123.62894, 48.20527, -25832.095703125], [-123.63471, 48.2106, -26673.5234375], [-123.64456, 48.20758, -25876.130859375]]], [[[-123.63649, 48.13656, -12534.5703125], [-123.64141, 48.1413, -13380.69921875], [-123.64898, 48.1381, -12547.9755859375], [-123.63649, 48.13656, -12534.5703125]]], [[[-123.54471, 48.14814, -16703.703125], [-123.53799, 48.15132, -17429.12890625], [-123.55321, 48.15252, -17289.1171875], [-123.54471, 48.14814, -16703.703125]]], [[[-123.65782, 48.14813, -14237.1123046875], [-123.66212, 48.15302, -15087.3388671875], [-123.66957, 48.14976, -14261.8271484375], [-123.65782, 48.14813, -14237.1123046875]]], [[[-123.39516, 48.18033, -26920.671875], [-123.40334, 48.17784, -26114.80859375], [-123.38854, 48.17414, -26039.087890625], [-123.39516, 48.18033, -26920.671875]]], [[[-123.60903, 48.22059, -29176.501953125], [-123.6007, 48.22423, -30003.314453125], [-123.6146, 48.2254, -30031.3984375], [-123.60903, 48.22059, -29176.501953125]]], [[[-123.53112, 48.14613, -16499.14453125], [-123.53799, 48.15132, -17429.12890625], [-123.54471, 48.14814, -16703.703125], [-123.53112, 48.14613, -16499.14453125]]], [[[-123.8744, 48.14261, -3924.317626953125], [-123.88835, 48.14248, -3449.485595703125], [-123.879, 48.13908, -3074.5244140625], [-123.8744, 48.14261, -3924.317626953125]]], [[[-123.57247, 48.19897, -25774.251953125], [-123.56509, 48.20248, -26639.54296875], [-123.57856, 48.204, -26617.337890625], [-123.57247, 48.19897, -25774.251953125]]], [[[-123.5293, 48.23425, -33416.5625], [-123.53493, 48.23918, -34244.74609375], [-123.54232, 48.23544, -33414.07421875], [-123.5293, 48.23425, -33416.5625]]], [[[-123.54007, 48.14418, -16020.873046875], [-123.55343, 48.14682, -16207.0732421875], [-123.54804, 48.14167, -15387.48828125], [-123.54007, 48.14418, -16020.873046875]]], [[[-123.53619, 48.20861, -28374.572265625], [-123.5421, 48.21357, -29195.7578125], [-123.55018, 48.20989, -28364.177734375], [-123.53619, 48.20861, -28374.572265625]]], [[[-123.7244, 48.15866, -13803.658203125], [-123.73141, 48.15522, -12885.68359375], [-123.71479, 48.15341, -13230.31640625], [-123.7244, 48.15866, -13803.658203125]]], [[[-123.54007, 48.14418, -16020.873046875], [-123.54804, 48.14167, -15387.48828125], [-123.53244, 48.14056, -15405.1474609375], [-123.54007, 48.14418, -16020.873046875]]], [[[-123.66527, 48.14467, -13422.7578125], [-123.66061, 48.13976, -12576.4833984375], [-123.65308, 48.14325, -13394.90625], [-123.66527, 48.14467, -13422.7578125]]], [[[-123.44795, 48.07972, -6171.82861328125], [-123.44415, 48.07452, -5283.21240234375], [-123.43601, 48.07749, -6136.42041015625], [-123.44795, 48.07972, -6171.82861328125]]], [[[-123.53257, 48.18626, -24255.45703125], [-123.53787, 48.19147, -25089.0859375], [-123.54474, 48.18797, -24229.162109375], [-123.53257, 48.18626, -24255.45703125]]], [[[-123.54804, 48.14167, -15387.48828125], [-123.54246, 48.13688, -14575.3505859375], [-123.53244, 48.14056, -15405.1474609375], [-123.54804, 48.14167, -15387.48828125]]], [[[-123.65737, 48.23167, -30029.625], [-123.6627, 48.23736, -30836.3671875], [-123.67246, 48.23533, -30071.84765625], [-123.65737, 48.23167, -30029.625]]], [[[-123.52968, 48.20349, -27595.060546875], [-123.52224, 48.20716, -28443.064453125], [-123.53619, 48.20861, -28374.572265625], [-123.52968, 48.20349, -27595.060546875]]], [[[-123.54804, 48.14167, -15387.48828125], [-123.5571, 48.1389, -14603.48828125], [-123.54246, 48.13688, -14575.3505859375], [-123.54804, 48.14167, -15387.48828125]]], [[[-123.73775, 48.16103, -13625.0361328125], [-123.73141, 48.15522, -12885.68359375], [-123.7244, 48.15866, -13803.658203125], [-123.73775, 48.16103, -13625.0361328125]]], [[[-123.45455, 48.18578, -26004.408203125], [-123.44145, 48.18404, -26028.0078125], [-123.44698, 48.18905, -26829.251953125], [-123.45455, 48.18578, -26004.408203125]]], [[[-123.61463, 48.20355, -25799.5078125], [-123.60622, 48.20714, -26620.6953125], [-123.62046, 48.20846, -26669.57421875], [-123.61463, 48.20355, -25799.5078125]]], [[[-123.54804, 48.14167, -15387.48828125], [-123.5618, 48.14399, -15472.55859375], [-123.5571, 48.1389, -14603.48828125], [-123.54804, 48.14167, -15387.48828125]]], [[[-123.74841, 48.09663, -1416.083984375], [-123.74339, 48.09122, -613.8934936523438], [-123.73556, 48.09395, -1437.3487548828125], [-123.74841, 48.09663, -1416.083984375]]], [[[-123.53257, 48.18626, -24255.45703125], [-123.51979, 48.18539, -24257.3671875], [-123.52565, 48.19009, -25097.85546875], [-123.53257, 48.18626, -24255.45703125]]], [[[-123.67397, 48.15482, -15095.34765625], [-123.66957, 48.14976, -14261.8271484375], [-123.66212, 48.15302, -15087.3388671875], [-123.67397, 48.15482, -15095.34765625]]], [[[-123.54804, 48.14167, -15387.48828125], [-123.55343, 48.14682, -16207.0732421875], [-123.5618, 48.14399, -15472.55859375], [-123.54804, 48.14167, -15387.48828125]]], [[[-123.62863, 48.14009, -13335.021484375], [-123.63358, 48.14484, -14176.947265625], [-123.64141, 48.1413, -13380.69921875], [-123.62863, 48.14009, -13335.021484375]]], [[[-123.59427, 48.19696, -24927.044921875], [-123.58637, 48.20033, -25776.544921875], [-123.60045, 48.20217, -25754.40234375], [-123.59427, 48.19696, -24927.044921875]]], [[[-123.66061, 48.13976, -12576.4833984375], [-123.66779, 48.13613, -11740.83203125], [-123.65641, 48.13484, -11707.2529296875], [-123.66061, 48.13976, -12576.4833984375]]], [[[-123.5618, 48.14399, -15472.55859375], [-123.57171, 48.14121, -14788.83984375], [-123.5571, 48.1389, -14603.48828125], [-123.5618, 48.14399, -15472.55859375]]], [[[-123.38726, 48.09382, -10898.9453125], [-123.40095, 48.09395, -10448.484375], [-123.38884, 48.08946, -10023.55078125], [-123.38726, 48.09382, -10898.9453125]]], [[[-123.57171, 48.14121, -14788.83984375], [-123.5618, 48.14399, -15472.55859375], [-123.5768, 48.146, -15631.8310546875], [-123.57171, 48.14121, -14788.83984375]]], [[[-123.53098, 48.19499, -25951.0], [-123.53726, 48.20012, -26740.58984375], [-123.54426, 48.19654, -25876.21484375], [-123.53098, 48.19499, -25951.0]]], [[[-123.75128, 48.1696, -14695.7626953125], [-123.7624, 48.17391, -15142.271484375], [-123.76396, 48.16948, -14262.78515625], [-123.75128, 48.1696, -14695.7626953125]]], [[[-123.5768, 48.146, -15631.8310546875], [-123.58668, 48.14314, -14864.3837890625], [-123.57171, 48.14121, -14788.83984375], [-123.5768, 48.146, -15631.8310546875]]], [[[-123.73757, 48.18341, -17787.908203125], [-123.74564, 48.18734, -18205.521484375], [-123.7474, 48.18298, -17325.53125], [-123.73757, 48.18341, -17787.908203125]]], [[[-123.64059, 48.21573, -27526.689453125], [-123.64617, 48.22106, -28370.6328125], [-123.6562, 48.21832, -27568.76953125], [-123.64059, 48.21573, -27526.689453125]]], [[[-123.73141, 48.15522, -12885.68359375], [-123.73775, 48.16103, -13625.0361328125], [-123.74833, 48.15932, -12899.6357421875], [-123.73141, 48.15522, -12885.68359375]]], [[[-123.5768, 48.146, -15631.8310546875], [-123.59169, 48.1483, -15688.34375], [-123.58668, 48.14314, -14864.3837890625], [-123.5768, 48.146, -15631.8310546875]]], [[[-123.37856, 48.08029, -8744.955078125], [-123.36668, 48.07586, -8318.0478515625], [-123.36509, 48.08024, -9192.814453125], [-123.37856, 48.08029, -8744.955078125]]], [[[-123.69186, 48.23114, -28469.310546875], [-123.6823, 48.23376, -29366.505859375], [-123.69607, 48.23638, -29254.572265625], [-123.69186, 48.23114, -28469.310546875]]], [[[-123.7474, 48.18298, -17325.53125], [-123.73768, 48.18113, -17355.646484375], [-123.73757, 48.18341, -17787.908203125], [-123.7474, 48.18298, -17325.53125]]], [[[-123.58081, 48.15108, -16519.623046875], [-123.59169, 48.1483, -15688.34375], [-123.5768, 48.146, -15631.8310546875], [-123.58081, 48.15108, -16519.623046875]]], [[[-123.67397, 48.15482, -15095.34765625], [-123.68109, 48.15154, -14251.876953125], [-123.66957, 48.14976, -14261.8271484375], [-123.67397, 48.15482, -15095.34765625]]], [[[-123.58637, 48.20033, -25776.544921875], [-123.57856, 48.204, -26617.337890625], [-123.59241, 48.20558, -26605.6015625], [-123.58637, 48.20033, -25776.544921875]]], [[[-123.59505, 48.15342, -16603.1640625], [-123.59169, 48.1483, -15688.34375], [-123.58081, 48.15108, -16519.623046875], [-123.59505, 48.15342, -16603.1640625]]], [[[-123.70718, 48.15621, -14089.8466796875], [-123.71479, 48.15341, -13230.31640625], [-123.7005, 48.15093, -13393.7568359375], [-123.70718, 48.15621, -14089.8466796875]]], [[[-123.63865, 48.20242, -25027.03125], [-123.62894, 48.20527, -25832.095703125], [-123.64456, 48.20758, -25876.130859375], [-123.63865, 48.20242, -25027.03125]]], [[[-123.40202, 48.16869, -24473.728515625], [-123.3878, 48.16842, -24983.146484375], [-123.3988, 48.17247, -25310.0], [-123.40202, 48.16869, -24473.728515625]]], [[[-123.59169, 48.1483, -15688.34375], [-123.60052, 48.14496, -14882.0888671875], [-123.58668, 48.14314, -14864.3837890625], [-123.59169, 48.1483, -15688.34375]]], [[[-123.73883, 48.17895, -16909.80078125], [-123.7474, 48.18298, -17325.53125], [-123.74875, 48.17855, -16452.169921875], [-123.73883, 48.17895, -16909.80078125]]], [[[-123.58014, 48.19539, -24931.876953125], [-123.58637, 48.20033, -25776.544921875], [-123.59427, 48.19696, -24927.044921875], [-123.58014, 48.19539, -24931.876953125]]], [[[-123.55854, 48.19739, -25825.044921875], [-123.5514, 48.20124, -26676.40625], [-123.56509, 48.20248, -26639.54296875], [-123.55854, 48.19739, -25825.044921875]]], [[[-123.60052, 48.14496, -14882.0888671875], [-123.59514, 48.14015, -14055.08984375], [-123.58668, 48.14314, -14864.3837890625], [-123.60052, 48.14496, -14882.0888671875]]], [[[-123.62863, 48.14009, -13335.021484375], [-123.63649, 48.13656, -12534.5703125], [-123.62437, 48.13516, -12459.576171875], [-123.62863, 48.14009, -13335.021484375]]], [[[-123.51849, 48.19391, -25927.84375], [-123.50569, 48.19237, -25962.236328125], [-123.51114, 48.19745, -26774.66015625], [-123.51849, 48.19391, -25927.84375]]], [[[-123.74875, 48.17855, -16452.169921875], [-123.74071, 48.17408, -15935.4931640625], [-123.73946, 48.17659, -16447.51171875], [-123.74875, 48.17855, -16452.169921875]]], [[[-123.60052, 48.14496, -14882.0888671875], [-123.60863, 48.14164, -14084.0537109375], [-123.59514, 48.14015, -14055.08984375], [-123.60052, 48.14496, -14882.0888671875]]], [[[-123.69186, 48.23114, -28469.310546875], [-123.67739, 48.22808, -28533.8984375], [-123.6823, 48.23376, -29366.505859375], [-123.69186, 48.23114, -28469.310546875]]], [[[-123.40202, 48.16869, -24473.728515625], [-123.38942, 48.1637, -24039.322265625], [-123.3878, 48.16842, -24983.146484375], [-123.40202, 48.16869, -24473.728515625]]], [[[-123.61291, 48.14682, -14944.2265625], [-123.60863, 48.14164, -14084.0537109375], [-123.60052, 48.14496, -14882.0888671875], [-123.61291, 48.14682, -14944.2265625]]], [[[-123.66061, 48.13976, -12576.4833984375], [-123.67238, 48.14124, -12575.708984375], [-123.66779, 48.13613, -11740.83203125], [-123.66061, 48.13976, -12576.4833984375]]], [[[-123.72508, 48.24471, -29652.54296875], [-123.71374, 48.24328, -29787.4609375], [-123.71789, 48.24753, -30456.533203125], [-123.72508, 48.24471, -29652.54296875]]], [[[-123.88794, 48.16359, -7562.93310546875], [-123.88064, 48.1662, -8177.31103515625], [-123.89222, 48.16606, -8038.0009765625], [-123.88794, 48.16359, -7562.93310546875]]], [[[-123.61291, 48.14682, -14944.2265625], [-123.62077, 48.14351, -14130.513671875], [-123.60863, 48.14164, -14084.0537109375], [-123.61291, 48.14682, -14944.2265625]]], [[[-123.51437, 48.18029, -23432.822265625], [-123.51979, 48.18539, -24257.3671875], [-123.52666, 48.18149, -23422.224609375], [-123.51437, 48.18029, -23432.822265625]]], [[[-123.66061, 48.13976, -12576.4833984375], [-123.66527, 48.14467, -13422.7578125], [-123.67238, 48.14124, -12575.708984375], [-123.66061, 48.13976, -12576.4833984375]]], [[[-123.60863, 48.14164, -14084.0537109375], [-123.62077, 48.14351, -14130.513671875], [-123.61651, 48.13844, -13267.0048828125], [-123.60863, 48.14164, -14084.0537109375]]], [[[-123.57946, 48.12499, -11540.1044921875], [-123.57068, 48.12836, -12322.99609375], [-123.58526, 48.12979, -12373.462890625], [-123.57946, 48.12499, -11540.1044921875]]], [[[-123.94166, 48.15501, -4792.357421875], [-123.95398, 48.15597, -4277.296875], [-123.94325, 48.15063, -3919.4677734375], [-123.94166, 48.15501, -4792.357421875]]], [[[-123.57856, 48.204, -26617.337890625], [-123.58637, 48.20033, -25776.544921875], [-123.57247, 48.19897, -25774.251953125], [-123.57856, 48.204, -26617.337890625]]], [[[-123.60863, 48.14164, -14084.0537109375], [-123.61651, 48.13844, -13267.0048828125], [-123.60333, 48.13678, -13258.1513671875], [-123.60863, 48.14164, -14084.0537109375]]], [[[-123.71789, 48.24753, -30456.533203125], [-123.72269, 48.25237, -31164.64453125], [-123.73009, 48.24996, -30406.494140625], [-123.71789, 48.24753, -30456.533203125]]], [[[-123.65051, 48.2129, -26710.0859375], [-123.64059, 48.21573, -27526.689453125], [-123.6562, 48.21832, -27568.76953125], [-123.65051, 48.2129, -26710.0859375]]], [[[-123.70431, 48.2504, -31484.267578125], [-123.70575, 48.25426, -32113.857421875], [-123.7152, 48.25455, -31858.70703125], [-123.70431, 48.2504, -31484.267578125]]], [[[-123.60333, 48.13678, -13258.1513671875], [-123.59514, 48.14015, -14055.08984375], [-123.60863, 48.14164, -14084.0537109375], [-123.60333, 48.13678, -13258.1513671875]]], [[[-123.52565, 48.19009, -25097.85546875], [-123.51849, 48.19391, -25927.84375], [-123.53098, 48.19499, -25951.0], [-123.52565, 48.19009, -25097.85546875]]], [[[-123.75166, 48.16484, -13799.365234375], [-123.76396, 48.16948, -14262.78515625], [-123.76469, 48.16446, -13295.0498046875], [-123.75166, 48.16484, -13799.365234375]]], [[[-123.59514, 48.14015, -14055.08984375], [-123.60333, 48.13678, -13258.1513671875], [-123.5896, 48.13497, -13241.828125], [-123.59514, 48.14015, -14055.08984375]]], [[[-123.56727, 48.09292, -5623.6220703125], [-123.56174, 48.08768, -4790.98291015625], [-123.55329, 48.09132, -5595.6474609375], [-123.56727, 48.09292, -5623.6220703125]]], [[[-123.77694, 48.23753, -25902.236328125], [-123.76756, 48.2402, -26839.498046875], [-123.78569, 48.24362, -26486.771484375], [-123.77694, 48.23753, -25902.236328125]]], [[[-123.64898, 48.1381, -12547.9755859375], [-123.66061, 48.13976, -12576.4833984375], [-123.65641, 48.13484, -11707.2529296875], [-123.64898, 48.1381, -12547.9755859375]]], [[[-123.58123, 48.13811, -14041.30078125], [-123.59514, 48.14015, -14055.08984375], [-123.5896, 48.13497, -13241.828125], [-123.58123, 48.13811, -14041.30078125]]], [[[-123.65308, 48.14325, -13394.90625], [-123.64898, 48.1381, -12547.9755859375], [-123.64141, 48.1413, -13380.69921875], [-123.65308, 48.14325, -13394.90625]]], [[[-123.46811, 48.06582, -2763.843017578125], [-123.46408, 48.06026, -1947.95849609375], [-123.45594, 48.0629, -2746.406494140625], [-123.46811, 48.06582, -2763.843017578125]]], [[[-123.63273, 48.19716, -24187.17578125], [-123.62318, 48.19998, -24991.982421875], [-123.63865, 48.20242, -25027.03125], [-123.63273, 48.19716, -24187.17578125]]], [[[-123.58668, 48.14314, -14864.3837890625], [-123.59514, 48.14015, -14055.08984375], [-123.58123, 48.13811, -14041.30078125], [-123.58668, 48.14314, -14864.3837890625]]], [[[-123.27987, 48.13617, -21710.626953125], [-123.28147, 48.13182, -20834.41796875], [-123.26823, 48.13376, -21161.005859375], [-123.27987, 48.13617, -21710.626953125]]], [[[-123.52968, 48.20349, -27595.060546875], [-123.5162, 48.20247, -27618.029296875], [-123.52224, 48.20716, -28443.064453125], [-123.52968, 48.20349, -27595.060546875]]], [[[-123.61926, 48.13018, -11633.064453125], [-123.62716, 48.12681, -10807.3095703125], [-123.614, 48.12511, -10809.244140625], [-123.61926, 48.13018, -11633.064453125]]], [[[-123.58668, 48.14314, -14864.3837890625], [-123.58123, 48.13811, -14041.30078125], [-123.57171, 48.14121, -14788.83984375], [-123.58668, 48.14314, -14864.3837890625]]], [[[-123.49461, 48.12765, -13705.552734375], [-123.50295, 48.12422, -12846.009765625], [-123.48801, 48.12219, -12906.3095703125], [-123.49461, 48.12765, -13705.552734375]]], [[[-123.70902, 48.23398, -28275.37890625], [-123.69186, 48.23114, -28469.310546875], [-123.69607, 48.23638, -29254.572265625], [-123.70902, 48.23398, -28275.37890625]]], [[[-123.66212, 48.15302, -15087.3388671875], [-123.65782, 48.14813, -14237.1123046875], [-123.65024, 48.15155, -15048.8349609375], [-123.66212, 48.15302, -15087.3388671875]]], [[[-123.57171, 48.14121, -14788.83984375], [-123.58123, 48.13811, -14041.30078125], [-123.56684, 48.13626, -13904.7421875], [-123.57171, 48.14121, -14788.83984375]]], [[[-123.41335, 48.09817, -10879.3212890625], [-123.40095, 48.09395, -10448.484375], [-123.39936, 48.09831, -11323.798828125], [-123.41335, 48.09817, -10879.3212890625]]], [[[-123.51849, 48.19391, -25927.84375], [-123.51114, 48.19745, -26774.66015625], [-123.52372, 48.19867, -26782.763671875], [-123.51849, 48.19391, -25927.84375]]], [[[-123.63649, 48.13656, -12534.5703125], [-123.62863, 48.14009, -13335.021484375], [-123.64141, 48.1413, -13380.69921875], [-123.63649, 48.13656, -12534.5703125]]], [[[-123.57171, 48.14121, -14788.83984375], [-123.56684, 48.13626, -13904.7421875], [-123.5571, 48.1389, -14603.48828125], [-123.57171, 48.14121, -14788.83984375]]], [[[-123.5514, 48.20124, -26676.40625], [-123.54411, 48.20509, -27528.923828125], [-123.55775, 48.20605, -27507.509765625], [-123.5514, 48.20124, -26676.40625]]], [[[-123.61463, 48.20355, -25799.5078125], [-123.60045, 48.20217, -25754.40234375], [-123.60622, 48.20714, -26620.6953125], [-123.61463, 48.20355, -25799.5078125]]], [[[-123.5571, 48.1389, -14603.48828125], [-123.56684, 48.13626, -13904.7421875], [-123.55156, 48.1338, -13798.0830078125], [-123.5571, 48.1389, -14603.48828125]]], [[[-123.53101, 48.12726, -12923.5576171875], [-123.54006, 48.12427, -12148.076171875], [-123.52558, 48.12214, -12106.0859375], [-123.53101, 48.12726, -12923.5576171875]]], [[[-123.54246, 48.13688, -14575.3505859375], [-123.5571, 48.1389, -14603.48828125], [-123.55156, 48.1338, -13798.0830078125], [-123.54246, 48.13688, -14575.3505859375]]], [[[-123.69437, 48.13146, -9995.7353515625], [-123.69008, 48.12593, -9148.787109375], [-123.68275, 48.1293, -10035.6640625], [-123.69437, 48.13146, -9995.7353515625]]], [[[-123.74262, 48.2395, -27962.806640625], [-123.74897, 48.24589, -28739.5390625], [-123.75789, 48.24295, -27766.779296875], [-123.74262, 48.2395, -27962.806640625]]], [[[-123.3878, 48.16842, -24983.146484375], [-123.37566, 48.1639, -24471.109375], [-123.37491, 48.16865, -25396.208984375], [-123.3878, 48.16842, -24983.146484375]]], [[[-123.54246, 48.13688, -14575.3505859375], [-123.55156, 48.1338, -13798.0830078125], [-123.53644, 48.13228, -13746.1943359375], [-123.54246, 48.13688, -14575.3505859375]]], [[[-123.49461, 48.12765, -13705.552734375], [-123.48287, 48.12919, -14399.6044921875], [-123.4963, 48.13297, -14673.01953125], [-123.49461, 48.12765, -13705.552734375]]], [[[-123.73356, 48.24203, -28796.853515625], [-123.71936, 48.23925, -28853.66015625], [-123.72508, 48.24471, -29652.54296875], [-123.73356, 48.24203, -28796.853515625]]], [[[-123.4963, 48.13297, -14673.01953125], [-123.48287, 48.12919, -14399.6044921875], [-123.48115, 48.13322, -15211.2568359375], [-123.4963, 48.13297, -14673.01953125]]], [[[-123.54246, 48.13688, -14575.3505859375], [-123.53644, 48.13228, -13746.1943359375], [-123.52747, 48.13514, -14513.6923828125], [-123.54246, 48.13688, -14575.3505859375]]], [[[-123.55897, 48.11836, -10669.0849609375], [-123.57319, 48.12021, -10712.1630859375], [-123.56754, 48.11534, -9857.9931640625], [-123.55897, 48.11836, -10669.0849609375]]], [[[-123.6088, 48.19862, -24936.46875], [-123.61463, 48.20355, -25799.5078125], [-123.62318, 48.19998, -24991.982421875], [-123.6088, 48.19862, -24936.46875]]], [[[-123.53098, 48.19499, -25951.0], [-123.52372, 48.19867, -26782.763671875], [-123.53726, 48.20012, -26740.58984375], [-123.53098, 48.19499, -25951.0]]], [[[-123.53244, 48.14056, -15405.1474609375], [-123.54246, 48.13688, -14575.3505859375], [-123.52747, 48.13514, -14513.6923828125], [-123.53244, 48.14056, -15405.1474609375]]], [[[-123.65782, 48.14813, -14237.1123046875], [-123.66527, 48.14467, -13422.7578125], [-123.65308, 48.14325, -13394.90625], [-123.65782, 48.14813, -14237.1123046875]]], [[[-123.51271, 48.18887, -25105.541015625], [-123.50569, 48.19237, -25962.236328125], [-123.51849, 48.19391, -25927.84375], [-123.51271, 48.18887, -25105.541015625]]], [[[-123.48142, 48.12492, -13664.3134765625], [-123.49461, 48.12765, -13705.552734375], [-123.48801, 48.12219, -12906.3095703125], [-123.48142, 48.12492, -13664.3134765625]]], [[[-123.52747, 48.13514, -14513.6923828125], [-123.51963, 48.13838, -15348.1279296875], [-123.53244, 48.14056, -15405.1474609375], [-123.52747, 48.13514, -14513.6923828125]]], [[[-123.75123, 48.20468, -21256.626953125], [-123.73997, 48.20023, -20820.734375], [-123.7378, 48.20442, -21685.291015625], [-123.75123, 48.20468, -21256.626953125]]], [[[-123.55114, 48.19269, -25030.0078125], [-123.54474, 48.18797, -24229.162109375], [-123.53787, 48.19147, -25089.0859375], [-123.55114, 48.19269, -25030.0078125]]], [[[-123.50746, 48.12933, -13743.9873046875], [-123.51621, 48.12531, -12862.3427734375], [-123.50295, 48.12422, -12846.009765625], [-123.50746, 48.12933, -13743.9873046875]]], [[[-123.51963, 48.13838, -15348.1279296875], [-123.52747, 48.13514, -14513.6923828125], [-123.51301, 48.13368, -14528.2607421875], [-123.51963, 48.13838, -15348.1279296875]]], [[[-123.54577, 48.12898, -13000.0888671875], [-123.56142, 48.13144, -13071.0537109375], [-123.5554, 48.12629, -12269.470703125], [-123.54577, 48.12898, -13000.0888671875]]], [[[-123.66197, 48.22391, -28407.20703125], [-123.64617, 48.22106, -28370.6328125], [-123.65201, 48.22635, -29202.169921875], [-123.66197, 48.22391, -28407.20703125]]], [[[-123.52747, 48.13514, -14513.6923828125], [-123.53644, 48.13228, -13746.1943359375], [-123.52168, 48.12994, -13687.58203125], [-123.52747, 48.13514, -14513.6923828125]]], [[[-123.50649, 48.13754, -15349.3427734375], [-123.51963, 48.13838, -15348.1279296875], [-123.51301, 48.13368, -14528.2607421875], [-123.50649, 48.13754, -15349.3427734375]]], [[[-123.68109, 48.15154, -14251.876953125], [-123.68584, 48.15709, -15080.962890625], [-123.69309, 48.15417, -14231.517578125], [-123.68109, 48.15154, -14251.876953125]]], [[[-123.56578, 48.19376, -24976.490234375], [-123.57247, 48.19897, -25774.251953125], [-123.58014, 48.19539, -24931.876953125], [-123.56578, 48.19376, -24976.490234375]]], [[[-123.5896, 48.13497, -13241.828125], [-123.59785, 48.13193, -12430.06640625], [-123.58526, 48.12979, -12373.462890625], [-123.5896, 48.13497, -13241.828125]]], [[[-123.50649, 48.13754, -15349.3427734375], [-123.51772, 48.1431, -16291.6298828125], [-123.51963, 48.13838, -15348.1279296875], [-123.50649, 48.13754, -15349.3427734375]]], [[[-123.6957, 48.24519, -30893.193359375], [-123.67801, 48.241, -30876.953125], [-123.68173, 48.24621, -31663.291015625], [-123.6957, 48.24519, -30893.193359375]]], [[[-123.76756, 48.2402, -26839.498046875], [-123.77516, 48.24556, -27435.314453125], [-123.78569, 48.24362, -26486.771484375], [-123.76756, 48.2402, -26839.498046875]]], [[[-123.7378, 48.20442, -21685.291015625], [-123.74933, 48.20896, -22117.275390625], [-123.75123, 48.20468, -21256.626953125], [-123.7378, 48.20442, -21685.291015625]]], [[[-123.50649, 48.13754, -15349.3427734375], [-123.50337, 48.14138, -16137.029296875], [-123.51772, 48.1431, -16291.6298828125], [-123.50649, 48.13754, -15349.3427734375]]], [[[-123.62863, 48.14009, -13335.021484375], [-123.61651, 48.13844, -13267.0048828125], [-123.62077, 48.14351, -14130.513671875], [-123.62863, 48.14009, -13335.021484375]]], [[[-123.58735, 48.22279, -29994.5234375], [-123.59248, 48.22786, -30828.212890625], [-123.6007, 48.22423, -30003.314453125], [-123.58735, 48.22279, -29994.5234375]]], [[[-123.50569, 48.19237, -25962.236328125], [-123.49784, 48.19583, -26780.275390625], [-123.51114, 48.19745, -26774.66015625], [-123.50569, 48.19237, -25962.236328125]]], [[[-123.50337, 48.14138, -16137.029296875], [-123.50649, 48.13754, -15349.3427734375], [-123.49209, 48.13751, -15640.607421875], [-123.50337, 48.14138, -16137.029296875]]], [[[-123.72685, 48.2363, -28027.787109375], [-123.71936, 48.23925, -28853.66015625], [-123.73356, 48.24203, -28796.853515625], [-123.72685, 48.2363, -28027.787109375]]], [[[-123.76489, 48.11869, -4714.27001953125], [-123.76066, 48.11329, -3871.232177734375], [-123.75259, 48.11598, -4720.26025390625], [-123.76489, 48.11869, -4714.27001953125]]], [[[-123.50337, 48.14138, -16137.029296875], [-123.49209, 48.13751, -15640.607421875], [-123.49049, 48.14188, -16511.72265625], [-123.50337, 48.14138, -16137.029296875]]], [[[-123.69309, 48.15417, -14231.517578125], [-123.7005, 48.15093, -13393.7568359375], [-123.6883, 48.14853, -13397.66796875], [-123.69309, 48.15417, -14231.517578125]]], [[[-123.6088, 48.19862, -24936.46875], [-123.60045, 48.20217, -25754.40234375], [-123.61463, 48.20355, -25799.5078125], [-123.6088, 48.19862, -24936.46875]]], [[[-123.70431, 48.2504, -31484.267578125], [-123.69759, 48.25261, -32175.1484375], [-123.70575, 48.25426, -32113.857421875], [-123.70431, 48.2504, -31484.267578125]]], [[[-123.50235, 48.14578, -17003.984375], [-123.50337, 48.14138, -16137.029296875], [-123.49049, 48.14188, -16511.72265625], [-123.50235, 48.14578, -17003.984375]]], [[[-123.52968, 48.20349, -27595.060546875], [-123.52372, 48.19867, -26782.763671875], [-123.5162, 48.20247, -27618.029296875], [-123.52968, 48.20349, -27595.060546875]]], [[[-123.51772, 48.1431, -16291.6298828125], [-123.50337, 48.14138, -16137.029296875], [-123.50235, 48.14578, -17003.984375], [-123.51772, 48.1431, -16291.6298828125]]], [[[-123.67801, 48.241, -30876.953125], [-123.6671, 48.24274, -31640.4375], [-123.68173, 48.24621, -31663.291015625], [-123.67801, 48.241, -30876.953125]]], [[[-123.50235, 48.14578, -17003.984375], [-123.5117, 48.14863, -17448.703125], [-123.51772, 48.1431, -16291.6298828125], [-123.50235, 48.14578, -17003.984375]]], [[[-123.52168, 48.12994, -13687.58203125], [-123.53101, 48.12726, -12923.5576171875], [-123.51621, 48.12531, -12862.3427734375], [-123.52168, 48.12994, -13687.58203125]]], [[[-123.54426, 48.19654, -25876.21484375], [-123.53726, 48.20012, -26740.58984375], [-123.5514, 48.20124, -26676.40625], [-123.54426, 48.19654, -25876.21484375]]], [[[-123.70718, 48.15621, -14089.8466796875], [-123.7244, 48.15866, -13803.658203125], [-123.71479, 48.15341, -13230.31640625], [-123.70718, 48.15621, -14089.8466796875]]], [[[-123.5117, 48.14863, -17448.703125], [-123.50235, 48.14578, -17003.984375], [-123.50105, 48.15198, -18222.7265625], [-123.5117, 48.14863, -17448.703125]]], [[[-123.62863, 48.14009, -13335.021484375], [-123.62437, 48.13516, -12459.576171875], [-123.61651, 48.13844, -13267.0048828125], [-123.62863, 48.14009, -13335.021484375]]], [[[-123.53619, 48.20861, -28374.572265625], [-123.52861, 48.21205, -29243.25390625], [-123.5421, 48.21357, -29195.7578125], [-123.53619, 48.20861, -28374.572265625]]], [[[-123.61651, 48.13844, -13267.0048828125], [-123.61127, 48.13339, -12450.9580078125], [-123.60333, 48.13678, -13258.1513671875], [-123.61651, 48.13844, -13267.0048828125]]], [[[-123.5117, 48.14863, -17448.703125], [-123.50105, 48.15198, -18222.7265625], [-123.51717, 48.15363, -18304.17578125], [-123.5117, 48.14863, -17448.703125]]], [[[-123.40883, 48.18294, -26923.6171875], [-123.41698, 48.17995, -26126.181640625], [-123.40334, 48.17784, -26114.80859375], [-123.40883, 48.18294, -26923.6171875]]], [[[-123.68763, 48.2395, -30181.5234375], [-123.67801, 48.241, -30876.953125], [-123.6957, 48.24519, -30893.193359375], [-123.68763, 48.2395, -30181.5234375]]], [[[-123.61651, 48.13844, -13267.0048828125], [-123.62437, 48.13516, -12459.576171875], [-123.61127, 48.13339, -12450.9580078125], [-123.61651, 48.13844, -13267.0048828125]]], [[[-123.52454, 48.14969, -17352.259765625], [-123.5117, 48.14863, -17448.703125], [-123.51717, 48.15363, -18304.17578125], [-123.52454, 48.14969, -17352.259765625]]], [[[-123.47291, 48.11984, -12981.478515625], [-123.47022, 48.12445, -13926.6259765625], [-123.48142, 48.12492, -13664.3134765625], [-123.47291, 48.11984, -12981.478515625]]], [[[-123.51271, 48.18887, -25105.541015625], [-123.51849, 48.19391, -25927.84375], [-123.52565, 48.19009, -25097.85546875], [-123.51271, 48.18887, -25105.541015625]]], [[[-123.53101, 48.12726, -12923.5576171875], [-123.53644, 48.13228, -13746.1943359375], [-123.54577, 48.12898, -13000.0888671875], [-123.53101, 48.12726, -12923.5576171875]]], [[[-123.5117, 48.14863, -17448.703125], [-123.52454, 48.14969, -17352.259765625], [-123.51772, 48.1431, -16291.6298828125], [-123.5117, 48.14863, -17448.703125]]], [[[-123.72269, 48.25237, -31164.64453125], [-123.7152, 48.25455, -31858.70703125], [-123.73131, 48.25715, -31707.5859375], [-123.72269, 48.25237, -31164.64453125]]], [[[-123.72508, 48.24471, -29652.54296875], [-123.73009, 48.24996, -30406.494140625], [-123.73917, 48.24787, -29647.3671875], [-123.72508, 48.24471, -29652.54296875]]], [[[-123.5514, 48.20124, -26676.40625], [-123.55854, 48.19739, -25825.044921875], [-123.54426, 48.19654, -25876.21484375], [-123.5514, 48.20124, -26676.40625]]], [[[-123.52454, 48.14969, -17352.259765625], [-123.51717, 48.15363, -18304.17578125], [-123.53071, 48.15529, -18284.0859375], [-123.52454, 48.14969, -17352.259765625]]], [[[-123.67518, 48.13273, -10891.3046875], [-123.67981, 48.13789, -11737.1875], [-123.68729, 48.13469, -10883.3662109375], [-123.67518, 48.13273, -10891.3046875]]], [[[-123.7081, 48.23874, -29187.876953125], [-123.70115, 48.24165, -30014.64453125], [-123.71374, 48.24328, -29787.4609375], [-123.7081, 48.23874, -29187.876953125]]], [[[-123.47291, 48.11984, -12981.478515625], [-123.45963, 48.12039, -13370.13671875], [-123.47022, 48.12445, -13926.6259765625], [-123.47291, 48.11984, -12981.478515625]]], [[[-123.51717, 48.15363, -18304.17578125], [-123.52365, 48.1591, -19160.79296875], [-123.53071, 48.15529, -18284.0859375], [-123.51717, 48.15363, -18304.17578125]]], [[[-123.50746, 48.12933, -13743.9873046875], [-123.52168, 48.12994, -13687.58203125], [-123.51621, 48.12531, -12862.3427734375], [-123.50746, 48.12933, -13743.9873046875]]], [[[-123.61728, 48.19513, -24133.271484375], [-123.6088, 48.19862, -24936.46875], [-123.62318, 48.19998, -24991.982421875], [-123.61728, 48.19513, -24133.271484375]]], [[[-123.48801, 48.12219, -12906.3095703125], [-123.48103, 48.11674, -12173.681640625], [-123.47291, 48.11984, -12981.478515625], [-123.48801, 48.12219, -12906.3095703125]]], [[[-123.53726, 48.20012, -26740.58984375], [-123.52968, 48.20349, -27595.060546875], [-123.54411, 48.20509, -27528.923828125], [-123.53726, 48.20012, -26740.58984375]]], [[[-123.51717, 48.15363, -18304.17578125], [-123.51091, 48.15734, -19145.6171875], [-123.52365, 48.1591, -19160.79296875], [-123.51717, 48.15363, -18304.17578125]]], [[[-123.6823, 48.23376, -29366.505859375], [-123.66729, 48.22976, -29236.373046875], [-123.67246, 48.23533, -30071.84765625], [-123.6823, 48.23376, -29366.505859375]]], [[[-123.71722, 48.12184, -7364.68212890625], [-123.72439, 48.11866, -6454.67333984375], [-123.71296, 48.11623, -6500.4267578125], [-123.71722, 48.12184, -7364.68212890625]]], [[[-123.51717, 48.15363, -18304.17578125], [-123.50105, 48.15198, -18222.7265625], [-123.51091, 48.15734, -19145.6171875], [-123.51717, 48.15363, -18304.17578125]]], [[[-123.64898, 48.1381, -12547.9755859375], [-123.65308, 48.14325, -13394.90625], [-123.66061, 48.13976, -12576.4833984375], [-123.64898, 48.1381, -12547.9755859375]]], [[[-123.66729, 48.22976, -29236.373046875], [-123.65201, 48.22635, -29202.169921875], [-123.65737, 48.23167, -30029.625], [-123.66729, 48.22976, -29236.373046875]]], [[[-123.5896, 48.13497, -13241.828125], [-123.58526, 48.12979, -12373.462890625], [-123.57672, 48.13316, -13158.41015625], [-123.5896, 48.13497, -13241.828125]]], [[[-123.50105, 48.15198, -18222.7265625], [-123.49863, 48.15684, -19200.9453125], [-123.51091, 48.15734, -19145.6171875], [-123.50105, 48.15198, -18222.7265625]]], [[[-123.69309, 48.15417, -14231.517578125], [-123.70718, 48.15621, -14089.8466796875], [-123.7005, 48.15093, -13393.7568359375], [-123.69309, 48.15417, -14231.517578125]]], [[[-123.72685, 48.2363, -28027.787109375], [-123.70902, 48.23398, -28275.37890625], [-123.71936, 48.23925, -28853.66015625], [-123.72685, 48.2363, -28027.787109375]]], [[[-123.50649, 48.13754, -15349.3427734375], [-123.51301, 48.13368, -14528.2607421875], [-123.4963, 48.13297, -14673.01953125], [-123.50649, 48.13754, -15349.3427734375]]], [[[-123.48642, 48.15498, -19104.115234375], [-123.49863, 48.15684, -19200.9453125], [-123.50105, 48.15198, -18222.7265625], [-123.48642, 48.15498, -19104.115234375]]], [[[-123.53436, 48.11921, -11304.2021484375], [-123.54424, 48.11643, -10578.7197265625], [-123.52878, 48.11402, -10479.87109375], [-123.53436, 48.11921, -11304.2021484375]]], [[[-123.49863, 48.15684, -19200.9453125], [-123.48642, 48.15498, -19104.115234375], [-123.49179, 48.1608, -20073.619140625], [-123.49863, 48.15684, -19200.9453125]]], [[[-123.68109, 48.15154, -14251.876953125], [-123.69309, 48.15417, -14231.517578125], [-123.6883, 48.14853, -13397.66796875], [-123.68109, 48.15154, -14251.876953125]]], [[[-123.71936, 48.23925, -28853.66015625], [-123.7081, 48.23874, -29187.876953125], [-123.71374, 48.24328, -29787.4609375], [-123.71936, 48.23925, -28853.66015625]]], [[[-123.45744, 48.12509, -14317.3515625], [-123.45963, 48.12039, -13370.13671875], [-123.44608, 48.12041, -13901.1328125], [-123.45744, 48.12509, -14317.3515625]]], [[[-123.49863, 48.15684, -19200.9453125], [-123.49179, 48.1608, -20073.619140625], [-123.50444, 48.16159, -20057.501953125], [-123.49863, 48.15684, -19200.9453125]]], [[[-123.58789, 48.12157, -10748.654296875], [-123.59598, 48.11828, -9919.0263671875], [-123.5817, 48.11675, -9917.560546875], [-123.58789, 48.12157, -10748.654296875]]], [[[-123.49863, 48.15684, -19200.9453125], [-123.50444, 48.16159, -20057.501953125], [-123.51091, 48.15734, -19145.6171875], [-123.49863, 48.15684, -19200.9453125]]], [[[-123.49604, 48.1193, -12088.2021484375], [-123.50366, 48.11579, -11225.7568359375], [-123.49027, 48.11399, -11297.58984375], [-123.49604, 48.1193, -12088.2021484375]]], [[[-123.56509, 48.20248, -26639.54296875], [-123.55775, 48.20605, -27507.509765625], [-123.57088, 48.20772, -27465.38671875], [-123.56509, 48.20248, -26639.54296875]]], [[[-123.62894, 48.20527, -25832.095703125], [-123.61463, 48.20355, -25799.5078125], [-123.62046, 48.20846, -26669.57421875], [-123.62894, 48.20527, -25832.095703125]]], [[[-123.51091, 48.15734, -19145.6171875], [-123.50444, 48.16159, -20057.501953125], [-123.5168, 48.16272, -20035.822265625], [-123.51091, 48.15734, -19145.6171875]]], [[[-123.74171, 48.19588, -19945.8046875], [-123.73997, 48.20023, -20820.734375], [-123.75266, 48.20019, -20370.10546875], [-123.74171, 48.19588, -19945.8046875]]], [[[-123.67205, 48.22242, -27677.875], [-123.66197, 48.22391, -28407.20703125], [-123.67739, 48.22808, -28533.8984375], [-123.67205, 48.22242, -27677.875]]], [[[-123.80169, 48.26633, -29912.71875], [-123.80564, 48.2718, -30749.099609375], [-123.81307, 48.26919, -29882.93359375], [-123.80169, 48.26633, -29912.71875]]], [[[-123.52365, 48.1591, -19160.79296875], [-123.51091, 48.15734, -19145.6171875], [-123.5168, 48.16272, -20035.822265625], [-123.52365, 48.1591, -19160.79296875]]], [[[-123.47291, 48.11984, -12981.478515625], [-123.48103, 48.11674, -12173.681640625], [-123.46391, 48.1152, -12301.1162109375], [-123.47291, 48.11984, -12981.478515625]]], [[[-123.67739, 48.22808, -28533.8984375], [-123.66197, 48.22391, -28407.20703125], [-123.66729, 48.22976, -29236.373046875], [-123.67739, 48.22808, -28533.8984375]]], [[[-123.77551, 48.2108, -21111.388671875], [-123.77405, 48.21526, -21992.666015625], [-123.78713, 48.21617, -21478.181640625], [-123.77551, 48.2108, -21111.388671875]]], [[[-123.52365, 48.1591, -19160.79296875], [-123.5168, 48.16272, -20035.822265625], [-123.52982, 48.16401, -19989.66015625], [-123.52365, 48.1591, -19160.79296875]]], [[[-123.57946, 48.12499, -11540.1044921875], [-123.57319, 48.12021, -10712.1630859375], [-123.56459, 48.12358, -11493.658203125], [-123.57946, 48.12499, -11540.1044921875]]], [[[-123.67739, 48.22808, -28533.8984375], [-123.66729, 48.22976, -29236.373046875], [-123.6823, 48.23376, -29366.505859375], [-123.67739, 48.22808, -28533.8984375]]], [[[-123.5102, 48.12053, -11999.162109375], [-123.52558, 48.12214, -12106.0859375], [-123.51968, 48.11731, -11266.69921875], [-123.5102, 48.12053, -11999.162109375]]], [[[-123.53711, 48.16003, -19124.5390625], [-123.52365, 48.1591, -19160.79296875], [-123.52982, 48.16401, -19989.66015625], [-123.53711, 48.16003, -19124.5390625]]], [[[-123.5554, 48.12629, -12269.470703125], [-123.54984, 48.1212, -11437.896484375], [-123.54006, 48.12427, -12148.076171875], [-123.5554, 48.12629, -12269.470703125]]], [[[-123.51849, 48.19391, -25927.84375], [-123.52372, 48.19867, -26782.763671875], [-123.53098, 48.19499, -25951.0], [-123.51849, 48.19391, -25927.84375]]], [[[-123.47022, 48.12445, -13926.6259765625], [-123.45963, 48.12039, -13370.13671875], [-123.45744, 48.12509, -14317.3515625], [-123.47022, 48.12445, -13926.6259765625]]], [[[-123.53071, 48.15529, -18284.0859375], [-123.52365, 48.1591, -19160.79296875], [-123.53711, 48.16003, -19124.5390625], [-123.53071, 48.15529, -18284.0859375]]], [[[-123.54446, 48.15632, -18257.6796875], [-123.53071, 48.15529, -18284.0859375], [-123.53711, 48.16003, -19124.5390625], [-123.54446, 48.15632, -18257.6796875]]], [[[-123.70954, 48.12499, -8249.3564453125], [-123.70516, 48.11958, -7371.34375], [-123.69794, 48.12298, -8281.7529296875], [-123.70954, 48.12499, -8249.3564453125]]], [[[-123.53787, 48.19147, -25089.0859375], [-123.52565, 48.19009, -25097.85546875], [-123.53098, 48.19499, -25951.0], [-123.53787, 48.19147, -25089.0859375]]], [[[-123.47247, 48.08438, -6176.228515625], [-123.4646, 48.08806, -7035.59423828125], [-123.47745, 48.08932, -7059.6533203125], [-123.47247, 48.08438, -6176.228515625]]], [[[-123.54446, 48.15632, -18257.6796875], [-123.53711, 48.16003, -19124.5390625], [-123.54979, 48.16162, -19107.58984375], [-123.54446, 48.15632, -18257.6796875]]], [[[-123.53711, 48.16003, -19124.5390625], [-123.54246, 48.16519, -19991.87890625], [-123.54979, 48.16162, -19107.58984375], [-123.53711, 48.16003, -19124.5390625]]], [[[-123.68173, 48.24621, -31663.291015625], [-123.6718, 48.24821, -32460.484375], [-123.68601, 48.25187, -32522.001953125], [-123.68173, 48.24621, -31663.291015625]]], [[[-123.74262, 48.2395, -27962.806640625], [-123.72685, 48.2363, -28027.787109375], [-123.73356, 48.24203, -28796.853515625], [-123.74262, 48.2395, -27962.806640625]]], [[[-123.49461, 48.12765, -13705.552734375], [-123.48142, 48.12492, -13664.3134765625], [-123.48287, 48.12919, -14399.6044921875], [-123.49461, 48.12765, -13705.552734375]]], [[[-123.53711, 48.16003, -19124.5390625], [-123.52982, 48.16401, -19989.66015625], [-123.54246, 48.16519, -19991.87890625], [-123.53711, 48.16003, -19124.5390625]]], [[[-123.49604, 48.1193, -12088.2021484375], [-123.5102, 48.12053, -11999.162109375], [-123.50366, 48.11579, -11225.7568359375], [-123.49604, 48.1193, -12088.2021484375]]], [[[-123.61747, 48.21696, -28356.984375], [-123.6231, 48.22214, -29194.0234375], [-123.63182, 48.21905, -28356.7734375], [-123.61747, 48.21696, -28356.984375]]], [[[-123.52878, 48.11402, -10479.87109375], [-123.54424, 48.11643, -10578.7197265625], [-123.53839, 48.11146, -9723.7705078125], [-123.52878, 48.11402, -10479.87109375]]], [[[-123.54246, 48.16519, -19991.87890625], [-123.52982, 48.16401, -19989.66015625], [-123.53523, 48.16889, -20861.798828125], [-123.54246, 48.16519, -19991.87890625]]], [[[-123.47569, 48.1119, -11397.708984375], [-123.48103, 48.11674, -12173.681640625], [-123.49027, 48.11399, -11297.58984375], [-123.47569, 48.1119, -11397.708984375]]], [[[-123.75974, 48.23474, -26183.30859375], [-123.76756, 48.2402, -26839.498046875], [-123.77694, 48.23753, -25902.236328125], [-123.75974, 48.23474, -26183.30859375]]], [[[-123.5102, 48.12053, -11999.162109375], [-123.51968, 48.11731, -11266.69921875], [-123.50366, 48.11579, -11225.7568359375], [-123.5102, 48.12053, -11999.162109375]]], [[[-123.54246, 48.16519, -19991.87890625], [-123.53523, 48.16889, -20861.798828125], [-123.5479, 48.17046, -20830.068359375], [-123.54246, 48.16519, -19991.87890625]]], [[[-123.49461, 48.12765, -13705.552734375], [-123.4963, 48.13297, -14673.01953125], [-123.50746, 48.12933, -13743.9873046875], [-123.49461, 48.12765, -13705.552734375]]], [[[-123.54246, 48.16519, -19991.87890625], [-123.5479, 48.17046, -20830.068359375], [-123.55536, 48.16675, -19960.505859375], [-123.54246, 48.16519, -19991.87890625]]], [[[-123.53101, 48.12726, -12923.5576171875], [-123.54577, 48.12898, -13000.0888671875], [-123.54006, 48.12427, -12148.076171875], [-123.53101, 48.12726, -12923.5576171875]]], [[[-123.7081, 48.23874, -29187.876953125], [-123.71936, 48.23925, -28853.66015625], [-123.70902, 48.23398, -28275.37890625], [-123.7081, 48.23874, -29187.876953125]]], [[[-123.53436, 48.11921, -11304.2021484375], [-123.52878, 48.11402, -10479.87109375], [-123.51968, 48.11731, -11266.69921875], [-123.53436, 48.11921, -11304.2021484375]]], [[[-123.54246, 48.16519, -19991.87890625], [-123.55536, 48.16675, -19960.505859375], [-123.54979, 48.16162, -19107.58984375], [-123.54246, 48.16519, -19991.87890625]]], [[[-123.47291, 48.11984, -12981.478515625], [-123.46391, 48.1152, -12301.1162109375], [-123.45963, 48.12039, -13370.13671875], [-123.47291, 48.11984, -12981.478515625]]], [[[-123.55536, 48.16675, -19960.505859375], [-123.56339, 48.16299, -19116.65234375], [-123.54979, 48.16162, -19107.58984375], [-123.55536, 48.16675, -19960.505859375]]], [[[-123.58123, 48.13811, -14041.30078125], [-123.5896, 48.13497, -13241.828125], [-123.57672, 48.13316, -13158.41015625], [-123.58123, 48.13811, -14041.30078125]]], [[[-123.51979, 48.18539, -24257.3671875], [-123.50731, 48.18374, -24282.693359375], [-123.51271, 48.18887, -25105.541015625], [-123.51979, 48.18539, -24257.3671875]]], [[[-123.75128, 48.1696, -14695.7626953125], [-123.74994, 48.17409, -15578.4951171875], [-123.7624, 48.17391, -15142.271484375], [-123.75128, 48.1696, -14695.7626953125]]], [[[-123.56339, 48.16299, -19116.65234375], [-123.55536, 48.16675, -19960.505859375], [-123.5693, 48.16798, -19986.62890625], [-123.56339, 48.16299, -19116.65234375]]], [[[-123.57831, 48.16474, -19163.953125], [-123.56339, 48.16299, -19116.65234375], [-123.5693, 48.16798, -19986.62890625], [-123.57831, 48.16474, -19163.953125]]], [[[-123.69323, 48.24904, -31701.087890625], [-123.70431, 48.2504, -31484.267578125], [-123.6957, 48.24519, -30893.193359375], [-123.69323, 48.24904, -31701.087890625]]], [[[-123.71789, 48.24753, -30456.533203125], [-123.71062, 48.24924, -31004.0703125], [-123.72269, 48.25237, -31164.64453125], [-123.71789, 48.24753, -30456.533203125]]], [[[-123.7152, 48.25455, -31858.70703125], [-123.71027, 48.25823, -32704.994140625], [-123.72327, 48.25979, -32507.2265625], [-123.7152, 48.25455, -31858.70703125]]], [[[-123.57831, 48.16474, -19163.953125], [-123.5693, 48.16798, -19986.62890625], [-123.58417, 48.17016, -20017.6484375], [-123.57831, 48.16474, -19163.953125]]], [[[-123.48801, 48.12219, -12906.3095703125], [-123.50295, 48.12422, -12846.009765625], [-123.49604, 48.1193, -12088.2021484375], [-123.48801, 48.12219, -12906.3095703125]]], [[[-123.58417, 48.17016, -20017.6484375], [-123.59414, 48.16703, -19239.8125], [-123.57831, 48.16474, -19163.953125], [-123.58417, 48.17016, -20017.6484375]]], [[[-123.49209, 48.13751, -15640.607421875], [-123.47907, 48.13751, -16086.9931640625], [-123.49049, 48.14188, -16511.72265625], [-123.49209, 48.13751, -15640.607421875]]], [[[-123.59414, 48.16703, -19239.8125], [-123.58417, 48.17016, -20017.6484375], [-123.60012, 48.17219, -20092.30078125], [-123.59414, 48.16703, -19239.8125]]], [[[-123.55156, 48.1338, -13798.0830078125], [-123.56142, 48.13144, -13071.0537109375], [-123.54577, 48.12898, -13000.0888671875], [-123.55156, 48.1338, -13798.0830078125]]], [[[-123.73356, 48.24203, -28796.853515625], [-123.72508, 48.24471, -29652.54296875], [-123.73917, 48.24787, -29647.3671875], [-123.73356, 48.24203, -28796.853515625]]], [[[-123.5554, 48.12629, -12269.470703125], [-123.56459, 48.12358, -11493.658203125], [-123.54984, 48.1212, -11437.896484375], [-123.5554, 48.12629, -12269.470703125]]], [[[-123.61061, 48.17008, -19418.107421875], [-123.59414, 48.16703, -19239.8125], [-123.60012, 48.17219, -20092.30078125], [-123.61061, 48.17008, -19418.107421875]]], [[[-123.48801, 48.12219, -12906.3095703125], [-123.49604, 48.1193, -12088.2021484375], [-123.48103, 48.11674, -12173.681640625], [-123.48801, 48.12219, -12906.3095703125]]], [[[-123.66729, 48.22976, -29236.373046875], [-123.65737, 48.23167, -30029.625], [-123.67246, 48.23533, -30071.84765625], [-123.66729, 48.22976, -29236.373046875]]], [[[-123.51301, 48.13368, -14528.2607421875], [-123.50746, 48.12933, -13743.9873046875], [-123.4963, 48.13297, -14673.01953125], [-123.51301, 48.13368, -14528.2607421875]]], [[[-123.60458, 48.16441, -18496.736328125], [-123.59414, 48.16703, -19239.8125], [-123.61061, 48.17008, -19418.107421875], [-123.60458, 48.16441, -18496.736328125]]], [[[-123.77669, 48.25983, -29900.908203125], [-123.76835, 48.26192, -30761.21875], [-123.7804, 48.26555, -30723.1640625], [-123.77669, 48.25983, -29900.908203125]]], [[[-123.74262, 48.2395, -27962.806640625], [-123.73356, 48.24203, -28796.853515625], [-123.74897, 48.24589, -28739.5390625], [-123.74262, 48.2395, -27962.806640625]]], [[[-123.60458, 48.16441, -18496.736328125], [-123.5882, 48.1619, -18346.025390625], [-123.59414, 48.16703, -19239.8125], [-123.60458, 48.16441, -18496.736328125]]], [[[-123.45963, 48.12039, -13370.13671875], [-123.46391, 48.1152, -12301.1162109375], [-123.44867, 48.11614, -12986.9677734375], [-123.45963, 48.12039, -13370.13671875]]], [[[-123.66664, 48.21655, -26846.291015625], [-123.65051, 48.2129, -26710.0859375], [-123.6562, 48.21832, -27568.76953125], [-123.66664, 48.21655, -26846.291015625]]], [[[-123.53101, 48.12726, -12923.5576171875], [-123.52168, 48.12994, -13687.58203125], [-123.53644, 48.13228, -13746.1943359375], [-123.53101, 48.12726, -12923.5576171875]]], [[[-123.5882, 48.1619, -18346.025390625], [-123.57831, 48.16474, -19163.953125], [-123.59414, 48.16703, -19239.8125], [-123.5882, 48.1619, -18346.025390625]]], [[[-123.62318, 48.19998, -24991.982421875], [-123.62894, 48.20527, -25832.095703125], [-123.63865, 48.20242, -25027.03125], [-123.62318, 48.19998, -24991.982421875]]], [[[-123.71936, 48.23925, -28853.66015625], [-123.71374, 48.24328, -29787.4609375], [-123.72508, 48.24471, -29652.54296875], [-123.71936, 48.23925, -28853.66015625]]], [[[-123.46391, 48.1152, -12301.1162109375], [-123.47569, 48.1119, -11397.708984375], [-123.46224, 48.11017, -11342.2705078125], [-123.46391, 48.1152, -12301.1162109375]]], [[[-123.61061, 48.17008, -19418.107421875], [-123.60012, 48.17219, -20092.30078125], [-123.6171, 48.17506, -20262.8359375], [-123.61061, 48.17008, -19418.107421875]]], [[[-123.53101, 48.12726, -12923.5576171875], [-123.52558, 48.12214, -12106.0859375], [-123.51621, 48.12531, -12862.3427734375], [-123.53101, 48.12726, -12923.5576171875]]], [[[-123.7081, 48.23874, -29187.876953125], [-123.69607, 48.23638, -29254.572265625], [-123.70115, 48.24165, -30014.64453125], [-123.7081, 48.23874, -29187.876953125]]], [[[-123.6171, 48.17506, -20262.8359375], [-123.60012, 48.17219, -20092.30078125], [-123.60669, 48.1774, -20900.802734375], [-123.6171, 48.17506, -20262.8359375]]], [[[-123.6171, 48.17506, -20262.8359375], [-123.60669, 48.1774, -20900.802734375], [-123.62373, 48.17986, -21088.45703125], [-123.6171, 48.17506, -20262.8359375]]], [[[-123.48103, 48.11674, -12173.681640625], [-123.47569, 48.1119, -11397.708984375], [-123.46391, 48.1152, -12301.1162109375], [-123.48103, 48.11674, -12173.681640625]]], [[[-123.25701, 48.16438, -27283.0703125], [-123.25861, 48.16001, -26408.48828125], [-123.24536, 48.16169, -26750.662109375], [-123.25701, 48.16438, -27283.0703125]]], [[[-123.62373, 48.17986, -21088.45703125], [-123.60669, 48.1774, -20900.802734375], [-123.61346, 48.18227, -21708.431640625], [-123.62373, 48.17986, -21088.45703125]]], [[[-123.74171, 48.19588, -19945.8046875], [-123.7543, 48.19583, -19502.82421875], [-123.74359, 48.19162, -19080.544921875], [-123.74171, 48.19588, -19945.8046875]]], [[[-123.62373, 48.17986, -21088.45703125], [-123.61346, 48.18227, -21708.431640625], [-123.63029, 48.18469, -21911.61328125], [-123.62373, 48.17986, -21088.45703125]]], [[[-123.57672, 48.13316, -13158.41015625], [-123.56684, 48.13626, -13904.7421875], [-123.58123, 48.13811, -14041.30078125], [-123.57672, 48.13316, -13158.41015625]]], [[[-123.64059, 48.21573, -27526.689453125], [-123.62612, 48.21374, -27517.44140625], [-123.63182, 48.21905, -28356.7734375], [-123.64059, 48.21573, -27526.689453125]]], [[[-123.63029, 48.18469, -21911.61328125], [-123.61346, 48.18227, -21708.431640625], [-123.62009, 48.18708, -22537.544921875], [-123.63029, 48.18469, -21911.61328125]]], [[[-123.72126, 48.12762, -8232.6220703125], [-123.71722, 48.12184, -7364.68212890625], [-123.70954, 48.12499, -8249.3564453125], [-123.72126, 48.12762, -8232.6220703125]]], [[[-123.63029, 48.18469, -21911.61328125], [-123.62009, 48.18708, -22537.544921875], [-123.63673, 48.18992, -22701.859375], [-123.63029, 48.18469, -21911.61328125]]], [[[-123.54984, 48.1212, -11437.896484375], [-123.56459, 48.12358, -11493.658203125], [-123.55897, 48.11836, -10669.0849609375], [-123.54984, 48.1212, -11437.896484375]]], [[[-123.64617, 48.22106, -28370.6328125], [-123.6374, 48.22415, -29205.470703125], [-123.65201, 48.22635, -29202.169921875], [-123.64617, 48.22106, -28370.6328125]]], [[[-123.30169, 48.14599, -23647.201171875], [-123.31333, 48.14981, -24109.59765625], [-123.31493, 48.14543, -23235.25390625], [-123.30169, 48.14599, -23647.201171875]]], [[[-123.63358, 48.14484, -14176.947265625], [-123.62863, 48.14009, -13335.021484375], [-123.62077, 48.14351, -14130.513671875], [-123.63358, 48.14484, -14176.947265625]]], [[[-123.63673, 48.18992, -22701.859375], [-123.62009, 48.18708, -22537.544921875], [-123.62662, 48.19183, -23365.837890625], [-123.63673, 48.18992, -22701.859375]]], [[[-123.67593, 48.25368, -33287.67578125], [-123.68601, 48.25187, -32522.001953125], [-123.6718, 48.24821, -32460.484375], [-123.67593, 48.25368, -33287.67578125]]], [[[-123.63673, 48.18992, -22701.859375], [-123.62662, 48.19183, -23365.837890625], [-123.64297, 48.19498, -23521.08984375], [-123.63673, 48.18992, -22701.859375]]], [[[-123.52558, 48.12214, -12106.0859375], [-123.53436, 48.11921, -11304.2021484375], [-123.51968, 48.11731, -11266.69921875], [-123.52558, 48.12214, -12106.0859375]]], [[[-123.69607, 48.23638, -29254.572265625], [-123.6823, 48.23376, -29366.505859375], [-123.68763, 48.2395, -30181.5234375], [-123.69607, 48.23638, -29254.572265625]]], [[[-123.29637, 48.1255, -19634.333984375], [-123.28468, 48.12313, -19081.998046875], [-123.28307, 48.12747, -19958.208984375], [-123.29637, 48.1255, -19634.333984375]]], [[[-123.65051, 48.2129, -26710.0859375], [-123.63471, 48.2106, -26673.5234375], [-123.64059, 48.21573, -27526.689453125], [-123.65051, 48.2129, -26710.0859375]]], [[[-123.64297, 48.19498, -23521.08984375], [-123.62662, 48.19183, -23365.837890625], [-123.63273, 48.19716, -24187.17578125], [-123.64297, 48.19498, -23521.08984375]]], [[[-123.59336, 48.12665, -11568.791015625], [-123.58789, 48.12157, -10748.654296875], [-123.57946, 48.12499, -11540.1044921875], [-123.59336, 48.12665, -11568.791015625]]], [[[-123.64297, 48.19498, -23521.08984375], [-123.63273, 48.19716, -24187.17578125], [-123.64914, 48.20017, -24346.6640625], [-123.64297, 48.19498, -23521.08984375]]], [[[-123.7365, 48.12143, -6459.86474609375], [-123.72844, 48.12436, -7316.24072265625], [-123.74075, 48.12703, -7320.8251953125], [-123.7365, 48.12143, -6459.86474609375]]], [[[-123.75107, 48.23714, -27064.642578125], [-123.74262, 48.2395, -27962.806640625], [-123.75789, 48.24295, -27766.779296875], [-123.75107, 48.23714, -27064.642578125]]], [[[-123.71524, 48.19085, -20102.169921875], [-123.70562, 48.18609, -19615.98828125], [-123.70312, 48.1905, -20531.263671875], [-123.71524, 48.19085, -20102.169921875]]], [[[-123.56459, 48.12358, -11493.658203125], [-123.57319, 48.12021, -10712.1630859375], [-123.55897, 48.11836, -10669.0849609375], [-123.56459, 48.12358, -11493.658203125]]], [[[-123.34599, 48.13272, -19690.0859375], [-123.34758, 48.12834, -18815.333984375], [-123.33447, 48.12794, -19288.47265625], [-123.34599, 48.13272, -19690.0859375]]], [[[-123.57068, 48.12836, -12322.99609375], [-123.57946, 48.12499, -11540.1044921875], [-123.56459, 48.12358, -11493.658203125], [-123.57068, 48.12836, -12322.99609375]]], [[[-123.64914, 48.20017, -24346.6640625], [-123.63273, 48.19716, -24187.17578125], [-123.63865, 48.20242, -25027.03125], [-123.64914, 48.20017, -24346.6640625]]], [[[-123.75259, 48.11598, -4720.26025390625], [-123.74858, 48.11024, -3891.73486328125], [-123.74091, 48.11308, -4746.3095703125], [-123.75259, 48.11598, -4720.26025390625]]], [[[-123.64914, 48.20017, -24346.6640625], [-123.63865, 48.20242, -25027.03125], [-123.65525, 48.20547, -25177.041015625], [-123.64914, 48.20017, -24346.6640625]]], [[[-123.4471, 48.15569, -20423.775390625], [-123.46177, 48.15574, -20099.9453125], [-123.44832, 48.15142, -19573.619140625], [-123.4471, 48.15569, -20423.775390625]]], [[[-123.70115, 48.24165, -30014.64453125], [-123.6957, 48.24519, -30893.193359375], [-123.70715, 48.24546, -30453.46484375], [-123.70115, 48.24165, -30014.64453125]]], [[[-123.30169, 48.14599, -23647.201171875], [-123.28836, 48.14734, -24009.458984375], [-123.30009, 48.15037, -24521.326171875], [-123.30169, 48.14599, -23647.201171875]]], [[[-123.55156, 48.1338, -13798.0830078125], [-123.54577, 48.12898, -13000.0888671875], [-123.53644, 48.13228, -13746.1943359375], [-123.55156, 48.1338, -13798.0830078125]]], [[[-123.65525, 48.20547, -25177.041015625], [-123.63865, 48.20242, -25027.03125], [-123.64456, 48.20758, -25876.130859375], [-123.65525, 48.20547, -25177.041015625]]], [[[-123.54984, 48.1212, -11437.896484375], [-123.55897, 48.11836, -10669.0849609375], [-123.54424, 48.11643, -10578.7197265625], [-123.54984, 48.1212, -11437.896484375]]], [[[-123.65525, 48.20547, -25177.041015625], [-123.64456, 48.20758, -25876.130859375], [-123.6612, 48.21081, -26008.171875], [-123.65525, 48.20547, -25177.041015625]]], [[[-123.48484, 48.16449, -20946.5078125], [-123.49179, 48.1608, -20073.619140625], [-123.47943, 48.15924, -20110.14453125], [-123.48484, 48.16449, -20946.5078125]]], [[[-123.78569, 48.24362, -26486.771484375], [-123.77516, 48.24556, -27435.314453125], [-123.78942, 48.24927, -27326.78125], [-123.78569, 48.24362, -26486.771484375]]], [[[-123.6612, 48.21081, -26008.171875], [-123.64456, 48.20758, -25876.130859375], [-123.65051, 48.2129, -26710.0859375], [-123.6612, 48.21081, -26008.171875]]], [[[-123.53839, 48.11146, -9723.7705078125], [-123.54424, 48.11643, -10578.7197265625], [-123.55344, 48.11315, -9830.37890625], [-123.53839, 48.11146, -9723.7705078125]]], [[[-123.49027, 48.11399, -11297.58984375], [-123.49772, 48.1107, -10416.0166015625], [-123.48448, 48.10854, -10516.4775390625], [-123.49027, 48.11399, -11297.58984375]]], [[[-123.77766, 48.12112, -4754.6552734375], [-123.77348, 48.11598, -3895.180419921875], [-123.76489, 48.11869, -4714.27001953125], [-123.77766, 48.12112, -4754.6552734375]]], [[[-123.6612, 48.21081, -26008.171875], [-123.65051, 48.2129, -26710.0859375], [-123.66664, 48.21655, -26846.291015625], [-123.6612, 48.21081, -26008.171875]]], [[[-123.6231, 48.22214, -29194.0234375], [-123.6146, 48.2254, -30031.3984375], [-123.62852, 48.22736, -30024.0859375], [-123.6231, 48.22214, -29194.0234375]]], [[[-123.56142, 48.13144, -13071.0537109375], [-123.57068, 48.12836, -12322.99609375], [-123.5554, 48.12629, -12269.470703125], [-123.56142, 48.13144, -13071.0537109375]]], [[[-123.67559, 48.2139, -25971.8671875], [-123.6612, 48.21081, -26008.171875], [-123.66664, 48.21655, -26846.291015625], [-123.67559, 48.2139, -25971.8671875]]], [[[-123.66197, 48.22391, -28407.20703125], [-123.6562, 48.21832, -27568.76953125], [-123.64617, 48.22106, -28370.6328125], [-123.66197, 48.22391, -28407.20703125]]], [[[-123.32292, 48.12353, -18863.53125], [-123.32452, 48.11916, -17989.18359375], [-123.31129, 48.1197, -18402.45703125], [-123.32292, 48.12353, -18863.53125]]], [[[-123.67559, 48.2139, -25971.8671875], [-123.66664, 48.21655, -26846.291015625], [-123.68108, 48.21956, -26815.986328125], [-123.67559, 48.2139, -25971.8671875]]], [[[-123.92451, 48.13336, -1485.721923828125], [-123.93607, 48.13541, -1591.01806640625], [-123.93069, 48.12957, -632.6893920898438], [-123.92451, 48.13336, -1485.721923828125]]], [[[-123.52224, 48.20716, -28443.064453125], [-123.51397, 48.21074, -29250.599609375], [-123.52861, 48.21205, -29243.25390625], [-123.52224, 48.20716, -28443.064453125]]], [[[-123.48142, 48.12492, -13664.3134765625], [-123.47022, 48.12445, -13926.6259765625], [-123.48287, 48.12919, -14399.6044921875], [-123.48142, 48.12492, -13664.3134765625]]], [[[-123.29637, 48.1255, -19634.333984375], [-123.29477, 48.12987, -20509.357421875], [-123.30809, 48.12846, -20150.703125], [-123.29637, 48.1255, -19634.333984375]]], [[[-123.74466, 48.13287, -8181.9775390625], [-123.74075, 48.12703, -7320.8251953125], [-123.73256, 48.1299, -8177.22607421875], [-123.74466, 48.13287, -8181.9775390625]]], [[[-123.68108, 48.21956, -26815.986328125], [-123.66664, 48.21655, -26846.291015625], [-123.67205, 48.22242, -27677.875], [-123.68108, 48.21956, -26815.986328125]]], [[[-123.68108, 48.21956, -26815.986328125], [-123.67205, 48.22242, -27677.875], [-123.68595, 48.22533, -27662.662109375], [-123.68108, 48.21956, -26815.986328125]]], [[[-123.4759, 48.14628, -17835.21484375], [-123.47757, 48.14193, -16963.21484375], [-123.46443, 48.14195, -17407.658203125], [-123.4759, 48.14628, -17835.21484375]]], [[[-123.75974, 48.23474, -26183.30859375], [-123.74449, 48.23097, -26335.263671875], [-123.75107, 48.23714, -27064.642578125], [-123.75974, 48.23474, -26183.30859375]]], [[[-123.72844, 48.12436, -7316.24072265625], [-123.7365, 48.12143, -6459.86474609375], [-123.72439, 48.11866, -6454.67333984375], [-123.72844, 48.12436, -7316.24072265625]]], [[[-123.68595, 48.22533, -27662.662109375], [-123.67205, 48.22242, -27677.875], [-123.67739, 48.22808, -28533.8984375], [-123.68595, 48.22533, -27662.662109375]]], [[[-123.57672, 48.13316, -13158.41015625], [-123.57068, 48.12836, -12322.99609375], [-123.56142, 48.13144, -13071.0537109375], [-123.57672, 48.13316, -13158.41015625]]], [[[-123.64059, 48.21573, -27526.689453125], [-123.63182, 48.21905, -28356.7734375], [-123.64617, 48.22106, -28370.6328125], [-123.64059, 48.21573, -27526.689453125]]], [[[-123.58789, 48.12157, -10748.654296875], [-123.59336, 48.12665, -11568.791015625], [-123.6015, 48.1235, -10739.7646484375], [-123.58789, 48.12157, -10748.654296875]]], [[[-123.68595, 48.22533, -27662.662109375], [-123.67739, 48.22808, -28533.8984375], [-123.69186, 48.23114, -28469.310546875], [-123.68595, 48.22533, -27662.662109375]]], [[[-123.76755, 48.23234, -25400.91796875], [-123.77694, 48.23753, -25902.236328125], [-123.78126, 48.23377, -24964.748046875], [-123.76755, 48.23234, -25400.91796875]]], [[[-123.72269, 48.25237, -31164.64453125], [-123.74, 48.25455, -30795.876953125], [-123.73009, 48.24996, -30406.494140625], [-123.72269, 48.25237, -31164.64453125]]], [[[-123.69186, 48.23114, -28469.310546875], [-123.7009, 48.22859, -27627.27734375], [-123.68595, 48.22533, -27662.662109375], [-123.69186, 48.23114, -28469.310546875]]], [[[-123.48864, 48.17804, -23452.275390625], [-123.47614, 48.17647, -23458.61328125], [-123.48128, 48.18157, -24279.501953125], [-123.48864, 48.17804, -23452.275390625]]], [[[-123.77694, 48.23753, -25902.236328125], [-123.79177, 48.23945, -25424.21875], [-123.78126, 48.23377, -24964.748046875], [-123.77694, 48.23753, -25902.236328125]]], [[[-123.78521, 48.18452, -15877.9208984375], [-123.7719, 48.18387, -16362.9072265625], [-123.78359, 48.1889, -16750.314453125], [-123.78521, 48.18452, -15877.9208984375]]], [[[-123.7009, 48.22859, -27627.27734375], [-123.69186, 48.23114, -28469.310546875], [-123.70902, 48.23398, -28275.37890625], [-123.7009, 48.22859, -27627.27734375]]], [[[-123.55897, 48.11836, -10669.0849609375], [-123.56754, 48.11534, -9857.9931640625], [-123.55344, 48.11315, -9830.37890625], [-123.55897, 48.11836, -10669.0849609375]]], [[[-123.74262, 48.2395, -27962.806640625], [-123.7356, 48.23384, -27201.986328125], [-123.72685, 48.2363, -28027.787109375], [-123.74262, 48.2395, -27962.806640625]]], [[[-123.52747, 48.13514, -14513.6923828125], [-123.52168, 48.12994, -13687.58203125], [-123.51301, 48.13368, -14528.2607421875], [-123.52747, 48.13514, -14513.6923828125]]], [[[-123.71798, 48.2314, -27421.357421875], [-123.7009, 48.22859, -27627.27734375], [-123.70902, 48.23398, -28275.37890625], [-123.71798, 48.2314, -27421.357421875]]], [[[-123.6957, 48.24519, -30893.193359375], [-123.68173, 48.24621, -31663.291015625], [-123.69323, 48.24904, -31701.087890625], [-123.6957, 48.24519, -30893.193359375]]], [[[-123.71156, 48.10221, -3915.586669921875], [-123.71611, 48.10745, -4756.89453125], [-123.72434, 48.10474, -3919.349609375], [-123.71156, 48.10221, -3915.586669921875]]], [[[-123.71374, 48.24328, -29787.4609375], [-123.70715, 48.24546, -30453.46484375], [-123.71789, 48.24753, -30456.533203125], [-123.71374, 48.24328, -29787.4609375]]], [[[-123.52587, 48.10121, -8064.40771484375], [-123.51961, 48.09639, -7191.4345703125], [-123.50976, 48.09945, -7970.2880859375], [-123.52587, 48.10121, -8064.40771484375]]], [[[-123.70817, 48.22569, -26790.931640625], [-123.7009, 48.22859, -27627.27734375], [-123.71798, 48.2314, -27421.357421875], [-123.70817, 48.22569, -26790.931640625]]], [[[-123.70516, 48.11958, -7371.34375], [-123.71296, 48.11623, -6500.4267578125], [-123.70114, 48.11404, -6497.91357421875], [-123.70516, 48.11958, -7371.34375]]], [[[-123.71899, 48.22687, -26538.90625], [-123.70817, 48.22569, -26790.931640625], [-123.71798, 48.2314, -27421.357421875], [-123.71899, 48.22687, -26538.90625]]], [[[-123.77405, 48.21526, -21992.666015625], [-123.77252, 48.21962, -22857.36328125], [-123.78565, 48.2206, -22355.330078125], [-123.77405, 48.21526, -21992.666015625]]], [[[-123.37716, 48.15943, -23578.015625], [-123.36505, 48.15492, -23154.482421875], [-123.36346, 48.15928, -24029.833984375], [-123.37716, 48.15943, -23578.015625]]], [[[-123.51292, 48.07781, -3777.81005859375], [-123.50782, 48.07262, -2956.0869140625], [-123.49824, 48.07491, -3740.29443359375], [-123.51292, 48.07781, -3777.81005859375]]], [[[-123.58526, 48.12979, -12373.462890625], [-123.59785, 48.13193, -12430.06640625], [-123.59336, 48.12665, -11568.791015625], [-123.58526, 48.12979, -12373.462890625]]], [[[-123.71376, 48.22274, -26008.373046875], [-123.70817, 48.22569, -26790.931640625], [-123.71899, 48.22687, -26538.90625], [-123.71376, 48.22274, -26008.373046875]]], [[[-123.45232, 48.07133, -4451.82470703125], [-123.44812, 48.06619, -3586.19384765625], [-123.44007, 48.06917, -4422.85791015625], [-123.45232, 48.07133, -4451.82470703125]]], [[[-123.75107, 48.23714, -27064.642578125], [-123.7356, 48.23384, -27201.986328125], [-123.74262, 48.2395, -27962.806640625], [-123.75107, 48.23714, -27064.642578125]]], [[[-123.71899, 48.22687, -26538.90625], [-123.72353, 48.22359, -25779.521484375], [-123.71376, 48.22274, -26008.373046875], [-123.71899, 48.22687, -26538.90625]]], [[[-123.54984, 48.1212, -11437.896484375], [-123.54424, 48.11643, -10578.7197265625], [-123.53436, 48.11921, -11304.2021484375], [-123.54984, 48.1212, -11437.896484375]]], [[[-123.75789, 48.24295, -27766.779296875], [-123.74897, 48.24589, -28739.5390625], [-123.76631, 48.24801, -28320.263671875], [-123.75789, 48.24295, -27766.779296875]]], [[[-123.4272, 48.09833, -10370.10546875], [-123.44077, 48.10202, -10619.2041015625], [-123.43976, 48.09691, -9671.3544921875], [-123.4272, 48.09833, -10370.10546875]]], [[[-123.39308, 48.03821, -337.7474670410156], [-123.40483, 48.04049, -280.32427978515625], [-123.4001, 48.03502, 514.4937744140625], [-123.39308, 48.03821, -337.7474670410156]]], [[[-123.41379, 48.18801, -27749.11328125], [-123.4053, 48.19095, -28547.91796875], [-123.41941, 48.19311, -28555.171875], [-123.41379, 48.18801, -27749.11328125]]], [[[-123.73131, 48.25715, -31707.5859375], [-123.73805, 48.26305, -32421.169921875], [-123.74617, 48.26088, -31574.017578125], [-123.73131, 48.25715, -31707.5859375]]], [[[-123.75123, 48.20468, -21256.626953125], [-123.76237, 48.21022, -21608.859375], [-123.76384, 48.20572, -20723.669921875], [-123.75123, 48.20468, -21256.626953125]]], [[[-123.6007, 48.10087, -6508.4267578125], [-123.59262, 48.1044, -7364.48974609375], [-123.60616, 48.10625, -7359.49658203125], [-123.6007, 48.10087, -6508.4267578125]]], [[[-123.70575, 48.25426, -32113.857421875], [-123.71027, 48.25823, -32704.994140625], [-123.7152, 48.25455, -31858.70703125], [-123.70575, 48.25426, -32113.857421875]]], [[[-123.71899, 48.22687, -26538.90625], [-123.72882, 48.22892, -26582.41796875], [-123.72353, 48.22359, -25779.521484375], [-123.71899, 48.22687, -26538.90625]]], [[[-123.58708, 48.09939, -6487.291015625], [-123.5952, 48.09573, -5651.72119140625], [-123.58162, 48.09444, -5613.955078125], [-123.58708, 48.09939, -6487.291015625]]], [[[-123.47757, 48.14193, -16963.21484375], [-123.46601, 48.13757, -16533.26171875], [-123.46443, 48.14195, -17407.658203125], [-123.47757, 48.14193, -16963.21484375]]], [[[-123.75974, 48.23474, -26183.30859375], [-123.77694, 48.23753, -25902.236328125], [-123.76755, 48.23234, -25400.91796875], [-123.75974, 48.23474, -26183.30859375]]], [[[-123.4245, 48.0613, -3552.751953125], [-123.43263, 48.05839, -2732.986572265625], [-123.41983, 48.0561, -2719.58203125], [-123.4245, 48.0613, -3552.751953125]]], [[[-123.71899, 48.22687, -26538.90625], [-123.71798, 48.2314, -27421.357421875], [-123.72882, 48.22892, -26582.41796875], [-123.71899, 48.22687, -26538.90625]]], [[[-123.32256, 48.185, -30343.107421875], [-123.3157, 48.1803, -29773.40625], [-123.30443, 48.18145, -30346.005859375], [-123.32256, 48.185, -30343.107421875]]], [[[-123.6231, 48.22214, -29194.0234375], [-123.61747, 48.21696, -28356.984375], [-123.60903, 48.22059, -29176.501953125], [-123.6231, 48.22214, -29194.0234375]]], [[[-123.72126, 48.12762, -8232.6220703125], [-123.72844, 48.12436, -7316.24072265625], [-123.71722, 48.12184, -7364.68212890625], [-123.72126, 48.12762, -8232.6220703125]]], [[[-123.7356, 48.23384, -27201.986328125], [-123.72882, 48.22892, -26582.41796875], [-123.71798, 48.2314, -27421.357421875], [-123.7356, 48.23384, -27201.986328125]]], [[[-123.78275, 48.22942, -24100.103515625], [-123.79418, 48.23481, -24465.48046875], [-123.79571, 48.23042, -23593.037109375], [-123.78275, 48.22942, -24100.103515625]]], [[[-123.73356, 48.24203, -28796.853515625], [-123.73917, 48.24787, -29647.3671875], [-123.74897, 48.24589, -28739.5390625], [-123.73356, 48.24203, -28796.853515625]]], [[[-123.43702, 48.06372, -3540.35107421875], [-123.44812, 48.06619, -3586.19384765625], [-123.4449, 48.06097, -2698.76806640625], [-123.43702, 48.06372, -3540.35107421875]]], [[[-123.72882, 48.22892, -26582.41796875], [-123.7356, 48.23384, -27201.986328125], [-123.74449, 48.23097, -26335.263671875], [-123.72882, 48.22892, -26582.41796875]]], [[[-123.57056, 48.10683, -8169.88818359375], [-123.57888, 48.1031, -7325.74462890625], [-123.56522, 48.10148, -7301.41943359375], [-123.57056, 48.10683, -8169.88818359375]]], [[[-123.76414, 48.25633, -29935.4140625], [-123.75508, 48.25862, -30755.4375], [-123.76835, 48.26192, -30761.21875], [-123.76414, 48.25633, -29935.4140625]]], [[[-123.70902, 48.23398, -28275.37890625], [-123.69607, 48.23638, -29254.572265625], [-123.7081, 48.23874, -29187.876953125], [-123.70902, 48.23398, -28275.37890625]]], [[[-123.56209, 48.11005, -9010.560546875], [-123.57608, 48.11181, -9049.509765625], [-123.57056, 48.10683, -8169.88818359375], [-123.56209, 48.11005, -9010.560546875]]], [[[-123.72882, 48.22892, -26582.41796875], [-123.74449, 48.23097, -26335.263671875], [-123.73564, 48.22603, -25759.689453125], [-123.72882, 48.22892, -26582.41796875]]], [[[-123.4845, 48.07263, -3695.5791015625], [-123.493, 48.06963, -2908.402587890625], [-123.48013, 48.06773, -2825.6240234375], [-123.4845, 48.07263, -3695.5791015625]]], [[[-123.71798, 48.2314, -27421.357421875], [-123.72685, 48.2363, -28027.787109375], [-123.7356, 48.23384, -27201.986328125], [-123.71798, 48.2314, -27421.357421875]]], [[[-123.50976, 48.09945, -7970.2880859375], [-123.51961, 48.09639, -7191.4345703125], [-123.50436, 48.09419, -7106.47607421875], [-123.50976, 48.09945, -7970.2880859375]]], [[[-123.72353, 48.22359, -25779.521484375], [-123.72882, 48.22892, -26582.41796875], [-123.73564, 48.22603, -25759.689453125], [-123.72353, 48.22359, -25779.521484375]]], [[[-123.3942, 48.07442, -7012.7763671875], [-123.3903, 48.06896, -6180.73193359375], [-123.38151, 48.07128, -6950.294921875], [-123.3942, 48.07442, -7012.7763671875]]], [[[-123.73131, 48.25715, -31707.5859375], [-123.72327, 48.25979, -32507.2265625], [-123.73805, 48.26305, -32421.169921875], [-123.73131, 48.25715, -31707.5859375]]], [[[-123.64315, 48.22939, -30026.326171875], [-123.62852, 48.22736, -30024.0859375], [-123.63421, 48.23236, -30845.123046875], [-123.64315, 48.22939, -30026.326171875]]], [[[-123.50857, 48.08588, -5420.4033203125], [-123.50341, 48.08041, -4567.3955078125], [-123.49451, 48.08305, -5392.59912109375], [-123.50857, 48.08588, -5420.4033203125]]], [[[-123.72353, 48.22359, -25779.521484375], [-123.73564, 48.22603, -25759.689453125], [-123.72851, 48.22076, -25079.19921875], [-123.72353, 48.22359, -25779.521484375]]], [[[-123.43263, 48.05839, -2732.986572265625], [-123.4406, 48.05567, -1897.483642578125], [-123.42785, 48.05318, -1909.6827392578125], [-123.43263, 48.05839, -2732.986572265625]]], [[[-123.29288, 48.18896, -32103.701171875], [-123.30057, 48.18571, -31266.81640625], [-123.28643, 48.18486, -31418.01171875], [-123.29288, 48.18896, -32103.701171875]]], [[[-123.75107, 48.23714, -27064.642578125], [-123.75789, 48.24295, -27766.779296875], [-123.76756, 48.2402, -26839.498046875], [-123.75107, 48.23714, -27064.642578125]]], [[[-123.58162, 48.09444, -5613.955078125], [-123.58978, 48.0908, -4788.22119140625], [-123.57524, 48.08961, -4777.48388671875], [-123.58162, 48.09444, -5613.955078125]]], [[[-123.41754, 48.07861, -7049.79296875], [-123.42482, 48.07521, -6167.1171875], [-123.41418, 48.07327, -6146.1796875], [-123.41754, 48.07861, -7049.79296875]]], [[[-123.72851, 48.22076, -25079.19921875], [-123.73564, 48.22603, -25759.689453125], [-123.74315, 48.22287, -24911.720703125], [-123.72851, 48.22076, -25079.19921875]]], [[[-123.43263, 48.05839, -2732.986572265625], [-123.4245, 48.0613, -3552.751953125], [-123.43702, 48.06372, -3540.35107421875], [-123.43263, 48.05839, -2732.986572265625]]], [[[-123.34023, 48.2014, -32810.94140625], [-123.32706, 48.19915, -32799.49609375], [-123.332, 48.20447, -33663.9140625], [-123.34023, 48.2014, -32810.94140625]]], [[[-123.6823, 48.23376, -29366.505859375], [-123.67246, 48.23533, -30071.84765625], [-123.68763, 48.2395, -30181.5234375], [-123.6823, 48.23376, -29366.505859375]]], [[[-123.46811, 48.06582, -2763.843017578125], [-123.45979, 48.06805, -3595.94677734375], [-123.47182, 48.07117, -3607.105224609375], [-123.46811, 48.06582, -2763.843017578125]]], [[[-123.73412, 48.2179, -24327.263671875], [-123.72851, 48.22076, -25079.19921875], [-123.74315, 48.22287, -24911.720703125], [-123.73412, 48.2179, -24327.263671875]]], [[[-123.51621, 48.12531, -12862.3427734375], [-123.52558, 48.12214, -12106.0859375], [-123.5102, 48.12053, -11999.162109375], [-123.51621, 48.12531, -12862.3427734375]]], [[[-123.67246, 48.23533, -30071.84765625], [-123.6627, 48.23736, -30836.3671875], [-123.67801, 48.241, -30876.953125], [-123.67246, 48.23533, -30071.84765625]]], [[[-123.73412, 48.2179, -24327.263671875], [-123.74315, 48.22287, -24911.720703125], [-123.74647, 48.21804, -23910.58984375], [-123.73412, 48.2179, -24327.263671875]]], [[[-123.40314, 48.19922, -30184.326171875], [-123.39499, 48.2023, -31007.953125], [-123.40851, 48.20436, -31010.55078125], [-123.40314, 48.19922, -30184.326171875]]], [[[-123.43601, 48.07749, -6136.42041015625], [-123.42874, 48.08068, -7033.6259765625], [-123.43982, 48.08298, -7016.68505859375], [-123.43601, 48.07749, -6136.42041015625]]], [[[-123.55664, 48.10472, -8155.8828125], [-123.56522, 48.10148, -7301.41943359375], [-123.55008, 48.09987, -7293.38623046875], [-123.55664, 48.10472, -8155.8828125]]], [[[-123.86126, 48.1577, -7265.60888671875], [-123.87013, 48.16235, -7724.49072265625], [-123.87195, 48.15748, -6753.00439453125], [-123.86126, 48.1577, -7265.60888671875]]], [[[-123.39272, 48.18863, -28562.2265625], [-123.40039, 48.18583, -27719.82421875], [-123.38737, 48.18313, -27773.658203125], [-123.39272, 48.18863, -28562.2265625]]], [[[-123.42921, 48.06657, -4390.0185546875], [-123.43702, 48.06372, -3540.35107421875], [-123.4245, 48.0613, -3552.751953125], [-123.42921, 48.06657, -4390.0185546875]]], [[[-123.7543, 48.19583, -19502.82421875], [-123.75266, 48.20019, -20370.10546875], [-123.76546, 48.20137, -19854.017578125], [-123.7543, 48.19583, -19502.82421875]]], [[[-123.3531, 48.20404, -32756.080078125], [-123.34023, 48.2014, -32810.94140625], [-123.34537, 48.20707, -33640.2421875], [-123.3531, 48.20404, -32756.080078125]]], [[[-123.73412, 48.2179, -24327.263671875], [-123.74647, 48.21804, -23910.58984375], [-123.73411, 48.21346, -23506.35546875], [-123.73412, 48.2179, -24327.263671875]]], [[[-123.41765, 48.04299, -279.5429992675781], [-123.41279, 48.03795, 543.56591796875], [-123.40483, 48.04049, -280.32427978515625], [-123.41765, 48.04299, -279.5429992675781]]], [[[-123.66197, 48.22391, -28407.20703125], [-123.65201, 48.22635, -29202.169921875], [-123.66729, 48.22976, -29236.373046875], [-123.66197, 48.22391, -28407.20703125]]], [[[-123.41247, 48.05948, -3564.907470703125], [-123.41983, 48.0561, -2719.58203125], [-123.40786, 48.0544, -2722.004150390625], [-123.41247, 48.05948, -3564.907470703125]]], [[[-123.79729, 48.22604, -22720.875], [-123.79571, 48.23042, -23593.037109375], [-123.8092, 48.23104, -23108.220703125], [-123.79729, 48.22604, -22720.875]]], [[[-123.74647, 48.21804, -23910.58984375], [-123.74315, 48.22287, -24911.720703125], [-123.75703, 48.22368, -24318.4765625], [-123.74647, 48.21804, -23910.58984375]]], [[[-123.38784, 48.0549, -3653.98779296875], [-123.40071, 48.05745, -3591.896484375], [-123.39559, 48.05197, -2811.703125], [-123.38784, 48.0549, -3653.98779296875]]], [[[-123.77694, 48.23753, -25902.236328125], [-123.78569, 48.24362, -26486.771484375], [-123.79177, 48.23945, -25424.21875], [-123.77694, 48.23753, -25902.236328125]]], [[[-123.51301, 48.13368, -14528.2607421875], [-123.52168, 48.12994, -13687.58203125], [-123.50746, 48.12933, -13743.9873046875], [-123.51301, 48.13368, -14528.2607421875]]], [[[-123.74647, 48.21804, -23910.58984375], [-123.75703, 48.22368, -24318.4765625], [-123.75935, 48.21899, -23345.08203125], [-123.74647, 48.21804, -23910.58984375]]], [[[-123.48013, 48.06773, -2825.6240234375], [-123.47182, 48.07117, -3607.105224609375], [-123.4845, 48.07263, -3695.5791015625], [-123.48013, 48.06773, -2825.6240234375]]], [[[-123.71798, 48.2314, -27421.357421875], [-123.70902, 48.23398, -28275.37890625], [-123.72685, 48.2363, -28027.787109375], [-123.71798, 48.2314, -27421.357421875]]], [[[-123.40071, 48.05745, -3591.896484375], [-123.40786, 48.0544, -2722.004150390625], [-123.39559, 48.05197, -2811.703125], [-123.40071, 48.05745, -3591.896484375]]], [[[-123.55912, 48.18044, -22548.09765625], [-123.54639, 48.17925, -22533.724609375], [-123.55177, 48.18424, -23389.650390625], [-123.55912, 48.18044, -22548.09765625]]], [[[-123.75703, 48.22368, -24318.4765625], [-123.77094, 48.22405, -23737.314453125], [-123.75935, 48.21899, -23345.08203125], [-123.75703, 48.22368, -24318.4765625]]], [[[-123.47596, 48.07601, -4497.64990234375], [-123.47182, 48.07117, -3607.105224609375], [-123.46357, 48.07366, -4433.958984375], [-123.47596, 48.07601, -4497.64990234375]]], [[[-123.84872, 48.2332, -21629.11328125], [-123.86055, 48.23642, -22130.078125], [-123.86216, 48.23206, -21256.841796875], [-123.84872, 48.2332, -21629.11328125]]], [[[-123.71374, 48.24328, -29787.4609375], [-123.70115, 48.24165, -30014.64453125], [-123.70715, 48.24546, -30453.46484375], [-123.71374, 48.24328, -29787.4609375]]], [[[-123.56522, 48.10148, -7301.41943359375], [-123.57888, 48.1031, -7325.74462890625], [-123.57337, 48.09813, -6448.61669921875], [-123.56522, 48.10148, -7301.41943359375]]], [[[-123.75703, 48.22368, -24318.4765625], [-123.76919, 48.22844, -24617.337890625], [-123.77094, 48.22405, -23737.314453125], [-123.75703, 48.22368, -24318.4765625]]], [[[-123.4902, 48.1995, -27596.26171875], [-123.49557, 48.20422, -28434.748046875], [-123.50332, 48.2007, -27605.896484375], [-123.4902, 48.1995, -27596.26171875]]], [[[-123.75703, 48.22368, -24318.4765625], [-123.75349, 48.22841, -25374.32421875], [-123.76919, 48.22844, -24617.337890625], [-123.75703, 48.22368, -24318.4765625]]], [[[-123.37493, 48.05257, -3667.3193359375], [-123.38784, 48.0549, -3653.98779296875], [-123.38307, 48.04961, -2834.067138671875], [-123.37493, 48.05257, -3667.3193359375]]], [[[-123.78275, 48.22942, -24100.103515625], [-123.79571, 48.23042, -23593.037109375], [-123.78408, 48.22498, -23229.990234375], [-123.78275, 48.22942, -24100.103515625]]], [[[-123.74315, 48.22287, -24911.720703125], [-123.75349, 48.22841, -25374.32421875], [-123.75703, 48.22368, -24318.4765625], [-123.74315, 48.22287, -24911.720703125]]], [[[-123.45979, 48.06805, -3595.94677734375], [-123.46811, 48.06582, -2763.843017578125], [-123.45594, 48.0629, -2746.406494140625], [-123.45979, 48.06805, -3595.94677734375]]], [[[-123.44867, 48.11614, -12986.9677734375], [-123.43413, 48.11607, -13479.1279296875], [-123.44608, 48.12041, -13901.1328125], [-123.44867, 48.11614, -12986.9677734375]]], [[[-123.65357, 48.23972, -31673.595703125], [-123.64848, 48.23455, -30848.6640625], [-123.6396, 48.23752, -31661.541015625], [-123.65357, 48.23972, -31673.595703125]]], [[[-123.42921, 48.06657, -4390.0185546875], [-123.4245, 48.0613, -3552.751953125], [-123.41716, 48.06462, -4416.29150390625], [-123.42921, 48.06657, -4390.0185546875]]], [[[-123.74897, 48.24589, -28739.5390625], [-123.74996, 48.2527, -29907.787109375], [-123.75887, 48.25074, -29145.921875], [-123.74897, 48.24589, -28739.5390625]]], [[[-123.74315, 48.22287, -24911.720703125], [-123.73564, 48.22603, -25759.689453125], [-123.75349, 48.22841, -25374.32421875], [-123.74315, 48.22287, -24911.720703125]]], [[[-123.57608, 48.11181, -9049.509765625], [-123.58439, 48.10813, -8214.0751953125], [-123.57056, 48.10683, -8169.88818359375], [-123.57608, 48.11181, -9049.509765625]]], [[[-123.74897, 48.24589, -28739.5390625], [-123.75887, 48.25074, -29145.921875], [-123.76631, 48.24801, -28320.263671875], [-123.74897, 48.24589, -28739.5390625]]], [[[-123.72508, 48.24471, -29652.54296875], [-123.71789, 48.24753, -30456.533203125], [-123.73009, 48.24996, -30406.494140625], [-123.72508, 48.24471, -29652.54296875]]], [[[-123.41716, 48.06462, -4416.29150390625], [-123.41247, 48.05948, -3564.907470703125], [-123.40536, 48.06297, -4424.53076171875], [-123.41716, 48.06462, -4416.29150390625]]], [[[-123.73564, 48.22603, -25759.689453125], [-123.74449, 48.23097, -26335.263671875], [-123.75349, 48.22841, -25374.32421875], [-123.73564, 48.22603, -25759.689453125]]], [[[-123.69323, 48.24904, -31701.087890625], [-123.68601, 48.25187, -32522.001953125], [-123.69759, 48.25261, -32175.1484375], [-123.69323, 48.24904, -31701.087890625]]], [[[-123.75974, 48.23474, -26183.30859375], [-123.75349, 48.22841, -25374.32421875], [-123.74449, 48.23097, -26335.263671875], [-123.75974, 48.23474, -26183.30859375]]], [[[-123.45594, 48.0629, -2746.406494140625], [-123.46408, 48.06026, -1947.95849609375], [-123.45271, 48.05783, -1868.1907958984375], [-123.45594, 48.0629, -2746.406494140625]]], [[[-123.76631, 48.24801, -28320.263671875], [-123.7808, 48.25167, -28204.9921875], [-123.77516, 48.24556, -27435.314453125], [-123.76631, 48.24801, -28320.263671875]]], [[[-123.69607, 48.23638, -29254.572265625], [-123.68763, 48.2395, -30181.5234375], [-123.70115, 48.24165, -30014.64453125], [-123.69607, 48.23638, -29254.572265625]]], [[[-123.41765, 48.04299, -279.5429992675781], [-123.43133, 48.04507, -263.2936096191406], [-123.42587, 48.03998, 517.22607421875], [-123.41765, 48.04299, -279.5429992675781]]], [[[-123.75349, 48.22841, -25374.32421875], [-123.75974, 48.23474, -26183.30859375], [-123.76755, 48.23234, -25400.91796875], [-123.75349, 48.22841, -25374.32421875]]], [[[-123.59241, 48.20558, -26605.6015625], [-123.59797, 48.21082, -27455.7265625], [-123.60622, 48.20714, -26620.6953125], [-123.59241, 48.20558, -26605.6015625]]], [[[-123.74897, 48.24589, -28739.5390625], [-123.73917, 48.24787, -29647.3671875], [-123.74996, 48.2527, -29907.787109375], [-123.74897, 48.24589, -28739.5390625]]], [[[-123.76755, 48.23234, -25400.91796875], [-123.76919, 48.22844, -24617.337890625], [-123.75349, 48.22841, -25374.32421875], [-123.76755, 48.23234, -25400.91796875]]], [[[-123.48938, 48.07772, -4542.18310546875], [-123.4845, 48.07263, -3695.5791015625], [-123.47596, 48.07601, -4497.64990234375], [-123.48938, 48.07772, -4542.18310546875]]], [[[-123.40643, 48.07659, -6991.28466796875], [-123.40214, 48.07147, -6134.306640625], [-123.3942, 48.07442, -7012.7763671875], [-123.40643, 48.07659, -6991.28466796875]]], [[[-123.76919, 48.22844, -24617.337890625], [-123.76755, 48.23234, -25400.91796875], [-123.78126, 48.23377, -24964.748046875], [-123.76919, 48.22844, -24617.337890625]]], [[[-123.6374, 48.22415, -29205.470703125], [-123.62852, 48.22736, -30024.0859375], [-123.64315, 48.22939, -30026.326171875], [-123.6374, 48.22415, -29205.470703125]]], [[[-123.74, 48.25455, -30795.876953125], [-123.73917, 48.24787, -29647.3671875], [-123.73009, 48.24996, -30406.494140625], [-123.74, 48.25455, -30795.876953125]]], [[[-123.76919, 48.22844, -24617.337890625], [-123.78126, 48.23377, -24964.748046875], [-123.78275, 48.22942, -24100.103515625], [-123.76919, 48.22844, -24617.337890625]]], [[[-123.61215, 48.11141, -8220.08984375], [-123.60616, 48.10625, -7359.49658203125], [-123.59813, 48.10966, -8235.9404296875], [-123.61215, 48.11141, -8220.08984375]]], [[[-123.3741, 48.18093, -27758.525390625], [-123.37917, 48.18607, -28587.15625], [-123.38737, 48.18313, -27773.658203125], [-123.3741, 48.18093, -27758.525390625]]], [[[-123.77094, 48.22405, -23737.314453125], [-123.76919, 48.22844, -24617.337890625], [-123.78275, 48.22942, -24100.103515625], [-123.77094, 48.22405, -23737.314453125]]], [[[-123.47907, 48.13751, -16086.9931640625], [-123.46759, 48.13319, -15658.8408203125], [-123.46601, 48.13757, -16533.26171875], [-123.47907, 48.13751, -16086.9931640625]]], [[[-123.64617, 48.22106, -28370.6328125], [-123.63182, 48.21905, -28356.7734375], [-123.6374, 48.22415, -29205.470703125], [-123.64617, 48.22106, -28370.6328125]]], [[[-123.40536, 48.06297, -4424.53076171875], [-123.40071, 48.05745, -3591.896484375], [-123.39318, 48.06031, -4457.07568359375], [-123.40536, 48.06297, -4424.53076171875]]], [[[-123.77094, 48.22405, -23737.314453125], [-123.78275, 48.22942, -24100.103515625], [-123.78408, 48.22498, -23229.990234375], [-123.77094, 48.22405, -23737.314453125]]], [[[-123.39765, 48.06592, -5290.4169921875], [-123.41002, 48.06817, -5287.13525390625], [-123.40536, 48.06297, -4424.53076171875], [-123.39765, 48.06592, -5290.4169921875]]], [[[-123.77252, 48.21962, -22857.36328125], [-123.77094, 48.22405, -23737.314453125], [-123.78408, 48.22498, -23229.990234375], [-123.77252, 48.21962, -22857.36328125]]], [[[-123.39308, 48.03821, -337.7474670410156], [-123.4001, 48.03502, 514.4937744140625], [-123.38707, 48.03301, 420.2486572265625], [-123.39308, 48.03821, -337.7474670410156]]], [[[-123.75935, 48.21899, -23345.08203125], [-123.77094, 48.22405, -23737.314453125], [-123.77252, 48.21962, -22857.36328125], [-123.75935, 48.21899, -23345.08203125]]], [[[-123.67295, 48.08313, -1444.4876708984375], [-123.68053, 48.07961, -641.75830078125], [-123.66694, 48.07805, -669.2479858398438], [-123.67295, 48.08313, -1444.4876708984375]]], [[[-123.47726, 48.1983, -27559.03125], [-123.46989, 48.20167, -28396.96484375], [-123.48234, 48.20309, -28397.419921875], [-123.47726, 48.1983, -27559.03125]]], [[[-123.65737, 48.23167, -30029.625], [-123.64315, 48.22939, -30026.326171875], [-123.64848, 48.23455, -30848.6640625], [-123.65737, 48.23167, -30029.625]]], [[[-123.45594, 48.0629, -2746.406494140625], [-123.44812, 48.06619, -3586.19384765625], [-123.45979, 48.06805, -3595.94677734375], [-123.45594, 48.0629, -2746.406494140625]]], [[[-123.4438, 48.08828, -7917.20068359375], [-123.4519, 48.08499, -7067.60546875], [-123.43982, 48.08298, -7016.68505859375], [-123.4438, 48.08828, -7917.20068359375]]], [[[-123.75935, 48.21899, -23345.08203125], [-123.77252, 48.21962, -22857.36328125], [-123.76079, 48.21453, -22468.44140625], [-123.75935, 48.21899, -23345.08203125]]], [[[-123.38546, 48.06309, -5273.43017578125], [-123.39765, 48.06592, -5290.4169921875], [-123.39318, 48.06031, -4457.07568359375], [-123.38546, 48.06309, -5273.43017578125]]], [[[-123.73556, 48.09395, -1437.3487548828125], [-123.7316, 48.08847, -621.0608520507812], [-123.72377, 48.09115, -1463.8492431640625], [-123.73556, 48.09395, -1437.3487548828125]]], [[[-123.77405, 48.21526, -21992.666015625], [-123.76079, 48.21453, -22468.44140625], [-123.77252, 48.21962, -22857.36328125], [-123.77405, 48.21526, -21992.666015625]]], [[[-123.43702, 48.06372, -3540.35107421875], [-123.4449, 48.06097, -2698.76806640625], [-123.43263, 48.05839, -2732.986572265625], [-123.43702, 48.06372, -3540.35107421875]]], [[[-123.74, 48.25455, -30795.876953125], [-123.74996, 48.2527, -29907.787109375], [-123.73917, 48.24787, -29647.3671875], [-123.74, 48.25455, -30795.876953125]]], [[[-123.63182, 48.21905, -28356.7734375], [-123.6231, 48.22214, -29194.0234375], [-123.6374, 48.22415, -29205.470703125], [-123.63182, 48.21905, -28356.7734375]]], [[[-123.50341, 48.08041, -4567.3955078125], [-123.51814, 48.08294, -4624.8330078125], [-123.51292, 48.07781, -3777.81005859375], [-123.50341, 48.08041, -4567.3955078125]]], [[[-123.76079, 48.21453, -22468.44140625], [-123.77405, 48.21526, -21992.666015625], [-123.76237, 48.21022, -21608.859375], [-123.76079, 48.21453, -22468.44140625]]], [[[-123.55897, 48.11836, -10669.0849609375], [-123.55344, 48.11315, -9830.37890625], [-123.54424, 48.11643, -10578.7197265625], [-123.55897, 48.11836, -10669.0849609375]]], [[[-123.74933, 48.20896, -22117.275390625], [-123.76079, 48.21453, -22468.44140625], [-123.76237, 48.21022, -21608.859375], [-123.74933, 48.20896, -22117.275390625]]], [[[-123.3536, 48.03115, -509.18994140625], [-123.36132, 48.02807, 311.6228942871094], [-123.34824, 48.02604, 290.53094482421875], [-123.3536, 48.03115, -509.18994140625]]], [[[-123.70575, 48.25426, -32113.857421875], [-123.69957, 48.25664, -32830.37890625], [-123.71027, 48.25823, -32704.994140625], [-123.70575, 48.25426, -32113.857421875]]], [[[-123.75123, 48.20468, -21256.626953125], [-123.74933, 48.20896, -22117.275390625], [-123.76237, 48.21022, -21608.859375], [-123.75123, 48.20468, -21256.626953125]]], [[[-123.59262, 48.1044, -7364.48974609375], [-123.6007, 48.10087, -6508.4267578125], [-123.58708, 48.09939, -6487.291015625], [-123.59262, 48.1044, -7364.48974609375]]], [[[-123.37136, 48.06108, -5385.013671875], [-123.35905, 48.05792, -5286.328125], [-123.35841, 48.06245, -6150.47412109375], [-123.37136, 48.06108, -5385.013671875]]], [[[-123.38033, 48.1507, -21827.484375], [-123.36664, 48.15056, -22279.125], [-123.37875, 48.15507, -22702.75], [-123.38033, 48.1507, -21827.484375]]], [[[-123.37799, 48.04437, -2022.803955078125], [-123.37178, 48.03908, -1246.828857421875], [-123.36405, 48.04178, -2089.52099609375], [-123.37799, 48.04437, -2022.803955078125]]], [[[-123.76546, 48.20137, -19854.017578125], [-123.77875, 48.20204, -19367.48046875], [-123.76707, 48.19699, -18981.240234375], [-123.76546, 48.20137, -19854.017578125]]], [[[-123.37716, 48.15943, -23578.015625], [-123.36346, 48.15928, -24029.833984375], [-123.37566, 48.1639, -24471.109375], [-123.37716, 48.15943, -23578.015625]]], [[[-123.73997, 48.20023, -20820.734375], [-123.75123, 48.20468, -21256.626953125], [-123.75266, 48.20019, -20370.10546875], [-123.73997, 48.20023, -20820.734375]]], [[[-123.78408, 48.22498, -23229.990234375], [-123.79729, 48.22604, -22720.875], [-123.78565, 48.2206, -22355.330078125], [-123.78408, 48.22498, -23229.990234375]]], [[[-123.73555, 48.18821, -18753.892578125], [-123.74359, 48.19162, -19080.544921875], [-123.74564, 48.18734, -18205.521484375], [-123.73555, 48.18821, -18753.892578125]]], [[[-123.74564, 48.18734, -18205.521484375], [-123.73757, 48.18341, -17787.908203125], [-123.73616, 48.18563, -18248.775390625], [-123.74564, 48.18734, -18205.521484375]]], [[[-123.64008, 48.128, -10826.3623046875], [-123.65167, 48.12966, -10872.7958984375], [-123.64773, 48.12429, -9985.1640625], [-123.64008, 48.128, -10826.3623046875]]], [[[-123.39128, 48.08087, -8331.0830078125], [-123.38181, 48.07595, -7814.400390625], [-123.37856, 48.08029, -8744.955078125], [-123.39128, 48.08087, -8331.0830078125]]], [[[-123.74994, 48.17409, -15578.4951171875], [-123.74875, 48.17855, -16452.169921875], [-123.76078, 48.17829, -16014.37890625], [-123.74994, 48.17409, -15578.4951171875]]], [[[-123.63491, 48.12317, -9972.568359375], [-123.64773, 48.12429, -9985.1640625], [-123.64269, 48.11943, -9131.68359375], [-123.63491, 48.12317, -9972.568359375]]], [[[-123.75166, 48.16484, -13799.365234375], [-123.75128, 48.1696, -14695.7626953125], [-123.76396, 48.16948, -14262.78515625], [-123.75166, 48.16484, -13799.365234375]]], [[[-123.73775, 48.16103, -13625.0361328125], [-123.75166, 48.16484, -13799.365234375], [-123.74833, 48.15932, -12899.6357421875], [-123.73775, 48.16103, -13625.0361328125]]], [[[-123.71533, 48.16075, -14552.7861328125], [-123.7244, 48.15866, -13803.658203125], [-123.70718, 48.15621, -14089.8466796875], [-123.71533, 48.16075, -14552.7861328125]]], [[[-123.70115, 48.24165, -30014.64453125], [-123.68763, 48.2395, -30181.5234375], [-123.6957, 48.24519, -30893.193359375], [-123.70115, 48.24165, -30014.64453125]]], [[[-123.70715, 48.24546, -30453.46484375], [-123.6957, 48.24519, -30893.193359375], [-123.71062, 48.24924, -31004.0703125], [-123.70715, 48.24546, -30453.46484375]]], [[[-123.68584, 48.15709, -15080.962890625], [-123.68109, 48.15154, -14251.876953125], [-123.67397, 48.15482, -15095.34765625], [-123.68584, 48.15709, -15080.962890625]]], [[[-123.51968, 48.11731, -11266.69921875], [-123.52878, 48.11402, -10479.87109375], [-123.51288, 48.11276, -10454.625], [-123.51968, 48.11731, -11266.69921875]]], [[[-123.64269, 48.11943, -9131.68359375], [-123.65505, 48.12084, -9104.17578125], [-123.64993, 48.11553, -8266.228515625], [-123.64269, 48.11943, -9131.68359375]]], [[[-123.65782, 48.14813, -14237.1123046875], [-123.66957, 48.14976, -14261.8271484375], [-123.66527, 48.14467, -13422.7578125], [-123.65782, 48.14813, -14237.1123046875]]], [[[-123.60333, 48.13678, -13258.1513671875], [-123.61127, 48.13339, -12450.9580078125], [-123.59785, 48.13193, -12430.06640625], [-123.60333, 48.13678, -13258.1513671875]]], [[[-123.60333, 48.13678, -13258.1513671875], [-123.59785, 48.13193, -12430.06640625], [-123.5896, 48.13497, -13241.828125], [-123.60333, 48.13678, -13258.1513671875]]], [[[-123.62046, 48.20846, -26669.57421875], [-123.62612, 48.21374, -27517.44140625], [-123.63471, 48.2106, -26673.5234375], [-123.62046, 48.20846, -26669.57421875]]], [[[-123.56684, 48.13626, -13904.7421875], [-123.57672, 48.13316, -13158.41015625], [-123.56142, 48.13144, -13071.0537109375], [-123.56684, 48.13626, -13904.7421875]]], [[[-123.55156, 48.1338, -13798.0830078125], [-123.56684, 48.13626, -13904.7421875], [-123.56142, 48.13144, -13071.0537109375], [-123.55156, 48.1338, -13798.0830078125]]], [[[-123.50649, 48.13754, -15349.3427734375], [-123.4963, 48.13297, -14673.01953125], [-123.49209, 48.13751, -15640.607421875], [-123.50649, 48.13754, -15349.3427734375]]], [[[-123.4963, 48.13297, -14673.01953125], [-123.48115, 48.13322, -15211.2568359375], [-123.49209, 48.13751, -15640.607421875], [-123.4963, 48.13297, -14673.01953125]]], [[[-123.47291, 48.11984, -12981.478515625], [-123.48142, 48.12492, -13664.3134765625], [-123.48801, 48.12219, -12906.3095703125], [-123.47291, 48.11984, -12981.478515625]]], [[[-123.70954, 48.12499, -8249.3564453125], [-123.70226, 48.1285, -9133.3564453125], [-123.71357, 48.13051, -9111.5810546875], [-123.70954, 48.12499, -8249.3564453125]]], [[[-123.49461, 48.12765, -13705.552734375], [-123.50746, 48.12933, -13743.9873046875], [-123.50295, 48.12422, -12846.009765625], [-123.49461, 48.12765, -13705.552734375]]], [[[-123.51621, 48.12531, -12862.3427734375], [-123.5102, 48.12053, -11999.162109375], [-123.50295, 48.12422, -12846.009765625], [-123.51621, 48.12531, -12862.3427734375]]], [[[-123.54577, 48.12898, -13000.0888671875], [-123.5554, 48.12629, -12269.470703125], [-123.54006, 48.12427, -12148.076171875], [-123.54577, 48.12898, -13000.0888671875]]], [[[-123.60045, 48.20217, -25754.40234375], [-123.58637, 48.20033, -25776.544921875], [-123.59241, 48.20558, -26605.6015625], [-123.60045, 48.20217, -25754.40234375]]], [[[-123.57068, 48.12836, -12322.99609375], [-123.57672, 48.13316, -13158.41015625], [-123.58526, 48.12979, -12373.462890625], [-123.57068, 48.12836, -12322.99609375]]], [[[-123.5554, 48.12629, -12269.470703125], [-123.57068, 48.12836, -12322.99609375], [-123.56459, 48.12358, -11493.658203125], [-123.5554, 48.12629, -12269.470703125]]], [[[-123.54984, 48.1212, -11437.896484375], [-123.53436, 48.11921, -11304.2021484375], [-123.54006, 48.12427, -12148.076171875], [-123.54984, 48.1212, -11437.896484375]]], [[[-123.57946, 48.12499, -11540.1044921875], [-123.58789, 48.12157, -10748.654296875], [-123.57319, 48.12021, -10712.1630859375], [-123.57946, 48.12499, -11540.1044921875]]], [[[-123.7365, 48.12143, -6459.86474609375], [-123.73258, 48.1159, -5592.283203125], [-123.72439, 48.11866, -6454.67333984375], [-123.7365, 48.12143, -6459.86474609375]]], [[[-123.59598, 48.11828, -9919.0263671875], [-123.58789, 48.12157, -10748.654296875], [-123.6015, 48.1235, -10739.7646484375], [-123.59598, 48.11828, -9919.0263671875]]], [[[-123.5817, 48.11675, -9917.560546875], [-123.57319, 48.12021, -10712.1630859375], [-123.58789, 48.12157, -10748.654296875], [-123.5817, 48.11675, -9917.560546875]]], [[[-123.57319, 48.12021, -10712.1630859375], [-123.5817, 48.11675, -9917.560546875], [-123.56754, 48.11534, -9857.9931640625], [-123.57319, 48.12021, -10712.1630859375]]], [[[-123.72844, 48.12436, -7316.24072265625], [-123.73256, 48.1299, -8177.22607421875], [-123.74075, 48.12703, -7320.8251953125], [-123.72844, 48.12436, -7316.24072265625]]], [[[-123.53436, 48.11921, -11304.2021484375], [-123.52558, 48.12214, -12106.0859375], [-123.54006, 48.12427, -12148.076171875], [-123.53436, 48.11921, -11304.2021484375]]], [[[-123.70431, 48.2504, -31484.267578125], [-123.69323, 48.24904, -31701.087890625], [-123.69759, 48.25261, -32175.1484375], [-123.70431, 48.2504, -31484.267578125]]], [[[-123.50295, 48.12422, -12846.009765625], [-123.5102, 48.12053, -11999.162109375], [-123.49604, 48.1193, -12088.2021484375], [-123.50295, 48.12422, -12846.009765625]]], [[[-123.49604, 48.1193, -12088.2021484375], [-123.49027, 48.11399, -11297.58984375], [-123.48103, 48.11674, -12173.681640625], [-123.49604, 48.1193, -12088.2021484375]]], [[[-123.46391, 48.1152, -12301.1162109375], [-123.46224, 48.11017, -11342.2705078125], [-123.45003, 48.11178, -12118.02734375], [-123.46391, 48.1152, -12301.1162109375]]], [[[-123.46391, 48.1152, -12301.1162109375], [-123.45003, 48.11178, -12118.02734375], [-123.44867, 48.11614, -12986.9677734375], [-123.46391, 48.1152, -12301.1162109375]]], [[[-123.45963, 48.12039, -13370.13671875], [-123.44867, 48.11614, -12986.9677734375], [-123.44608, 48.12041, -13901.1328125], [-123.45963, 48.12039, -13370.13671875]]], [[[-123.47022, 48.12445, -13926.6259765625], [-123.45744, 48.12509, -14317.3515625], [-123.46918, 48.12882, -14785.416015625], [-123.47022, 48.12445, -13926.6259765625]]], [[[-123.48287, 48.12919, -14399.6044921875], [-123.47022, 48.12445, -13926.6259765625], [-123.46918, 48.12882, -14785.416015625], [-123.48287, 48.12919, -14399.6044921875]]], [[[-123.71722, 48.12184, -7364.68212890625], [-123.72844, 48.12436, -7316.24072265625], [-123.72439, 48.11866, -6454.67333984375], [-123.71722, 48.12184, -7364.68212890625]]], [[[-123.48115, 48.13322, -15211.2568359375], [-123.48287, 48.12919, -14399.6044921875], [-123.46918, 48.12882, -14785.416015625], [-123.48115, 48.13322, -15211.2568359375]]], [[[-123.75283, 48.14392, -9864.4599609375], [-123.76125, 48.14112, -9021.9384765625], [-123.74907, 48.13867, -9018.0478515625], [-123.75283, 48.14392, -9864.4599609375]]], [[[-123.48115, 48.13322, -15211.2568359375], [-123.46918, 48.12882, -14785.416015625], [-123.46759, 48.13319, -15658.8408203125], [-123.48115, 48.13322, -15211.2568359375]]], [[[-123.7879, 48.15253, -9891.6640625], [-123.78376, 48.14663, -9050.53125], [-123.7758, 48.14886, -9943.1455078125], [-123.7879, 48.15253, -9891.6640625]]], [[[-123.47907, 48.13751, -16086.9931640625], [-123.48115, 48.13322, -15211.2568359375], [-123.46759, 48.13319, -15658.8408203125], [-123.47907, 48.13751, -16086.9931640625]]], [[[-123.78376, 48.14663, -9050.53125], [-123.79219, 48.1442, -8181.93212890625], [-123.78049, 48.14068, -8205.146484375], [-123.78376, 48.14663, -9050.53125]]], [[[-123.49209, 48.13751, -15640.607421875], [-123.48115, 48.13322, -15211.2568359375], [-123.47907, 48.13751, -16086.9931640625], [-123.49209, 48.13751, -15640.607421875]]], [[[-123.47757, 48.14193, -16963.21484375], [-123.49049, 48.14188, -16511.72265625], [-123.47907, 48.13751, -16086.9931640625], [-123.47757, 48.14193, -16963.21484375]]], [[[-123.75259, 48.11598, -4720.26025390625], [-123.74486, 48.11866, -5604.26416015625], [-123.75675, 48.12158, -5561.79541015625], [-123.75259, 48.11598, -4720.26025390625]]], [[[-123.49049, 48.14188, -16511.72265625], [-123.47757, 48.14193, -16963.21484375], [-123.48963, 48.1466, -17428.443359375], [-123.49049, 48.14188, -16511.72265625]]], [[[-123.50235, 48.14578, -17003.984375], [-123.49049, 48.14188, -16511.72265625], [-123.48963, 48.1466, -17428.443359375], [-123.50235, 48.14578, -17003.984375]]], [[[-123.50235, 48.14578, -17003.984375], [-123.48963, 48.1466, -17428.443359375], [-123.50105, 48.15198, -18222.7265625], [-123.50235, 48.14578, -17003.984375]]], [[[-123.62612, 48.21374, -27517.44140625], [-123.6119, 48.21208, -27489.833984375], [-123.61747, 48.21696, -28356.984375], [-123.62612, 48.21374, -27517.44140625]]], [[[-123.48963, 48.1466, -17428.443359375], [-123.48739, 48.15064, -18255.376953125], [-123.50105, 48.15198, -18222.7265625], [-123.48963, 48.1466, -17428.443359375]]], [[[-123.76539, 48.13263, -7281.216796875], [-123.77378, 48.12946, -6435.79296875], [-123.76085, 48.12709, -6428.85302734375], [-123.76539, 48.13263, -7281.216796875]]], [[[-123.48963, 48.1466, -17428.443359375], [-123.4759, 48.14628, -17835.21484375], [-123.48739, 48.15064, -18255.376953125], [-123.48963, 48.1466, -17428.443359375]]], [[[-123.48963, 48.1466, -17428.443359375], [-123.47757, 48.14193, -16963.21484375], [-123.4759, 48.14628, -17835.21484375], [-123.48963, 48.1466, -17428.443359375]]], [[[-123.74486, 48.11866, -5604.26416015625], [-123.75259, 48.11598, -4720.26025390625], [-123.74091, 48.11308, -4746.3095703125], [-123.74486, 48.11866, -5604.26416015625]]], [[[-123.78049, 48.14068, -8205.146484375], [-123.77778, 48.13478, -7317.96826171875], [-123.76946, 48.138, -8164.69091796875], [-123.78049, 48.14068, -8205.146484375]]], [[[-123.4759, 48.14628, -17835.21484375], [-123.46443, 48.14195, -17407.658203125], [-123.46285, 48.14633, -18282.03515625], [-123.4759, 48.14628, -17835.21484375]]], [[[-123.74858, 48.11024, -3891.73486328125], [-123.75656, 48.10782, -3041.5048828125], [-123.74429, 48.10473, -3071.571044921875], [-123.74858, 48.11024, -3891.73486328125]]], [[[-123.47434, 48.15065, -18706.9375], [-123.4759, 48.14628, -17835.21484375], [-123.46285, 48.14633, -18282.03515625], [-123.47434, 48.15065, -18706.9375]]], [[[-123.47434, 48.15065, -18706.9375], [-123.48739, 48.15064, -18255.376953125], [-123.4759, 48.14628, -17835.21484375], [-123.47434, 48.15065, -18706.9375]]], [[[-123.75259, 48.11598, -4720.26025390625], [-123.76066, 48.11329, -3871.232177734375], [-123.74858, 48.11024, -3891.73486328125], [-123.75259, 48.11598, -4720.26025390625]]], [[[-123.48739, 48.15064, -18255.376953125], [-123.47434, 48.15065, -18706.9375], [-123.48642, 48.15498, -19104.115234375], [-123.48739, 48.15064, -18255.376953125]]], [[[-123.78049, 48.14068, -8205.146484375], [-123.78853, 48.13843, -7306.001953125], [-123.77778, 48.13478, -7317.96826171875], [-123.78049, 48.14068, -8205.146484375]]], [[[-123.48642, 48.15498, -19104.115234375], [-123.50105, 48.15198, -18222.7265625], [-123.48739, 48.15064, -18255.376953125], [-123.48642, 48.15498, -19104.115234375]]], [[[-123.76066, 48.11329, -3871.232177734375], [-123.76925, 48.11069, -3058.587646484375], [-123.75656, 48.10782, -3041.5048828125], [-123.76066, 48.11329, -3871.232177734375]]], [[[-123.47276, 48.15477, -19533.072265625], [-123.48642, 48.15498, -19104.115234375], [-123.47434, 48.15065, -18706.9375], [-123.47276, 48.15477, -19533.072265625]]], [[[-123.75291, 48.13016, -7298.61328125], [-123.76085, 48.12709, -6428.85302734375], [-123.74893, 48.12446, -6442.5390625], [-123.75291, 48.13016, -7298.61328125]]], [[[-123.47943, 48.15924, -20110.14453125], [-123.48642, 48.15498, -19104.115234375], [-123.47276, 48.15477, -19533.072265625], [-123.47943, 48.15924, -20110.14453125]]], [[[-123.76946, 48.138, -8164.69091796875], [-123.76125, 48.14112, -9021.9384765625], [-123.7723, 48.14326, -9083.529296875], [-123.76946, 48.138, -8164.69091796875]]], [[[-123.47943, 48.15924, -20110.14453125], [-123.49179, 48.1608, -20073.619140625], [-123.48642, 48.15498, -19104.115234375], [-123.47943, 48.15924, -20110.14453125]]], [[[-123.7365, 48.12143, -6459.86474609375], [-123.74486, 48.11866, -5604.26416015625], [-123.73258, 48.1159, -5592.283203125], [-123.7365, 48.12143, -6459.86474609375]]], [[[-123.49179, 48.1608, -20073.619140625], [-123.48484, 48.16449, -20946.5078125], [-123.49746, 48.16564, -20920.931640625], [-123.49179, 48.1608, -20073.619140625]]], [[[-123.50444, 48.16159, -20057.501953125], [-123.49179, 48.1608, -20073.619140625], [-123.49746, 48.16564, -20920.931640625], [-123.50444, 48.16159, -20057.501953125]]], [[[-123.76125, 48.14112, -9021.9384765625], [-123.76946, 48.138, -8164.69091796875], [-123.75746, 48.13573, -8164.7705078125], [-123.76125, 48.14112, -9021.9384765625]]], [[[-123.50444, 48.16159, -20057.501953125], [-123.49746, 48.16564, -20920.931640625], [-123.50977, 48.16646, -20924.951171875], [-123.50444, 48.16159, -20057.501953125]]], [[[-123.67205, 48.22242, -27677.875], [-123.6562, 48.21832, -27568.76953125], [-123.66197, 48.22391, -28407.20703125], [-123.67205, 48.22242, -27677.875]]], [[[-123.5168, 48.16272, -20035.822265625], [-123.50444, 48.16159, -20057.501953125], [-123.50977, 48.16646, -20924.951171875], [-123.5168, 48.16272, -20035.822265625]]], [[[-123.76085, 48.12709, -6428.85302734375], [-123.75675, 48.12158, -5561.79541015625], [-123.74893, 48.12446, -6442.5390625], [-123.76085, 48.12709, -6428.85302734375]]], [[[-123.5168, 48.16272, -20035.822265625], [-123.50977, 48.16646, -20924.951171875], [-123.52271, 48.16792, -20859.798828125], [-123.5168, 48.16272, -20035.822265625]]], [[[-123.78569, 48.24362, -26486.771484375], [-123.8018, 48.24855, -26638.935546875], [-123.80285, 48.24427, -25806.59765625], [-123.78569, 48.24362, -26486.771484375]]], [[[-123.5168, 48.16272, -20035.822265625], [-123.52271, 48.16792, -20859.798828125], [-123.52982, 48.16401, -19989.66015625], [-123.5168, 48.16272, -20035.822265625]]], [[[-123.79219, 48.1442, -8181.93212890625], [-123.79651, 48.15001, -9064.75390625], [-123.80474, 48.14732, -8176.1123046875], [-123.79219, 48.1442, -8181.93212890625]]], [[[-123.53523, 48.16889, -20861.798828125], [-123.52982, 48.16401, -19989.66015625], [-123.52271, 48.16792, -20859.798828125], [-123.53523, 48.16889, -20861.798828125]]], [[[-123.62612, 48.21374, -27517.44140625], [-123.61747, 48.21696, -28356.984375], [-123.63182, 48.21905, -28356.7734375], [-123.62612, 48.21374, -27517.44140625]]], [[[-123.53523, 48.16889, -20861.798828125], [-123.52271, 48.16792, -20859.798828125], [-123.52811, 48.1728, -21717.931640625], [-123.53523, 48.16889, -20861.798828125]]], [[[-123.78853, 48.13843, -7306.001953125], [-123.79691, 48.13577, -6434.55029296875], [-123.78582, 48.13251, -6430.55419921875], [-123.78853, 48.13843, -7306.001953125]]], [[[-123.53523, 48.16889, -20861.798828125], [-123.52811, 48.1728, -21717.931640625], [-123.54067, 48.17399, -21707.09375], [-123.53523, 48.16889, -20861.798828125]]], [[[-123.78171, 48.11287, -3088.17578125], [-123.77348, 48.11598, -3895.180419921875], [-123.78599, 48.11833, -3918.445556640625], [-123.78171, 48.11287, -3088.17578125]]], [[[-123.53523, 48.16889, -20861.798828125], [-123.54067, 48.17399, -21707.09375], [-123.5479, 48.17046, -20830.068359375], [-123.53523, 48.16889, -20861.798828125]]], [[[-123.74486, 48.11866, -5604.26416015625], [-123.74893, 48.12446, -6442.5390625], [-123.75675, 48.12158, -5561.79541015625], [-123.74486, 48.11866, -5604.26416015625]]], [[[-123.55361, 48.1755, -21675.9921875], [-123.5479, 48.17046, -20830.068359375], [-123.54067, 48.17399, -21707.09375], [-123.55361, 48.1755, -21675.9921875]]], [[[-123.76407, 48.14658, -9931.28515625], [-123.76125, 48.14112, -9021.9384765625], [-123.75283, 48.14392, -9864.4599609375], [-123.76407, 48.14658, -9931.28515625]]], [[[-123.55361, 48.1755, -21675.9921875], [-123.56105, 48.17166, -20824.931640625], [-123.5479, 48.17046, -20830.068359375], [-123.55361, 48.1755, -21675.9921875]]], [[[-123.75291, 48.13016, -7298.61328125], [-123.76539, 48.13263, -7281.216796875], [-123.76085, 48.12709, -6428.85302734375], [-123.75291, 48.13016, -7298.61328125]]], [[[-123.56105, 48.17166, -20824.931640625], [-123.55361, 48.1755, -21675.9921875], [-123.56685, 48.17664, -21695.662109375], [-123.56105, 48.17166, -20824.931640625]]], [[[-123.57476, 48.17318, -20852.138671875], [-123.56105, 48.17166, -20824.931640625], [-123.56685, 48.17664, -21695.662109375], [-123.57476, 48.17318, -20852.138671875]]], [[[-123.7758, 48.14886, -9943.1455078125], [-123.7723, 48.14326, -9083.529296875], [-123.76407, 48.14658, -9931.28515625], [-123.7758, 48.14886, -9943.1455078125]]], [[[-123.5693, 48.16798, -19986.62890625], [-123.56105, 48.17166, -20824.931640625], [-123.57476, 48.17318, -20852.138671875], [-123.5693, 48.16798, -19986.62890625]]], [[[-123.7723, 48.14326, -9083.529296875], [-123.78049, 48.14068, -8205.146484375], [-123.76946, 48.138, -8164.69091796875], [-123.7723, 48.14326, -9083.529296875]]], [[[-123.55536, 48.16675, -19960.505859375], [-123.56105, 48.17166, -20824.931640625], [-123.5693, 48.16798, -19986.62890625], [-123.55536, 48.16675, -19960.505859375]]], [[[-123.74091, 48.11308, -4746.3095703125], [-123.73258, 48.1159, -5592.283203125], [-123.74486, 48.11866, -5604.26416015625], [-123.74091, 48.11308, -4746.3095703125]]], [[[-123.55536, 48.16675, -19960.505859375], [-123.5479, 48.17046, -20830.068359375], [-123.56105, 48.17166, -20824.931640625], [-123.55536, 48.16675, -19960.505859375]]], [[[-123.74091, 48.11308, -4746.3095703125], [-123.74858, 48.11024, -3891.73486328125], [-123.73658, 48.10766, -3915.028076171875], [-123.74091, 48.11308, -4746.3095703125]]], [[[-123.5693, 48.16798, -19986.62890625], [-123.57476, 48.17318, -20852.138671875], [-123.58417, 48.17016, -20017.6484375], [-123.5693, 48.16798, -19986.62890625]]], [[[-123.76489, 48.11869, -4714.27001953125], [-123.77348, 48.11598, -3895.180419921875], [-123.76066, 48.11329, -3871.232177734375], [-123.76489, 48.11869, -4714.27001953125]]], [[[-123.58417, 48.17016, -20017.6484375], [-123.57476, 48.17318, -20852.138671875], [-123.59045, 48.17515, -20868.880859375], [-123.58417, 48.17016, -20017.6484375]]], [[[-123.76756, 48.2402, -26839.498046875], [-123.75789, 48.24295, -27766.779296875], [-123.77516, 48.24556, -27435.314453125], [-123.76756, 48.2402, -26839.498046875]]], [[[-123.58417, 48.17016, -20017.6484375], [-123.59045, 48.17515, -20868.880859375], [-123.60012, 48.17219, -20092.30078125], [-123.58417, 48.17016, -20017.6484375]]], [[[-123.25701, 48.16438, -27283.0703125], [-123.24375, 48.16607, -27625.099609375], [-123.2554, 48.16876, -28157.650390625], [-123.25701, 48.16438, -27283.0703125]]], [[[-123.60012, 48.17219, -20092.30078125], [-123.59045, 48.17515, -20868.880859375], [-123.60669, 48.1774, -20900.802734375], [-123.60012, 48.17219, -20092.30078125]]], [[[-123.33961, 48.15021, -23189.083984375], [-123.32811, 48.1454, -22789.703125], [-123.32651, 48.14976, -23665.00390625], [-123.33961, 48.15021, -23189.083984375]]], [[[-123.60669, 48.1774, -20900.802734375], [-123.59045, 48.17515, -20868.880859375], [-123.59724, 48.18019, -21683.626953125], [-123.60669, 48.1774, -20900.802734375]]], [[[-123.60669, 48.1774, -20900.802734375], [-123.59724, 48.18019, -21683.626953125], [-123.61346, 48.18227, -21708.431640625], [-123.60669, 48.1774, -20900.802734375]]], [[[-123.59724, 48.18019, -21683.626953125], [-123.60429, 48.18539, -22476.015625], [-123.61346, 48.18227, -21708.431640625], [-123.59724, 48.18019, -21683.626953125]]], [[[-123.60238, 48.19369, -24097.083984375], [-123.59427, 48.19696, -24927.044921875], [-123.6088, 48.19862, -24936.46875], [-123.60238, 48.19369, -24097.083984375]]], [[[-123.60429, 48.18539, -22476.015625], [-123.59724, 48.18019, -21683.626953125], [-123.58858, 48.18338, -22485.009765625], [-123.60429, 48.18539, -22476.015625]]], [[[-123.74429, 48.10473, -3071.571044921875], [-123.75229, 48.10214, -2237.66357421875], [-123.7403, 48.09937, -2240.026123046875], [-123.74429, 48.10473, -3071.571044921875]]], [[[-123.60429, 48.18539, -22476.015625], [-123.58858, 48.18338, -22485.009765625], [-123.5959, 48.18848, -23282.38671875], [-123.60429, 48.18539, -22476.015625]]], [[[-123.73258, 48.1159, -5592.283203125], [-123.74091, 48.11308, -4746.3095703125], [-123.72831, 48.1103, -4751.34375], [-123.73258, 48.1159, -5592.283203125]]], [[[-123.60429, 48.18539, -22476.015625], [-123.5959, 48.18848, -23282.38671875], [-123.61076, 48.19031, -23301.828125], [-123.60429, 48.18539, -22476.015625]]], [[[-123.73658, 48.10766, -3915.028076171875], [-123.74429, 48.10473, -3071.571044921875], [-123.73249, 48.10219, -3080.797607421875], [-123.73658, 48.10766, -3915.028076171875]]], [[[-123.65357, 48.23972, -31673.595703125], [-123.64473, 48.24269, -32488.86328125], [-123.65844, 48.24526, -32478.029296875], [-123.65357, 48.23972, -31673.595703125]]], [[[-123.62009, 48.18708, -22537.544921875], [-123.60429, 48.18539, -22476.015625], [-123.61076, 48.19031, -23301.828125], [-123.62009, 48.18708, -22537.544921875]]], [[[-123.74907, 48.13867, -9018.0478515625], [-123.76125, 48.14112, -9021.9384765625], [-123.75746, 48.13573, -8164.7705078125], [-123.74907, 48.13867, -9018.0478515625]]], [[[-123.61346, 48.18227, -21708.431640625], [-123.60429, 48.18539, -22476.015625], [-123.62009, 48.18708, -22537.544921875], [-123.61346, 48.18227, -21708.431640625]]], [[[-123.79219, 48.1442, -8181.93212890625], [-123.78853, 48.13843, -7306.001953125], [-123.78049, 48.14068, -8205.146484375], [-123.79219, 48.1442, -8181.93212890625]]], [[[-123.62009, 48.18708, -22537.544921875], [-123.61076, 48.19031, -23301.828125], [-123.62662, 48.19183, -23365.837890625], [-123.62009, 48.18708, -22537.544921875]]], [[[-123.74907, 48.13867, -9018.0478515625], [-123.75746, 48.13573, -8164.7705078125], [-123.74466, 48.13287, -8181.9775390625], [-123.74907, 48.13867, -9018.0478515625]]], [[[-123.61076, 48.19031, -23301.828125], [-123.61728, 48.19513, -24133.271484375], [-123.62662, 48.19183, -23365.837890625], [-123.61076, 48.19031, -23301.828125]]], [[[-123.75107, 48.23714, -27064.642578125], [-123.74449, 48.23097, -26335.263671875], [-123.7356, 48.23384, -27201.986328125], [-123.75107, 48.23714, -27064.642578125]]], [[[-123.61076, 48.19031, -23301.828125], [-123.60238, 48.19369, -24097.083984375], [-123.61728, 48.19513, -24133.271484375], [-123.61076, 48.19031, -23301.828125]]], [[[-123.72831, 48.1103, -4751.34375], [-123.72434, 48.10474, -3919.349609375], [-123.71611, 48.10745, -4756.89453125], [-123.72831, 48.1103, -4751.34375]]], [[[-123.5959, 48.18848, -23282.38671875], [-123.60238, 48.19369, -24097.083984375], [-123.61076, 48.19031, -23301.828125], [-123.5959, 48.18848, -23282.38671875]]], [[[-123.75974, 48.23474, -26183.30859375], [-123.75107, 48.23714, -27064.642578125], [-123.76756, 48.2402, -26839.498046875], [-123.75974, 48.23474, -26183.30859375]]], [[[-123.5959, 48.18848, -23282.38671875], [-123.58794, 48.19175, -24102.4765625], [-123.60238, 48.19369, -24097.083984375], [-123.5959, 48.18848, -23282.38671875]]], [[[-123.79219, 48.1442, -8181.93212890625], [-123.80474, 48.14732, -8176.1123046875], [-123.80054, 48.14135, -7304.91015625], [-123.79219, 48.1442, -8181.93212890625]]], [[[-123.58046, 48.18691, -23289.412109375], [-123.58794, 48.19175, -24102.4765625], [-123.5959, 48.18848, -23282.38671875], [-123.58046, 48.18691, -23289.412109375]]], [[[-123.74091, 48.11308, -4746.3095703125], [-123.73658, 48.10766, -3915.028076171875], [-123.72831, 48.1103, -4751.34375], [-123.74091, 48.11308, -4746.3095703125]]], [[[-123.58046, 48.18691, -23289.412109375], [-123.57311, 48.19032, -24129.357421875], [-123.58794, 48.19175, -24102.4765625], [-123.58046, 48.18691, -23289.412109375]]], [[[-123.75656, 48.10782, -3041.5048828125], [-123.76508, 48.10535, -2225.142822265625], [-123.75229, 48.10214, -2237.66357421875], [-123.75656, 48.10782, -3041.5048828125]]], [[[-123.56558, 48.18518, -23362.021484375], [-123.57311, 48.19032, -24129.357421875], [-123.58046, 48.18691, -23289.412109375], [-123.56558, 48.18518, -23362.021484375]]], [[[-123.56558, 48.18518, -23362.021484375], [-123.55828, 48.18891, -24195.404296875], [-123.57311, 48.19032, -24129.357421875], [-123.56558, 48.18518, -23362.021484375]]], [[[-123.55177, 48.18424, -23389.650390625], [-123.55828, 48.18891, -24195.404296875], [-123.56558, 48.18518, -23362.021484375], [-123.55177, 48.18424, -23389.650390625]]], [[[-123.80112, 48.27965, -32382.7734375], [-123.7923, 48.282, -33190.01171875], [-123.80544, 48.28522, -33189.60546875], [-123.80112, 48.27965, -32382.7734375]]], [[[-123.55177, 48.18424, -23389.650390625], [-123.54474, 48.18797, -24229.162109375], [-123.55828, 48.18891, -24195.404296875], [-123.55177, 48.18424, -23389.650390625]]], [[[-123.79315, 48.2688, -30724.595703125], [-123.7804, 48.26555, -30723.1640625], [-123.78444, 48.27109, -31542.212890625], [-123.79315, 48.2688, -30724.595703125]]], [[[-123.53935, 48.18273, -23395.458984375], [-123.54474, 48.18797, -24229.162109375], [-123.55177, 48.18424, -23389.650390625], [-123.53935, 48.18273, -23395.458984375]]], [[[-123.53935, 48.18273, -23395.458984375], [-123.53257, 48.18626, -24255.45703125], [-123.54474, 48.18797, -24229.162109375], [-123.53935, 48.18273, -23395.458984375]]], [[[-123.53935, 48.18273, -23395.458984375], [-123.52666, 48.18149, -23422.224609375], [-123.53257, 48.18626, -24255.45703125], [-123.53935, 48.18273, -23395.458984375]]], [[[-123.53356, 48.17764, -22575.982421875], [-123.52666, 48.18149, -23422.224609375], [-123.53935, 48.18273, -23395.458984375], [-123.53356, 48.17764, -22575.982421875]]], [[[-123.79032, 48.12433, -4704.78173828125], [-123.78599, 48.11833, -3918.445556640625], [-123.77766, 48.12112, -4754.6552734375], [-123.79032, 48.12433, -4704.78173828125]]], [[[-123.52119, 48.17673, -22572.140625], [-123.52666, 48.18149, -23422.224609375], [-123.53356, 48.17764, -22575.982421875], [-123.52119, 48.17673, -22572.140625]]], [[[-123.75077, 48.26652, -32393.134765625], [-123.73805, 48.26305, -32421.169921875], [-123.74227, 48.26891, -33219.6328125], [-123.75077, 48.26652, -32393.134765625]]], [[[-123.52119, 48.17673, -22572.140625], [-123.51437, 48.18029, -23432.822265625], [-123.52666, 48.18149, -23422.224609375], [-123.52119, 48.17673, -22572.140625]]], [[[-123.77985, 48.27898, -33194.81640625], [-123.78395, 48.28446, -34007.984375], [-123.7923, 48.282, -33190.01171875], [-123.77985, 48.27898, -33194.81640625]]], [[[-123.65357, 48.23972, -31673.595703125], [-123.6627, 48.23736, -30836.3671875], [-123.64848, 48.23455, -30848.6640625], [-123.65357, 48.23972, -31673.595703125]]], [[[-123.52119, 48.17673, -22572.140625], [-123.50893, 48.17514, -22608.583984375], [-123.51437, 48.18029, -23432.822265625], [-123.52119, 48.17673, -22572.140625]]], [[[-123.5158, 48.17156, -21737.720703125], [-123.50893, 48.17514, -22608.583984375], [-123.52119, 48.17673, -22572.140625], [-123.5158, 48.17156, -21737.720703125]]], [[[-123.75746, 48.13573, -8164.7705078125], [-123.76539, 48.13263, -7281.216796875], [-123.75291, 48.13016, -7298.61328125], [-123.75746, 48.13573, -8164.7705078125]]], [[[-123.50282, 48.17038, -21785.951171875], [-123.50893, 48.17514, -22608.583984375], [-123.5158, 48.17156, -21737.720703125], [-123.50282, 48.17038, -21785.951171875]]], [[[-123.50282, 48.17038, -21785.951171875], [-123.49574, 48.17427, -22621.716796875], [-123.50893, 48.17514, -22608.583984375], [-123.50282, 48.17038, -21785.951171875]]], [[[-123.75961, 48.26422, -31580.5859375], [-123.75077, 48.26652, -32393.134765625], [-123.7635, 48.26972, -32406.50390625], [-123.75961, 48.26422, -31580.5859375]]], [[[-123.65357, 48.23972, -31673.595703125], [-123.65844, 48.24526, -32478.029296875], [-123.6671, 48.24274, -31640.4375], [-123.65357, 48.23972, -31673.595703125]]], [[[-123.50282, 48.17038, -21785.951171875], [-123.4904, 48.16951, -21775.3671875], [-123.49574, 48.17427, -22621.716796875], [-123.50282, 48.17038, -21785.951171875]]], [[[-123.49746, 48.16564, -20920.931640625], [-123.4904, 48.16951, -21775.3671875], [-123.50282, 48.17038, -21785.951171875], [-123.49746, 48.16564, -20920.931640625]]], [[[-123.74227, 48.26891, -33219.6328125], [-123.74622, 48.27439, -34037.7578125], [-123.75465, 48.27198, -33221.5859375], [-123.74227, 48.26891, -33219.6328125]]], [[[-123.48484, 48.16449, -20946.5078125], [-123.4904, 48.16951, -21775.3671875], [-123.49746, 48.16564, -20920.931640625], [-123.48484, 48.16449, -20946.5078125]]], [[[-123.72327, 48.25979, -32507.2265625], [-123.71027, 48.25823, -32704.994140625], [-123.71635, 48.26283, -33361.64453125], [-123.72327, 48.25979, -32507.2265625]]], [[[-123.48484, 48.16449, -20946.5078125], [-123.47785, 48.16797, -21805.26171875], [-123.4904, 48.16951, -21775.3671875], [-123.48484, 48.16449, -20946.5078125]]], [[[-123.77985, 48.27898, -33194.81640625], [-123.78824, 48.27656, -32368.845703125], [-123.77608, 48.2734, -32375.173828125], [-123.77985, 48.27898, -33194.81640625]]], [[[-123.47141, 48.16209, -20939.572265625], [-123.47785, 48.16797, -21805.26171875], [-123.48484, 48.16449, -20946.5078125], [-123.47141, 48.16209, -20939.572265625]]], [[[-123.77608, 48.2734, -32375.173828125], [-123.76758, 48.27543, -33211.24609375], [-123.77985, 48.27898, -33194.81640625], [-123.77608, 48.2734, -32375.173828125]]], [[[-123.47141, 48.16209, -20939.572265625], [-123.46525, 48.16575, -21875.787109375], [-123.47785, 48.16797, -21805.26171875], [-123.47141, 48.16209, -20939.572265625]]], [[[-123.47141, 48.16209, -20939.572265625], [-123.45878, 48.1601, -21007.0859375], [-123.46525, 48.16575, -21875.787109375], [-123.47141, 48.16209, -20939.572265625]]], [[[-123.81755, 48.28886, -33165.2890625], [-123.80922, 48.29097, -33987.8515625], [-123.82181, 48.29428, -33978.73828125], [-123.81755, 48.28886, -33165.2890625]]], [[[-123.47141, 48.16209, -20939.572265625], [-123.46177, 48.15574, -20099.9453125], [-123.45878, 48.1601, -21007.0859375], [-123.47141, 48.16209, -20939.572265625]]], [[[-123.70381, 48.26139, -33501.95703125], [-123.71022, 48.26547, -34066.703125], [-123.71635, 48.26283, -33361.64453125], [-123.70381, 48.26139, -33501.95703125]]], [[[-123.6671, 48.24274, -31640.4375], [-123.6718, 48.24821, -32460.484375], [-123.68173, 48.24621, -31663.291015625], [-123.6671, 48.24274, -31640.4375]]], [[[-123.46177, 48.15574, -20099.9453125], [-123.47141, 48.16209, -20939.572265625], [-123.47943, 48.15924, -20110.14453125], [-123.46177, 48.15574, -20099.9453125]]], [[[-123.82498, 48.28595, -32315.66015625], [-123.81355, 48.28324, -32354.787109375], [-123.81755, 48.28886, -33165.2890625], [-123.82498, 48.28595, -32315.66015625]]], [[[-123.47943, 48.15924, -20110.14453125], [-123.47276, 48.15477, -19533.072265625], [-123.46177, 48.15574, -20099.9453125], [-123.47943, 48.15924, -20110.14453125]]], [[[-123.47276, 48.15477, -19533.072265625], [-123.46129, 48.15071, -19155.150390625], [-123.46177, 48.15574, -20099.9453125], [-123.47276, 48.15477, -19533.072265625]]], [[[-123.71635, 48.26283, -33361.64453125], [-123.71022, 48.26547, -34066.703125], [-123.72131, 48.26775, -34057.42578125], [-123.71635, 48.26283, -33361.64453125]]], [[[-123.47434, 48.15065, -18706.9375], [-123.46129, 48.15071, -19155.150390625], [-123.47276, 48.15477, -19533.072265625], [-123.47434, 48.15065, -18706.9375]]], [[[-123.6671, 48.24274, -31640.4375], [-123.65844, 48.24526, -32478.029296875], [-123.6718, 48.24821, -32460.484375], [-123.6671, 48.24274, -31640.4375]]], [[[-123.47434, 48.15065, -18706.9375], [-123.46285, 48.14633, -18282.03515625], [-123.46129, 48.15071, -19155.150390625], [-123.47434, 48.15065, -18706.9375]]], [[[-123.73658, 48.10766, -3915.028076171875], [-123.74858, 48.11024, -3891.73486328125], [-123.74429, 48.10473, -3071.571044921875], [-123.73658, 48.10766, -3915.028076171875]]], [[[-123.46285, 48.14633, -18282.03515625], [-123.44953, 48.14697, -18689.96484375], [-123.46129, 48.15071, -19155.150390625], [-123.46285, 48.14633, -18282.03515625]]], [[[-123.74227, 48.26891, -33219.6328125], [-123.73377, 48.27084, -34047.41015625], [-123.74622, 48.27439, -34037.7578125], [-123.74227, 48.26891, -33219.6328125]]], [[[-123.44953, 48.14697, -18689.96484375], [-123.46285, 48.14633, -18282.03515625], [-123.45111, 48.14259, -17815.310546875], [-123.44953, 48.14697, -18689.96484375]]], [[[-123.44953, 48.14697, -18689.96484375], [-123.45111, 48.14259, -17815.310546875], [-123.4381, 48.14213, -18293.54296875], [-123.44953, 48.14697, -18689.96484375]]], [[[-123.80544, 48.28522, -33189.60546875], [-123.79676, 48.28743, -33997.00390625], [-123.80922, 48.29097, -33987.8515625], [-123.80544, 48.28522, -33189.60546875]]], [[[-123.44953, 48.14697, -18689.96484375], [-123.4381, 48.14213, -18293.54296875], [-123.43653, 48.14648, -19170.322265625], [-123.44953, 48.14697, -18689.96484375]]], [[[-123.72969, 48.26515, -33255.08203125], [-123.72131, 48.26775, -34057.42578125], [-123.73377, 48.27084, -34047.41015625], [-123.72969, 48.26515, -33255.08203125]]], [[[-123.44832, 48.15142, -19573.619140625], [-123.44953, 48.14697, -18689.96484375], [-123.43653, 48.14648, -19170.322265625], [-123.44832, 48.15142, -19573.619140625]]], [[[-123.7923, 48.282, -33190.01171875], [-123.78395, 48.28446, -34007.984375], [-123.79676, 48.28743, -33997.00390625], [-123.7923, 48.282, -33190.01171875]]], [[[-123.78843, 48.17576, -14133.1396484375], [-123.79994, 48.18126, -14489.388671875], [-123.80154, 48.1769, -13615.78515625], [-123.78843, 48.17576, -14133.1396484375]]], [[[-123.46129, 48.15071, -19155.150390625], [-123.44953, 48.14697, -18689.96484375], [-123.44832, 48.15142, -19573.619140625], [-123.46129, 48.15071, -19155.150390625]]], [[[-123.80112, 48.27965, -32382.7734375], [-123.78824, 48.27656, -32368.845703125], [-123.7923, 48.282, -33190.01171875], [-123.80112, 48.27965, -32382.7734375]]], [[[-123.46129, 48.15071, -19155.150390625], [-123.44832, 48.15142, -19573.619140625], [-123.46177, 48.15574, -20099.9453125], [-123.46129, 48.15071, -19155.150390625]]], [[[-123.74893, 48.12446, -6442.5390625], [-123.74486, 48.11866, -5604.26416015625], [-123.7365, 48.12143, -6459.86474609375], [-123.74893, 48.12446, -6442.5390625]]], [[[-123.81755, 48.28886, -33165.2890625], [-123.82181, 48.29428, -33978.73828125], [-123.82914, 48.29136, -33129.3671875], [-123.81755, 48.28886, -33165.2890625]]], [[[-123.46177, 48.15574, -20099.9453125], [-123.4471, 48.15569, -20423.775390625], [-123.45878, 48.1601, -21007.0859375], [-123.46177, 48.15574, -20099.9453125]]], [[[-123.70381, 48.26139, -33501.95703125], [-123.70125, 48.26383, -34074.37109375], [-123.71022, 48.26547, -34066.703125], [-123.70381, 48.26139, -33501.95703125]]], [[[-123.4471, 48.15569, -20423.775390625], [-123.44529, 48.15977, -21242.638671875], [-123.45878, 48.1601, -21007.0859375], [-123.4471, 48.15569, -20423.775390625]]], [[[-123.75465, 48.27198, -33221.5859375], [-123.75896, 48.27748, -34027.4609375], [-123.76758, 48.27543, -33211.24609375], [-123.75465, 48.27198, -33221.5859375]]], [[[-123.4471, 48.15569, -20423.775390625], [-123.4335, 48.15516, -20916.869140625], [-123.44529, 48.15977, -21242.638671875], [-123.4471, 48.15569, -20423.775390625]]], [[[-123.77207, 48.26769, -31569.775390625], [-123.7635, 48.26972, -32406.50390625], [-123.77608, 48.2734, -32375.173828125], [-123.77207, 48.26769, -31569.775390625]]], [[[-123.4471, 48.15569, -20423.775390625], [-123.43496, 48.15082, -20047.056640625], [-123.4335, 48.15516, -20916.869140625], [-123.4471, 48.15569, -20423.775390625]]], [[[-123.44832, 48.15142, -19573.619140625], [-123.43496, 48.15082, -20047.056640625], [-123.4471, 48.15569, -20423.775390625], [-123.44832, 48.15142, -19573.619140625]]], [[[-123.76758, 48.27543, -33211.24609375], [-123.77138, 48.28109, -34017.890625], [-123.77985, 48.27898, -33194.81640625], [-123.76758, 48.27543, -33211.24609375]]], [[[-123.44832, 48.15142, -19573.619140625], [-123.43653, 48.14648, -19170.322265625], [-123.43496, 48.15082, -20047.056640625], [-123.44832, 48.15142, -19573.619140625]]], [[[-123.70381, 48.26139, -33501.95703125], [-123.69208, 48.26174, -34082.9765625], [-123.70125, 48.26383, -34074.37109375], [-123.70381, 48.26139, -33501.95703125]]], [[[-123.43653, 48.14648, -19170.322265625], [-123.42305, 48.14662, -19606.548828125], [-123.43496, 48.15082, -20047.056640625], [-123.43653, 48.14648, -19170.322265625]]], [[[-123.69015, 48.25732, -33349.77734375], [-123.68041, 48.25915, -34094.171875], [-123.69208, 48.26174, -34082.9765625], [-123.69015, 48.25732, -33349.77734375]]], [[[-123.67801, 48.241, -30876.953125], [-123.6627, 48.23736, -30836.3671875], [-123.6671, 48.24274, -31640.4375], [-123.67801, 48.241, -30876.953125]]], [[[-123.42305, 48.14662, -19606.548828125], [-123.43653, 48.14648, -19170.322265625], [-123.42463, 48.14226, -18731.197265625], [-123.42305, 48.14662, -19606.548828125]]], [[[-123.42305, 48.14662, -19606.548828125], [-123.42463, 48.14226, -18731.197265625], [-123.41104, 48.14218, -19179.841796875], [-123.42305, 48.14662, -19606.548828125]]], [[[-123.69015, 48.25732, -33349.77734375], [-123.69208, 48.26174, -34082.9765625], [-123.70381, 48.26139, -33501.95703125], [-123.69015, 48.25732, -33349.77734375]]], [[[-123.42305, 48.14662, -19606.548828125], [-123.41104, 48.14218, -19179.841796875], [-123.40946, 48.14654, -20055.2890625], [-123.42305, 48.14662, -19606.548828125]]], [[[-123.74075, 48.12703, -7320.8251953125], [-123.74893, 48.12446, -6442.5390625], [-123.7365, 48.12143, -6459.86474609375], [-123.74075, 48.12703, -7320.8251953125]]], [[[-123.42146, 48.15099, -20481.8828125], [-123.42305, 48.14662, -19606.548828125], [-123.40946, 48.14654, -20055.2890625], [-123.42146, 48.15099, -20481.8828125]]], [[[-123.7635, 48.26972, -32406.50390625], [-123.75465, 48.27198, -33221.5859375], [-123.76758, 48.27543, -33211.24609375], [-123.7635, 48.26972, -32406.50390625]]], [[[-123.65357, 48.23972, -31673.595703125], [-123.6396, 48.23752, -31661.541015625], [-123.64473, 48.24269, -32488.86328125], [-123.65357, 48.23972, -31673.595703125]]], [[[-123.42146, 48.15099, -20481.8828125], [-123.43496, 48.15082, -20047.056640625], [-123.42305, 48.14662, -19606.548828125], [-123.42146, 48.15099, -20481.8828125]]], [[[-123.71027, 48.25823, -32704.994140625], [-123.69957, 48.25664, -32830.37890625], [-123.70381, 48.26139, -33501.95703125], [-123.71027, 48.25823, -32704.994140625]]], [[[-123.4335, 48.15516, -20916.869140625], [-123.43496, 48.15082, -20047.056640625], [-123.42146, 48.15099, -20481.8828125], [-123.4335, 48.15516, -20916.869140625]]], [[[-123.81355, 48.28324, -32354.787109375], [-123.80544, 48.28522, -33189.60546875], [-123.81755, 48.28886, -33165.2890625], [-123.81355, 48.28324, -32354.787109375]]], [[[-123.69323, 48.24904, -31701.087890625], [-123.68173, 48.24621, -31663.291015625], [-123.68601, 48.25187, -32522.001953125], [-123.69323, 48.24904, -31701.087890625]]], [[[-123.4335, 48.15516, -20916.869140625], [-123.42146, 48.15099, -20481.8828125], [-123.41991, 48.15535, -21357.22265625], [-123.4335, 48.15516, -20916.869140625]]], [[[-123.76758, 48.27543, -33211.24609375], [-123.75896, 48.27748, -34027.4609375], [-123.77138, 48.28109, -34017.890625], [-123.76758, 48.27543, -33211.24609375]]], [[[-123.43131, 48.15932, -21789.123046875], [-123.4335, 48.15516, -20916.869140625], [-123.41991, 48.15535, -21357.22265625], [-123.43131, 48.15932, -21789.123046875]]], [[[-123.72969, 48.26515, -33255.08203125], [-123.73377, 48.27084, -34047.41015625], [-123.74227, 48.26891, -33219.6328125], [-123.72969, 48.26515, -33255.08203125]]], [[[-123.43131, 48.15932, -21789.123046875], [-123.44529, 48.15977, -21242.638671875], [-123.4335, 48.15516, -20916.869140625], [-123.43131, 48.15932, -21789.123046875]]], [[[-123.82914, 48.29136, -33129.3671875], [-123.83501, 48.29567, -33967.45703125], [-123.84174, 48.29163, -33142.97265625], [-123.82914, 48.29136, -33129.3671875]]], [[[-123.4404, 48.16287, -22016.087890625], [-123.44529, 48.15977, -21242.638671875], [-123.43131, 48.15932, -21789.123046875], [-123.4404, 48.16287, -22016.087890625]]], [[[-123.45294, 48.16397, -21906.98828125], [-123.44529, 48.15977, -21242.638671875], [-123.4404, 48.16287, -22016.087890625], [-123.45294, 48.16397, -21906.98828125]]], [[[-123.45294, 48.16397, -21906.98828125], [-123.45878, 48.1601, -21007.0859375], [-123.44529, 48.15977, -21242.638671875], [-123.45294, 48.16397, -21906.98828125]]], [[[-123.45878, 48.1601, -21007.0859375], [-123.45294, 48.16397, -21906.98828125], [-123.46525, 48.16575, -21875.787109375], [-123.45878, 48.1601, -21007.0859375]]], [[[-123.71635, 48.26283, -33361.64453125], [-123.72131, 48.26775, -34057.42578125], [-123.72969, 48.26515, -33255.08203125], [-123.71635, 48.26283, -33361.64453125]]], [[[-123.45294, 48.16397, -21906.98828125], [-123.45805, 48.16904, -22728.2578125], [-123.46525, 48.16575, -21875.787109375], [-123.45294, 48.16397, -21906.98828125]]], [[[-123.82753, 48.27724, -30610.51171875], [-123.82088, 48.28053, -31495.96484375], [-123.83157, 48.28273, -31444.248046875], [-123.82753, 48.27724, -30610.51171875]]], [[[-123.45805, 48.16904, -22728.2578125], [-123.45294, 48.16397, -21906.98828125], [-123.44512, 48.16741, -22735.080078125], [-123.45805, 48.16904, -22728.2578125]]], [[[-123.76758, 48.27543, -33211.24609375], [-123.77608, 48.2734, -32375.173828125], [-123.7635, 48.26972, -32406.50390625], [-123.76758, 48.27543, -33211.24609375]]], [[[-123.45805, 48.16904, -22728.2578125], [-123.44512, 48.16741, -22735.080078125], [-123.45063, 48.17236, -23564.26953125], [-123.45805, 48.16904, -22728.2578125]]], [[[-123.8791, 48.28982, -32347.78125], [-123.88233, 48.29489, -33213.48046875], [-123.89114, 48.29544, -32748.251953125], [-123.8791, 48.28982, -32347.78125]]], [[[-123.45805, 48.16904, -22728.2578125], [-123.45063, 48.17236, -23564.26953125], [-123.46357, 48.1743, -23522.205078125], [-123.45805, 48.16904, -22728.2578125]]], [[[-123.77985, 48.27898, -33194.81640625], [-123.77138, 48.28109, -34017.890625], [-123.78395, 48.28446, -34007.984375], [-123.77985, 48.27898, -33194.81640625]]], [[[-123.47067, 48.17122, -22661.48828125], [-123.45805, 48.16904, -22728.2578125], [-123.46357, 48.1743, -23522.205078125], [-123.47067, 48.17122, -22661.48828125]]], [[[-123.80544, 48.28522, -33189.60546875], [-123.80922, 48.29097, -33987.8515625], [-123.81755, 48.28886, -33165.2890625], [-123.80544, 48.28522, -33189.60546875]]], [[[-123.47067, 48.17122, -22661.48828125], [-123.46525, 48.16575, -21875.787109375], [-123.45805, 48.16904, -22728.2578125], [-123.47067, 48.17122, -22661.48828125]]], [[[-123.84174, 48.29163, -33142.97265625], [-123.83501, 48.29567, -33967.45703125], [-123.84856, 48.29576, -33954.78125], [-123.84174, 48.29163, -33142.97265625]]], [[[-123.47067, 48.17122, -22661.48828125], [-123.47785, 48.16797, -21805.26171875], [-123.46525, 48.16575, -21875.787109375], [-123.47067, 48.17122, -22661.48828125]]], [[[-123.47785, 48.16797, -21805.26171875], [-123.47067, 48.17122, -22661.48828125], [-123.48343, 48.17312, -22620.646484375], [-123.47785, 48.16797, -21805.26171875]]], [[[-123.4904, 48.16951, -21775.3671875], [-123.47785, 48.16797, -21805.26171875], [-123.48343, 48.17312, -22620.646484375], [-123.4904, 48.16951, -21775.3671875]]], [[[-123.80564, 48.2718, -30749.099609375], [-123.79315, 48.2688, -30724.595703125], [-123.79701, 48.27421, -31558.70703125], [-123.80564, 48.2718, -30749.099609375]]], [[[-123.4904, 48.16951, -21775.3671875], [-123.48343, 48.17312, -22620.646484375], [-123.49574, 48.17427, -22621.716796875], [-123.4904, 48.16951, -21775.3671875]]], [[[-123.76946, 48.138, -8164.69091796875], [-123.76539, 48.13263, -7281.216796875], [-123.75746, 48.13573, -8164.7705078125], [-123.76946, 48.138, -8164.69091796875]]], [[[-123.48343, 48.17312, -22620.646484375], [-123.48864, 48.17804, -23452.275390625], [-123.49574, 48.17427, -22621.716796875], [-123.48343, 48.17312, -22620.646484375]]], [[[-123.48343, 48.17312, -22620.646484375], [-123.47614, 48.17647, -23458.61328125], [-123.48864, 48.17804, -23452.275390625], [-123.48343, 48.17312, -22620.646484375]]], [[[-123.47067, 48.17122, -22661.48828125], [-123.47614, 48.17647, -23458.61328125], [-123.48343, 48.17312, -22620.646484375], [-123.47067, 48.17122, -22661.48828125]]], [[[-123.47067, 48.17122, -22661.48828125], [-123.46357, 48.1743, -23522.205078125], [-123.47614, 48.17647, -23458.61328125], [-123.47067, 48.17122, -22661.48828125]]], [[[-123.7804, 48.26555, -30723.1640625], [-123.77207, 48.26769, -31569.775390625], [-123.78444, 48.27109, -31542.212890625], [-123.7804, 48.26555, -30723.1640625]]], [[[-123.46896, 48.17973, -24305.576171875], [-123.47614, 48.17647, -23458.61328125], [-123.46357, 48.1743, -23522.205078125], [-123.46896, 48.17973, -24305.576171875]]], [[[-123.47614, 48.17647, -23458.61328125], [-123.46896, 48.17973, -24305.576171875], [-123.48128, 48.18157, -24279.501953125], [-123.47614, 48.17647, -23458.61328125]]], [[[-123.68601, 48.25187, -32522.001953125], [-123.67593, 48.25368, -33287.67578125], [-123.69015, 48.25732, -33349.77734375], [-123.68601, 48.25187, -32522.001953125]]], [[[-123.48864, 48.17804, -23452.275390625], [-123.48128, 48.18157, -24279.501953125], [-123.49467, 48.1827, -24274.80859375], [-123.48864, 48.17804, -23452.275390625]]], [[[-123.50182, 48.17888, -23444.0078125], [-123.48864, 48.17804, -23452.275390625], [-123.49467, 48.1827, -24274.80859375], [-123.50182, 48.17888, -23444.0078125]]], [[[-123.49574, 48.17427, -22621.716796875], [-123.48864, 48.17804, -23452.275390625], [-123.50182, 48.17888, -23444.0078125], [-123.49574, 48.17427, -22621.716796875]]], [[[-123.49574, 48.17427, -22621.716796875], [-123.50182, 48.17888, -23444.0078125], [-123.50893, 48.17514, -22608.583984375], [-123.49574, 48.17427, -22621.716796875]]], [[[-123.50893, 48.17514, -22608.583984375], [-123.50182, 48.17888, -23444.0078125], [-123.51437, 48.18029, -23432.822265625], [-123.50893, 48.17514, -22608.583984375]]], [[[-123.50182, 48.17888, -23444.0078125], [-123.50731, 48.18374, -24282.693359375], [-123.51437, 48.18029, -23432.822265625], [-123.50182, 48.17888, -23444.0078125]]], [[[-123.85535, 48.29159, -33142.89453125], [-123.84856, 48.29576, -33954.78125], [-123.86208, 48.29615, -33942.3828125], [-123.85535, 48.29159, -33142.89453125]]], [[[-123.50182, 48.17888, -23444.0078125], [-123.49467, 48.1827, -24274.80859375], [-123.50731, 48.18374, -24282.693359375], [-123.50182, 48.17888, -23444.0078125]]], [[[-123.82498, 48.28595, -32315.66015625], [-123.81755, 48.28886, -33165.2890625], [-123.82914, 48.29136, -33129.3671875], [-123.82498, 48.28595, -32315.66015625]]], [[[-123.49467, 48.1827, -24274.80859375], [-123.5003, 48.18744, -25121.466796875], [-123.50731, 48.18374, -24282.693359375], [-123.49467, 48.1827, -24274.80859375]]], [[[-123.8791, 48.28982, -32347.78125], [-123.89114, 48.29544, -32748.251953125], [-123.89206, 48.29067, -31850.88671875], [-123.8791, 48.28982, -32347.78125]]], [[[-123.49467, 48.1827, -24274.80859375], [-123.48726, 48.18637, -25085.447265625], [-123.5003, 48.18744, -25121.466796875], [-123.49467, 48.1827, -24274.80859375]]], [[[-123.82753, 48.27724, -30610.51171875], [-123.81687, 48.27497, -30685.947265625], [-123.82088, 48.28053, -31495.96484375], [-123.82753, 48.27724, -30610.51171875]]], [[[-123.48128, 48.18157, -24279.501953125], [-123.48726, 48.18637, -25085.447265625], [-123.49467, 48.1827, -24274.80859375], [-123.48128, 48.18157, -24279.501953125]]], [[[-123.75465, 48.27198, -33221.5859375], [-123.7635, 48.26972, -32406.50390625], [-123.75077, 48.26652, -32393.134765625], [-123.75465, 48.27198, -33221.5859375]]], [[[-123.48128, 48.18157, -24279.501953125], [-123.47399, 48.18492, -25116.439453125], [-123.48726, 48.18637, -25085.447265625], [-123.48128, 48.18157, -24279.501953125]]], [[[-123.8237, 48.27173, -29763.318359375], [-123.81687, 48.27497, -30685.947265625], [-123.82753, 48.27724, -30610.51171875], [-123.8237, 48.27173, -29763.318359375]]], [[[-123.46896, 48.17973, -24305.576171875], [-123.47399, 48.18492, -25116.439453125], [-123.48128, 48.18157, -24279.501953125], [-123.46896, 48.17973, -24305.576171875]]], [[[-123.88208, 48.28556, -31458.076171875], [-123.89206, 48.29067, -31850.88671875], [-123.89373, 48.28631, -30977.6171875], [-123.88208, 48.28556, -31458.076171875]]], [[[-123.46896, 48.17973, -24305.576171875], [-123.46171, 48.18272, -25151.861328125], [-123.47399, 48.18492, -25116.439453125], [-123.46896, 48.17973, -24305.576171875]]], [[[-123.46896, 48.17973, -24305.576171875], [-123.45622, 48.17741, -24367.7109375], [-123.46171, 48.18272, -25151.861328125], [-123.46896, 48.17973, -24305.576171875]]], [[[-123.63635, 48.24584, -33321.69921875], [-123.62302, 48.24398, -33330.0], [-123.62848, 48.24899, -34143.3828125], [-123.63635, 48.24584, -33321.69921875]]], [[[-123.45622, 48.17741, -24367.7109375], [-123.46896, 48.17973, -24305.576171875], [-123.46357, 48.1743, -23522.205078125], [-123.45622, 48.17741, -24367.7109375]]], [[[-123.80564, 48.2718, -30749.099609375], [-123.79701, 48.27421, -31558.70703125], [-123.80951, 48.27744, -31562.4140625], [-123.80564, 48.2718, -30749.099609375]]], [[[-123.45063, 48.17236, -23564.26953125], [-123.45622, 48.17741, -24367.7109375], [-123.46357, 48.1743, -23522.205078125], [-123.45063, 48.17236, -23564.26953125]]], [[[-123.72327, 48.25979, -32507.2265625], [-123.71635, 48.26283, -33361.64453125], [-123.72969, 48.26515, -33255.08203125], [-123.72327, 48.25979, -32507.2265625]]], [[[-123.45063, 48.17236, -23564.26953125], [-123.44333, 48.1758, -24395.10546875], [-123.45622, 48.17741, -24367.7109375], [-123.45063, 48.17236, -23564.26953125]]], [[[-123.64985, 48.24789, -33319.9609375], [-123.64171, 48.25094, -34130.86328125], [-123.65477, 48.25331, -34118.68359375], [-123.64985, 48.24789, -33319.9609375]]], [[[-123.45063, 48.17236, -23564.26953125], [-123.43818, 48.17064, -23559.173828125], [-123.44333, 48.1758, -24395.10546875], [-123.45063, 48.17236, -23564.26953125]]], [[[-123.44512, 48.16741, -22735.080078125], [-123.43818, 48.17064, -23559.173828125], [-123.45063, 48.17236, -23564.26953125], [-123.44512, 48.16741, -22735.080078125]]], [[[-123.81687, 48.27497, -30685.947265625], [-123.80564, 48.2718, -30749.099609375], [-123.80951, 48.27744, -31562.4140625], [-123.81687, 48.27497, -30685.947265625]]], [[[-123.44512, 48.16741, -22735.080078125], [-123.43071, 48.16441, -22756.50390625], [-123.43818, 48.17064, -23559.173828125], [-123.44512, 48.16741, -22735.080078125]]], [[[-123.62302, 48.24398, -33330.0], [-123.61522, 48.24715, -34156.01171875], [-123.62848, 48.24899, -34143.3828125], [-123.62302, 48.24398, -33330.0]]], [[[-123.4404, 48.16287, -22016.087890625], [-123.43071, 48.16441, -22756.50390625], [-123.44512, 48.16741, -22735.080078125], [-123.4404, 48.16287, -22016.087890625]]], [[[-123.77669, 48.25983, -29900.908203125], [-123.7804, 48.26555, -30723.1640625], [-123.78913, 48.26326, -29896.904296875], [-123.77669, 48.25983, -29900.908203125]]], [[[-123.4404, 48.16287, -22016.087890625], [-123.43131, 48.15932, -21789.123046875], [-123.43071, 48.16441, -22756.50390625], [-123.4404, 48.16287, -22016.087890625]]], [[[-123.69957, 48.25664, -32830.37890625], [-123.68601, 48.25187, -32522.001953125], [-123.69015, 48.25732, -33349.77734375], [-123.69957, 48.25664, -32830.37890625]]], [[[-123.43131, 48.15932, -21789.123046875], [-123.41836, 48.15976, -22238.44921875], [-123.43071, 48.16441, -22756.50390625], [-123.43131, 48.15932, -21789.123046875]]], [[[-123.81355, 48.28324, -32354.787109375], [-123.80112, 48.27965, -32382.7734375], [-123.80544, 48.28522, -33189.60546875], [-123.81355, 48.28324, -32354.787109375]]], [[[-123.43131, 48.15932, -21789.123046875], [-123.41991, 48.15535, -21357.22265625], [-123.41836, 48.15976, -22238.44921875], [-123.43131, 48.15932, -21789.123046875]]], [[[-123.41836, 48.15976, -22238.44921875], [-123.41991, 48.15535, -21357.22265625], [-123.40629, 48.15527, -21806.140625], [-123.41836, 48.15976, -22238.44921875]]], [[[-123.82914, 48.29136, -33129.3671875], [-123.82181, 48.29428, -33978.73828125], [-123.83501, 48.29567, -33967.45703125], [-123.82914, 48.29136, -33129.3671875]]], [[[-123.69759, 48.25261, -32175.1484375], [-123.69957, 48.25664, -32830.37890625], [-123.70575, 48.25426, -32113.857421875], [-123.69759, 48.25261, -32175.1484375]]], [[[-123.41836, 48.15976, -22238.44921875], [-123.40629, 48.15527, -21806.140625], [-123.40474, 48.15963, -22679.73046875], [-123.41836, 48.15976, -22238.44921875]]], [[[-123.79315, 48.2688, -30724.595703125], [-123.78444, 48.27109, -31542.212890625], [-123.79701, 48.27421, -31558.70703125], [-123.79315, 48.2688, -30724.595703125]]], [[[-123.4166, 48.16405, -23105.77734375], [-123.41836, 48.15976, -22238.44921875], [-123.40474, 48.15963, -22679.73046875], [-123.4166, 48.16405, -23105.77734375]]], [[[-123.85535, 48.29159, -33142.89453125], [-123.86208, 48.29615, -33942.3828125], [-123.86975, 48.29258, -33139.23828125], [-123.85535, 48.29159, -33142.89453125]]], [[[-123.43071, 48.16441, -22756.50390625], [-123.41836, 48.15976, -22238.44921875], [-123.4166, 48.16405, -23105.77734375], [-123.43071, 48.16441, -22756.50390625]]], [[[-123.71027, 48.25823, -32704.994140625], [-123.70381, 48.26139, -33501.95703125], [-123.71635, 48.26283, -33361.64453125], [-123.71027, 48.25823, -32704.994140625]]], [[[-123.43071, 48.16441, -22756.50390625], [-123.4166, 48.16405, -23105.77734375], [-123.42601, 48.16839, -23666.248046875], [-123.43071, 48.16441, -22756.50390625]]], [[[-123.64985, 48.24789, -33319.9609375], [-123.65477, 48.25331, -34118.68359375], [-123.66305, 48.25086, -33291.55078125], [-123.64985, 48.24789, -33319.9609375]]], [[[-123.42601, 48.16839, -23666.248046875], [-123.43818, 48.17064, -23559.173828125], [-123.43071, 48.16441, -22756.50390625], [-123.42601, 48.16839, -23666.248046875]]], [[[-123.43818, 48.17064, -23559.173828125], [-123.42601, 48.16839, -23666.248046875], [-123.43118, 48.17366, -24429.478515625], [-123.43818, 48.17064, -23559.173828125]]], [[[-123.43818, 48.17064, -23559.173828125], [-123.43118, 48.17366, -24429.478515625], [-123.44333, 48.1758, -24395.10546875], [-123.43818, 48.17064, -23559.173828125]]], [[[-123.78913, 48.26326, -29896.904296875], [-123.7804, 48.26555, -30723.1640625], [-123.79315, 48.2688, -30724.595703125], [-123.78913, 48.26326, -29896.904296875]]], [[[-123.43118, 48.17366, -24429.478515625], [-123.43599, 48.17909, -25226.50390625], [-123.44333, 48.1758, -24395.10546875], [-123.43118, 48.17366, -24429.478515625]]], [[[-123.86975, 48.29258, -33139.23828125], [-123.86208, 48.29615, -33942.3828125], [-123.87537, 48.29764, -33931.12109375], [-123.86975, 48.29258, -33139.23828125]]], [[[-123.43118, 48.17366, -24429.478515625], [-123.42421, 48.17666, -25288.912109375], [-123.43599, 48.17909, -25226.50390625], [-123.43118, 48.17366, -24429.478515625]]], [[[-123.8237, 48.27173, -29763.318359375], [-123.82753, 48.27724, -30610.51171875], [-123.8349, 48.27395, -29691.83984375], [-123.8237, 48.27173, -29763.318359375]]], [[[-123.43118, 48.17366, -24429.478515625], [-123.41833, 48.17186, -24546.98828125], [-123.42421, 48.17666, -25288.912109375], [-123.43118, 48.17366, -24429.478515625]]], [[[-123.78913, 48.26326, -29896.904296875], [-123.79315, 48.2688, -30724.595703125], [-123.80169, 48.26633, -29912.71875], [-123.78913, 48.26326, -29896.904296875]]], [[[-123.42601, 48.16839, -23666.248046875], [-123.41833, 48.17186, -24546.98828125], [-123.43118, 48.17366, -24429.478515625], [-123.42601, 48.16839, -23666.248046875]]], [[[-123.64985, 48.24789, -33319.9609375], [-123.63635, 48.24584, -33321.69921875], [-123.64171, 48.25094, -34130.86328125], [-123.64985, 48.24789, -33319.9609375]]], [[[-123.42601, 48.16839, -23666.248046875], [-123.41366, 48.16811, -23962.892578125], [-123.41833, 48.17186, -24546.98828125], [-123.42601, 48.16839, -23666.248046875]]], [[[-123.6718, 48.24821, -32460.484375], [-123.66305, 48.25086, -33291.55078125], [-123.67593, 48.25368, -33287.67578125], [-123.6718, 48.24821, -32460.484375]]], [[[-123.41366, 48.16811, -23962.892578125], [-123.42601, 48.16839, -23666.248046875], [-123.4166, 48.16405, -23105.77734375], [-123.41366, 48.16811, -23962.892578125]]], [[[-123.81307, 48.26919, -29882.93359375], [-123.81687, 48.27497, -30685.947265625], [-123.8237, 48.27173, -29763.318359375], [-123.81307, 48.26919, -29882.93359375]]], [[[-123.4166, 48.16405, -23105.77734375], [-123.40305, 48.164, -23561.00390625], [-123.41366, 48.16811, -23962.892578125], [-123.4166, 48.16405, -23105.77734375]]], [[[-123.65844, 48.24526, -32478.029296875], [-123.64985, 48.24789, -33319.9609375], [-123.66305, 48.25086, -33291.55078125], [-123.65844, 48.24526, -32478.029296875]]], [[[-123.4166, 48.16405, -23105.77734375], [-123.40474, 48.15963, -22679.73046875], [-123.40305, 48.164, -23561.00390625], [-123.4166, 48.16405, -23105.77734375]]], [[[-123.78539, 48.25769, -29050.419921875], [-123.77669, 48.25983, -29900.908203125], [-123.78913, 48.26326, -29896.904296875], [-123.78539, 48.25769, -29050.419921875]]], [[[-123.40474, 48.15963, -22679.73046875], [-123.39112, 48.15927, -23147.607421875], [-123.40305, 48.164, -23561.00390625], [-123.40474, 48.15963, -22679.73046875]]], [[[-123.83398, 48.23709, -22979.03515625], [-123.8455, 48.24197, -23373.966796875], [-123.84711, 48.23759, -22501.541015625], [-123.83398, 48.23709, -22979.03515625]]], [[[-123.40474, 48.15963, -22679.73046875], [-123.3927, 48.15491, -22272.076171875], [-123.39112, 48.15927, -23147.607421875], [-123.40474, 48.15963, -22679.73046875]]], [[[-123.82901, 48.21418, -19126.86328125], [-123.8274, 48.21855, -20000.095703125], [-123.84043, 48.21956, -19489.87109375], [-123.82901, 48.21418, -19126.86328125]]], [[[-123.40629, 48.15527, -21806.140625], [-123.3927, 48.15491, -22272.076171875], [-123.40474, 48.15963, -22679.73046875], [-123.40629, 48.15527, -21806.140625]]], [[[-123.85193, 48.22444, -19884.259765625], [-123.86377, 48.22769, -20383.60546875], [-123.86537, 48.22332, -19510.37109375], [-123.85193, 48.22444, -19884.259765625]]], [[[-123.40629, 48.15527, -21806.140625], [-123.39429, 48.15055, -21396.5546875], [-123.3927, 48.15491, -22272.076171875], [-123.40629, 48.15527, -21806.140625]]], [[[-123.87881, 48.22157, -19174.66015625], [-123.89055, 48.22469, -19680.759765625], [-123.89215, 48.22031, -18808.259765625], [-123.87881, 48.22157, -19174.66015625]]], [[[-123.26502, 48.14251, -22910.166015625], [-123.25338, 48.1398, -22378.46875], [-123.25178, 48.14418, -23252.908203125], [-123.26502, 48.14251, -22910.166015625]]], [[[-123.35842, 48.03627, -1327.2568359375], [-123.3536, 48.03115, -509.18994140625], [-123.34512, 48.03391, -1288.287841796875], [-123.35842, 48.03627, -1327.2568359375]]], [[[-123.40629, 48.15527, -21806.140625], [-123.40787, 48.15091, -20930.720703125], [-123.39429, 48.15055, -21396.5546875], [-123.40629, 48.15527, -21806.140625]]], [[[-123.90211, 48.22859, -20136.56640625], [-123.91294, 48.23378, -20504.34765625], [-123.91454, 48.2294, -19631.458984375], [-123.90211, 48.22859, -20136.56640625]]], [[[-123.40379, 48.12438, -16143.2255859375], [-123.39144, 48.12014, -15700.4208984375], [-123.38985, 48.12451, -16575.73828125], [-123.40379, 48.12438, -16143.2255859375]]], [[[-123.40787, 48.15091, -20930.720703125], [-123.40629, 48.15527, -21806.140625], [-123.41991, 48.15535, -21357.22265625], [-123.40787, 48.15091, -20930.720703125]]], [[[-123.84387, 48.24637, -24251.05078125], [-123.85572, 48.24955, -24753.81640625], [-123.85734, 48.24516, -23876.548828125], [-123.84387, 48.24637, -24251.05078125]]], [[[-123.42146, 48.15099, -20481.8828125], [-123.40787, 48.15091, -20930.720703125], [-123.41991, 48.15535, -21357.22265625], [-123.42146, 48.15099, -20481.8828125]]], [[[-123.67593, 48.25368, -33287.67578125], [-123.68041, 48.25915, -34094.171875], [-123.69015, 48.25732, -33349.77734375], [-123.67593, 48.25368, -33287.67578125]]], [[[-123.42146, 48.15099, -20481.8828125], [-123.40946, 48.14654, -20055.2890625], [-123.40787, 48.15091, -20930.720703125], [-123.42146, 48.15099, -20481.8828125]]], [[[-123.77207, 48.26769, -31569.775390625], [-123.77608, 48.2734, -32375.173828125], [-123.78444, 48.27109, -31542.212890625], [-123.77207, 48.26769, -31569.775390625]]], [[[-123.27144, 48.12501, -19411.84375], [-123.27304, 48.12063, -18537.263671875], [-123.2598, 48.1223, -18880.71484375], [-123.27144, 48.12501, -19411.84375]]], [[[-123.33251, 48.03364, -1256.6326904296875], [-123.33993, 48.02954, -427.511962890625], [-123.32776, 48.02971, -384.65753173828125], [-123.33251, 48.03364, -1256.6326904296875]]], [[[-123.40787, 48.15091, -20930.720703125], [-123.40946, 48.14654, -20055.2890625], [-123.39587, 48.14619, -20521.02734375], [-123.40787, 48.15091, -20930.720703125]]], [[[-123.87078, 48.24348, -23537.037109375], [-123.88253, 48.2466, -24043.25390625], [-123.88413, 48.24222, -23170.75390625], [-123.87078, 48.24348, -23537.037109375]]], [[[-123.88698, 48.13184, -1397.8675537109375], [-123.89595, 48.1286, -640.8634033203125], [-123.88141, 48.1263, -630.2671508789062], [-123.88698, 48.13184, -1397.8675537109375]]], [[[-123.40787, 48.15091, -20930.720703125], [-123.39587, 48.14619, -20521.02734375], [-123.39429, 48.15055, -21396.5546875], [-123.40787, 48.15091, -20930.720703125]]], [[[-123.81347, 48.25437, -27198.619140625], [-123.81585, 48.26025, -28125.302734375], [-123.82543, 48.25897, -27355.376953125], [-123.81347, 48.25437, -27198.619140625]]], [[[-123.85938, 48.12492, -1405.602783203125], [-123.85543, 48.11931, -585.8387451171875], [-123.84692, 48.1215, -1376.2012939453125], [-123.85938, 48.12492, -1405.602783203125]]], [[[-123.27506, 48.14922, -24339.2578125], [-123.26182, 48.15126, -24659.328125], [-123.27345, 48.15356, -25215.46875], [-123.27506, 48.14922, -24339.2578125]]], [[[-123.39587, 48.14619, -20521.02734375], [-123.38192, 48.14634, -20952.21484375], [-123.39429, 48.15055, -21396.5546875], [-123.39587, 48.14619, -20521.02734375]]], [[[-123.87771, 48.25974, -26660.75], [-123.89088, 48.25926, -26243.5625], [-123.87932, 48.25536, -25788.251953125], [-123.87771, 48.25974, -26660.75]]], [[[-123.88698, 48.13184, -1397.8675537109375], [-123.9017, 48.133, -1423.1207275390625], [-123.89595, 48.1286, -640.8634033203125], [-123.88698, 48.13184, -1397.8675537109375]]], [[[-123.40221, 48.12874, -17018.80078125], [-123.40379, 48.12438, -16143.2255859375], [-123.38985, 48.12451, -16575.73828125], [-123.40221, 48.12874, -17018.80078125]]], [[[-123.33534, 48.05391, -5281.41015625], [-123.32352, 48.05124, -4758.83447265625], [-123.32192, 48.05561, -5633.86376953125], [-123.33534, 48.05391, -5281.41015625]]], [[[-123.38192, 48.14634, -20952.21484375], [-123.39587, 48.14619, -20521.02734375], [-123.38351, 48.14197, -20076.939453125], [-123.38192, 48.14634, -20952.21484375]]], [[[-123.86757, 48.25224, -25281.98828125], [-123.86597, 48.25662, -26153.619140625], [-123.87932, 48.25536, -25788.251953125], [-123.86757, 48.25224, -25281.98828125]]], [[[-123.83391, 48.13199, -3850.972900390625], [-123.84652, 48.13496, -3869.340576171875], [-123.84249, 48.12951, -3035.28662109375], [-123.83391, 48.13199, -3850.972900390625]]], [[[-123.27464, 48.11626, -17662.68359375], [-123.28788, 48.11443, -17329.58203125], [-123.27624, 48.11188, -16788.103515625], [-123.27464, 48.11626, -17662.68359375]]], [[[-123.35842, 48.03627, -1327.2568359375], [-123.37178, 48.03908, -1246.828857421875], [-123.36599, 48.03353, -483.5650939941406], [-123.35842, 48.03627, -1327.2568359375]]], [[[-123.38192, 48.14634, -20952.21484375], [-123.38351, 48.14197, -20076.939453125], [-123.36981, 48.14183, -20528.38671875], [-123.38192, 48.14634, -20952.21484375]]], [[[-123.82719, 48.12107, -2168.497314453125], [-123.83563, 48.11875, -1352.5977783203125], [-123.82368, 48.1155, -1345.4605712890625], [-123.82719, 48.12107, -2168.497314453125]]], [[[-123.38985, 48.12451, -16575.73828125], [-123.37775, 48.12001, -16151.41796875], [-123.37616, 48.12437, -17026.830078125], [-123.38985, 48.12451, -16575.73828125]]], [[[-123.31187, 48.0492, -4186.416015625], [-123.29863, 48.05063, -4543.9755859375], [-123.31027, 48.05355, -5062.62646484375], [-123.31187, 48.0492, -4186.416015625]]], [[[-123.38192, 48.14634, -20952.21484375], [-123.36981, 48.14183, -20528.38671875], [-123.36822, 48.14619, -21403.7578125], [-123.38192, 48.14634, -20952.21484375]]], [[[-123.81347, 48.25437, -27198.619140625], [-123.82543, 48.25897, -27355.376953125], [-123.8266, 48.25457, -26500.24609375], [-123.81347, 48.25437, -27198.619140625]]], [[[-123.84249, 48.12951, -3035.28662109375], [-123.8386, 48.12412, -2204.548828125], [-123.83018, 48.12648, -3017.937255859375], [-123.84249, 48.12951, -3035.28662109375]]], [[[-123.38033, 48.1507, -21827.484375], [-123.38192, 48.14634, -20952.21484375], [-123.36822, 48.14619, -21403.7578125], [-123.38033, 48.1507, -21827.484375]]], [[[-123.86597, 48.25662, -26153.619140625], [-123.87771, 48.25974, -26660.75], [-123.87932, 48.25536, -25788.251953125], [-123.86597, 48.25662, -26153.619140625]]], [[[-123.39302, 48.11578, -14825.0966796875], [-123.38092, 48.11128, -14400.583984375], [-123.37933, 48.11564, -15276.001953125], [-123.39302, 48.11578, -14825.0966796875]]], [[[-123.29863, 48.05063, -4543.9755859375], [-123.30023, 48.04626, -3669.39501953125], [-123.28701, 48.04789, -4015.258056640625], [-123.29863, 48.05063, -4543.9755859375]]], [[[-123.51397, 48.21074, -29250.599609375], [-123.5062, 48.2142, -30086.0234375], [-123.5202, 48.21541, -30067.173828125], [-123.51397, 48.21074, -29250.599609375]]], [[[-123.38192, 48.14634, -20952.21484375], [-123.38033, 48.1507, -21827.484375], [-123.39429, 48.15055, -21396.5546875], [-123.38192, 48.14634, -20952.21484375]]], [[[-123.87611, 48.26412, -27533.25], [-123.88928, 48.26365, -27115.990234375], [-123.87771, 48.25974, -26660.75], [-123.87611, 48.26412, -27533.25]]], [[[-123.8319, 48.11327, -525.3228149414062], [-123.82732, 48.10777, 252.50611877441406], [-123.81911, 48.10959, -588.4508056640625], [-123.8319, 48.11327, -525.3228149414062]]], [[[-123.40379, 48.12438, -16143.2255859375], [-123.40537, 48.12002, -15267.640625], [-123.39144, 48.12014, -15700.4208984375], [-123.40379, 48.12438, -16143.2255859375]]], [[[-123.29704, 48.05501, -5418.55615234375], [-123.28541, 48.05226, -4889.69677734375], [-123.28381, 48.05664, -5764.13525390625], [-123.29704, 48.05501, -5418.55615234375]]], [[[-123.3927, 48.15491, -22272.076171875], [-123.39429, 48.15055, -21396.5546875], [-123.38033, 48.1507, -21827.484375], [-123.3927, 48.15491, -22272.076171875]]], [[[-123.86757, 48.25224, -25281.98828125], [-123.87932, 48.25536, -25788.251953125], [-123.88092, 48.25098, -24915.751953125], [-123.86757, 48.25224, -25281.98828125]]], [[[-123.3927, 48.15491, -22272.076171875], [-123.38033, 48.1507, -21827.484375], [-123.37875, 48.15507, -22702.75], [-123.3927, 48.15491, -22272.076171875]]], [[[-123.83233, 48.24149, -23855.98046875], [-123.8455, 48.24197, -23373.966796875], [-123.83398, 48.23709, -22979.03515625], [-123.83233, 48.24149, -23855.98046875]]], [[[-123.39302, 48.11578, -14825.0966796875], [-123.37933, 48.11564, -15276.001953125], [-123.39144, 48.12014, -15700.4208984375], [-123.39302, 48.11578, -14825.0966796875]]], [[[-123.37493, 48.05257, -3667.3193359375], [-123.36995, 48.04734, -2859.171630859375], [-123.36091, 48.05, -3745.2021484375], [-123.37493, 48.05257, -3667.3193359375]]], [[[-123.39112, 48.15927, -23147.607421875], [-123.3927, 48.15491, -22272.076171875], [-123.37875, 48.15507, -22702.75], [-123.39112, 48.15927, -23147.607421875]]], [[[-123.8356, 48.23271, -22106.744140625], [-123.84872, 48.2332, -21629.11328125], [-123.83721, 48.22833, -21234.453125], [-123.8356, 48.23271, -22106.744140625]]], [[[-123.36745, 48.11085, -14871.853515625], [-123.35395, 48.11085, -15316.2177734375], [-123.36586, 48.11522, -15747.1416015625], [-123.36745, 48.11085, -14871.853515625]]], [[[-123.34978, 48.05304, -4752.58154296875], [-123.34863, 48.0479, -3819.0517578125], [-123.33707, 48.04909, -4319.8251953125], [-123.34978, 48.05304, -4752.58154296875]]], [[[-123.39112, 48.15927, -23147.607421875], [-123.37875, 48.15507, -22702.75], [-123.37716, 48.15943, -23578.015625], [-123.39112, 48.15927, -23147.607421875]]], [[[-123.84711, 48.23759, -22501.541015625], [-123.85894, 48.24079, -23003.314453125], [-123.86055, 48.23642, -22130.078125], [-123.84711, 48.23759, -22501.541015625]]], [[[-123.41421, 48.13346, -17428.900390625], [-123.40062, 48.13311, -17894.37109375], [-123.41262, 48.13782, -18304.376953125], [-123.41421, 48.13346, -17428.900390625]]], [[[-123.38942, 48.1637, -24039.322265625], [-123.39112, 48.15927, -23147.607421875], [-123.37716, 48.15943, -23578.015625], [-123.38942, 48.1637, -24039.322265625]]], [[[-123.90211, 48.22859, -20136.56640625], [-123.90051, 48.23297, -21008.994140625], [-123.91294, 48.23378, -20504.34765625], [-123.90211, 48.22859, -20136.56640625]]], [[[-123.87273, 48.12861, -1440.1396484375], [-123.88141, 48.1263, -630.2671508789062], [-123.86881, 48.12312, -621.3745727539062], [-123.87273, 48.12861, -1440.1396484375]]], [[[-123.40062, 48.13311, -17894.37109375], [-123.40221, 48.12874, -17018.80078125], [-123.38827, 48.12887, -17451.05078125], [-123.40062, 48.13311, -17894.37109375]]], [[[-123.32352, 48.05124, -4758.83447265625], [-123.32594, 48.04652, -3824.59765625], [-123.31187, 48.0492, -4186.416015625], [-123.32352, 48.05124, -4758.83447265625]]], [[[-123.40305, 48.164, -23561.00390625], [-123.39112, 48.15927, -23147.607421875], [-123.38942, 48.1637, -24039.322265625], [-123.40305, 48.164, -23561.00390625]]], [[[-123.85734, 48.24516, -23876.548828125], [-123.87078, 48.24348, -23537.037109375], [-123.85894, 48.24079, -23003.314453125], [-123.85734, 48.24516, -23876.548828125]]], [[[-123.38092, 48.11128, -14400.583984375], [-123.39461, 48.11141, -13949.7705078125], [-123.3825, 48.10692, -13525.1728515625], [-123.38092, 48.11128, -14400.583984375]]], [[[-123.35547, 48.04421, -2914.48046875], [-123.35018, 48.03923, -2137.874267578125], [-123.34051, 48.04321, -3143.84228515625], [-123.35547, 48.04421, -2914.48046875]]], [[[-123.40305, 48.164, -23561.00390625], [-123.38942, 48.1637, -24039.322265625], [-123.40202, 48.16869, -24473.728515625], [-123.40305, 48.164, -23561.00390625]]], [[[-123.8274, 48.21855, -20000.095703125], [-123.8258, 48.22292, -20873.326171875], [-123.83882, 48.22394, -20362.162109375], [-123.8274, 48.21855, -20000.095703125]]], [[[-123.32612, 48.11478, -17114.8203125], [-123.31449, 48.11093, -16654.18359375], [-123.31289, 48.11532, -17528.330078125], [-123.32612, 48.11478, -17114.8203125]]], [[[-123.41366, 48.16811, -23962.892578125], [-123.40305, 48.164, -23561.00390625], [-123.40202, 48.16869, -24473.728515625], [-123.41366, 48.16811, -23962.892578125]]], [[[-123.86918, 48.24786, -24409.51171875], [-123.86757, 48.25224, -25281.98828125], [-123.88092, 48.25098, -24915.751953125], [-123.86918, 48.24786, -24409.51171875]]], [[[-123.41366, 48.16811, -23962.892578125], [-123.40202, 48.16869, -24473.728515625], [-123.41833, 48.17186, -24546.98828125], [-123.41366, 48.16811, -23962.892578125]]], [[[-123.66305, 48.25086, -33291.55078125], [-123.66759, 48.25622, -34106.4140625], [-123.67593, 48.25368, -33287.67578125], [-123.66305, 48.25086, -33291.55078125]]], [[[-123.4111, 48.17468, -25286.89453125], [-123.41833, 48.17186, -24546.98828125], [-123.40202, 48.16869, -24473.728515625], [-123.4111, 48.17468, -25286.89453125]]], [[[-123.81307, 48.26919, -29882.93359375], [-123.80564, 48.2718, -30749.099609375], [-123.81687, 48.27497, -30685.947265625], [-123.81307, 48.26919, -29882.93359375]]], [[[-123.41833, 48.17186, -24546.98828125], [-123.4111, 48.17468, -25286.89453125], [-123.42421, 48.17666, -25288.912109375], [-123.41833, 48.17186, -24546.98828125]]], [[[-123.85081, 48.26263, -27369.212890625], [-123.86436, 48.26101, -27026.958984375], [-123.85244, 48.25826, -26495.228515625], [-123.85081, 48.26263, -27369.212890625]]], [[[-123.85486, 48.13258, -3021.52490234375], [-123.84652, 48.13496, -3869.340576171875], [-123.8599, 48.13832, -3798.246826171875], [-123.85486, 48.13258, -3021.52490234375]]], [[[-123.32931, 48.10602, -15366.060546875], [-123.33091, 48.10164, -14491.697265625], [-123.31769, 48.10217, -14905.8876953125], [-123.32931, 48.10602, -15366.060546875]]], [[[-123.3381, 48.03802, -2116.035888671875], [-123.35018, 48.03923, -2137.874267578125], [-123.34512, 48.03391, -1288.287841796875], [-123.3381, 48.03802, -2116.035888671875]]], [[[-123.4111, 48.17468, -25286.89453125], [-123.41698, 48.17995, -26126.181640625], [-123.42421, 48.17666, -25288.912109375], [-123.4111, 48.17468, -25286.89453125]]], [[[-123.89088, 48.25926, -26243.5625], [-123.90175, 48.26441, -26614.5625], [-123.90335, 48.26003, -25741.673828125], [-123.89088, 48.25926, -26243.5625]]], [[[-123.88141, 48.1263, -630.2671508789062], [-123.88995, 48.12399, 169.48489379882812], [-123.87734, 48.12084, 187.1415252685547], [-123.88141, 48.1263, -630.2671508789062]]], [[[-123.27826, 48.14052, -22586.837890625], [-123.26663, 48.13813, -22035.5859375], [-123.26502, 48.14251, -22910.166015625], [-123.27826, 48.14052, -22586.837890625]]], [[[-123.4111, 48.17468, -25286.89453125], [-123.40334, 48.17784, -26114.80859375], [-123.41698, 48.17995, -26126.181640625], [-123.4111, 48.17468, -25286.89453125]]], [[[-123.82097, 48.23604, -23495.732421875], [-123.83233, 48.24149, -23855.98046875], [-123.83398, 48.23709, -22979.03515625], [-123.82097, 48.23604, -23495.732421875]]], [[[-123.80685, 48.1063, -604.5048217773438], [-123.81526, 48.10383, 204.76303100585938], [-123.80256, 48.10086, 203.88063049316406], [-123.80685, 48.1063, -604.5048217773438]]], [[[-123.37933, 48.11564, -15276.001953125], [-123.36745, 48.11085, -14871.853515625], [-123.36586, 48.11522, -15747.1416015625], [-123.37933, 48.11564, -15276.001953125]]], [[[-123.37493, 48.05257, -3667.3193359375], [-123.38307, 48.04961, -2834.067138671875], [-123.36995, 48.04734, -2859.171630859375], [-123.37493, 48.05257, -3667.3193359375]]], [[[-123.3988, 48.17247, -25310.0], [-123.40334, 48.17784, -26114.80859375], [-123.4111, 48.17468, -25286.89453125], [-123.3988, 48.17247, -25310.0]]], [[[-123.88895, 48.22907, -20553.2578125], [-123.90211, 48.22859, -20136.56640625], [-123.89055, 48.22469, -19680.759765625], [-123.88895, 48.22907, -20553.2578125]]], [[[-123.37457, 48.12874, -17902.232421875], [-123.36268, 48.12395, -17497.705078125], [-123.36109, 48.12831, -18372.97265625], [-123.37457, 48.12874, -17902.232421875]]], [[[-123.34685, 48.05784, -5748.1357421875], [-123.33534, 48.05391, -5281.41015625], [-123.33366, 48.05834, -6164.55517578125], [-123.34685, 48.05784, -5748.1357421875]]], [[[-123.3988, 48.17247, -25310.0], [-123.38854, 48.17414, -26039.087890625], [-123.40334, 48.17784, -26114.80859375], [-123.3988, 48.17247, -25310.0]]], [[[-123.90692, 48.21544, -17519.283203125], [-123.90532, 48.21982, -18391.7109375], [-123.91773, 48.22065, -17885.68359375], [-123.90692, 48.21544, -17519.283203125]]], [[[-123.8386, 48.12412, -2204.548828125], [-123.83563, 48.11875, -1352.5977783203125], [-123.82719, 48.12107, -2168.497314453125], [-123.8386, 48.12412, -2204.548828125]]], [[[-123.34917, 48.12397, -17940.572265625], [-123.36268, 48.12395, -17497.705078125], [-123.35077, 48.1196, -17065.796875], [-123.34917, 48.12397, -17940.572265625]]], [[[-123.32776, 48.02971, -384.65753173828125], [-123.33993, 48.02954, -427.511962890625], [-123.33511, 48.02501, 464.26263427734375], [-123.32776, 48.02971, -384.65753173828125]]], [[[-123.3988, 48.17247, -25310.0], [-123.3878, 48.16842, -24983.146484375], [-123.38854, 48.17414, -26039.087890625], [-123.3988, 48.17247, -25310.0]]], [[[-123.69136, 48.14014, -11722.7275390625], [-123.68729, 48.13469, -10883.3662109375], [-123.67981, 48.13789, -11737.1875], [-123.69136, 48.14014, -11722.7275390625]]], [[[-123.32568, 48.08025, -10535.220703125], [-123.31235, 48.08182, -10884.0400390625], [-123.32408, 48.08464, -11409.3544921875], [-123.32568, 48.08025, -10535.220703125]]], [[[-123.51968, 48.11731, -11266.69921875], [-123.51288, 48.11276, -10454.625], [-123.50366, 48.11579, -11225.7568359375], [-123.51968, 48.11731, -11266.69921875]]], [[[-123.48726, 48.18637, -25085.447265625], [-123.47399, 48.18492, -25116.439453125], [-123.47987, 48.18998, -25913.255859375], [-123.48726, 48.18637, -25085.447265625]]], [[[-123.5003, 48.18744, -25121.466796875], [-123.49264, 48.19111, -25935.177734375], [-123.50569, 48.19237, -25962.236328125], [-123.5003, 48.18744, -25121.466796875]]], [[[-123.51271, 48.18887, -25105.541015625], [-123.5003, 48.18744, -25121.466796875], [-123.50569, 48.19237, -25962.236328125], [-123.51271, 48.18887, -25105.541015625]]], [[[-123.59427, 48.19696, -24927.044921875], [-123.60045, 48.20217, -25754.40234375], [-123.6088, 48.19862, -24936.46875], [-123.59427, 48.19696, -24927.044921875]]], [[[-123.60045, 48.20217, -25754.40234375], [-123.59241, 48.20558, -26605.6015625], [-123.60622, 48.20714, -26620.6953125], [-123.60045, 48.20217, -25754.40234375]]], [[[-123.62894, 48.20527, -25832.095703125], [-123.62046, 48.20846, -26669.57421875], [-123.63471, 48.2106, -26673.5234375], [-123.62894, 48.20527, -25832.095703125]]], [[[-123.64456, 48.20758, -25876.130859375], [-123.63471, 48.2106, -26673.5234375], [-123.65051, 48.2129, -26710.0859375], [-123.64456, 48.20758, -25876.130859375]]], [[[-123.66664, 48.21655, -26846.291015625], [-123.6562, 48.21832, -27568.76953125], [-123.67205, 48.22242, -27677.875], [-123.66664, 48.21655, -26846.291015625]]], [[[-123.63471, 48.2106, -26673.5234375], [-123.62612, 48.21374, -27517.44140625], [-123.64059, 48.21573, -27526.689453125], [-123.63471, 48.2106, -26673.5234375]]], [[[-123.62612, 48.21374, -27517.44140625], [-123.62046, 48.20846, -26669.57421875], [-123.6119, 48.21208, -27489.833984375], [-123.62612, 48.21374, -27517.44140625]]], [[[-123.6231, 48.22214, -29194.0234375], [-123.60903, 48.22059, -29176.501953125], [-123.6146, 48.2254, -30031.3984375], [-123.6231, 48.22214, -29194.0234375]]], [[[-123.46649, 48.1881, -25952.138671875], [-123.47217, 48.19324, -26740.115234375], [-123.47987, 48.18998, -25913.255859375], [-123.46649, 48.1881, -25952.138671875]]], [[[-123.6374, 48.22415, -29205.470703125], [-123.6231, 48.22214, -29194.0234375], [-123.62852, 48.22736, -30024.0859375], [-123.6374, 48.22415, -29205.470703125]]], [[[-123.6374, 48.22415, -29205.470703125], [-123.64315, 48.22939, -30026.326171875], [-123.65201, 48.22635, -29202.169921875], [-123.6374, 48.22415, -29205.470703125]]], [[[-123.49264, 48.19111, -25935.177734375], [-123.48509, 48.1948, -26749.806640625], [-123.49784, 48.19583, -26780.275390625], [-123.49264, 48.19111, -25935.177734375]]], [[[-123.64315, 48.22939, -30026.326171875], [-123.65737, 48.23167, -30029.625], [-123.65201, 48.22635, -29202.169921875], [-123.64315, 48.22939, -30026.326171875]]], [[[-123.47726, 48.1983, -27559.03125], [-123.48234, 48.20309, -28397.419921875], [-123.4902, 48.1995, -27596.26171875], [-123.47726, 48.1983, -27559.03125]]], [[[-123.65737, 48.23167, -30029.625], [-123.64848, 48.23455, -30848.6640625], [-123.6627, 48.23736, -30836.3671875], [-123.65737, 48.23167, -30029.625]]], [[[-123.48509, 48.1948, -26749.806640625], [-123.47217, 48.19324, -26740.115234375], [-123.47726, 48.1983, -27559.03125], [-123.48509, 48.1948, -26749.806640625]]], [[[-123.70715, 48.24546, -30453.46484375], [-123.71062, 48.24924, -31004.0703125], [-123.71789, 48.24753, -30456.533203125], [-123.70715, 48.24546, -30453.46484375]]], [[[-123.49557, 48.20422, -28434.748046875], [-123.48234, 48.20309, -28397.419921875], [-123.48752, 48.2078, -29241.76953125], [-123.49557, 48.20422, -28434.748046875]]], [[[-123.7152, 48.25455, -31858.70703125], [-123.72269, 48.25237, -31164.64453125], [-123.71062, 48.24924, -31004.0703125], [-123.7152, 48.25455, -31858.70703125]]], [[[-123.7152, 48.25455, -31858.70703125], [-123.71062, 48.24924, -31004.0703125], [-123.70431, 48.2504, -31484.267578125], [-123.7152, 48.25455, -31858.70703125]]], [[[-123.5162, 48.20247, -27618.029296875], [-123.50332, 48.2007, -27605.896484375], [-123.50829, 48.20581, -28438.56640625], [-123.5162, 48.20247, -27618.029296875]]], [[[-123.6627, 48.23736, -30836.3671875], [-123.65357, 48.23972, -31673.595703125], [-123.6671, 48.24274, -31640.4375], [-123.6627, 48.23736, -30836.3671875]]], [[[-123.85032, 48.22882, -20756.6875], [-123.84872, 48.2332, -21629.11328125], [-123.86216, 48.23206, -21256.841796875], [-123.85032, 48.22882, -20756.6875]]], [[[-123.69957, 48.25664, -32830.37890625], [-123.69759, 48.25261, -32175.1484375], [-123.68601, 48.25187, -32522.001953125], [-123.69957, 48.25664, -32830.37890625]]], [[[-123.86537, 48.22332, -19510.37109375], [-123.87881, 48.22157, -19174.66015625], [-123.86698, 48.21895, -18637.134765625], [-123.86537, 48.22332, -19510.37109375]]], [[[-123.8108, 48.22664, -22231.095703125], [-123.8242, 48.22729, -21746.55859375], [-123.81241, 48.22226, -21358.4375], [-123.8108, 48.22664, -22231.095703125]]], [[[-123.7152, 48.25455, -31858.70703125], [-123.72327, 48.25979, -32507.2265625], [-123.73131, 48.25715, -31707.5859375], [-123.7152, 48.25455, -31858.70703125]]], [[[-123.78874, 48.21181, -20604.638671875], [-123.80209, 48.21287, -20094.6015625], [-123.79034, 48.20745, -19731.029296875], [-123.78874, 48.21181, -20604.638671875]]], [[[-123.8092, 48.23104, -23108.220703125], [-123.8226, 48.23166, -22619.7890625], [-123.8108, 48.22664, -22231.095703125], [-123.8092, 48.23104, -23108.220703125]]], [[[-123.25219, 48.1775, -29906.810546875], [-123.24054, 48.17482, -29373.978515625], [-123.23893, 48.1792, -30248.416015625], [-123.25219, 48.1775, -29906.810546875]]], [[[-123.74, 48.25455, -30795.876953125], [-123.73131, 48.25715, -31707.5859375], [-123.74617, 48.26088, -31574.017578125], [-123.74, 48.25455, -30795.876953125]]], [[[-123.76179, 48.15949, -12431.9892578125], [-123.77739, 48.16497, -12685.140625], [-123.77069, 48.15731, -11734.27734375], [-123.76179, 48.15949, -12431.9892578125]]], [[[-123.74617, 48.26088, -31574.017578125], [-123.75508, 48.25862, -30755.4375], [-123.74, 48.25455, -30795.876953125], [-123.74617, 48.26088, -31574.017578125]]], [[[-123.24727, 48.19087, -32578.73046875], [-123.23572, 48.18795, -31997.29296875], [-123.23411, 48.19232, -32871.73046875], [-123.24727, 48.19087, -32578.73046875]]], [[[-123.75508, 48.25862, -30755.4375], [-123.74617, 48.26088, -31574.017578125], [-123.75961, 48.26422, -31580.5859375], [-123.75508, 48.25862, -30755.4375]]], [[[-123.69008, 48.12593, -9148.787109375], [-123.69794, 48.12298, -8281.7529296875], [-123.68599, 48.12047, -8277.26953125], [-123.69008, 48.12593, -9148.787109375]]], [[[-123.3157, 48.1803, -29773.40625], [-123.30373, 48.17609, -29356.08203125], [-123.30443, 48.18145, -30346.005859375], [-123.3157, 48.1803, -29773.40625]]], [[[-123.75961, 48.26422, -31580.5859375], [-123.76835, 48.26192, -30761.21875], [-123.75508, 48.25862, -30755.4375], [-123.75961, 48.26422, -31580.5859375]]], [[[-123.91134, 48.23816, -21377.234375], [-123.92184, 48.24384, -21711.34375], [-123.92345, 48.23944, -20839.640625], [-123.91134, 48.23816, -21377.234375]]], [[[-123.76835, 48.26192, -30761.21875], [-123.75961, 48.26422, -31580.5859375], [-123.77207, 48.26769, -31569.775390625], [-123.76835, 48.26192, -30761.21875]]], [[[-123.67217, 48.1048, -5639.8427734375], [-123.67732, 48.10983, -6508.97021484375], [-123.68503, 48.10646, -5659.65380859375], [-123.67217, 48.1048, -5639.8427734375]]], [[[-123.34492, 48.18425, -29435.791015625], [-123.33737, 48.18744, -30281.220703125], [-123.35031, 48.18982, -30239.5], [-123.34492, 48.18425, -29435.791015625]]], [[[-123.7804, 48.26555, -30723.1640625], [-123.76835, 48.26192, -30761.21875], [-123.77207, 48.26769, -31569.775390625], [-123.7804, 48.26555, -30723.1640625]]], [[[-123.71296, 48.11623, -6500.4267578125], [-123.70875, 48.11086, -5625.529296875], [-123.70114, 48.11404, -6497.91357421875], [-123.71296, 48.11623, -6500.4267578125]]], [[[-123.76414, 48.25633, -29935.4140625], [-123.76835, 48.26192, -30761.21875], [-123.77669, 48.25983, -29900.908203125], [-123.76414, 48.25633, -29935.4140625]]], [[[-123.78194, 48.16089, -11689.453125], [-123.79231, 48.1667, -12306.3583984375], [-123.79442, 48.16262, -11469.1796875], [-123.78194, 48.16089, -11689.453125]]], [[[-123.48013, 48.06773, -2825.6240234375], [-123.47623, 48.06296, -1948.1365966796875], [-123.46811, 48.06582, -2763.843017578125], [-123.48013, 48.06773, -2825.6240234375]]], [[[-123.63421, 48.23236, -30845.123046875], [-123.61996, 48.23046, -30860.673828125], [-123.62565, 48.2356, -31667.578125], [-123.63421, 48.23236, -30845.123046875]]], [[[-123.75524, 48.14889, -10696.513671875], [-123.75827, 48.15383, -11491.6826171875], [-123.76745, 48.15177, -10821.51953125], [-123.75524, 48.14889, -10696.513671875]]], [[[-123.60658, 48.07537, -1541.9068603515625], [-123.60128, 48.07061, -714.3824462890625], [-123.59398, 48.07426, -1533.9801025390625], [-123.60658, 48.07537, -1541.9068603515625]]], [[[-123.74996, 48.2527, -29907.787109375], [-123.75508, 48.25862, -30755.4375], [-123.76414, 48.25633, -29935.4140625], [-123.74996, 48.2527, -29907.787109375]]], [[[-123.43659, 48.22284, -33529.64453125], [-123.42865, 48.22604, -34367.20703125], [-123.44184, 48.22807, -34351.453125], [-123.43659, 48.22284, -33529.64453125]]], [[[-123.80224, 48.16113, -10779.2216796875], [-123.81318, 48.16324, -10518.23828125], [-123.80198, 48.15609, -9903.5166015625], [-123.80224, 48.16113, -10779.2216796875]]], [[[-123.74996, 48.2527, -29907.787109375], [-123.74, 48.25455, -30795.876953125], [-123.75508, 48.25862, -30755.4375], [-123.74996, 48.2527, -29907.787109375]]], [[[-123.52344, 48.08788, -5492.81396484375], [-123.51814, 48.08294, -4624.8330078125], [-123.50857, 48.08588, -5420.4033203125], [-123.52344, 48.08788, -5492.81396484375]]], [[[-123.72799, 48.0967, -2286.765380859375], [-123.73556, 48.09395, -1437.3487548828125], [-123.72377, 48.09115, -1463.8492431640625], [-123.72799, 48.0967, -2286.765380859375]]], [[[-123.7403, 48.09937, -2240.026123046875], [-123.74841, 48.09663, -1416.083984375], [-123.73556, 48.09395, -1437.3487548828125], [-123.7403, 48.09937, -2240.026123046875]]], [[[-123.71552, 48.09405, -2263.387939453125], [-123.72377, 48.09115, -1463.8492431640625], [-123.71039, 48.08881, -1455.981689453125], [-123.71552, 48.09405, -2263.387939453125]]], [[[-123.32995, 48.17642, -28440.93359375], [-123.31734, 48.17614, -28934.814453125], [-123.33017, 48.18183, -29441.818359375], [-123.32995, 48.17642, -28440.93359375]]], [[[-123.75789, 48.24295, -27766.779296875], [-123.76631, 48.24801, -28320.263671875], [-123.77516, 48.24556, -27435.314453125], [-123.75789, 48.24295, -27766.779296875]]], [[[-123.78582, 48.13251, -6430.55419921875], [-123.79393, 48.1302, -5538.85546875], [-123.78234, 48.12654, -5594.47412109375], [-123.78582, 48.13251, -6430.55419921875]]], [[[-123.76631, 48.24801, -28320.263671875], [-123.77271, 48.25397, -29079.87890625], [-123.7808, 48.25167, -28204.9921875], [-123.76631, 48.24801, -28320.263671875]]], [[[-123.42469, 48.19857, -29343.42578125], [-123.42948, 48.20405, -30157.080078125], [-123.43747, 48.20084, -29338.537109375], [-123.42469, 48.19857, -29343.42578125]]], [[[-123.76631, 48.24801, -28320.263671875], [-123.75887, 48.25074, -29145.921875], [-123.77271, 48.25397, -29079.87890625], [-123.76631, 48.24801, -28320.263671875]]], [[[-123.77271, 48.25397, -29079.87890625], [-123.75887, 48.25074, -29145.921875], [-123.76414, 48.25633, -29935.4140625], [-123.77271, 48.25397, -29079.87890625]]], [[[-123.48894, 48.22974, -33467.85546875], [-123.4949, 48.23473, -34287.2421875], [-123.50251, 48.23137, -33443.4921875], [-123.48894, 48.22974, -33467.85546875]]], [[[-123.72538, 48.13326, -9081.58203125], [-123.73256, 48.1299, -8177.22607421875], [-123.72126, 48.12762, -8232.6220703125], [-123.72538, 48.13326, -9081.58203125]]], [[[-123.77271, 48.25397, -29079.87890625], [-123.76414, 48.25633, -29935.4140625], [-123.77669, 48.25983, -29900.908203125], [-123.77271, 48.25397, -29079.87890625]]], [[[-123.52359, 48.22899, -32588.73828125], [-123.5293, 48.23425, -33416.5625], [-123.53679, 48.23057, -32554.8828125], [-123.52359, 48.22899, -32588.73828125]]], [[[-123.70226, 48.1285, -9133.3564453125], [-123.70954, 48.12499, -8249.3564453125], [-123.69794, 48.12298, -8281.7529296875], [-123.70226, 48.1285, -9133.3564453125]]], [[[-123.78539, 48.25769, -29050.419921875], [-123.77271, 48.25397, -29079.87890625], [-123.77669, 48.25983, -29900.908203125], [-123.78539, 48.25769, -29050.419921875]]], [[[-123.81318, 48.16324, -10518.23828125], [-123.81958, 48.16862, -11203.052734375], [-123.82675, 48.16417, -10069.6435546875], [-123.81318, 48.16324, -10518.23828125]]], [[[-123.7808, 48.25167, -28204.9921875], [-123.77271, 48.25397, -29079.87890625], [-123.78539, 48.25769, -29050.419921875], [-123.7808, 48.25167, -28204.9921875]]], [[[-123.51236, 48.21912, -30897.76171875], [-123.50427, 48.22263, -31737.5390625], [-123.51802, 48.22394, -31745.03515625], [-123.51236, 48.21912, -30897.76171875]]], [[[-123.73976, 48.14847, -11252.09765625], [-123.7347, 48.14419, -10722.4755859375], [-123.72836, 48.14721, -11534.935546875], [-123.73976, 48.14847, -11252.09765625]]], [[[-123.7808, 48.25167, -28204.9921875], [-123.78539, 48.25769, -29050.419921875], [-123.79351, 48.25514, -28212.576171875], [-123.7808, 48.25167, -28204.9921875]]], [[[-123.36567, 48.20598, -32761.009765625], [-123.3579, 48.20936, -33625.79296875], [-123.37119, 48.21127, -33605.2890625], [-123.36567, 48.20598, -32761.009765625]]], [[[-123.71516, 48.14507, -11693.8388671875], [-123.71076, 48.13937, -10855.5673828125], [-123.70293, 48.14228, -11696.7373046875], [-123.71516, 48.14507, -11693.8388671875]]], [[[-123.78942, 48.24927, -27326.78125], [-123.7808, 48.25167, -28204.9921875], [-123.79351, 48.25514, -28212.576171875], [-123.78942, 48.24927, -27326.78125]]], [[[-123.79571, 48.23042, -23593.037109375], [-123.80758, 48.23542, -23980.955078125], [-123.8092, 48.23104, -23108.220703125], [-123.79571, 48.23042, -23593.037109375]]], [[[-123.36038, 48.16825, -25820.76171875], [-123.36216, 48.1638, -24920.619140625], [-123.34838, 48.16324, -25374.91015625], [-123.36038, 48.16825, -25820.76171875]]], [[[-123.4272, 48.09833, -10370.10546875], [-123.41496, 48.09347, -9938.6669921875], [-123.41335, 48.09817, -10879.3212890625], [-123.4272, 48.09833, -10370.10546875]]], [[[-123.78126, 48.23377, -24964.748046875], [-123.79177, 48.23945, -25424.21875], [-123.79418, 48.23481, -24465.48046875], [-123.78126, 48.23377, -24964.748046875]]], [[[-123.42621, 48.13789, -17855.828125], [-123.41421, 48.13346, -17428.900390625], [-123.41262, 48.13782, -18304.376953125], [-123.42621, 48.13789, -17855.828125]]], [[[-123.46605, 48.10163, -9626.21484375], [-123.4746, 48.09812, -8809.115234375], [-123.46113, 48.09649, -8755.7587890625], [-123.46605, 48.10163, -9626.21484375]]], [[[-123.39516, 48.18033, -26920.671875], [-123.38737, 48.18313, -27773.658203125], [-123.40039, 48.18583, -27719.82421875], [-123.39516, 48.18033, -26920.671875]]], [[[-123.7543, 48.19583, -19502.82421875], [-123.76546, 48.20137, -19854.017578125], [-123.76707, 48.19699, -18981.240234375], [-123.7543, 48.19583, -19502.82421875]]], [[[-123.4746, 48.09812, -8809.115234375], [-123.48234, 48.09458, -7930.43408203125], [-123.46965, 48.09314, -7921.51806640625], [-123.4746, 48.09812, -8809.115234375]]], [[[-123.38509, 48.13761, -19201.65234375], [-123.3714, 48.13746, -19653.01171875], [-123.38351, 48.14197, -20076.939453125], [-123.38509, 48.13761, -19201.65234375]]], [[[-123.75754, 48.18706, -17758.603515625], [-123.75592, 48.19145, -18630.71484375], [-123.76868, 48.19262, -18108.46484375], [-123.75754, 48.18706, -17758.603515625]]], [[[-123.42142, 48.08401, -7940.4755859375], [-123.41754, 48.07861, -7049.79296875], [-123.40976, 48.08193, -7916.7578125], [-123.42142, 48.08401, -7940.4755859375]]], [[[-123.7474, 48.18298, -17325.53125], [-123.75754, 48.18706, -17758.603515625], [-123.75916, 48.18268, -16886.490234375], [-123.7474, 48.18298, -17325.53125]]], [[[-123.46224, 48.11017, -11342.2705078125], [-123.47092, 48.10651, -10503.8408203125], [-123.45729, 48.10467, -10444.810546875], [-123.46224, 48.11017, -11342.2705078125]]], [[[-123.42707, 48.09348, -9476.365234375], [-123.43515, 48.0915, -8771.890625], [-123.41849, 48.0883, -8847.3330078125], [-123.42707, 48.09348, -9476.365234375]]], [[[-123.75916, 48.18268, -16886.490234375], [-123.75754, 48.18706, -17758.603515625], [-123.77029, 48.18824, -17235.689453125], [-123.75916, 48.18268, -16886.490234375]]], [[[-123.46965, 48.09314, -7921.51806640625], [-123.46113, 48.09649, -8755.7587890625], [-123.4746, 48.09812, -8809.115234375], [-123.46965, 48.09314, -7921.51806640625]]], [[[-123.3714, 48.13746, -19653.01171875], [-123.35792, 48.13705, -20123.478515625], [-123.36981, 48.14183, -20528.38671875], [-123.3714, 48.13746, -19653.01171875]]], [[[-123.76707, 48.19699, -18981.240234375], [-123.77875, 48.20204, -19367.48046875], [-123.78037, 48.19766, -18495.091796875], [-123.76707, 48.19699, -18981.240234375]]], [[[-123.76384, 48.20572, -20723.669921875], [-123.77551, 48.2108, -21111.388671875], [-123.77714, 48.20643, -20239.873046875], [-123.76384, 48.20572, -20723.669921875]]], [[[-123.47946, 48.10335, -9674.6181640625], [-123.4746, 48.09812, -8809.115234375], [-123.46605, 48.10163, -9626.21484375], [-123.47946, 48.10335, -9674.6181640625]]], [[[-123.46601, 48.13757, -16533.26171875], [-123.45269, 48.13822, -16940.638671875], [-123.46443, 48.14195, -17407.658203125], [-123.46601, 48.13757, -16533.26171875]]], [[[-123.77714, 48.20643, -20239.873046875], [-123.78874, 48.21181, -20604.638671875], [-123.79034, 48.20745, -19731.029296875], [-123.77714, 48.20643, -20239.873046875]]], [[[-123.49576, 48.09715, -7963.9443359375], [-123.48234, 48.09458, -7930.43408203125], [-123.48725, 48.09984, -8796.005859375], [-123.49576, 48.09715, -7963.9443359375]]], [[[-123.39745, 48.14183, -19645.490234375], [-123.41104, 48.14218, -19179.841796875], [-123.39904, 48.13747, -18769.9375], [-123.39745, 48.14183, -19645.490234375]]], [[[-123.3714, 48.13746, -19653.01171875], [-123.36981, 48.14183, -20528.38671875], [-123.38351, 48.14197, -20076.939453125], [-123.3714, 48.13746, -19653.01171875]]], [[[-123.78198, 48.19328, -17622.705078125], [-123.79354, 48.19872, -17983.8203125], [-123.79514, 48.19436, -17110.21484375], [-123.78198, 48.19328, -17622.705078125]]], [[[-123.42707, 48.09348, -9476.365234375], [-123.4272, 48.09833, -10370.10546875], [-123.43976, 48.09691, -9671.3544921875], [-123.42707, 48.09348, -9476.365234375]]], [[[-123.39904, 48.13747, -18769.9375], [-123.38668, 48.13324, -18326.35546875], [-123.38509, 48.13761, -19201.65234375], [-123.39904, 48.13747, -18769.9375]]], [[[-123.3942, 48.07442, -7012.7763671875], [-123.40214, 48.07147, -6134.306640625], [-123.3903, 48.06896, -6180.73193359375], [-123.3942, 48.07442, -7012.7763671875]]], [[[-123.4272, 48.09833, -10370.10546875], [-123.41335, 48.09817, -10879.3212890625], [-123.4259, 48.10281, -11256.4541015625], [-123.4272, 48.09833, -10370.10546875]]], [[[-123.42707, 48.09348, -9476.365234375], [-123.41849, 48.0883, -8847.3330078125], [-123.41496, 48.09347, -9938.6669921875], [-123.42707, 48.09348, -9476.365234375]]], [[[-123.46443, 48.14195, -17407.658203125], [-123.45111, 48.14259, -17815.310546875], [-123.46285, 48.14633, -18282.03515625], [-123.46443, 48.14195, -17407.658203125]]], [[[-123.76396, 48.16948, -14262.78515625], [-123.7624, 48.17391, -15142.271484375], [-123.77512, 48.17511, -14617.3564453125], [-123.76396, 48.16948, -14262.78515625]]], [[[-123.33888, 48.07974, -10119.9140625], [-123.35194, 48.07993, -9659.8876953125], [-123.34048, 48.07536, -9245.55859375], [-123.33888, 48.07974, -10119.9140625]]], [[[-123.35843, 48.18722, -29404.220703125], [-123.35299, 48.18154, -28593.115234375], [-123.34492, 48.18425, -29435.791015625], [-123.35843, 48.18722, -29404.220703125]]], [[[-123.47569, 48.1119, -11397.708984375], [-123.47092, 48.10651, -10503.8408203125], [-123.46224, 48.11017, -11342.2705078125], [-123.47569, 48.1119, -11397.708984375]]], [[[-123.35841, 48.06245, -6150.47412109375], [-123.34526, 48.06222, -6622.49169921875], [-123.3567, 48.06683, -7033.9287109375], [-123.35841, 48.06245, -6150.47412109375]]], [[[-123.31235, 48.08182, -10884.0400390625], [-123.30068, 48.07964, -10319.8916015625], [-123.29908, 48.08399, -11196.1025390625], [-123.31235, 48.08182, -10884.0400390625]]], [[[-123.4358, 48.11171, -12601.728515625], [-123.45003, 48.11178, -12118.02734375], [-123.4374, 48.10716, -11691.802734375], [-123.4358, 48.11171, -12601.728515625]]], [[[-123.44608, 48.12041, -13901.1328125], [-123.43413, 48.11607, -13479.1279296875], [-123.43254, 48.12043, -14354.2490234375], [-123.44608, 48.12041, -13901.1328125]]], [[[-123.46918, 48.12882, -14785.416015625], [-123.45744, 48.12509, -14317.3515625], [-123.45585, 48.12947, -15191.244140625], [-123.46918, 48.12882, -14785.416015625]]], [[[-123.32248, 48.08902, -12283.48828125], [-123.31075, 48.08619, -11759.0693359375], [-123.30915, 48.09056, -12634.0986328125], [-123.32248, 48.08902, -12283.48828125]]], [[[-123.3942, 48.07442, -7012.7763671875], [-123.38151, 48.07128, -6950.294921875], [-123.38181, 48.07595, -7814.400390625], [-123.3942, 48.07442, -7012.7763671875]]], [[[-123.32727, 48.07587, -9661.087890625], [-123.31394, 48.07745, -10009.0107421875], [-123.32568, 48.08025, -10535.220703125], [-123.32727, 48.07587, -9661.087890625]]], [[[-123.47757, 48.14193, -16963.21484375], [-123.47907, 48.13751, -16086.9931640625], [-123.46601, 48.13757, -16533.26171875], [-123.47757, 48.14193, -16963.21484375]]], [[[-123.63421, 48.23236, -30845.123046875], [-123.62565, 48.2356, -31667.578125], [-123.6396, 48.23752, -31661.541015625], [-123.63421, 48.23236, -30845.123046875]]], [[[-123.46601, 48.13757, -16533.26171875], [-123.45427, 48.13384, -16065.9501953125], [-123.45269, 48.13822, -16940.638671875], [-123.46601, 48.13757, -16533.26171875]]], [[[-123.34048, 48.07536, -9245.55859375], [-123.34207, 48.07098, -8371.203125], [-123.32887, 48.07149, -8786.955078125], [-123.34048, 48.07536, -9245.55859375]]], [[[-123.85997, 48.20253, -15522.1279296875], [-123.8734, 48.20147, -15144.19140625], [-123.86158, 48.19815, -14649.701171875], [-123.85997, 48.20253, -15522.1279296875]]], [[[-123.31075, 48.08619, -11759.0693359375], [-123.32408, 48.08464, -11409.3544921875], [-123.31235, 48.08182, -10884.0400390625], [-123.31075, 48.08619, -11759.0693359375]]], [[[-123.36976, 48.0668, -6512.49951171875], [-123.37136, 48.06108, -5385.013671875], [-123.35841, 48.06245, -6150.47412109375], [-123.36976, 48.0668, -6512.49951171875]]], [[[-123.34367, 48.0666, -7496.84716796875], [-123.33206, 48.06272, -7038.6884765625], [-123.33046, 48.06711, -7912.8212890625], [-123.34367, 48.0666, -7496.84716796875]]], [[[-123.31554, 48.07308, -9133.9814453125], [-123.31714, 48.06872, -8258.9521484375], [-123.30388, 48.07095, -8567.4697265625], [-123.31554, 48.07308, -9133.9814453125]]], [[[-123.31075, 48.08619, -11759.0693359375], [-123.29908, 48.08399, -11196.1025390625], [-123.29748, 48.08834, -12072.3134765625], [-123.31075, 48.08619, -11759.0693359375]]], [[[-123.31075, 48.08619, -11759.0693359375], [-123.31235, 48.08182, -10884.0400390625], [-123.29908, 48.08399, -11196.1025390625], [-123.31075, 48.08619, -11759.0693359375]]], [[[-123.39745, 48.14183, -19645.490234375], [-123.38509, 48.13761, -19201.65234375], [-123.38351, 48.14197, -20076.939453125], [-123.39745, 48.14183, -19645.490234375]]], [[[-123.3714, 48.13746, -19653.01171875], [-123.37299, 48.1331, -18777.625], [-123.35951, 48.13268, -19248.228515625], [-123.3714, 48.13746, -19653.01171875]]], [[[-123.37933, 48.11564, -15276.001953125], [-123.38092, 48.11128, -14400.583984375], [-123.36745, 48.11085, -14871.853515625], [-123.37933, 48.11564, -15276.001953125]]], [[[-123.29704, 48.05501, -5418.55615234375], [-123.29863, 48.05063, -4543.9755859375], [-123.28541, 48.05226, -4889.69677734375], [-123.29704, 48.05501, -5418.55615234375]]], [[[-123.3381, 48.03802, -2116.035888671875], [-123.34051, 48.04321, -3143.84228515625], [-123.35018, 48.03923, -2137.874267578125], [-123.3381, 48.03802, -2116.035888671875]]], [[[-123.46478, 48.19652, -27580.375], [-123.46989, 48.20167, -28396.96484375], [-123.47726, 48.1983, -27559.03125], [-123.46478, 48.19652, -27580.375]]], [[[-123.83871, 48.25941, -26864.490234375], [-123.82543, 48.25897, -27355.376953125], [-123.83711, 48.2639, -27756.23828125], [-123.83871, 48.25941, -26864.490234375]]], [[[-123.89376, 48.21593, -17935.76171875], [-123.90692, 48.21544, -17519.283203125], [-123.89536, 48.21155, -17063.26171875], [-123.89376, 48.21593, -17935.76171875]]], [[[-123.47217, 48.19324, -26740.115234375], [-123.45931, 48.19115, -26806.087890625], [-123.46478, 48.19652, -27580.375], [-123.47217, 48.19324, -26740.115234375]]], [[[-123.9305, 48.18564, -10902.583984375], [-123.94274, 48.18672, -10379.212890625], [-123.9321, 48.18127, -10029.6962890625], [-123.9305, 48.18564, -10902.583984375]]], [[[-123.86436, 48.26101, -27026.958984375], [-123.85081, 48.26263, -27369.212890625], [-123.86276, 48.26539, -27899.595703125], [-123.86436, 48.26101, -27026.958984375]]], [[[-123.47987, 48.18998, -25913.255859375], [-123.47217, 48.19324, -26740.115234375], [-123.48509, 48.1948, -26749.806640625], [-123.47987, 48.18998, -25913.255859375]]], [[[-123.39144, 48.12014, -15700.4208984375], [-123.37775, 48.12001, -16151.41796875], [-123.38985, 48.12451, -16575.73828125], [-123.39144, 48.12014, -15700.4208984375]]], [[[-123.34863, 48.0479, -3819.0517578125], [-123.36091, 48.05, -3745.2021484375], [-123.35547, 48.04421, -2914.48046875], [-123.34863, 48.0479, -3819.0517578125]]], [[[-123.49264, 48.19111, -25935.177734375], [-123.49784, 48.19583, -26780.275390625], [-123.50569, 48.19237, -25962.236328125], [-123.49264, 48.19111, -25935.177734375]]], [[[-123.88761, 48.30083, -33922.265625], [-123.89114, 48.29544, -32748.251953125], [-123.88233, 48.29489, -33213.48046875], [-123.88761, 48.30083, -33922.265625]]], [[[-123.49784, 48.19583, -26780.275390625], [-123.4902, 48.1995, -27596.26171875], [-123.50332, 48.2007, -27605.896484375], [-123.49784, 48.19583, -26780.275390625]]], [[[-123.48509, 48.1948, -26749.806640625], [-123.47726, 48.1983, -27559.03125], [-123.4902, 48.1995, -27596.26171875], [-123.48509, 48.1948, -26749.806640625]]], [[[-123.48234, 48.20309, -28397.419921875], [-123.46989, 48.20167, -28396.96484375], [-123.47485, 48.20674, -29222.826171875], [-123.48234, 48.20309, -28397.419921875]]], [[[-123.51114, 48.19745, -26774.66015625], [-123.5162, 48.20247, -27618.029296875], [-123.52372, 48.19867, -26782.763671875], [-123.51114, 48.19745, -26774.66015625]]], [[[-123.53726, 48.20012, -26740.58984375], [-123.54411, 48.20509, -27528.923828125], [-123.5514, 48.20124, -26676.40625], [-123.53726, 48.20012, -26740.58984375]]], [[[-123.73256, 48.1299, -8177.22607421875], [-123.72844, 48.12436, -7316.24072265625], [-123.72126, 48.12762, -8232.6220703125], [-123.73256, 48.1299, -8177.22607421875]]], [[[-123.88574, 48.23783, -22298.255859375], [-123.89891, 48.23735, -21881.421875], [-123.88734, 48.23345, -21425.7578125], [-123.88574, 48.23783, -22298.255859375]]], [[[-123.5514, 48.20124, -26676.40625], [-123.55775, 48.20605, -27507.509765625], [-123.56509, 48.20248, -26639.54296875], [-123.5514, 48.20124, -26676.40625]]], [[[-123.88362, 48.20843, -16557.234375], [-123.88202, 48.21281, -17429.708984375], [-123.89536, 48.21155, -17063.26171875], [-123.88362, 48.20843, -16557.234375]]], [[[-123.56509, 48.20248, -26639.54296875], [-123.57088, 48.20772, -27465.38671875], [-123.57856, 48.204, -26617.337890625], [-123.56509, 48.20248, -26639.54296875]]], [[[-123.91933, 48.21628, -17012.796875], [-123.92988, 48.22187, -17352.83203125], [-123.93149, 48.21748, -16481.12890625], [-123.91933, 48.21628, -17012.796875]]], [[[-123.57856, 48.204, -26617.337890625], [-123.57088, 48.20772, -27465.38671875], [-123.58446, 48.20895, -27467.201171875], [-123.57856, 48.204, -26617.337890625]]], [[[-123.91294, 48.23378, -20504.34765625], [-123.92506, 48.23505, -19967.939453125], [-123.91454, 48.2294, -19631.458984375], [-123.91294, 48.23378, -20504.34765625]]], [[[-123.57856, 48.204, -26617.337890625], [-123.58446, 48.20895, -27467.201171875], [-123.59241, 48.20558, -26605.6015625], [-123.57856, 48.204, -26617.337890625]]], [[[-123.88523, 48.20405, -15684.7578125], [-123.89857, 48.20278, -15318.263671875], [-123.88683, 48.19967, -14812.2822265625], [-123.88523, 48.20405, -15684.7578125]]], [[[-123.59241, 48.20558, -26605.6015625], [-123.58446, 48.20895, -27467.201171875], [-123.59797, 48.21082, -27455.7265625], [-123.59241, 48.20558, -26605.6015625]]], [[[-123.6119, 48.21208, -27489.833984375], [-123.60622, 48.20714, -26620.6953125], [-123.59797, 48.21082, -27455.7265625], [-123.6119, 48.21208, -27489.833984375]]], [[[-123.74429, 48.10473, -3071.571044921875], [-123.7403, 48.09937, -2240.026123046875], [-123.73249, 48.10219, -3080.797607421875], [-123.74429, 48.10473, -3071.571044921875]]], [[[-123.60622, 48.20714, -26620.6953125], [-123.6119, 48.21208, -27489.833984375], [-123.62046, 48.20846, -26669.57421875], [-123.60622, 48.20714, -26620.6953125]]], [[[-123.74858, 48.11024, -3891.73486328125], [-123.76066, 48.11329, -3871.232177734375], [-123.75656, 48.10782, -3041.5048828125], [-123.74858, 48.11024, -3891.73486328125]]], [[[-123.9321, 48.18127, -10029.6962890625], [-123.92133, 48.17599, -9667.4287109375], [-123.91973, 48.18038, -10539.8583984375], [-123.9321, 48.18127, -10029.6962890625]]], [[[-123.6119, 48.21208, -27489.833984375], [-123.59797, 48.21082, -27455.7265625], [-123.60356, 48.21572, -28317.466796875], [-123.6119, 48.21208, -27489.833984375]]], [[[-123.8734, 48.20147, -15144.19140625], [-123.88683, 48.19967, -14812.2822265625], [-123.87501, 48.1971, -14270.955078125], [-123.8734, 48.20147, -15144.19140625]]], [[[-123.78049, 48.14068, -8205.146484375], [-123.7723, 48.14326, -9083.529296875], [-123.78376, 48.14663, -9050.53125], [-123.78049, 48.14068, -8205.146484375]]], [[[-123.6119, 48.21208, -27489.833984375], [-123.60356, 48.21572, -28317.466796875], [-123.61747, 48.21696, -28356.984375], [-123.6119, 48.21208, -27489.833984375]]], [[[-123.76407, 48.14658, -9931.28515625], [-123.7723, 48.14326, -9083.529296875], [-123.76125, 48.14112, -9021.9384765625], [-123.76407, 48.14658, -9931.28515625]]], [[[-123.60356, 48.21572, -28317.466796875], [-123.60903, 48.22059, -29176.501953125], [-123.61747, 48.21696, -28356.984375], [-123.60356, 48.21572, -28317.466796875]]], [[[-123.87019, 48.21021, -16890.662109375], [-123.88362, 48.20843, -16557.234375], [-123.8718, 48.20584, -16017.4267578125], [-123.87019, 48.21021, -16890.662109375]]], [[[-123.60356, 48.21572, -28317.466796875], [-123.59539, 48.21937, -29144.591796875], [-123.60903, 48.22059, -29176.501953125], [-123.60356, 48.21572, -28317.466796875]]], [[[-123.84174, 48.29163, -33142.97265625], [-123.84856, 48.29576, -33954.78125], [-123.85535, 48.29159, -33142.89453125], [-123.84174, 48.29163, -33142.97265625]]], [[[-123.88523, 48.20405, -15684.7578125], [-123.89696, 48.20717, -16190.7626953125], [-123.89857, 48.20278, -15318.263671875], [-123.88523, 48.20405, -15684.7578125]]], [[[-123.58991, 48.21423, -28307.4921875], [-123.59539, 48.21937, -29144.591796875], [-123.60356, 48.21572, -28317.466796875], [-123.58991, 48.21423, -28307.4921875]]], [[[-123.85997, 48.20253, -15522.1279296875], [-123.8718, 48.20584, -16017.4267578125], [-123.8734, 48.20147, -15144.19140625], [-123.85997, 48.20253, -15522.1279296875]]], [[[-123.74617, 48.26088, -31574.017578125], [-123.73805, 48.26305, -32421.169921875], [-123.75077, 48.26652, -32393.134765625], [-123.74617, 48.26088, -31574.017578125]]], [[[-123.89114, 48.29544, -32748.251953125], [-123.9025, 48.29655, -32171.771484375], [-123.89206, 48.29067, -31850.88671875], [-123.89114, 48.29544, -32748.251953125]]], [[[-123.58991, 48.21423, -28307.4921875], [-123.58201, 48.21758, -29168.17578125], [-123.59539, 48.21937, -29144.591796875], [-123.58991, 48.21423, -28307.4921875]]], [[[-123.75465, 48.27198, -33221.5859375], [-123.74622, 48.27439, -34037.7578125], [-123.75896, 48.27748, -34027.4609375], [-123.75465, 48.27198, -33221.5859375]]], [[[-123.90337, 48.18964, -12700.7666015625], [-123.90177, 48.19402, -13573.265625], [-123.91493, 48.19353, -13157.142578125], [-123.90337, 48.18964, -12700.7666015625]]], [[[-123.57658, 48.21264, -28317.41015625], [-123.58201, 48.21758, -29168.17578125], [-123.58991, 48.21423, -28307.4921875], [-123.57658, 48.21264, -28317.41015625]]], [[[-123.90175, 48.26441, -26614.5625], [-123.91217, 48.27019, -26941.556640625], [-123.91378, 48.2658, -26069.85546875], [-123.90175, 48.26441, -26614.5625]]], [[[-123.63635, 48.24584, -33321.69921875], [-123.64985, 48.24789, -33319.9609375], [-123.64473, 48.24269, -32488.86328125], [-123.63635, 48.24584, -33321.69921875]]], [[[-123.57658, 48.21264, -28317.41015625], [-123.56895, 48.21644, -29164.830078125], [-123.58201, 48.21758, -29168.17578125], [-123.57658, 48.21264, -28317.41015625]]], [[[-123.89003, 48.1909, -13067.330078125], [-123.90177, 48.19402, -13573.265625], [-123.90337, 48.18964, -12700.7666015625], [-123.89003, 48.1909, -13067.330078125]]], [[[-123.81687, 48.27497, -30685.947265625], [-123.80951, 48.27744, -31562.4140625], [-123.82088, 48.28053, -31495.96484375], [-123.81687, 48.27497, -30685.947265625]]], [[[-123.8349, 48.27395, -29691.83984375], [-123.84685, 48.27547, -29925.12109375], [-123.84764, 48.27137, -29115.21484375], [-123.8349, 48.27395, -29691.83984375]]], [[[-123.68396, 48.14313, -12578.9091796875], [-123.69136, 48.14014, -11722.7275390625], [-123.67981, 48.13789, -11737.1875], [-123.68396, 48.14313, -12578.9091796875]]], [[[-123.50829, 48.20581, -28438.56640625], [-123.51397, 48.21074, -29250.599609375], [-123.52224, 48.20716, -28443.064453125], [-123.50829, 48.20581, -28438.56640625]]], [[[-123.91773, 48.22065, -17885.68359375], [-123.92988, 48.22187, -17352.83203125], [-123.91933, 48.21628, -17012.796875], [-123.91773, 48.22065, -17885.68359375]]], [[[-123.30756, 48.09492, -13509.12890625], [-123.29588, 48.09269, -12948.5244140625], [-123.29428, 48.09704, -13824.7353515625], [-123.30756, 48.09492, -13509.12890625]]], [[[-123.90655, 48.25128, -23995.8984375], [-123.91862, 48.25262, -23454.748046875], [-123.90815, 48.24691, -23123.01171875], [-123.90655, 48.25128, -23995.8984375]]], [[[-123.50829, 48.20581, -28438.56640625], [-123.49557, 48.20422, -28434.748046875], [-123.50043, 48.20912, -29280.75390625], [-123.50829, 48.20581, -28438.56640625]]], [[[-123.8957, 48.24612, -23626.279296875], [-123.89409, 48.2505, -24498.70703125], [-123.90655, 48.25128, -23995.8984375], [-123.8957, 48.24612, -23626.279296875]]], [[[-123.48752, 48.2078, -29241.76953125], [-123.49259, 48.21258, -30095.990234375], [-123.50043, 48.20912, -29280.75390625], [-123.48752, 48.2078, -29241.76953125]]], [[[-123.90655, 48.25128, -23995.8984375], [-123.91701, 48.25702, -24326.44921875], [-123.91862, 48.25262, -23454.748046875], [-123.90655, 48.25128, -23995.8984375]]], [[[-123.62919, 48.09538, -4786.65185546875], [-123.62202, 48.09905, -5654.8583984375], [-123.63507, 48.10046, -5615.685546875], [-123.62919, 48.09538, -4786.65185546875]]], [[[-123.48752, 48.2078, -29241.76953125], [-123.47997, 48.21154, -30067.82421875], [-123.49259, 48.21258, -30095.990234375], [-123.48752, 48.2078, -29241.76953125]]], [[[-123.91013, 48.20667, -15774.4267578125], [-123.90852, 48.21106, -16646.853515625], [-123.92093, 48.2119, -16139.9091796875], [-123.91013, 48.20667, -15774.4267578125]]], [[[-123.5952, 48.09573, -5651.72119140625], [-123.6031, 48.09225, -4816.40478515625], [-123.58978, 48.0908, -4788.22119140625], [-123.5952, 48.09573, -5651.72119140625]]], [[[-123.47485, 48.20674, -29222.826171875], [-123.47997, 48.21154, -30067.82421875], [-123.48752, 48.2078, -29241.76953125], [-123.47485, 48.20674, -29222.826171875]]], [[[-123.58708, 48.09939, -6487.291015625], [-123.58162, 48.09444, -5613.955078125], [-123.57337, 48.09813, -6448.61669921875], [-123.58708, 48.09939, -6487.291015625]]], [[[-123.86357, 48.28811, -32361.482421875], [-123.86975, 48.29258, -33139.23828125], [-123.8791, 48.28982, -32347.78125], [-123.86357, 48.28811, -32361.482421875]]], [[[-123.47485, 48.20674, -29222.826171875], [-123.46713, 48.21003, -30056.283203125], [-123.47997, 48.21154, -30067.82421875], [-123.47485, 48.20674, -29222.826171875]]], [[[-123.868, 48.18062, -11159.9931640625], [-123.87982, 48.184, -11651.2470703125], [-123.88143, 48.17963, -10778.0107421875], [-123.868, 48.18062, -11159.9931640625]]], [[[-123.56378, 48.07934, -3149.8662109375], [-123.57179, 48.07619, -2332.644287109375], [-123.55774, 48.07474, -2323.42138671875], [-123.56378, 48.07934, -3149.8662109375]]], [[[-123.85052, 48.28117, -31039.01953125], [-123.86147, 48.28104, -31019.84375], [-123.85667, 48.2794, -30684.888671875], [-123.85052, 48.28117, -31039.01953125]]], [[[-123.46221, 48.20489, -29230.626953125], [-123.46713, 48.21003, -30056.283203125], [-123.47485, 48.20674, -29222.826171875], [-123.46221, 48.20489, -29230.626953125]]], [[[-123.79351, 48.25514, -28212.576171875], [-123.79784, 48.26085, -29067.498046875], [-123.80547, 48.25785, -28193.9765625], [-123.79351, 48.25514, -28212.576171875]]], [[[-123.61639, 48.09403, -4804.56298828125], [-123.6086, 48.09751, -5646.3193359375], [-123.62202, 48.09905, -5654.8583984375], [-123.61639, 48.09403, -4804.56298828125]]], [[[-123.84685, 48.27547, -29925.12109375], [-123.8349, 48.27395, -29691.83984375], [-123.83988, 48.27919, -30690.6640625], [-123.84685, 48.27547, -29925.12109375]]], [[[-123.46221, 48.20489, -29230.626953125], [-123.45507, 48.20803, -30096.4140625], [-123.46713, 48.21003, -30056.283203125], [-123.46221, 48.20489, -29230.626953125]]], [[[-123.90015, 48.26879, -27487.216796875], [-123.91217, 48.27019, -26941.556640625], [-123.90175, 48.26441, -26614.5625], [-123.90015, 48.26879, -27487.216796875]]], [[[-123.46221, 48.20489, -29230.626953125], [-123.45019, 48.20255, -29295.912109375], [-123.45507, 48.20803, -30096.4140625], [-123.46221, 48.20489, -29230.626953125]]], [[[-123.88767, 48.26803, -27988.5625], [-123.8745, 48.2685, -28405.748046875], [-123.88607, 48.27241, -28861.13671875], [-123.88767, 48.26803, -27988.5625]]], [[[-123.57984, 48.07312, -1525.3375244140625], [-123.58798, 48.06962, -728.4635620117188], [-123.57378, 48.06802, -731.8939819335938], [-123.57984, 48.07312, -1525.3375244140625]]], [[[-123.86147, 48.28104, -31019.84375], [-123.87141, 48.28129, -30930.296875], [-123.86321, 48.27778, -30362.85546875], [-123.86147, 48.28104, -31019.84375]]], [[[-123.46221, 48.20489, -29230.626953125], [-123.45729, 48.19949, -28430.244140625], [-123.45019, 48.20255, -29295.912109375], [-123.46221, 48.20489, -29230.626953125]]], [[[-123.90815, 48.24691, -23123.01171875], [-123.91862, 48.25262, -23454.748046875], [-123.92023, 48.24823, -22583.044921875], [-123.90815, 48.24691, -23123.01171875]]], [[[-123.51649, 48.06977, -2162.533447265625], [-123.52581, 48.06698, -1402.2689208984375], [-123.51118, 48.06462, -1343.0992431640625], [-123.51649, 48.06977, -2162.533447265625]]], [[[-123.8973, 48.24173, -22753.849609375], [-123.90815, 48.24691, -23123.01171875], [-123.90975, 48.24253, -22250.123046875], [-123.8973, 48.24173, -22753.849609375]]], [[[-123.46221, 48.20489, -29230.626953125], [-123.46989, 48.20167, -28396.96484375], [-123.45729, 48.19949, -28430.244140625], [-123.46221, 48.20489, -29230.626953125]]], [[[-123.86033, 48.27403, -29628.482421875], [-123.87229, 48.27722, -30128.603515625], [-123.87289, 48.27288, -29278.234375], [-123.86033, 48.27403, -29628.482421875]]], [[[-123.53635, 48.07626, -3089.701904296875], [-123.53109, 48.07162, -2243.626708984375], [-123.52181, 48.07486, -2998.956787109375], [-123.53635, 48.07626, -3089.701904296875]]], [[[-123.46989, 48.20167, -28396.96484375], [-123.46221, 48.20489, -29230.626953125], [-123.47485, 48.20674, -29222.826171875], [-123.46989, 48.20167, -28396.96484375]]], [[[-123.92412, 48.20315, -14394.1337890625], [-123.93471, 48.20869, -14737.724609375], [-123.93631, 48.2043, -13866.0224609375], [-123.92412, 48.20315, -14394.1337890625]]], [[[-123.66535, 48.08634, -2282.2578125], [-123.65157, 48.08467, -2287.443359375], [-123.65748, 48.08942, -3110.6123046875], [-123.66535, 48.08634, -2282.2578125]]], [[[-123.83988, 48.27919, -30690.6640625], [-123.83157, 48.28273, -31444.248046875], [-123.84387, 48.28363, -31555.671875], [-123.83988, 48.27919, -30690.6640625]]], [[[-123.44464, 48.19747, -28492.337890625], [-123.45019, 48.20255, -29295.912109375], [-123.45729, 48.19949, -28430.244140625], [-123.44464, 48.19747, -28492.337890625]]], [[[-123.84764, 48.27137, -29115.21484375], [-123.83424, 48.26877, -28773.115234375], [-123.8349, 48.27395, -29691.83984375], [-123.84764, 48.27137, -29115.21484375]]], [[[-123.85491, 48.18011, -11639.25390625], [-123.868, 48.18062, -11159.9931640625], [-123.85655, 48.17567, -10756.6982421875], [-123.85491, 48.18011, -11639.25390625]]], [[[-123.59398, 48.07426, -1533.9801025390625], [-123.58612, 48.0778, -2334.8349609375], [-123.59944, 48.07903, -2366.179931640625], [-123.59398, 48.07426, -1533.9801025390625]]], [[[-123.45019, 48.20255, -29295.912109375], [-123.44464, 48.19747, -28492.337890625], [-123.43747, 48.20084, -29338.537109375], [-123.45019, 48.20255, -29295.912109375]]], [[[-123.89114, 48.29544, -32748.251953125], [-123.88761, 48.30083, -33922.265625], [-123.89426, 48.30089, -33483.16015625], [-123.89114, 48.29544, -32748.251953125]]], [[[-123.67037, 48.09149, -3098.843017578125], [-123.66535, 48.08634, -2282.2578125], [-123.65748, 48.08942, -3110.6123046875], [-123.67037, 48.09149, -3098.843017578125]]], [[[-123.45019, 48.20255, -29295.912109375], [-123.43747, 48.20084, -29338.537109375], [-123.44292, 48.20594, -30146.353515625], [-123.45019, 48.20255, -29295.912109375]]], [[[-123.86962, 48.17621, -10281.58203125], [-123.88143, 48.17963, -10778.0107421875], [-123.88303, 48.17526, -9904.76953125], [-123.86962, 48.17621, -10281.58203125]]], [[[-123.44331, 48.04737, -244.26617431640625], [-123.45648, 48.04996, -263.3752746582031], [-123.45165, 48.04492, 560.3745727539062], [-123.44331, 48.04737, -244.26617431640625]]], [[[-123.45019, 48.20255, -29295.912109375], [-123.44292, 48.20594, -30146.353515625], [-123.45507, 48.20803, -30096.4140625], [-123.45019, 48.20255, -29295.912109375]]], [[[-123.44292, 48.20594, -30146.353515625], [-123.44801, 48.21117, -30975.505859375], [-123.45507, 48.20803, -30096.4140625], [-123.44292, 48.20594, -30146.353515625]]], [[[-123.8492, 48.267, -28242.75390625], [-123.86276, 48.26539, -27899.595703125], [-123.85081, 48.26263, -27369.212890625], [-123.8492, 48.267, -28242.75390625]]], [[[-123.43592, 48.05028, -1094.62744140625], [-123.42785, 48.05318, -1909.6827392578125], [-123.4406, 48.05567, -1897.483642578125], [-123.43592, 48.05028, -1094.62744140625]]], [[[-123.44801, 48.21117, -30975.505859375], [-123.44292, 48.20594, -30146.353515625], [-123.43501, 48.20913, -30979.673828125], [-123.44801, 48.21117, -30975.505859375]]], [[[-123.8745, 48.2685, -28405.748046875], [-123.88767, 48.26803, -27988.5625], [-123.87611, 48.26412, -27533.25], [-123.8745, 48.2685, -28405.748046875]]], [[[-123.54494, 48.22691, -31727.53515625], [-123.55283, 48.2232, -30880.041015625], [-123.53948, 48.22211, -30882.724609375], [-123.54494, 48.22691, -31727.53515625]]], [[[-123.86862, 48.28474, -31639.091796875], [-123.85708, 48.28362, -31542.423828125], [-123.86357, 48.28811, -32361.482421875], [-123.86862, 48.28474, -31639.091796875]]], [[[-123.31931, 48.20223, -33669.1015625], [-123.32407, 48.20764, -34494.8125], [-123.332, 48.20447, -33663.9140625], [-123.31931, 48.20223, -33669.1015625]]], [[[-123.80606, 48.16753, -11670.7861328125], [-123.80323, 48.17244, -12719.931640625], [-123.81651, 48.1734, -12218.08203125], [-123.80606, 48.16753, -11670.7861328125]]], [[[-123.8957, 48.24612, -23626.279296875], [-123.90655, 48.25128, -23995.8984375], [-123.90815, 48.24691, -23123.01171875], [-123.8957, 48.24612, -23626.279296875]]], [[[-123.56588, 48.07118, -1542.5550537109375], [-123.57984, 48.07312, -1525.3375244140625], [-123.57378, 48.06802, -731.8939819335938], [-123.56588, 48.07118, -1542.5550537109375]]], [[[-123.44801, 48.21117, -30975.505859375], [-123.43501, 48.20913, -30979.673828125], [-123.44004, 48.21436, -31823.58203125], [-123.44801, 48.21117, -30975.505859375]]], [[[-123.90975, 48.24253, -22250.123046875], [-123.92184, 48.24384, -21711.34375], [-123.91134, 48.23816, -21377.234375], [-123.90975, 48.24253, -22250.123046875]]], [[[-123.60335, 48.23744, -32516.087890625], [-123.59016, 48.23637, -32505.96875], [-123.59562, 48.2412, -33358.1640625], [-123.60335, 48.23744, -32516.087890625]]], [[[-123.89409, 48.2505, -24498.70703125], [-123.88092, 48.25098, -24915.751953125], [-123.89249, 48.25488, -25371.134765625], [-123.89409, 48.2505, -24498.70703125]]], [[[-123.26704, 48.17096, -28720.31640625], [-123.26864, 48.16661, -27844.103515625], [-123.2554, 48.16876, -28157.650390625], [-123.26704, 48.17096, -28720.31640625]]], [[[-123.88253, 48.2466, -24043.25390625], [-123.8957, 48.24612, -23626.279296875], [-123.88413, 48.24222, -23170.75390625], [-123.88253, 48.2466, -24043.25390625]]], [[[-123.44801, 48.21117, -30975.505859375], [-123.44004, 48.21436, -31823.58203125], [-123.4528, 48.21674, -31798.39453125], [-123.44801, 48.21117, -30975.505859375]]], [[[-123.88767, 48.26803, -27988.5625], [-123.89855, 48.27317, -28359.818359375], [-123.90015, 48.26879, -27487.216796875], [-123.88767, 48.26803, -27988.5625]]], [[[-123.44801, 48.21117, -30975.505859375], [-123.45988, 48.21346, -30913.3046875], [-123.45507, 48.20803, -30096.4140625], [-123.44801, 48.21117, -30975.505859375]]], [[[-123.89409, 48.2505, -24498.70703125], [-123.89249, 48.25488, -25371.134765625], [-123.90495, 48.25566, -24868.787109375], [-123.89409, 48.2505, -24498.70703125]]], [[[-123.61789, 48.08548, -3136.292724609375], [-123.61086, 48.089, -3979.905029296875], [-123.62353, 48.09037, -3961.1025390625], [-123.61789, 48.08548, -3136.292724609375]]], [[[-123.90335, 48.26003, -25741.673828125], [-123.91378, 48.2658, -26069.85546875], [-123.91539, 48.26141, -25198.15234375], [-123.90335, 48.26003, -25741.673828125]]], [[[-123.46713, 48.21003, -30056.283203125], [-123.45988, 48.21346, -30913.3046875], [-123.47216, 48.21516, -30889.37109375], [-123.46713, 48.21003, -30056.283203125]]], [[[-123.89409, 48.2505, -24498.70703125], [-123.90495, 48.25566, -24868.787109375], [-123.90655, 48.25128, -23995.8984375], [-123.89409, 48.2505, -24498.70703125]]], [[[-123.5978, 48.08723, -3972.73193359375], [-123.60548, 48.08379, -3155.8994140625], [-123.59157, 48.08255, -3170.339599609375], [-123.5978, 48.08723, -3972.73193359375]]], [[[-123.47997, 48.21154, -30067.82421875], [-123.47216, 48.21516, -30889.37109375], [-123.48487, 48.21632, -30930.0390625], [-123.47997, 48.21154, -30067.82421875]]], [[[-123.8973, 48.24173, -22753.849609375], [-123.8957, 48.24612, -23626.279296875], [-123.90815, 48.24691, -23123.01171875], [-123.8973, 48.24173, -22753.849609375]]], [[[-123.65401, 48.07657, -684.842529296875], [-123.66141, 48.07295, 125.56643676757812], [-123.64807, 48.07187, 123.47798156738281], [-123.65401, 48.07657, -684.842529296875]]], [[[-123.88253, 48.2466, -24043.25390625], [-123.89409, 48.2505, -24498.70703125], [-123.8957, 48.24612, -23626.279296875], [-123.88253, 48.2466, -24043.25390625]]], [[[-123.49259, 48.21258, -30095.990234375], [-123.47997, 48.21154, -30067.82421875], [-123.48487, 48.21632, -30930.0390625], [-123.49259, 48.21258, -30095.990234375]]], [[[-123.90372, 48.2242, -19264.138671875], [-123.90211, 48.22859, -20136.56640625], [-123.91454, 48.2294, -19631.458984375], [-123.90372, 48.2242, -19264.138671875]]], [[[-123.36109, 48.12831, -18372.97265625], [-123.34758, 48.12834, -18815.333984375], [-123.35951, 48.13268, -19248.228515625], [-123.36109, 48.12831, -18372.97265625]]], [[[-123.87078, 48.24348, -23537.037109375], [-123.86918, 48.24786, -24409.51171875], [-123.88253, 48.2466, -24043.25390625], [-123.87078, 48.24348, -23537.037109375]]], [[[-123.91778, 48.15021, -4848.236328125], [-123.93093, 48.1497, -4432.8408203125], [-123.91938, 48.14582, -3975.740478515625], [-123.91778, 48.15021, -4848.236328125]]], [[[-123.89891, 48.23735, -21881.421875], [-123.8973, 48.24173, -22753.849609375], [-123.90975, 48.24253, -22250.123046875], [-123.89891, 48.23735, -21881.421875]]], [[[-123.50043, 48.20912, -29280.75390625], [-123.49259, 48.21258, -30095.990234375], [-123.5062, 48.2142, -30086.0234375], [-123.50043, 48.20912, -29280.75390625]]], [[[-123.8319, 48.11327, -525.3228149414062], [-123.83998, 48.11077, 306.7193298339844], [-123.82732, 48.10777, 252.50611877441406], [-123.8319, 48.11327, -525.3228149414062]]], [[[-123.32352, 48.05124, -4758.83447265625], [-123.31187, 48.0492, -4186.416015625], [-123.31027, 48.05355, -5062.62646484375], [-123.32352, 48.05124, -4758.83447265625]]], [[[-123.52861, 48.21205, -29243.25390625], [-123.51397, 48.21074, -29250.599609375], [-123.5202, 48.21541, -30067.173828125], [-123.52861, 48.21205, -29243.25390625]]], [[[-123.26663, 48.13813, -22035.5859375], [-123.25499, 48.13543, -21504.029296875], [-123.25338, 48.1398, -22378.46875], [-123.26663, 48.13813, -22035.5859375]]], [[[-123.30521, 48.03324, -1066.566650390625], [-123.3033, 48.02954, -333.58984375], [-123.2934, 48.03038, -517.5036010742188], [-123.30521, 48.03324, -1066.566650390625]]], [[[-123.88286, 48.28117, -30606.28515625], [-123.89373, 48.28631, -30977.6171875], [-123.89534, 48.28193, -30105.017578125], [-123.88286, 48.28117, -30606.28515625]]], [[[-123.52861, 48.21205, -29243.25390625], [-123.5202, 48.21541, -30067.173828125], [-123.53421, 48.21718, -30049.701171875], [-123.52861, 48.21205, -29243.25390625]]], [[[-123.87141, 48.28129, -30930.296875], [-123.86862, 48.28474, -31639.091796875], [-123.88208, 48.28556, -31458.076171875], [-123.87141, 48.28129, -30930.296875]]], [[[-123.27464, 48.11626, -17662.68359375], [-123.27624, 48.11188, -16788.103515625], [-123.263, 48.11354, -17131.837890625], [-123.27464, 48.11626, -17662.68359375]]], [[[-123.84685, 48.27547, -29925.12109375], [-123.85544, 48.27683, -30170.16015625], [-123.86033, 48.27403, -29628.482421875], [-123.84685, 48.27547, -29925.12109375]]], [[[-123.30396, 48.03739, -1896.5677490234375], [-123.29181, 48.03475, -1391.9422607421875], [-123.29021, 48.03913, -2266.380859375], [-123.30396, 48.03739, -1896.5677490234375]]], [[[-123.85667, 48.2794, -30684.888671875], [-123.85544, 48.27683, -30170.16015625], [-123.84931, 48.27853, -30511.078125], [-123.85667, 48.2794, -30684.888671875]]], [[[-123.52861, 48.21205, -29243.25390625], [-123.53421, 48.21718, -30049.701171875], [-123.5421, 48.21357, -29195.7578125], [-123.52861, 48.21205, -29243.25390625]]], [[[-123.79351, 48.25514, -28212.576171875], [-123.78539, 48.25769, -29050.419921875], [-123.79784, 48.26085, -29067.498046875], [-123.79351, 48.25514, -28212.576171875]]], [[[-123.93069, 48.12957, -632.6893920898438], [-123.93808, 48.12624, 197.7350311279297], [-123.92577, 48.12467, 216.89613342285156], [-123.93069, 48.12957, -632.6893920898438]]], [[[-123.28836, 48.14734, -24009.458984375], [-123.27666, 48.14487, -23463.046875], [-123.27506, 48.14922, -24339.2578125], [-123.28836, 48.14734, -24009.458984375]]], [[[-123.37799, 48.04437, -2022.803955078125], [-123.39081, 48.04664, -1998.3160400390625], [-123.38566, 48.04133, -1188.7388916015625], [-123.37799, 48.04437, -2022.803955078125]]], [[[-123.74617, 48.26088, -31574.017578125], [-123.75077, 48.26652, -32393.134765625], [-123.75961, 48.26422, -31580.5859375], [-123.74617, 48.26088, -31574.017578125]]], [[[-123.5421, 48.21357, -29195.7578125], [-123.53421, 48.21718, -30049.701171875], [-123.54757, 48.21837, -30040.369140625], [-123.5421, 48.21357, -29195.7578125]]], [[[-123.86276, 48.26539, -27899.595703125], [-123.8492, 48.267, -28242.75390625], [-123.86115, 48.26977, -28772.4609375], [-123.86276, 48.26539, -27899.595703125]]], [[[-123.54757, 48.21837, -30040.369140625], [-123.55589, 48.21479, -29210.564453125], [-123.5421, 48.21357, -29195.7578125], [-123.54757, 48.21837, -30040.369140625]]], [[[-123.78942, 48.24927, -27326.78125], [-123.79351, 48.25514, -28212.576171875], [-123.80152, 48.25268, -27409.69140625], [-123.78942, 48.24927, -27326.78125]]], [[[-123.28997, 48.14297, -23134.431640625], [-123.29157, 48.1386, -22259.40625], [-123.27826, 48.14052, -22586.837890625], [-123.28997, 48.14297, -23134.431640625]]], [[[-123.84931, 48.27853, -30511.078125], [-123.85544, 48.27683, -30170.16015625], [-123.84685, 48.27547, -29925.12109375], [-123.84931, 48.27853, -30511.078125]]], [[[-123.28628, 48.11878, -18205.7890625], [-123.27304, 48.12063, -18537.263671875], [-123.28468, 48.12313, -19081.998046875], [-123.28628, 48.11878, -18205.7890625]]], [[[-123.75961, 48.26422, -31580.5859375], [-123.7635, 48.26972, -32406.50390625], [-123.77207, 48.26769, -31569.775390625], [-123.75961, 48.26422, -31580.5859375]]], [[[-123.33993, 48.02954, -427.511962890625], [-123.3536, 48.03115, -509.18994140625], [-123.34824, 48.02604, 290.53094482421875], [-123.33993, 48.02954, -427.511962890625]]], [[[-123.80942, 48.26345, -29049.408203125], [-123.80169, 48.26633, -29912.71875], [-123.81307, 48.26919, -29882.93359375], [-123.80942, 48.26345, -29049.408203125]]], [[[-123.55589, 48.21479, -29210.564453125], [-123.54757, 48.21837, -30040.369140625], [-123.56133, 48.21993, -30034.123046875], [-123.55589, 48.21479, -29210.564453125]]], [[[-123.75077, 48.26652, -32393.134765625], [-123.74227, 48.26891, -33219.6328125], [-123.75465, 48.27198, -33221.5859375], [-123.75077, 48.26652, -32393.134765625]]], [[[-123.56895, 48.21644, -29164.830078125], [-123.55589, 48.21479, -29210.564453125], [-123.56133, 48.21993, -30034.123046875], [-123.56895, 48.21644, -29164.830078125]]], [[[-123.85667, 48.2794, -30684.888671875], [-123.86321, 48.27778, -30362.85546875], [-123.85544, 48.27683, -30170.16015625], [-123.85667, 48.2794, -30684.888671875]]], [[[-123.27506, 48.14922, -24339.2578125], [-123.26342, 48.14688, -23784.748046875], [-123.26182, 48.15126, -24659.328125], [-123.27506, 48.14922, -24339.2578125]]], [[[-123.92891, 48.19002, -11775.470703125], [-123.94114, 48.19112, -11250.9150390625], [-123.9305, 48.18564, -10902.583984375], [-123.92891, 48.19002, -11775.470703125]]], [[[-123.42341, 48.04801, -1079.55029296875], [-123.41765, 48.04299, -279.5429992675781], [-123.40978, 48.046, -1075.1285400390625], [-123.42341, 48.04801, -1079.55029296875]]], [[[-123.56895, 48.21644, -29164.830078125], [-123.56133, 48.21993, -30034.123046875], [-123.57426, 48.22127, -30018.400390625], [-123.56895, 48.21644, -29164.830078125]]], [[[-123.57426, 48.22127, -30018.400390625], [-123.58201, 48.21758, -29168.17578125], [-123.56895, 48.21644, -29164.830078125], [-123.57426, 48.22127, -30018.400390625]]], [[[-123.32452, 48.11916, -17989.18359375], [-123.32612, 48.11478, -17114.8203125], [-123.31289, 48.11532, -17528.330078125], [-123.32452, 48.11916, -17989.18359375]]], [[[-123.89324, 48.18214, -11322.37890625], [-123.89164, 48.18652, -12194.8544921875], [-123.90497, 48.18526, -11828.267578125], [-123.89324, 48.18214, -11322.37890625]]], [[[-123.3536, 48.03115, -509.18994140625], [-123.36599, 48.03353, -483.5650939941406], [-123.36132, 48.02807, 311.6228942871094], [-123.3536, 48.03115, -509.18994140625]]], [[[-123.58201, 48.21758, -29168.17578125], [-123.57426, 48.22127, -30018.400390625], [-123.58735, 48.22279, -29994.5234375], [-123.58201, 48.21758, -29168.17578125]]], [[[-123.82555, 48.26381, -28233.04296875], [-123.83424, 48.26877, -28773.115234375], [-123.83711, 48.2639, -27756.23828125], [-123.82555, 48.26381, -28233.04296875]]], [[[-123.56727, 48.09292, -5623.6220703125], [-123.57524, 48.08961, -4777.48388671875], [-123.56174, 48.08768, -4790.98291015625], [-123.56727, 48.09292, -5623.6220703125]]], [[[-123.8478, 48.14901, -6357.58447265625], [-123.86011, 48.15266, -6400.52197265625], [-123.85603, 48.14647, -5479.1953125], [-123.8478, 48.14901, -6357.58447265625]]], [[[-123.85655, 48.17567, -10756.6982421875], [-123.868, 48.18062, -11159.9931640625], [-123.86962, 48.17621, -10281.58203125], [-123.85655, 48.17567, -10756.6982421875]]], [[[-123.58735, 48.22279, -29994.5234375], [-123.59539, 48.21937, -29144.591796875], [-123.58201, 48.21758, -29168.17578125], [-123.58735, 48.22279, -29994.5234375]]], [[[-123.59539, 48.21937, -29144.591796875], [-123.58735, 48.22279, -29994.5234375], [-123.6007, 48.22423, -30003.314453125], [-123.59539, 48.21937, -29144.591796875]]], [[[-123.87239, 48.2391, -22664.5625], [-123.87078, 48.24348, -23537.037109375], [-123.88413, 48.24222, -23170.75390625], [-123.87239, 48.2391, -22664.5625]]], [[[-123.60903, 48.22059, -29176.501953125], [-123.59539, 48.21937, -29144.591796875], [-123.6007, 48.22423, -30003.314453125], [-123.60903, 48.22059, -29176.501953125]]], [[[-123.80547, 48.25785, -28193.9765625], [-123.79784, 48.26085, -29067.498046875], [-123.80942, 48.26345, -29049.408203125], [-123.80547, 48.25785, -28193.9765625]]], [[[-123.58735, 48.22279, -29994.5234375], [-123.5795, 48.22616, -30858.103515625], [-123.59248, 48.22786, -30828.212890625], [-123.58735, 48.22279, -29994.5234375]]], [[[-123.57426, 48.22127, -30018.400390625], [-123.5795, 48.22616, -30858.103515625], [-123.58735, 48.22279, -29994.5234375], [-123.57426, 48.22127, -30018.400390625]]], [[[-123.83988, 48.27919, -30690.6640625], [-123.82753, 48.27724, -30610.51171875], [-123.83157, 48.28273, -31444.248046875], [-123.83988, 48.27919, -30690.6640625]]], [[[-123.5795, 48.22616, -30858.103515625], [-123.57426, 48.22127, -30018.400390625], [-123.56641, 48.22504, -30863.6328125], [-123.5795, 48.22616, -30858.103515625]]], [[[-123.83711, 48.2639, -27756.23828125], [-123.83424, 48.26877, -28773.115234375], [-123.8492, 48.267, -28242.75390625], [-123.83711, 48.2639, -27756.23828125]]], [[[-123.55664, 48.10472, -8155.8828125], [-123.55008, 48.09987, -7293.38623046875], [-123.54106, 48.10336, -8114.52783203125], [-123.55664, 48.10472, -8155.8828125]]], [[[-123.85784, 48.17075, -9800.5], [-123.86962, 48.17621, -10281.58203125], [-123.87173, 48.17105, -9244.6142578125], [-123.85784, 48.17075, -9800.5]]], [[[-123.5795, 48.22616, -30858.103515625], [-123.56641, 48.22504, -30863.6328125], [-123.57176, 48.22984, -31710.15234375], [-123.5795, 48.22616, -30858.103515625]]], [[[-123.80547, 48.25785, -28193.9765625], [-123.80942, 48.26345, -29049.408203125], [-123.81585, 48.26025, -28125.302734375], [-123.80547, 48.25785, -28193.9765625]]], [[[-123.90978, 48.17211, -9210.76171875], [-123.92293, 48.17161, -8794.994140625], [-123.91143, 48.16774, -8338.4814453125], [-123.90978, 48.17211, -9210.76171875]]], [[[-123.85052, 48.28117, -31039.01953125], [-123.85708, 48.28362, -31542.423828125], [-123.86147, 48.28104, -31019.84375], [-123.85052, 48.28117, -31039.01953125]]], [[[-123.40696, 48.11566, -14392.0478515625], [-123.42054, 48.116, -13926.9150390625], [-123.40854, 48.1113, -13516.4443359375], [-123.40696, 48.11566, -14392.0478515625]]], [[[-123.83711, 48.2639, -27756.23828125], [-123.8492, 48.267, -28242.75390625], [-123.85081, 48.26263, -27369.212890625], [-123.83711, 48.2639, -27756.23828125]]], [[[-123.5795, 48.22616, -30858.103515625], [-123.57176, 48.22984, -31710.15234375], [-123.58464, 48.23133, -31682.4609375], [-123.5795, 48.22616, -30858.103515625]]], [[[-123.86147, 48.28104, -31019.84375], [-123.86321, 48.27778, -30362.85546875], [-123.85667, 48.2794, -30684.888671875], [-123.86147, 48.28104, -31019.84375]]], [[[-123.5293, 48.23425, -33416.5625], [-123.51572, 48.23254, -33440.91796875], [-123.52162, 48.23753, -34258.46484375], [-123.5293, 48.23425, -33416.5625]]], [[[-123.85052, 48.28117, -31039.01953125], [-123.84931, 48.27853, -30511.078125], [-123.83988, 48.27919, -30690.6640625], [-123.85052, 48.28117, -31039.01953125]]], [[[-123.9088, 48.12877, -648.10302734375], [-123.91976, 48.12861, -630.8294677734375], [-123.91452, 48.12419, 214.7665557861328], [-123.9088, 48.12877, -648.10302734375]]], [[[-123.66305, 48.25086, -33291.55078125], [-123.6718, 48.24821, -32460.484375], [-123.65844, 48.24526, -32478.029296875], [-123.66305, 48.25086, -33291.55078125]]], [[[-123.4374, 48.10716, -11691.802734375], [-123.44077, 48.10202, -10619.2041015625], [-123.4259, 48.10281, -11256.4541015625], [-123.4374, 48.10716, -11691.802734375]]], [[[-123.86033, 48.27403, -29628.482421875], [-123.87289, 48.27288, -29278.234375], [-123.86115, 48.26977, -28772.4609375], [-123.86033, 48.27403, -29628.482421875]]], [[[-123.58464, 48.23133, -31682.4609375], [-123.59248, 48.22786, -30828.212890625], [-123.5795, 48.22616, -30858.103515625], [-123.58464, 48.23133, -31682.4609375]]], [[[-123.9017, 48.133, -1423.1207275390625], [-123.9088, 48.12877, -648.10302734375], [-123.89595, 48.1286, -640.8634033203125], [-123.9017, 48.133, -1423.1207275390625]]], [[[-123.59248, 48.22786, -30828.212890625], [-123.58464, 48.23133, -31682.4609375], [-123.59795, 48.23263, -31668.158203125], [-123.59248, 48.22786, -30828.212890625]]], [[[-123.82015, 48.2666, -28999.69921875], [-123.80942, 48.26345, -29049.408203125], [-123.81307, 48.26919, -29882.93359375], [-123.82015, 48.2666, -28999.69921875]]], [[[-123.44124, 48.13345, -16539.935546875], [-123.42779, 48.13353, -16980.447265625], [-123.43967, 48.13779, -17416.74609375], [-123.44124, 48.13345, -16539.935546875]]], [[[-123.86276, 48.26539, -27899.595703125], [-123.8745, 48.2685, -28405.748046875], [-123.87611, 48.26412, -27533.25], [-123.86276, 48.26539, -27899.595703125]]], [[[-123.6062, 48.22903, -30848.564453125], [-123.59248, 48.22786, -30828.212890625], [-123.59795, 48.23263, -31668.158203125], [-123.6062, 48.22903, -30848.564453125]]], [[[-123.86033, 48.27403, -29628.482421875], [-123.86321, 48.27778, -30362.85546875], [-123.87229, 48.27722, -30128.603515625], [-123.86033, 48.27403, -29628.482421875]]], [[[-123.45776, 48.22223, -32630.66015625], [-123.46248, 48.22753, -33493.2109375], [-123.46964, 48.2239, -32613.75], [-123.45776, 48.22223, -32630.66015625]]], [[[-123.86147, 48.28104, -31019.84375], [-123.85708, 48.28362, -31542.423828125], [-123.86862, 48.28474, -31639.091796875], [-123.86147, 48.28104, -31019.84375]]], [[[-123.62852, 48.22736, -30024.0859375], [-123.61996, 48.23046, -30860.673828125], [-123.63421, 48.23236, -30845.123046875], [-123.62852, 48.22736, -30024.0859375]]], [[[-123.88761, 48.30083, -33922.265625], [-123.89927, 48.30534, -33915.17578125], [-123.89426, 48.30089, -33483.16015625], [-123.88761, 48.30083, -33922.265625]]], [[[-123.6396, 48.23752, -31661.541015625], [-123.62565, 48.2356, -31667.578125], [-123.63115, 48.24064, -32492.6796875], [-123.6396, 48.23752, -31661.541015625]]], [[[-123.91976, 48.12861, -630.8294677734375], [-123.93069, 48.12957, -632.6893920898438], [-123.92577, 48.12467, 216.89613342285156], [-123.91976, 48.12861, -630.8294677734375]]], [[[-123.91976, 48.12861, -630.8294677734375], [-123.92577, 48.12467, 216.89613342285156], [-123.91452, 48.12419, 214.7665557861328], [-123.91976, 48.12861, -630.8294677734375]]], [[[-123.43096, 48.1248, -15229.6650390625], [-123.41896, 48.12037, -14802.4306640625], [-123.41737, 48.12473, -15677.931640625], [-123.43096, 48.1248, -15229.6650390625]]], [[[-123.8018, 48.24855, -26638.935546875], [-123.81347, 48.25437, -27198.619140625], [-123.8156, 48.24932, -26175.212890625], [-123.8018, 48.24855, -26638.935546875]]], [[[-123.6396, 48.23752, -31661.541015625], [-123.63115, 48.24064, -32492.6796875], [-123.64473, 48.24269, -32488.86328125], [-123.6396, 48.23752, -31661.541015625]]], [[[-123.8791, 48.28982, -32347.78125], [-123.86975, 48.29258, -33139.23828125], [-123.88233, 48.29489, -33213.48046875], [-123.8791, 48.28982, -32347.78125]]], [[[-123.63115, 48.24064, -32492.6796875], [-123.63635, 48.24584, -33321.69921875], [-123.64473, 48.24269, -32488.86328125], [-123.63115, 48.24064, -32492.6796875]]], [[[-123.91618, 48.15459, -5720.7314453125], [-123.91463, 48.15897, -6593.45947265625], [-123.92773, 48.15846, -6177.6943359375], [-123.91618, 48.15459, -5720.7314453125]]], [[[-123.44795, 48.07972, -6171.82861328125], [-123.45622, 48.07653, -5333.56005859375], [-123.44415, 48.07452, -5283.21240234375], [-123.44795, 48.07972, -6171.82861328125]]], [[[-123.7923, 48.282, -33190.01171875], [-123.79676, 48.28743, -33997.00390625], [-123.80544, 48.28522, -33189.60546875], [-123.7923, 48.282, -33190.01171875]]], [[[-123.63115, 48.24064, -32492.6796875], [-123.62302, 48.24398, -33330.0], [-123.63635, 48.24584, -33321.69921875], [-123.63115, 48.24064, -32492.6796875]]], [[[-123.84912, 48.28759, -32321.765625], [-123.83628, 48.28732, -32307.41015625], [-123.84174, 48.29163, -33142.97265625], [-123.84912, 48.28759, -32321.765625]]], [[[-123.63115, 48.24064, -32492.6796875], [-123.61742, 48.23879, -32511.525390625], [-123.62302, 48.24398, -33330.0], [-123.63115, 48.24064, -32492.6796875]]], [[[-123.89855, 48.27317, -28359.818359375], [-123.90895, 48.27898, -28684.9609375], [-123.91056, 48.27459, -27813.259765625], [-123.89855, 48.27317, -28359.818359375]]], [[[-123.62565, 48.2356, -31667.578125], [-123.61742, 48.23879, -32511.525390625], [-123.63115, 48.24064, -32492.6796875], [-123.62565, 48.2356, -31667.578125]]], [[[-123.61162, 48.23378, -31694.185546875], [-123.61742, 48.23879, -32511.525390625], [-123.62565, 48.2356, -31667.578125], [-123.61162, 48.23378, -31694.185546875]]], [[[-123.88446, 48.27679, -29733.7109375], [-123.88286, 48.28117, -30606.28515625], [-123.89534, 48.28193, -30105.017578125], [-123.88446, 48.27679, -29733.7109375]]], [[[-123.87173, 48.17105, -9244.6142578125], [-123.86779, 48.16612, -8517.4423828125], [-123.8549, 48.16564, -9004.1201171875], [-123.87173, 48.17105, -9244.6142578125]]], [[[-123.80285, 48.24427, -25806.59765625], [-123.8018, 48.24855, -26638.935546875], [-123.8156, 48.24932, -26175.212890625], [-123.80285, 48.24427, -25806.59765625]]], [[[-123.49576, 48.09715, -7963.9443359375], [-123.50976, 48.09945, -7970.2880859375], [-123.50436, 48.09419, -7106.47607421875], [-123.49576, 48.09715, -7963.9443359375]]], [[[-123.8018, 48.24855, -26638.935546875], [-123.80152, 48.25268, -27409.69140625], [-123.81347, 48.25437, -27198.619140625], [-123.8018, 48.24855, -26638.935546875]]], [[[-123.61742, 48.23879, -32511.525390625], [-123.61162, 48.23378, -31694.185546875], [-123.60335, 48.23744, -32516.087890625], [-123.61742, 48.23879, -32511.525390625]]], [[[-123.66305, 48.25086, -33291.55078125], [-123.65477, 48.25331, -34118.68359375], [-123.66759, 48.25622, -34106.4140625], [-123.66305, 48.25086, -33291.55078125]]], [[[-123.48613, 48.08619, -6236.62255859375], [-123.47745, 48.08932, -7059.6533203125], [-123.49106, 48.09154, -7104.25146484375], [-123.48613, 48.08619, -6236.62255859375]]], [[[-123.86862, 48.28474, -31639.091796875], [-123.86357, 48.28811, -32361.482421875], [-123.8791, 48.28982, -32347.78125], [-123.86862, 48.28474, -31639.091796875]]], [[[-123.61742, 48.23879, -32511.525390625], [-123.60335, 48.23744, -32516.087890625], [-123.60934, 48.24219, -33353.57421875], [-123.61742, 48.23879, -32511.525390625]]], [[[-123.89534, 48.28193, -30105.017578125], [-123.90734, 48.28337, -29556.6640625], [-123.89694, 48.27755, -29232.41796875], [-123.89534, 48.28193, -30105.017578125]]], [[[-123.61742, 48.23879, -32511.525390625], [-123.60934, 48.24219, -33353.57421875], [-123.62302, 48.24398, -33330.0], [-123.61742, 48.23879, -32511.525390625]]], [[[-123.65844, 48.24526, -32478.029296875], [-123.64473, 48.24269, -32488.86328125], [-123.64985, 48.24789, -33319.9609375], [-123.65844, 48.24526, -32478.029296875]]], [[[-123.93093, 48.1497, -4432.8408203125], [-123.91778, 48.15021, -4848.236328125], [-123.92933, 48.15408, -5305.267578125], [-123.93093, 48.1497, -4432.8408203125]]], [[[-123.80285, 48.24427, -25806.59765625], [-123.81747, 48.24478, -25257.03125], [-123.80578, 48.2398, -24861.97265625], [-123.80285, 48.24427, -25806.59765625]]], [[[-123.48613, 48.08619, -6236.62255859375], [-123.49451, 48.08305, -5392.59912109375], [-123.48107, 48.08095, -5369.669921875], [-123.48613, 48.08619, -6236.62255859375]]], [[[-123.84387, 48.28363, -31555.671875], [-123.84912, 48.28759, -32321.765625], [-123.85708, 48.28362, -31542.423828125], [-123.84387, 48.28363, -31555.671875]]], [[[-123.60934, 48.24219, -33353.57421875], [-123.61522, 48.24715, -34156.01171875], [-123.62302, 48.24398, -33330.0], [-123.60934, 48.24219, -33353.57421875]]], [[[-123.88446, 48.27679, -29733.7109375], [-123.89534, 48.28193, -30105.017578125], [-123.89694, 48.27755, -29232.41796875], [-123.88446, 48.27679, -29733.7109375]]], [[[-123.60934, 48.24219, -33353.57421875], [-123.60183, 48.24587, -34169.16015625], [-123.61522, 48.24715, -34156.01171875], [-123.60934, 48.24219, -33353.57421875]]], [[[-123.59562, 48.2412, -33358.1640625], [-123.60183, 48.24587, -34169.16015625], [-123.60934, 48.24219, -33353.57421875], [-123.59562, 48.2412, -33358.1640625]]], [[[-123.86357, 48.28811, -32361.482421875], [-123.85535, 48.29159, -33142.89453125], [-123.86975, 48.29258, -33139.23828125], [-123.86357, 48.28811, -32361.482421875]]], [[[-123.47247, 48.08438, -6176.228515625], [-123.46769, 48.07941, -5291.30908203125], [-123.46, 48.08225, -6192.6552734375], [-123.47247, 48.08438, -6176.228515625]]], [[[-123.69957, 48.25664, -32830.37890625], [-123.69015, 48.25732, -33349.77734375], [-123.70381, 48.26139, -33501.95703125], [-123.69957, 48.25664, -32830.37890625]]], [[[-123.59562, 48.2412, -33358.1640625], [-123.58836, 48.24492, -34184.50390625], [-123.60183, 48.24587, -34169.16015625], [-123.59562, 48.2412, -33358.1640625]]], [[[-123.58275, 48.23999, -33368.45703125], [-123.58836, 48.24492, -34184.50390625], [-123.59562, 48.2412, -33358.1640625], [-123.58275, 48.23999, -33368.45703125]]], [[[-123.88143, 48.17963, -10778.0107421875], [-123.89484, 48.17776, -10449.90234375], [-123.88303, 48.17526, -9904.76953125], [-123.88143, 48.17963, -10778.0107421875]]], [[[-123.63635, 48.24584, -33321.69921875], [-123.62848, 48.24899, -34143.3828125], [-123.64171, 48.25094, -34130.86328125], [-123.63635, 48.24584, -33321.69921875]]], [[[-123.47092, 48.10651, -10503.8408203125], [-123.47946, 48.10335, -9674.6181640625], [-123.46605, 48.10163, -9626.21484375], [-123.47092, 48.10651, -10503.8408203125]]], [[[-123.84387, 48.28363, -31555.671875], [-123.83157, 48.28273, -31444.248046875], [-123.83628, 48.28732, -32307.41015625], [-123.84387, 48.28363, -31555.671875]]], [[[-123.58275, 48.23999, -33368.45703125], [-123.57507, 48.24322, -34199.4140625], [-123.58836, 48.24492, -34184.50390625], [-123.58275, 48.23999, -33368.45703125]]], [[[-123.73805, 48.26305, -32421.169921875], [-123.72327, 48.25979, -32507.2265625], [-123.72969, 48.26515, -33255.08203125], [-123.73805, 48.26305, -32421.169921875]]], [[[-123.56908, 48.23834, -33392.20703125], [-123.57507, 48.24322, -34199.4140625], [-123.58275, 48.23999, -33368.45703125], [-123.56908, 48.23834, -33392.20703125]]], [[[-123.83628, 48.28732, -32307.41015625], [-123.82914, 48.29136, -33129.3671875], [-123.84174, 48.29163, -33142.97265625], [-123.83628, 48.28732, -32307.41015625]]], [[[-123.90234, 48.16453, -7843.9033203125], [-123.91143, 48.16774, -8338.4814453125], [-123.9132, 48.16337, -7466.69970703125], [-123.90234, 48.16453, -7843.9033203125]]], [[[-123.88286, 48.28117, -30606.28515625], [-123.88208, 48.28556, -31458.076171875], [-123.89373, 48.28631, -30977.6171875], [-123.88286, 48.28117, -30606.28515625]]], [[[-123.93253, 48.14531, -3560.4140625], [-123.91938, 48.14582, -3975.740478515625], [-123.93093, 48.1497, -4432.8408203125], [-123.93253, 48.14531, -3560.4140625]]], [[[-123.55606, 48.23702, -33399.82421875], [-123.54836, 48.24032, -34229.73046875], [-123.56165, 48.24203, -34214.8203125], [-123.55606, 48.23702, -33399.82421875]]], [[[-123.54232, 48.23544, -33414.07421875], [-123.54836, 48.24032, -34229.73046875], [-123.55606, 48.23702, -33399.82421875], [-123.54232, 48.23544, -33414.07421875]]], [[[-123.80198, 48.15609, -9903.5166015625], [-123.79651, 48.15001, -9064.75390625], [-123.7879, 48.15253, -9891.6640625], [-123.80198, 48.15609, -9903.5166015625]]], [[[-123.49239, 48.1054, -9622.4267578125], [-123.49772, 48.1107, -10416.0166015625], [-123.50698, 48.10779, -9623.134765625], [-123.49239, 48.1054, -9622.4267578125]]], [[[-123.50427, 48.22263, -31737.5390625], [-123.49672, 48.22615, -32610.583984375], [-123.51, 48.22765, -32581.931640625], [-123.50427, 48.22263, -31737.5390625]]], [[[-123.49817, 48.21747, -30925.359375], [-123.4906, 48.22113, -31778.953125], [-123.50427, 48.22263, -31737.5390625], [-123.49817, 48.21747, -30925.359375]]], [[[-123.94794, 48.13759, -1321.2119140625], [-123.95879, 48.14279, -1662.189697265625], [-123.9604, 48.13839, -790.4873046875], [-123.94794, 48.13759, -1321.2119140625]]], [[[-123.48487, 48.21632, -30930.0390625], [-123.4906, 48.22113, -31778.953125], [-123.49817, 48.21747, -30925.359375], [-123.48487, 48.21632, -30930.0390625]]], [[[-123.67593, 48.25368, -33287.67578125], [-123.66759, 48.25622, -34106.4140625], [-123.68041, 48.25915, -34094.171875], [-123.67593, 48.25368, -33287.67578125]]], [[[-123.48487, 48.21632, -30930.0390625], [-123.47711, 48.22007, -31760.96484375], [-123.4906, 48.22113, -31778.953125], [-123.48487, 48.21632, -30930.0390625]]], [[[-123.82015, 48.2666, -28999.69921875], [-123.8237, 48.27173, -29763.318359375], [-123.83424, 48.26877, -28773.115234375], [-123.82015, 48.2666, -28999.69921875]]], [[[-123.88906, 48.16097, -7037.84521484375], [-123.89623, 48.16245, -7352.09765625], [-123.89485, 48.15888, -6608.99609375], [-123.88906, 48.16097, -7037.84521484375]]], [[[-123.90015, 48.26879, -27487.216796875], [-123.89855, 48.27317, -28359.818359375], [-123.91056, 48.27459, -27813.259765625], [-123.90015, 48.26879, -27487.216796875]]], [[[-123.47216, 48.21516, -30889.37109375], [-123.47711, 48.22007, -31760.96484375], [-123.48487, 48.21632, -30930.0390625], [-123.47216, 48.21516, -30889.37109375]]], [[[-123.47216, 48.21516, -30889.37109375], [-123.46489, 48.21869, -31754.7578125], [-123.47711, 48.22007, -31760.96484375], [-123.47216, 48.21516, -30889.37109375]]], [[[-123.45988, 48.21346, -30913.3046875], [-123.4528, 48.21674, -31798.39453125], [-123.46489, 48.21869, -31754.7578125], [-123.45988, 48.21346, -30913.3046875]]], [[[-123.8319, 48.11327, -525.3228149414062], [-123.83563, 48.11875, -1352.5977783203125], [-123.84362, 48.11613, -525.4747924804688], [-123.8319, 48.11327, -525.3228149414062]]], [[[-123.49239, 48.1054, -9622.4267578125], [-123.50698, 48.10779, -9623.134765625], [-123.50098, 48.10264, -8799.7578125], [-123.49239, 48.1054, -9622.4267578125]]], [[[-123.47711, 48.22007, -31760.96484375], [-123.46964, 48.2239, -32613.75], [-123.4827, 48.22488, -32620.29296875], [-123.47711, 48.22007, -31760.96484375]]], [[[-123.4906, 48.22113, -31778.953125], [-123.47711, 48.22007, -31760.96484375], [-123.4827, 48.22488, -32620.29296875], [-123.4906, 48.22113, -31778.953125]]], [[[-123.4906, 48.22113, -31778.953125], [-123.4827, 48.22488, -32620.29296875], [-123.49672, 48.22615, -32610.583984375], [-123.4906, 48.22113, -31778.953125]]], [[[-123.40515, 48.21279, -32708.94921875], [-123.39241, 48.21081, -32701.037109375], [-123.3972, 48.21615, -33574.24609375], [-123.40515, 48.21279, -32708.94921875]]], [[[-123.43413, 48.11607, -13479.1279296875], [-123.42212, 48.11164, -13051.3916015625], [-123.42054, 48.116, -13926.9150390625], [-123.43413, 48.11607, -13479.1279296875]]], [[[-123.5202, 48.21541, -30067.173828125], [-123.51236, 48.21912, -30897.76171875], [-123.52577, 48.22035, -30893.513671875], [-123.5202, 48.21541, -30067.173828125]]], [[[-123.4827, 48.22488, -32620.29296875], [-123.46964, 48.2239, -32613.75], [-123.47529, 48.22882, -33482.49609375], [-123.4827, 48.22488, -32620.29296875]]], [[[-123.45585, 48.12947, -15191.244140625], [-123.44439, 48.12476, -14786.27734375], [-123.44281, 48.1291, -15663.115234375], [-123.45585, 48.12947, -15191.244140625]]], [[[-123.46964, 48.2239, -32613.75], [-123.46248, 48.22753, -33493.2109375], [-123.47529, 48.22882, -33482.49609375], [-123.46964, 48.2239, -32613.75]]], [[[-123.32492, 48.15413, -24540.3046875], [-123.31173, 48.15419, -24983.939453125], [-123.32333, 48.15849, -25415.603515625], [-123.32492, 48.15413, -24540.3046875]]], [[[-123.45776, 48.22223, -32630.66015625], [-123.44998, 48.22539, -33511.78125], [-123.46248, 48.22753, -33493.2109375], [-123.45776, 48.22223, -32630.66015625]]], [[[-123.92613, 48.16285, -7050.125], [-123.93847, 48.16376, -6538.13720703125], [-123.92773, 48.15846, -6177.6943359375], [-123.92613, 48.16285, -7050.125]]], [[[-123.42938, 48.12916, -16105.0615234375], [-123.41737, 48.12473, -15677.931640625], [-123.41579, 48.12909, -16553.419921875], [-123.42938, 48.12916, -16105.0615234375]]], [[[-123.44502, 48.2197, -32675.35546875], [-123.44998, 48.22539, -33511.78125], [-123.45776, 48.22223, -32630.66015625], [-123.44502, 48.2197, -32675.35546875]]], [[[-123.87822, 48.18837, -12524.4833984375], [-123.89003, 48.1909, -13067.330078125], [-123.89164, 48.18652, -12194.8544921875], [-123.87822, 48.18837, -12524.4833984375]]], [[[-123.39778, 48.10268, -12199.119140625], [-123.38568, 48.09819, -11774.3515625], [-123.38409, 48.10255, -12649.7626953125], [-123.39778, 48.10268, -12199.119140625]]], [[[-123.44502, 48.2197, -32675.35546875], [-123.43659, 48.22284, -33529.64453125], [-123.44998, 48.22539, -33511.78125], [-123.44502, 48.2197, -32675.35546875]]], [[[-123.87982, 48.184, -11651.2470703125], [-123.8664, 48.185, -12032.419921875], [-123.87822, 48.18837, -12524.4833984375], [-123.87982, 48.184, -11651.2470703125]]], [[[-123.4237, 48.10727, -12175.875], [-123.41012, 48.10693, -12640.8447265625], [-123.42212, 48.11164, -13051.3916015625], [-123.4237, 48.10727, -12175.875]]], [[[-123.28917, 48.18104, -30637.57421875], [-123.27715, 48.17791, -30134.662109375], [-123.27527, 48.18232, -31012.888671875], [-123.28917, 48.18104, -30637.57421875]]], [[[-123.44502, 48.2197, -32675.35546875], [-123.43157, 48.21748, -32661.51953125], [-123.43659, 48.22284, -33529.64453125], [-123.44502, 48.2197, -32675.35546875]]], [[[-123.43413, 48.11607, -13479.1279296875], [-123.4358, 48.11171, -12601.728515625], [-123.42212, 48.11164, -13051.3916015625], [-123.43413, 48.11607, -13479.1279296875]]], [[[-123.56641, 48.22504, -30863.6328125], [-123.55807, 48.22835, -31709.677734375], [-123.57176, 48.22984, -31710.15234375], [-123.56641, 48.22504, -30863.6328125]]], [[[-123.44502, 48.2197, -32675.35546875], [-123.44004, 48.21436, -31823.58203125], [-123.43157, 48.21748, -32661.51953125], [-123.44502, 48.2197, -32675.35546875]]], [[[-123.52577, 48.22035, -30893.513671875], [-123.51802, 48.22394, -31745.03515625], [-123.53113, 48.22555, -31718.9765625], [-123.52577, 48.22035, -30893.513671875]]], [[[-123.44004, 48.21436, -31823.58203125], [-123.44502, 48.2197, -32675.35546875], [-123.4528, 48.21674, -31798.39453125], [-123.44004, 48.21436, -31823.58203125]]], [[[-123.46965, 48.09314, -7921.51806640625], [-123.4646, 48.08806, -7035.59423828125], [-123.45636, 48.09068, -7923.2607421875], [-123.46965, 48.09314, -7921.51806640625]]], [[[-123.45776, 48.22223, -32630.66015625], [-123.4528, 48.21674, -31798.39453125], [-123.44502, 48.2197, -32675.35546875], [-123.45776, 48.22223, -32630.66015625]]], [[[-123.53421, 48.21718, -30049.701171875], [-123.53948, 48.22211, -30882.724609375], [-123.54757, 48.21837, -30040.369140625], [-123.53421, 48.21718, -30049.701171875]]], [[[-123.44974, 48.10682, -11222.267578125], [-123.45729, 48.10467, -10444.810546875], [-123.44077, 48.10202, -10619.2041015625], [-123.44974, 48.10682, -11222.267578125]]], [[[-123.42656, 48.21221, -31803.666015625], [-123.43157, 48.21748, -32661.51953125], [-123.44004, 48.21436, -31823.58203125], [-123.42656, 48.21221, -31803.666015625]]], [[[-123.42656, 48.21221, -31803.666015625], [-123.41883, 48.21517, -32687.013671875], [-123.43157, 48.21748, -32661.51953125], [-123.42656, 48.21221, -31803.666015625]]], [[[-123.85491, 48.18011, -11639.25390625], [-123.84341, 48.17483, -11263.3466796875], [-123.84181, 48.17922, -12141.017578125], [-123.85491, 48.18011, -11639.25390625]]], [[[-123.31422, 48.19659, -32842.5546875], [-123.30609, 48.19953, -33697.41796875], [-123.31931, 48.20223, -33669.1015625], [-123.31422, 48.19659, -32842.5546875]]], [[[-123.40696, 48.11566, -14392.0478515625], [-123.40854, 48.1113, -13516.4443359375], [-123.39461, 48.11141, -13949.7705078125], [-123.40696, 48.11566, -14392.0478515625]]], [[[-123.42656, 48.21221, -31803.666015625], [-123.41342, 48.2096, -31862.126953125], [-123.41883, 48.21517, -32687.013671875], [-123.42656, 48.21221, -31803.666015625]]], [[[-123.90818, 48.1765, -10083.2685546875], [-123.92133, 48.17599, -9667.4287109375], [-123.90978, 48.17211, -9210.76171875], [-123.90818, 48.1765, -10083.2685546875]]], [[[-123.54494, 48.22691, -31727.53515625], [-123.53948, 48.22211, -30882.724609375], [-123.53113, 48.22555, -31718.9765625], [-123.54494, 48.22691, -31727.53515625]]], [[[-123.41896, 48.12037, -14802.4306640625], [-123.40537, 48.12002, -15267.640625], [-123.41737, 48.12473, -15677.931640625], [-123.41896, 48.12037, -14802.4306640625]]], [[[-123.42125, 48.20664, -30993.44921875], [-123.41342, 48.2096, -31862.126953125], [-123.42656, 48.21221, -31803.666015625], [-123.42125, 48.20664, -30993.44921875]]], [[[-123.54411, 48.20509, -27528.923828125], [-123.53619, 48.20861, -28374.572265625], [-123.55018, 48.20989, -28364.177734375], [-123.54411, 48.20509, -27528.923828125]]], [[[-123.40851, 48.20436, -31010.55078125], [-123.41342, 48.2096, -31862.126953125], [-123.42125, 48.20664, -30993.44921875], [-123.40851, 48.20436, -31010.55078125]]], [[[-123.80154, 48.1769, -13615.78515625], [-123.81333, 48.18226, -13983.9248046875], [-123.81493, 48.17788, -13110.9765625], [-123.80154, 48.1769, -13615.78515625]]], [[[-123.3825, 48.10692, -13525.1728515625], [-123.38409, 48.10255, -12649.7626953125], [-123.37062, 48.10212, -13121.3046875], [-123.3825, 48.10692, -13525.1728515625]]], [[[-123.40851, 48.20436, -31010.55078125], [-123.40032, 48.20753, -31845.22265625], [-123.41342, 48.2096, -31862.126953125], [-123.40851, 48.20436, -31010.55078125]]], [[[-123.88303, 48.17526, -9904.76953125], [-123.89644, 48.17338, -9577.419921875], [-123.88597, 48.17039, -8914.5126953125], [-123.88303, 48.17526, -9904.76953125]]], [[[-123.4374, 48.10716, -11691.802734375], [-123.4259, 48.10281, -11256.4541015625], [-123.4237, 48.10727, -12175.875], [-123.4374, 48.10716, -11691.802734375]]], [[[-123.40032, 48.20753, -31845.22265625], [-123.40851, 48.20436, -31010.55078125], [-123.39499, 48.2023, -31007.953125], [-123.40032, 48.20753, -31845.22265625]]], [[[-123.39499, 48.2023, -31007.953125], [-123.38725, 48.20524, -31872.7265625], [-123.40032, 48.20753, -31845.22265625], [-123.39499, 48.2023, -31007.953125]]], [[[-123.94007, 48.15938, -5665.2470703125], [-123.93847, 48.16376, -6538.13720703125], [-123.95077, 48.16476, -6020.701171875], [-123.94007, 48.15938, -5665.2470703125]]], [[[-123.43096, 48.1248, -15229.6650390625], [-123.44439, 48.12476, -14786.27734375], [-123.43254, 48.12043, -14354.2490234375], [-123.43096, 48.1248, -15229.6650390625]]], [[[-123.38725, 48.20524, -31872.7265625], [-123.39499, 48.2023, -31007.953125], [-123.38176, 48.19962, -31067.01171875], [-123.38725, 48.20524, -31872.7265625]]], [[[-123.37394, 48.20281, -31919.060546875], [-123.38725, 48.20524, -31872.7265625], [-123.38176, 48.19962, -31067.01171875], [-123.37394, 48.20281, -31919.060546875]]], [[[-123.87982, 48.184, -11651.2470703125], [-123.89164, 48.18652, -12194.8544921875], [-123.89324, 48.18214, -11322.37890625], [-123.87982, 48.184, -11651.2470703125]]], [[[-123.43254, 48.12043, -14354.2490234375], [-123.43413, 48.11607, -13479.1279296875], [-123.42054, 48.116, -13926.9150390625], [-123.43254, 48.12043, -14354.2490234375]]], [[[-123.38725, 48.20524, -31872.7265625], [-123.37394, 48.20281, -31919.060546875], [-123.37953, 48.20821, -32752.00390625], [-123.38725, 48.20524, -31872.7265625]]], [[[-123.94007, 48.15938, -5665.2470703125], [-123.95238, 48.16036, -5148.9990234375], [-123.94166, 48.15501, -4792.357421875], [-123.94007, 48.15938, -5665.2470703125]]], [[[-123.40537, 48.12002, -15267.640625], [-123.39302, 48.11578, -14825.0966796875], [-123.39144, 48.12014, -15700.4208984375], [-123.40537, 48.12002, -15267.640625]]], [[[-123.38725, 48.20524, -31872.7265625], [-123.37953, 48.20821, -32752.00390625], [-123.39241, 48.21081, -32701.037109375], [-123.38725, 48.20524, -31872.7265625]]], [[[-123.38725, 48.20524, -31872.7265625], [-123.39241, 48.21081, -32701.037109375], [-123.40032, 48.20753, -31845.22265625], [-123.38725, 48.20524, -31872.7265625]]], [[[-123.93607, 48.13541, -1591.01806640625], [-123.94794, 48.13759, -1321.2119140625], [-123.94148, 48.13131, -667.3129272460938], [-123.93607, 48.13541, -1591.01806640625]]], [[[-123.41896, 48.12037, -14802.4306640625], [-123.40696, 48.11566, -14392.0478515625], [-123.40537, 48.12002, -15267.640625], [-123.41896, 48.12037, -14802.4306640625]]], [[[-123.40032, 48.20753, -31845.22265625], [-123.39241, 48.21081, -32701.037109375], [-123.40515, 48.21279, -32708.94921875], [-123.40032, 48.20753, -31845.22265625]]], [[[-123.93528, 48.17251, -8283.9169921875], [-123.94756, 48.17354, -7764.10595703125], [-123.93688, 48.16814, -7411.02880859375], [-123.93528, 48.17251, -8283.9169921875]]], [[[-123.42779, 48.13353, -16980.447265625], [-123.44124, 48.13345, -16539.935546875], [-123.42938, 48.12916, -16105.0615234375], [-123.42779, 48.13353, -16980.447265625]]], [[[-123.40032, 48.20753, -31845.22265625], [-123.40515, 48.21279, -32708.94921875], [-123.41342, 48.2096, -31862.126953125], [-123.40032, 48.20753, -31845.22265625]]], [[[-123.85491, 48.18011, -11639.25390625], [-123.84181, 48.17922, -12141.017578125], [-123.8533, 48.18449, -12511.544921875], [-123.85491, 48.18011, -11639.25390625]]], [[[-123.43096, 48.1248, -15229.6650390625], [-123.43254, 48.12043, -14354.2490234375], [-123.41896, 48.12037, -14802.4306640625], [-123.43096, 48.1248, -15229.6650390625]]], [[[-123.50977, 48.16646, -20924.951171875], [-123.50282, 48.17038, -21785.951171875], [-123.5158, 48.17156, -21737.720703125], [-123.50977, 48.16646, -20924.951171875]]], [[[-123.41883, 48.21517, -32687.013671875], [-123.41342, 48.2096, -31862.126953125], [-123.40515, 48.21279, -32708.94921875], [-123.41883, 48.21517, -32687.013671875]]], [[[-123.45427, 48.13384, -16065.9501953125], [-123.45585, 48.12947, -15191.244140625], [-123.44281, 48.1291, -15663.115234375], [-123.45427, 48.13384, -16065.9501953125]]], [[[-123.41883, 48.21517, -32687.013671875], [-123.40515, 48.21279, -32708.94921875], [-123.41065, 48.21811, -33558.28515625], [-123.41883, 48.21517, -32687.013671875]]], [[[-123.93528, 48.17251, -8283.9169921875], [-123.93369, 48.17689, -9156.8076171875], [-123.94595, 48.17794, -8635.80859375], [-123.93528, 48.17251, -8283.9169921875]]], [[[-123.45729, 48.10467, -10444.810546875], [-123.45243, 48.09909, -9666.056640625], [-123.44077, 48.10202, -10619.2041015625], [-123.45729, 48.10467, -10444.810546875]]], [[[-123.41883, 48.21517, -32687.013671875], [-123.41065, 48.21811, -33558.28515625], [-123.42373, 48.22082, -33529.05859375], [-123.41883, 48.21517, -32687.013671875]]], [[[-123.89879, 48.16876, -8665.6962890625], [-123.90978, 48.17211, -9210.76171875], [-123.91143, 48.16774, -8338.4814453125], [-123.89879, 48.16876, -8665.6962890625]]], [[[-123.4237, 48.10727, -12175.875], [-123.4117, 48.10257, -11765.2548828125], [-123.41012, 48.10693, -12640.8447265625], [-123.4237, 48.10727, -12175.875]]], [[[-123.59045, 48.17515, -20868.880859375], [-123.57476, 48.17318, -20852.138671875], [-123.5813, 48.17852, -21671.37890625], [-123.59045, 48.17515, -20868.880859375]]], [[[-123.41883, 48.21517, -32687.013671875], [-123.42373, 48.22082, -33529.05859375], [-123.43157, 48.21748, -32661.51953125], [-123.41883, 48.21517, -32687.013671875]]], [[[-123.24898, 48.18625, -31655.97265625], [-123.23733, 48.18357, -31122.85546875], [-123.23572, 48.18795, -31997.29296875], [-123.24898, 48.18625, -31655.97265625]]], [[[-123.88597, 48.17039, -8914.5126953125], [-123.89644, 48.17338, -9577.419921875], [-123.89879, 48.16876, -8665.6962890625], [-123.88597, 48.17039, -8914.5126953125]]], [[[-123.4358, 48.11171, -12601.728515625], [-123.4374, 48.10716, -11691.802734375], [-123.4237, 48.10727, -12175.875], [-123.4358, 48.11171, -12601.728515625]]], [[[-123.42373, 48.22082, -33529.05859375], [-123.43659, 48.22284, -33529.64453125], [-123.43157, 48.21748, -32661.51953125], [-123.42373, 48.22082, -33529.05859375]]], [[[-123.87982, 48.184, -11651.2470703125], [-123.89324, 48.18214, -11322.37890625], [-123.88143, 48.17963, -10778.0107421875], [-123.87982, 48.184, -11651.2470703125]]], [[[-123.42938, 48.12916, -16105.0615234375], [-123.43096, 48.1248, -15229.6650390625], [-123.41737, 48.12473, -15677.931640625], [-123.42938, 48.12916, -16105.0615234375]]], [[[-123.42373, 48.22082, -33529.05859375], [-123.42865, 48.22604, -34367.20703125], [-123.43659, 48.22284, -33529.64453125], [-123.42373, 48.22082, -33529.05859375]]], [[[-123.42373, 48.22082, -33529.05859375], [-123.41569, 48.22354, -34381.41015625], [-123.42865, 48.22604, -34367.20703125], [-123.42373, 48.22082, -33529.05859375]]], [[[-123.94794, 48.13759, -1321.2119140625], [-123.9604, 48.13839, -790.4873046875], [-123.95206, 48.13487, -566.2015380859375], [-123.94794, 48.13759, -1321.2119140625]]], [[[-123.4117, 48.10257, -11765.2548828125], [-123.39936, 48.09831, -11323.798828125], [-123.39778, 48.10268, -12199.119140625], [-123.4117, 48.10257, -11765.2548828125]]], [[[-123.42373, 48.22082, -33529.05859375], [-123.41065, 48.21811, -33558.28515625], [-123.41569, 48.22354, -34381.41015625], [-123.42373, 48.22082, -33529.05859375]]], [[[-123.94166, 48.15501, -4792.357421875], [-123.95238, 48.16036, -5148.9990234375], [-123.95398, 48.15597, -4277.296875], [-123.94166, 48.15501, -4792.357421875]]], [[[-123.4117, 48.10257, -11765.2548828125], [-123.4259, 48.10281, -11256.4541015625], [-123.41335, 48.09817, -10879.3212890625], [-123.4117, 48.10257, -11765.2548828125]]], [[[-123.41065, 48.21811, -33558.28515625], [-123.4026, 48.22128, -34395.5234375], [-123.41569, 48.22354, -34381.41015625], [-123.41065, 48.21811, -33558.28515625]]], [[[-123.90658, 48.18088, -10955.7685546875], [-123.91813, 48.18476, -11412.2861328125], [-123.91973, 48.18038, -10539.8583984375], [-123.90658, 48.18088, -10955.7685546875]]], [[[-123.42212, 48.11164, -13051.3916015625], [-123.41012, 48.10693, -12640.8447265625], [-123.40854, 48.1113, -13516.4443359375], [-123.42212, 48.11164, -13051.3916015625]]], [[[-123.3972, 48.21615, -33574.24609375], [-123.4026, 48.22128, -34395.5234375], [-123.41065, 48.21811, -33558.28515625], [-123.3972, 48.21615, -33574.24609375]]], [[[-123.93847, 48.16376, -6538.13720703125], [-123.92613, 48.16285, -7050.125], [-123.93688, 48.16814, -7411.02880859375], [-123.93847, 48.16376, -6538.13720703125]]], [[[-123.4358, 48.11171, -12601.728515625], [-123.4237, 48.10727, -12175.875], [-123.42212, 48.11164, -13051.3916015625], [-123.4358, 48.11171, -12601.728515625]]], [[[-123.3972, 48.21615, -33574.24609375], [-123.38937, 48.21935, -34411.99609375], [-123.4026, 48.22128, -34395.5234375], [-123.3972, 48.21615, -33574.24609375]]], [[[-123.38461, 48.21389, -33587.4921875], [-123.38937, 48.21935, -34411.99609375], [-123.3972, 48.21615, -33574.24609375], [-123.38461, 48.21389, -33587.4921875]]], [[[-123.868, 48.18062, -11159.9931640625], [-123.8664, 48.185, -12032.419921875], [-123.87982, 48.184, -11651.2470703125], [-123.868, 48.18062, -11159.9931640625]]], [[[-123.45729, 48.10467, -10444.810546875], [-123.47092, 48.10651, -10503.8408203125], [-123.46605, 48.10163, -9626.21484375], [-123.45729, 48.10467, -10444.810546875]]], [[[-123.38461, 48.21389, -33587.4921875], [-123.37649, 48.21656, -34428.109375], [-123.38937, 48.21935, -34411.99609375], [-123.38461, 48.21389, -33587.4921875]]], [[[-123.43254, 48.12043, -14354.2490234375], [-123.42054, 48.116, -13926.9150390625], [-123.41896, 48.12037, -14802.4306640625], [-123.43254, 48.12043, -14354.2490234375]]], [[[-123.38461, 48.21389, -33587.4921875], [-123.37119, 48.21127, -33605.2890625], [-123.37649, 48.21656, -34428.109375], [-123.38461, 48.21389, -33587.4921875]]], [[[-123.37953, 48.20821, -32752.00390625], [-123.37119, 48.21127, -33605.2890625], [-123.38461, 48.21389, -33587.4921875], [-123.37953, 48.20821, -32752.00390625]]], [[[-123.8478, 48.14901, -6357.58447265625], [-123.84307, 48.14308, -5509.09521484375], [-123.83443, 48.14576, -6361.12646484375], [-123.8478, 48.14901, -6357.58447265625]]], [[[-123.36567, 48.20598, -32761.009765625], [-123.37119, 48.21127, -33605.2890625], [-123.37953, 48.20821, -32752.00390625], [-123.36567, 48.20598, -32761.009765625]]], [[[-123.5062, 48.2142, -30086.0234375], [-123.49817, 48.21747, -30925.359375], [-123.51236, 48.21912, -30897.76171875], [-123.5062, 48.2142, -30086.0234375]]], [[[-123.36567, 48.20598, -32761.009765625], [-123.3531, 48.20404, -32756.080078125], [-123.3579, 48.20936, -33625.79296875], [-123.36567, 48.20598, -32761.009765625]]], [[[-123.51572, 48.23254, -33440.91796875], [-123.50823, 48.23627, -34272.515625], [-123.52162, 48.23753, -34258.46484375], [-123.51572, 48.23254, -33440.91796875]]], [[[-123.36081, 48.20069, -31894.69140625], [-123.3531, 48.20404, -32756.080078125], [-123.36567, 48.20598, -32761.009765625], [-123.36081, 48.20069, -31894.69140625]]], [[[-123.39241, 48.21081, -32701.037109375], [-123.38461, 48.21389, -33587.4921875], [-123.3972, 48.21615, -33574.24609375], [-123.39241, 48.21081, -32701.037109375]]], [[[-123.34787, 48.19844, -31936.685546875], [-123.3531, 48.20404, -32756.080078125], [-123.36081, 48.20069, -31894.69140625], [-123.34787, 48.19844, -31936.685546875]]], [[[-123.84988, 48.15491, -7324.248046875], [-123.86011, 48.15266, -6400.52197265625], [-123.8478, 48.14901, -6357.58447265625], [-123.84988, 48.15491, -7324.248046875]]], [[[-123.3531, 48.20404, -32756.080078125], [-123.34787, 48.19844, -31936.685546875], [-123.34023, 48.2014, -32810.94140625], [-123.3531, 48.20404, -32756.080078125]]], [[[-123.77378, 48.12946, -6435.79296875], [-123.76903, 48.12419, -5570.76416015625], [-123.76085, 48.12709, -6428.85302734375], [-123.77378, 48.12946, -6435.79296875]]], [[[-123.53113, 48.22555, -31718.9765625], [-123.51802, 48.22394, -31745.03515625], [-123.52359, 48.22899, -32588.73828125], [-123.53113, 48.22555, -31718.9765625]]], [[[-123.3531, 48.20404, -32756.080078125], [-123.34537, 48.20707, -33640.2421875], [-123.3579, 48.20936, -33625.79296875], [-123.3531, 48.20404, -32756.080078125]]], [[[-123.5062, 48.2142, -30086.0234375], [-123.51236, 48.21912, -30897.76171875], [-123.5202, 48.21541, -30067.173828125], [-123.5062, 48.2142, -30086.0234375]]], [[[-123.34537, 48.20707, -33640.2421875], [-123.35009, 48.21256, -34461.9140625], [-123.3579, 48.20936, -33625.79296875], [-123.34537, 48.20707, -33640.2421875]]], [[[-123.72836, 48.14721, -11534.935546875], [-123.72226, 48.14195, -10808.7119140625], [-123.71516, 48.14507, -11693.8388671875], [-123.72836, 48.14721, -11534.935546875]]], [[[-123.53421, 48.21718, -30049.701171875], [-123.5202, 48.21541, -30067.173828125], [-123.52577, 48.22035, -30893.513671875], [-123.53421, 48.21718, -30049.701171875]]], [[[-123.34537, 48.20707, -33640.2421875], [-123.33724, 48.20973, -34477.9921875], [-123.35009, 48.21256, -34461.9140625], [-123.34537, 48.20707, -33640.2421875]]], [[[-123.7065, 48.13386, -10007.3916015625], [-123.71357, 48.13051, -9111.5810546875], [-123.70226, 48.1285, -9133.3564453125], [-123.7065, 48.13386, -10007.3916015625]]], [[[-123.46248, 48.22753, -33493.2109375], [-123.45475, 48.2308, -34336.46875], [-123.46802, 48.23259, -34320.4765625], [-123.46248, 48.22753, -33493.2109375]]], [[[-123.332, 48.20447, -33663.9140625], [-123.33724, 48.20973, -34477.9921875], [-123.34537, 48.20707, -33640.2421875], [-123.332, 48.20447, -33663.9140625]]], [[[-123.80913, 48.13905, -6435.7060546875], [-123.81275, 48.14519, -7293.73388671875], [-123.82099, 48.14269, -6403.69189453125], [-123.80913, 48.13905, -6435.7060546875]]], [[[-123.30039, 48.19418, -32869.38671875], [-123.28563, 48.19238, -32897.9375], [-123.29264, 48.19746, -33717.68359375], [-123.30039, 48.19418, -32869.38671875]]], [[[-123.332, 48.20447, -33663.9140625], [-123.32407, 48.20764, -34494.8125], [-123.33724, 48.20973, -34477.9921875], [-123.332, 48.20447, -33663.9140625]]], [[[-123.81714, 48.13686, -5540.40380859375], [-123.8136, 48.13091, -4712.11376953125], [-123.80547, 48.13315, -5591.6396484375], [-123.81714, 48.13686, -5540.40380859375]]], [[[-123.52577, 48.22035, -30893.513671875], [-123.53113, 48.22555, -31718.9765625], [-123.53948, 48.22211, -30882.724609375], [-123.52577, 48.22035, -30893.513671875]]], [[[-123.31931, 48.20223, -33669.1015625], [-123.31118, 48.2049, -34510.9921875], [-123.32407, 48.20764, -34494.8125], [-123.31931, 48.20223, -33669.1015625]]], [[[-123.57176, 48.22984, -31710.15234375], [-123.56362, 48.23349, -32536.2421875], [-123.5771, 48.23478, -32551.6328125], [-123.57176, 48.22984, -31710.15234375]]], [[[-123.30609, 48.19953, -33697.41796875], [-123.31118, 48.2049, -34510.9921875], [-123.31931, 48.20223, -33669.1015625], [-123.30609, 48.19953, -33697.41796875]]], [[[-123.77069, 48.15731, -11734.27734375], [-123.78194, 48.16089, -11689.453125], [-123.77906, 48.15485, -10796.0400390625], [-123.77069, 48.15731, -11734.27734375]]], [[[-123.56362, 48.23349, -32536.2421875], [-123.55038, 48.23183, -32573.263671875], [-123.55606, 48.23702, -33399.82421875], [-123.56362, 48.23349, -32536.2421875]]], [[[-123.30609, 48.19953, -33697.41796875], [-123.29809, 48.2026, -34527.328125], [-123.31118, 48.2049, -34510.9921875], [-123.30609, 48.19953, -33697.41796875]]], [[[-123.77906, 48.15485, -10796.0400390625], [-123.79112, 48.15768, -10701.0029296875], [-123.7879, 48.15253, -9891.6640625], [-123.77906, 48.15485, -10796.0400390625]]], [[[-123.54757, 48.21837, -30040.369140625], [-123.53948, 48.22211, -30882.724609375], [-123.55283, 48.2232, -30880.041015625], [-123.54757, 48.21837, -30040.369140625]]], [[[-123.29264, 48.19746, -33717.68359375], [-123.29809, 48.2026, -34527.328125], [-123.30609, 48.19953, -33697.41796875], [-123.29264, 48.19746, -33717.68359375]]], [[[-123.7451, 48.14619, -10564.1123046875], [-123.73976, 48.14847, -11252.09765625], [-123.74762, 48.15062, -11309.427734375], [-123.7451, 48.14619, -10564.1123046875]]], [[[-123.29264, 48.19746, -33717.68359375], [-123.28488, 48.20065, -34545.1875], [-123.29809, 48.2026, -34527.328125], [-123.29264, 48.19746, -33717.68359375]]], [[[-123.79112, 48.15768, -10701.0029296875], [-123.77906, 48.15485, -10796.0400390625], [-123.78194, 48.16089, -11689.453125], [-123.79112, 48.15768, -10701.0029296875]]], [[[-123.57176, 48.22984, -31710.15234375], [-123.5771, 48.23478, -32551.6328125], [-123.58464, 48.23133, -31682.4609375], [-123.57176, 48.22984, -31710.15234375]]], [[[-123.27845, 48.1962, -33743.5546875], [-123.28488, 48.20065, -34545.1875], [-123.29264, 48.19746, -33717.68359375], [-123.27845, 48.1962, -33743.5546875]]], [[[-123.71762, 48.13615, -9954.37890625], [-123.72538, 48.13326, -9081.58203125], [-123.71357, 48.13051, -9111.5810546875], [-123.71762, 48.13615, -9954.37890625]]], [[[-123.27845, 48.1962, -33743.5546875], [-123.2714, 48.1999, -34563.80078125], [-123.28488, 48.20065, -34545.1875], [-123.27845, 48.1962, -33743.5546875]]], [[[-123.80606, 48.16753, -11670.7861328125], [-123.81651, 48.1734, -12218.08203125], [-123.81958, 48.16862, -11203.052734375], [-123.80606, 48.16753, -11670.7861328125]]], [[[-123.56133, 48.21993, -30034.123046875], [-123.56641, 48.22504, -30863.6328125], [-123.57426, 48.22127, -30018.400390625], [-123.56133, 48.21993, -30034.123046875]]], [[[-123.26452, 48.1961, -33773.92578125], [-123.2714, 48.1999, -34563.80078125], [-123.27845, 48.1962, -33743.5546875], [-123.26452, 48.1961, -33773.92578125]]], [[[-123.76745, 48.15177, -10821.51953125], [-123.77906, 48.15485, -10796.0400390625], [-123.7758, 48.14886, -9943.1455078125], [-123.76745, 48.15177, -10821.51953125]]], [[[-123.87229, 48.27722, -30128.603515625], [-123.88446, 48.27679, -29733.7109375], [-123.87289, 48.27288, -29278.234375], [-123.87229, 48.27722, -30128.603515625]]], [[[-123.51, 48.22765, -32581.931640625], [-123.50251, 48.23137, -33443.4921875], [-123.51572, 48.23254, -33440.91796875], [-123.51, 48.22765, -32581.931640625]]], [[[-123.26452, 48.1961, -33773.92578125], [-123.25788, 48.20011, -34582.69140625], [-123.2714, 48.1999, -34563.80078125], [-123.26452, 48.1961, -33773.92578125]]], [[[-123.83308, 48.16923, -10738.080078125], [-123.84128, 48.16485, -9558.931640625], [-123.82675, 48.16417, -10069.6435546875], [-123.83308, 48.16923, -10738.080078125]]], [[[-123.55807, 48.22835, -31709.677734375], [-123.55038, 48.23183, -32573.263671875], [-123.56362, 48.23349, -32536.2421875], [-123.55807, 48.22835, -31709.677734375]]], [[[-123.24826, 48.19613, -33654.7109375], [-123.25788, 48.20011, -34582.69140625], [-123.26452, 48.1961, -33773.92578125], [-123.24826, 48.19613, -33654.7109375]]], [[[-123.77906, 48.15485, -10796.0400390625], [-123.7879, 48.15253, -9891.6640625], [-123.7758, 48.14886, -9943.1455078125], [-123.77906, 48.15485, -10796.0400390625]]], [[[-123.53113, 48.22555, -31718.9765625], [-123.53679, 48.23057, -32554.8828125], [-123.54494, 48.22691, -31727.53515625], [-123.53113, 48.22555, -31718.9765625]]], [[[-123.24826, 48.19613, -33654.7109375], [-123.24443, 48.201, -34601.70703125], [-123.25788, 48.20011, -34582.69140625], [-123.24826, 48.19613, -33654.7109375]]], [[[-123.51236, 48.21912, -30897.76171875], [-123.49817, 48.21747, -30925.359375], [-123.50427, 48.22263, -31737.5390625], [-123.51236, 48.21912, -30897.76171875]]], [[[-123.24826, 48.19613, -33654.7109375], [-123.23847, 48.19884, -34174.26171875], [-123.24443, 48.201, -34601.70703125], [-123.24826, 48.19613, -33654.7109375]]], [[[-123.71762, 48.13615, -9954.37890625], [-123.71357, 48.13051, -9111.5810546875], [-123.7065, 48.13386, -10007.3916015625], [-123.71762, 48.13615, -9954.37890625]]], [[[-123.57302, 48.18172, -22510.078125], [-123.56558, 48.18518, -23362.021484375], [-123.58046, 48.18691, -23289.412109375], [-123.57302, 48.18172, -22510.078125]]], [[[-123.24826, 48.19613, -33654.7109375], [-123.23251, 48.1967, -33746.171875], [-123.23847, 48.19884, -34174.26171875], [-123.24826, 48.19613, -33654.7109375]]], [[[-123.54494, 48.22691, -31727.53515625], [-123.55038, 48.23183, -32573.263671875], [-123.55807, 48.22835, -31709.677734375], [-123.54494, 48.22691, -31727.53515625]]], [[[-123.26075, 48.18833, -32220.6171875], [-123.24727, 48.19087, -32578.73046875], [-123.2587, 48.19241, -33047.12109375], [-123.26075, 48.18833, -32220.6171875]]], [[[-123.52271, 48.16792, -20859.798828125], [-123.50977, 48.16646, -20924.951171875], [-123.5158, 48.17156, -21737.720703125], [-123.52271, 48.16792, -20859.798828125]]], [[[-123.26075, 48.18833, -32220.6171875], [-123.24898, 48.18625, -31655.97265625], [-123.24727, 48.19087, -32578.73046875], [-123.26075, 48.18833, -32220.6171875]]], [[[-123.26236, 48.18405, -31358.28125], [-123.24898, 48.18625, -31655.97265625], [-123.26075, 48.18833, -32220.6171875], [-123.26236, 48.18405, -31358.28125]]], [[[-123.59016, 48.23637, -32505.96875], [-123.58464, 48.23133, -31682.4609375], [-123.5771, 48.23478, -32551.6328125], [-123.59016, 48.23637, -32505.96875]]], [[[-123.26236, 48.18405, -31358.28125], [-123.25058, 48.18188, -30781.392578125], [-123.24898, 48.18625, -31655.97265625], [-123.26236, 48.18405, -31358.28125]]], [[[-123.59795, 48.23263, -31668.158203125], [-123.60335, 48.23744, -32516.087890625], [-123.61162, 48.23378, -31694.185546875], [-123.59795, 48.23263, -31668.158203125]]], [[[-123.26383, 48.17965, -30472.740234375], [-123.25219, 48.1775, -29906.810546875], [-123.25058, 48.18188, -30781.392578125], [-123.26383, 48.17965, -30472.740234375]]], [[[-123.55283, 48.2232, -30880.041015625], [-123.54494, 48.22691, -31727.53515625], [-123.55807, 48.22835, -31709.677734375], [-123.55283, 48.2232, -30880.041015625]]], [[[-123.26704, 48.17096, -28720.31640625], [-123.2538, 48.17313, -29032.23046875], [-123.26543, 48.1753, -29596.529296875], [-123.26704, 48.17096, -28720.31640625]]], [[[-123.58446, 48.20895, -27467.201171875], [-123.57658, 48.21264, -28317.41015625], [-123.58991, 48.21423, -28307.4921875], [-123.58446, 48.20895, -27467.201171875]]], [[[-123.26704, 48.17096, -28720.31640625], [-123.2554, 48.16876, -28157.650390625], [-123.2538, 48.17313, -29032.23046875], [-123.26704, 48.17096, -28720.31640625]]], [[[-123.55775, 48.20605, -27507.509765625], [-123.55018, 48.20989, -28364.177734375], [-123.56339, 48.21125, -28340.25], [-123.55775, 48.20605, -27507.509765625]]], [[[-123.27715, 48.17791, -30134.662109375], [-123.27876, 48.17355, -29259.630859375], [-123.26543, 48.1753, -29596.529296875], [-123.27715, 48.17791, -30134.662109375]]], [[[-123.53356, 48.17764, -22575.982421875], [-123.53935, 48.18273, -23395.458984375], [-123.54639, 48.17925, -22533.724609375], [-123.53356, 48.17764, -22575.982421875]]], [[[-123.29208, 48.17228, -28891.98046875], [-123.28036, 48.16918, -28384.6015625], [-123.27876, 48.17355, -29259.630859375], [-123.29208, 48.17228, -28891.98046875]]], [[[-123.59795, 48.23263, -31668.158203125], [-123.59016, 48.23637, -32505.96875], [-123.60335, 48.23744, -32516.087890625], [-123.59795, 48.23263, -31668.158203125]]], [[[-123.29368, 48.1679, -28017.85546875], [-123.28036, 48.16918, -28384.6015625], [-123.29208, 48.17228, -28891.98046875], [-123.29368, 48.1679, -28017.85546875]]], [[[-123.54494, 48.22691, -31727.53515625], [-123.53679, 48.23057, -32554.8828125], [-123.55038, 48.23183, -32573.263671875], [-123.54494, 48.22691, -31727.53515625]]], [[[-123.29368, 48.1679, -28017.85546875], [-123.29529, 48.16352, -27143.716796875], [-123.28196, 48.16481, -27509.572265625], [-123.29368, 48.1679, -28017.85546875]]], [[[-123.54067, 48.17399, -21707.09375], [-123.53356, 48.17764, -22575.982421875], [-123.54639, 48.17925, -22533.724609375], [-123.54067, 48.17399, -21707.09375]]], [[[-123.30693, 48.16732, -27606.99609375], [-123.29368, 48.1679, -28017.85546875], [-123.30533, 48.1717, -28481.349609375], [-123.30693, 48.16732, -27606.99609375]]], [[[-123.57476, 48.17318, -20852.138671875], [-123.56685, 48.17664, -21695.662109375], [-123.5813, 48.17852, -21671.37890625], [-123.57476, 48.17318, -20852.138671875]]], [[[-123.31856, 48.17159, -28041.552734375], [-123.30693, 48.16732, -27606.99609375], [-123.30533, 48.1717, -28481.349609375], [-123.31856, 48.17159, -28041.552734375]]], [[[-123.57088, 48.20772, -27465.38671875], [-123.55775, 48.20605, -27507.509765625], [-123.56339, 48.21125, -28340.25], [-123.57088, 48.20772, -27465.38671875]]], [[[-123.33159, 48.17209, -27569.71875], [-123.32015, 48.16722, -27166.232421875], [-123.31856, 48.17159, -28041.552734375], [-123.33159, 48.17209, -27569.71875]]], [[[-123.5771, 48.23478, -32551.6328125], [-123.56908, 48.23834, -33392.20703125], [-123.58275, 48.23999, -33368.45703125], [-123.5771, 48.23478, -32551.6328125]]], [[[-123.34503, 48.17182, -27100.095703125], [-123.33159, 48.17209, -27569.71875], [-123.34605, 48.17587, -27825.09375], [-123.34503, 48.17182, -27100.095703125]]], [[[-123.89105, 48.154, -5652.8291015625], [-123.89421, 48.14894, -4623.63232421875], [-123.87957, 48.14961, -4976.79638671875], [-123.89105, 48.154, -5652.8291015625]]], [[[-123.54067, 48.17399, -21707.09375], [-123.54639, 48.17925, -22533.724609375], [-123.55361, 48.1755, -21675.9921875], [-123.54067, 48.17399, -21707.09375]]], [[[-123.36216, 48.1638, -24920.619140625], [-123.34997, 48.15887, -24499.671875], [-123.34838, 48.16324, -25374.91015625], [-123.36216, 48.1638, -24920.619140625]]], [[[-123.57088, 48.20772, -27465.38671875], [-123.56339, 48.21125, -28340.25], [-123.57658, 48.21264, -28317.41015625], [-123.57088, 48.20772, -27465.38671875]]], [[[-123.36216, 48.1638, -24920.619140625], [-123.36346, 48.15928, -24029.833984375], [-123.34997, 48.15887, -24499.671875], [-123.36216, 48.1638, -24920.619140625]]], [[[-123.47943, 48.15924, -20110.14453125], [-123.47141, 48.16209, -20939.572265625], [-123.48484, 48.16449, -20946.5078125], [-123.47943, 48.15924, -20110.14453125]]], [[[-123.36346, 48.15928, -24029.833984375], [-123.35156, 48.15451, -23624.44140625], [-123.34997, 48.15887, -24499.671875], [-123.36346, 48.15928, -24029.833984375]]], [[[-123.52968, 48.20349, -27595.060546875], [-123.53619, 48.20861, -28374.572265625], [-123.54411, 48.20509, -27528.923828125], [-123.52968, 48.20349, -27595.060546875]]], [[[-123.34997, 48.15887, -24499.671875], [-123.33802, 48.15458, -24063.82421875], [-123.33642, 48.15896, -24938.564453125], [-123.34997, 48.15887, -24499.671875]]], [[[-123.58858, 48.18338, -22485.009765625], [-123.58046, 48.18691, -23289.412109375], [-123.5959, 48.18848, -23282.38671875], [-123.58858, 48.18338, -22485.009765625]]], [[[-123.33324, 48.1677, -26688.076171875], [-123.34694, 48.16767, -26257.626953125], [-123.33483, 48.16333, -25813.314453125], [-123.33324, 48.1677, -26688.076171875]]], [[[-123.32174, 48.16286, -26290.912109375], [-123.30853, 48.16295, -26732.6328125], [-123.32015, 48.16722, -27166.232421875], [-123.32174, 48.16286, -26290.912109375]]], [[[-123.29689, 48.15914, -26269.580078125], [-123.28356, 48.16044, -26634.54296875], [-123.29529, 48.16352, -27143.716796875], [-123.29689, 48.15914, -26269.580078125]]], [[[-123.32811, 48.1454, -22789.703125], [-123.31493, 48.14543, -23235.25390625], [-123.32651, 48.14976, -23665.00390625], [-123.32811, 48.1454, -22789.703125]]], [[[-123.32811, 48.1454, -22789.703125], [-123.31653, 48.14105, -22360.912109375], [-123.31493, 48.14543, -23235.25390625], [-123.32811, 48.1454, -22789.703125]]], [[[-123.3297, 48.14103, -21914.40234375], [-123.31813, 48.13667, -21486.5703125], [-123.31653, 48.14105, -22360.912109375], [-123.3297, 48.14103, -21914.40234375]]], [[[-123.33129, 48.13667, -21039.095703125], [-123.31813, 48.13667, -21486.5703125], [-123.3297, 48.14103, -21914.40234375], [-123.33129, 48.13667, -21039.095703125]]], [[[-123.33129, 48.13667, -21039.095703125], [-123.31972, 48.13229, -20612.22265625], [-123.31813, 48.13667, -21486.5703125], [-123.33129, 48.13667, -21039.095703125]]], [[[-123.33129, 48.13667, -21039.095703125], [-123.34439, 48.13709, -20564.841796875], [-123.33288, 48.13231, -20163.78125], [-123.33129, 48.13667, -21039.095703125]]], [[[-123.35633, 48.14141, -20998.728515625], [-123.34439, 48.13709, -20564.841796875], [-123.3428, 48.14146, -21439.595703125], [-123.35633, 48.14141, -20998.728515625]]], [[[-123.85603, 48.16097, -8101.4248046875], [-123.86779, 48.16612, -8517.4423828125], [-123.87013, 48.16235, -7724.49072265625], [-123.85603, 48.16097, -8101.4248046875]]], [[[-123.49576, 48.09715, -7963.9443359375], [-123.49106, 48.09154, -7104.25146484375], [-123.48234, 48.09458, -7930.43408203125], [-123.49576, 48.09715, -7963.9443359375]]], [[[-123.35633, 48.14141, -20998.728515625], [-123.35792, 48.13705, -20123.478515625], [-123.34439, 48.13709, -20564.841796875], [-123.35633, 48.14141, -20998.728515625]]], [[[-123.34599, 48.13272, -19690.0859375], [-123.33288, 48.13231, -20163.78125], [-123.34439, 48.13709, -20564.841796875], [-123.34599, 48.13272, -19690.0859375]]], [[[-123.34599, 48.13272, -19690.0859375], [-123.33447, 48.12794, -19288.47265625], [-123.33288, 48.13231, -20163.78125], [-123.34599, 48.13272, -19690.0859375]]], [[[-123.34599, 48.13272, -19690.0859375], [-123.35951, 48.13268, -19248.228515625], [-123.34758, 48.12834, -18815.333984375], [-123.34599, 48.13272, -19690.0859375]]], [[[-123.35951, 48.13268, -19248.228515625], [-123.34599, 48.13272, -19690.0859375], [-123.35792, 48.13705, -20123.478515625], [-123.35951, 48.13268, -19248.228515625]]], [[[-123.34758, 48.12834, -18815.333984375], [-123.36109, 48.12831, -18372.97265625], [-123.34917, 48.12397, -17940.572265625], [-123.34758, 48.12834, -18815.333984375]]], [[[-123.34758, 48.12834, -18815.333984375], [-123.34917, 48.12397, -17940.572265625], [-123.33606, 48.12358, -18413.166015625], [-123.34758, 48.12834, -18815.333984375]]], [[[-123.34758, 48.12834, -18815.333984375], [-123.33606, 48.12358, -18413.166015625], [-123.33447, 48.12794, -19288.47265625], [-123.34758, 48.12834, -18815.333984375]]], [[[-123.33606, 48.12358, -18413.166015625], [-123.32292, 48.12353, -18863.53125], [-123.33447, 48.12794, -19288.47265625], [-123.33606, 48.12358, -18413.166015625]]], [[[-123.32292, 48.12353, -18863.53125], [-123.33606, 48.12358, -18413.166015625], [-123.32452, 48.11916, -17989.18359375], [-123.32292, 48.12353, -18863.53125]]], [[[-123.33447, 48.12794, -19288.47265625], [-123.32132, 48.12791, -19737.873046875], [-123.33288, 48.13231, -20163.78125], [-123.33447, 48.12794, -19288.47265625]]], [[[-123.32132, 48.12791, -19737.873046875], [-123.30809, 48.12846, -20150.703125], [-123.31972, 48.13229, -20612.22265625], [-123.32132, 48.12791, -19737.873046875]]], [[[-123.49772, 48.1107, -10416.0166015625], [-123.49239, 48.1054, -9622.4267578125], [-123.48448, 48.10854, -10516.4775390625], [-123.49772, 48.1107, -10416.0166015625]]], [[[-123.32132, 48.12791, -19737.873046875], [-123.30969, 48.12408, -19276.580078125], [-123.30809, 48.12846, -20150.703125], [-123.32132, 48.12791, -19737.873046875]]], [[[-123.29637, 48.1255, -19634.333984375], [-123.29796, 48.12113, -18759.3125], [-123.28468, 48.12313, -19081.998046875], [-123.29637, 48.1255, -19634.333984375]]], [[[-123.29637, 48.1255, -19634.333984375], [-123.28307, 48.12747, -19958.208984375], [-123.29477, 48.12987, -20509.357421875], [-123.29637, 48.1255, -19634.333984375]]], [[[-123.30649, 48.13284, -21024.826171875], [-123.30809, 48.12846, -20150.703125], [-123.29477, 48.12987, -20509.357421875], [-123.30649, 48.13284, -21024.826171875]]], [[[-123.31972, 48.13229, -20612.22265625], [-123.30809, 48.12846, -20150.703125], [-123.30649, 48.13284, -21024.826171875], [-123.31972, 48.13229, -20612.22265625]]], [[[-123.90444, 48.15146, -5213.40771484375], [-123.90337, 48.15605, -6134.78125], [-123.91618, 48.15459, -5720.7314453125], [-123.90444, 48.15146, -5213.40771484375]]], [[[-123.48234, 48.09458, -7930.43408203125], [-123.47745, 48.08932, -7059.6533203125], [-123.46965, 48.09314, -7921.51806640625], [-123.48234, 48.09458, -7930.43408203125]]], [[[-123.31972, 48.13229, -20612.22265625], [-123.30649, 48.13284, -21024.826171875], [-123.31813, 48.13667, -21486.5703125], [-123.31972, 48.13229, -20612.22265625]]], [[[-123.45636, 48.09068, -7923.2607421875], [-123.4646, 48.08806, -7035.59423828125], [-123.4519, 48.08499, -7067.60546875], [-123.45636, 48.09068, -7923.2607421875]]], [[[-123.30489, 48.13723, -21898.951171875], [-123.31653, 48.14105, -22360.912109375], [-123.31813, 48.13667, -21486.5703125], [-123.30489, 48.13723, -21898.951171875]]], [[[-123.31653, 48.14105, -22360.912109375], [-123.30489, 48.13723, -21898.951171875], [-123.30329, 48.14161, -22773.076171875], [-123.31653, 48.14105, -22360.912109375]]], [[[-123.31333, 48.14981, -24109.59765625], [-123.30169, 48.14599, -23647.201171875], [-123.30009, 48.15037, -24521.326171875], [-123.31333, 48.14981, -24109.59765625]]], [[[-123.30009, 48.15037, -24521.326171875], [-123.31173, 48.15419, -24983.939453125], [-123.31333, 48.14981, -24109.59765625], [-123.30009, 48.15037, -24521.326171875]]], [[[-123.31173, 48.15419, -24983.939453125], [-123.30009, 48.15037, -24521.326171875], [-123.29849, 48.15476, -25395.453125], [-123.31173, 48.15419, -24983.939453125]]], [[[-123.30169, 48.14599, -23647.201171875], [-123.28997, 48.14297, -23134.431640625], [-123.28836, 48.14734, -24009.458984375], [-123.30169, 48.14599, -23647.201171875]]], [[[-123.28147, 48.13182, -20834.41796875], [-123.27987, 48.13617, -21710.626953125], [-123.29317, 48.13424, -21384.380859375], [-123.28147, 48.13182, -20834.41796875]]], [[[-123.4001, 48.03502, 514.4937744140625], [-123.40483, 48.04049, -280.32427978515625], [-123.41279, 48.03795, 543.56591796875], [-123.4001, 48.03502, 514.4937744140625]]], [[[-123.27987, 48.13617, -21710.626953125], [-123.29157, 48.1386, -22259.40625], [-123.29317, 48.13424, -21384.380859375], [-123.27987, 48.13617, -21710.626953125]]], [[[-123.29157, 48.1386, -22259.40625], [-123.27987, 48.13617, -21710.626953125], [-123.27826, 48.14052, -22586.837890625], [-123.29157, 48.1386, -22259.40625]]], [[[-123.28997, 48.14297, -23134.431640625], [-123.27826, 48.14052, -22586.837890625], [-123.27666, 48.14487, -23463.046875], [-123.28997, 48.14297, -23134.431640625]]], [[[-123.31577, 48.03017, -378.3520812988281], [-123.32776, 48.02971, -384.65753173828125], [-123.32176, 48.02595, 492.1880187988281], [-123.31577, 48.03017, -378.3520812988281]]], [[[-123.27666, 48.14487, -23463.046875], [-123.28836, 48.14734, -24009.458984375], [-123.28997, 48.14297, -23134.431640625], [-123.27666, 48.14487, -23463.046875]]], [[[-123.30396, 48.03739, -1896.5677490234375], [-123.30521, 48.03324, -1066.566650390625], [-123.29181, 48.03475, -1391.9422607421875], [-123.30396, 48.03739, -1896.5677490234375]]], [[[-123.28676, 48.15171, -24884.486328125], [-123.28836, 48.14734, -24009.458984375], [-123.27506, 48.14922, -24339.2578125], [-123.28676, 48.15171, -24884.486328125]]], [[[-123.31861, 48.03487, -1296.9556884765625], [-123.31577, 48.03017, -378.3520812988281], [-123.30521, 48.03324, -1066.566650390625], [-123.31861, 48.03487, -1296.9556884765625]]], [[[-123.28676, 48.15171, -24884.486328125], [-123.27506, 48.14922, -24339.2578125], [-123.27345, 48.15356, -25215.46875], [-123.28676, 48.15171, -24884.486328125]]], [[[-123.39308, 48.03821, -337.7474670410156], [-123.39791, 48.0435, -1146.813232421875], [-123.40483, 48.04049, -280.32427978515625], [-123.39308, 48.03821, -337.7474670410156]]], [[[-123.27666, 48.14487, -23463.046875], [-123.26342, 48.14688, -23784.748046875], [-123.27506, 48.14922, -24339.2578125], [-123.27666, 48.14487, -23463.046875]]], [[[-123.32613, 48.03794, -2055.92333984375], [-123.31861, 48.03487, -1296.9556884765625], [-123.3149, 48.0402, -2374.3994140625], [-123.32613, 48.03794, -2055.92333984375]]], [[[-123.27666, 48.14487, -23463.046875], [-123.26502, 48.14251, -22910.166015625], [-123.26342, 48.14688, -23784.748046875], [-123.27666, 48.14487, -23463.046875]]], [[[-123.33251, 48.03364, -1256.6326904296875], [-123.32776, 48.02971, -384.65753173828125], [-123.31861, 48.03487, -1296.9556884765625], [-123.33251, 48.03364, -1256.6326904296875]]], [[[-123.27666, 48.14487, -23463.046875], [-123.27826, 48.14052, -22586.837890625], [-123.26502, 48.14251, -22910.166015625], [-123.27666, 48.14487, -23463.046875]]], [[[-123.30183, 48.04188, -2794.814453125], [-123.30396, 48.03739, -1896.5677490234375], [-123.29021, 48.03913, -2266.380859375], [-123.30183, 48.04188, -2794.814453125]]], [[[-123.27987, 48.13617, -21710.626953125], [-123.26663, 48.13813, -22035.5859375], [-123.27826, 48.14052, -22586.837890625], [-123.27987, 48.13617, -21710.626953125]]], [[[-123.27987, 48.13617, -21710.626953125], [-123.26823, 48.13376, -21161.005859375], [-123.26663, 48.13813, -22035.5859375], [-123.27987, 48.13617, -21710.626953125]]], [[[-123.3149, 48.0402, -2374.3994140625], [-123.31861, 48.03487, -1296.9556884765625], [-123.30396, 48.03739, -1896.5677490234375], [-123.3149, 48.0402, -2374.3994140625]]], [[[-123.26663, 48.13813, -22035.5859375], [-123.26823, 48.13376, -21161.005859375], [-123.25499, 48.13543, -21504.029296875], [-123.26663, 48.13813, -22035.5859375]]], [[[-123.40252, 48.04896, -1945.29736328125], [-123.40978, 48.046, -1075.1285400390625], [-123.39791, 48.0435, -1146.813232421875], [-123.40252, 48.04896, -1945.29736328125]]], [[[-123.26502, 48.14251, -22910.166015625], [-123.26663, 48.13813, -22035.5859375], [-123.25338, 48.1398, -22378.46875], [-123.26502, 48.14251, -22910.166015625]]], [[[-123.31861, 48.03487, -1296.9556884765625], [-123.30521, 48.03324, -1066.566650390625], [-123.30396, 48.03739, -1896.5677490234375], [-123.31861, 48.03487, -1296.9556884765625]]], [[[-123.26342, 48.14688, -23784.748046875], [-123.26502, 48.14251, -22910.166015625], [-123.25178, 48.14418, -23252.908203125], [-123.26342, 48.14688, -23784.748046875]]], [[[-123.31577, 48.03017, -378.3520812988281], [-123.31861, 48.03487, -1296.9556884765625], [-123.32776, 48.02971, -384.65753173828125], [-123.31577, 48.03017, -378.3520812988281]]], [[[-123.26342, 48.14688, -23784.748046875], [-123.25178, 48.14418, -23252.908203125], [-123.25017, 48.14856, -24127.345703125], [-123.26342, 48.14688, -23784.748046875]]], [[[-123.31577, 48.03017, -378.3520812988281], [-123.30842, 48.026, 384.7008361816406], [-123.3033, 48.02954, -333.58984375], [-123.31577, 48.03017, -378.3520812988281]]], [[[-123.26182, 48.15126, -24659.328125], [-123.26342, 48.14688, -23784.748046875], [-123.25017, 48.14856, -24127.345703125], [-123.26182, 48.15126, -24659.328125]]], [[[-123.39559, 48.05197, -2811.703125], [-123.39081, 48.04664, -1998.3160400390625], [-123.38307, 48.04961, -2834.067138671875], [-123.39559, 48.05197, -2811.703125]]], [[[-123.26182, 48.15126, -24659.328125], [-123.25017, 48.14856, -24127.345703125], [-123.24857, 48.15294, -25001.78515625], [-123.26182, 48.15126, -24659.328125]]], [[[-123.40252, 48.04896, -1945.29736328125], [-123.4151, 48.05103, -1882.547607421875], [-123.40978, 48.046, -1075.1285400390625], [-123.40252, 48.04896, -1945.29736328125]]], [[[-123.25499, 48.13543, -21504.029296875], [-123.26823, 48.13376, -21161.005859375], [-123.25659, 48.13105, -20629.591796875], [-123.25499, 48.13543, -21504.029296875]]], [[[-123.3149, 48.0402, -2374.3994140625], [-123.30183, 48.04188, -2794.814453125], [-123.31347, 48.04485, -3309.862060546875], [-123.3149, 48.0402, -2374.3994140625]]], [[[-123.26983, 48.12938, -20286.42578125], [-123.25659, 48.13105, -20629.591796875], [-123.26823, 48.13376, -21161.005859375], [-123.26983, 48.12938, -20286.42578125]]], [[[-123.26983, 48.12938, -20286.42578125], [-123.25819, 48.12667, -19755.15234375], [-123.25659, 48.13105, -20629.591796875], [-123.26983, 48.12938, -20286.42578125]]], [[[-123.40786, 48.0544, -2722.004150390625], [-123.40252, 48.04896, -1945.29736328125], [-123.39559, 48.05197, -2811.703125], [-123.40786, 48.0544, -2722.004150390625]]], [[[-123.26983, 48.12938, -20286.42578125], [-123.27144, 48.12501, -19411.84375], [-123.25819, 48.12667, -19755.15234375], [-123.26983, 48.12938, -20286.42578125]]], [[[-123.35842, 48.03627, -1327.2568359375], [-123.36405, 48.04178, -2089.52099609375], [-123.37178, 48.03908, -1246.828857421875], [-123.35842, 48.03627, -1327.2568359375]]], [[[-123.26983, 48.12938, -20286.42578125], [-123.28307, 48.12747, -19958.208984375], [-123.27144, 48.12501, -19411.84375], [-123.26983, 48.12938, -20286.42578125]]], [[[-123.35842, 48.03627, -1327.2568359375], [-123.36599, 48.03353, -483.5650939941406], [-123.3536, 48.03115, -509.18994140625], [-123.35842, 48.03627, -1327.2568359375]]], [[[-123.28468, 48.12313, -19081.998046875], [-123.27144, 48.12501, -19411.84375], [-123.28307, 48.12747, -19958.208984375], [-123.28468, 48.12313, -19081.998046875]]], [[[-123.31577, 48.03017, -378.3520812988281], [-123.32176, 48.02595, 492.1880187988281], [-123.30842, 48.026, 384.7008361816406], [-123.31577, 48.03017, -378.3520812988281]]], [[[-123.28468, 48.12313, -19081.998046875], [-123.27304, 48.12063, -18537.263671875], [-123.27144, 48.12501, -19411.84375], [-123.28468, 48.12313, -19081.998046875]]], [[[-123.27304, 48.12063, -18537.263671875], [-123.28628, 48.11878, -18205.7890625], [-123.27464, 48.11626, -17662.68359375], [-123.27304, 48.12063, -18537.263671875]]], [[[-123.32776, 48.02971, -384.65753173828125], [-123.33511, 48.02501, 464.26263427734375], [-123.32176, 48.02595, 492.1880187988281], [-123.32776, 48.02971, -384.65753173828125]]], [[[-123.27304, 48.12063, -18537.263671875], [-123.27464, 48.11626, -17662.68359375], [-123.2614, 48.11792, -18006.275390625], [-123.27304, 48.12063, -18537.263671875]]], [[[-123.32613, 48.03794, -2055.92333984375], [-123.33251, 48.03364, -1256.6326904296875], [-123.31861, 48.03487, -1296.9556884765625], [-123.32613, 48.03794, -2055.92333984375]]], [[[-123.27304, 48.12063, -18537.263671875], [-123.2614, 48.11792, -18006.275390625], [-123.2598, 48.1223, -18880.71484375], [-123.27304, 48.12063, -18537.263671875]]], [[[-123.27144, 48.12501, -19411.84375], [-123.2598, 48.1223, -18880.71484375], [-123.25819, 48.12667, -19755.15234375], [-123.27144, 48.12501, -19411.84375]]], [[[-123.27464, 48.11626, -17662.68359375], [-123.263, 48.11354, -17131.837890625], [-123.2614, 48.11792, -18006.275390625], [-123.27464, 48.11626, -17662.68359375]]], [[[-123.28788, 48.11443, -17329.58203125], [-123.27464, 48.11626, -17662.68359375], [-123.28628, 48.11878, -18205.7890625], [-123.28788, 48.11443, -17329.58203125]]], [[[-123.29956, 48.11677, -17884.291015625], [-123.28788, 48.11443, -17329.58203125], [-123.28628, 48.11878, -18205.7890625], [-123.29956, 48.11677, -17884.291015625]]], [[[-123.29956, 48.11677, -17884.291015625], [-123.30116, 48.1124, -17009.263671875], [-123.28788, 48.11443, -17329.58203125], [-123.29956, 48.11677, -17884.291015625]]], [[[-123.30183, 48.04188, -2794.814453125], [-123.29021, 48.03913, -2266.380859375], [-123.28861, 48.04351, -3140.8193359375], [-123.30183, 48.04188, -2794.814453125]]], [[[-123.29956, 48.11677, -17884.291015625], [-123.31289, 48.11532, -17528.330078125], [-123.30116, 48.1124, -17009.263671875], [-123.29956, 48.11677, -17884.291015625]]], [[[-123.32613, 48.03794, -2055.92333984375], [-123.3381, 48.03802, -2116.035888671875], [-123.33251, 48.03364, -1256.6326904296875], [-123.32613, 48.03794, -2055.92333984375]]], [[[-123.31289, 48.11532, -17528.330078125], [-123.29956, 48.11677, -17884.291015625], [-123.31129, 48.1197, -18402.45703125], [-123.31289, 48.11532, -17528.330078125]]], [[[-123.32452, 48.11916, -17989.18359375], [-123.31289, 48.11532, -17528.330078125], [-123.31129, 48.1197, -18402.45703125], [-123.32452, 48.11916, -17989.18359375]]], [[[-123.32452, 48.11916, -17989.18359375], [-123.33765, 48.11921, -17537.84375], [-123.32612, 48.11478, -17114.8203125], [-123.32452, 48.11916, -17989.18359375]]], [[[-123.32613, 48.03794, -2055.92333984375], [-123.32698, 48.04213, -2936.6298828125], [-123.3381, 48.03802, -2116.035888671875], [-123.32613, 48.03794, -2055.92333984375]]], [[[-123.33765, 48.11921, -17537.84375], [-123.32452, 48.11916, -17989.18359375], [-123.33606, 48.12358, -18413.166015625], [-123.33765, 48.11921, -17537.84375]]], [[[-123.37799, 48.04437, -2022.803955078125], [-123.38566, 48.04133, -1188.7388916015625], [-123.37178, 48.03908, -1246.828857421875], [-123.37799, 48.04437, -2022.803955078125]]], [[[-123.34917, 48.12397, -17940.572265625], [-123.33765, 48.11921, -17537.84375], [-123.33606, 48.12358, -18413.166015625], [-123.34917, 48.12397, -17940.572265625]]], [[[-123.39081, 48.04664, -1998.3160400390625], [-123.40252, 48.04896, -1945.29736328125], [-123.39791, 48.0435, -1146.813232421875], [-123.39081, 48.04664, -1998.3160400390625]]], [[[-123.34917, 48.12397, -17940.572265625], [-123.35077, 48.1196, -17065.796875], [-123.33765, 48.11921, -17537.84375], [-123.34917, 48.12397, -17940.572265625]]], [[[-123.35018, 48.03923, -2137.874267578125], [-123.35547, 48.04421, -2914.48046875], [-123.36405, 48.04178, -2089.52099609375], [-123.35018, 48.03923, -2137.874267578125]]], [[[-123.36268, 48.12395, -17497.705078125], [-123.34917, 48.12397, -17940.572265625], [-123.36109, 48.12831, -18372.97265625], [-123.36268, 48.12395, -17497.705078125]]], [[[-123.30023, 48.04626, -3669.39501953125], [-123.28861, 48.04351, -3140.8193359375], [-123.28701, 48.04789, -4015.258056640625], [-123.30023, 48.04626, -3669.39501953125]]], [[[-123.37457, 48.12874, -17902.232421875], [-123.37616, 48.12437, -17026.830078125], [-123.36268, 48.12395, -17497.705078125], [-123.37457, 48.12874, -17902.232421875]]], [[[-123.32192, 48.05561, -5633.86376953125], [-123.32352, 48.05124, -4758.83447265625], [-123.31027, 48.05355, -5062.62646484375], [-123.32192, 48.05561, -5633.86376953125]]], [[[-123.37457, 48.12874, -17902.232421875], [-123.38827, 48.12887, -17451.05078125], [-123.37616, 48.12437, -17026.830078125], [-123.37457, 48.12874, -17902.232421875]]], [[[-123.30023, 48.04626, -3669.39501953125], [-123.30183, 48.04188, -2794.814453125], [-123.28861, 48.04351, -3140.8193359375], [-123.30023, 48.04626, -3669.39501953125]]], [[[-123.38827, 48.12887, -17451.05078125], [-123.37457, 48.12874, -17902.232421875], [-123.38668, 48.13324, -18326.35546875], [-123.38827, 48.12887, -17451.05078125]]], [[[-123.32698, 48.04213, -2936.6298828125], [-123.32613, 48.03794, -2055.92333984375], [-123.3149, 48.0402, -2374.3994140625], [-123.32698, 48.04213, -2936.6298828125]]], [[[-123.40062, 48.13311, -17894.37109375], [-123.38827, 48.12887, -17451.05078125], [-123.38668, 48.13324, -18326.35546875], [-123.40062, 48.13311, -17894.37109375]]], [[[-123.34863, 48.0479, -3819.0517578125], [-123.34051, 48.04321, -3143.84228515625], [-123.33707, 48.04909, -4319.8251953125], [-123.34863, 48.0479, -3819.0517578125]]], [[[-123.40062, 48.13311, -17894.37109375], [-123.41421, 48.13346, -17428.900390625], [-123.40221, 48.12874, -17018.80078125], [-123.40062, 48.13311, -17894.37109375]]], [[[-123.34051, 48.04321, -3143.84228515625], [-123.3381, 48.03802, -2116.035888671875], [-123.32698, 48.04213, -2936.6298828125], [-123.34051, 48.04321, -3143.84228515625]]], [[[-123.41579, 48.12909, -16553.419921875], [-123.40221, 48.12874, -17018.80078125], [-123.41421, 48.13346, -17428.900390625], [-123.41579, 48.12909, -16553.419921875]]], [[[-123.41579, 48.12909, -16553.419921875], [-123.40379, 48.12438, -16143.2255859375], [-123.40221, 48.12874, -17018.80078125], [-123.41579, 48.12909, -16553.419921875]]], [[[-123.29863, 48.05063, -4543.9755859375], [-123.28701, 48.04789, -4015.258056640625], [-123.28541, 48.05226, -4889.69677734375], [-123.29863, 48.05063, -4543.9755859375]]], [[[-123.41737, 48.12473, -15677.931640625], [-123.40379, 48.12438, -16143.2255859375], [-123.41579, 48.12909, -16553.419921875], [-123.41737, 48.12473, -15677.931640625]]], [[[-123.33534, 48.05391, -5281.41015625], [-123.32192, 48.05561, -5633.86376953125], [-123.33366, 48.05834, -6164.55517578125], [-123.33534, 48.05391, -5281.41015625]]], [[[-123.40221, 48.12874, -17018.80078125], [-123.38985, 48.12451, -16575.73828125], [-123.38827, 48.12887, -17451.05078125], [-123.40221, 48.12874, -17018.80078125]]], [[[-123.3149, 48.0402, -2374.3994140625], [-123.30396, 48.03739, -1896.5677490234375], [-123.30183, 48.04188, -2794.814453125], [-123.3149, 48.0402, -2374.3994140625]]], [[[-123.38985, 48.12451, -16575.73828125], [-123.37616, 48.12437, -17026.830078125], [-123.38827, 48.12887, -17451.05078125], [-123.38985, 48.12451, -16575.73828125]]], [[[-123.29863, 48.05063, -4543.9755859375], [-123.31187, 48.0492, -4186.416015625], [-123.30023, 48.04626, -3669.39501953125], [-123.29863, 48.05063, -4543.9755859375]]], [[[-123.39144, 48.12014, -15700.4208984375], [-123.37933, 48.11564, -15276.001953125], [-123.37775, 48.12001, -16151.41796875], [-123.39144, 48.12014, -15700.4208984375]]], [[[-123.34685, 48.05784, -5748.1357421875], [-123.34978, 48.05304, -4752.58154296875], [-123.33534, 48.05391, -5281.41015625], [-123.34685, 48.05784, -5748.1357421875]]], [[[-123.39461, 48.11141, -13949.7705078125], [-123.38092, 48.11128, -14400.583984375], [-123.39302, 48.11578, -14825.0966796875], [-123.39461, 48.11141, -13949.7705078125]]], [[[-123.36904, 48.10648, -13996.5732421875], [-123.38092, 48.11128, -14400.583984375], [-123.3825, 48.10692, -13525.1728515625], [-123.36904, 48.10648, -13996.5732421875]]], [[[-123.38092, 48.11128, -14400.583984375], [-123.36904, 48.10648, -13996.5732421875], [-123.36745, 48.11085, -14871.853515625], [-123.38092, 48.11128, -14400.583984375]]], [[[-123.37775, 48.12001, -16151.41796875], [-123.37933, 48.11564, -15276.001953125], [-123.36586, 48.11522, -15747.1416015625], [-123.37775, 48.12001, -16151.41796875]]], [[[-123.37775, 48.12001, -16151.41796875], [-123.36586, 48.11522, -15747.1416015625], [-123.36427, 48.11958, -16622.427734375], [-123.37775, 48.12001, -16151.41796875]]], [[[-123.37616, 48.12437, -17026.830078125], [-123.37775, 48.12001, -16151.41796875], [-123.36427, 48.11958, -16622.427734375], [-123.37616, 48.12437, -17026.830078125]]], [[[-123.37616, 48.12437, -17026.830078125], [-123.36427, 48.11958, -16622.427734375], [-123.36268, 48.12395, -17497.705078125], [-123.37616, 48.12437, -17026.830078125]]], [[[-123.36427, 48.11958, -16622.427734375], [-123.35077, 48.1196, -17065.796875], [-123.36268, 48.12395, -17497.705078125], [-123.36427, 48.11958, -16622.427734375]]], [[[-123.51649, 48.06977, -2162.533447265625], [-123.51118, 48.06462, -1343.0992431640625], [-123.50274, 48.06725, -2150.3173828125], [-123.51649, 48.06977, -2162.533447265625]]], [[[-123.36427, 48.11958, -16622.427734375], [-123.35236, 48.11522, -16191.009765625], [-123.35077, 48.1196, -17065.796875], [-123.36427, 48.11958, -16622.427734375]]], [[[-123.33707, 48.04909, -4319.8251953125], [-123.34051, 48.04321, -3143.84228515625], [-123.32594, 48.04652, -3824.59765625], [-123.33707, 48.04909, -4319.8251953125]]], [[[-123.36586, 48.11522, -15747.1416015625], [-123.35236, 48.11522, -16191.009765625], [-123.36427, 48.11958, -16622.427734375], [-123.36586, 48.11522, -15747.1416015625]]], [[[-123.36586, 48.11522, -15747.1416015625], [-123.35395, 48.11085, -15316.2177734375], [-123.35236, 48.11522, -16191.009765625], [-123.36586, 48.11522, -15747.1416015625]]], [[[-123.32192, 48.05561, -5633.86376953125], [-123.31027, 48.05355, -5062.62646484375], [-123.30868, 48.0579, -5938.83740234375], [-123.32192, 48.05561, -5633.86376953125]]], [[[-123.35395, 48.11085, -15316.2177734375], [-123.36745, 48.11085, -14871.853515625], [-123.35554, 48.10648, -14441.4326171875], [-123.35395, 48.11085, -15316.2177734375]]], [[[-123.35395, 48.11085, -15316.2177734375], [-123.35554, 48.10648, -14441.4326171875], [-123.34242, 48.10612, -14911.8173828125], [-123.35395, 48.11085, -15316.2177734375]]], [[[-123.34978, 48.05304, -4752.58154296875], [-123.33707, 48.04909, -4319.8251953125], [-123.33534, 48.05391, -5281.41015625], [-123.34978, 48.05304, -4752.58154296875]]], [[[-123.35395, 48.11085, -15316.2177734375], [-123.34242, 48.10612, -14911.8173828125], [-123.34083, 48.11048, -15787.16015625], [-123.35395, 48.11085, -15316.2177734375]]], [[[-123.33707, 48.04909, -4319.8251953125], [-123.32594, 48.04652, -3824.59765625], [-123.32352, 48.05124, -4758.83447265625], [-123.33707, 48.04909, -4319.8251953125]]], [[[-123.35236, 48.11522, -16191.009765625], [-123.34083, 48.11048, -15787.16015625], [-123.33924, 48.11485, -16662.5078125], [-123.35236, 48.11522, -16191.009765625]]], [[[-123.35018, 48.03923, -2137.874267578125], [-123.35842, 48.03627, -1327.2568359375], [-123.34512, 48.03391, -1288.287841796875], [-123.35018, 48.03923, -2137.874267578125]]], [[[-123.35077, 48.1196, -17065.796875], [-123.35236, 48.11522, -16191.009765625], [-123.33924, 48.11485, -16662.5078125], [-123.35077, 48.1196, -17065.796875]]], [[[-123.33707, 48.04909, -4319.8251953125], [-123.32352, 48.05124, -4758.83447265625], [-123.33534, 48.05391, -5281.41015625], [-123.33707, 48.04909, -4319.8251953125]]], [[[-123.35077, 48.1196, -17065.796875], [-123.33924, 48.11485, -16662.5078125], [-123.33765, 48.11921, -17537.84375], [-123.35077, 48.1196, -17065.796875]]], [[[-123.32612, 48.11478, -17114.8203125], [-123.33924, 48.11485, -16662.5078125], [-123.32771, 48.1104, -16240.44140625], [-123.32612, 48.11478, -17114.8203125]]], [[[-123.35842, 48.03627, -1327.2568359375], [-123.35018, 48.03923, -2137.874267578125], [-123.36405, 48.04178, -2089.52099609375], [-123.35842, 48.03627, -1327.2568359375]]], [[[-123.32612, 48.11478, -17114.8203125], [-123.32771, 48.1104, -16240.44140625], [-123.31449, 48.11093, -16654.18359375], [-123.32612, 48.11478, -17114.8203125]]], [[[-123.35547, 48.04421, -2914.48046875], [-123.36091, 48.05, -3745.2021484375], [-123.36995, 48.04734, -2859.171630859375], [-123.35547, 48.04421, -2914.48046875]]], [[[-123.31449, 48.11093, -16654.18359375], [-123.30116, 48.1124, -17009.263671875], [-123.31289, 48.11532, -17528.330078125], [-123.31449, 48.11093, -16654.18359375]]], [[[-123.34512, 48.03391, -1288.287841796875], [-123.3536, 48.03115, -509.18994140625], [-123.33993, 48.02954, -427.511962890625], [-123.34512, 48.03391, -1288.287841796875]]], [[[-123.30116, 48.1124, -17009.263671875], [-123.31449, 48.11093, -16654.18359375], [-123.30276, 48.10803, -16134.22265625], [-123.30116, 48.1124, -17009.263671875]]], [[[-123.89536, 48.21155, -17063.26171875], [-123.90852, 48.21106, -16646.853515625], [-123.89696, 48.20717, -16190.7626953125], [-123.89536, 48.21155, -17063.26171875]]], [[[-123.30116, 48.1124, -17009.263671875], [-123.30276, 48.10803, -16134.22265625], [-123.28948, 48.11008, -16453.369140625], [-123.30116, 48.1124, -17009.263671875]]], [[[-123.92731, 48.19439, -12648.3583984375], [-123.93953, 48.19551, -12122.6171875], [-123.92891, 48.19002, -11775.470703125], [-123.92731, 48.19439, -12648.3583984375]]], [[[-123.30116, 48.1124, -17009.263671875], [-123.28948, 48.11008, -16453.369140625], [-123.28788, 48.11443, -17329.58203125], [-123.30116, 48.1124, -17009.263671875]]], [[[-123.89324, 48.18214, -11322.37890625], [-123.90497, 48.18526, -11828.267578125], [-123.90658, 48.18088, -10955.7685546875], [-123.89324, 48.18214, -11322.37890625]]], [[[-123.28948, 48.11008, -16453.369140625], [-123.27624, 48.11188, -16788.103515625], [-123.28788, 48.11443, -17329.58203125], [-123.28948, 48.11008, -16453.369140625]]], [[[-123.89696, 48.20717, -16190.7626953125], [-123.90852, 48.21106, -16646.853515625], [-123.91013, 48.20667, -15774.4267578125], [-123.89696, 48.20717, -16190.7626953125]]], [[[-123.27624, 48.11188, -16788.103515625], [-123.28948, 48.11008, -16453.369140625], [-123.27784, 48.10751, -15913.5224609375], [-123.27624, 48.11188, -16788.103515625]]], [[[-123.90852, 48.21106, -16646.853515625], [-123.89536, 48.21155, -17063.26171875], [-123.90692, 48.21544, -17519.283203125], [-123.90852, 48.21106, -16646.853515625]]], [[[-123.27624, 48.11188, -16788.103515625], [-123.27784, 48.10751, -15913.5224609375], [-123.26461, 48.10917, -16257.3984375], [-123.27624, 48.11188, -16788.103515625]]], [[[-123.92731, 48.19439, -12648.3583984375], [-123.93792, 48.1999, -12994.3203125], [-123.93953, 48.19551, -12122.6171875], [-123.92731, 48.19439, -12648.3583984375]]], [[[-123.27624, 48.11188, -16788.103515625], [-123.26461, 48.10917, -16257.3984375], [-123.263, 48.11354, -17131.837890625], [-123.27624, 48.11188, -16788.103515625]]], [[[-123.90497, 48.18526, -11828.267578125], [-123.91813, 48.18476, -11412.2861328125], [-123.90658, 48.18088, -10955.7685546875], [-123.90497, 48.18526, -11828.267578125]]], [[[-123.27784, 48.10751, -15913.5224609375], [-123.26621, 48.10479, -15382.9599609375], [-123.26461, 48.10917, -16257.3984375], [-123.27784, 48.10751, -15913.5224609375]]], [[[-123.91493, 48.19353, -13157.142578125], [-123.91333, 48.19791, -14029.5703125], [-123.92572, 48.19877, -13521.24609375], [-123.91493, 48.19353, -13157.142578125]]], [[[-123.27784, 48.10751, -15913.5224609375], [-123.27944, 48.10314, -15038.9423828125], [-123.26621, 48.10479, -15382.9599609375], [-123.27784, 48.10751, -15913.5224609375]]], [[[-123.29108, 48.10573, -15577.1572265625], [-123.27944, 48.10314, -15038.9423828125], [-123.27784, 48.10751, -15913.5224609375], [-123.29108, 48.10573, -15577.1572265625]]], [[[-123.91173, 48.20229, -14901.998046875], [-123.92252, 48.20752, -15267.021484375], [-123.92412, 48.20315, -14394.1337890625], [-123.91173, 48.20229, -14901.998046875]]], [[[-123.29268, 48.10138, -14700.9462890625], [-123.27944, 48.10314, -15038.9423828125], [-123.29108, 48.10573, -15577.1572265625], [-123.29268, 48.10138, -14700.9462890625]]], [[[-123.29268, 48.10138, -14700.9462890625], [-123.28104, 48.09876, -14164.361328125], [-123.27944, 48.10314, -15038.9423828125], [-123.29268, 48.10138, -14700.9462890625]]], [[[-123.90818, 48.1765, -10083.2685546875], [-123.91973, 48.18038, -10539.8583984375], [-123.92133, 48.17599, -9667.4287109375], [-123.90818, 48.1765, -10083.2685546875]]], [[[-123.29428, 48.09704, -13824.7353515625], [-123.28104, 48.09876, -14164.361328125], [-123.29268, 48.10138, -14700.9462890625], [-123.29428, 48.09704, -13824.7353515625]]], [[[-123.90852, 48.21106, -16646.853515625], [-123.91933, 48.21628, -17012.796875], [-123.92093, 48.2119, -16139.9091796875], [-123.90852, 48.21106, -16646.853515625]]], [[[-123.29428, 48.09704, -13824.7353515625], [-123.28264, 48.09439, -13289.78125], [-123.28104, 48.09876, -14164.361328125], [-123.29428, 48.09704, -13824.7353515625]]], [[[-123.29588, 48.09269, -12948.5244140625], [-123.28264, 48.09439, -13289.78125], [-123.29428, 48.09704, -13824.7353515625], [-123.29588, 48.09269, -12948.5244140625]]], [[[-123.29588, 48.09269, -12948.5244140625], [-123.28424, 48.09001, -12415.2001953125], [-123.28264, 48.09439, -13289.78125], [-123.29588, 48.09269, -12948.5244140625]]], [[[-123.90818, 48.1765, -10083.2685546875], [-123.89644, 48.17338, -9577.419921875], [-123.89484, 48.17776, -10449.90234375], [-123.90818, 48.1765, -10083.2685546875]]], [[[-123.29748, 48.08834, -12072.3134765625], [-123.28424, 48.09001, -12415.2001953125], [-123.29588, 48.09269, -12948.5244140625], [-123.29748, 48.08834, -12072.3134765625]]], [[[-123.29748, 48.08834, -12072.3134765625], [-123.28584, 48.08564, -11540.6201171875], [-123.28424, 48.09001, -12415.2001953125], [-123.29748, 48.08834, -12072.3134765625]]], [[[-123.29908, 48.08399, -11196.1025390625], [-123.28584, 48.08564, -11540.6201171875], [-123.29748, 48.08834, -12072.3134765625], [-123.29908, 48.08399, -11196.1025390625]]], [[[-123.90497, 48.18526, -11828.267578125], [-123.91653, 48.18914, -12284.7138671875], [-123.91813, 48.18476, -11412.2861328125], [-123.90497, 48.18526, -11828.267578125]]], [[[-123.28584, 48.08564, -11540.6201171875], [-123.29908, 48.08399, -11196.1025390625], [-123.28744, 48.08126, -10666.0390625], [-123.28584, 48.08564, -11540.6201171875]]], [[[-123.89003, 48.1909, -13067.330078125], [-123.88843, 48.19529, -13939.806640625], [-123.90177, 48.19402, -13573.265625], [-123.89003, 48.1909, -13067.330078125]]], [[[-123.28584, 48.08564, -11540.6201171875], [-123.28744, 48.08126, -10666.0390625], [-123.27421, 48.0829, -11010.7666015625], [-123.28584, 48.08564, -11540.6201171875]]], [[[-123.92133, 48.17599, -9667.4287109375], [-123.9321, 48.18127, -10029.6962890625], [-123.93369, 48.17689, -9156.8076171875], [-123.92133, 48.17599, -9667.4287109375]]], [[[-123.28584, 48.08564, -11540.6201171875], [-123.27421, 48.0829, -11010.7666015625], [-123.27261, 48.08728, -11885.205078125], [-123.28584, 48.08564, -11540.6201171875]]], [[[-123.28424, 48.09001, -12415.2001953125], [-123.28584, 48.08564, -11540.6201171875], [-123.27261, 48.08728, -11885.205078125], [-123.28424, 48.09001, -12415.2001953125]]], [[[-123.89857, 48.20278, -15318.263671875], [-123.91013, 48.20667, -15774.4267578125], [-123.91173, 48.20229, -14901.998046875], [-123.89857, 48.20278, -15318.263671875]]], [[[-123.28424, 48.09001, -12415.2001953125], [-123.27261, 48.08728, -11885.205078125], [-123.27101, 48.09166, -12759.64453125], [-123.28424, 48.09001, -12415.2001953125]]], [[[-123.92731, 48.19439, -12648.3583984375], [-123.92572, 48.19877, -13521.24609375], [-123.93792, 48.1999, -12994.3203125], [-123.92731, 48.19439, -12648.3583984375]]], [[[-123.28264, 48.09439, -13289.78125], [-123.28424, 48.09001, -12415.2001953125], [-123.27101, 48.09166, -12759.64453125], [-123.28264, 48.09439, -13289.78125]]], [[[-123.28264, 48.09439, -13289.78125], [-123.27101, 48.09166, -12759.64453125], [-123.26941, 48.09604, -13634.0830078125], [-123.28264, 48.09439, -13289.78125]]], [[[-123.28104, 48.09876, -14164.361328125], [-123.28264, 48.09439, -13289.78125], [-123.26941, 48.09604, -13634.0830078125], [-123.28104, 48.09876, -14164.361328125]]], [[[-123.28104, 48.09876, -14164.361328125], [-123.26941, 48.09604, -13634.0830078125], [-123.26781, 48.10041, -14508.521484375], [-123.28104, 48.09876, -14164.361328125]]], [[[-123.9305, 48.18564, -10902.583984375], [-123.94114, 48.19112, -11250.9150390625], [-123.94274, 48.18672, -10379.212890625], [-123.9305, 48.18564, -10902.583984375]]], [[[-123.27944, 48.10314, -15038.9423828125], [-123.28104, 48.09876, -14164.361328125], [-123.26781, 48.10041, -14508.521484375], [-123.27944, 48.10314, -15038.9423828125]]], [[[-123.90017, 48.1984, -14445.7646484375], [-123.88683, 48.19967, -14812.2822265625], [-123.89857, 48.20278, -15318.263671875], [-123.90017, 48.1984, -14445.7646484375]]], [[[-123.27944, 48.10314, -15038.9423828125], [-123.26781, 48.10041, -14508.521484375], [-123.26621, 48.10479, -15382.9599609375], [-123.27944, 48.10314, -15038.9423828125]]], [[[-123.9305, 48.18564, -10902.583984375], [-123.91973, 48.18038, -10539.8583984375], [-123.91813, 48.18476, -11412.2861328125], [-123.9305, 48.18564, -10902.583984375]]], [[[-123.28744, 48.08126, -10666.0390625], [-123.27581, 48.07853, -10136.328125], [-123.27421, 48.0829, -11010.7666015625], [-123.28744, 48.08126, -10666.0390625]]], [[[-123.92891, 48.19002, -11775.470703125], [-123.93953, 48.19551, -12122.6171875], [-123.94114, 48.19112, -11250.9150390625], [-123.92891, 48.19002, -11775.470703125]]], [[[-123.28744, 48.08126, -10666.0390625], [-123.28904, 48.07689, -9791.458984375], [-123.27581, 48.07853, -10136.328125], [-123.28744, 48.08126, -10666.0390625]]], [[[-123.92412, 48.20315, -14394.1337890625], [-123.93631, 48.2043, -13866.0224609375], [-123.92572, 48.19877, -13521.24609375], [-123.92412, 48.20315, -14394.1337890625]]], [[[-123.30068, 48.07964, -10319.8916015625], [-123.28904, 48.07689, -9791.458984375], [-123.28744, 48.08126, -10666.0390625], [-123.30068, 48.07964, -10319.8916015625]]], [[[-123.88843, 48.19529, -13939.806640625], [-123.90017, 48.1984, -14445.7646484375], [-123.90177, 48.19402, -13573.265625], [-123.88843, 48.19529, -13939.806640625]]], [[[-123.30228, 48.07529, -9443.6806640625], [-123.28904, 48.07689, -9791.458984375], [-123.30068, 48.07964, -10319.8916015625], [-123.30228, 48.07529, -9443.6806640625]]], [[[-123.90177, 48.19402, -13573.265625], [-123.91333, 48.19791, -14029.5703125], [-123.91493, 48.19353, -13157.142578125], [-123.90177, 48.19402, -13573.265625]]], [[[-123.28904, 48.07689, -9791.458984375], [-123.30228, 48.07529, -9443.6806640625], [-123.29064, 48.07251, -8916.8779296875], [-123.28904, 48.07689, -9791.458984375]]], [[[-123.28904, 48.07689, -9791.458984375], [-123.29064, 48.07251, -8916.8779296875], [-123.27742, 48.07415, -9261.8896484375], [-123.28904, 48.07689, -9791.458984375]]], [[[-123.90017, 48.1984, -14445.7646484375], [-123.89857, 48.20278, -15318.263671875], [-123.91173, 48.20229, -14901.998046875], [-123.90017, 48.1984, -14445.7646484375]]], [[[-123.28904, 48.07689, -9791.458984375], [-123.27742, 48.07415, -9261.8896484375], [-123.27581, 48.07853, -10136.328125], [-123.28904, 48.07689, -9791.458984375]]], [[[-123.86055, 48.23642, -22130.078125], [-123.87399, 48.23472, -21792.0859375], [-123.86216, 48.23206, -21256.841796875], [-123.86055, 48.23642, -22130.078125]]], [[[-123.29064, 48.07251, -8916.8779296875], [-123.27901, 48.06977, -8387.451171875], [-123.27742, 48.07415, -9261.8896484375], [-123.29064, 48.07251, -8916.8779296875]]], [[[-123.90051, 48.23297, -21008.994140625], [-123.89891, 48.23735, -21881.421875], [-123.91134, 48.23816, -21377.234375], [-123.90051, 48.23297, -21008.994140625]]], [[[-123.29064, 48.07251, -8916.8779296875], [-123.29224, 48.06814, -8042.2978515625], [-123.27901, 48.06977, -8387.451171875], [-123.29064, 48.07251, -8916.8779296875]]], [[[-123.81275, 48.14519, -7293.73388671875], [-123.80474, 48.14732, -8176.1123046875], [-123.81819, 48.15161, -8163.11767578125], [-123.81275, 48.14519, -7293.73388671875]]], [[[-123.30388, 48.07095, -8567.4697265625], [-123.29224, 48.06814, -8042.2978515625], [-123.29064, 48.07251, -8916.8779296875], [-123.30388, 48.07095, -8567.4697265625]]], [[[-123.90017, 48.1984, -14445.7646484375], [-123.91173, 48.20229, -14901.998046875], [-123.91333, 48.19791, -14029.5703125], [-123.90017, 48.1984, -14445.7646484375]]], [[[-123.30548, 48.0666, -7691.25927734375], [-123.29224, 48.06814, -8042.2978515625], [-123.30388, 48.07095, -8567.4697265625], [-123.30548, 48.0666, -7691.25927734375]]], [[[-123.92093, 48.2119, -16139.9091796875], [-123.93149, 48.21748, -16481.12890625], [-123.9331, 48.21308, -15609.4267578125], [-123.92093, 48.2119, -16139.9091796875]]], [[[-123.30548, 48.0666, -7691.25927734375], [-123.29384, 48.06376, -7167.71728515625], [-123.29224, 48.06814, -8042.2978515625], [-123.30548, 48.0666, -7691.25927734375]]], [[[-123.30708, 48.06225, -6815.04833984375], [-123.29384, 48.06376, -7167.71728515625], [-123.30548, 48.0666, -7691.25927734375], [-123.30708, 48.06225, -6815.04833984375]]], [[[-123.92252, 48.20752, -15267.021484375], [-123.93471, 48.20869, -14737.724609375], [-123.92412, 48.20315, -14394.1337890625], [-123.92252, 48.20752, -15267.021484375]]], [[[-123.29384, 48.06376, -7167.71728515625], [-123.30708, 48.06225, -6815.04833984375], [-123.29544, 48.05939, -6293.13671875], [-123.29384, 48.06376, -7167.71728515625]]], [[[-123.29384, 48.06376, -7167.71728515625], [-123.29544, 48.05939, -6293.13671875], [-123.28221, 48.06102, -6638.57373046875], [-123.29384, 48.06376, -7167.71728515625]]], [[[-123.83134, 48.15422, -8048.06103515625], [-123.82583, 48.14843, -7228.4765625], [-123.81819, 48.15161, -8163.11767578125], [-123.83134, 48.15422, -8048.06103515625]]], [[[-123.29384, 48.06376, -7167.71728515625], [-123.28221, 48.06102, -6638.57373046875], [-123.28061, 48.0654, -7513.0126953125], [-123.29384, 48.06376, -7167.71728515625]]], [[[-123.81014, 48.15378, -8978.283203125], [-123.80474, 48.14732, -8176.1123046875], [-123.79651, 48.15001, -9064.75390625], [-123.81014, 48.15378, -8978.283203125]]], [[[-123.29224, 48.06814, -8042.2978515625], [-123.29384, 48.06376, -7167.71728515625], [-123.28061, 48.0654, -7513.0126953125], [-123.29224, 48.06814, -8042.2978515625]]], [[[-123.90051, 48.23297, -21008.994140625], [-123.88734, 48.23345, -21425.7578125], [-123.89891, 48.23735, -21881.421875], [-123.90051, 48.23297, -21008.994140625]]], [[[-123.29224, 48.06814, -8042.2978515625], [-123.28061, 48.0654, -7513.0126953125], [-123.27901, 48.06977, -8387.451171875], [-123.29224, 48.06814, -8042.2978515625]]], [[[-123.91614, 48.22503, -18758.572265625], [-123.92666, 48.23066, -19096.236328125], [-123.92827, 48.22626, -18224.533203125], [-123.91614, 48.22503, -18758.572265625]]], [[[-123.29544, 48.05939, -6293.13671875], [-123.28381, 48.05664, -5764.13525390625], [-123.28221, 48.06102, -6638.57373046875], [-123.29544, 48.05939, -6293.13671875]]], [[[-123.91454, 48.2294, -19631.458984375], [-123.92506, 48.23505, -19967.939453125], [-123.92666, 48.23066, -19096.236328125], [-123.91454, 48.2294, -19631.458984375]]], [[[-123.29544, 48.05939, -6293.13671875], [-123.29704, 48.05501, -5418.55615234375], [-123.28381, 48.05664, -5764.13525390625], [-123.29544, 48.05939, -6293.13671875]]], [[[-123.90051, 48.23297, -21008.994140625], [-123.91134, 48.23816, -21377.234375], [-123.91294, 48.23378, -20504.34765625], [-123.90051, 48.23297, -21008.994140625]]], [[[-123.29544, 48.05939, -6293.13671875], [-123.30868, 48.0579, -5938.83740234375], [-123.29704, 48.05501, -5418.55615234375], [-123.29544, 48.05939, -6293.13671875]]], [[[-123.86055, 48.23642, -22130.078125], [-123.87239, 48.2391, -22664.5625], [-123.87399, 48.23472, -21792.0859375], [-123.86055, 48.23642, -22130.078125]]], [[[-123.30868, 48.0579, -5938.83740234375], [-123.29544, 48.05939, -6293.13671875], [-123.30708, 48.06225, -6815.04833984375], [-123.30868, 48.0579, -5938.83740234375]]], [[[-123.86216, 48.23206, -21256.841796875], [-123.87399, 48.23472, -21792.0859375], [-123.8756, 48.23034, -20919.611328125], [-123.86216, 48.23206, -21256.841796875]]], [[[-123.32033, 48.05998, -6508.89306640625], [-123.30868, 48.0579, -5938.83740234375], [-123.30708, 48.06225, -6815.04833984375], [-123.32033, 48.05998, -6508.89306640625]]], [[[-123.32033, 48.05998, -6508.89306640625], [-123.32192, 48.05561, -5633.86376953125], [-123.30868, 48.0579, -5938.83740234375], [-123.32033, 48.05998, -6508.89306640625]]], [[[-123.91454, 48.2294, -19631.458984375], [-123.92666, 48.23066, -19096.236328125], [-123.91614, 48.22503, -18758.572265625], [-123.91454, 48.2294, -19631.458984375]]], [[[-123.32033, 48.05998, -6508.89306640625], [-123.33366, 48.05834, -6164.55517578125], [-123.32192, 48.05561, -5633.86376953125], [-123.32033, 48.05998, -6508.89306640625]]], [[[-123.33366, 48.05834, -6164.55517578125], [-123.32033, 48.05998, -6508.89306640625], [-123.33206, 48.06272, -7038.6884765625], [-123.33366, 48.05834, -6164.55517578125]]], [[[-123.91294, 48.23378, -20504.34765625], [-123.92345, 48.23944, -20839.640625], [-123.92506, 48.23505, -19967.939453125], [-123.91294, 48.23378, -20504.34765625]]], [[[-123.34526, 48.06222, -6622.49169921875], [-123.33366, 48.05834, -6164.55517578125], [-123.33206, 48.06272, -7038.6884765625], [-123.34526, 48.06222, -6622.49169921875]]], [[[-123.88574, 48.23783, -22298.255859375], [-123.8973, 48.24173, -22753.849609375], [-123.89891, 48.23735, -21881.421875], [-123.88574, 48.23783, -22298.255859375]]], [[[-123.34526, 48.06222, -6622.49169921875], [-123.34685, 48.05784, -5748.1357421875], [-123.33366, 48.05834, -6164.55517578125], [-123.34526, 48.06222, -6622.49169921875]]], [[[-123.35841, 48.06245, -6150.47412109375], [-123.34685, 48.05784, -5748.1357421875], [-123.34526, 48.06222, -6622.49169921875], [-123.35841, 48.06245, -6150.47412109375]]], [[[-123.85894, 48.24079, -23003.314453125], [-123.87239, 48.2391, -22664.5625], [-123.86055, 48.23642, -22130.078125], [-123.85894, 48.24079, -23003.314453125]]], [[[-123.35905, 48.05792, -5286.328125], [-123.34685, 48.05784, -5748.1357421875], [-123.35841, 48.06245, -6150.47412109375], [-123.35905, 48.05792, -5286.328125]]], [[[-123.88413, 48.24222, -23170.75390625], [-123.8957, 48.24612, -23626.279296875], [-123.8973, 48.24173, -22753.849609375], [-123.88413, 48.24222, -23170.75390625]]], [[[-123.35905, 48.05792, -5286.328125], [-123.34978, 48.05304, -4752.58154296875], [-123.34685, 48.05784, -5748.1357421875], [-123.35905, 48.05792, -5286.328125]]], [[[-123.36605, 48.05532, -4495.2333984375], [-123.34978, 48.05304, -4752.58154296875], [-123.35905, 48.05792, -5286.328125], [-123.36605, 48.05532, -4495.2333984375]]], [[[-123.83134, 48.15422, -8048.06103515625], [-123.83939, 48.15183, -7273.38818359375], [-123.82583, 48.14843, -7228.4765625], [-123.83134, 48.15422, -8048.06103515625]]], [[[-123.36605, 48.05532, -4495.2333984375], [-123.36091, 48.05, -3745.2021484375], [-123.34978, 48.05304, -4752.58154296875], [-123.36605, 48.05532, -4495.2333984375]]], [[[-123.36605, 48.05532, -4495.2333984375], [-123.37493, 48.05257, -3667.3193359375], [-123.36091, 48.05, -3745.2021484375], [-123.36605, 48.05532, -4495.2333984375]]], [[[-123.92252, 48.20752, -15267.021484375], [-123.92093, 48.2119, -16139.9091796875], [-123.9331, 48.21308, -15609.4267578125], [-123.92252, 48.20752, -15267.021484375]]], [[[-123.36605, 48.05532, -4495.2333984375], [-123.37992, 48.05788, -4498.126953125], [-123.37493, 48.05257, -3667.3193359375], [-123.36605, 48.05532, -4495.2333984375]]], [[[-123.91333, 48.19791, -14029.5703125], [-123.92412, 48.20315, -14394.1337890625], [-123.92572, 48.19877, -13521.24609375], [-123.91333, 48.19791, -14029.5703125]]], [[[-123.37136, 48.06108, -5385.013671875], [-123.37992, 48.05788, -4498.126953125], [-123.36605, 48.05532, -4495.2333984375], [-123.37136, 48.06108, -5385.013671875]]], [[[-123.37136, 48.06108, -5385.013671875], [-123.38546, 48.06309, -5273.43017578125], [-123.37992, 48.05788, -4498.126953125], [-123.37136, 48.06108, -5385.013671875]]], [[[-123.8756, 48.23034, -20919.611328125], [-123.87399, 48.23472, -21792.0859375], [-123.88734, 48.23345, -21425.7578125], [-123.8756, 48.23034, -20919.611328125]]], [[[-123.37136, 48.06108, -5385.013671875], [-123.37995, 48.06593, -6004.1259765625], [-123.38546, 48.06309, -5273.43017578125], [-123.37136, 48.06108, -5385.013671875]]], [[[-123.87239, 48.2391, -22664.5625], [-123.85894, 48.24079, -23003.314453125], [-123.87078, 48.24348, -23537.037109375], [-123.87239, 48.2391, -22664.5625]]], [[[-123.37995, 48.06593, -6004.1259765625], [-123.37136, 48.06108, -5385.013671875], [-123.36976, 48.0668, -6512.49951171875], [-123.37995, 48.06593, -6004.1259765625]]], [[[-123.38151, 48.07128, -6950.294921875], [-123.37995, 48.06593, -6004.1259765625], [-123.36976, 48.0668, -6512.49951171875], [-123.38151, 48.07128, -6950.294921875]]], [[[-123.91773, 48.22065, -17885.68359375], [-123.92827, 48.22626, -18224.533203125], [-123.92988, 48.22187, -17352.83203125], [-123.91773, 48.22065, -17885.68359375]]], [[[-123.37995, 48.06593, -6004.1259765625], [-123.38151, 48.07128, -6950.294921875], [-123.3903, 48.06896, -6180.73193359375], [-123.37995, 48.06593, -6004.1259765625]]], [[[-123.3903, 48.06896, -6180.73193359375], [-123.38546, 48.06309, -5273.43017578125], [-123.37995, 48.06593, -6004.1259765625], [-123.3903, 48.06896, -6180.73193359375]]], [[[-123.87399, 48.23472, -21792.0859375], [-123.88574, 48.23783, -22298.255859375], [-123.88734, 48.23345, -21425.7578125], [-123.87399, 48.23472, -21792.0859375]]], [[[-123.3903, 48.06896, -6180.73193359375], [-123.39765, 48.06592, -5290.4169921875], [-123.38546, 48.06309, -5273.43017578125], [-123.3903, 48.06896, -6180.73193359375]]], [[[-123.87399, 48.23472, -21792.0859375], [-123.87239, 48.2391, -22664.5625], [-123.88574, 48.23783, -22298.255859375], [-123.87399, 48.23472, -21792.0859375]]], [[[-123.40214, 48.07147, -6134.306640625], [-123.39765, 48.06592, -5290.4169921875], [-123.3903, 48.06896, -6180.73193359375], [-123.40214, 48.07147, -6134.306640625]]], [[[-123.87239, 48.2391, -22664.5625], [-123.88413, 48.24222, -23170.75390625], [-123.88574, 48.23783, -22298.255859375], [-123.87239, 48.2391, -22664.5625]]], [[[-123.40214, 48.07147, -6134.306640625], [-123.41002, 48.06817, -5287.13525390625], [-123.39765, 48.06592, -5290.4169921875], [-123.40214, 48.07147, -6134.306640625]]], [[[-123.41418, 48.07327, -6146.1796875], [-123.41002, 48.06817, -5287.13525390625], [-123.40214, 48.07147, -6134.306640625], [-123.41418, 48.07327, -6146.1796875]]], [[[-123.91013, 48.20667, -15774.4267578125], [-123.92093, 48.2119, -16139.9091796875], [-123.92252, 48.20752, -15267.021484375], [-123.91013, 48.20667, -15774.4267578125]]], [[[-123.41418, 48.07327, -6146.1796875], [-123.42179, 48.06986, -5257.70361328125], [-123.41002, 48.06817, -5287.13525390625], [-123.41418, 48.07327, -6146.1796875]]], [[[-123.91614, 48.22503, -18758.572265625], [-123.92827, 48.22626, -18224.533203125], [-123.91773, 48.22065, -17885.68359375], [-123.91614, 48.22503, -18758.572265625]]], [[[-123.42482, 48.07521, -6167.1171875], [-123.42179, 48.06986, -5257.70361328125], [-123.41418, 48.07327, -6146.1796875], [-123.42482, 48.07521, -6167.1171875]]], [[[-123.90015, 48.26879, -27487.216796875], [-123.91056, 48.27459, -27813.259765625], [-123.91217, 48.27019, -26941.556640625], [-123.90015, 48.26879, -27487.216796875]]], [[[-123.42482, 48.07521, -6167.1171875], [-123.43237, 48.07206, -5282.1328125], [-123.42179, 48.06986, -5257.70361328125], [-123.42482, 48.07521, -6167.1171875]]], [[[-123.89694, 48.27755, -29232.41796875], [-123.90734, 48.28337, -29556.6640625], [-123.90895, 48.27898, -28684.9609375], [-123.89694, 48.27755, -29232.41796875]]], [[[-123.43601, 48.07749, -6136.42041015625], [-123.43237, 48.07206, -5282.1328125], [-123.42482, 48.07521, -6167.1171875], [-123.43601, 48.07749, -6136.42041015625]]], [[[-123.82555, 48.26381, -28233.04296875], [-123.82015, 48.2666, -28999.69921875], [-123.83424, 48.26877, -28773.115234375], [-123.82555, 48.26381, -28233.04296875]]], [[[-123.43601, 48.07749, -6136.42041015625], [-123.44415, 48.07452, -5283.21240234375], [-123.43237, 48.07206, -5282.1328125], [-123.43601, 48.07749, -6136.42041015625]]], [[[-123.8549, 48.16564, -9004.1201171875], [-123.86779, 48.16612, -8517.4423828125], [-123.85603, 48.16097, -8101.4248046875], [-123.8549, 48.16564, -9004.1201171875]]], [[[-123.46, 48.08225, -6192.6552734375], [-123.45622, 48.07653, -5333.56005859375], [-123.44795, 48.07972, -6171.82861328125], [-123.46, 48.08225, -6192.6552734375]]], [[[-123.93253, 48.14531, -3560.4140625], [-123.94325, 48.15063, -3919.4677734375], [-123.94484, 48.14625, -3046.578369140625], [-123.93253, 48.14531, -3560.4140625]]], [[[-123.46, 48.08225, -6192.6552734375], [-123.46769, 48.07941, -5291.30908203125], [-123.45622, 48.07653, -5333.56005859375], [-123.46, 48.08225, -6192.6552734375]]], [[[-123.89222, 48.16606, -8038.0009765625], [-123.90234, 48.16453, -7843.9033203125], [-123.89623, 48.16245, -7352.09765625], [-123.89222, 48.16606, -8038.0009765625]]], [[[-123.47247, 48.08438, -6176.228515625], [-123.48107, 48.08095, -5369.669921875], [-123.46769, 48.07941, -5291.30908203125], [-123.47247, 48.08438, -6176.228515625]]], [[[-123.87013, 48.16235, -7724.49072265625], [-123.86779, 48.16612, -8517.4423828125], [-123.88064, 48.1662, -8177.31103515625], [-123.87013, 48.16235, -7724.49072265625]]], [[[-123.48613, 48.08619, -6236.62255859375], [-123.48107, 48.08095, -5369.669921875], [-123.47247, 48.08438, -6176.228515625], [-123.48613, 48.08619, -6236.62255859375]]], [[[-123.95398, 48.15597, -4277.296875], [-123.95559, 48.15157, -3405.59423828125], [-123.94325, 48.15063, -3919.4677734375], [-123.95398, 48.15597, -4277.296875]]], [[[-123.47745, 48.08932, -7059.6533203125], [-123.48613, 48.08619, -6236.62255859375], [-123.47247, 48.08438, -6176.228515625], [-123.47745, 48.08932, -7059.6533203125]]], [[[-123.94484, 48.14625, -3046.578369140625], [-123.94325, 48.15063, -3919.4677734375], [-123.95559, 48.15157, -3405.59423828125], [-123.94484, 48.14625, -3046.578369140625]]], [[[-123.48234, 48.09458, -7930.43408203125], [-123.49106, 48.09154, -7104.25146484375], [-123.47745, 48.08932, -7059.6533203125], [-123.48234, 48.09458, -7930.43408203125]]], [[[-123.49576, 48.09715, -7963.9443359375], [-123.50436, 48.09419, -7106.47607421875], [-123.49106, 48.09154, -7104.25146484375], [-123.49576, 48.09715, -7963.9443359375]]], [[[-123.89485, 48.15888, -6608.99609375], [-123.90388, 48.1603, -7002.72998046875], [-123.90337, 48.15605, -6134.78125], [-123.89485, 48.15888, -6608.99609375]]], [[[-123.49576, 48.09715, -7963.9443359375], [-123.50098, 48.10264, -8799.7578125], [-123.50976, 48.09945, -7970.2880859375], [-123.49576, 48.09715, -7963.9443359375]]], [[[-123.94148, 48.13131, -667.3129272460938], [-123.94794, 48.13759, -1321.2119140625], [-123.95206, 48.13487, -566.2015380859375], [-123.94148, 48.13131, -667.3129272460938]]], [[[-123.49239, 48.1054, -9622.4267578125], [-123.50098, 48.10264, -8799.7578125], [-123.48725, 48.09984, -8796.005859375], [-123.49239, 48.1054, -9622.4267578125]]], [[[-123.93607, 48.13541, -1591.01806640625], [-123.94148, 48.13131, -667.3129272460938], [-123.93069, 48.12957, -632.6893920898438], [-123.93607, 48.13541, -1591.01806640625]]], [[[-123.47092, 48.10651, -10503.8408203125], [-123.48448, 48.10854, -10516.4775390625], [-123.47946, 48.10335, -9674.6181640625], [-123.47092, 48.10651, -10503.8408203125]]], [[[-123.93528, 48.17251, -8283.9169921875], [-123.94595, 48.17794, -8635.80859375], [-123.94756, 48.17354, -7764.10595703125], [-123.93528, 48.17251, -8283.9169921875]]], [[[-123.45729, 48.10467, -10444.810546875], [-123.46605, 48.10163, -9626.21484375], [-123.45243, 48.09909, -9666.056640625], [-123.45729, 48.10467, -10444.810546875]]], [[[-123.44974, 48.10682, -11222.267578125], [-123.44077, 48.10202, -10619.2041015625], [-123.4374, 48.10716, -11691.802734375], [-123.44974, 48.10682, -11222.267578125]]], [[[-123.94007, 48.15938, -5665.2470703125], [-123.95077, 48.16476, -6020.701171875], [-123.95238, 48.16036, -5148.9990234375], [-123.94007, 48.15938, -5665.2470703125]]], [[[-123.44439, 48.12476, -14786.27734375], [-123.43096, 48.1248, -15229.6650390625], [-123.44281, 48.1291, -15663.115234375], [-123.44439, 48.12476, -14786.27734375]]], [[[-123.45427, 48.13384, -16065.9501953125], [-123.44281, 48.1291, -15663.115234375], [-123.44124, 48.13345, -16539.935546875], [-123.45427, 48.13384, -16065.9501953125]]], [[[-123.89484, 48.17776, -10449.90234375], [-123.90658, 48.18088, -10955.7685546875], [-123.90818, 48.1765, -10083.2685546875], [-123.89484, 48.17776, -10449.90234375]]], [[[-123.44281, 48.1291, -15663.115234375], [-123.42938, 48.12916, -16105.0615234375], [-123.44124, 48.13345, -16539.935546875], [-123.44281, 48.1291, -15663.115234375]]], [[[-123.86479, 48.18939, -12904.84765625], [-123.87822, 48.18837, -12524.4833984375], [-123.8664, 48.185, -12032.419921875], [-123.86479, 48.18939, -12904.84765625]]], [[[-123.42779, 48.13353, -16980.447265625], [-123.42938, 48.12916, -16105.0615234375], [-123.41579, 48.12909, -16553.419921875], [-123.42779, 48.13353, -16980.447265625]]], [[[-123.94756, 48.17354, -7764.10595703125], [-123.94917, 48.16915, -6892.40380859375], [-123.93688, 48.16814, -7411.02880859375], [-123.94756, 48.17354, -7764.10595703125]]], [[[-123.42779, 48.13353, -16980.447265625], [-123.41579, 48.12909, -16553.419921875], [-123.41421, 48.13346, -17428.900390625], [-123.42779, 48.13353, -16980.447265625]]], [[[-123.92293, 48.17161, -8794.994140625], [-123.90978, 48.17211, -9210.76171875], [-123.92133, 48.17599, -9667.4287109375], [-123.92293, 48.17161, -8794.994140625]]], [[[-123.42054, 48.116, -13926.9150390625], [-123.40696, 48.11566, -14392.0478515625], [-123.41896, 48.12037, -14802.4306640625], [-123.42054, 48.116, -13926.9150390625]]], [[[-123.84341, 48.17483, -11263.3466796875], [-123.85491, 48.18011, -11639.25390625], [-123.85655, 48.17567, -10756.6982421875], [-123.84341, 48.17483, -11263.3466796875]]], [[[-123.40696, 48.11566, -14392.0478515625], [-123.39461, 48.11141, -13949.7705078125], [-123.39302, 48.11578, -14825.0966796875], [-123.40696, 48.11566, -14392.0478515625]]], [[[-123.89879, 48.16876, -8665.6962890625], [-123.89644, 48.17338, -9577.419921875], [-123.90978, 48.17211, -9210.76171875], [-123.89879, 48.16876, -8665.6962890625]]], [[[-123.40537, 48.12002, -15267.640625], [-123.40696, 48.11566, -14392.0478515625], [-123.39302, 48.11578, -14825.0966796875], [-123.40537, 48.12002, -15267.640625]]], [[[-123.40854, 48.1113, -13516.4443359375], [-123.39619, 48.10705, -13074.44140625], [-123.39461, 48.11141, -13949.7705078125], [-123.40854, 48.1113, -13516.4443359375]]], [[[-123.88143, 48.17963, -10778.0107421875], [-123.89324, 48.18214, -11322.37890625], [-123.89484, 48.17776, -10449.90234375], [-123.88143, 48.17963, -10778.0107421875]]], [[[-123.40854, 48.1113, -13516.4443359375], [-123.41012, 48.10693, -12640.8447265625], [-123.39619, 48.10705, -13074.44140625], [-123.40854, 48.1113, -13516.4443359375]]], [[[-123.33737, 48.18744, -30281.220703125], [-123.34299, 48.19283, -31106.70703125], [-123.35031, 48.18982, -30239.5], [-123.33737, 48.18744, -30281.220703125]]], [[[-123.93847, 48.16376, -6538.13720703125], [-123.93688, 48.16814, -7411.02880859375], [-123.94917, 48.16915, -6892.40380859375], [-123.93847, 48.16376, -6538.13720703125]]], [[[-123.4259, 48.10281, -11256.4541015625], [-123.4117, 48.10257, -11765.2548828125], [-123.4237, 48.10727, -12175.875], [-123.4259, 48.10281, -11256.4541015625]]], [[[-123.83003, 48.17394, -11732.994140625], [-123.84341, 48.17483, -11263.3466796875], [-123.83308, 48.16923, -10738.080078125], [-123.83003, 48.17394, -11732.994140625]]], [[[-123.4117, 48.10257, -11765.2548828125], [-123.41335, 48.09817, -10879.3212890625], [-123.39936, 48.09831, -11323.798828125], [-123.4117, 48.10257, -11765.2548828125]]], [[[-123.41012, 48.10693, -12640.8447265625], [-123.4117, 48.10257, -11765.2548828125], [-123.39778, 48.10268, -12199.119140625], [-123.41012, 48.10693, -12640.8447265625]]], [[[-123.41012, 48.10693, -12640.8447265625], [-123.39778, 48.10268, -12199.119140625], [-123.39619, 48.10705, -13074.44140625], [-123.41012, 48.10693, -12640.8447265625]]], [[[-123.79514, 48.19436, -17110.21484375], [-123.80691, 48.19975, -17475.744140625], [-123.80851, 48.19538, -16602.791015625], [-123.79514, 48.19436, -17110.21484375]]], [[[-123.39778, 48.10268, -12199.119140625], [-123.38409, 48.10255, -12649.7626953125], [-123.39619, 48.10705, -13074.44140625], [-123.39778, 48.10268, -12199.119140625]]], [[[-123.82848, 48.17848, -12631.85546875], [-123.82687, 48.18286, -13504.5087890625], [-123.84021, 48.18359, -13014.2470703125], [-123.82848, 48.17848, -12631.85546875]]], [[[-123.39936, 48.09831, -11323.798828125], [-123.38568, 48.09819, -11774.3515625], [-123.39778, 48.10268, -12199.119140625], [-123.39936, 48.09831, -11323.798828125]]], [[[-123.85008, 48.19326, -14256.1240234375], [-123.83701, 48.19233, -14760.7041015625], [-123.84847, 48.19764, -15128.4150390625], [-123.85008, 48.19326, -14256.1240234375]]], [[[-123.38568, 48.09819, -11774.3515625], [-123.39936, 48.09831, -11323.798828125], [-123.38726, 48.09382, -10898.9453125], [-123.38568, 48.09819, -11774.3515625]]], [[[-123.82687, 48.18286, -13504.5087890625], [-123.83861, 48.18796, -13887.474609375], [-123.84021, 48.18359, -13014.2470703125], [-123.82687, 48.18286, -13504.5087890625]]], [[[-123.38568, 48.09819, -11774.3515625], [-123.38726, 48.09382, -10898.9453125], [-123.3738, 48.09339, -11370.7509765625], [-123.38568, 48.09819, -11774.3515625]]], [[[-123.81012, 48.19101, -15729.833984375], [-123.82366, 48.19161, -15249.8232421875], [-123.81172, 48.18663, -14856.8779296875], [-123.81012, 48.19101, -15729.833984375]]], [[[-123.38568, 48.09819, -11774.3515625], [-123.3738, 48.09339, -11370.7509765625], [-123.37221, 48.09775, -12246.02734375], [-123.38568, 48.09819, -11774.3515625]]], [[[-123.83541, 48.1967, -15633.9365234375], [-123.84687, 48.20202, -16000.70703125], [-123.84847, 48.19764, -15128.4150390625], [-123.83541, 48.1967, -15633.9365234375]]], [[[-123.38409, 48.10255, -12649.7626953125], [-123.38568, 48.09819, -11774.3515625], [-123.37221, 48.09775, -12246.02734375], [-123.38409, 48.10255, -12649.7626953125]]], [[[-123.38409, 48.10255, -12649.7626953125], [-123.37221, 48.09775, -12246.02734375], [-123.37062, 48.10212, -13121.3046875], [-123.38409, 48.10255, -12649.7626953125]]], [[[-123.88362, 48.20843, -16557.234375], [-123.87019, 48.21021, -16890.662109375], [-123.88202, 48.21281, -17429.708984375], [-123.88362, 48.20843, -16557.234375]]], [[[-123.3825, 48.10692, -13525.1728515625], [-123.39619, 48.10705, -13074.44140625], [-123.38409, 48.10255, -12649.7626953125], [-123.3825, 48.10692, -13525.1728515625]]], [[[-123.83541, 48.1967, -15633.9365234375], [-123.84847, 48.19764, -15128.4150390625], [-123.83701, 48.19233, -14760.7041015625], [-123.83541, 48.1967, -15633.9365234375]]], [[[-123.39619, 48.10705, -13074.44140625], [-123.3825, 48.10692, -13525.1728515625], [-123.39461, 48.11141, -13949.7705078125], [-123.39619, 48.10705, -13074.44140625]]], [[[-123.85676, 48.2113, -17266.98046875], [-123.86859, 48.21458, -17763.8984375], [-123.87019, 48.21021, -16890.662109375], [-123.85676, 48.2113, -17266.98046875]]], [[[-123.3825, 48.10692, -13525.1728515625], [-123.37062, 48.10212, -13121.3046875], [-123.36904, 48.10648, -13996.5732421875], [-123.3825, 48.10692, -13525.1728515625]]], [[[-123.8734, 48.20147, -15144.19140625], [-123.8718, 48.20584, -16017.4267578125], [-123.88523, 48.20405, -15684.7578125], [-123.8734, 48.20147, -15144.19140625]]], [[[-123.37062, 48.10212, -13121.3046875], [-123.35713, 48.1021, -13566.662109375], [-123.36904, 48.10648, -13996.5732421875], [-123.37062, 48.10212, -13121.3046875]]], [[[-123.83381, 48.20107, -16507.16796875], [-123.84526, 48.20641, -16872.998046875], [-123.84687, 48.20202, -16000.70703125], [-123.83381, 48.20107, -16507.16796875]]], [[[-123.35713, 48.1021, -13566.662109375], [-123.37062, 48.10212, -13121.3046875], [-123.35872, 48.09773, -12691.8955078125], [-123.35713, 48.1021, -13566.662109375]]], [[[-123.86158, 48.19815, -14649.701171875], [-123.8734, 48.20147, -15144.19140625], [-123.87501, 48.1971, -14270.955078125], [-123.86158, 48.19815, -14649.701171875]]], [[[-123.35713, 48.1021, -13566.662109375], [-123.35872, 48.09773, -12691.8955078125], [-123.34559, 48.09739, -13161.1728515625], [-123.35713, 48.1021, -13566.662109375]]], [[[-123.86859, 48.21458, -17763.8984375], [-123.88041, 48.21719, -18302.185546875], [-123.88202, 48.21281, -17429.708984375], [-123.86859, 48.21458, -17763.8984375]]], [[[-123.35713, 48.1021, -13566.662109375], [-123.34559, 48.09739, -13161.1728515625], [-123.34401, 48.10175, -14036.4921875], [-123.35713, 48.1021, -13566.662109375]]], [[[-123.83221, 48.20544, -17380.400390625], [-123.83061, 48.20981, -18253.6328125], [-123.84365, 48.21079, -17745.2890625], [-123.83221, 48.20544, -17380.400390625]]], [[[-123.34401, 48.10175, -14036.4921875], [-123.35554, 48.10648, -14441.4326171875], [-123.35713, 48.1021, -13566.662109375], [-123.34401, 48.10175, -14036.4921875]]], [[[-123.87501, 48.1971, -14270.955078125], [-123.88843, 48.19529, -13939.806640625], [-123.87661, 48.19273, -13397.71875], [-123.87501, 48.1971, -14270.955078125]]], [[[-123.35554, 48.10648, -14441.4326171875], [-123.34401, 48.10175, -14036.4921875], [-123.34242, 48.10612, -14911.8173828125], [-123.35554, 48.10648, -14441.4326171875]]], [[[-123.34401, 48.10175, -14036.4921875], [-123.33091, 48.10164, -14491.697265625], [-123.34242, 48.10612, -14911.8173828125], [-123.34401, 48.10175, -14036.4921875]]], [[[-123.33091, 48.10164, -14491.697265625], [-123.34401, 48.10175, -14036.4921875], [-123.3325, 48.09726, -13617.341796875], [-123.33091, 48.10164, -14491.697265625]]], [[[-123.33091, 48.10164, -14491.697265625], [-123.3325, 48.09726, -13617.341796875], [-123.31929, 48.09778, -14031.75390625], [-123.33091, 48.10164, -14491.697265625]]], [[[-123.34242, 48.10612, -14911.8173828125], [-123.33091, 48.10164, -14491.697265625], [-123.32931, 48.10602, -15366.060546875], [-123.34242, 48.10612, -14911.8173828125]]], [[[-123.32594, 48.04652, -3824.59765625], [-123.34051, 48.04321, -3143.84228515625], [-123.32698, 48.04213, -2936.6298828125], [-123.32594, 48.04652, -3824.59765625]]], [[[-123.34242, 48.10612, -14911.8173828125], [-123.32931, 48.10602, -15366.060546875], [-123.34083, 48.11048, -15787.16015625], [-123.34242, 48.10612, -14911.8173828125]]], [[[-123.31347, 48.04485, -3309.862060546875], [-123.30183, 48.04188, -2794.814453125], [-123.30023, 48.04626, -3669.39501953125], [-123.31347, 48.04485, -3309.862060546875]]], [[[-123.65157, 48.08467, -2287.443359375], [-123.64558, 48.07993, -1467.2725830078125], [-123.63872, 48.08351, -2308.723388671875], [-123.65157, 48.08467, -2287.443359375]]], [[[-123.34083, 48.11048, -15787.16015625], [-123.32771, 48.1104, -16240.44140625], [-123.33924, 48.11485, -16662.5078125], [-123.34083, 48.11048, -15787.16015625]]], [[[-123.88523, 48.20405, -15684.7578125], [-123.8718, 48.20584, -16017.4267578125], [-123.88362, 48.20843, -16557.234375], [-123.88523, 48.20405, -15684.7578125]]], [[[-123.32771, 48.1104, -16240.44140625], [-123.32931, 48.10602, -15366.060546875], [-123.31609, 48.10655, -15780.029296875], [-123.32771, 48.1104, -16240.44140625]]], [[[-123.31609, 48.10655, -15780.029296875], [-123.30276, 48.10803, -16134.22265625], [-123.31449, 48.11093, -16654.18359375], [-123.31609, 48.10655, -15780.029296875]]], [[[-123.30521, 48.03324, -1066.566650390625], [-123.2934, 48.03038, -517.5036010742188], [-123.29181, 48.03475, -1391.9422607421875], [-123.30521, 48.03324, -1066.566650390625]]], [[[-123.31714, 48.06872, -8258.9521484375], [-123.33046, 48.06711, -7912.8212890625], [-123.31873, 48.06435, -7383.92236328125], [-123.31714, 48.06872, -8258.9521484375]]], [[[-123.31769, 48.10217, -14905.8876953125], [-123.30436, 48.10366, -15259.1884765625], [-123.31609, 48.10655, -15780.029296875], [-123.31769, 48.10217, -14905.8876953125]]], [[[-123.30436, 48.10366, -15259.1884765625], [-123.31769, 48.10217, -14905.8876953125], [-123.30596, 48.09929, -14384.158203125], [-123.30436, 48.10366, -15259.1884765625]]], [[[-123.33046, 48.06711, -7912.8212890625], [-123.31714, 48.06872, -8258.9521484375], [-123.32887, 48.07149, -8786.955078125], [-123.33046, 48.06711, -7912.8212890625]]], [[[-123.30436, 48.10366, -15259.1884765625], [-123.30596, 48.09929, -14384.158203125], [-123.29268, 48.10138, -14700.9462890625], [-123.30436, 48.10366, -15259.1884765625]]], [[[-123.31873, 48.06435, -7383.92236328125], [-123.32033, 48.05998, -6508.89306640625], [-123.30708, 48.06225, -6815.04833984375], [-123.31873, 48.06435, -7383.92236328125]]], [[[-123.30436, 48.10366, -15259.1884765625], [-123.29268, 48.10138, -14700.9462890625], [-123.29108, 48.10573, -15577.1572265625], [-123.30436, 48.10366, -15259.1884765625]]], [[[-123.31873, 48.06435, -7383.92236328125], [-123.30708, 48.06225, -6815.04833984375], [-123.30548, 48.0666, -7691.25927734375], [-123.31873, 48.06435, -7383.92236328125]]], [[[-123.30276, 48.10803, -16134.22265625], [-123.30436, 48.10366, -15259.1884765625], [-123.29108, 48.10573, -15577.1572265625], [-123.30276, 48.10803, -16134.22265625]]], [[[-123.36826, 48.07149, -7443.28076171875], [-123.3567, 48.06683, -7033.9287109375], [-123.35512, 48.0712, -7909.248046875], [-123.36826, 48.07149, -7443.28076171875]]], [[[-123.30276, 48.10803, -16134.22265625], [-123.29108, 48.10573, -15577.1572265625], [-123.28948, 48.11008, -16453.369140625], [-123.30276, 48.10803, -16134.22265625]]], [[[-123.89534, 48.28193, -30105.017578125], [-123.90572, 48.28777, -30428.3671875], [-123.90734, 48.28337, -29556.6640625], [-123.89534, 48.28193, -30105.017578125]]], [[[-123.29108, 48.10573, -15577.1572265625], [-123.27784, 48.10751, -15913.5224609375], [-123.28948, 48.11008, -16453.369140625], [-123.29108, 48.10573, -15577.1572265625]]], [[[-123.31929, 48.09778, -14031.75390625], [-123.30756, 48.09492, -13509.12890625], [-123.30596, 48.09929, -14384.158203125], [-123.31929, 48.09778, -14031.75390625]]], [[[-123.32088, 48.0934, -13157.62109375], [-123.30756, 48.09492, -13509.12890625], [-123.31929, 48.09778, -14031.75390625], [-123.32088, 48.0934, -13157.62109375]]], [[[-123.32248, 48.08902, -12283.48828125], [-123.30915, 48.09056, -12634.0986328125], [-123.32088, 48.0934, -13157.62109375], [-123.32248, 48.08902, -12283.48828125]]], [[[-123.30915, 48.09056, -12634.0986328125], [-123.31075, 48.08619, -11759.0693359375], [-123.29748, 48.08834, -12072.3134765625], [-123.30915, 48.09056, -12634.0986328125]]], [[[-123.30756, 48.09492, -13509.12890625], [-123.30915, 48.09056, -12634.0986328125], [-123.29588, 48.09269, -12948.5244140625], [-123.30756, 48.09492, -13509.12890625]]], [[[-123.31235, 48.08182, -10884.0400390625], [-123.31394, 48.07745, -10009.0107421875], [-123.30068, 48.07964, -10319.8916015625], [-123.31235, 48.08182, -10884.0400390625]]], [[[-123.32568, 48.08025, -10535.220703125], [-123.31394, 48.07745, -10009.0107421875], [-123.31235, 48.08182, -10884.0400390625], [-123.32568, 48.08025, -10535.220703125]]], [[[-123.32727, 48.07587, -9661.087890625], [-123.31554, 48.07308, -9133.9814453125], [-123.31394, 48.07745, -10009.0107421875], [-123.32727, 48.07587, -9661.087890625]]], [[[-123.32887, 48.07149, -8786.955078125], [-123.31554, 48.07308, -9133.9814453125], [-123.32727, 48.07587, -9661.087890625], [-123.32887, 48.07149, -8786.955078125]]], [[[-123.31714, 48.06872, -8258.9521484375], [-123.31873, 48.06435, -7383.92236328125], [-123.30548, 48.0666, -7691.25927734375], [-123.31714, 48.06872, -8258.9521484375]]], [[[-123.31554, 48.07308, -9133.9814453125], [-123.30388, 48.07095, -8567.4697265625], [-123.30228, 48.07529, -9443.6806640625], [-123.31554, 48.07308, -9133.9814453125]]], [[[-123.30388, 48.07095, -8567.4697265625], [-123.29064, 48.07251, -8916.8779296875], [-123.30228, 48.07529, -9443.6806640625], [-123.30388, 48.07095, -8567.4697265625]]], [[[-123.33206, 48.06272, -7038.6884765625], [-123.32033, 48.05998, -6508.89306640625], [-123.31873, 48.06435, -7383.92236328125], [-123.33206, 48.06272, -7038.6884765625]]], [[[-123.33206, 48.06272, -7038.6884765625], [-123.31873, 48.06435, -7383.92236328125], [-123.33046, 48.06711, -7912.8212890625], [-123.33206, 48.06272, -7038.6884765625]]], [[[-123.3567, 48.06683, -7033.9287109375], [-123.34526, 48.06222, -6622.49169921875], [-123.34367, 48.0666, -7496.84716796875], [-123.3567, 48.06683, -7033.9287109375]]], [[[-123.37136, 48.06108, -5385.013671875], [-123.36605, 48.05532, -4495.2333984375], [-123.35905, 48.05792, -5286.328125], [-123.37136, 48.06108, -5385.013671875]]], [[[-123.38151, 48.07128, -6950.294921875], [-123.36976, 48.0668, -6512.49951171875], [-123.36826, 48.07149, -7443.28076171875], [-123.38151, 48.07128, -6950.294921875]]], [[[-123.34207, 48.07098, -8371.203125], [-123.35512, 48.0712, -7909.248046875], [-123.34367, 48.0666, -7496.84716796875], [-123.34207, 48.07098, -8371.203125]]], [[[-123.87986, 48.16143, -7259.70703125], [-123.88906, 48.16097, -7037.84521484375], [-123.88431, 48.15747, -6424.88916015625], [-123.87986, 48.16143, -7259.70703125]]], [[[-123.41849, 48.0883, -8847.3330078125], [-123.42142, 48.08401, -7940.4755859375], [-123.40976, 48.08193, -7916.7578125], [-123.41849, 48.0883, -8847.3330078125]]], [[[-123.51288, 48.11276, -10454.625], [-123.52209, 48.10927, -9675.1884765625], [-123.50698, 48.10779, -9623.134765625], [-123.51288, 48.11276, -10454.625]]], [[[-123.52209, 48.10927, -9675.1884765625], [-123.51588, 48.1045, -8812.263671875], [-123.50698, 48.10779, -9623.134765625], [-123.52209, 48.10927, -9675.1884765625]]], [[[-123.52209, 48.10927, -9675.1884765625], [-123.53183, 48.10625, -8921.7490234375], [-123.51588, 48.1045, -8812.263671875], [-123.52209, 48.10927, -9675.1884765625]]], [[[-123.51588, 48.1045, -8812.263671875], [-123.53183, 48.10625, -8921.7490234375], [-123.52587, 48.10121, -8064.40771484375], [-123.51588, 48.1045, -8812.263671875]]], [[[-123.51588, 48.1045, -8812.263671875], [-123.52587, 48.10121, -8064.40771484375], [-123.50976, 48.09945, -7970.2880859375], [-123.51588, 48.1045, -8812.263671875]]], [[[-123.51588, 48.1045, -8812.263671875], [-123.50976, 48.09945, -7970.2880859375], [-123.50098, 48.10264, -8799.7578125], [-123.51588, 48.1045, -8812.263671875]]], [[[-123.50698, 48.10779, -9623.134765625], [-123.51588, 48.1045, -8812.263671875], [-123.50098, 48.10264, -8799.7578125], [-123.50698, 48.10779, -9623.134765625]]], [[[-123.52587, 48.10121, -8064.40771484375], [-123.5352, 48.09798, -7260.84619140625], [-123.51961, 48.09639, -7191.4345703125], [-123.52587, 48.10121, -8064.40771484375]]], [[[-123.54106, 48.10336, -8114.52783203125], [-123.5352, 48.09798, -7260.84619140625], [-123.52587, 48.10121, -8064.40771484375], [-123.54106, 48.10336, -8114.52783203125]]], [[[-123.54106, 48.10336, -8114.52783203125], [-123.55008, 48.09987, -7293.38623046875], [-123.5352, 48.09798, -7260.84619140625], [-123.54106, 48.10336, -8114.52783203125]]], [[[-123.55664, 48.10472, -8155.8828125], [-123.57056, 48.10683, -8169.88818359375], [-123.56522, 48.10148, -7301.41943359375], [-123.55664, 48.10472, -8155.8828125]]], [[[-123.56209, 48.11005, -9010.560546875], [-123.57056, 48.10683, -8169.88818359375], [-123.55664, 48.10472, -8155.8828125], [-123.56209, 48.11005, -9010.560546875]]], [[[-123.58439, 48.10813, -8214.0751953125], [-123.57888, 48.1031, -7325.74462890625], [-123.57056, 48.10683, -8169.88818359375], [-123.58439, 48.10813, -8214.0751953125]]], [[[-123.58439, 48.10813, -8214.0751953125], [-123.59262, 48.1044, -7364.48974609375], [-123.57888, 48.1031, -7325.74462890625], [-123.58439, 48.10813, -8214.0751953125]]], [[[-123.59813, 48.10966, -8235.9404296875], [-123.59262, 48.1044, -7364.48974609375], [-123.58439, 48.10813, -8214.0751953125], [-123.59813, 48.10966, -8235.9404296875]]], [[[-123.59813, 48.10966, -8235.9404296875], [-123.60616, 48.10625, -7359.49658203125], [-123.59262, 48.1044, -7364.48974609375], [-123.59813, 48.10966, -8235.9404296875]]], [[[-123.61215, 48.11141, -8220.08984375], [-123.62012, 48.10772, -7354.97412109375], [-123.60616, 48.10625, -7359.49658203125], [-123.61215, 48.11141, -8220.08984375]]], [[[-123.61411, 48.10266, -6502.92138671875], [-123.60616, 48.10625, -7359.49658203125], [-123.62012, 48.10772, -7354.97412109375], [-123.61411, 48.10266, -6502.92138671875]]], [[[-123.60616, 48.10625, -7359.49658203125], [-123.61411, 48.10266, -6502.92138671875], [-123.6007, 48.10087, -6508.4267578125], [-123.60616, 48.10625, -7359.49658203125]]], [[[-123.58708, 48.09939, -6487.291015625], [-123.57888, 48.1031, -7325.74462890625], [-123.59262, 48.1044, -7364.48974609375], [-123.58708, 48.09939, -6487.291015625]]], [[[-123.57888, 48.1031, -7325.74462890625], [-123.58708, 48.09939, -6487.291015625], [-123.57337, 48.09813, -6448.61669921875], [-123.57888, 48.1031, -7325.74462890625]]], [[[-123.56522, 48.10148, -7301.41943359375], [-123.57337, 48.09813, -6448.61669921875], [-123.55893, 48.09618, -6473.2421875], [-123.56522, 48.10148, -7301.41943359375]]], [[[-123.56522, 48.10148, -7301.41943359375], [-123.55893, 48.09618, -6473.2421875], [-123.55008, 48.09987, -7293.38623046875], [-123.56522, 48.10148, -7301.41943359375]]], [[[-123.54437, 48.09486, -6413.27978515625], [-123.55008, 48.09987, -7293.38623046875], [-123.55893, 48.09618, -6473.2421875], [-123.54437, 48.09486, -6413.27978515625]]], [[[-123.5352, 48.09798, -7260.84619140625], [-123.55008, 48.09987, -7293.38623046875], [-123.54437, 48.09486, -6413.27978515625], [-123.5352, 48.09798, -7260.84619140625]]], [[[-123.5352, 48.09798, -7260.84619140625], [-123.54437, 48.09486, -6413.27978515625], [-123.52909, 48.09278, -6386.5556640625], [-123.5352, 48.09798, -7260.84619140625]]], [[[-123.51961, 48.09639, -7191.4345703125], [-123.5352, 48.09798, -7260.84619140625], [-123.52909, 48.09278, -6386.5556640625], [-123.51961, 48.09639, -7191.4345703125]]], [[[-123.51961, 48.09639, -7191.4345703125], [-123.52909, 48.09278, -6386.5556640625], [-123.51398, 48.0912, -6298.208984375], [-123.51961, 48.09639, -7191.4345703125]]], [[[-123.51961, 48.09639, -7191.4345703125], [-123.51398, 48.0912, -6298.208984375], [-123.50436, 48.09419, -7106.47607421875], [-123.51961, 48.09639, -7191.4345703125]]], [[[-123.49951, 48.08865, -6244.59423828125], [-123.50436, 48.09419, -7106.47607421875], [-123.51398, 48.0912, -6298.208984375], [-123.49951, 48.08865, -6244.59423828125]]], [[[-123.50436, 48.09419, -7106.47607421875], [-123.49951, 48.08865, -6244.59423828125], [-123.49106, 48.09154, -7104.25146484375], [-123.50436, 48.09419, -7106.47607421875]]], [[[-123.49951, 48.08865, -6244.59423828125], [-123.51398, 48.0912, -6298.208984375], [-123.50857, 48.08588, -5420.4033203125], [-123.49951, 48.08865, -6244.59423828125]]], [[[-123.49951, 48.08865, -6244.59423828125], [-123.50857, 48.08588, -5420.4033203125], [-123.49451, 48.08305, -5392.59912109375], [-123.49951, 48.08865, -6244.59423828125]]], [[[-123.50341, 48.08041, -4567.3955078125], [-123.50857, 48.08588, -5420.4033203125], [-123.51814, 48.08294, -4624.8330078125], [-123.50341, 48.08041, -4567.3955078125]]], [[[-123.50341, 48.08041, -4567.3955078125], [-123.51292, 48.07781, -3777.81005859375], [-123.49824, 48.07491, -3740.29443359375], [-123.50341, 48.08041, -4567.3955078125]]], [[[-123.50341, 48.08041, -4567.3955078125], [-123.49824, 48.07491, -3740.29443359375], [-123.48938, 48.07772, -4542.18310546875], [-123.50341, 48.08041, -4567.3955078125]]], [[[-123.50341, 48.08041, -4567.3955078125], [-123.48938, 48.07772, -4542.18310546875], [-123.49451, 48.08305, -5392.59912109375], [-123.50341, 48.08041, -4567.3955078125]]], [[[-123.48938, 48.07772, -4542.18310546875], [-123.48107, 48.08095, -5369.669921875], [-123.49451, 48.08305, -5392.59912109375], [-123.48938, 48.07772, -4542.18310546875]]], [[[-123.48107, 48.08095, -5369.669921875], [-123.48938, 48.07772, -4542.18310546875], [-123.47596, 48.07601, -4497.64990234375], [-123.48107, 48.08095, -5369.669921875]]], [[[-123.47596, 48.07601, -4497.64990234375], [-123.46769, 48.07941, -5291.30908203125], [-123.48107, 48.08095, -5369.669921875], [-123.47596, 48.07601, -4497.64990234375]]], [[[-123.46769, 48.07941, -5291.30908203125], [-123.47596, 48.07601, -4497.64990234375], [-123.46357, 48.07366, -4433.958984375], [-123.46769, 48.07941, -5291.30908203125]]], [[[-123.46357, 48.07366, -4433.958984375], [-123.45622, 48.07653, -5333.56005859375], [-123.46769, 48.07941, -5291.30908203125], [-123.46357, 48.07366, -4433.958984375]]], [[[-123.45622, 48.07653, -5333.56005859375], [-123.46357, 48.07366, -4433.958984375], [-123.45232, 48.07133, -4451.82470703125], [-123.45622, 48.07653, -5333.56005859375]]], [[[-123.44415, 48.07452, -5283.21240234375], [-123.45622, 48.07653, -5333.56005859375], [-123.45232, 48.07133, -4451.82470703125], [-123.44415, 48.07452, -5283.21240234375]]], [[[-123.44415, 48.07452, -5283.21240234375], [-123.45232, 48.07133, -4451.82470703125], [-123.44007, 48.06917, -4422.85791015625], [-123.44415, 48.07452, -5283.21240234375]]], [[[-123.43237, 48.07206, -5282.1328125], [-123.44415, 48.07452, -5283.21240234375], [-123.44007, 48.06917, -4422.85791015625], [-123.43237, 48.07206, -5282.1328125]]], [[[-123.43237, 48.07206, -5282.1328125], [-123.44007, 48.06917, -4422.85791015625], [-123.42921, 48.06657, -4390.0185546875], [-123.43237, 48.07206, -5282.1328125]]], [[[-123.42179, 48.06986, -5257.70361328125], [-123.43237, 48.07206, -5282.1328125], [-123.42921, 48.06657, -4390.0185546875], [-123.42179, 48.06986, -5257.70361328125]]], [[[-123.42179, 48.06986, -5257.70361328125], [-123.42921, 48.06657, -4390.0185546875], [-123.41716, 48.06462, -4416.29150390625], [-123.42179, 48.06986, -5257.70361328125]]], [[[-123.41002, 48.06817, -5287.13525390625], [-123.42179, 48.06986, -5257.70361328125], [-123.41716, 48.06462, -4416.29150390625], [-123.41002, 48.06817, -5287.13525390625]]], [[[-123.41002, 48.06817, -5287.13525390625], [-123.41716, 48.06462, -4416.29150390625], [-123.40536, 48.06297, -4424.53076171875], [-123.41002, 48.06817, -5287.13525390625]]], [[[-123.39765, 48.06592, -5290.4169921875], [-123.40536, 48.06297, -4424.53076171875], [-123.39318, 48.06031, -4457.07568359375], [-123.39765, 48.06592, -5290.4169921875]]], [[[-123.38546, 48.06309, -5273.43017578125], [-123.39318, 48.06031, -4457.07568359375], [-123.37992, 48.05788, -4498.126953125], [-123.38546, 48.06309, -5273.43017578125]]], [[[-123.39318, 48.06031, -4457.07568359375], [-123.38784, 48.0549, -3653.98779296875], [-123.37992, 48.05788, -4498.126953125], [-123.39318, 48.06031, -4457.07568359375]]], [[[-123.39318, 48.06031, -4457.07568359375], [-123.40071, 48.05745, -3591.896484375], [-123.38784, 48.0549, -3653.98779296875], [-123.39318, 48.06031, -4457.07568359375]]], [[[-123.40536, 48.06297, -4424.53076171875], [-123.41247, 48.05948, -3564.907470703125], [-123.40071, 48.05745, -3591.896484375], [-123.40536, 48.06297, -4424.53076171875]]], [[[-123.41716, 48.06462, -4416.29150390625], [-123.4245, 48.0613, -3552.751953125], [-123.41247, 48.05948, -3564.907470703125], [-123.41716, 48.06462, -4416.29150390625]]], [[[-123.44007, 48.06917, -4422.85791015625], [-123.43702, 48.06372, -3540.35107421875], [-123.42921, 48.06657, -4390.0185546875], [-123.44007, 48.06917, -4422.85791015625]]], [[[-123.44007, 48.06917, -4422.85791015625], [-123.44812, 48.06619, -3586.19384765625], [-123.43702, 48.06372, -3540.35107421875], [-123.44007, 48.06917, -4422.85791015625]]], [[[-123.45232, 48.07133, -4451.82470703125], [-123.45979, 48.06805, -3595.94677734375], [-123.44812, 48.06619, -3586.19384765625], [-123.45232, 48.07133, -4451.82470703125]]], [[[-123.46357, 48.07366, -4433.958984375], [-123.45979, 48.06805, -3595.94677734375], [-123.45232, 48.07133, -4451.82470703125], [-123.46357, 48.07366, -4433.958984375]]], [[[-123.46357, 48.07366, -4433.958984375], [-123.47182, 48.07117, -3607.105224609375], [-123.45979, 48.06805, -3595.94677734375], [-123.46357, 48.07366, -4433.958984375]]], [[[-123.47596, 48.07601, -4497.64990234375], [-123.4845, 48.07263, -3695.5791015625], [-123.47182, 48.07117, -3607.105224609375], [-123.47596, 48.07601, -4497.64990234375]]], [[[-123.48938, 48.07772, -4542.18310546875], [-123.49824, 48.07491, -3740.29443359375], [-123.4845, 48.07263, -3695.5791015625], [-123.48938, 48.07772, -4542.18310546875]]], [[[-123.493, 48.06963, -2908.402587890625], [-123.4845, 48.07263, -3695.5791015625], [-123.49824, 48.07491, -3740.29443359375], [-123.493, 48.06963, -2908.402587890625]]], [[[-123.47182, 48.07117, -3607.105224609375], [-123.48013, 48.06773, -2825.6240234375], [-123.46811, 48.06582, -2763.843017578125], [-123.47182, 48.07117, -3607.105224609375]]], [[[-123.44812, 48.06619, -3586.19384765625], [-123.45594, 48.0629, -2746.406494140625], [-123.4449, 48.06097, -2698.76806640625], [-123.44812, 48.06619, -3586.19384765625]]], [[[-123.41247, 48.05948, -3564.907470703125], [-123.4245, 48.0613, -3552.751953125], [-123.41983, 48.0561, -2719.58203125], [-123.41247, 48.05948, -3564.907470703125]]], [[[-123.40071, 48.05745, -3591.896484375], [-123.41247, 48.05948, -3564.907470703125], [-123.40786, 48.0544, -2722.004150390625], [-123.40071, 48.05745, -3591.896484375]]], [[[-123.34863, 48.0479, -3819.0517578125], [-123.34978, 48.05304, -4752.58154296875], [-123.36091, 48.05, -3745.2021484375], [-123.34863, 48.0479, -3819.0517578125]]], [[[-123.32594, 48.04652, -3824.59765625], [-123.32698, 48.04213, -2936.6298828125], [-123.31347, 48.04485, -3309.862060546875], [-123.32594, 48.04652, -3824.59765625]]], [[[-123.32594, 48.04652, -3824.59765625], [-123.31347, 48.04485, -3309.862060546875], [-123.31187, 48.0492, -4186.416015625], [-123.32594, 48.04652, -3824.59765625]]], [[[-123.31027, 48.05355, -5062.62646484375], [-123.29704, 48.05501, -5418.55615234375], [-123.30868, 48.0579, -5938.83740234375], [-123.31027, 48.05355, -5062.62646484375]]], [[[-123.31027, 48.05355, -5062.62646484375], [-123.29863, 48.05063, -4543.9755859375], [-123.29704, 48.05501, -5418.55615234375], [-123.31027, 48.05355, -5062.62646484375]]], [[[-123.32698, 48.04213, -2936.6298828125], [-123.3149, 48.0402, -2374.3994140625], [-123.31347, 48.04485, -3309.862060546875], [-123.32698, 48.04213, -2936.6298828125]]], [[[-123.3381, 48.03802, -2116.035888671875], [-123.34512, 48.03391, -1288.287841796875], [-123.33251, 48.03364, -1256.6326904296875], [-123.3381, 48.03802, -2116.035888671875]]], [[[-123.33251, 48.03364, -1256.6326904296875], [-123.34512, 48.03391, -1288.287841796875], [-123.33993, 48.02954, -427.511962890625], [-123.33251, 48.03364, -1256.6326904296875]]], [[[-123.31577, 48.03017, -378.3520812988281], [-123.3033, 48.02954, -333.58984375], [-123.30521, 48.03324, -1066.566650390625], [-123.31577, 48.03017, -378.3520812988281]]], [[[-123.33993, 48.02954, -427.511962890625], [-123.34824, 48.02604, 290.53094482421875], [-123.33511, 48.02501, 464.26263427734375], [-123.33993, 48.02954, -427.511962890625]]], [[[-123.38307, 48.04961, -2834.067138671875], [-123.39081, 48.04664, -1998.3160400390625], [-123.37799, 48.04437, -2022.803955078125], [-123.38307, 48.04961, -2834.067138671875]]], [[[-123.39559, 48.05197, -2811.703125], [-123.40252, 48.04896, -1945.29736328125], [-123.39081, 48.04664, -1998.3160400390625], [-123.39559, 48.05197, -2811.703125]]], [[[-123.40252, 48.04896, -1945.29736328125], [-123.40786, 48.0544, -2722.004150390625], [-123.4151, 48.05103, -1882.547607421875], [-123.40252, 48.04896, -1945.29736328125]]], [[[-123.39081, 48.04664, -1998.3160400390625], [-123.39791, 48.0435, -1146.813232421875], [-123.38566, 48.04133, -1188.7388916015625], [-123.39081, 48.04664, -1998.3160400390625]]], [[[-123.39791, 48.0435, -1146.813232421875], [-123.39308, 48.03821, -337.7474670410156], [-123.38566, 48.04133, -1188.7388916015625], [-123.39791, 48.0435, -1146.813232421875]]], [[[-123.37995, 48.0362, -425.0830993652344], [-123.39308, 48.03821, -337.7474670410156], [-123.38707, 48.03301, 420.2486572265625], [-123.37995, 48.0362, -425.0830993652344]]], [[[-123.38566, 48.04133, -1188.7388916015625], [-123.39308, 48.03821, -337.7474670410156], [-123.37995, 48.0362, -425.0830993652344], [-123.38566, 48.04133, -1188.7388916015625]]], [[[-123.37178, 48.03908, -1246.828857421875], [-123.38566, 48.04133, -1188.7388916015625], [-123.37995, 48.0362, -425.0830993652344], [-123.37178, 48.03908, -1246.828857421875]]], [[[-123.37178, 48.03908, -1246.828857421875], [-123.37995, 48.0362, -425.0830993652344], [-123.36599, 48.03353, -483.5650939941406], [-123.37178, 48.03908, -1246.828857421875]]], [[[-123.37995, 48.0362, -425.0830993652344], [-123.37401, 48.031, 344.0546875], [-123.36599, 48.03353, -483.5650939941406], [-123.37995, 48.0362, -425.0830993652344]]], [[[-123.37995, 48.0362, -425.0830993652344], [-123.38707, 48.03301, 420.2486572265625], [-123.37401, 48.031, 344.0546875], [-123.37995, 48.0362, -425.0830993652344]]], [[[-123.36599, 48.03353, -483.5650939941406], [-123.37401, 48.031, 344.0546875], [-123.36132, 48.02807, 311.6228942871094], [-123.36599, 48.03353, -483.5650939941406]]], [[[-123.41765, 48.04299, -279.5429992675781], [-123.42587, 48.03998, 517.22607421875], [-123.41279, 48.03795, 543.56591796875], [-123.41765, 48.04299, -279.5429992675781]]], [[[-123.41765, 48.04299, -279.5429992675781], [-123.42341, 48.04801, -1079.55029296875], [-123.43133, 48.04507, -263.2936096191406], [-123.41765, 48.04299, -279.5429992675781]]], [[[-123.4151, 48.05103, -1882.547607421875], [-123.42785, 48.05318, -1909.6827392578125], [-123.42341, 48.04801, -1079.55029296875], [-123.4151, 48.05103, -1882.547607421875]]], [[[-123.43263, 48.05839, -2732.986572265625], [-123.42785, 48.05318, -1909.6827392578125], [-123.41983, 48.0561, -2719.58203125], [-123.43263, 48.05839, -2732.986572265625]]], [[[-123.4449, 48.06097, -2698.76806640625], [-123.4406, 48.05567, -1897.483642578125], [-123.43263, 48.05839, -2732.986572265625], [-123.4449, 48.06097, -2698.76806640625]]], [[[-123.4449, 48.06097, -2698.76806640625], [-123.45271, 48.05783, -1868.1907958984375], [-123.4406, 48.05567, -1897.483642578125], [-123.4449, 48.06097, -2698.76806640625]]], [[[-123.45594, 48.0629, -2746.406494140625], [-123.45271, 48.05783, -1868.1907958984375], [-123.4449, 48.06097, -2698.76806640625], [-123.45594, 48.0629, -2746.406494140625]]], [[[-123.46811, 48.06582, -2763.843017578125], [-123.47623, 48.06296, -1948.1365966796875], [-123.46408, 48.06026, -1947.95849609375], [-123.46811, 48.06582, -2763.843017578125]]], [[[-123.48013, 48.06773, -2825.6240234375], [-123.48888, 48.06455, -2045.406982421875], [-123.47623, 48.06296, -1948.1365966796875], [-123.48013, 48.06773, -2825.6240234375]]], [[[-123.493, 48.06963, -2908.402587890625], [-123.50274, 48.06725, -2150.3173828125], [-123.48888, 48.06455, -2045.406982421875], [-123.493, 48.06963, -2908.402587890625]]], [[[-123.493, 48.06963, -2908.402587890625], [-123.50782, 48.07262, -2956.0869140625], [-123.50274, 48.06725, -2150.3173828125], [-123.493, 48.06963, -2908.402587890625]]], [[[-123.51292, 48.07781, -3777.81005859375], [-123.52181, 48.07486, -2998.956787109375], [-123.50782, 48.07262, -2956.0869140625], [-123.51292, 48.07781, -3777.81005859375]]], [[[-123.51292, 48.07781, -3777.81005859375], [-123.52728, 48.07967, -3851.42626953125], [-123.52181, 48.07486, -2998.956787109375], [-123.51292, 48.07781, -3777.81005859375]]], [[[-123.51814, 48.08294, -4624.8330078125], [-123.52728, 48.07967, -3851.42626953125], [-123.51292, 48.07781, -3777.81005859375], [-123.51814, 48.08294, -4624.8330078125]]], [[[-123.53253, 48.08439, -4716.04736328125], [-123.52728, 48.07967, -3851.42626953125], [-123.51814, 48.08294, -4624.8330078125], [-123.53253, 48.08439, -4716.04736328125]]], [[[-123.53253, 48.08439, -4716.04736328125], [-123.54141, 48.0813, -3928.15478515625], [-123.52728, 48.07967, -3851.42626953125], [-123.53253, 48.08439, -4716.04736328125]]], [[[-123.56174, 48.08768, -4790.98291015625], [-123.57524, 48.08961, -4777.48388671875], [-123.56968, 48.08445, -3954.442626953125], [-123.56174, 48.08768, -4790.98291015625]]], [[[-123.56727, 48.09292, -5623.6220703125], [-123.58162, 48.09444, -5613.955078125], [-123.57524, 48.08961, -4777.48388671875], [-123.56727, 48.09292, -5623.6220703125]]], [[[-123.57337, 48.09813, -6448.61669921875], [-123.58162, 48.09444, -5613.955078125], [-123.56727, 48.09292, -5623.6220703125], [-123.57337, 48.09813, -6448.61669921875]]], [[[-123.6007, 48.10087, -6508.4267578125], [-123.5952, 48.09573, -5651.72119140625], [-123.58708, 48.09939, -6487.291015625], [-123.6007, 48.10087, -6508.4267578125]]], [[[-123.6007, 48.10087, -6508.4267578125], [-123.6086, 48.09751, -5646.3193359375], [-123.5952, 48.09573, -5651.72119140625], [-123.6007, 48.10087, -6508.4267578125]]], [[[-123.61411, 48.10266, -6502.92138671875], [-123.62202, 48.09905, -5654.8583984375], [-123.6086, 48.09751, -5646.3193359375], [-123.61411, 48.10266, -6502.92138671875]]], [[[-123.62778, 48.10419, -6494.14599609375], [-123.62202, 48.09905, -5654.8583984375], [-123.61411, 48.10266, -6502.92138671875], [-123.62778, 48.10419, -6494.14599609375]]], [[[-123.62778, 48.10419, -6494.14599609375], [-123.63507, 48.10046, -5615.685546875], [-123.62202, 48.09905, -5654.8583984375], [-123.62778, 48.10419, -6494.14599609375]]], [[[-123.62778, 48.10419, -6494.14599609375], [-123.64044, 48.10549, -6475.9013671875], [-123.63507, 48.10046, -5615.685546875], [-123.62778, 48.10419, -6494.14599609375]]], [[[-123.64044, 48.10549, -6475.9013671875], [-123.6479, 48.1017, -5628.99365234375], [-123.63507, 48.10046, -5615.685546875], [-123.64044, 48.10549, -6475.9013671875]]], [[[-123.64044, 48.10549, -6475.9013671875], [-123.65224, 48.10671, -6531.607421875], [-123.6479, 48.1017, -5628.99365234375], [-123.64044, 48.10549, -6475.9013671875]]], [[[-123.65224, 48.10671, -6531.607421875], [-123.65975, 48.10331, -5655.126953125], [-123.6479, 48.1017, -5628.99365234375], [-123.65224, 48.10671, -6531.607421875]]], [[[-123.65975, 48.10331, -5655.126953125], [-123.66493, 48.10863, -6498.716796875], [-123.67217, 48.1048, -5639.8427734375], [-123.65975, 48.10331, -5655.126953125]]], [[[-123.65975, 48.10331, -5655.126953125], [-123.67217, 48.1048, -5639.8427734375], [-123.66718, 48.09988, -4777.7333984375], [-123.65975, 48.10331, -5655.126953125]]], [[[-123.65975, 48.10331, -5655.126953125], [-123.66718, 48.09988, -4777.7333984375], [-123.65546, 48.09799, -4787.865234375], [-123.65975, 48.10331, -5655.126953125]]], [[[-123.6479, 48.1017, -5628.99365234375], [-123.65546, 48.09799, -4787.865234375], [-123.64265, 48.09682, -4769.25732421875], [-123.6479, 48.1017, -5628.99365234375]]], [[[-123.64265, 48.09682, -4769.25732421875], [-123.62919, 48.09538, -4786.65185546875], [-123.63507, 48.10046, -5615.685546875], [-123.64265, 48.09682, -4769.25732421875]]], [[[-123.62919, 48.09538, -4786.65185546875], [-123.64265, 48.09682, -4769.25732421875], [-123.6367, 48.09189, -3947.12353515625], [-123.62919, 48.09538, -4786.65185546875]]], [[[-123.62919, 48.09538, -4786.65185546875], [-123.6367, 48.09189, -3947.12353515625], [-123.62353, 48.09037, -3961.1025390625], [-123.62919, 48.09538, -4786.65185546875]]], [[[-123.62919, 48.09538, -4786.65185546875], [-123.62353, 48.09037, -3961.1025390625], [-123.61639, 48.09403, -4804.56298828125], [-123.62919, 48.09538, -4786.65185546875]]], [[[-123.62202, 48.09905, -5654.8583984375], [-123.62919, 48.09538, -4786.65185546875], [-123.61639, 48.09403, -4804.56298828125], [-123.62202, 48.09905, -5654.8583984375]]], [[[-123.6031, 48.09225, -4816.40478515625], [-123.5952, 48.09573, -5651.72119140625], [-123.6086, 48.09751, -5646.3193359375], [-123.6031, 48.09225, -4816.40478515625]]], [[[-123.58978, 48.0908, -4788.22119140625], [-123.58349, 48.08608, -3973.04541015625], [-123.57524, 48.08961, -4777.48388671875], [-123.58978, 48.0908, -4788.22119140625]]], [[[-123.6031, 48.09225, -4816.40478515625], [-123.61086, 48.089, -3979.905029296875], [-123.5978, 48.08723, -3972.73193359375], [-123.6031, 48.09225, -4816.40478515625]]], [[[-123.58349, 48.08608, -3973.04541015625], [-123.59157, 48.08255, -3170.339599609375], [-123.57785, 48.08131, -3136.414306640625], [-123.58349, 48.08608, -3973.04541015625]]], [[[-123.54141, 48.0813, -3928.15478515625], [-123.55586, 48.08298, -3945.427490234375], [-123.54989, 48.07831, -3123.10009765625], [-123.54141, 48.0813, -3928.15478515625]]], [[[-123.54141, 48.0813, -3928.15478515625], [-123.54989, 48.07831, -3123.10009765625], [-123.53635, 48.07626, -3089.701904296875], [-123.54141, 48.0813, -3928.15478515625]]], [[[-123.52728, 48.07967, -3851.42626953125], [-123.54141, 48.0813, -3928.15478515625], [-123.53635, 48.07626, -3089.701904296875], [-123.52728, 48.07967, -3851.42626953125]]], [[[-123.53635, 48.07626, -3089.701904296875], [-123.54483, 48.07321, -2301.21533203125], [-123.53109, 48.07162, -2243.626708984375], [-123.53635, 48.07626, -3089.701904296875]]], [[[-123.54989, 48.07831, -3123.10009765625], [-123.54483, 48.07321, -2301.21533203125], [-123.53635, 48.07626, -3089.701904296875], [-123.54989, 48.07831, -3123.10009765625]]], [[[-123.61789, 48.08548, -3136.292724609375], [-123.62533, 48.08197, -2315.05615234375], [-123.61283, 48.08042, -2309.16064453125], [-123.61789, 48.08548, -3136.292724609375]]], [[[-123.64437, 48.08843, -3121.52880859375], [-123.65748, 48.08942, -3110.6123046875], [-123.65157, 48.08467, -2287.443359375], [-123.64437, 48.08843, -3121.52880859375]]], [[[-123.64558, 48.07993, -1467.2725830078125], [-123.65157, 48.08467, -2287.443359375], [-123.65964, 48.08127, -1506.5609130859375], [-123.64558, 48.07993, -1467.2725830078125]]], [[[-123.50782, 48.07262, -2956.0869140625], [-123.52181, 48.07486, -2998.956787109375], [-123.51649, 48.06977, -2162.533447265625], [-123.50782, 48.07262, -2956.0869140625]]], [[[-123.51118, 48.06462, -1343.0992431640625], [-123.52035, 48.06197, -583.8155517578125], [-123.5068, 48.0593, -520.7788696289062], [-123.51118, 48.06462, -1343.0992431640625]]], [[[-123.49841, 48.06201, -1320.15087890625], [-123.48888, 48.06455, -2045.406982421875], [-123.50274, 48.06725, -2150.3173828125], [-123.49841, 48.06201, -1320.15087890625]]], [[[-123.47623, 48.06296, -1948.1365966796875], [-123.48469, 48.05959, -1178.3013916015625], [-123.47213, 48.05788, -1102.650390625], [-123.47623, 48.06296, -1948.1365966796875]]], [[[-123.47213, 48.05788, -1102.650390625], [-123.46408, 48.06026, -1947.95849609375], [-123.47623, 48.06296, -1948.1365966796875], [-123.47213, 48.05788, -1102.650390625]]], [[[-123.46408, 48.06026, -1947.95849609375], [-123.47213, 48.05788, -1102.650390625], [-123.46102, 48.05489, -1081.521484375], [-123.46408, 48.06026, -1947.95849609375]]], [[[-123.4406, 48.05567, -1897.483642578125], [-123.44798, 48.05274, -1044.63818359375], [-123.43592, 48.05028, -1094.62744140625], [-123.4406, 48.05567, -1897.483642578125]]], [[[-123.43592, 48.05028, -1094.62744140625], [-123.44331, 48.04737, -244.26617431640625], [-123.43133, 48.04507, -263.2936096191406], [-123.43592, 48.05028, -1094.62744140625]]], [[[-123.43592, 48.05028, -1094.62744140625], [-123.44798, 48.05274, -1044.63818359375], [-123.44331, 48.04737, -244.26617431640625], [-123.43592, 48.05028, -1094.62744140625]]], [[[-123.46922, 48.05243, -250.63796997070312], [-123.47731, 48.05005, 585.2930297851562], [-123.46473, 48.04696, 532.392333984375], [-123.46922, 48.05243, -250.63796997070312]]], [[[-123.45648, 48.04996, -263.3752746582031], [-123.46473, 48.04696, 532.392333984375], [-123.45165, 48.04492, 560.3745727539062], [-123.45648, 48.04996, -263.3752746582031]]], [[[-123.43133, 48.04507, -263.2936096191406], [-123.44331, 48.04737, -244.26617431640625], [-123.43895, 48.04199, 570.4140014648438], [-123.43133, 48.04507, -263.2936096191406]]], [[[-123.52035, 48.06197, -583.8155517578125], [-123.53448, 48.06357, -638.0106811523438], [-123.52893, 48.05899, 193.47596740722656], [-123.52035, 48.06197, -583.8155517578125]]], [[[-123.60658, 48.07537, -1541.9068603515625], [-123.61373, 48.07203, -705.8229370117188], [-123.60128, 48.07061, -714.3824462890625], [-123.60658, 48.07537, -1541.9068603515625]]], [[[-123.62029, 48.0771, -1481.3341064453125], [-123.61373, 48.07203, -705.8229370117188], [-123.60658, 48.07537, -1541.9068603515625], [-123.62029, 48.0771, -1481.3341064453125]]], [[[-123.63303, 48.07858, -1503.6873779296875], [-123.64017, 48.075, -657.2096557617188], [-123.6279, 48.07364, -666.97265625], [-123.63303, 48.07858, -1503.6873779296875]]], [[[-123.74339, 48.09122, -613.8934936523438], [-123.75692, 48.09439, -596.4910278320312], [-123.75216, 48.08881, 175.47280883789062], [-123.74339, 48.09122, -613.8934936523438]]], [[[-123.79831, 48.10854, -1418.9007568359375], [-123.80685, 48.1063, -604.5048217773438], [-123.79429, 48.10267, -634.037109375], [-123.79831, 48.10854, -1418.9007568359375]]], [[[-123.81093, 48.11171, -1424.3846435546875], [-123.8155, 48.11738, -2195.2353515625], [-123.82368, 48.1155, -1345.4605712890625], [-123.81093, 48.11171, -1424.3846435546875]]], [[[-123.81093, 48.11171, -1424.3846435546875], [-123.80232, 48.11412, -2231.82080078125], [-123.8155, 48.11738, -2195.2353515625], [-123.81093, 48.11171, -1424.3846435546875]]], [[[-123.80232, 48.11412, -2231.82080078125], [-123.81093, 48.11171, -1424.3846435546875], [-123.79831, 48.10854, -1418.9007568359375], [-123.80232, 48.11412, -2231.82080078125]]], [[[-123.83798, 48.13751, -4694.94140625], [-123.84652, 48.13496, -3869.340576171875], [-123.83391, 48.13199, -3850.972900390625], [-123.83798, 48.13751, -4694.94140625]]], [[[-123.879, 48.13908, -3074.5244140625], [-123.88846, 48.13843, -2660.134765625], [-123.87876, 48.13423, -2199.235107421875], [-123.879, 48.13908, -3074.5244140625]]], [[[-123.88846, 48.13843, -2660.134765625], [-123.89366, 48.13567, -2048.087890625], [-123.87876, 48.13423, -2199.235107421875], [-123.88846, 48.13843, -2660.134765625]]], [[[-123.92451, 48.13336, -1485.721923828125], [-123.91408, 48.13283, -1530.5230712890625], [-123.91524, 48.13737, -2393.726318359375], [-123.92451, 48.13336, -1485.721923828125]]], [[[-123.92669, 48.13781, -2298.322998046875], [-123.93607, 48.13541, -1591.01806640625], [-123.92451, 48.13336, -1485.721923828125], [-123.92669, 48.13781, -2298.322998046875]]], [[[-123.92079, 48.14144, -3105.934814453125], [-123.91938, 48.14582, -3975.740478515625], [-123.93253, 48.14531, -3560.4140625], [-123.92079, 48.14144, -3105.934814453125]]], [[[-123.90649, 48.14012, -2930.27197265625], [-123.8995, 48.14413, -3661.91015625], [-123.91, 48.14271, -3499.29296875], [-123.90649, 48.14012, -2930.27197265625]]], [[[-123.92451, 48.13336, -1485.721923828125], [-123.91524, 48.13737, -2393.726318359375], [-123.92669, 48.13781, -2298.322998046875], [-123.92451, 48.13336, -1485.721923828125]]], [[[-123.89421, 48.14894, -4623.63232421875], [-123.90444, 48.15146, -5213.40771484375], [-123.90637, 48.14699, -4326.751953125], [-123.89421, 48.14894, -4623.63232421875]]], [[[-123.89105, 48.154, -5652.8291015625], [-123.90444, 48.15146, -5213.40771484375], [-123.89421, 48.14894, -4623.63232421875], [-123.89105, 48.154, -5652.8291015625]]], [[[-123.89105, 48.154, -5652.8291015625], [-123.89485, 48.15888, -6608.99609375], [-123.90337, 48.15605, -6134.78125], [-123.89105, 48.154, -5652.8291015625]]], [[[-123.89485, 48.15888, -6608.99609375], [-123.89105, 48.154, -5652.8291015625], [-123.88431, 48.15747, -6424.88916015625], [-123.89485, 48.15888, -6608.99609375]]], [[[-123.88906, 48.16097, -7037.84521484375], [-123.89485, 48.15888, -6608.99609375], [-123.88431, 48.15747, -6424.88916015625], [-123.88906, 48.16097, -7037.84521484375]]], [[[-123.87986, 48.16143, -7259.70703125], [-123.88064, 48.1662, -8177.31103515625], [-123.88794, 48.16359, -7562.93310546875], [-123.87986, 48.16143, -7259.70703125]]], [[[-123.87013, 48.16235, -7724.49072265625], [-123.88064, 48.1662, -8177.31103515625], [-123.87986, 48.16143, -7259.70703125], [-123.87013, 48.16235, -7724.49072265625]]], [[[-123.86779, 48.16612, -8517.4423828125], [-123.87173, 48.17105, -9244.6142578125], [-123.88064, 48.1662, -8177.31103515625], [-123.86779, 48.16612, -8517.4423828125]]], [[[-123.88064, 48.1662, -8177.31103515625], [-123.88597, 48.17039, -8914.5126953125], [-123.89222, 48.16606, -8038.0009765625], [-123.88064, 48.1662, -8177.31103515625]]], [[[-123.88794, 48.16359, -7562.93310546875], [-123.89222, 48.16606, -8038.0009765625], [-123.89623, 48.16245, -7352.09765625], [-123.88794, 48.16359, -7562.93310546875]]], [[[-123.90234, 48.16453, -7843.9033203125], [-123.89879, 48.16876, -8665.6962890625], [-123.91143, 48.16774, -8338.4814453125], [-123.90234, 48.16453, -7843.9033203125]]], [[[-123.91463, 48.15897, -6593.45947265625], [-123.92613, 48.16285, -7050.125], [-123.92773, 48.15846, -6177.6943359375], [-123.91463, 48.15897, -6593.45947265625]]], [[[-123.91778, 48.15021, -4848.236328125], [-123.90637, 48.14699, -4326.751953125], [-123.90444, 48.15146, -5213.40771484375], [-123.91778, 48.15021, -4848.236328125]]], [[[-123.90637, 48.14699, -4326.751953125], [-123.91778, 48.15021, -4848.236328125], [-123.91938, 48.14582, -3975.740478515625], [-123.90637, 48.14699, -4326.751953125]]], [[[-123.84287, 48.15909, -8434.1689453125], [-123.82779, 48.15866, -9012.3857421875], [-123.84128, 48.16485, -9558.931640625], [-123.84287, 48.15909, -8434.1689453125]]], [[[-123.93253, 48.14531, -3560.4140625], [-123.93093, 48.1497, -4432.8408203125], [-123.94325, 48.15063, -3919.4677734375], [-123.93253, 48.14531, -3560.4140625]]], [[[-123.82088, 48.28053, -31495.96484375], [-123.82498, 48.28595, -32315.66015625], [-123.83157, 48.28273, -31444.248046875], [-123.82088, 48.28053, -31495.96484375]]], [[[-123.93847, 48.16376, -6538.13720703125], [-123.94917, 48.16915, -6892.40380859375], [-123.95077, 48.16476, -6020.701171875], [-123.93847, 48.16376, -6538.13720703125]]], [[[-123.92293, 48.17161, -8794.994140625], [-123.92133, 48.17599, -9667.4287109375], [-123.93369, 48.17689, -9156.8076171875], [-123.92293, 48.17161, -8794.994140625]]], [[[-123.85491, 48.18011, -11639.25390625], [-123.8533, 48.18449, -12511.544921875], [-123.8664, 48.185, -12032.419921875], [-123.85491, 48.18011, -11639.25390625]]], [[[-123.8549, 48.16564, -9004.1201171875], [-123.85603, 48.16097, -8101.4248046875], [-123.84287, 48.15909, -8434.1689453125], [-123.8549, 48.16564, -9004.1201171875]]], [[[-123.83308, 48.16923, -10738.080078125], [-123.84341, 48.17483, -11263.3466796875], [-123.84567, 48.17029, -10327.46484375], [-123.83308, 48.16923, -10738.080078125]]], [[[-123.83003, 48.17394, -11732.994140625], [-123.84181, 48.17922, -12141.017578125], [-123.84341, 48.17483, -11263.3466796875], [-123.83003, 48.17394, -11732.994140625]]], [[[-123.81651, 48.1734, -12218.08203125], [-123.82848, 48.17848, -12631.85546875], [-123.83003, 48.17394, -11732.994140625], [-123.81651, 48.1734, -12218.08203125]]], [[[-123.79834, 48.18563, -15362.9970703125], [-123.79674, 48.18999, -16236.6064453125], [-123.81012, 48.19101, -15729.833984375], [-123.79834, 48.18563, -15362.9970703125]]], [[[-123.61996, 48.23046, -30860.673828125], [-123.61162, 48.23378, -31694.185546875], [-123.62565, 48.2356, -31667.578125], [-123.61996, 48.23046, -30860.673828125]]], [[[-123.78521, 48.18452, -15877.9208984375], [-123.79674, 48.18999, -16236.6064453125], [-123.79834, 48.18563, -15362.9970703125], [-123.78521, 48.18452, -15877.9208984375]]], [[[-123.88698, 48.13184, -1397.8675537109375], [-123.87876, 48.13423, -2199.235107421875], [-123.89366, 48.13567, -2048.087890625], [-123.88698, 48.13184, -1397.8675537109375]]], [[[-123.78359, 48.1889, -16750.314453125], [-123.79674, 48.18999, -16236.6064453125], [-123.78521, 48.18452, -15877.9208984375], [-123.78359, 48.1889, -16750.314453125]]], [[[-123.62012, 48.10772, -7354.97412109375], [-123.62778, 48.10419, -6494.14599609375], [-123.61411, 48.10266, -6502.92138671875], [-123.62012, 48.10772, -7354.97412109375]]], [[[-123.78359, 48.1889, -16750.314453125], [-123.79514, 48.19436, -17110.21484375], [-123.79674, 48.18999, -16236.6064453125], [-123.78359, 48.1889, -16750.314453125]]], [[[-123.79514, 48.19436, -17110.21484375], [-123.80851, 48.19538, -16602.791015625], [-123.79674, 48.18999, -16236.6064453125], [-123.79514, 48.19436, -17110.21484375]]], [[[-123.79354, 48.19872, -17983.8203125], [-123.80691, 48.19975, -17475.744140625], [-123.79514, 48.19436, -17110.21484375], [-123.79354, 48.19872, -17983.8203125]]], [[[-123.91143, 48.16774, -8338.4814453125], [-123.92453, 48.16723, -7922.5625], [-123.9132, 48.16337, -7466.69970703125], [-123.91143, 48.16774, -8338.4814453125]]], [[[-123.80691, 48.19975, -17475.744140625], [-123.79354, 48.19872, -17983.8203125], [-123.8053, 48.20413, -18348.6953125], [-123.80691, 48.19975, -17475.744140625]]], [[[-123.34016, 48.17933, -28663.0546875], [-123.32995, 48.17642, -28440.93359375], [-123.33017, 48.18183, -29441.818359375], [-123.34016, 48.17933, -28663.0546875]]], [[[-123.80691, 48.19975, -17475.744140625], [-123.8053, 48.20413, -18348.6953125], [-123.81884, 48.20475, -17867.802734375], [-123.80691, 48.19975, -17475.744140625]]], [[[-123.80691, 48.19975, -17475.744140625], [-123.81884, 48.20475, -17867.802734375], [-123.82044, 48.20037, -16995.142578125], [-123.80691, 48.19975, -17475.744140625]]], [[[-123.91618, 48.15459, -5720.7314453125], [-123.92773, 48.15846, -6177.6943359375], [-123.92933, 48.15408, -5305.267578125], [-123.91618, 48.15459, -5720.7314453125]]], [[[-123.80851, 48.19538, -16602.791015625], [-123.80691, 48.19975, -17475.744140625], [-123.82044, 48.20037, -16995.142578125], [-123.80851, 48.19538, -16602.791015625]]], [[[-123.91408, 48.13283, -1530.5230712890625], [-123.91976, 48.12861, -630.8294677734375], [-123.9088, 48.12877, -648.10302734375], [-123.91408, 48.13283, -1530.5230712890625]]], [[[-123.80851, 48.19538, -16602.791015625], [-123.82044, 48.20037, -16995.142578125], [-123.82205, 48.19599, -16122.484375], [-123.80851, 48.19538, -16602.791015625]]], [[[-123.91408, 48.13283, -1530.5230712890625], [-123.9088, 48.12877, -648.10302734375], [-123.9017, 48.133, -1423.1207275390625], [-123.91408, 48.13283, -1530.5230712890625]]], [[[-123.80851, 48.19538, -16602.791015625], [-123.82205, 48.19599, -16122.484375], [-123.81012, 48.19101, -15729.833984375], [-123.80851, 48.19538, -16602.791015625]]], [[[-123.2587, 48.19241, -33047.12109375], [-123.24826, 48.19613, -33654.7109375], [-123.26452, 48.1961, -33773.92578125], [-123.2587, 48.19241, -33047.12109375]]], [[[-123.79674, 48.18999, -16236.6064453125], [-123.80851, 48.19538, -16602.791015625], [-123.81012, 48.19101, -15729.833984375], [-123.79674, 48.18999, -16236.6064453125]]], [[[-123.2538, 48.17313, -29032.23046875], [-123.2554, 48.16876, -28157.650390625], [-123.24215, 48.17044, -28499.5390625], [-123.2538, 48.17313, -29032.23046875]]], [[[-123.81012, 48.19101, -15729.833984375], [-123.82205, 48.19599, -16122.484375], [-123.82366, 48.19161, -15249.8232421875], [-123.81012, 48.19101, -15729.833984375]]], [[[-123.93069, 48.12957, -632.6893920898438], [-123.94148, 48.13131, -667.3129272460938], [-123.93808, 48.12624, 197.7350311279297], [-123.93069, 48.12957, -632.6893920898438]]], [[[-123.81172, 48.18663, -14856.8779296875], [-123.82366, 48.19161, -15249.8232421875], [-123.82526, 48.18723, -14377.1640625], [-123.81172, 48.18663, -14856.8779296875]]], [[[-123.82526, 48.18723, -14377.1640625], [-123.83701, 48.19233, -14760.7041015625], [-123.83861, 48.18796, -13887.474609375], [-123.82526, 48.18723, -14377.1640625]]], [[[-123.94007, 48.15938, -5665.2470703125], [-123.92933, 48.15408, -5305.267578125], [-123.92773, 48.15846, -6177.6943359375], [-123.94007, 48.15938, -5665.2470703125]]], [[[-123.82675, 48.16417, -10069.6435546875], [-123.84128, 48.16485, -9558.931640625], [-123.82779, 48.15866, -9012.3857421875], [-123.82675, 48.16417, -10069.6435546875]]], [[[-123.82366, 48.19161, -15249.8232421875], [-123.83701, 48.19233, -14760.7041015625], [-123.82526, 48.18723, -14377.1640625], [-123.82366, 48.19161, -15249.8232421875]]], [[[-123.82583, 48.14843, -7228.4765625], [-123.83443, 48.14576, -6361.12646484375], [-123.82099, 48.14269, -6403.69189453125], [-123.82583, 48.14843, -7228.4765625]]], [[[-123.82366, 48.19161, -15249.8232421875], [-123.83541, 48.1967, -15633.9365234375], [-123.83701, 48.19233, -14760.7041015625], [-123.82366, 48.19161, -15249.8232421875]]], [[[-123.8639, 48.13063, -2213.802978515625], [-123.87273, 48.12861, -1440.1396484375], [-123.85938, 48.12492, -1405.602783203125], [-123.8639, 48.13063, -2213.802978515625]]], [[[-123.82366, 48.19161, -15249.8232421875], [-123.82205, 48.19599, -16122.484375], [-123.83541, 48.1967, -15633.9365234375], [-123.82366, 48.19161, -15249.8232421875]]], [[[-123.72226, 48.14195, -10808.7119140625], [-123.72942, 48.13882, -9944.982421875], [-123.71762, 48.13615, -9954.37890625], [-123.72226, 48.14195, -10808.7119140625]]], [[[-123.83541, 48.1967, -15633.9365234375], [-123.82205, 48.19599, -16122.484375], [-123.83381, 48.20107, -16507.16796875], [-123.83541, 48.1967, -15633.9365234375]]], [[[-123.56362, 48.23349, -32536.2421875], [-123.55606, 48.23702, -33399.82421875], [-123.56908, 48.23834, -33392.20703125], [-123.56362, 48.23349, -32536.2421875]]], [[[-123.83541, 48.1967, -15633.9365234375], [-123.83381, 48.20107, -16507.16796875], [-123.84687, 48.20202, -16000.70703125], [-123.83541, 48.1967, -15633.9365234375]]], [[[-123.83861, 48.18796, -13887.474609375], [-123.83701, 48.19233, -14760.7041015625], [-123.85008, 48.19326, -14256.1240234375], [-123.83861, 48.18796, -13887.474609375]]], [[[-123.49672, 48.22615, -32610.583984375], [-123.48894, 48.22974, -33467.85546875], [-123.50251, 48.23137, -33443.4921875], [-123.49672, 48.22615, -32610.583984375]]], [[[-123.83861, 48.18796, -13887.474609375], [-123.85008, 48.19326, -14256.1240234375], [-123.85169, 48.18887, -13383.8349609375], [-123.83861, 48.18796, -13887.474609375]]], [[[-123.7451, 48.14619, -10564.1123046875], [-123.75524, 48.14889, -10696.513671875], [-123.75283, 48.14392, -9864.4599609375], [-123.7451, 48.14619, -10564.1123046875]]], [[[-123.84021, 48.18359, -13014.2470703125], [-123.83861, 48.18796, -13887.474609375], [-123.85169, 48.18887, -13383.8349609375], [-123.84021, 48.18359, -13014.2470703125]]], [[[-123.82848, 48.17848, -12631.85546875], [-123.84021, 48.18359, -13014.2470703125], [-123.84181, 48.17922, -12141.017578125], [-123.82848, 48.17848, -12631.85546875]]], [[[-123.84021, 48.18359, -13014.2470703125], [-123.85169, 48.18887, -13383.8349609375], [-123.8533, 48.18449, -12511.544921875], [-123.84021, 48.18359, -13014.2470703125]]], [[[-123.8533, 48.18449, -12511.544921875], [-123.85169, 48.18887, -13383.8349609375], [-123.86479, 48.18939, -12904.84765625], [-123.8533, 48.18449, -12511.544921875]]], [[[-123.46248, 48.22753, -33493.2109375], [-123.44998, 48.22539, -33511.78125], [-123.45475, 48.2308, -34336.46875], [-123.46248, 48.22753, -33493.2109375]]], [[[-123.8533, 48.18449, -12511.544921875], [-123.86479, 48.18939, -12904.84765625], [-123.8664, 48.185, -12032.419921875], [-123.8533, 48.18449, -12511.544921875]]], [[[-123.83939, 48.15183, -7273.38818359375], [-123.83443, 48.14576, -6361.12646484375], [-123.82583, 48.14843, -7228.4765625], [-123.83939, 48.15183, -7273.38818359375]]], [[[-123.86479, 48.18939, -12904.84765625], [-123.87661, 48.19273, -13397.71875], [-123.87822, 48.18837, -12524.4833984375], [-123.86479, 48.18939, -12904.84765625]]], [[[-123.86479, 48.18939, -12904.84765625], [-123.86318, 48.19377, -13777.2744140625], [-123.87661, 48.19273, -13397.71875], [-123.86479, 48.18939, -12904.84765625]]], [[[-123.82719, 48.12107, -2168.497314453125], [-123.82368, 48.1155, -1345.4605712890625], [-123.8155, 48.11738, -2195.2353515625], [-123.82719, 48.12107, -2168.497314453125]]], [[[-123.85169, 48.18887, -13383.8349609375], [-123.86318, 48.19377, -13777.2744140625], [-123.86479, 48.18939, -12904.84765625], [-123.85169, 48.18887, -13383.8349609375]]], [[[-123.85008, 48.19326, -14256.1240234375], [-123.86318, 48.19377, -13777.2744140625], [-123.85169, 48.18887, -13383.8349609375], [-123.85008, 48.19326, -14256.1240234375]]], [[[-123.80323, 48.17244, -12719.931640625], [-123.80154, 48.1769, -13615.78515625], [-123.81493, 48.17788, -13110.9765625], [-123.80323, 48.17244, -12719.931640625]]], [[[-123.85008, 48.19326, -14256.1240234375], [-123.86158, 48.19815, -14649.701171875], [-123.86318, 48.19377, -13777.2744140625], [-123.85008, 48.19326, -14256.1240234375]]], [[[-123.43659, 48.22284, -33529.64453125], [-123.44184, 48.22807, -34351.453125], [-123.44998, 48.22539, -33511.78125], [-123.43659, 48.22284, -33529.64453125]]], [[[-123.85008, 48.19326, -14256.1240234375], [-123.84847, 48.19764, -15128.4150390625], [-123.86158, 48.19815, -14649.701171875], [-123.85008, 48.19326, -14256.1240234375]]], [[[-123.84847, 48.19764, -15128.4150390625], [-123.85997, 48.20253, -15522.1279296875], [-123.86158, 48.19815, -14649.701171875], [-123.84847, 48.19764, -15128.4150390625]]], [[[-123.84847, 48.19764, -15128.4150390625], [-123.84687, 48.20202, -16000.70703125], [-123.85997, 48.20253, -15522.1279296875], [-123.84847, 48.19764, -15128.4150390625]]], [[[-123.80323, 48.17244, -12719.931640625], [-123.81493, 48.17788, -13110.9765625], [-123.81651, 48.1734, -12218.08203125], [-123.80323, 48.17244, -12719.931640625]]], [[[-123.55018, 48.20989, -28364.177734375], [-123.55775, 48.20605, -27507.509765625], [-123.54411, 48.20509, -27528.923828125], [-123.55018, 48.20989, -28364.177734375]]], [[[-123.80951, 48.27744, -31562.4140625], [-123.80112, 48.27965, -32382.7734375], [-123.81355, 48.28324, -32354.787109375], [-123.80951, 48.27744, -31562.4140625]]], [[[-123.54437, 48.09486, -6413.27978515625], [-123.55329, 48.09132, -5595.6474609375], [-123.53833, 48.08951, -5570.53125], [-123.54437, 48.09486, -6413.27978515625]]], [[[-123.79701, 48.27421, -31558.70703125], [-123.80112, 48.27965, -32382.7734375], [-123.80951, 48.27744, -31562.4140625], [-123.79701, 48.27421, -31558.70703125]]], [[[-123.71076, 48.13937, -10855.5673828125], [-123.71762, 48.13615, -9954.37890625], [-123.7065, 48.13386, -10007.3916015625], [-123.71076, 48.13937, -10855.5673828125]]], [[[-123.85836, 48.20691, -16394.5546875], [-123.87019, 48.21021, -16890.662109375], [-123.8718, 48.20584, -16017.4267578125], [-123.85836, 48.20691, -16394.5546875]]], [[[-123.78843, 48.17576, -14133.1396484375], [-123.78682, 48.18014, -15005.5283203125], [-123.79994, 48.18126, -14489.388671875], [-123.78843, 48.17576, -14133.1396484375]]], [[[-123.85836, 48.20691, -16394.5546875], [-123.85676, 48.2113, -17266.98046875], [-123.87019, 48.21021, -16890.662109375], [-123.85836, 48.20691, -16394.5546875]]], [[[-123.27527, 48.18232, -31012.888671875], [-123.26383, 48.17965, -30472.740234375], [-123.26236, 48.18405, -31358.28125], [-123.27527, 48.18232, -31012.888671875]]], [[[-123.85836, 48.20691, -16394.5546875], [-123.84526, 48.20641, -16872.998046875], [-123.85676, 48.2113, -17266.98046875], [-123.85836, 48.20691, -16394.5546875]]], [[[-123.28563, 48.19238, -32897.9375], [-123.27845, 48.1962, -33743.5546875], [-123.29264, 48.19746, -33717.68359375], [-123.28563, 48.19238, -32897.9375]]], [[[-123.84526, 48.20641, -16872.998046875], [-123.85836, 48.20691, -16394.5546875], [-123.84687, 48.20202, -16000.70703125], [-123.84526, 48.20641, -16872.998046875]]], [[[-123.75524, 48.14889, -10696.513671875], [-123.76407, 48.14658, -9931.28515625], [-123.75283, 48.14392, -9864.4599609375], [-123.75524, 48.14889, -10696.513671875]]], [[[-123.83381, 48.20107, -16507.16796875], [-123.83221, 48.20544, -17380.400390625], [-123.84526, 48.20641, -16872.998046875], [-123.83381, 48.20107, -16507.16796875]]], [[[-123.82044, 48.20037, -16995.142578125], [-123.83221, 48.20544, -17380.400390625], [-123.83381, 48.20107, -16507.16796875], [-123.82044, 48.20037, -16995.142578125]]], [[[-123.83003, 48.17394, -11732.994140625], [-123.81958, 48.16862, -11203.052734375], [-123.81651, 48.1734, -12218.08203125], [-123.83003, 48.17394, -11732.994140625]]], [[[-123.81884, 48.20475, -17867.802734375], [-123.83221, 48.20544, -17380.400390625], [-123.82044, 48.20037, -16995.142578125], [-123.81884, 48.20475, -17867.802734375]]], [[[-123.34299, 48.19283, -31106.70703125], [-123.3296, 48.19066, -31117.126953125], [-123.33525, 48.19598, -31959.822265625], [-123.34299, 48.19283, -31106.70703125]]], [[[-123.81884, 48.20475, -17867.802734375], [-123.83061, 48.20981, -18253.6328125], [-123.83221, 48.20544, -17380.400390625], [-123.81884, 48.20475, -17867.802734375]]], [[[-123.54437, 48.09486, -6413.27978515625], [-123.53833, 48.08951, -5570.53125], [-123.52909, 48.09278, -6386.5556640625], [-123.54437, 48.09486, -6413.27978515625]]], [[[-123.81723, 48.20912, -18740.458984375], [-123.83061, 48.20981, -18253.6328125], [-123.81884, 48.20475, -17867.802734375], [-123.81723, 48.20912, -18740.458984375]]], [[[-123.9132, 48.16337, -7466.69970703125], [-123.92453, 48.16723, -7922.5625], [-123.92613, 48.16285, -7050.125], [-123.9132, 48.16337, -7466.69970703125]]], [[[-123.83061, 48.20981, -18253.6328125], [-123.81723, 48.20912, -18740.458984375], [-123.82901, 48.21418, -19126.86328125], [-123.83061, 48.20981, -18253.6328125]]], [[[-123.87876, 48.13423, -2199.235107421875], [-123.88698, 48.13184, -1397.8675537109375], [-123.87273, 48.12861, -1440.1396484375], [-123.87876, 48.13423, -2199.235107421875]]], [[[-123.83061, 48.20981, -18253.6328125], [-123.82901, 48.21418, -19126.86328125], [-123.84204, 48.21517, -18617.580078125], [-123.83061, 48.20981, -18253.6328125]]], [[[-123.2309, 48.20108, -34620.609375], [-123.23847, 48.19884, -34174.26171875], [-123.23251, 48.1967, -33746.171875], [-123.2309, 48.20108, -34620.609375]]], [[[-123.83061, 48.20981, -18253.6328125], [-123.84204, 48.21517, -18617.580078125], [-123.84365, 48.21079, -17745.2890625], [-123.83061, 48.20981, -18253.6328125]]], [[[-123.7731, 48.10256, -1400.8492431640625], [-123.76861, 48.09724, -584.0635375976562], [-123.76066, 48.09998, -1414.20654296875], [-123.7731, 48.10256, -1400.8492431640625]]], [[[-123.83221, 48.20544, -17380.400390625], [-123.84365, 48.21079, -17745.2890625], [-123.84526, 48.20641, -16872.998046875], [-123.83221, 48.20544, -17380.400390625]]], [[[-123.28563, 48.19238, -32897.9375], [-123.27193, 48.1918, -32913.4140625], [-123.27845, 48.1962, -33743.5546875], [-123.28563, 48.19238, -32897.9375]]], [[[-123.84365, 48.21079, -17745.2890625], [-123.85676, 48.2113, -17266.98046875], [-123.84526, 48.20641, -16872.998046875], [-123.84365, 48.21079, -17745.2890625]]], [[[-123.59045, 48.17515, -20868.880859375], [-123.5813, 48.17852, -21671.37890625], [-123.59724, 48.18019, -21683.626953125], [-123.59045, 48.17515, -20868.880859375]]], [[[-123.85676, 48.2113, -17266.98046875], [-123.84365, 48.21079, -17745.2890625], [-123.85515, 48.21568, -18139.408203125], [-123.85676, 48.2113, -17266.98046875]]], [[[-123.85676, 48.2113, -17266.98046875], [-123.85515, 48.21568, -18139.408203125], [-123.86859, 48.21458, -17763.8984375], [-123.85676, 48.2113, -17266.98046875]]], [[[-123.86859, 48.21458, -17763.8984375], [-123.88202, 48.21281, -17429.708984375], [-123.87019, 48.21021, -16890.662109375], [-123.86859, 48.21458, -17763.8984375]]], [[[-123.89366, 48.13567, -2048.087890625], [-123.90614, 48.13638, -2165.09619140625], [-123.9017, 48.133, -1423.1207275390625], [-123.89366, 48.13567, -2048.087890625]]], [[[-123.86698, 48.21895, -18637.134765625], [-123.88041, 48.21719, -18302.185546875], [-123.86859, 48.21458, -17763.8984375], [-123.86698, 48.21895, -18637.134765625]]], [[[-123.30609, 48.19953, -33697.41796875], [-123.31422, 48.19659, -32842.5546875], [-123.30039, 48.19418, -32869.38671875], [-123.30609, 48.19953, -33697.41796875]]], [[[-123.88041, 48.21719, -18302.185546875], [-123.86698, 48.21895, -18637.134765625], [-123.87881, 48.22157, -19174.66015625], [-123.88041, 48.21719, -18302.185546875]]], [[[-123.88041, 48.21719, -18302.185546875], [-123.87881, 48.22157, -19174.66015625], [-123.89215, 48.22031, -18808.259765625], [-123.88041, 48.21719, -18302.185546875]]], [[[-123.80474, 48.14732, -8176.1123046875], [-123.81275, 48.14519, -7293.73388671875], [-123.80054, 48.14135, -7304.91015625], [-123.80474, 48.14732, -8176.1123046875]]], [[[-123.88041, 48.21719, -18302.185546875], [-123.89215, 48.22031, -18808.259765625], [-123.89376, 48.21593, -17935.76171875], [-123.88041, 48.21719, -18302.185546875]]], [[[-123.87501, 48.1971, -14270.955078125], [-123.86318, 48.19377, -13777.2744140625], [-123.86158, 48.19815, -14649.701171875], [-123.87501, 48.1971, -14270.955078125]]], [[[-123.86318, 48.19377, -13777.2744140625], [-123.87501, 48.1971, -14270.955078125], [-123.87661, 48.19273, -13397.71875], [-123.86318, 48.19377, -13777.2744140625]]], [[[-123.88362, 48.20843, -16557.234375], [-123.89536, 48.21155, -17063.26171875], [-123.89696, 48.20717, -16190.7626953125], [-123.88362, 48.20843, -16557.234375]]], [[[-123.90852, 48.21106, -16646.853515625], [-123.90692, 48.21544, -17519.283203125], [-123.91933, 48.21628, -17012.796875], [-123.90852, 48.21106, -16646.853515625]]], [[[-123.89857, 48.20278, -15318.263671875], [-123.89696, 48.20717, -16190.7626953125], [-123.91013, 48.20667, -15774.4267578125], [-123.89857, 48.20278, -15318.263671875]]], [[[-123.88843, 48.19529, -13939.806640625], [-123.88683, 48.19967, -14812.2822265625], [-123.90017, 48.1984, -14445.7646484375], [-123.88843, 48.19529, -13939.806640625]]], [[[-123.87822, 48.18837, -12524.4833984375], [-123.87661, 48.19273, -13397.71875], [-123.89003, 48.1909, -13067.330078125], [-123.87822, 48.18837, -12524.4833984375]]], [[[-123.90337, 48.18964, -12700.7666015625], [-123.91493, 48.19353, -13157.142578125], [-123.91653, 48.18914, -12284.7138671875], [-123.90337, 48.18964, -12700.7666015625]]], [[[-123.91618, 48.15459, -5720.7314453125], [-123.92933, 48.15408, -5305.267578125], [-123.91778, 48.15021, -4848.236328125], [-123.91618, 48.15459, -5720.7314453125]]], [[[-123.90497, 48.18526, -11828.267578125], [-123.90337, 48.18964, -12700.7666015625], [-123.91653, 48.18914, -12284.7138671875], [-123.90497, 48.18526, -11828.267578125]]], [[[-123.90658, 48.18088, -10955.7685546875], [-123.89484, 48.17776, -10449.90234375], [-123.89324, 48.18214, -11322.37890625], [-123.90658, 48.18088, -10955.7685546875]]], [[[-123.90658, 48.18088, -10955.7685546875], [-123.91973, 48.18038, -10539.8583984375], [-123.90818, 48.1765, -10083.2685546875], [-123.90658, 48.18088, -10955.7685546875]]], [[[-123.91813, 48.18476, -11412.2861328125], [-123.91653, 48.18914, -12284.7138671875], [-123.92891, 48.19002, -11775.470703125], [-123.91813, 48.18476, -11412.2861328125]]], [[[-123.91973, 48.18038, -10539.8583984375], [-123.9305, 48.18564, -10902.583984375], [-123.9321, 48.18127, -10029.6962890625], [-123.91973, 48.18038, -10539.8583984375]]], [[[-123.9321, 48.18127, -10029.6962890625], [-123.94435, 48.18233, -9507.5107421875], [-123.93369, 48.17689, -9156.8076171875], [-123.9321, 48.18127, -10029.6962890625]]], [[[-123.79701, 48.27421, -31558.70703125], [-123.78824, 48.27656, -32368.845703125], [-123.80112, 48.27965, -32382.7734375], [-123.79701, 48.27421, -31558.70703125]]], [[[-123.92252, 48.20752, -15267.021484375], [-123.9331, 48.21308, -15609.4267578125], [-123.93471, 48.20869, -14737.724609375], [-123.92252, 48.20752, -15267.021484375]]], [[[-123.91013, 48.20667, -15774.4267578125], [-123.92252, 48.20752, -15267.021484375], [-123.91173, 48.20229, -14901.998046875], [-123.91013, 48.20667, -15774.4267578125]]], [[[-123.91933, 48.21628, -17012.796875], [-123.93149, 48.21748, -16481.12890625], [-123.92093, 48.2119, -16139.9091796875], [-123.91933, 48.21628, -17012.796875]]], [[[-123.88233, 48.29489, -33213.48046875], [-123.86975, 48.29258, -33139.23828125], [-123.87537, 48.29764, -33931.12109375], [-123.88233, 48.29489, -33213.48046875]]], [[[-123.89114, 48.29544, -32748.251953125], [-123.89426, 48.30089, -33483.16015625], [-123.90088, 48.30094, -33043.47265625], [-123.89114, 48.29544, -32748.251953125]]], [[[-123.8756, 48.23034, -20919.611328125], [-123.88734, 48.23345, -21425.7578125], [-123.88895, 48.22907, -20553.2578125], [-123.8756, 48.23034, -20919.611328125]]], [[[-123.88761, 48.30083, -33922.265625], [-123.88233, 48.29489, -33213.48046875], [-123.87537, 48.29764, -33931.12109375], [-123.88761, 48.30083, -33922.265625]]], [[[-123.90975, 48.24253, -22250.123046875], [-123.92023, 48.24823, -22583.044921875], [-123.92184, 48.24384, -21711.34375], [-123.90975, 48.24253, -22250.123046875]]], [[[-123.90655, 48.25128, -23995.8984375], [-123.90495, 48.25566, -24868.787109375], [-123.91701, 48.25702, -24326.44921875], [-123.90655, 48.25128, -23995.8984375]]], [[[-123.90335, 48.26003, -25741.673828125], [-123.91539, 48.26141, -25198.15234375], [-123.90495, 48.25566, -24868.787109375], [-123.90335, 48.26003, -25741.673828125]]], [[[-123.84567, 48.17029, -10327.46484375], [-123.85655, 48.17567, -10756.6982421875], [-123.85784, 48.17075, -9800.5], [-123.84567, 48.17029, -10327.46484375]]], [[[-123.88767, 48.26803, -27988.5625], [-123.88607, 48.27241, -28861.13671875], [-123.89855, 48.27317, -28359.818359375], [-123.88767, 48.26803, -27988.5625]]], [[[-123.86276, 48.26539, -27899.595703125], [-123.86115, 48.26977, -28772.4609375], [-123.8745, 48.2685, -28405.748046875], [-123.86276, 48.26539, -27899.595703125]]], [[[-123.81585, 48.26025, -28125.302734375], [-123.82015, 48.2666, -28999.69921875], [-123.82555, 48.26381, -28233.04296875], [-123.81585, 48.26025, -28125.302734375]]], [[[-123.81585, 48.26025, -28125.302734375], [-123.80942, 48.26345, -29049.408203125], [-123.82015, 48.2666, -28999.69921875], [-123.81585, 48.26025, -28125.302734375]]], [[[-123.79784, 48.26085, -29067.498046875], [-123.78539, 48.25769, -29050.419921875], [-123.78913, 48.26326, -29896.904296875], [-123.79784, 48.26085, -29067.498046875]]], [[[-123.79784, 48.26085, -29067.498046875], [-123.78913, 48.26326, -29896.904296875], [-123.80169, 48.26633, -29912.71875], [-123.79784, 48.26085, -29067.498046875]]], [[[-123.80942, 48.26345, -29049.408203125], [-123.79784, 48.26085, -29067.498046875], [-123.80169, 48.26633, -29912.71875], [-123.80942, 48.26345, -29049.408203125]]], [[[-123.82015, 48.2666, -28999.69921875], [-123.81307, 48.26919, -29882.93359375], [-123.8237, 48.27173, -29763.318359375], [-123.82015, 48.2666, -28999.69921875]]], [[[-123.83424, 48.26877, -28773.115234375], [-123.8237, 48.27173, -29763.318359375], [-123.8349, 48.27395, -29691.83984375], [-123.83424, 48.26877, -28773.115234375]]], [[[-123.83424, 48.26877, -28773.115234375], [-123.84764, 48.27137, -29115.21484375], [-123.8492, 48.267, -28242.75390625], [-123.83424, 48.26877, -28773.115234375]]], [[[-123.84764, 48.27137, -29115.21484375], [-123.86115, 48.26977, -28772.4609375], [-123.8492, 48.267, -28242.75390625], [-123.84764, 48.27137, -29115.21484375]]], [[[-123.86033, 48.27403, -29628.482421875], [-123.86115, 48.26977, -28772.4609375], [-123.84764, 48.27137, -29115.21484375], [-123.86033, 48.27403, -29628.482421875]]], [[[-123.86321, 48.27778, -30362.85546875], [-123.86033, 48.27403, -29628.482421875], [-123.85544, 48.27683, -30170.16015625], [-123.86321, 48.27778, -30362.85546875]]], [[[-123.86147, 48.28104, -31019.84375], [-123.86862, 48.28474, -31639.091796875], [-123.87141, 48.28129, -30930.296875], [-123.86147, 48.28104, -31019.84375]]], [[[-123.85052, 48.28117, -31039.01953125], [-123.84387, 48.28363, -31555.671875], [-123.85708, 48.28362, -31542.423828125], [-123.85052, 48.28117, -31039.01953125]]], [[[-123.85052, 48.28117, -31039.01953125], [-123.83988, 48.27919, -30690.6640625], [-123.84387, 48.28363, -31555.671875], [-123.85052, 48.28117, -31039.01953125]]], [[[-123.85052, 48.28117, -31039.01953125], [-123.85667, 48.2794, -30684.888671875], [-123.84931, 48.27853, -30511.078125], [-123.85052, 48.28117, -31039.01953125]]], [[[-123.84931, 48.27853, -30511.078125], [-123.84685, 48.27547, -29925.12109375], [-123.83988, 48.27919, -30690.6640625], [-123.84931, 48.27853, -30511.078125]]], [[[-123.84685, 48.27547, -29925.12109375], [-123.86033, 48.27403, -29628.482421875], [-123.84764, 48.27137, -29115.21484375], [-123.84685, 48.27547, -29925.12109375]]], [[[-123.83988, 48.27919, -30690.6640625], [-123.8349, 48.27395, -29691.83984375], [-123.82753, 48.27724, -30610.51171875], [-123.83988, 48.27919, -30690.6640625]]], [[[-123.84387, 48.28363, -31555.671875], [-123.83628, 48.28732, -32307.41015625], [-123.84912, 48.28759, -32321.765625], [-123.84387, 48.28363, -31555.671875]]], [[[-123.86357, 48.28811, -32361.482421875], [-123.85708, 48.28362, -31542.423828125], [-123.84912, 48.28759, -32321.765625], [-123.86357, 48.28811, -32361.482421875]]], [[[-123.86862, 48.28474, -31639.091796875], [-123.8791, 48.28982, -32347.78125], [-123.88208, 48.28556, -31458.076171875], [-123.86862, 48.28474, -31639.091796875]]], [[[-123.87141, 48.28129, -30930.296875], [-123.88208, 48.28556, -31458.076171875], [-123.88286, 48.28117, -30606.28515625], [-123.87141, 48.28129, -30930.296875]]], [[[-123.87141, 48.28129, -30930.296875], [-123.88286, 48.28117, -30606.28515625], [-123.87229, 48.27722, -30128.603515625], [-123.87141, 48.28129, -30930.296875]]], [[[-123.89206, 48.29067, -31850.88671875], [-123.90411, 48.29216, -31300.068359375], [-123.89373, 48.28631, -30977.6171875], [-123.89206, 48.29067, -31850.88671875]]], [[[-123.89206, 48.29067, -31850.88671875], [-123.9025, 48.29655, -32171.771484375], [-123.90411, 48.29216, -31300.068359375], [-123.89206, 48.29067, -31850.88671875]]], [[[-123.83939, 48.15183, -7273.38818359375], [-123.84988, 48.15491, -7324.248046875], [-123.8478, 48.14901, -6357.58447265625], [-123.83939, 48.15183, -7273.38818359375]]], [[[-123.83157, 48.28273, -31444.248046875], [-123.82498, 48.28595, -32315.66015625], [-123.83628, 48.28732, -32307.41015625], [-123.83157, 48.28273, -31444.248046875]]], [[[-123.80951, 48.27744, -31562.4140625], [-123.81355, 48.28324, -32354.787109375], [-123.82088, 48.28053, -31495.96484375], [-123.80951, 48.27744, -31562.4140625]]], [[[-123.78444, 48.27109, -31542.212890625], [-123.78824, 48.27656, -32368.845703125], [-123.79701, 48.27421, -31558.70703125], [-123.78444, 48.27109, -31542.212890625]]], [[[-123.78824, 48.27656, -32368.845703125], [-123.77985, 48.27898, -33194.81640625], [-123.7923, 48.282, -33190.01171875], [-123.78824, 48.27656, -32368.845703125]]], [[[-123.73805, 48.26305, -32421.169921875], [-123.72969, 48.26515, -33255.08203125], [-123.74227, 48.26891, -33219.6328125], [-123.73805, 48.26305, -32421.169921875]]], [[[-123.80169, 48.26633, -29912.71875], [-123.79315, 48.2688, -30724.595703125], [-123.80564, 48.2718, -30749.099609375], [-123.80169, 48.26633, -29912.71875]]], [[[-123.88208, 48.28556, -31458.076171875], [-123.8791, 48.28982, -32347.78125], [-123.89206, 48.29067, -31850.88671875], [-123.88208, 48.28556, -31458.076171875]]], [[[-123.89426, 48.30089, -33483.16015625], [-123.89927, 48.30534, -33915.17578125], [-123.90088, 48.30094, -33043.47265625], [-123.89426, 48.30089, -33483.16015625]]], [[[-123.80152, 48.25268, -27409.69140625], [-123.79351, 48.25514, -28212.576171875], [-123.80547, 48.25785, -28193.9765625], [-123.80152, 48.25268, -27409.69140625]]], [[[-123.8018, 48.24855, -26638.935546875], [-123.78942, 48.24927, -27326.78125], [-123.80152, 48.25268, -27409.69140625], [-123.8018, 48.24855, -26638.935546875]]], [[[-123.80285, 48.24427, -25806.59765625], [-123.8156, 48.24932, -26175.212890625], [-123.81747, 48.24478, -25257.03125], [-123.80285, 48.24427, -25806.59765625]]], [[[-123.80578, 48.2398, -24861.97265625], [-123.81747, 48.24478, -25257.03125], [-123.81929, 48.24042, -24374.185546875], [-123.80578, 48.2398, -24861.97265625]]], [[[-123.80578, 48.2398, -24861.97265625], [-123.81929, 48.24042, -24374.185546875], [-123.80758, 48.23542, -23980.955078125], [-123.80578, 48.2398, -24861.97265625]]], [[[-123.80758, 48.23542, -23980.955078125], [-123.81929, 48.24042, -24374.185546875], [-123.82097, 48.23604, -23495.732421875], [-123.80758, 48.23542, -23980.955078125]]], [[[-123.80758, 48.23542, -23980.955078125], [-123.82097, 48.23604, -23495.732421875], [-123.8092, 48.23104, -23108.220703125], [-123.80758, 48.23542, -23980.955078125]]], [[[-123.8092, 48.23104, -23108.220703125], [-123.82097, 48.23604, -23495.732421875], [-123.8226, 48.23166, -22619.7890625], [-123.8092, 48.23104, -23108.220703125]]], [[[-123.79729, 48.22604, -22720.875], [-123.8092, 48.23104, -23108.220703125], [-123.8108, 48.22664, -22231.095703125], [-123.79729, 48.22604, -22720.875]]], [[[-123.79887, 48.22162, -21840.509765625], [-123.79729, 48.22604, -22720.875], [-123.8108, 48.22664, -22231.095703125], [-123.79887, 48.22162, -21840.509765625]]], [[[-123.78565, 48.2206, -22355.330078125], [-123.79729, 48.22604, -22720.875], [-123.79887, 48.22162, -21840.509765625], [-123.78565, 48.2206, -22355.330078125]]], [[[-123.78565, 48.2206, -22355.330078125], [-123.79887, 48.22162, -21840.509765625], [-123.78713, 48.21617, -21478.181640625], [-123.78565, 48.2206, -22355.330078125]]], [[[-123.78713, 48.21617, -21478.181640625], [-123.79887, 48.22162, -21840.509765625], [-123.80048, 48.21725, -20967.560546875], [-123.78713, 48.21617, -21478.181640625]]], [[[-123.78713, 48.21617, -21478.181640625], [-123.80048, 48.21725, -20967.560546875], [-123.78874, 48.21181, -20604.638671875], [-123.78713, 48.21617, -21478.181640625]]], [[[-123.77551, 48.2108, -21111.388671875], [-123.78713, 48.21617, -21478.181640625], [-123.78874, 48.21181, -20604.638671875], [-123.77551, 48.2108, -21111.388671875]]], [[[-123.80209, 48.21287, -20094.6015625], [-123.78874, 48.21181, -20604.638671875], [-123.80048, 48.21725, -20967.560546875], [-123.80209, 48.21287, -20094.6015625]]], [[[-123.79034, 48.20745, -19731.029296875], [-123.80209, 48.21287, -20094.6015625], [-123.80369, 48.2085, -19221.646484375], [-123.79034, 48.20745, -19731.029296875]]], [[[-123.79034, 48.20745, -19731.029296875], [-123.80369, 48.2085, -19221.646484375], [-123.79194, 48.20308, -18857.423828125], [-123.79034, 48.20745, -19731.029296875]]], [[[-123.79194, 48.20308, -18857.423828125], [-123.80369, 48.2085, -19221.646484375], [-123.8053, 48.20413, -18348.6953125], [-123.79194, 48.20308, -18857.423828125]]], [[[-123.79194, 48.20308, -18857.423828125], [-123.8053, 48.20413, -18348.6953125], [-123.79354, 48.19872, -17983.8203125], [-123.79194, 48.20308, -18857.423828125]]], [[[-123.8053, 48.20413, -18348.6953125], [-123.80369, 48.2085, -19221.646484375], [-123.81723, 48.20912, -18740.458984375], [-123.8053, 48.20413, -18348.6953125]]], [[[-123.8053, 48.20413, -18348.6953125], [-123.81723, 48.20912, -18740.458984375], [-123.81884, 48.20475, -17867.802734375], [-123.8053, 48.20413, -18348.6953125]]], [[[-123.80369, 48.2085, -19221.646484375], [-123.81562, 48.2135, -19613.1171875], [-123.81723, 48.20912, -18740.458984375], [-123.80369, 48.2085, -19221.646484375]]], [[[-123.80369, 48.2085, -19221.646484375], [-123.80209, 48.21287, -20094.6015625], [-123.81562, 48.2135, -19613.1171875], [-123.80369, 48.2085, -19221.646484375]]], [[[-123.80209, 48.21287, -20094.6015625], [-123.81401, 48.21788, -20485.779296875], [-123.81562, 48.2135, -19613.1171875], [-123.80209, 48.21287, -20094.6015625]]], [[[-123.80209, 48.21287, -20094.6015625], [-123.80048, 48.21725, -20967.560546875], [-123.81401, 48.21788, -20485.779296875], [-123.80209, 48.21287, -20094.6015625]]], [[[-123.80048, 48.21725, -20967.560546875], [-123.81241, 48.22226, -21358.4375], [-123.81401, 48.21788, -20485.779296875], [-123.80048, 48.21725, -20967.560546875]]], [[[-123.80048, 48.21725, -20967.560546875], [-123.79887, 48.22162, -21840.509765625], [-123.81241, 48.22226, -21358.4375], [-123.80048, 48.21725, -20967.560546875]]], [[[-123.79887, 48.22162, -21840.509765625], [-123.8108, 48.22664, -22231.095703125], [-123.81241, 48.22226, -21358.4375], [-123.79887, 48.22162, -21840.509765625]]], [[[-123.8108, 48.22664, -22231.095703125], [-123.8226, 48.23166, -22619.7890625], [-123.8242, 48.22729, -21746.55859375], [-123.8108, 48.22664, -22231.095703125]]], [[[-123.8242, 48.22729, -21746.55859375], [-123.8226, 48.23166, -22619.7890625], [-123.8356, 48.23271, -22106.744140625], [-123.8242, 48.22729, -21746.55859375]]], [[[-123.8242, 48.22729, -21746.55859375], [-123.8356, 48.23271, -22106.744140625], [-123.83721, 48.22833, -21234.453125], [-123.8242, 48.22729, -21746.55859375]]], [[[-123.83721, 48.22833, -21234.453125], [-123.8258, 48.22292, -20873.326171875], [-123.8242, 48.22729, -21746.55859375], [-123.83721, 48.22833, -21234.453125]]], [[[-123.8258, 48.22292, -20873.326171875], [-123.83721, 48.22833, -21234.453125], [-123.83882, 48.22394, -20362.162109375], [-123.8258, 48.22292, -20873.326171875]]], [[[-123.81401, 48.21788, -20485.779296875], [-123.8258, 48.22292, -20873.326171875], [-123.8274, 48.21855, -20000.095703125], [-123.81401, 48.21788, -20485.779296875]]], [[[-123.81241, 48.22226, -21358.4375], [-123.8258, 48.22292, -20873.326171875], [-123.81401, 48.21788, -20485.779296875], [-123.81241, 48.22226, -21358.4375]]], [[[-123.81241, 48.22226, -21358.4375], [-123.8242, 48.22729, -21746.55859375], [-123.8258, 48.22292, -20873.326171875], [-123.81241, 48.22226, -21358.4375]]], [[[-123.81401, 48.21788, -20485.779296875], [-123.8274, 48.21855, -20000.095703125], [-123.81562, 48.2135, -19613.1171875], [-123.81401, 48.21788, -20485.779296875]]], [[[-123.81562, 48.2135, -19613.1171875], [-123.8274, 48.21855, -20000.095703125], [-123.82901, 48.21418, -19126.86328125], [-123.81562, 48.2135, -19613.1171875]]], [[[-123.81562, 48.2135, -19613.1171875], [-123.82901, 48.21418, -19126.86328125], [-123.81723, 48.20912, -18740.458984375], [-123.81562, 48.2135, -19613.1171875]]], [[[-123.82901, 48.21418, -19126.86328125], [-123.84043, 48.21956, -19489.87109375], [-123.84204, 48.21517, -18617.580078125], [-123.82901, 48.21418, -19126.86328125]]], [[[-123.84043, 48.21956, -19489.87109375], [-123.85354, 48.22006, -19011.833984375], [-123.84204, 48.21517, -18617.580078125], [-123.84043, 48.21956, -19489.87109375]]], [[[-123.84043, 48.21956, -19489.87109375], [-123.85193, 48.22444, -19884.259765625], [-123.85354, 48.22006, -19011.833984375], [-123.84043, 48.21956, -19489.87109375]]], [[[-123.83882, 48.22394, -20362.162109375], [-123.85193, 48.22444, -19884.259765625], [-123.84043, 48.21956, -19489.87109375], [-123.83882, 48.22394, -20362.162109375]]], [[[-123.83882, 48.22394, -20362.162109375], [-123.85032, 48.22882, -20756.6875], [-123.85193, 48.22444, -19884.259765625], [-123.83882, 48.22394, -20362.162109375]]], [[[-123.83721, 48.22833, -21234.453125], [-123.85032, 48.22882, -20756.6875], [-123.83882, 48.22394, -20362.162109375], [-123.83721, 48.22833, -21234.453125]]], [[[-123.83721, 48.22833, -21234.453125], [-123.84872, 48.2332, -21629.11328125], [-123.85032, 48.22882, -20756.6875], [-123.83721, 48.22833, -21234.453125]]], [[[-123.8356, 48.23271, -22106.744140625], [-123.84711, 48.23759, -22501.541015625], [-123.84872, 48.2332, -21629.11328125], [-123.8356, 48.23271, -22106.744140625]]], [[[-123.83398, 48.23709, -22979.03515625], [-123.84711, 48.23759, -22501.541015625], [-123.8356, 48.23271, -22106.744140625], [-123.83398, 48.23709, -22979.03515625]]], [[[-123.87195, 48.15748, -6753.00439453125], [-123.88431, 48.15747, -6424.88916015625], [-123.87483, 48.1537, -5933.80419921875], [-123.87195, 48.15748, -6753.00439453125]]], [[[-123.83233, 48.24149, -23855.98046875], [-123.84387, 48.24637, -24251.05078125], [-123.8455, 48.24197, -23373.966796875], [-123.83233, 48.24149, -23855.98046875]]], [[[-123.83067, 48.24588, -24731.2109375], [-123.84387, 48.24637, -24251.05078125], [-123.83233, 48.24149, -23855.98046875], [-123.83067, 48.24588, -24731.2109375]]], [[[-123.84387, 48.24637, -24251.05078125], [-123.83067, 48.24588, -24731.2109375], [-123.84222, 48.25074, -25123.681640625], [-123.84387, 48.24637, -24251.05078125]]], [[[-123.84387, 48.24637, -24251.05078125], [-123.84222, 48.25074, -25123.681640625], [-123.85572, 48.24955, -24753.81640625], [-123.84387, 48.24637, -24251.05078125]]], [[[-123.8455, 48.24197, -23373.966796875], [-123.84387, 48.24637, -24251.05078125], [-123.85734, 48.24516, -23876.548828125], [-123.8455, 48.24197, -23373.966796875]]], [[[-123.8455, 48.24197, -23373.966796875], [-123.85734, 48.24516, -23876.548828125], [-123.85894, 48.24079, -23003.314453125], [-123.8455, 48.24197, -23373.966796875]]], [[[-123.84711, 48.23759, -22501.541015625], [-123.8455, 48.24197, -23373.966796875], [-123.85894, 48.24079, -23003.314453125], [-123.84711, 48.23759, -22501.541015625]]], [[[-123.86055, 48.23642, -22130.078125], [-123.84872, 48.2332, -21629.11328125], [-123.84711, 48.23759, -22501.541015625], [-123.86055, 48.23642, -22130.078125]]], [[[-123.85032, 48.22882, -20756.6875], [-123.86216, 48.23206, -21256.841796875], [-123.86377, 48.22769, -20383.60546875], [-123.85032, 48.22882, -20756.6875]]], [[[-123.85193, 48.22444, -19884.259765625], [-123.85032, 48.22882, -20756.6875], [-123.86377, 48.22769, -20383.60546875], [-123.85193, 48.22444, -19884.259765625]]], [[[-123.77739, 48.10777, -2238.94775390625], [-123.78635, 48.10498, -1472.52685546875], [-123.7731, 48.10256, -1400.8492431640625], [-123.77739, 48.10777, -2238.94775390625]]], [[[-123.86537, 48.22332, -19510.37109375], [-123.85354, 48.22006, -19011.833984375], [-123.85193, 48.22444, -19884.259765625], [-123.86537, 48.22332, -19510.37109375]]], [[[-123.85354, 48.22006, -19011.833984375], [-123.86537, 48.22332, -19510.37109375], [-123.86698, 48.21895, -18637.134765625], [-123.85354, 48.22006, -19011.833984375]]], [[[-123.85515, 48.21568, -18139.408203125], [-123.85354, 48.22006, -19011.833984375], [-123.86698, 48.21895, -18637.134765625], [-123.85515, 48.21568, -18139.408203125]]], [[[-123.78984, 48.17113, -13223.326171875], [-123.80323, 48.17244, -12719.931640625], [-123.79231, 48.1667, -12306.3583984375], [-123.78984, 48.17113, -13223.326171875]]], [[[-123.85515, 48.21568, -18139.408203125], [-123.84204, 48.21517, -18617.580078125], [-123.85354, 48.22006, -19011.833984375], [-123.85515, 48.21568, -18139.408203125]]], [[[-123.84204, 48.21517, -18617.580078125], [-123.85515, 48.21568, -18139.408203125], [-123.84365, 48.21079, -17745.2890625], [-123.84204, 48.21517, -18617.580078125]]], [[[-123.85515, 48.21568, -18139.408203125], [-123.86698, 48.21895, -18637.134765625], [-123.86859, 48.21458, -17763.8984375], [-123.85515, 48.21568, -18139.408203125]]], [[[-123.86537, 48.22332, -19510.37109375], [-123.8772, 48.22596, -20047.13671875], [-123.87881, 48.22157, -19174.66015625], [-123.86537, 48.22332, -19510.37109375]]], [[[-123.86377, 48.22769, -20383.60546875], [-123.8772, 48.22596, -20047.13671875], [-123.86537, 48.22332, -19510.37109375], [-123.86377, 48.22769, -20383.60546875]]], [[[-123.86377, 48.22769, -20383.60546875], [-123.8756, 48.23034, -20919.611328125], [-123.8772, 48.22596, -20047.13671875], [-123.86377, 48.22769, -20383.60546875]]], [[[-123.86216, 48.23206, -21256.841796875], [-123.8756, 48.23034, -20919.611328125], [-123.86377, 48.22769, -20383.60546875], [-123.86216, 48.23206, -21256.841796875]]], [[[-123.8772, 48.22596, -20047.13671875], [-123.8756, 48.23034, -20919.611328125], [-123.88895, 48.22907, -20553.2578125], [-123.8772, 48.22596, -20047.13671875]]], [[[-123.89055, 48.22469, -19680.759765625], [-123.87881, 48.22157, -19174.66015625], [-123.8772, 48.22596, -20047.13671875], [-123.89055, 48.22469, -19680.759765625]]], [[[-123.89055, 48.22469, -19680.759765625], [-123.90372, 48.2242, -19264.138671875], [-123.89215, 48.22031, -18808.259765625], [-123.89055, 48.22469, -19680.759765625]]], [[[-123.90372, 48.2242, -19264.138671875], [-123.91454, 48.2294, -19631.458984375], [-123.91614, 48.22503, -18758.572265625], [-123.90372, 48.2242, -19264.138671875]]], [[[-123.90532, 48.21982, -18391.7109375], [-123.90372, 48.2242, -19264.138671875], [-123.91614, 48.22503, -18758.572265625], [-123.90532, 48.21982, -18391.7109375]]], [[[-123.90532, 48.21982, -18391.7109375], [-123.89215, 48.22031, -18808.259765625], [-123.90372, 48.2242, -19264.138671875], [-123.90532, 48.21982, -18391.7109375]]], [[[-123.89215, 48.22031, -18808.259765625], [-123.90532, 48.21982, -18391.7109375], [-123.89376, 48.21593, -17935.76171875], [-123.89215, 48.22031, -18808.259765625]]], [[[-123.90692, 48.21544, -17519.283203125], [-123.91773, 48.22065, -17885.68359375], [-123.91933, 48.21628, -17012.796875], [-123.90692, 48.21544, -17519.283203125]]], [[[-123.79429, 48.10267, -634.037109375], [-123.80685, 48.1063, -604.5048217773438], [-123.80256, 48.10086, 203.88063049316406], [-123.79429, 48.10267, -634.037109375]]], [[[-123.90532, 48.21982, -18391.7109375], [-123.91614, 48.22503, -18758.572265625], [-123.91773, 48.22065, -17885.68359375], [-123.90532, 48.21982, -18391.7109375]]], [[[-123.90211, 48.22859, -20136.56640625], [-123.88895, 48.22907, -20553.2578125], [-123.90051, 48.23297, -21008.994140625], [-123.90211, 48.22859, -20136.56640625]]], [[[-123.88141, 48.1263, -630.2671508789062], [-123.89595, 48.1286, -640.8634033203125], [-123.88995, 48.12399, 169.48489379882812], [-123.88141, 48.1263, -630.2671508789062]]], [[[-123.85734, 48.24516, -23876.548828125], [-123.86918, 48.24786, -24409.51171875], [-123.87078, 48.24348, -23537.037109375], [-123.85734, 48.24516, -23876.548828125]]], [[[-123.85572, 48.24955, -24753.81640625], [-123.86757, 48.25224, -25281.98828125], [-123.86918, 48.24786, -24409.51171875], [-123.85572, 48.24955, -24753.81640625]]], [[[-123.84652, 48.13496, -3869.340576171875], [-123.85486, 48.13258, -3021.52490234375], [-123.84249, 48.12951, -3035.28662109375], [-123.84652, 48.13496, -3869.340576171875]]], [[[-123.85411, 48.25389, -25622.294921875], [-123.86757, 48.25224, -25281.98828125], [-123.85572, 48.24955, -24753.81640625], [-123.85411, 48.25389, -25622.294921875]]], [[[-123.85543, 48.11931, -585.8387451171875], [-123.86881, 48.12312, -621.3745727539062], [-123.86478, 48.11762, 190.00799560546875], [-123.85543, 48.11931, -585.8387451171875]]], [[[-123.85411, 48.25389, -25622.294921875], [-123.86597, 48.25662, -26153.619140625], [-123.86757, 48.25224, -25281.98828125], [-123.85411, 48.25389, -25622.294921875]]], [[[-123.88698, 48.13184, -1397.8675537109375], [-123.88141, 48.1263, -630.2671508789062], [-123.87273, 48.12861, -1440.1396484375], [-123.88698, 48.13184, -1397.8675537109375]]], [[[-123.85244, 48.25826, -26495.228515625], [-123.86597, 48.25662, -26153.619140625], [-123.85411, 48.25389, -25622.294921875], [-123.85244, 48.25826, -26495.228515625]]], [[[-123.86881, 48.12312, -621.3745727539062], [-123.87734, 48.12084, 187.1415252685547], [-123.86478, 48.11762, 190.00799560546875], [-123.86881, 48.12312, -621.3745727539062]]], [[[-123.86597, 48.25662, -26153.619140625], [-123.85244, 48.25826, -26495.228515625], [-123.86436, 48.26101, -27026.958984375], [-123.86597, 48.25662, -26153.619140625]]], [[[-123.81526, 48.10383, 204.76303100585938], [-123.81911, 48.10959, -588.4508056640625], [-123.82732, 48.10777, 252.50611877441406], [-123.81526, 48.10383, 204.76303100585938]]], [[[-123.86597, 48.25662, -26153.619140625], [-123.86436, 48.26101, -27026.958984375], [-123.87771, 48.25974, -26660.75], [-123.86597, 48.25662, -26153.619140625]]], [[[-123.85486, 48.13258, -3021.52490234375], [-123.8639, 48.13063, -2213.802978515625], [-123.85083, 48.12695, -2201.419921875], [-123.85486, 48.13258, -3021.52490234375]]], [[[-123.86918, 48.24786, -24409.51171875], [-123.88092, 48.25098, -24915.751953125], [-123.88253, 48.2466, -24043.25390625], [-123.86918, 48.24786, -24409.51171875]]], [[[-123.8386, 48.12412, -2204.548828125], [-123.85083, 48.12695, -2201.419921875], [-123.84692, 48.1215, -1376.2012939453125], [-123.8386, 48.12412, -2204.548828125]]], [[[-123.87932, 48.25536, -25788.251953125], [-123.89249, 48.25488, -25371.134765625], [-123.88092, 48.25098, -24915.751953125], [-123.87932, 48.25536, -25788.251953125]]], [[[-123.8386, 48.12412, -2204.548828125], [-123.82719, 48.12107, -2168.497314453125], [-123.83018, 48.12648, -3017.937255859375], [-123.8386, 48.12412, -2204.548828125]]], [[[-123.87932, 48.25536, -25788.251953125], [-123.89088, 48.25926, -26243.5625], [-123.89249, 48.25488, -25371.134765625], [-123.87932, 48.25536, -25788.251953125]]], [[[-123.87273, 48.12861, -1440.1396484375], [-123.86881, 48.12312, -621.3745727539062], [-123.85938, 48.12492, -1405.602783203125], [-123.87273, 48.12861, -1440.1396484375]]], [[[-123.87771, 48.25974, -26660.75], [-123.88928, 48.26365, -27115.990234375], [-123.89088, 48.25926, -26243.5625], [-123.87771, 48.25974, -26660.75]]], [[[-123.8319, 48.11327, -525.3228149414062], [-123.82368, 48.1155, -1345.4605712890625], [-123.83563, 48.11875, -1352.5977783203125], [-123.8319, 48.11327, -525.3228149414062]]], [[[-123.87611, 48.26412, -27533.25], [-123.88767, 48.26803, -27988.5625], [-123.88928, 48.26365, -27115.990234375], [-123.87611, 48.26412, -27533.25]]], [[[-123.89595, 48.1286, -640.8634033203125], [-123.90316, 48.12494, 175.9596710205078], [-123.88995, 48.12399, 169.48489379882812], [-123.89595, 48.1286, -640.8634033203125]]], [[[-123.88928, 48.26365, -27115.990234375], [-123.88767, 48.26803, -27988.5625], [-123.90015, 48.26879, -27487.216796875], [-123.88928, 48.26365, -27115.990234375]]], [[[-123.88928, 48.26365, -27115.990234375], [-123.90015, 48.26879, -27487.216796875], [-123.90175, 48.26441, -26614.5625], [-123.88928, 48.26365, -27115.990234375]]], [[[-123.89088, 48.25926, -26243.5625], [-123.88928, 48.26365, -27115.990234375], [-123.90175, 48.26441, -26614.5625], [-123.89088, 48.25926, -26243.5625]]], [[[-123.82368, 48.1155, -1345.4605712890625], [-123.8319, 48.11327, -525.3228149414062], [-123.81911, 48.10959, -588.4508056640625], [-123.82368, 48.1155, -1345.4605712890625]]], [[[-123.89249, 48.25488, -25371.134765625], [-123.89088, 48.25926, -26243.5625], [-123.90335, 48.26003, -25741.673828125], [-123.89249, 48.25488, -25371.134765625]]], [[[-123.89249, 48.25488, -25371.134765625], [-123.90335, 48.26003, -25741.673828125], [-123.90495, 48.25566, -24868.787109375], [-123.89249, 48.25488, -25371.134765625]]], [[[-123.78217, 48.09993, -629.4319458007812], [-123.79429, 48.10267, -634.037109375], [-123.7905, 48.09692, 161.5089569091797], [-123.78217, 48.09993, -629.4319458007812]]], [[[-123.86436, 48.26101, -27026.958984375], [-123.87611, 48.26412, -27533.25], [-123.87771, 48.25974, -26660.75], [-123.86436, 48.26101, -27026.958984375]]], [[[-123.85543, 48.11931, -585.8387451171875], [-123.86478, 48.11762, 190.00799560546875], [-123.85257, 48.11389, 258.9194641113281], [-123.85543, 48.11931, -585.8387451171875]]], [[[-123.86436, 48.26101, -27026.958984375], [-123.86276, 48.26539, -27899.595703125], [-123.87611, 48.26412, -27533.25], [-123.86436, 48.26101, -27026.958984375]]], [[[-123.81897, 48.1232, -3006.679931640625], [-123.82719, 48.12107, -2168.497314453125], [-123.8155, 48.11738, -2195.2353515625], [-123.81897, 48.1232, -3006.679931640625]]], [[[-123.83871, 48.25941, -26864.490234375], [-123.85081, 48.26263, -27369.212890625], [-123.85244, 48.25826, -26495.228515625], [-123.83871, 48.25941, -26864.490234375]]], [[[-123.83391, 48.13199, -3850.972900390625], [-123.84249, 48.12951, -3035.28662109375], [-123.83018, 48.12648, -3017.937255859375], [-123.83391, 48.13199, -3850.972900390625]]], [[[-123.83871, 48.25941, -26864.490234375], [-123.83711, 48.2639, -27756.23828125], [-123.85081, 48.26263, -27369.212890625], [-123.83871, 48.25941, -26864.490234375]]], [[[-123.84249, 48.12951, -3035.28662109375], [-123.85083, 48.12695, -2201.419921875], [-123.8386, 48.12412, -2204.548828125], [-123.84249, 48.12951, -3035.28662109375]]], [[[-123.82543, 48.25897, -27355.376953125], [-123.83871, 48.25941, -26864.490234375], [-123.8266, 48.25457, -26500.24609375], [-123.82543, 48.25897, -27355.376953125]]], [[[-123.81347, 48.25437, -27198.619140625], [-123.80547, 48.25785, -28193.9765625], [-123.81585, 48.26025, -28125.302734375], [-123.81347, 48.25437, -27198.619140625]]], [[[-123.84362, 48.11613, -525.4747924804688], [-123.85257, 48.11389, 258.9194641113281], [-123.83998, 48.11077, 306.7193298339844], [-123.84362, 48.11613, -525.4747924804688]]], [[[-123.80152, 48.25268, -27409.69140625], [-123.80547, 48.25785, -28193.9765625], [-123.81347, 48.25437, -27198.619140625], [-123.80152, 48.25268, -27409.69140625]]], [[[-123.82555, 48.26381, -28233.04296875], [-123.82543, 48.25897, -27355.376953125], [-123.81585, 48.26025, -28125.302734375], [-123.82555, 48.26381, -28233.04296875]]], [[[-123.84692, 48.1215, -1376.2012939453125], [-123.85543, 48.11931, -585.8387451171875], [-123.84362, 48.11613, -525.4747924804688], [-123.84692, 48.1215, -1376.2012939453125]]], [[[-123.82543, 48.25897, -27355.376953125], [-123.82555, 48.26381, -28233.04296875], [-123.83711, 48.2639, -27756.23828125], [-123.82543, 48.25897, -27355.376953125]]], [[[-123.8156, 48.24932, -26175.212890625], [-123.81347, 48.25437, -27198.619140625], [-123.8266, 48.25457, -26500.24609375], [-123.8156, 48.24932, -26175.212890625]]], [[[-123.8156, 48.24932, -26175.212890625], [-123.8266, 48.25457, -26500.24609375], [-123.82887, 48.25022, -25604.58203125], [-123.8156, 48.24932, -26175.212890625]]], [[[-123.85486, 48.13258, -3021.52490234375], [-123.85083, 48.12695, -2201.419921875], [-123.84249, 48.12951, -3035.28662109375], [-123.85486, 48.13258, -3021.52490234375]]], [[[-123.81747, 48.24478, -25257.03125], [-123.8156, 48.24932, -26175.212890625], [-123.82887, 48.25022, -25604.58203125], [-123.81747, 48.24478, -25257.03125]]], [[[-123.78217, 48.09993, -629.4319458007812], [-123.7905, 48.09692, 161.5089569091797], [-123.77742, 48.09487, 194.7131805419922], [-123.78217, 48.09993, -629.4319458007812]]], [[[-123.81747, 48.24478, -25257.03125], [-123.82887, 48.25022, -25604.58203125], [-123.83067, 48.24588, -24731.2109375], [-123.81747, 48.24478, -25257.03125]]], [[[-123.81929, 48.24042, -24374.185546875], [-123.81747, 48.24478, -25257.03125], [-123.83067, 48.24588, -24731.2109375], [-123.81929, 48.24042, -24374.185546875]]], [[[-123.84362, 48.11613, -525.4747924804688], [-123.85543, 48.11931, -585.8387451171875], [-123.85257, 48.11389, 258.9194641113281], [-123.84362, 48.11613, -525.4747924804688]]], [[[-123.81929, 48.24042, -24374.185546875], [-123.83067, 48.24588, -24731.2109375], [-123.83233, 48.24149, -23855.98046875], [-123.81929, 48.24042, -24374.185546875]]], [[[-123.85938, 48.12492, -1405.602783203125], [-123.85083, 48.12695, -2201.419921875], [-123.8639, 48.13063, -2213.802978515625], [-123.85938, 48.12492, -1405.602783203125]]], [[[-123.83233, 48.24149, -23855.98046875], [-123.82097, 48.23604, -23495.732421875], [-123.81929, 48.24042, -24374.185546875], [-123.83233, 48.24149, -23855.98046875]]], [[[-123.8226, 48.23166, -22619.7890625], [-123.82097, 48.23604, -23495.732421875], [-123.83398, 48.23709, -22979.03515625], [-123.8226, 48.23166, -22619.7890625]]], [[[-123.82887, 48.25022, -25604.58203125], [-123.84222, 48.25074, -25123.681640625], [-123.83067, 48.24588, -24731.2109375], [-123.82887, 48.25022, -25604.58203125]]], [[[-123.82887, 48.25022, -25604.58203125], [-123.84045, 48.25509, -25996.236328125], [-123.84222, 48.25074, -25123.681640625], [-123.82887, 48.25022, -25604.58203125]]], [[[-123.8266, 48.25457, -26500.24609375], [-123.84045, 48.25509, -25996.236328125], [-123.82887, 48.25022, -25604.58203125], [-123.8266, 48.25457, -26500.24609375]]], [[[-123.8266, 48.25457, -26500.24609375], [-123.83871, 48.25941, -26864.490234375], [-123.84045, 48.25509, -25996.236328125], [-123.8266, 48.25457, -26500.24609375]]], [[[-123.86881, 48.12312, -621.3745727539062], [-123.88141, 48.1263, -630.2671508789062], [-123.87734, 48.12084, 187.1415252685547], [-123.86881, 48.12312, -621.3745727539062]]], [[[-123.84045, 48.25509, -25996.236328125], [-123.83871, 48.25941, -26864.490234375], [-123.85244, 48.25826, -26495.228515625], [-123.84045, 48.25509, -25996.236328125]]], [[[-123.94148, 48.13131, -667.3129272460938], [-123.95007, 48.12995, 157.83314514160156], [-123.93808, 48.12624, 197.7350311279297], [-123.94148, 48.13131, -667.3129272460938]]], [[[-123.84045, 48.25509, -25996.236328125], [-123.85244, 48.25826, -26495.228515625], [-123.85411, 48.25389, -25622.294921875], [-123.84045, 48.25509, -25996.236328125]]], [[[-123.84222, 48.25074, -25123.681640625], [-123.84045, 48.25509, -25996.236328125], [-123.85411, 48.25389, -25622.294921875], [-123.84222, 48.25074, -25123.681640625]]], [[[-123.8319, 48.11327, -525.3228149414062], [-123.84362, 48.11613, -525.4747924804688], [-123.83998, 48.11077, 306.7193298339844], [-123.8319, 48.11327, -525.3228149414062]]], [[[-123.84222, 48.25074, -25123.681640625], [-123.85411, 48.25389, -25622.294921875], [-123.85572, 48.24955, -24753.81640625], [-123.84222, 48.25074, -25123.681640625]]], [[[-123.53833, 48.08951, -5570.53125], [-123.55329, 48.09132, -5595.6474609375], [-123.54734, 48.0865, -4745.94970703125], [-123.53833, 48.08951, -5570.53125]]], [[[-123.8274, 48.21855, -20000.095703125], [-123.83882, 48.22394, -20362.162109375], [-123.84043, 48.21956, -19489.87109375], [-123.8274, 48.21855, -20000.095703125]]], [[[-123.92572, 48.19877, -13521.24609375], [-123.93631, 48.2043, -13866.0224609375], [-123.93792, 48.1999, -12994.3203125], [-123.92572, 48.19877, -13521.24609375]]], [[[-123.91493, 48.19353, -13157.142578125], [-123.92731, 48.19439, -12648.3583984375], [-123.91653, 48.18914, -12284.7138671875], [-123.91493, 48.19353, -13157.142578125]]], [[[-123.92891, 48.19002, -11775.470703125], [-123.91653, 48.18914, -12284.7138671875], [-123.92731, 48.19439, -12648.3583984375], [-123.92891, 48.19002, -11775.470703125]]], [[[-123.3033, 48.02954, -333.58984375], [-123.30842, 48.026, 384.7008361816406], [-123.295, 48.026, 356.93499755859375], [-123.3033, 48.02954, -333.58984375]]], [[[-123.93369, 48.17689, -9156.8076171875], [-123.94435, 48.18233, -9507.5107421875], [-123.94595, 48.17794, -8635.80859375], [-123.93369, 48.17689, -9156.8076171875]]], [[[-123.82044, 48.20037, -16995.142578125], [-123.83381, 48.20107, -16507.16796875], [-123.82205, 48.19599, -16122.484375], [-123.82044, 48.20037, -16995.142578125]]], [[[-123.31347, 48.04485, -3309.862060546875], [-123.30023, 48.04626, -3669.39501953125], [-123.31187, 48.0492, -4186.416015625], [-123.31347, 48.04485, -3309.862060546875]]], [[[-123.78521, 48.18452, -15877.9208984375], [-123.79834, 48.18563, -15362.9970703125], [-123.78682, 48.18014, -15005.5283203125], [-123.78521, 48.18452, -15877.9208984375]]], [[[-123.54778, 48.10829, -8955.8876953125], [-123.55664, 48.10472, -8155.8828125], [-123.54106, 48.10336, -8114.52783203125], [-123.54778, 48.10829, -8955.8876953125]]], [[[-123.77351, 48.17949, -15490.1298828125], [-123.78521, 48.18452, -15877.9208984375], [-123.78682, 48.18014, -15005.5283203125], [-123.77351, 48.17949, -15490.1298828125]]], [[[-123.53833, 48.08951, -5570.53125], [-123.54734, 48.0865, -4745.94970703125], [-123.53253, 48.08439, -4716.04736328125], [-123.53833, 48.08951, -5570.53125]]], [[[-123.77351, 48.17949, -15490.1298828125], [-123.78682, 48.18014, -15005.5283203125], [-123.77512, 48.17511, -14617.3564453125], [-123.77351, 48.17949, -15490.1298828125]]], [[[-123.41983, 48.0561, -2719.58203125], [-123.4151, 48.05103, -1882.547607421875], [-123.40786, 48.0544, -2722.004150390625], [-123.41983, 48.0561, -2719.58203125]]], [[[-123.77512, 48.17511, -14617.3564453125], [-123.78682, 48.18014, -15005.5283203125], [-123.78843, 48.17576, -14133.1396484375], [-123.77512, 48.17511, -14617.3564453125]]], [[[-123.53183, 48.10625, -8921.7490234375], [-123.54778, 48.10829, -8955.8876953125], [-123.54106, 48.10336, -8114.52783203125], [-123.53183, 48.10625, -8921.7490234375]]], [[[-123.77512, 48.17511, -14617.3564453125], [-123.78843, 48.17576, -14133.1396484375], [-123.77663, 48.17054, -13716.28125], [-123.77512, 48.17511, -14617.3564453125]]], [[[-123.77663, 48.17054, -13716.28125], [-123.78843, 48.17576, -14133.1396484375], [-123.78984, 48.17113, -13223.326171875], [-123.77663, 48.17054, -13716.28125]]], [[[-123.77739, 48.16497, -12685.140625], [-123.77663, 48.17054, -13716.28125], [-123.78984, 48.17113, -13223.326171875], [-123.77739, 48.16497, -12685.140625]]], [[[-123.53183, 48.10625, -8921.7490234375], [-123.54106, 48.10336, -8114.52783203125], [-123.52587, 48.10121, -8064.40771484375], [-123.53183, 48.10625, -8921.7490234375]]], [[[-123.77739, 48.16497, -12685.140625], [-123.78984, 48.17113, -13223.326171875], [-123.79231, 48.1667, -12306.3583984375], [-123.77739, 48.16497, -12685.140625]]], [[[-123.52909, 48.09278, -6386.5556640625], [-123.52344, 48.08788, -5492.81396484375], [-123.51398, 48.0912, -6298.208984375], [-123.52909, 48.09278, -6386.5556640625]]], [[[-123.78194, 48.16089, -11689.453125], [-123.77739, 48.16497, -12685.140625], [-123.79231, 48.1667, -12306.3583984375], [-123.78194, 48.16089, -11689.453125]]], [[[-123.77069, 48.15731, -11734.27734375], [-123.77739, 48.16497, -12685.140625], [-123.78194, 48.16089, -11689.453125], [-123.77069, 48.15731, -11734.27734375]]], [[[-123.3033, 48.02954, -333.58984375], [-123.295, 48.026, 356.93499755859375], [-123.2934, 48.03038, -517.5036010742188], [-123.3033, 48.02954, -333.58984375]]], [[[-123.75827, 48.15383, -11491.6826171875], [-123.76179, 48.15949, -12431.9892578125], [-123.77069, 48.15731, -11734.27734375], [-123.75827, 48.15383, -11491.6826171875]]], [[[-123.64265, 48.09682, -4769.25732421875], [-123.65546, 48.09799, -4787.865234375], [-123.65018, 48.09313, -3940.23486328125], [-123.64265, 48.09682, -4769.25732421875]]], [[[-123.75008, 48.15515, -12057.822265625], [-123.76179, 48.15949, -12431.9892578125], [-123.75827, 48.15383, -11491.6826171875], [-123.75008, 48.15515, -12057.822265625]]], [[[-123.74762, 48.15062, -11309.427734375], [-123.75008, 48.15515, -12057.822265625], [-123.75827, 48.15383, -11491.6826171875], [-123.74762, 48.15062, -11309.427734375]]], [[[-123.37299, 48.1331, -18777.625], [-123.38668, 48.13324, -18326.35546875], [-123.37457, 48.12874, -17902.232421875], [-123.37299, 48.1331, -18777.625]]], [[[-123.75008, 48.15515, -12057.822265625], [-123.74762, 48.15062, -11309.427734375], [-123.73816, 48.15241, -12047.640625], [-123.75008, 48.15515, -12057.822265625]]], [[[-123.73816, 48.15241, -12047.640625], [-123.74762, 48.15062, -11309.427734375], [-123.73976, 48.14847, -11252.09765625], [-123.73816, 48.15241, -12047.640625]]], [[[-123.73816, 48.15241, -12047.640625], [-123.73976, 48.14847, -11252.09765625], [-123.72836, 48.14721, -11534.935546875], [-123.73816, 48.15241, -12047.640625]]], [[[-123.37299, 48.1331, -18777.625], [-123.36109, 48.12831, -18372.97265625], [-123.35951, 48.13268, -19248.228515625], [-123.37299, 48.1331, -18777.625]]], [[[-123.72225, 48.15051, -12383.7783203125], [-123.73816, 48.15241, -12047.640625], [-123.72836, 48.14721, -11534.935546875], [-123.72225, 48.15051, -12383.7783203125]]], [[[-123.72225, 48.15051, -12383.7783203125], [-123.72836, 48.14721, -11534.935546875], [-123.71516, 48.14507, -11693.8388671875], [-123.72225, 48.15051, -12383.7783203125]]], [[[-123.40978, 48.046, -1075.1285400390625], [-123.41765, 48.04299, -279.5429992675781], [-123.40483, 48.04049, -280.32427978515625], [-123.40978, 48.046, -1075.1285400390625]]], [[[-123.70786, 48.14787, -12539.1064453125], [-123.72225, 48.15051, -12383.7783203125], [-123.71516, 48.14507, -11693.8388671875], [-123.70786, 48.14787, -12539.1064453125]]], [[[-123.37299, 48.1331, -18777.625], [-123.37457, 48.12874, -17902.232421875], [-123.36109, 48.12831, -18372.97265625], [-123.37299, 48.1331, -18777.625]]], [[[-123.70786, 48.14787, -12539.1064453125], [-123.71516, 48.14507, -11693.8388671875], [-123.70293, 48.14228, -11696.7373046875], [-123.70786, 48.14787, -12539.1064453125]]], [[[-123.69567, 48.1456, -12544.3173828125], [-123.70786, 48.14787, -12539.1064453125], [-123.70293, 48.14228, -11696.7373046875], [-123.69567, 48.1456, -12544.3173828125]]], [[[-123.9088, 48.12877, -648.10302734375], [-123.91452, 48.12419, 214.7665557861328], [-123.90316, 48.12494, 175.9596710205078], [-123.9088, 48.12877, -648.10302734375]]], [[[-123.69567, 48.1456, -12544.3173828125], [-123.70293, 48.14228, -11696.7373046875], [-123.69136, 48.14014, -11722.7275390625], [-123.69567, 48.1456, -12544.3173828125]]], [[[-123.54437, 48.09486, -6413.27978515625], [-123.55893, 48.09618, -6473.2421875], [-123.55329, 48.09132, -5595.6474609375], [-123.54437, 48.09486, -6413.27978515625]]], [[[-123.68396, 48.14313, -12578.9091796875], [-123.69567, 48.1456, -12544.3173828125], [-123.69136, 48.14014, -11722.7275390625], [-123.68396, 48.14313, -12578.9091796875]]], [[[-123.36995, 48.04734, -2859.171630859375], [-123.37799, 48.04437, -2022.803955078125], [-123.36405, 48.04178, -2089.52099609375], [-123.36995, 48.04734, -2859.171630859375]]], [[[-123.68729, 48.13469, -10883.3662109375], [-123.69136, 48.14014, -11722.7275390625], [-123.69851, 48.13701, -10845.708984375], [-123.68729, 48.13469, -10883.3662109375]]], [[[-123.55893, 48.09618, -6473.2421875], [-123.56727, 48.09292, -5623.6220703125], [-123.55329, 48.09132, -5595.6474609375], [-123.55893, 48.09618, -6473.2421875]]], [[[-123.68729, 48.13469, -10883.3662109375], [-123.69851, 48.13701, -10845.708984375], [-123.69437, 48.13146, -9995.7353515625], [-123.68729, 48.13469, -10883.3662109375]]], [[[-123.40978, 48.046, -1075.1285400390625], [-123.40483, 48.04049, -280.32427978515625], [-123.39791, 48.0435, -1146.813232421875], [-123.40978, 48.046, -1075.1285400390625]]], [[[-123.68729, 48.13469, -10883.3662109375], [-123.69437, 48.13146, -9995.7353515625], [-123.68275, 48.1293, -10035.6640625], [-123.68729, 48.13469, -10883.3662109375]]], [[[-123.69008, 48.12593, -9148.787109375], [-123.69437, 48.13146, -9995.7353515625], [-123.70226, 48.1285, -9133.3564453125], [-123.69008, 48.12593, -9148.787109375]]], [[[-123.56209, 48.11005, -9010.560546875], [-123.55664, 48.10472, -8155.8828125], [-123.54778, 48.10829, -8955.8876953125], [-123.56209, 48.11005, -9010.560546875]]], [[[-123.69794, 48.12298, -8281.7529296875], [-123.69008, 48.12593, -9148.787109375], [-123.70226, 48.1285, -9133.3564453125], [-123.69794, 48.12298, -8281.7529296875]]], [[[-123.52344, 48.08788, -5492.81396484375], [-123.53253, 48.08439, -4716.04736328125], [-123.51814, 48.08294, -4624.8330078125], [-123.52344, 48.08788, -5492.81396484375]]], [[[-123.67866, 48.12403, -9152.5830078125], [-123.69008, 48.12593, -9148.787109375], [-123.68599, 48.12047, -8277.26953125], [-123.67866, 48.12403, -9152.5830078125]]], [[[-123.35031, 48.18982, -30239.5], [-123.35531, 48.19544, -31057.47265625], [-123.36346, 48.19239, -30238.986328125], [-123.35031, 48.18982, -30239.5]]], [[[-123.67866, 48.12403, -9152.5830078125], [-123.68275, 48.1293, -10035.6640625], [-123.69008, 48.12593, -9148.787109375], [-123.67866, 48.12403, -9152.5830078125]]], [[[-123.34492, 48.18425, -29435.791015625], [-123.33017, 48.18183, -29441.818359375], [-123.33737, 48.18744, -30281.220703125], [-123.34492, 48.18425, -29435.791015625]]], [[[-123.68275, 48.1293, -10035.6640625], [-123.67866, 48.12403, -9152.5830078125], [-123.67118, 48.12749, -10015.9423828125], [-123.68275, 48.1293, -10035.6640625]]], [[[-123.66637, 48.12246, -9144.119140625], [-123.67118, 48.12749, -10015.9423828125], [-123.67866, 48.12403, -9152.5830078125], [-123.66637, 48.12246, -9144.119140625]]], [[[-123.24215, 48.17044, -28499.5390625], [-123.2554, 48.16876, -28157.650390625], [-123.24375, 48.16607, -27625.099609375], [-123.24215, 48.17044, -28499.5390625]]], [[[-123.67118, 48.12749, -10015.9423828125], [-123.66637, 48.12246, -9144.119140625], [-123.65887, 48.12618, -9996.6455078125], [-123.67118, 48.12749, -10015.9423828125]]], [[[-123.29796, 48.12113, -18759.3125], [-123.29956, 48.11677, -17884.291015625], [-123.28628, 48.11878, -18205.7890625], [-123.29796, 48.12113, -18759.3125]]], [[[-123.66369, 48.13114, -10861.7734375], [-123.67118, 48.12749, -10015.9423828125], [-123.65887, 48.12618, -9996.6455078125], [-123.66369, 48.13114, -10861.7734375]]], [[[-123.31129, 48.1197, -18402.45703125], [-123.29796, 48.12113, -18759.3125], [-123.30969, 48.12408, -19276.580078125], [-123.31129, 48.1197, -18402.45703125]]], [[[-123.65167, 48.12966, -10872.7958984375], [-123.66369, 48.13114, -10861.7734375], [-123.65887, 48.12618, -9996.6455078125], [-123.65167, 48.12966, -10872.7958984375]]], [[[-123.33017, 48.18183, -29441.818359375], [-123.32256, 48.185, -30343.107421875], [-123.33737, 48.18744, -30281.220703125], [-123.33017, 48.18183, -29441.818359375]]], [[[-123.65167, 48.12966, -10872.7958984375], [-123.65887, 48.12618, -9996.6455078125], [-123.64773, 48.12429, -9985.1640625], [-123.65167, 48.12966, -10872.7958984375]]], [[[-123.3157, 48.1803, -29773.40625], [-123.33017, 48.18183, -29441.818359375], [-123.31734, 48.17614, -28934.814453125], [-123.3157, 48.1803, -29773.40625]]], [[[-123.66637, 48.12246, -9144.119140625], [-123.67866, 48.12403, -9152.5830078125], [-123.67389, 48.11876, -8291.5517578125], [-123.66637, 48.12246, -9144.119140625]]], [[[-123.24898, 48.18625, -31655.97265625], [-123.25058, 48.18188, -30781.392578125], [-123.23733, 48.18357, -31122.85546875], [-123.24898, 48.18625, -31655.97265625]]], [[[-123.66637, 48.12246, -9144.119140625], [-123.67389, 48.11876, -8291.5517578125], [-123.6624, 48.1174, -8231.6796875], [-123.66637, 48.12246, -9144.119140625]]], [[[-123.67389, 48.11876, -8291.5517578125], [-123.66992, 48.1136, -7375.4482421875], [-123.6624, 48.1174, -8231.6796875], [-123.67389, 48.11876, -8291.5517578125]]], [[[-123.66992, 48.1136, -7375.4482421875], [-123.67389, 48.11876, -8291.5517578125], [-123.68137, 48.11517, -7405.7177734375], [-123.66992, 48.1136, -7375.4482421875]]], [[[-123.32995, 48.17642, -28440.93359375], [-123.34016, 48.17933, -28663.0546875], [-123.34605, 48.17587, -27825.09375], [-123.32995, 48.17642, -28440.93359375]]], [[[-123.66992, 48.1136, -7375.4482421875], [-123.68137, 48.11517, -7405.7177734375], [-123.67732, 48.10983, -6508.97021484375], [-123.66992, 48.1136, -7375.4482421875]]], [[[-123.24727, 48.19087, -32578.73046875], [-123.24898, 48.18625, -31655.97265625], [-123.23572, 48.18795, -31997.29296875], [-123.24727, 48.19087, -32578.73046875]]], [[[-123.66992, 48.1136, -7375.4482421875], [-123.67732, 48.10983, -6508.97021484375], [-123.66493, 48.10863, -6498.716796875], [-123.66992, 48.1136, -7375.4482421875]]], [[[-123.3157, 48.1803, -29773.40625], [-123.31734, 48.17614, -28934.814453125], [-123.30373, 48.17609, -29356.08203125], [-123.3157, 48.1803, -29773.40625]]], [[[-123.67732, 48.10983, -6508.97021484375], [-123.67217, 48.1048, -5639.8427734375], [-123.66493, 48.10863, -6498.716796875], [-123.67732, 48.10983, -6508.97021484375]]], [[[-123.25058, 48.18188, -30781.392578125], [-123.25219, 48.1775, -29906.810546875], [-123.23893, 48.1792, -30248.416015625], [-123.25058, 48.18188, -30781.392578125]]], [[[-123.67217, 48.1048, -5639.8427734375], [-123.68503, 48.10646, -5659.65380859375], [-123.6803, 48.10129, -4814.7041015625], [-123.67217, 48.1048, -5639.8427734375]]], [[[-123.67217, 48.1048, -5639.8427734375], [-123.6803, 48.10129, -4814.7041015625], [-123.66718, 48.09988, -4777.7333984375], [-123.67217, 48.1048, -5639.8427734375]]], [[[-123.34605, 48.17587, -27825.09375], [-123.34016, 48.17933, -28663.0546875], [-123.35299, 48.18154, -28593.115234375], [-123.34605, 48.17587, -27825.09375]]], [[[-123.68503, 48.10646, -5659.65380859375], [-123.69258, 48.103, -4796.92236328125], [-123.6803, 48.10129, -4814.7041015625], [-123.68503, 48.10646, -5659.65380859375]]], [[[-123.68503, 48.10646, -5659.65380859375], [-123.6966, 48.10848, -5658.232421875], [-123.69258, 48.103, -4796.92236328125], [-123.68503, 48.10646, -5659.65380859375]]], [[[-123.29796, 48.12113, -18759.3125], [-123.28628, 48.11878, -18205.7890625], [-123.28468, 48.12313, -19081.998046875], [-123.29796, 48.12113, -18759.3125]]], [[[-123.68503, 48.10646, -5659.65380859375], [-123.68923, 48.11177, -6545.03369140625], [-123.6966, 48.10848, -5658.232421875], [-123.68503, 48.10646, -5659.65380859375]]], [[[-123.68923, 48.11177, -6545.03369140625], [-123.68503, 48.10646, -5659.65380859375], [-123.67732, 48.10983, -6508.97021484375], [-123.68923, 48.11177, -6545.03369140625]]], [[[-123.30373, 48.17609, -29356.08203125], [-123.30533, 48.1717, -28481.349609375], [-123.29208, 48.17228, -28891.98046875], [-123.30373, 48.17609, -29356.08203125]]], [[[-123.68137, 48.11517, -7405.7177734375], [-123.68923, 48.11177, -6545.03369140625], [-123.67732, 48.10983, -6508.97021484375], [-123.68137, 48.11517, -7405.7177734375]]], [[[-123.68137, 48.11517, -7405.7177734375], [-123.69379, 48.1173, -7402.744140625], [-123.68923, 48.11177, -6545.03369140625], [-123.68137, 48.11517, -7405.7177734375]]], [[[-123.3296, 48.19066, -31117.126953125], [-123.32182, 48.19361, -31968.06640625], [-123.33525, 48.19598, -31959.822265625], [-123.3296, 48.19066, -31117.126953125]]], [[[-123.68137, 48.11517, -7405.7177734375], [-123.68599, 48.12047, -8277.26953125], [-123.69379, 48.1173, -7402.744140625], [-123.68137, 48.11517, -7405.7177734375]]], [[[-123.32492, 48.15413, -24540.3046875], [-123.31333, 48.14981, -24109.59765625], [-123.31173, 48.15419, -24983.939453125], [-123.32492, 48.15413, -24540.3046875]]], [[[-123.68599, 48.12047, -8277.26953125], [-123.68137, 48.11517, -7405.7177734375], [-123.67389, 48.11876, -8291.5517578125], [-123.68599, 48.12047, -8277.26953125]]], [[[-123.32256, 48.185, -30343.107421875], [-123.3296, 48.19066, -31117.126953125], [-123.33737, 48.18744, -30281.220703125], [-123.32256, 48.185, -30343.107421875]]], [[[-123.67866, 48.12403, -9152.5830078125], [-123.68599, 48.12047, -8277.26953125], [-123.67389, 48.11876, -8291.5517578125], [-123.67866, 48.12403, -9152.5830078125]]], [[[-123.30373, 48.17609, -29356.08203125], [-123.29077, 48.17674, -29780.9609375], [-123.30443, 48.18145, -30346.005859375], [-123.30373, 48.17609, -29356.08203125]]], [[[-123.69794, 48.12298, -8281.7529296875], [-123.69379, 48.1173, -7402.744140625], [-123.68599, 48.12047, -8277.26953125], [-123.69794, 48.12298, -8281.7529296875]]], [[[-123.69379, 48.1173, -7402.744140625], [-123.69794, 48.12298, -8281.7529296875], [-123.70516, 48.11958, -7371.34375], [-123.69379, 48.1173, -7402.744140625]]], [[[-123.33129, 48.13667, -21039.095703125], [-123.3297, 48.14103, -21914.40234375], [-123.3428, 48.14146, -21439.595703125], [-123.33129, 48.13667, -21039.095703125]]], [[[-123.69379, 48.1173, -7402.744140625], [-123.70516, 48.11958, -7371.34375], [-123.70114, 48.11404, -6497.91357421875], [-123.69379, 48.1173, -7402.744140625]]], [[[-123.69379, 48.1173, -7402.744140625], [-123.70114, 48.11404, -6497.91357421875], [-123.68923, 48.11177, -6545.03369140625], [-123.69379, 48.1173, -7402.744140625]]], [[[-123.32256, 48.185, -30343.107421875], [-123.31479, 48.18751, -31142.578125], [-123.3296, 48.19066, -31117.126953125], [-123.32256, 48.185, -30343.107421875]]], [[[-123.70114, 48.11404, -6497.91357421875], [-123.6966, 48.10848, -5658.232421875], [-123.68923, 48.11177, -6545.03369140625], [-123.70114, 48.11404, -6497.91357421875]]], [[[-123.32256, 48.185, -30343.107421875], [-123.30443, 48.18145, -30346.005859375], [-123.31479, 48.18751, -31142.578125], [-123.32256, 48.185, -30343.107421875]]], [[[-123.70114, 48.11404, -6497.91357421875], [-123.70875, 48.11086, -5625.529296875], [-123.6966, 48.10848, -5658.232421875], [-123.70114, 48.11404, -6497.91357421875]]], [[[-123.34121, 48.14584, -22314.341796875], [-123.3297, 48.14103, -21914.40234375], [-123.32811, 48.1454, -22789.703125], [-123.34121, 48.14584, -22314.341796875]]], [[[-123.71296, 48.11623, -6500.4267578125], [-123.72031, 48.11298, -5608.1728515625], [-123.70875, 48.11086, -5625.529296875], [-123.71296, 48.11623, -6500.4267578125]]], [[[-123.30373, 48.17609, -29356.08203125], [-123.29208, 48.17228, -28891.98046875], [-123.29077, 48.17674, -29780.9609375], [-123.30373, 48.17609, -29356.08203125]]], [[[-123.72439, 48.11866, -6454.67333984375], [-123.72031, 48.11298, -5608.1728515625], [-123.71296, 48.11623, -6500.4267578125], [-123.72439, 48.11866, -6454.67333984375]]], [[[-123.72031, 48.11298, -5608.1728515625], [-123.72439, 48.11866, -6454.67333984375], [-123.73258, 48.1159, -5592.283203125], [-123.72031, 48.11298, -5608.1728515625]]], [[[-123.72031, 48.11298, -5608.1728515625], [-123.73258, 48.1159, -5592.283203125], [-123.72831, 48.1103, -4751.34375], [-123.72031, 48.11298, -5608.1728515625]]], [[[-123.2538, 48.17313, -29032.23046875], [-123.24215, 48.17044, -28499.5390625], [-123.24054, 48.17482, -29373.978515625], [-123.2538, 48.17313, -29032.23046875]]], [[[-123.72031, 48.11298, -5608.1728515625], [-123.72831, 48.1103, -4751.34375], [-123.71611, 48.10745, -4756.89453125], [-123.72031, 48.11298, -5608.1728515625]]], [[[-123.30443, 48.18145, -30346.005859375], [-123.28917, 48.18104, -30637.57421875], [-123.30057, 48.18571, -31266.81640625], [-123.30443, 48.18145, -30346.005859375]]], [[[-123.71611, 48.10745, -4756.89453125], [-123.70875, 48.11086, -5625.529296875], [-123.72031, 48.11298, -5608.1728515625], [-123.71611, 48.10745, -4756.89453125]]], [[[-123.25219, 48.1775, -29906.810546875], [-123.2538, 48.17313, -29032.23046875], [-123.24054, 48.17482, -29373.978515625], [-123.25219, 48.1775, -29906.810546875]]], [[[-123.70875, 48.11086, -5625.529296875], [-123.71611, 48.10745, -4756.89453125], [-123.70407, 48.1054, -4781.66552734375], [-123.70875, 48.11086, -5625.529296875]]], [[[-123.6966, 48.10848, -5658.232421875], [-123.70875, 48.11086, -5625.529296875], [-123.70407, 48.1054, -4781.66552734375], [-123.6966, 48.10848, -5658.232421875]]], [[[-123.34016, 48.17933, -28663.0546875], [-123.33017, 48.18183, -29441.818359375], [-123.34492, 48.18425, -29435.791015625], [-123.34016, 48.17933, -28663.0546875]]], [[[-123.6966, 48.10848, -5658.232421875], [-123.70407, 48.1054, -4781.66552734375], [-123.69258, 48.103, -4796.92236328125], [-123.6966, 48.10848, -5658.232421875]]], [[[-123.70407, 48.1054, -4781.66552734375], [-123.70004, 48.09994, -3938.383056640625], [-123.69258, 48.103, -4796.92236328125], [-123.70407, 48.1054, -4781.66552734375]]], [[[-123.35299, 48.18154, -28593.115234375], [-123.34016, 48.17933, -28663.0546875], [-123.34492, 48.18425, -29435.791015625], [-123.35299, 48.18154, -28593.115234375]]], [[[-123.70407, 48.1054, -4781.66552734375], [-123.71156, 48.10221, -3915.586669921875], [-123.70004, 48.09994, -3938.383056640625], [-123.70407, 48.1054, -4781.66552734375]]], [[[-123.32995, 48.17642, -28440.93359375], [-123.34605, 48.17587, -27825.09375], [-123.33159, 48.17209, -27569.71875], [-123.32995, 48.17642, -28440.93359375]]], [[[-123.71611, 48.10745, -4756.89453125], [-123.71156, 48.10221, -3915.586669921875], [-123.70407, 48.1054, -4781.66552734375], [-123.71611, 48.10745, -4756.89453125]]], [[[-123.71156, 48.10221, -3915.586669921875], [-123.72434, 48.10474, -3919.349609375], [-123.71964, 48.09923, -3107.17822265625], [-123.71156, 48.10221, -3915.586669921875]]], [[[-123.71156, 48.10221, -3915.586669921875], [-123.71964, 48.09923, -3107.17822265625], [-123.70723, 48.09689, -3078.552978515625], [-123.71156, 48.10221, -3915.586669921875]]], [[[-123.25058, 48.18188, -30781.392578125], [-123.23893, 48.1792, -30248.416015625], [-123.23733, 48.18357, -31122.85546875], [-123.25058, 48.18188, -30781.392578125]]], [[[-123.70004, 48.09994, -3938.383056640625], [-123.71156, 48.10221, -3915.586669921875], [-123.70723, 48.09689, -3078.552978515625], [-123.70004, 48.09994, -3938.383056640625]]], [[[-123.369, 48.19754, -31061.8671875], [-123.37394, 48.20281, -31919.060546875], [-123.38176, 48.19962, -31067.01171875], [-123.369, 48.19754, -31061.8671875]]], [[[-123.70004, 48.09994, -3938.383056640625], [-123.70723, 48.09689, -3078.552978515625], [-123.69513, 48.09455, -3132.231689453125], [-123.70004, 48.09994, -3938.383056640625]]], [[[-123.33159, 48.17209, -27569.71875], [-123.31856, 48.17159, -28041.552734375], [-123.32995, 48.17642, -28440.93359375], [-123.33159, 48.17209, -27569.71875]]], [[[-123.68753, 48.09785, -3964.429931640625], [-123.70004, 48.09994, -3938.383056640625], [-123.69513, 48.09455, -3132.231689453125], [-123.68753, 48.09785, -3964.429931640625]]], [[[-123.69258, 48.103, -4796.92236328125], [-123.70004, 48.09994, -3938.383056640625], [-123.68753, 48.09785, -3964.429931640625], [-123.69258, 48.103, -4796.92236328125]]], [[[-123.69258, 48.103, -4796.92236328125], [-123.68753, 48.09785, -3964.429931640625], [-123.6803, 48.10129, -4814.7041015625], [-123.69258, 48.103, -4796.92236328125]]], [[[-123.68753, 48.09785, -3964.429931640625], [-123.69513, 48.09455, -3132.231689453125], [-123.68241, 48.09274, -3141.943115234375], [-123.68753, 48.09785, -3964.429931640625]]], [[[-123.42948, 48.20405, -30157.080078125], [-123.41635, 48.20116, -30173.2890625], [-123.42125, 48.20664, -30993.44921875], [-123.42948, 48.20405, -30157.080078125]]], [[[-123.69513, 48.09455, -3132.231689453125], [-123.6899, 48.08947, -2317.465576171875], [-123.68241, 48.09274, -3141.943115234375], [-123.69513, 48.09455, -3132.231689453125]]], [[[-123.40314, 48.19922, -30184.326171875], [-123.40851, 48.20436, -31010.55078125], [-123.41635, 48.20116, -30173.2890625], [-123.40314, 48.19922, -30184.326171875]]], [[[-123.69513, 48.09455, -3132.231689453125], [-123.70233, 48.09145, -2274.8662109375], [-123.6899, 48.08947, -2317.465576171875], [-123.69513, 48.09455, -3132.231689453125]]], [[[-123.31734, 48.17614, -28934.814453125], [-123.30533, 48.1717, -28481.349609375], [-123.30373, 48.17609, -29356.08203125], [-123.31734, 48.17614, -28934.814453125]]], [[[-123.33525, 48.19598, -31959.822265625], [-123.34023, 48.2014, -32810.94140625], [-123.34787, 48.19844, -31936.685546875], [-123.33525, 48.19598, -31959.822265625]]], [[[-123.70723, 48.09689, -3078.552978515625], [-123.70233, 48.09145, -2274.8662109375], [-123.69513, 48.09455, -3132.231689453125], [-123.70723, 48.09689, -3078.552978515625]]], [[[-123.70233, 48.09145, -2274.8662109375], [-123.70723, 48.09689, -3078.552978515625], [-123.71552, 48.09405, -2263.387939453125], [-123.70233, 48.09145, -2274.8662109375]]], [[[-123.35031, 48.18982, -30239.5], [-123.34299, 48.19283, -31106.70703125], [-123.35531, 48.19544, -31057.47265625], [-123.35031, 48.18982, -30239.5]]], [[[-123.70233, 48.09145, -2274.8662109375], [-123.71552, 48.09405, -2263.387939453125], [-123.71039, 48.08881, -1455.981689453125], [-123.70233, 48.09145, -2274.8662109375]]], [[[-123.39748, 48.19408, -29372.79296875], [-123.38472, 48.19129, -29396.87109375], [-123.38955, 48.19679, -30210.208984375], [-123.39748, 48.19408, -29372.79296875]]], [[[-123.70233, 48.09145, -2274.8662109375], [-123.71039, 48.08881, -1455.981689453125], [-123.69745, 48.08614, -1480.1400146484375], [-123.70233, 48.09145, -2274.8662109375]]], [[[-123.37688, 48.19435, -30226.966796875], [-123.369, 48.19754, -31061.8671875], [-123.38176, 48.19962, -31067.01171875], [-123.37688, 48.19435, -30226.966796875]]], [[[-123.6899, 48.08947, -2317.465576171875], [-123.70233, 48.09145, -2274.8662109375], [-123.69745, 48.08614, -1480.1400146484375], [-123.6899, 48.08947, -2317.465576171875]]], [[[-123.31479, 48.18751, -31142.578125], [-123.30822, 48.19104, -32032.794921875], [-123.32182, 48.19361, -31968.06640625], [-123.31479, 48.18751, -31142.578125]]], [[[-123.6899, 48.08947, -2317.465576171875], [-123.69745, 48.08614, -1480.1400146484375], [-123.68558, 48.08439, -1476.1468505859375], [-123.6899, 48.08947, -2317.465576171875]]], [[[-123.41095, 48.19603, -29356.75390625], [-123.39748, 48.19408, -29372.79296875], [-123.40314, 48.19922, -30184.326171875], [-123.41095, 48.19603, -29356.75390625]]], [[[-123.67799, 48.0879, -2284.792724609375], [-123.6899, 48.08947, -2317.465576171875], [-123.68558, 48.08439, -1476.1468505859375], [-123.67799, 48.0879, -2284.792724609375]]], [[[-123.38955, 48.19679, -30210.208984375], [-123.38176, 48.19962, -31067.01171875], [-123.39499, 48.2023, -31007.953125], [-123.38955, 48.19679, -30210.208984375]]], [[[-123.68241, 48.09274, -3141.943115234375], [-123.6899, 48.08947, -2317.465576171875], [-123.67799, 48.0879, -2284.792724609375], [-123.68241, 48.09274, -3141.943115234375]]], [[[-123.32182, 48.19361, -31968.06640625], [-123.3296, 48.19066, -31117.126953125], [-123.31479, 48.18751, -31142.578125], [-123.32182, 48.19361, -31968.06640625]]], [[[-123.34023, 48.2014, -32810.94140625], [-123.332, 48.20447, -33663.9140625], [-123.34537, 48.20707, -33640.2421875], [-123.34023, 48.2014, -32810.94140625]]], [[[-123.68241, 48.09274, -3141.943115234375], [-123.67799, 48.0879, -2284.792724609375], [-123.67037, 48.09149, -3098.843017578125], [-123.68241, 48.09274, -3141.943115234375]]], [[[-123.67799, 48.0879, -2284.792724609375], [-123.68558, 48.08439, -1476.1468505859375], [-123.67295, 48.08313, -1444.4876708984375], [-123.67799, 48.0879, -2284.792724609375]]], [[[-123.39748, 48.19408, -29372.79296875], [-123.38955, 48.19679, -30210.208984375], [-123.40314, 48.19922, -30184.326171875], [-123.39748, 48.19408, -29372.79296875]]], [[[-123.71039, 48.08881, -1455.981689453125], [-123.7051, 48.08335, -664.8980102539062], [-123.69745, 48.08614, -1480.1400146484375], [-123.71039, 48.08881, -1455.981689453125]]], [[[-123.71552, 48.09405, -2263.387939453125], [-123.72799, 48.0967, -2286.765380859375], [-123.72377, 48.09115, -1463.8492431640625], [-123.71552, 48.09405, -2263.387939453125]]], [[[-123.31734, 48.17614, -28934.814453125], [-123.32995, 48.17642, -28440.93359375], [-123.31856, 48.17159, -28041.552734375], [-123.31734, 48.17614, -28934.814453125]]], [[[-123.71964, 48.09923, -3107.17822265625], [-123.72799, 48.0967, -2286.765380859375], [-123.71552, 48.09405, -2263.387939453125], [-123.71964, 48.09923, -3107.17822265625]]], [[[-123.73249, 48.10219, -3080.797607421875], [-123.72799, 48.0967, -2286.765380859375], [-123.71964, 48.09923, -3107.17822265625], [-123.73249, 48.10219, -3080.797607421875]]], [[[-123.38955, 48.19679, -30210.208984375], [-123.38472, 48.19129, -29396.87109375], [-123.37688, 48.19435, -30226.966796875], [-123.38955, 48.19679, -30210.208984375]]], [[[-123.72799, 48.0967, -2286.765380859375], [-123.73249, 48.10219, -3080.797607421875], [-123.7403, 48.09937, -2240.026123046875], [-123.72799, 48.0967, -2286.765380859375]]], [[[-123.37127, 48.18919, -29410.69140625], [-123.36346, 48.19239, -30238.986328125], [-123.37688, 48.19435, -30226.966796875], [-123.37127, 48.18919, -29410.69140625]]], [[[-123.72799, 48.0967, -2286.765380859375], [-123.7403, 48.09937, -2240.026123046875], [-123.73556, 48.09395, -1437.3487548828125], [-123.72799, 48.0967, -2286.765380859375]]], [[[-123.42469, 48.19857, -29343.42578125], [-123.41635, 48.20116, -30173.2890625], [-123.42948, 48.20405, -30157.080078125], [-123.42469, 48.19857, -29343.42578125]]], [[[-123.74841, 48.09663, -1416.083984375], [-123.7403, 48.09937, -2240.026123046875], [-123.75229, 48.10214, -2237.66357421875], [-123.74841, 48.09663, -1416.083984375]]], [[[-123.42469, 48.19857, -29343.42578125], [-123.41095, 48.19603, -29356.75390625], [-123.41635, 48.20116, -30173.2890625], [-123.42469, 48.19857, -29343.42578125]]], [[[-123.75229, 48.10214, -2237.66357421875], [-123.76066, 48.09998, -1414.20654296875], [-123.74841, 48.09663, -1416.083984375], [-123.75229, 48.10214, -2237.66357421875]]], [[[-123.42948, 48.20405, -30157.080078125], [-123.42125, 48.20664, -30993.44921875], [-123.43501, 48.20913, -30979.673828125], [-123.42948, 48.20405, -30157.080078125]]], [[[-123.76066, 48.09998, -1414.20654296875], [-123.75229, 48.10214, -2237.66357421875], [-123.76508, 48.10535, -2225.142822265625], [-123.76066, 48.09998, -1414.20654296875]]], [[[-123.76508, 48.10535, -2225.142822265625], [-123.7731, 48.10256, -1400.8492431640625], [-123.76066, 48.09998, -1414.20654296875], [-123.76508, 48.10535, -2225.142822265625]]], [[[-123.41635, 48.20116, -30173.2890625], [-123.40851, 48.20436, -31010.55078125], [-123.42125, 48.20664, -30993.44921875], [-123.41635, 48.20116, -30173.2890625]]], [[[-123.76508, 48.10535, -2225.142822265625], [-123.77739, 48.10777, -2238.94775390625], [-123.7731, 48.10256, -1400.8492431640625], [-123.76508, 48.10535, -2225.142822265625]]], [[[-123.76925, 48.11069, -3058.587646484375], [-123.77739, 48.10777, -2238.94775390625], [-123.76508, 48.10535, -2225.142822265625], [-123.76925, 48.11069, -3058.587646484375]]], [[[-123.78171, 48.11287, -3088.17578125], [-123.77739, 48.10777, -2238.94775390625], [-123.76925, 48.11069, -3058.587646484375], [-123.78171, 48.11287, -3088.17578125]]], [[[-123.78171, 48.11287, -3088.17578125], [-123.79043, 48.1106, -2276.302734375], [-123.77739, 48.10777, -2238.94775390625], [-123.78171, 48.11287, -3088.17578125]]], [[[-123.79422, 48.11646, -3072.232177734375], [-123.79043, 48.1106, -2276.302734375], [-123.78171, 48.11287, -3088.17578125], [-123.79422, 48.11646, -3072.232177734375]]], [[[-123.32706, 48.19915, -32799.49609375], [-123.31931, 48.20223, -33669.1015625], [-123.332, 48.20447, -33663.9140625], [-123.32706, 48.19915, -32799.49609375]]], [[[-123.78599, 48.11833, -3918.445556640625], [-123.79422, 48.11646, -3072.232177734375], [-123.78171, 48.11287, -3088.17578125], [-123.78599, 48.11833, -3918.445556640625]]], [[[-123.79422, 48.11646, -3072.232177734375], [-123.78599, 48.11833, -3918.445556640625], [-123.79874, 48.12216, -3858.264892578125], [-123.79422, 48.11646, -3072.232177734375]]], [[[-123.44292, 48.20594, -30146.353515625], [-123.43747, 48.20084, -29338.537109375], [-123.42948, 48.20405, -30157.080078125], [-123.44292, 48.20594, -30146.353515625]]], [[[-123.79874, 48.12216, -3858.264892578125], [-123.80719, 48.11959, -3029.337646484375], [-123.79422, 48.11646, -3072.232177734375], [-123.79874, 48.12216, -3858.264892578125]]], [[[-123.41095, 48.19603, -29356.75390625], [-123.40314, 48.19922, -30184.326171875], [-123.41635, 48.20116, -30173.2890625], [-123.41095, 48.19603, -29356.75390625]]], [[[-123.80719, 48.11959, -3029.337646484375], [-123.79874, 48.12216, -3858.264892578125], [-123.81086, 48.12515, -3864.734130859375], [-123.80719, 48.11959, -3029.337646484375]]], [[[-123.31734, 48.17614, -28934.814453125], [-123.31856, 48.17159, -28041.552734375], [-123.30533, 48.1717, -28481.349609375], [-123.31734, 48.17614, -28934.814453125]]], [[[-123.80251, 48.12763, -4703.18359375], [-123.81086, 48.12515, -3864.734130859375], [-123.79874, 48.12216, -3858.264892578125], [-123.80251, 48.12763, -4703.18359375]]], [[[-123.35531, 48.19544, -31057.47265625], [-123.34299, 48.19283, -31106.70703125], [-123.34787, 48.19844, -31936.685546875], [-123.35531, 48.19544, -31057.47265625]]], [[[-123.32182, 48.19361, -31968.06640625], [-123.31422, 48.19659, -32842.5546875], [-123.32706, 48.19915, -32799.49609375], [-123.32182, 48.19361, -31968.06640625]]], [[[-123.80251, 48.12763, -4703.18359375], [-123.8136, 48.13091, -4712.11376953125], [-123.81086, 48.12515, -3864.734130859375], [-123.80251, 48.12763, -4703.18359375]]], [[[-123.80251, 48.12763, -4703.18359375], [-123.80547, 48.13315, -5591.6396484375], [-123.8136, 48.13091, -4712.11376953125], [-123.80251, 48.12763, -4703.18359375]]], [[[-123.34299, 48.19283, -31106.70703125], [-123.33525, 48.19598, -31959.822265625], [-123.34787, 48.19844, -31936.685546875], [-123.34299, 48.19283, -31106.70703125]]], [[[-123.80251, 48.12763, -4703.18359375], [-123.79393, 48.1302, -5538.85546875], [-123.80547, 48.13315, -5591.6396484375], [-123.80251, 48.12763, -4703.18359375]]], [[[-123.36346, 48.19239, -30238.986328125], [-123.35531, 48.19544, -31057.47265625], [-123.369, 48.19754, -31061.8671875], [-123.36346, 48.19239, -30238.986328125]]], [[[-123.79393, 48.1302, -5538.85546875], [-123.80251, 48.12763, -4703.18359375], [-123.79032, 48.12433, -4704.78173828125], [-123.79393, 48.1302, -5538.85546875]]], [[[-123.38955, 48.19679, -30210.208984375], [-123.39499, 48.2023, -31007.953125], [-123.40314, 48.19922, -30184.326171875], [-123.38955, 48.19679, -30210.208984375]]], [[[-123.79032, 48.12433, -4704.78173828125], [-123.78234, 48.12654, -5594.47412109375], [-123.79393, 48.1302, -5538.85546875], [-123.79032, 48.12433, -4704.78173828125]]], [[[-123.42948, 48.20405, -30157.080078125], [-123.43501, 48.20913, -30979.673828125], [-123.44292, 48.20594, -30146.353515625], [-123.42948, 48.20405, -30157.080078125]]], [[[-123.78234, 48.12654, -5594.47412109375], [-123.79032, 48.12433, -4704.78173828125], [-123.77766, 48.12112, -4754.6552734375], [-123.78234, 48.12654, -5594.47412109375]]], [[[-123.369, 48.19754, -31061.8671875], [-123.36081, 48.20069, -31894.69140625], [-123.37394, 48.20281, -31919.060546875], [-123.369, 48.19754, -31061.8671875]]], [[[-123.77766, 48.12112, -4754.6552734375], [-123.76903, 48.12419, -5570.76416015625], [-123.78234, 48.12654, -5594.47412109375], [-123.77766, 48.12112, -4754.6552734375]]], [[[-123.37394, 48.20281, -31919.060546875], [-123.36081, 48.20069, -31894.69140625], [-123.36567, 48.20598, -32761.009765625], [-123.37394, 48.20281, -31919.060546875]]], [[[-123.76903, 48.12419, -5570.76416015625], [-123.77766, 48.12112, -4754.6552734375], [-123.76489, 48.11869, -4714.27001953125], [-123.76903, 48.12419, -5570.76416015625]]], [[[-123.30533, 48.1717, -28481.349609375], [-123.29368, 48.1679, -28017.85546875], [-123.29208, 48.17228, -28891.98046875], [-123.30533, 48.1717, -28481.349609375]]], [[[-123.42125, 48.20664, -30993.44921875], [-123.42656, 48.21221, -31803.666015625], [-123.43501, 48.20913, -30979.673828125], [-123.42125, 48.20664, -30993.44921875]]], [[[-123.75675, 48.12158, -5561.79541015625], [-123.76903, 48.12419, -5570.76416015625], [-123.76489, 48.11869, -4714.27001953125], [-123.75675, 48.12158, -5561.79541015625]]], [[[-123.2309, 48.20108, -34620.609375], [-123.24443, 48.201, -34601.70703125], [-123.23847, 48.19884, -34174.26171875], [-123.2309, 48.20108, -34620.609375]]], [[[-123.76085, 48.12709, -6428.85302734375], [-123.76903, 48.12419, -5570.76416015625], [-123.75675, 48.12158, -5561.79541015625], [-123.76085, 48.12709, -6428.85302734375]]], [[[-123.27582, 48.18719, -32020.859375], [-123.26236, 48.18405, -31358.28125], [-123.26075, 48.18833, -32220.6171875], [-123.27582, 48.18719, -32020.859375]]], [[[-123.77378, 48.12946, -6435.79296875], [-123.78234, 48.12654, -5594.47412109375], [-123.76903, 48.12419, -5570.76416015625], [-123.77378, 48.12946, -6435.79296875]]], [[[-123.78582, 48.13251, -6430.55419921875], [-123.78234, 48.12654, -5594.47412109375], [-123.77378, 48.12946, -6435.79296875], [-123.78582, 48.13251, -6430.55419921875]]], [[[-123.37127, 48.18919, -29410.69140625], [-123.37688, 48.19435, -30226.966796875], [-123.38472, 48.19129, -29396.87109375], [-123.37127, 48.18919, -29410.69140625]]], [[[-123.33525, 48.19598, -31959.822265625], [-123.32706, 48.19915, -32799.49609375], [-123.34023, 48.2014, -32810.94140625], [-123.33525, 48.19598, -31959.822265625]]], [[[-123.79691, 48.13577, -6434.55029296875], [-123.79393, 48.1302, -5538.85546875], [-123.78582, 48.13251, -6430.55419921875], [-123.79691, 48.13577, -6434.55029296875]]], [[[-123.30057, 48.18571, -31266.81640625], [-123.28917, 48.18104, -30637.57421875], [-123.28643, 48.18486, -31418.01171875], [-123.30057, 48.18571, -31266.81640625]]], [[[-123.79691, 48.13577, -6434.55029296875], [-123.80547, 48.13315, -5591.6396484375], [-123.79393, 48.1302, -5538.85546875], [-123.79691, 48.13577, -6434.55029296875]]], [[[-123.28643, 48.18486, -31418.01171875], [-123.27527, 48.18232, -31012.888671875], [-123.27582, 48.18719, -32020.859375], [-123.28643, 48.18486, -31418.01171875]]], [[[-123.79691, 48.13577, -6434.55029296875], [-123.80913, 48.13905, -6435.7060546875], [-123.80547, 48.13315, -5591.6396484375], [-123.79691, 48.13577, -6434.55029296875]]], [[[-123.32706, 48.19915, -32799.49609375], [-123.31422, 48.19659, -32842.5546875], [-123.31931, 48.20223, -33669.1015625], [-123.32706, 48.19915, -32799.49609375]]], [[[-123.80913, 48.13905, -6435.7060546875], [-123.79691, 48.13577, -6434.55029296875], [-123.80054, 48.14135, -7304.91015625], [-123.80913, 48.13905, -6435.7060546875]]], [[[-123.37119, 48.21127, -33605.2890625], [-123.36332, 48.21448, -34444.9375], [-123.37649, 48.21656, -34428.109375], [-123.37119, 48.21127, -33605.2890625]]], [[[-123.81275, 48.14519, -7293.73388671875], [-123.80913, 48.13905, -6435.7060546875], [-123.80054, 48.14135, -7304.91015625], [-123.81275, 48.14519, -7293.73388671875]]], [[[-123.28917, 48.18104, -30637.57421875], [-123.27527, 48.18232, -31012.888671875], [-123.28643, 48.18486, -31418.01171875], [-123.28917, 48.18104, -30637.57421875]]], [[[-123.80913, 48.13905, -6435.7060546875], [-123.82099, 48.14269, -6403.69189453125], [-123.81714, 48.13686, -5540.40380859375], [-123.80913, 48.13905, -6435.7060546875]]], [[[-123.80913, 48.13905, -6435.7060546875], [-123.81714, 48.13686, -5540.40380859375], [-123.80547, 48.13315, -5591.6396484375], [-123.80913, 48.13905, -6435.7060546875]]], [[[-123.29288, 48.18896, -32103.701171875], [-123.27582, 48.18719, -32020.859375], [-123.28563, 48.19238, -32897.9375], [-123.29288, 48.18896, -32103.701171875]]], [[[-123.81714, 48.13686, -5540.40380859375], [-123.82549, 48.13443, -4685.90966796875], [-123.8136, 48.13091, -4712.11376953125], [-123.81714, 48.13686, -5540.40380859375]]], [[[-123.30039, 48.19418, -32869.38671875], [-123.29264, 48.19746, -33717.68359375], [-123.30609, 48.19953, -33697.41796875], [-123.30039, 48.19418, -32869.38671875]]], [[[-123.81714, 48.13686, -5540.40380859375], [-123.82944, 48.14011, -5541.02197265625], [-123.82549, 48.13443, -4685.90966796875], [-123.81714, 48.13686, -5540.40380859375]]], [[[-123.29077, 48.17674, -29780.9609375], [-123.27715, 48.17791, -30134.662109375], [-123.28917, 48.18104, -30637.57421875], [-123.29077, 48.17674, -29780.9609375]]], [[[-123.81714, 48.13686, -5540.40380859375], [-123.82099, 48.14269, -6403.69189453125], [-123.82944, 48.14011, -5541.02197265625], [-123.81714, 48.13686, -5540.40380859375]]], [[[-123.83443, 48.14576, -6361.12646484375], [-123.82944, 48.14011, -5541.02197265625], [-123.82099, 48.14269, -6403.69189453125], [-123.83443, 48.14576, -6361.12646484375]]], [[[-123.29288, 48.18896, -32103.701171875], [-123.28563, 48.19238, -32897.9375], [-123.30039, 48.19418, -32869.38671875], [-123.29288, 48.18896, -32103.701171875]]], [[[-123.83443, 48.14576, -6361.12646484375], [-123.84307, 48.14308, -5509.09521484375], [-123.82944, 48.14011, -5541.02197265625], [-123.83443, 48.14576, -6361.12646484375]]], [[[-123.29288, 48.18896, -32103.701171875], [-123.30039, 48.19418, -32869.38671875], [-123.30822, 48.19104, -32032.794921875], [-123.29288, 48.18896, -32103.701171875]]], [[[-123.8478, 48.14901, -6357.58447265625], [-123.85603, 48.14647, -5479.1953125], [-123.84307, 48.14308, -5509.09521484375], [-123.8478, 48.14901, -6357.58447265625]]], [[[-123.3579, 48.20936, -33625.79296875], [-123.35009, 48.21256, -34461.9140625], [-123.36332, 48.21448, -34444.9375], [-123.3579, 48.20936, -33625.79296875]]], [[[-123.86011, 48.15266, -6400.52197265625], [-123.84988, 48.15491, -7324.248046875], [-123.86126, 48.1577, -7265.60888671875], [-123.86011, 48.15266, -6400.52197265625]]], [[[-123.30822, 48.19104, -32032.794921875], [-123.30039, 48.19418, -32869.38671875], [-123.31422, 48.19659, -32842.5546875], [-123.30822, 48.19104, -32032.794921875]]], [[[-123.86126, 48.1577, -7265.60888671875], [-123.87195, 48.15748, -6753.00439453125], [-123.86011, 48.15266, -6400.52197265625], [-123.86126, 48.1577, -7265.60888671875]]], [[[-123.87483, 48.1537, -5933.80419921875], [-123.86696, 48.14941, -5494.4814453125], [-123.86011, 48.15266, -6400.52197265625], [-123.87483, 48.1537, -5933.80419921875]]], [[[-123.45475, 48.2308, -34336.46875], [-123.44998, 48.22539, -33511.78125], [-123.44184, 48.22807, -34351.453125], [-123.45475, 48.2308, -34336.46875]]], [[[-123.85603, 48.16097, -8101.4248046875], [-123.87013, 48.16235, -7724.49072265625], [-123.86126, 48.1577, -7265.60888671875], [-123.85603, 48.16097, -8101.4248046875]]], [[[-123.37119, 48.21127, -33605.2890625], [-123.3579, 48.20936, -33625.79296875], [-123.36332, 48.21448, -34444.9375], [-123.37119, 48.21127, -33605.2890625]]], [[[-123.84988, 48.15491, -7324.248046875], [-123.85603, 48.16097, -8101.4248046875], [-123.86126, 48.1577, -7265.60888671875], [-123.84988, 48.15491, -7324.248046875]]], [[[-123.27582, 48.18719, -32020.859375], [-123.27193, 48.1918, -32913.4140625], [-123.28563, 48.19238, -32897.9375], [-123.27582, 48.18719, -32020.859375]]], [[[-123.84988, 48.15491, -7324.248046875], [-123.84287, 48.15909, -8434.1689453125], [-123.85603, 48.16097, -8101.4248046875], [-123.84988, 48.15491, -7324.248046875]]], [[[-123.84287, 48.15909, -8434.1689453125], [-123.84988, 48.15491, -7324.248046875], [-123.83939, 48.15183, -7273.38818359375], [-123.84287, 48.15909, -8434.1689453125]]], [[[-123.40515, 48.21279, -32708.94921875], [-123.3972, 48.21615, -33574.24609375], [-123.41065, 48.21811, -33558.28515625], [-123.40515, 48.21279, -32708.94921875]]], [[[-123.84287, 48.15909, -8434.1689453125], [-123.83939, 48.15183, -7273.38818359375], [-123.83134, 48.15422, -8048.06103515625], [-123.84287, 48.15909, -8434.1689453125]]], [[[-123.27193, 48.1918, -32913.4140625], [-123.26452, 48.1961, -33773.92578125], [-123.27845, 48.1962, -33743.5546875], [-123.27193, 48.1918, -32913.4140625]]], [[[-123.83134, 48.15422, -8048.06103515625], [-123.82779, 48.15866, -9012.3857421875], [-123.84287, 48.15909, -8434.1689453125], [-123.83134, 48.15422, -8048.06103515625]]], [[[-123.38461, 48.21389, -33587.4921875], [-123.39241, 48.21081, -32701.037109375], [-123.37953, 48.20821, -32752.00390625], [-123.38461, 48.21389, -33587.4921875]]], [[[-123.82779, 48.15866, -9012.3857421875], [-123.83134, 48.15422, -8048.06103515625], [-123.81819, 48.15161, -8163.11767578125], [-123.82779, 48.15866, -9012.3857421875]]], [[[-123.81014, 48.15378, -8978.283203125], [-123.82779, 48.15866, -9012.3857421875], [-123.81819, 48.15161, -8163.11767578125], [-123.81014, 48.15378, -8978.283203125]]], [[[-123.8158, 48.15906, -9633.2529296875], [-123.82779, 48.15866, -9012.3857421875], [-123.81014, 48.15378, -8978.283203125], [-123.8158, 48.15906, -9633.2529296875]]], [[[-123.8158, 48.15906, -9633.2529296875], [-123.82675, 48.16417, -10069.6435546875], [-123.82779, 48.15866, -9012.3857421875], [-123.8158, 48.15906, -9633.2529296875]]], [[[-123.89105, 48.154, -5652.8291015625], [-123.87957, 48.14961, -4976.79638671875], [-123.87483, 48.1537, -5933.80419921875], [-123.89105, 48.154, -5652.8291015625]]], [[[-123.47529, 48.22882, -33482.49609375], [-123.46248, 48.22753, -33493.2109375], [-123.46802, 48.23259, -34320.4765625], [-123.47529, 48.22882, -33482.49609375]]], [[[-123.81318, 48.16324, -10518.23828125], [-123.82675, 48.16417, -10069.6435546875], [-123.8158, 48.15906, -9633.2529296875], [-123.81318, 48.16324, -10518.23828125]]], [[[-123.27527, 48.18232, -31012.888671875], [-123.26236, 48.18405, -31358.28125], [-123.27582, 48.18719, -32020.859375], [-123.27527, 48.18232, -31012.888671875]]], [[[-123.81318, 48.16324, -10518.23828125], [-123.80606, 48.16753, -11670.7861328125], [-123.81958, 48.16862, -11203.052734375], [-123.81318, 48.16324, -10518.23828125]]], [[[-123.30057, 48.18571, -31266.81640625], [-123.29288, 48.18896, -32103.701171875], [-123.30822, 48.19104, -32032.794921875], [-123.30057, 48.18571, -31266.81640625]]], [[[-123.81318, 48.16324, -10518.23828125], [-123.80224, 48.16113, -10779.2216796875], [-123.80606, 48.16753, -11670.7861328125], [-123.81318, 48.16324, -10518.23828125]]], [[[-123.27715, 48.17791, -30134.662109375], [-123.26543, 48.1753, -29596.529296875], [-123.26383, 48.17965, -30472.740234375], [-123.27715, 48.17791, -30134.662109375]]], [[[-123.79112, 48.15768, -10701.0029296875], [-123.80224, 48.16113, -10779.2216796875], [-123.80198, 48.15609, -9903.5166015625], [-123.79112, 48.15768, -10701.0029296875]]], [[[-123.80224, 48.16113, -10779.2216796875], [-123.79112, 48.15768, -10701.0029296875], [-123.79442, 48.16262, -11469.1796875], [-123.80224, 48.16113, -10779.2216796875]]], [[[-123.79442, 48.16262, -11469.1796875], [-123.80606, 48.16753, -11670.7861328125], [-123.80224, 48.16113, -10779.2216796875], [-123.79442, 48.16262, -11469.1796875]]], [[[-123.27193, 48.1918, -32913.4140625], [-123.26075, 48.18833, -32220.6171875], [-123.2587, 48.19241, -33047.12109375], [-123.27193, 48.1918, -32913.4140625]]], [[[-123.79442, 48.16262, -11469.1796875], [-123.79231, 48.1667, -12306.3583984375], [-123.80606, 48.16753, -11670.7861328125], [-123.79442, 48.16262, -11469.1796875]]], [[[-123.79112, 48.15768, -10701.0029296875], [-123.78194, 48.16089, -11689.453125], [-123.79442, 48.16262, -11469.1796875], [-123.79112, 48.15768, -10701.0029296875]]], [[[-123.53421, 48.21718, -30049.701171875], [-123.52577, 48.22035, -30893.513671875], [-123.53948, 48.22211, -30882.724609375], [-123.53421, 48.21718, -30049.701171875]]], [[[-123.77069, 48.15731, -11734.27734375], [-123.77906, 48.15485, -10796.0400390625], [-123.76745, 48.15177, -10821.51953125], [-123.77069, 48.15731, -11734.27734375]]], [[[-123.48894, 48.22974, -33467.85546875], [-123.48149, 48.23349, -34303.71875], [-123.4949, 48.23473, -34287.2421875], [-123.48894, 48.22974, -33467.85546875]]], [[[-123.75827, 48.15383, -11491.6826171875], [-123.77069, 48.15731, -11734.27734375], [-123.76745, 48.15177, -10821.51953125], [-123.75827, 48.15383, -11491.6826171875]]], [[[-123.74762, 48.15062, -11309.427734375], [-123.75827, 48.15383, -11491.6826171875], [-123.75524, 48.14889, -10696.513671875], [-123.74762, 48.15062, -11309.427734375]]], [[[-123.36995, 48.04734, -2859.171630859375], [-123.36405, 48.04178, -2089.52099609375], [-123.35547, 48.04421, -2914.48046875], [-123.36995, 48.04734, -2859.171630859375]]], [[[-123.7451, 48.14619, -10564.1123046875], [-123.74762, 48.15062, -11309.427734375], [-123.75524, 48.14889, -10696.513671875], [-123.7451, 48.14619, -10564.1123046875]]], [[[-123.95206, 48.13487, -566.2015380859375], [-123.962, 48.134, 81.21499633789062], [-123.95007, 48.12995, 157.83314514160156], [-123.95206, 48.13487, -566.2015380859375]]], [[[-123.55038, 48.23183, -32573.263671875], [-123.54232, 48.23544, -33414.07421875], [-123.55606, 48.23702, -33399.82421875], [-123.55038, 48.23183, -32573.263671875]]], [[[-123.73976, 48.14847, -11252.09765625], [-123.7451, 48.14619, -10564.1123046875], [-123.7347, 48.14419, -10722.4755859375], [-123.73976, 48.14847, -11252.09765625]]], [[[-123.72836, 48.14721, -11534.935546875], [-123.7347, 48.14419, -10722.4755859375], [-123.72226, 48.14195, -10808.7119140625], [-123.72836, 48.14721, -11534.935546875]]], [[[-123.55329, 48.09132, -5595.6474609375], [-123.56174, 48.08768, -4790.98291015625], [-123.54734, 48.0865, -4745.94970703125], [-123.55329, 48.09132, -5595.6474609375]]], [[[-123.71076, 48.13937, -10855.5673828125], [-123.71516, 48.14507, -11693.8388671875], [-123.72226, 48.14195, -10808.7119140625], [-123.71076, 48.13937, -10855.5673828125]]], [[[-123.94148, 48.13131, -667.3129272460938], [-123.95206, 48.13487, -566.2015380859375], [-123.95007, 48.12995, 157.83314514160156], [-123.94148, 48.13131, -667.3129272460938]]], [[[-123.70293, 48.14228, -11696.7373046875], [-123.71076, 48.13937, -10855.5673828125], [-123.69851, 48.13701, -10845.708984375], [-123.70293, 48.14228, -11696.7373046875]]], [[[-123.51398, 48.0912, -6298.208984375], [-123.52344, 48.08788, -5492.81396484375], [-123.50857, 48.08588, -5420.4033203125], [-123.51398, 48.0912, -6298.208984375]]], [[[-123.50251, 48.23137, -33443.4921875], [-123.4949, 48.23473, -34287.2421875], [-123.50823, 48.23627, -34272.515625], [-123.50251, 48.23137, -33443.4921875]]], [[[-123.70293, 48.14228, -11696.7373046875], [-123.69851, 48.13701, -10845.708984375], [-123.69136, 48.14014, -11722.7275390625], [-123.70293, 48.14228, -11696.7373046875]]], [[[-123.56641, 48.22504, -30863.6328125], [-123.55283, 48.2232, -30880.041015625], [-123.55807, 48.22835, -31709.677734375], [-123.56641, 48.22504, -30863.6328125]]], [[[-123.69851, 48.13701, -10845.708984375], [-123.71076, 48.13937, -10855.5673828125], [-123.7065, 48.13386, -10007.3916015625], [-123.69851, 48.13701, -10845.708984375]]], [[[-123.47529, 48.22882, -33482.49609375], [-123.46802, 48.23259, -34320.4765625], [-123.48149, 48.23349, -34303.71875], [-123.47529, 48.22882, -33482.49609375]]], [[[-123.69851, 48.13701, -10845.708984375], [-123.7065, 48.13386, -10007.3916015625], [-123.69437, 48.13146, -9995.7353515625], [-123.69851, 48.13701, -10845.708984375]]], [[[-123.7065, 48.13386, -10007.3916015625], [-123.70226, 48.1285, -9133.3564453125], [-123.69437, 48.13146, -9995.7353515625], [-123.7065, 48.13386, -10007.3916015625]]], [[[-123.81897, 48.1232, -3006.679931640625], [-123.83018, 48.12648, -3017.937255859375], [-123.82719, 48.12107, -2168.497314453125], [-123.81897, 48.1232, -3006.679931640625]]], [[[-123.53113, 48.22555, -31718.9765625], [-123.52359, 48.22899, -32588.73828125], [-123.53679, 48.23057, -32554.8828125], [-123.53113, 48.22555, -31718.9765625]]], [[[-123.72942, 48.13882, -9944.982421875], [-123.72538, 48.13326, -9081.58203125], [-123.71762, 48.13615, -9954.37890625], [-123.72942, 48.13882, -9944.982421875]]], [[[-123.58464, 48.23133, -31682.4609375], [-123.59016, 48.23637, -32505.96875], [-123.59795, 48.23263, -31668.158203125], [-123.58464, 48.23133, -31682.4609375]]], [[[-123.72538, 48.13326, -9081.58203125], [-123.72942, 48.13882, -9944.982421875], [-123.73681, 48.13552, -9044.2783203125], [-123.72538, 48.13326, -9081.58203125]]], [[[-123.48894, 48.22974, -33467.85546875], [-123.47529, 48.22882, -33482.49609375], [-123.48149, 48.23349, -34303.71875], [-123.48894, 48.22974, -33467.85546875]]], [[[-123.73256, 48.1299, -8177.22607421875], [-123.72538, 48.13326, -9081.58203125], [-123.73681, 48.13552, -9044.2783203125], [-123.73256, 48.1299, -8177.22607421875]]], [[[-123.53679, 48.23057, -32554.8828125], [-123.5293, 48.23425, -33416.5625], [-123.54232, 48.23544, -33414.07421875], [-123.53679, 48.23057, -32554.8828125]]], [[[-123.71357, 48.13051, -9111.5810546875], [-123.72538, 48.13326, -9081.58203125], [-123.72126, 48.12762, -8232.6220703125], [-123.71357, 48.13051, -9111.5810546875]]], [[[-123.50251, 48.23137, -33443.4921875], [-123.50823, 48.23627, -34272.515625], [-123.51572, 48.23254, -33440.91796875], [-123.50251, 48.23137, -33443.4921875]]], [[[-123.71357, 48.13051, -9111.5810546875], [-123.72126, 48.12762, -8232.6220703125], [-123.70954, 48.12499, -8249.3564453125], [-123.71357, 48.13051, -9111.5810546875]]], [[[-123.70954, 48.12499, -8249.3564453125], [-123.71722, 48.12184, -7364.68212890625], [-123.70516, 48.11958, -7371.34375], [-123.70954, 48.12499, -8249.3564453125]]], [[[-123.70516, 48.11958, -7371.34375], [-123.71722, 48.12184, -7364.68212890625], [-123.71296, 48.11623, -6500.4267578125], [-123.70516, 48.11958, -7371.34375]]], [[[-123.30822, 48.19104, -32032.794921875], [-123.31422, 48.19659, -32842.5546875], [-123.32182, 48.19361, -31968.06640625], [-123.30822, 48.19104, -32032.794921875]]], [[[-123.77766, 48.12112, -4754.6552734375], [-123.78599, 48.11833, -3918.445556640625], [-123.77348, 48.11598, -3895.180419921875], [-123.77766, 48.12112, -4754.6552734375]]], [[[-123.79032, 48.12433, -4704.78173828125], [-123.79874, 48.12216, -3858.264892578125], [-123.78599, 48.11833, -3918.445556640625], [-123.79032, 48.12433, -4704.78173828125]]], [[[-123.35531, 48.19544, -31057.47265625], [-123.34787, 48.19844, -31936.685546875], [-123.36081, 48.20069, -31894.69140625], [-123.35531, 48.19544, -31057.47265625]]], [[[-123.80251, 48.12763, -4703.18359375], [-123.79874, 48.12216, -3858.264892578125], [-123.79032, 48.12433, -4704.78173828125], [-123.80251, 48.12763, -4703.18359375]]], [[[-123.37688, 48.19435, -30226.966796875], [-123.36346, 48.19239, -30238.986328125], [-123.369, 48.19754, -31061.8671875], [-123.37688, 48.19435, -30226.966796875]]], [[[-123.77348, 48.11598, -3895.180419921875], [-123.78171, 48.11287, -3088.17578125], [-123.76925, 48.11069, -3058.587646484375], [-123.77348, 48.11598, -3895.180419921875]]], [[[-123.37394, 48.20281, -31919.060546875], [-123.36567, 48.20598, -32761.009765625], [-123.37953, 48.20821, -32752.00390625], [-123.37394, 48.20281, -31919.060546875]]], [[[-123.76066, 48.11329, -3871.232177734375], [-123.77348, 48.11598, -3895.180419921875], [-123.76925, 48.11069, -3058.587646484375], [-123.76066, 48.11329, -3871.232177734375]]], [[[-123.72434, 48.10474, -3919.349609375], [-123.73658, 48.10766, -3915.028076171875], [-123.73249, 48.10219, -3080.797607421875], [-123.72434, 48.10474, -3919.349609375]]], [[[-123.72831, 48.1103, -4751.34375], [-123.73658, 48.10766, -3915.028076171875], [-123.72434, 48.10474, -3919.349609375], [-123.72831, 48.1103, -4751.34375]]], [[[-123.72434, 48.10474, -3919.349609375], [-123.73249, 48.10219, -3080.797607421875], [-123.71964, 48.09923, -3107.17822265625], [-123.72434, 48.10474, -3919.349609375]]], [[[-123.75656, 48.10782, -3041.5048828125], [-123.75229, 48.10214, -2237.66357421875], [-123.74429, 48.10473, -3071.571044921875], [-123.75656, 48.10782, -3041.5048828125]]], [[[-123.38955, 48.19679, -30210.208984375], [-123.37688, 48.19435, -30226.966796875], [-123.38176, 48.19962, -31067.01171875], [-123.38955, 48.19679, -30210.208984375]]], [[[-123.44004, 48.21436, -31823.58203125], [-123.43501, 48.20913, -30979.673828125], [-123.42656, 48.21221, -31803.666015625], [-123.44004, 48.21436, -31823.58203125]]], [[[-123.76925, 48.11069, -3058.587646484375], [-123.76508, 48.10535, -2225.142822265625], [-123.75656, 48.10782, -3041.5048828125], [-123.76925, 48.11069, -3058.587646484375]]], [[[-123.75675, 48.12158, -5561.79541015625], [-123.76489, 48.11869, -4714.27001953125], [-123.75259, 48.11598, -4720.26025390625], [-123.75675, 48.12158, -5561.79541015625]]], [[[-123.30443, 48.18145, -30346.005859375], [-123.29077, 48.17674, -29780.9609375], [-123.28917, 48.18104, -30637.57421875], [-123.30443, 48.18145, -30346.005859375]]], [[[-123.76539, 48.13263, -7281.216796875], [-123.76946, 48.138, -8164.69091796875], [-123.77778, 48.13478, -7317.96826171875], [-123.76539, 48.13263, -7281.216796875]]], [[[-123.77378, 48.12946, -6435.79296875], [-123.76539, 48.13263, -7281.216796875], [-123.77778, 48.13478, -7317.96826171875], [-123.77378, 48.12946, -6435.79296875]]], [[[-123.77778, 48.13478, -7317.96826171875], [-123.78582, 48.13251, -6430.55419921875], [-123.77378, 48.12946, -6435.79296875], [-123.77778, 48.13478, -7317.96826171875]]], [[[-123.28643, 48.18486, -31418.01171875], [-123.27582, 48.18719, -32020.859375], [-123.29288, 48.18896, -32103.701171875], [-123.28643, 48.18486, -31418.01171875]]], [[[-123.78582, 48.13251, -6430.55419921875], [-123.77778, 48.13478, -7317.96826171875], [-123.78853, 48.13843, -7306.001953125], [-123.78582, 48.13251, -6430.55419921875]]], [[[-123.79691, 48.13577, -6434.55029296875], [-123.78853, 48.13843, -7306.001953125], [-123.80054, 48.14135, -7304.91015625], [-123.79691, 48.13577, -6434.55029296875]]], [[[-123.79219, 48.1442, -8181.93212890625], [-123.80054, 48.14135, -7304.91015625], [-123.78853, 48.13843, -7306.001953125], [-123.79219, 48.1442, -8181.93212890625]]], [[[-123.87195, 48.15748, -6753.00439453125], [-123.87013, 48.16235, -7724.49072265625], [-123.87986, 48.16143, -7259.70703125], [-123.87195, 48.15748, -6753.00439453125]]], [[[-123.7758, 48.14886, -9943.1455078125], [-123.78376, 48.14663, -9050.53125], [-123.7723, 48.14326, -9083.529296875], [-123.7758, 48.14886, -9943.1455078125]]], [[[-123.7879, 48.15253, -9891.6640625], [-123.79651, 48.15001, -9064.75390625], [-123.78376, 48.14663, -9050.53125], [-123.7879, 48.15253, -9891.6640625]]], [[[-123.85938, 48.12492, -1405.602783203125], [-123.86881, 48.12312, -621.3745727539062], [-123.85543, 48.11931, -585.8387451171875], [-123.85938, 48.12492, -1405.602783203125]]], [[[-123.80198, 48.15609, -9903.5166015625], [-123.81014, 48.15378, -8978.283203125], [-123.79651, 48.15001, -9064.75390625], [-123.80198, 48.15609, -9903.5166015625]]], [[[-123.80198, 48.15609, -9903.5166015625], [-123.8158, 48.15906, -9633.2529296875], [-123.81014, 48.15378, -8978.283203125], [-123.80198, 48.15609, -9903.5166015625]]], [[[-123.8158, 48.15906, -9633.2529296875], [-123.80198, 48.15609, -9903.5166015625], [-123.81318, 48.16324, -10518.23828125], [-123.8158, 48.15906, -9633.2529296875]]], [[[-123.81014, 48.15378, -8978.283203125], [-123.81819, 48.15161, -8163.11767578125], [-123.80474, 48.14732, -8176.1123046875], [-123.81014, 48.15378, -8978.283203125]]], [[[-123.81819, 48.15161, -8163.11767578125], [-123.82583, 48.14843, -7228.4765625], [-123.81275, 48.14519, -7293.73388671875], [-123.81819, 48.15161, -8163.11767578125]]], [[[-123.83939, 48.15183, -7273.38818359375], [-123.8478, 48.14901, -6357.58447265625], [-123.83443, 48.14576, -6361.12646484375], [-123.83939, 48.15183, -7273.38818359375]]], [[[-123.82583, 48.14843, -7228.4765625], [-123.82099, 48.14269, -6403.69189453125], [-123.81275, 48.14519, -7293.73388671875], [-123.82583, 48.14843, -7228.4765625]]], [[[-123.79112, 48.15768, -10701.0029296875], [-123.80198, 48.15609, -9903.5166015625], [-123.7879, 48.15253, -9891.6640625], [-123.79112, 48.15768, -10701.0029296875]]], [[[-123.76745, 48.15177, -10821.51953125], [-123.7758, 48.14886, -9943.1455078125], [-123.76407, 48.14658, -9931.28515625], [-123.76745, 48.15177, -10821.51953125]]], [[[-123.76407, 48.14658, -9931.28515625], [-123.75524, 48.14889, -10696.513671875], [-123.76745, 48.15177, -10821.51953125], [-123.76407, 48.14658, -9931.28515625]]], [[[-123.7451, 48.14619, -10564.1123046875], [-123.75283, 48.14392, -9864.4599609375], [-123.74102, 48.14115, -9865.6220703125], [-123.7451, 48.14619, -10564.1123046875]]], [[[-123.7347, 48.14419, -10722.4755859375], [-123.7451, 48.14619, -10564.1123046875], [-123.74102, 48.14115, -9865.6220703125], [-123.7347, 48.14419, -10722.4755859375]]], [[[-123.7347, 48.14419, -10722.4755859375], [-123.74102, 48.14115, -9865.6220703125], [-123.72942, 48.13882, -9944.982421875], [-123.7347, 48.14419, -10722.4755859375]]], [[[-123.72942, 48.13882, -9944.982421875], [-123.72226, 48.14195, -10808.7119140625], [-123.7347, 48.14419, -10722.4755859375], [-123.72942, 48.13882, -9944.982421875]]], [[[-123.71762, 48.13615, -9954.37890625], [-123.71076, 48.13937, -10855.5673828125], [-123.72226, 48.14195, -10808.7119140625], [-123.71762, 48.13615, -9954.37890625]]], [[[-123.74102, 48.14115, -9865.6220703125], [-123.73681, 48.13552, -9044.2783203125], [-123.72942, 48.13882, -9944.982421875], [-123.74102, 48.14115, -9865.6220703125]]], [[[-123.74102, 48.14115, -9865.6220703125], [-123.74907, 48.13867, -9018.0478515625], [-123.73681, 48.13552, -9044.2783203125], [-123.74102, 48.14115, -9865.6220703125]]], [[[-123.75283, 48.14392, -9864.4599609375], [-123.74907, 48.13867, -9018.0478515625], [-123.74102, 48.14115, -9865.6220703125], [-123.75283, 48.14392, -9864.4599609375]]], [[[-123.73681, 48.13552, -9044.2783203125], [-123.74466, 48.13287, -8181.9775390625], [-123.73256, 48.1299, -8177.22607421875], [-123.73681, 48.13552, -9044.2783203125]]], [[[-123.74466, 48.13287, -8181.9775390625], [-123.75291, 48.13016, -7298.61328125], [-123.74075, 48.12703, -7320.8251953125], [-123.74466, 48.13287, -8181.9775390625]]], [[[-123.3297, 48.14103, -21914.40234375], [-123.34121, 48.14584, -22314.341796875], [-123.3428, 48.14146, -21439.595703125], [-123.3297, 48.14103, -21914.40234375]]], [[[-123.75746, 48.13573, -8164.7705078125], [-123.75291, 48.13016, -7298.61328125], [-123.74466, 48.13287, -8181.9775390625], [-123.75746, 48.13573, -8164.7705078125]]], [[[-123.74893, 48.12446, -6442.5390625], [-123.74075, 48.12703, -7320.8251953125], [-123.75291, 48.13016, -7298.61328125], [-123.74893, 48.12446, -6442.5390625]]], [[[-123.80606, 48.16753, -11670.7861328125], [-123.79231, 48.1667, -12306.3583984375], [-123.80323, 48.17244, -12719.931640625], [-123.80606, 48.16753, -11670.7861328125]]], [[[-123.54232, 48.23544, -33414.07421875], [-123.55038, 48.23183, -32573.263671875], [-123.53679, 48.23057, -32554.8828125], [-123.54232, 48.23544, -33414.07421875]]], [[[-123.52577, 48.22035, -30893.513671875], [-123.51236, 48.21912, -30897.76171875], [-123.51802, 48.22394, -31745.03515625], [-123.52577, 48.22035, -30893.513671875]]], [[[-123.81958, 48.16862, -11203.052734375], [-123.83003, 48.17394, -11732.994140625], [-123.83308, 48.16923, -10738.080078125], [-123.81958, 48.16862, -11203.052734375]]], [[[-123.82675, 48.16417, -10069.6435546875], [-123.81958, 48.16862, -11203.052734375], [-123.83308, 48.16923, -10738.080078125], [-123.82675, 48.16417, -10069.6435546875]]], [[[-123.83308, 48.16923, -10738.080078125], [-123.84567, 48.17029, -10327.46484375], [-123.84128, 48.16485, -9558.931640625], [-123.83308, 48.16923, -10738.080078125]]], [[[-123.85784, 48.17075, -9800.5], [-123.84128, 48.16485, -9558.931640625], [-123.84567, 48.17029, -10327.46484375], [-123.85784, 48.17075, -9800.5]]], [[[-123.85784, 48.17075, -9800.5], [-123.8549, 48.16564, -9004.1201171875], [-123.84128, 48.16485, -9558.931640625], [-123.85784, 48.17075, -9800.5]]], [[[-123.26452, 48.1961, -33773.92578125], [-123.27193, 48.1918, -32913.4140625], [-123.2587, 48.19241, -33047.12109375], [-123.26452, 48.1961, -33773.92578125]]], [[[-123.87173, 48.17105, -9244.6142578125], [-123.8549, 48.16564, -9004.1201171875], [-123.85784, 48.17075, -9800.5], [-123.87173, 48.17105, -9244.6142578125]]], [[[-123.85655, 48.17567, -10756.6982421875], [-123.86962, 48.17621, -10281.58203125], [-123.85784, 48.17075, -9800.5], [-123.85655, 48.17567, -10756.6982421875]]], [[[-123.88143, 48.17963, -10778.0107421875], [-123.86962, 48.17621, -10281.58203125], [-123.868, 48.18062, -11159.9931640625], [-123.88143, 48.17963, -10778.0107421875]]], [[[-123.87173, 48.17105, -9244.6142578125], [-123.86962, 48.17621, -10281.58203125], [-123.88303, 48.17526, -9904.76953125], [-123.87173, 48.17105, -9244.6142578125]]], [[[-123.87173, 48.17105, -9244.6142578125], [-123.88303, 48.17526, -9904.76953125], [-123.88597, 48.17039, -8914.5126953125], [-123.87173, 48.17105, -9244.6142578125]]], [[[-123.87195, 48.15748, -6753.00439453125], [-123.87986, 48.16143, -7259.70703125], [-123.88431, 48.15747, -6424.88916015625], [-123.87195, 48.15748, -6753.00439453125]]], [[[-123.87483, 48.1537, -5933.80419921875], [-123.86011, 48.15266, -6400.52197265625], [-123.87195, 48.15748, -6753.00439453125], [-123.87483, 48.1537, -5933.80419921875]]], [[[-123.32182, 48.19361, -31968.06640625], [-123.32706, 48.19915, -32799.49609375], [-123.33525, 48.19598, -31959.822265625], [-123.32182, 48.19361, -31968.06640625]]], [[[-123.79043, 48.1106, -2276.302734375], [-123.79831, 48.10854, -1418.9007568359375], [-123.78635, 48.10498, -1472.52685546875], [-123.79043, 48.1106, -2276.302734375]]], [[[-123.71964, 48.09923, -3107.17822265625], [-123.71552, 48.09405, -2263.387939453125], [-123.70723, 48.09689, -3078.552978515625], [-123.71964, 48.09923, -3107.17822265625]]], [[[-123.88597, 48.17039, -8914.5126953125], [-123.89879, 48.16876, -8665.6962890625], [-123.89222, 48.16606, -8038.0009765625], [-123.88597, 48.17039, -8914.5126953125]]], [[[-123.91143, 48.16774, -8338.4814453125], [-123.92293, 48.17161, -8794.994140625], [-123.92453, 48.16723, -7922.5625], [-123.91143, 48.16774, -8338.4814453125]]], [[[-123.92453, 48.16723, -7922.5625], [-123.93688, 48.16814, -7411.02880859375], [-123.92613, 48.16285, -7050.125], [-123.92453, 48.16723, -7922.5625]]], [[[-123.92453, 48.16723, -7922.5625], [-123.93528, 48.17251, -8283.9169921875], [-123.93688, 48.16814, -7411.02880859375], [-123.92453, 48.16723, -7922.5625]]], [[[-123.92453, 48.16723, -7922.5625], [-123.92293, 48.17161, -8794.994140625], [-123.93528, 48.17251, -8283.9169921875], [-123.92453, 48.16723, -7922.5625]]], [[[-123.38668, 48.13324, -18326.35546875], [-123.37299, 48.1331, -18777.625], [-123.38509, 48.13761, -19201.65234375], [-123.38668, 48.13324, -18326.35546875]]], [[[-123.92933, 48.15408, -5305.267578125], [-123.94007, 48.15938, -5665.2470703125], [-123.94166, 48.15501, -4792.357421875], [-123.92933, 48.15408, -5305.267578125]]], [[[-123.95206, 48.13487, -566.2015380859375], [-123.9604, 48.13839, -790.4873046875], [-123.962, 48.134, 81.21499633789062], [-123.95206, 48.13487, -566.2015380859375]]], [[[-123.90614, 48.13638, -2165.09619140625], [-123.91408, 48.13283, -1530.5230712890625], [-123.9017, 48.133, -1423.1207275390625], [-123.90614, 48.13638, -2165.09619140625]]], [[[-123.89366, 48.13567, -2048.087890625], [-123.9017, 48.133, -1423.1207275390625], [-123.88698, 48.13184, -1397.8675537109375], [-123.89366, 48.13567, -2048.087890625]]], [[[-123.8639, 48.13063, -2213.802978515625], [-123.87876, 48.13423, -2199.235107421875], [-123.87273, 48.12861, -1440.1396484375], [-123.8639, 48.13063, -2213.802978515625]]], [[[-123.64265, 48.09682, -4769.25732421875], [-123.65018, 48.09313, -3940.23486328125], [-123.6367, 48.09189, -3947.12353515625], [-123.64265, 48.09682, -4769.25732421875]]], [[[-123.55893, 48.09618, -6473.2421875], [-123.57337, 48.09813, -6448.61669921875], [-123.56727, 48.09292, -5623.6220703125], [-123.55893, 48.09618, -6473.2421875]]], [[[-123.52909, 48.09278, -6386.5556640625], [-123.53833, 48.08951, -5570.53125], [-123.52344, 48.08788, -5492.81396484375], [-123.52909, 48.09278, -6386.5556640625]]], [[[-123.52344, 48.08788, -5492.81396484375], [-123.53833, 48.08951, -5570.53125], [-123.53253, 48.08439, -4716.04736328125], [-123.52344, 48.08788, -5492.81396484375]]], [[[-123.29796, 48.12113, -18759.3125], [-123.31129, 48.1197, -18402.45703125], [-123.29956, 48.11677, -17884.291015625], [-123.29796, 48.12113, -18759.3125]]], [[[-123.33737, 48.18744, -30281.220703125], [-123.3296, 48.19066, -31117.126953125], [-123.34299, 48.19283, -31106.70703125], [-123.33737, 48.18744, -30281.220703125]]], [[[-123.32256, 48.185, -30343.107421875], [-123.33017, 48.18183, -29441.818359375], [-123.3157, 48.1803, -29773.40625], [-123.32256, 48.185, -30343.107421875]]], [[[-123.30443, 48.18145, -30346.005859375], [-123.30057, 48.18571, -31266.81640625], [-123.31479, 48.18751, -31142.578125], [-123.30443, 48.18145, -30346.005859375]]], [[[-123.30822, 48.19104, -32032.794921875], [-123.31479, 48.18751, -31142.578125], [-123.30057, 48.18571, -31266.81640625], [-123.30822, 48.19104, -32032.794921875]]], [[[-123.35531, 48.19544, -31057.47265625], [-123.36081, 48.20069, -31894.69140625], [-123.369, 48.19754, -31061.8671875], [-123.35531, 48.19544, -31057.47265625]]], [[[-123.27527, 48.18232, -31012.888671875], [-123.27715, 48.17791, -30134.662109375], [-123.26383, 48.17965, -30472.740234375], [-123.27527, 48.18232, -31012.888671875]]], [[[-123.27582, 48.18719, -32020.859375], [-123.26075, 48.18833, -32220.6171875], [-123.27193, 48.1918, -32913.4140625], [-123.27582, 48.18719, -32020.859375]]], [[[-123.51, 48.22765, -32581.931640625], [-123.49672, 48.22615, -32610.583984375], [-123.50251, 48.23137, -33443.4921875], [-123.51, 48.22765, -32581.931640625]]]]}}]}